1.0,-0.07039565678579718,0.005108748690826335,-0.15602973965924652,0.017779945131727544,-0.13382676933917584,0.0014693179503417783,-0.1062777456634608,-0.007650204115069668,-0.09167961653016599,-0.009338032270888311,-0.08931488669491135,-0.00948899138845219,-0.08823251214201047,-0.01028761569140901,-0.08686135005686682,-0.010267370924406537,-0.04588873593384058,-0.0048315057110914755,-0.08730292301613841,-0.00920980961786833,-0.08820598494503228,-0.009376031698110849,-0.09150885529691083,-0.010713400365491857,-0.09037129405503501,-0.009110945312859525,-0.09730745498669005,-0.008554737045914978,-0.09641229690779063,-0.009286107837870301,-0.09305896073964261,-0.008354984475378113,-0.1124199216753936,-0.0017539659163884832,-0.12136671403385281,-0.0011324291090058266,-0.06792124889151087,-0.010817351406954907,-0.062105212656287,-0.013557299948396438,-0.08110571448785843,-0.009078837617969895,-0.06591362702837154,-0.007927891131239215,-0.06530499716292165,-0.0086550980997217,-0.08957189020303238,-0.009622872744528362,-0.20344317739141174,0.07655539571956824,-0.14168404541472793,0.02338554015686299,-0.1306438826510089,0.009789885422452493,-0.10850206320798655,0.008283013485075125,-0.095560698756733,0.00594359611651256,-0.09468068783465088,0.010946848696366078,-0.06540032999877048,-0.007034960866905911,-0.06189099309579755,-0.00643777113874553,-0.04577531551582561,-0.00788985361183026,-0.05352119856056355,-0.012081867484706611,-0.049302504336242114,-0.004553747045842814,-0.041536490772833355,-0.005731819436940667,-0.39930535518345744,0.15762162907716498,-0.06382942612054497,0.0030297204229458355,-0.01688903933127355,-0.00037756814946680216
2.0,-0.020429813154610083,-0.04235831750308744,-0.04647616348776208,-0.09503356995587035,-0.05042605788569491,-0.06848980437592093,-0.04525817049433707,-0.04732016523249334,-0.04020492631049663,-0.039003206496746365,-0.039279297931583225,-0.0378821350857391,-0.03923332586387284,-0.03641076698917707,-0.03863413817829983,-0.03573498473533412,-0.019197255618313185,-0.02029339524562709,-0.038332342623694275,-0.0378742903766867,-0.03879161963217618,-0.037930799740542115,-0.040851466187907644,-0.03895505642990839,-0.03974867515951374,-0.03937168204687817,-0.0428150072479264,-0.04301747764386622,-0.04474508937288984,-0.043435326688466315,-0.04358756702679768,-0.043972131956285965,-0.050038753514427506,-0.05594954297245786,-0.05084230471142628,-0.060712913492046036,-0.03290985550952954,-0.03209003970784414,-0.03173258036800707,-0.028793671011077687,-0.038962615107426095,-0.037363385141197115,-0.0319715555596474,-0.03040418325811679,-0.03175895916310749,-0.030345598483166227,-0.0426961797364497,-0.042516702596864034,-0.0893208065886359,-0.13004485546820313,-0.06601425815947347,-0.08015449397316135,-0.06062650863063959,-0.06894544559495618,-0.053524553551258104,-0.05954384248839576,-0.04684459973257341,-0.05227612627074998,-0.028308932791577954,-0.05762102977314599,-0.029217681293818576,-0.027282368476316307,-0.02722368193971697,-0.026809554626980158,-0.02196659307947595,-0.02195215082074198,-0.027241702705262986,-0.025047336293688466,-0.02452559437591941,-0.021994427071031934,-0.02013235056417874,-0.01942947516927915,-0.11982469380765948,-0.2796101591269307,-0.030760469085997205,-0.03534336402292821,-0.005682872597016297,-0.008977178616091323
3.0,-0.001879232314874471,0.0011990267695428857,-0.00414698398436669,0.002910576964513163,-0.0032678899476856777,0.001720226397509623,-0.002443561966068581,0.0009065462106716,-0.002072117171785009,0.0006514864743501312,-0.00201436202684049,0.0006201588677602304,-0.0019799621464186186,0.0005560203234610476,-0.0019492693186189262,0.0005394639110365137,-0.0010604491358183526,0.0003347017323603888,-0.0019659766006581932,0.0006303413148116827,-0.001986353176075427,0.0006257741450691665,-0.002045463068985394,0.0006055417062831194,-0.0020345050111307415,0.0006684495373012045,-0.00219279258805736,0.0007717398643004652,-0.0021007680162982525,0.0007486045224486016,-0.0020113324191410476,0.0007884094306748424,-0.0025310265349132257,0.001304827100878961,-0.002822255020840245,0.0014424611233640895,-0.001402921416255243,0.0004160447078591658,-0.0012206506908095669,0.0002387551711380645,-0.001703158373586746,0.0005929764775090207,-0.001345045372245607,0.00044948839147624595,-0.0013380461393102624,0.00043523022596171006,-0.001911495089129363,0.0007096272383548192,-0.0047687487666824395,0.005727517711733884,-0.0031802723546149802,0.002747404656278523,-0.0029152367960031365,0.0020133658759840076,-0.00234976786612792,0.001761138443914988,-0.002071906580494362,0.0015133321671246184,-0.0025002079212049578,0.0018512351414830728,-0.001457590545214977,0.00045371669555087797,-0.0013802380633821769,0.00046343320946695194,-0.0009327728602014263,0.0002732908228008043,-0.001021444945445466,0.00018010192105196148,-0.0009376238666001565,0.0003297088343994524,-0.0008308202749857017,0.000287217930724373,-0.010766224736649963,0.011965664251794768,-0.0013867629224219317,0.001019559735186419,-0.00042525057385114906,0.0002006816845921807
4.0,0.002957128534209717,0.0020843603902736775,0.006636142410691253,0.0045215303761526535,0.006189777149910647,0.0035782433693550926,0.0051444828386525065,0.0027213305629798902,0.004482581947804501,0.0023323484344900825,0.0043690580407566085,0.0022792115317622507,0.004341038833880401,0.0022178034181165197,0.004275031637904114,0.0021796863945419583,0.0021969590306815476,0.0012003685355843577,0.004258005863082325,0.0022763734134419946,0.004308716532302615,0.0022819511345134238,0.004503047086250254,0.002370076333578685,0.004415214678615874,0.0023515435611475245,0.004763689402815423,0.0025267675337806435,0.004824967107669852,0.002577609564853316,0.004669810488355899,0.002587788830567467,0.005552307540056203,0.0030198419026620637,0.005850528203077158,0.003247548572165331,0.0034025079225199514,0.0020610808605154986,0.003166985617947461,0.001955051824609063,0.004093353095802281,0.0022769221238677596,0.0033074228120087298,0.0019030073605592539,0.003281276943346993,0.0019111311970583702,0.004526446992960247,0.00254797162527545,0.010144149601734282,0.004678123942280084,0.007204223629430984,0.0035687794895397054,0.006611193227156025,0.0033658199111275765,0.005639711150213909,0.002920018361937552,0.004937457864272502,0.0026121473465241947,0.004020973992108904,0.0028866854829018304,0.00319965470681465,0.0016720247711486426,0.0029839789731430535,0.0016300554864784895,0.0022449552449466345,0.0014694552702331264,0.002670225390064668,0.0017386946350759814,0.002458733371634608,0.0014035028498140657,0.0020226853534581046,0.0012671828331680248,0.01716662634111199,0.01010269456817901,0.0032351333727415857,0.001824978450745589,0.0007392330152188633,0.0004716243513931101
5.0,-0.0006790806101905196,-0.00013498632718452733,-0.0015147809501467894,-0.0002535232720860715,-0.0013322516433636287,-0.0002791743905646605,-0.0010706420655181852,-0.0002662584985415591,-0.0009252079637426597,-0.00024493359797281213,-0.0009010896494666209,-0.000241547680926275,-0.0008923264908744438,-0.00024144497038716572,-0.0008786540632441832,-0.0002382106887494794,-0.00045928200496288295,-0.000125057956897194,-0.0008786599786504516,-0.00023987856608658747,-0.000888678954784377,-0.0002412592268727591,-0.0009246167660903927,-0.00025667601321595996,-0.000910561160204464,-0.00024544959172438457,-0.0009821548863128181,-0.0002564657806886708,-0.0009789949281100664,-0.00026638660914902925,-0.0009448077177909884,-0.0002621498086277501,-0.0011416903034151737,-0.00025490584967258797,-0.0012236596792363807,-0.0002691102871398791,-0.0006808066828247191,-0.00023575421199973558,-0.0006227926074435057,-0.0002449044242559413,-0.0008206399688051931,-0.00024346445347035647,-0.0006596579109797631,-0.0002085382296838882,-0.0006546885862688782,-0.00021201605128046833,-0.0009107347080012972,-0.0002670196652206397,-0.002104302702456583,0.00010249511182103313,-0.0014671406500356742,-0.00014009592993500193,-0.0013459560494110574,-0.00020960622329723353,-0.0011302501880675463,-0.00018045808279707745,-0.0009918120772072234,-0.0001697423751255132,-0.0009166777867112844,-0.00015697131937597066,-0.0006578042415931912,-0.0001768146517086975,-0.0006161614006455563,-0.00017027082887807046,-0.0004504462562134058,-0.00016932453311766725,-0.0005254683119048343,-0.00022149014932877192,-0.00048341335141689615,-0.00015191364213242847,-0.000404906883834369,-0.0001398750136191838,-0.003923346651379631,0.00016005731195438048,-0.0006545542134147245,-0.00012341595445729164,-0.00016352534222095248,-3.8416171307372096e-5
6.0,-0.0006790806101905196,-0.00013498632718452733,-0.0015147809501467894,-0.0002535232720860715,-0.0013322516433636287,-0.0002791743905646605,-0.0010706420655181852,-0.0002662584985415591,-0.0009252079637426597,-0.00024493359797281213,-0.0009010896494666209,-0.000241547680926275,-0.0008923264908744438,-0.00024144497038716572,-0.0008786540632441832,-0.0002382106887494794,-0.00045928200496288295,-0.000125057956897194,-0.0008786599786504516,-0.00023987856608658747,-0.000888678954784377,-0.0002412592268727591,-0.0009246167660903927,-0.00025667601321595996,-0.000910561160204464,-0.00024544959172438457,-0.0009821548863128181,-0.0002564657806886708,-0.0009789949281100664,-0.00026638660914902925,-0.0009448077177909884,-0.0002621498086277501,-0.0011416903034151737,-0.00025490584967258797,-0.0012236596792363807,-0.0002691102871398791,-0.0006808066828247191,-0.00023575421199973558,-0.0006227926074435057,-0.0002449044242559413,-0.0008206399688051931,-0.00024346445347035647,-0.0006596579109797631,-0.0002085382296838882,-0.0006546885862688782,-0.00021201605128046833,-0.0009107347080012972,-0.0002670196652206397,-0.002104302702456583,0.00010249511182103313,-0.0014671406500356742,-0.00014009592993500193,-0.0013459560494110574,-0.00020960622329723353,-0.0011302501880675463,-0.00018045808279707745,-0.0009918120772072234,-0.0001697423751255132,-0.0009166777867112844,-0.00015697131937597066,-0.0006578042415931912,-0.0001768146517086975,-0.0006161614006455563,-0.00017027082887807046,-0.0004504462562134058,-0.00016932453311766725,-0.0005254683119048343,-0.00022149014932877192,-0.00048341335141689615,-0.00015191364213242847,-0.000404906883834369,-0.0001398750136191838,-0.003923346651379631,0.00016005731195438048,-0.0006545542134147245,-0.00012341595445729164,-0.00016352534222095248,-3.8416171307372096e-5
7.0,0.002663581467900534,-0.002550693350646518,0.005862176626797609,-0.006068669689695906,0.004397888865242721,-0.003796557408242145,0.003165049238332203,-0.002204790307957854,0.0026550043139630564,-0.0016817343971417436,0.0025780530443098317,-0.001617408290519419,0.0025234122136883743,-0.00148838681225848,0.002483996429724708,-0.0014496800180238858,0.001378960822664391,-0.0008623813973639983,0.002515891371088461,-0.0016381148761157446,0.002541036385672633,-0.001630053222898187,0.0026013039676471253,-0.001612692470659526,0.0026015670192610836,-0.0017184424783083044,0.0028027035353892886,-0.0019308845520867078,0.0026172989066688868,-0.0018944880075584846,0.002490444763224232,-0.0019637075030406207,0.003230045931320169,-0.0029556424827791214,0.0036813445291716314,-0.0032430487001259742,0.0016811362303809753,-0.0012066121616296625,0.0013984645622430322,-0.0008654483055143715,0.0020608391655547714,-0.0015516770034565142,0.0015902354274064054,-0.0012164796018241176,0.0015907717113911321,-0.0012015955015470695,0.002343149132552295,-0.00181786985311974,0.006277198124973137,-0.010986631046124483,0.00405997369814656,-0.005591946502041989,0.0037012749248841823,-0.004265816719672812,0.0029264697368668684,-0.0037669732984783964,0.0025866386733389363,-0.003281076594213915,0.003518637225722165,-0.00398730161162983,0.0018585600865554345,-0.0012102978142565972,0.0017674121932383024,-0.0012226938497209596,0.0011144616388383782,-0.0008400008811045149,0.0011416888584895469,-0.0007037100536929313,0.0010358174718025548,-0.0008838302187938117,0.0009856705079062213,-0.0008262790797554172,0.015380220893732352,-0.02284394061700281,0.0017454652216977369,-0.002277162245473805,0.0005830679403496784,-0.00045808362655710456
8.0,-0.0038739791105854935,-0.003370550429778005,-0.008715373048085074,-0.007367753961536418,-0.008248043205908679,-0.005705400665223817,-0.006901531947026906,-0.004260881130126447,-0.006019890782395943,-0.003631670531719129,-0.005866675498630539,-0.003547621908170529,-0.005836678208840383,-0.0034372641775876132,-0.005748787164429492,-0.0033756265576860528,-0.002942269232202061,-0.0018719063109604904,-0.005711381463245394,-0.0035494820217854134,-0.005782179348526229,-0.003555238670394395,-0.006051939547854549,-0.00367826745124647,-0.005925455087870119,-0.00366811850779491,-0.006398390000618746,-0.003948577968779249,-0.006502473057589673,-0.004023566960947176,-0.006294036983982359,-0.004053291991961705,-0.0074701845809685636,-0.0047970903163638955,-0.007845101049425613,-0.0051595875350656335,-0.004569600864096221,-0.003215247535056963,-0.004261284537848682,-0.003007717068388801,-0.005517979998029849,-0.0035614978111079623,-0.004446819921101052,-0.0029940270736812276,-0.004411049656616054,-0.0029975854698322943,-0.006107253004046441,-0.003977884588033711,-0.013668333961301288,-0.00819951267785836,-0.009733464269153138,-0.005918207272948513,-0.008928393193865814,-0.00545679554459204,-0.007635611858899525,-0.004754980541589259,-0.006672057595182287,-0.004253944672133393,-0.005277827492560786,-0.004854847704491801,-0.004285504340036071,-0.002629034415127972,-0.003980353926141633,-0.0025672231067181126,-0.0029924628545662524,-0.0023296326018594255,-0.003563291042580116,-0.002684999537491236,-0.003294749183652763,-0.002253248303895296,-0.0026818653686219414,-0.0020254657587370564,-0.022564548710464843,-0.01742915151946873,-0.0043407444770153895,-0.0030023587584079667,-0.0009767477121698069,-0.0007581856892606043
9.0,0.00529966418979157,0.013797685844482738,0.011987961410805482,0.02933590881521352,0.012919565440208993,0.022197221690064342,0.011398121088032476,0.01666414245759153,0.0099827493727124,0.014483119900208785,0.009698355403869943,0.014242965080360622,0.009800929352746464,0.013576237891285535,0.009678703718671201,0.013291922512554625,0.004880501323337288,0.00789457372259977,0.009305409100502537,0.0144482773512409,0.009479188945310071,0.014388479636055126,0.010080727644002509,0.014619912307311154,0.009728886526580728,0.014804669708172225,0.010641715285699552,0.015694880800074165,0.011194468787760646,0.01590369682157938,0.010856093818303495,0.01620485304264436,0.012554429113079977,0.01913973524393639,0.012885820012377328,0.020278008530675518,0.007487214967493733,0.013812264266519821,0.007018456439194245,0.01250528849853819,0.009722399962891924,0.014554234567826571,0.007861678205769202,0.01294366792716283,0.007634470587074468,0.012952553972705928,0.010670406995728732,0.015852229047208417,0.021861765823290358,0.03687644116464285,0.016213559043455134,0.025268046263375477,0.015089584739183209,0.02235556520752392,0.01278393212591563,0.02084843887561028,0.010888813720209188,0.01932748970552721,0.00724365541284571,0.023934784104617083,0.006683771202329377,0.011779073682705301,0.005871362203495134,0.01174298061185499,0.004467148308518086,0.011478421393850424,0.005111132288957293,0.011755119007641389,0.006145188308520703,0.010802532275989695,0.003714077268809888,0.010528708044487016,0.029426645736334318,0.07048005790329867,0.006322334221937652,0.01565463209066092,0.0015646627798874904,0.003953882218652006
10.0,-0.0006971184907949941,0.01439553126252343,-0.0015902293672184296,0.03101899674484902,0.002649458545512125,0.022316055785735353,0.004074285681861813,0.016112760027475474,0.003823400472440888,0.013921418437739533,0.0037343656369937697,0.013687988673939607,0.0038889850821957443,0.01296500983687808,0.003847889499642912,0.012681519612596536,0.0017218705033973537,0.007697761856070954,0.00363292280020508,0.013880282275523757,0.003695122427222254,0.013818196676756472,0.0041206820944182,0.013926347079045696,0.0038819255178238928,0.014179382069302771,0.004411736628908953,0.014947589928813499,0.006025365116908459,0.014522736674705293,0.006316693703945381,0.01458906722058616,0.005362724659612756,0.018551856870526802,0.004464476767997632,0.019919810559860245,0.0077599987741668935,0.01016818399410269,0.01102364961096669,0.007177226961363779,0.0063329475799362225,0.012773299751364868,0.005818631193989454,0.011038211866588071,0.005339924213617534,0.011216588700424577,0.006412567152587394,0.014164761780698963,0.0029305104180664325,0.04411605038532429,0.004682014156580107,0.027803234995893693,0.0053704185621240965,0.023289652071889412,0.004215355141870437,0.02267429808874743,0.003423797551729871,0.021131991734843553,-0.0006876366815272861,0.02576076125283858,0.0023828465099291953,0.011597155226547442,0.001962885059212458,0.011638296841041361,0.004617455094325656,0.008584696076210615,0.014326913081559265,0.003220864857026076,0.005969663952029835,0.00866618497207622,0.002401079710202794,0.00934864953882186,-0.010642501395256977,0.08391160487684526,0.0014951292777487036,0.01756624385231181,0.000299592239160372,0.004085705016929002
11.0,-0.0036396126093434463,0.0070240516103441016,-0.007673576030451438,0.015303193331378166,-0.009205418781962292,0.012489358102601442,-0.008664140123949234,0.009763008218516715,-0.007507260065403291,0.008426897934448868,-0.007373066127840258,0.008330001798100338,-0.007076273085992403,0.0076745055094223505,-0.006917673253349258,0.007445117411413517,-0.003425815272691118,0.0042292802561389115,-0.007746968198661578,0.00889369107199294,-0.007637753038245761,0.008700766810197576,-0.007936652279898189,0.008722506809014438,-0.008183804275543853,0.009198276127299359,-0.009265251333472639,0.010023517294300883,-0.012539762757712576,0.01216205554041367,-0.01377319708488716,0.013594319551629774,-0.011593891920339062,0.01337362738753063,-0.010683166652995246,0.012919605304086512,-0.036467270707109985,0.02915643485718539,-0.06268491359969174,0.041074050933846674,-0.007083089780316643,0.009060226996138591,-0.00015070938988506147,0.004777392399897355,-0.0024198151875769415,0.006101070053916302,-0.011997295724670934,0.012333737844507092,-0.00588629388440969,0.020925317288725934,-0.007246810916789316,0.014759137502446854,-0.009233014286813524,0.013824658433450255,-0.004977527123839703,0.011650569226908937,-0.004415539445197722,0.01086543787882996,-0.004340168753735906,0.012739575413262772,-0.005412328054588553,0.007325297507789425,-0.005560323839511541,0.007897418231993192,-0.022636640503649743,0.024645412205875652,-0.09972480203257603,0.0678677378268762,0.010920043662587184,-0.0012080311922137003,-0.0015917949127734294,0.005352544705601184,-0.010016863177131338,0.03758510953121751,-0.003091004354047446,0.009193036689201264,-0.0009086328047260264,0.0019874800073274293
12.0,-0.011194680244364093,0.009108505336835552,-0.02372272086488751,0.01948167414513305,-0.03247583117817364,0.020713378352568652,-0.03172958113090176,0.018828594315367788,-0.02760519328489757,0.01665769184642867,-0.02707065548197409,0.016619256782192542,-0.026223248742538154,0.014983491553459316,-0.02567399376916587,0.014426692254553756,-0.0125203221820967,0.007621209787665108,-0.02820810160841828,0.018600244479049535,-0.027903832741538185,0.017921167368977066,-0.02924240400705317,0.017943285748211538,-0.02990002368032115,0.01934551654407568,-0.03401978532752357,0.021413922911919202,-0.04642362853835806,0.030058448335032153,-0.05087118901086094,0.03531525029633056,-0.04293782106177267,0.02924336341423708,-0.039066323541708844,0.025662084589828788,-0.04009084439035007,0.033045797383647796,-0.04263777696387827,0.03173112099181978,-0.07033536774375113,0.04960258030625274,-0.08963371016448739,0.06740206789985027,-0.07278287345578328,0.05838248784635761,-0.05374328105560489,0.03776085078766204,-0.023822376029892657,0.02392499691215733,-0.028664182135387937,0.022414943591333576,-0.035510270381785634,0.024798826970611133,-0.020347631468997176,0.017586144348760477,-0.01763634576897584,0.016641348419006198,-0.013285052247961542,0.01673451663592007,-0.019400743019081446,0.01542146134045617,-0.019441575335251954,0.017664686235129703,-0.023941277765307776,0.028742573653080666,-0.04925052311157339,0.038765188482237846,-0.13484358452660372,0.09508016222124753,-0.039676585615517346,0.05583404802664885,-0.025817366328328494,0.03359004173008301,-0.01125335952602064,0.014889105328564921,-0.003124304263344863,0.002991477675413325
13.0,0.0009621295447063739,-0.0008092278067005503,0.00042022027173382285,-0.0007675274614294538,-0.0012223526467570304,-0.0002367238767416186,-0.00371583749584239,0.0006579366022912259,-0.004907704679564209,0.001107844690129058,-0.005195483074806162,0.0012525880884985377,-0.004813197985749958,0.0009694293575175464,-0.004588167853195602,0.0008592075755931949,-0.001137278074117877,-0.0001606167913569473,-0.005177423413951651,0.0017386725235403542,-0.005177648535091231,0.0015616453319328358,-0.0050715760711535635,0.0014176585456084374,-0.0047888828888011355,0.0014780849763671858,-0.0038088896558802856,0.0008803722048645511,-0.0018181662097089008,-2.1114465703984194e-5,-0.0009063206015047976,-0.00039562638700937127,-0.0008848498422688654,-0.00038551109618566696,-0.0010218046888093863,-0.0003322764545191382,0.00014220151551184288,-0.0009226437982452944,-8.48652767677246e-5,-0.0008223922368680927,-0.0005672501176731686,-0.00045775430271676864,-0.00018562043801660785,-0.0005179281308180651,-5.0304217910592665e-5,-0.0005420335822862982,-0.0007921770907248918,-0.0004259718018219322,0.0003073189445843789,-0.0006655525850640971,-0.0002331984160790745,-0.000552855854773569,-0.0005487183235228807,-0.0004733697554881859,-0.0001015243466219821,-0.0005872778985565456,-4.320661458578276e-5,-0.0006008721736137872,0.002474451349515635,-0.0012309340240556565,-0.00818286402902076,0.0019607692353969313,-0.006947460275480858,0.003603197914891554,0.0011883886310418946,-0.0012926568196917055,-0.00027909777800513906,-0.0007957534706034894,1.3256104896486792e-5,-0.0005198599129557088,0.0009456565934609019,-0.0006694391277209492,0.0003902067923135411,-0.00070463752948594,9.009565134332122e-5,-0.0006192579302799315,0.0012747999666399873,-0.0008043668724580287
14.0,0.0009621295447063739,-0.0008092278067005503,0.00042022027173382285,-0.0007675274614294538,-0.0012223526467570304,-0.0002367238767416186,-0.00371583749584239,0.0006579366022912259,-0.004907704679564209,0.001107844690129058,-0.005195483074806162,0.0012525880884985377,-0.004813197985749958,0.0009694293575175464,-0.004588167853195602,0.0008592075755931949,-0.001137278074117877,-0.0001606167913569473,-0.005177423413951651,0.0017386725235403542,-0.005177648535091231,0.0015616453319328358,-0.0050715760711535635,0.0014176585456084374,-0.0047888828888011355,0.0014780849763671858,-0.0038088896558802856,0.0008803722048645511,-0.0018181662097089008,-2.1114465703984194e-5,-0.0009063206015047976,-0.00039562638700937127,-0.0008848498422688654,-0.00038551109618566696,-0.0010218046888093863,-0.0003322764545191382,0.00014220151551184288,-0.0009226437982452944,-8.48652767677246e-5,-0.0008223922368680927,-0.0005672501176731686,-0.00045775430271676864,-0.00018562043801660785,-0.0005179281308180651,-5.0304217910592665e-5,-0.0005420335822862982,-0.0007921770907248918,-0.0004259718018219322,0.0003073189445843789,-0.0006655525850640971,-0.0002331984160790745,-0.000552855854773569,-0.0005487183235228807,-0.0004733697554881859,-0.0001015243466219821,-0.0005872778985565456,-4.320661458578276e-5,-0.0006008721736137872,0.002474451349515635,-0.0012309340240556565,-0.00818286402902076,0.0019607692353969313,-0.006947460275480858,0.003603197914891554,0.0011883886310418946,-0.0012926568196917055,-0.00027909777800513906,-0.0007957534706034894,1.3256104896486792e-5,-0.0005198599129557088,0.0009456565934609019,-0.0006694391277209492,0.0003902067923135411,-0.00070463752948594,9.009565134332122e-5,-0.0006192579302799315,0.0012747999666399873,-0.0008043668724580287
15.0,0.0022283462891792283,-0.004276762240776225,-0.0003604153928701681,-0.004348996912846345,-0.0011563054145011008,-0.004304070991229899,-0.001981607352438842,-0.004463472907725909,-0.001844807242471372,-0.004618872168570671,-0.001887645880813958,-0.004650588526641903,-0.0016509135376124578,-0.004537443735033173,-0.0014898637568051534,-0.004509729229767762,0.0016382752566398563,-0.004338328687616327,-0.0033701890791060186,-0.004436495328682361,-0.0028757776336211303,-0.004510120735431797,-0.003119455781594248,-0.004489409812638302,-0.0030693109971445475,-0.004453540000079814,-0.002350957691133157,-0.00448390927924959,-0.0014108512050224678,-0.004529675539468827,-0.0008905014408348113,-0.004642800599891858,-0.0009704401761844844,-0.004505189943013309,-0.0010715120457222879,-0.004413366988337422,-8.516794249523011e-5,-0.004961879631581601,-0.0004033175594831898,-0.004579489183270829,-0.0006202689715228808,-0.004717792748113963,-0.0001964478724186248,-0.00489393231034249,0.0002901510052737249,-0.004965372408180436,-0.0007909452705473088,-0.004689414747278248,-0.0003994215023188608,-0.004356774153496919,-0.0007048472357991005,-0.004418797902494334,-0.0009050440629821599,-0.004407175047898917,-0.0005008717630210125,-0.004408942113094451,-0.00031906708022201195,-0.0044308676812140485,-0.00048754867754843004,-0.00424957396265361,0.0001256835378656103,-0.004937282773947699,-0.00711006449481127,-0.004056988544743117,0.0008906718880176056,-0.004958332551605415,-0.0003098053058374448,-0.004656034541534286,-0.0004850867173930292,-0.004854887603778679,0.0027803439547132527,-0.005431612785282845,-3.783925954457811e-5,-0.0043352220884241635,0.00013640837130525572,-0.0044177096161201615,0.003757782323797679,-0.004083333371813888
16.0,0.0022283462891792283,-0.004276762240776225,-0.0003604153928701681,-0.004348996912846345,-0.0011563054145011008,-0.004304070991229899,-0.001981607352438842,-0.004463472907725909,-0.001844807242471372,-0.004618872168570671,-0.001887645880813958,-0.004650588526641903,-0.0016509135376124578,-0.004537443735033173,-0.0014898637568051534,-0.004509729229767762,0.0016382752566398563,-0.004338328687616327,-0.0033701890791060186,-0.004436495328682361,-0.0028757776336211303,-0.004510120735431797,-0.003119455781594248,-0.004489409812638302,-0.0030693109971445475,-0.004453540000079814,-0.002350957691133157,-0.00448390927924959,-0.0014108512050224678,-0.004529675539468827,-0.0008905014408348113,-0.004642800599891858,-0.0009704401761844844,-0.004505189943013309,-0.0010715120457222879,-0.004413366988337422,-8.516794249523011e-5,-0.004961879631581601,-0.0004033175594831898,-0.004579489183270829,-0.0006202689715228808,-0.004717792748113963,-0.0001964478724186248,-0.00489393231034249,0.0002901510052737249,-0.004965372408180436,-0.0007909452705473088,-0.004689414747278248,-0.0003994215023188608,-0.004356774153496919,-0.0007048472357991005,-0.004418797902494334,-0.0009050440629821599,-0.004407175047898917,-0.0005008717630210125,-0.004408942113094451,-0.00031906708022201195,-0.0044308676812140485,-0.00048754867754843004,-0.00424957396265361,0.0001256835378656103,-0.004937282773947699,-0.00711006449481127,-0.004056988544743117,0.0008906718880176056,-0.004958332551605415,-0.0003098053058374448,-0.004656034541534286,-0.0004850867173930292,-0.004854887603778679,0.0027803439547132527,-0.005431612785282845,-3.783925954457811e-5,-0.0043352220884241635,0.00013640837130525572,-0.0044177096161201615,0.003757782323797679,-0.004083333371813888
17.0,0.001654871120519823,-0.0031504131892651347,0.00016286637950817487,-0.0032775055085340235,-0.0006981921134798021,-0.00305642041198001,-0.001305494086283816,-0.0028033490845759414,-0.0015149867951378682,-0.002627539111046485,-0.0016029759644968149,-0.0025809917715479496,-0.001403320339659783,-0.0025901864770645684,-0.0012758198650866612,-0.002609325722510962,0.0009855276467056195,-0.002881339868360896,-0.001254770590431096,-0.002714985749149612,-0.001376149901637454,-0.0026705530100423684,-0.0014030815037242611,-0.002711075327292224,-0.001273960650311427,-0.0027590472475122734,-0.001289422687021262,-0.0028757885705364126,-0.001285348240750063,-0.003228929102190145,-0.0011968332288624414,-0.0034406027537912604,-0.000987794962844712,-0.003309167921914954,-0.0008999404290906202,-0.003202691623899061,-0.0013291220437765608,-0.0045333785511089165,-0.0023521882236080638,-0.004050999914675961,-0.001096225848703416,-0.0032990828401013566,-0.0008710102030803524,-0.003204202502553879,-0.0009698654583321705,-0.003090575785249916,-0.0012189105671651327,-0.0034004104322101596,6.589088170226217e-5,-0.0032538310731159087,-0.000454821043754529,-0.0032934778061650444,-0.0007590899735515947,-0.0032622160633498662,-0.0002704918253895576,-0.003318848594568277,-0.0001263781885209097,-0.0033482019708048127,0.0007176407062749261,-0.003385484021716825,-0.0033515151272577193,-0.0017901974567408761,-0.00047697882489684677,-0.0024704473348629214,-0.00017263454486653559,-0.00531189830762748,-0.003193202339465808,-0.003727406839691573,-0.00045643492855196804,-0.0031666660520658714,-0.000871962027045351,-0.0025629586506901,0.00037355406925441585,-0.0032801474455066313,0.00022785034981297043,-0.0033662985490253905,0.0025278001261734824,-0.0029744648151655163
18.0,0.001654871120519823,-0.0031504131892651347,0.00016286637950817487,-0.0032775055085340235,-0.0006981921134798021,-0.00305642041198001,-0.001305494086283816,-0.0028033490845759414,-0.0015149867951378682,-0.002627539111046485,-0.0016029759644968149,-0.0025809917715479496,-0.001403320339659783,-0.0025901864770645684,-0.0012758198650866612,-0.002609325722510962,0.0009855276467056195,-0.002881339868360896,-0.001254770590431096,-0.002714985749149612,-0.001376149901637454,-0.0026705530100423684,-0.0014030815037242611,-0.002711075327292224,-0.001273960650311427,-0.0027590472475122734,-0.001289422687021262,-0.0028757885705364126,-0.001285348240750063,-0.003228929102190145,-0.0011968332288624414,-0.0034406027537912604,-0.000987794962844712,-0.003309167921914954,-0.0008999404290906202,-0.003202691623899061,-0.0013291220437765608,-0.0045333785511089165,-0.0023521882236080638,-0.004050999914675961,-0.001096225848703416,-0.0032990828401013566,-0.0008710102030803524,-0.003204202502553879,-0.0009698654583321705,-0.003090575785249916,-0.0012189105671651327,-0.0034004104322101596,6.589088170226217e-5,-0.0032538310731159087,-0.000454821043754529,-0.0032934778061650444,-0.0007590899735515947,-0.0032622160633498662,-0.0002704918253895576,-0.003318848594568277,-0.0001263781885209097,-0.0033482019708048127,0.0007176407062749261,-0.003385484021716825,-0.0033515151272577193,-0.0017901974567408761,-0.00047697882489684677,-0.0024704473348629214,-0.00017263454486653559,-0.00531189830762748,-0.003193202339465808,-0.003727406839691573,-0.00045643492855196804,-0.0031666660520658714,-0.000871962027045351,-0.0025629586506901,0.00037355406925441585,-0.0032801474455066313,0.00022785034981297043,-0.0033662985490253905,0.0025278001261734824,-0.0029744648151655163
19.0,-0.002250911727866522,0.0031631146780703554,0.0006792205339995076,0.003282392650178544,0.00017204095930107595,0.003675823326652884,-0.00128959706667103,0.00429330382433409,-0.0023600465486687426,0.004631398104840081,-0.002517067554975932,0.004739455211282206,-0.0025455666684801323,0.004451591231339618,-0.0025667726268530353,0.00435787809458787,-0.0034530946946409514,0.0035767709644257224,-0.0018616967034377884,0.004890509427156321,-0.002071762162970625,0.004831246679565222,-0.0018254763675272995,0.004720771320936363,-0.0016610505268851632,0.004770709848948666,-0.001150647863739196,0.004501464181984281,0.00019594353065349076,0.004242000725795403,0.0007056230662565732,0.004221836673429166,0.0006039128399762974,0.003981034303225963,0.0004623897537594292,0.003849368508968347,5.778275837257397e-5,0.004567640790474157,0.0005054916806780878,0.004191041698226595,0.0013457450125802172,0.004280690255243489,0.0018545129206325645,0.004412676948177722,0.0018467938651400896,0.004575323540768474,0.0009354184235153359,0.004279240137062552,0.00069036200925925,0.0033830229170159136,0.0006563301813159078,0.003676553768275406,0.0006988031318939318,0.00377296155947757,0.00047173906097006037,0.003672944043374087,0.00031432044707739115,0.0036914667599635196,0.0027159892570376713,0.0027651419857428585,-0.004847354986015893,0.005427425960591823,-0.0017727101527915937,0.005450765500714891,-0.0009274241604475793,0.004632525857256669,0.0006144879464489235,0.00421359338765321,0.002353543537283095,0.004212227592747682,0.0021743063986365808,0.005316582698245218,0.00044065760641355897,0.00332203293731332,-7.990495071250412e-5,0.003680025742998717,-0.003984703122032337,0.002952020919200982
20.0,-0.002250911727866522,0.0031631146780703554,0.0006792205339995076,0.003282392650178544,0.00017204095930107595,0.003675823326652884,-0.00128959706667103,0.00429330382433409,-0.0023600465486687426,0.004631398104840081,-0.002517067554975932,0.004739455211282206,-0.0025455666684801323,0.004451591231339618,-0.0025667726268530353,0.00435787809458787,-0.0034530946946409514,0.0035767709644257224,-0.0018616967034377884,0.004890509427156321,-0.002071762162970625,0.004831246679565222,-0.0018254763675272995,0.004720771320936363,-0.0016610505268851632,0.004770709848948666,-0.001150647863739196,0.004501464181984281,0.00019594353065349076,0.004242000725795403,0.0007056230662565732,0.004221836673429166,0.0006039128399762974,0.003981034303225963,0.0004623897537594292,0.003849368508968347,5.778275837257397e-5,0.004567640790474157,0.0005054916806780878,0.004191041698226595,0.0013457450125802172,0.004280690255243489,0.0018545129206325645,0.004412676948177722,0.0018467938651400896,0.004575323540768474,0.0009354184235153359,0.004279240137062552,0.00069036200925925,0.0033830229170159136,0.0006563301813159078,0.003676553768275406,0.0006988031318939318,0.00377296155947757,0.00047173906097006037,0.003672944043374087,0.00031432044707739115,0.0036914667599635196,0.0027159892570376713,0.0027651419857428585,-0.004847354986015893,0.005427425960591823,-0.0017727101527915937,0.005450765500714891,-0.0009274241604475793,0.004632525857256669,0.0006144879464489235,0.00421359338765321,0.002353543537283095,0.004212227592747682,0.0021743063986365808,0.005316582698245218,0.00044065760641355897,0.00332203293731332,-7.990495071250412e-5,0.003680025742998717,-0.003984703122032337,0.002952020919200982
21.0,-0.0050276214447491354,0.011576206352935051,-0.011198835011380302,0.013678588729857681,-0.006348635224305658,0.011200125017933316,-0.004965780148932012,0.010947974589047048,-0.0053013858713491365,0.011374670415400344,-0.005436481885095341,0.011498714155140087,-0.00506107192974192,0.011047939163941473,-0.004898530890228138,0.01093523041862095,-0.002705860891847028,0.010638507340438697,-0.005531478087946231,0.011733181926247999,-0.005479954244007716,0.011631474117334326,-0.005175285670195945,0.011340347671356422,-0.00503211948444581,0.011461861230952915,-0.003823772028623126,0.010857246345435391,0.0007207154019577953,0.009299895776093295,0.00251462178968711,0.008813802489081831,-0.0008759060908693788,0.009689114558768518,-0.00292706589937496,0.010206322973220348,-0.0011519815280580988,0.009751638273559727,-0.002958515620387719,0.009357324084852433,0.008588352363396771,0.007298797813791735,0.014427058412625426,0.005697064666169921,0.013219586347104835,0.005969620554694172,0.004202080894507117,0.008462741352393385,-0.010642498980211332,0.013125415661005002,-0.005199282194208534,0.011152452353163247,-0.003135084106564698,0.010271208916871704,-0.004503019487780302,0.011049885978408731,-0.004437303310974777,0.011207996951641718,-0.02113877875326981,0.01655549158936697,-0.006955618111893912,0.011974991693616675,-0.008050269914420859,0.012534982053702508,-0.0020039022231693833,0.009565881767725503,-0.0062053096501105895,0.010395893692782177,0.022079406131426397,0.00391661916364557,0.01597301799958989,0.004408910921211811,-0.012912000805935648,0.014458611136850028,-0.004254486893311524,0.01149413328429751,-0.0011481813016783514,0.010257288275334484
22.0,-0.013799278873427457,-0.01285133438607228,0.014590841744875004,-0.021261315030874535,0.00914486767407377,-0.018158454558635535,0.0034355838254017065,-0.016959613668567724,0.0001379187459649416,-0.01660592213019948,0.00023161285972648504,-0.016693494095565187,-0.0020867199631389843,-0.015834867987230918,-0.003126496978606471,-0.015493284585209054,-0.019822424060013194,-0.011198378508997024,0.0028088980093577747,-0.017466729629145954,0.001941739285921807,-0.01718767981475073,0.00222576405359498,-0.017064018384702808,0.003000187521199625,-0.017369162986645974,0.0036249506273669965,-0.017220714001386014,0.00525826098221715,-0.017211558493791763,0.00608484670592415,-0.017714160197725058,0.007320032197092582,-0.017841525289420818,0.007972227235859114,-0.0178394401710985,0.006162250779630056,-0.018617207711052547,0.0038109891186075074,-0.016948365315987337,0.0059916717081418625,-0.01800257194453932,0.00617949366191462,-0.018895572281746136,0.007004954666906225,-0.01891913577022782,0.005987468465595751,-0.017764650687050944,0.014456944581906696,-0.021108951616483178,0.009329018193719764,-0.018840406371779545,0.00831608296231641,-0.018005525636163595,0.007120435334312591,-0.018403088798451747,0.0066859242263173245,-0.018572365040879016,0.03443217670554671,-0.02647960303837119,0.002080480747108744,-0.016434348301351192,0.006128387467243592,-0.017844829725058246,0.007910741190039785,-0.018691182375283426,0.0027070368170443813,-0.01748404596135682,0.005000383290905366,-0.019336944110528408,0.010910571080477764,-0.020628273962474575,0.01783271507912673,-0.022935947107330174,0.005723435646750399,-0.01886415745660451,-0.030972427162971772,-0.008306797348541726
23.0,-0.013799278873427457,-0.01285133438607228,0.014590841744875004,-0.021261315030874535,0.00914486767407377,-0.018158454558635535,0.0034355838254017065,-0.016959613668567724,0.0001379187459649416,-0.01660592213019948,0.00023161285972648504,-0.016693494095565187,-0.0020867199631389843,-0.015834867987230918,-0.003126496978606471,-0.015493284585209054,-0.019822424060013194,-0.011198378508997024,0.0028088980093577747,-0.017466729629145954,0.001941739285921807,-0.01718767981475073,0.00222576405359498,-0.017064018384702808,0.003000187521199625,-0.017369162986645974,0.0036249506273669965,-0.017220714001386014,0.00525826098221715,-0.017211558493791763,0.00608484670592415,-0.017714160197725058,0.007320032197092582,-0.017841525289420818,0.007972227235859114,-0.0178394401710985,0.006162250779630056,-0.018617207711052547,0.0038109891186075074,-0.016948365315987337,0.0059916717081418625,-0.01800257194453932,0.00617949366191462,-0.018895572281746136,0.007004954666906225,-0.01891913577022782,0.005987468465595751,-0.017764650687050944,0.014456944581906696,-0.021108951616483178,0.009329018193719764,-0.018840406371779545,0.00831608296231641,-0.018005525636163595,0.007120435334312591,-0.018403088798451747,0.0066859242263173245,-0.018572365040879016,0.03443217670554671,-0.02647960303837119,0.002080480747108744,-0.016434348301351192,0.006128387467243592,-0.017844829725058246,0.007910741190039785,-0.018691182375283426,0.0027070368170443813,-0.01748404596135682,0.005000383290905366,-0.019336944110528408,0.010910571080477764,-0.020628273962474575,0.01783271507912673,-0.022935947107330174,0.005723435646750399,-0.01886415745660451,-0.030972427162971772,-0.008306797348541726
24.0,0.006072125903886366,-0.0044392589777284535,0.015670329606018305,-0.00791636728442012,0.009659838949524895,-0.004960397101934542,0.004385640422768047,-0.003448062155708965,0.002400226019288039,-0.0030567053811457775,0.0020658736593192188,-0.0029984376741015004,0.0020574033435456635,-0.0028853348653663353,0.002053273439890472,-0.0028634645252022597,0.0008798077893566498,-0.002674165058863441,0.0014438994017951022,-0.0028800528775762145,0.0016648761669010269,-0.002919389205222961,0.001775637696832605,-0.0028790423658549055,0.0019068615179633653,-0.002959404311044818,0.003024387120754733,-0.0031620354913854086,0.003123698679170641,-0.0030279111721498954,0.0031239467497451616,-0.0030915416432665843,0.0055179523507692665,-0.0036826274817058024,0.007120806017880701,-0.004116704163451142,0.0006183410818644802,-0.0027511414917850527,-0.00045526511841980705,-0.002363108220102279,0.002112422550545156,-0.002922510739243704,0.001073326399757196,-0.0028753043908445615,0.0006770069446809992,-0.002758035584144342,0.0027387623530779003,-0.003001706481889273,0.014501354329415203,-0.0067907495339093425,0.007677435017232038,-0.0044000480614238315,0.006759559700971737,-0.003913539948992962,0.003881609850500106,-0.003528284056006817,0.002664549325072761,-0.0033638174495649715,0.029908562161539306,-0.012034288029482676,8.676088311923847e-5,-0.002804798720754758,-0.002081876776736428,-0.002415449118377254,-0.00029990188026466003,-0.002603474911256661,-0.0015366380659348083,-0.0021402587611331365,0.0005704092615301834,-0.0029492604900393815,-0.0019411523728288984,-0.0024685888393893717,0.01551935522677473,-0.008350376341438674,2.017849628226581e-5,-0.0031000317972944085,5.452640554629333e-5,-0.0025092664884533065
25.0,0.006072125903886366,-0.0044392589777284535,0.015670329606018305,-0.00791636728442012,0.009659838949524895,-0.004960397101934542,0.004385640422768047,-0.003448062155708965,0.002400226019288039,-0.0030567053811457775,0.0020658736593192188,-0.0029984376741015004,0.0020574033435456635,-0.0028853348653663353,0.002053273439890472,-0.0028634645252022597,0.0008798077893566498,-0.002674165058863441,0.0014438994017951022,-0.0028800528775762145,0.0016648761669010269,-0.002919389205222961,0.001775637696832605,-0.0028790423658549055,0.0019068615179633653,-0.002959404311044818,0.003024387120754733,-0.0031620354913854086,0.003123698679170641,-0.0030279111721498954,0.0031239467497451616,-0.0030915416432665843,0.0055179523507692665,-0.0036826274817058024,0.007120806017880701,-0.004116704163451142,0.0006183410818644802,-0.0027511414917850527,-0.00045526511841980705,-0.002363108220102279,0.002112422550545156,-0.002922510739243704,0.001073326399757196,-0.0028753043908445615,0.0006770069446809992,-0.002758035584144342,0.0027387623530779003,-0.003001706481889273,0.014501354329415203,-0.0067907495339093425,0.007677435017232038,-0.0044000480614238315,0.006759559700971737,-0.003913539948992962,0.003881609850500106,-0.003528284056006817,0.002664549325072761,-0.0033638174495649715,0.029908562161539306,-0.012034288029482676,8.676088311923847e-5,-0.002804798720754758,-0.002081876776736428,-0.002415449118377254,-0.00029990188026466003,-0.002603474911256661,-0.0015366380659348083,-0.0021402587611331365,0.0005704092615301834,-0.0029492604900393815,-0.0019411523728288984,-0.0024685888393893717,0.01551935522677473,-0.008350376341438674,2.017849628226581e-5,-0.0031000317972944085,5.452640554629333e-5,-0.0025092664884533065
26.0,0.007247448958924638,-0.010084385094830605,0.015719780224310018,-0.012855355252081426,0.011480332616972386,-0.010290132292116158,0.010671085614687617,-0.010202287751266302,0.011053640002705522,-0.01074702734110494,0.01122250958852891,-0.010939820169514678,0.010694473584254063,-0.010302310443104338,0.01040351474752359,-0.010121317953985626,0.005441540324441841,-0.009193171469734526,0.011454080752480252,-0.01141967451679448,0.011363694055026114,-0.011227215887596863,0.011181157451598062,-0.010834505365905375,0.010875505350985158,-0.011051449155841416,0.009442405967197729,-0.01023984994172487,0.004220478987990952,-0.008455139471590226,0.0019760556926900637,-0.007922017467591741,0.005558361582490889,-0.008753201669090806,0.007817209507516548,-0.00925973259627307,-0.010781450524784885,-0.005001238425530581,-0.019643233513081823,-0.003493140275326731,0.002275219965023396,-0.008072251888804774,0.002725984708635476,-0.008482971041881277,0.002956241160407416,-0.008450745764889958,0.0020115820719994906,-0.007951835666058739,0.015299140708703049,-0.012492284175623597,0.009533281726077808,-0.010195778102157979,0.007728195992208051,-0.009278166294211515,0.007983859581346167,-0.00999150495063933,0.007538562240965176,-0.010185814065795603,0.02544738067236105,-0.016039145303757486,0.012579084149129355,-0.012074937748697296,0.014244914022196777,-0.013114178444419235,-0.010198892178642843,-0.003975715772516661,-0.030301481926282084,1.5356374736620993e-5,0.002798445766289822,-0.008721273034662818,0.004690716353647517,-0.009071368522943655,0.017985298430721854,-0.014373700934228814,0.00640652476626648,-0.01062363801345275,0.0019141343660535252,-0.008448496298261152
27.0,0.013029120817701724,0.0018482020946531984,0.016763384557442754,0.0004794111228409022,0.016798062157084907,0.0021603987325859372,0.020142085764688854,0.0014464703463215518,0.021024247912544307,0.0008048160232485967,0.02113268906389709,0.0005624558348086376,0.021040403295919156,0.0011249583383298714,0.020808314783673662,0.0012940943139079662,0.014878399403488738,0.0021133657286814137,0.021187203550928298,-0.00013802489902873356,0.021190228375870337,0.000129437708066747,0.02151526248900287,0.0005562199474797009,0.020864069105116706,0.0002513223400307306,0.019950646144805722,0.0011007383811896892,0.017496372391305574,0.0023411853775277707,0.015889731912386084,0.0026810667156814683,0.011126505029697798,0.004377236984904067,0.013393307325849204,0.003580591515224545,0.018955737732262383,0.0007098902420572876,0.01972133774245029,0.0008276913595877401,0.017100771517601004,0.0017411656296333594,0.017773564101113516,0.00036959135731086753,0.01823681824712829,0.00033450418982508757,0.016337265392165626,0.002575422205519587,0.01098420719869597,0.006748143292784694,-0.015059794328942054,0.013960823599150877,-0.0029948528042412744,0.009253851414417926,-0.053539896979622345,0.026200515393459623,-0.06514543141419091,0.0315363103267446,0.032163012820429424,-0.004092272628448228,0.02009916010575509,-0.001697924723953323,0.02164897121895122,-0.0032225870737390967,0.018195013875926296,-0.000956910217321925,0.02061132058745883,-0.0010235571694164954,0.017358602342720974,-0.0010224848400478418,0.02032360670328312,-0.002360060036619331,0.011420667401994131,0.005492462655249545,-0.08733594141738493,0.04254911124638868,0.010491735297399349,0.002551754275111352
28.0,0.08955715689275938,0.031735935987315486,0.10512840884284207,0.028694342179063515,0.1252939834786336,0.02892371442718529,0.13873442998272836,0.024967018779616542,0.13898732603408154,0.02236500019615244,0.13840823851362033,0.021110237698192275,0.139190618807602,0.02425281339741698,0.13824732090569553,0.02520023942296498,0.10406282044377296,0.03024100686947944,0.13755727719774502,0.016397413693656274,0.1380662036501278,0.018148320827488143,0.14135515294541118,0.02038211092561767,0.1376525056839107,0.0181537600602714,0.1369968535204603,0.021815813276567772,0.13148479538332036,0.02434741045793397,0.12487442292483597,0.02404949667043502,0.12182940299384835,0.027531348321117855,0.12409823006318232,0.028568140091589048,0.1188533449700484,0.01593755273515857,0.10906191589357392,0.018173135358364748,0.12045716157315073,0.019993481757803362,0.11156207090425987,0.01315151706329565,0.11625940680187424,0.012362730363939459,0.12451985338874069,0.02408969259329168,0.10727087843404631,0.025479345406023805,0.0962988233313565,0.034032976731008815,0.11049828456186428,0.0319494809752326,0.06060088784130728,0.04152487642472436,0.0468048294057736,0.04292004519439307,0.07783849615002238,0.026444157896546253,0.1187928491745219,0.008121809780287816,0.12697243932272373,-0.0022831490536425,0.10951511040016212,0.005160857466815892,0.09511612528797558,0.011653364561057603,0.09238679190965439,0.005870970059514808,0.11812800817196742,-0.004639745717078909,0.11588693242016783,0.012901597169992732,0.015039981233993896,0.043919544791625034,0.0783940514378266,0.03264452401799557
29.0,-0.0003594950555399821,7.359245386264519e-5,0.0004368994147106462,-0.00017863366852150558,0.001735201772349307,-0.0005641925522714056,0.004334402253804976,-0.0014906250249601596,0.006923022396896313,-0.002433308124347444,0.007481350974123157,-0.0026963145541324582,0.006928172933512797,-0.0022565022686382706,0.00660822893163942,-0.0020885068111601906,0.0022324883088192015,-0.0006983322922380341,0.002753507763747232,-0.0014806514479139756,0.004336334970591867,-0.0018849961839646722,0.0036731112870480452,-0.0015799027465859315,0.002901075687040493,-0.001434264744555329,0.003070856946522342,-0.0012811188782698194,0.001290766783575773,-0.0005415544192145799,0.0004937055189034535,-0.0002439625024027122,0.0007980020380796503,-0.0003011841093147555,0.0011606694879962038,-0.00039426632853711304,-0.0010887129415782942,0.0002309825196771614,-0.0006228109940102609,0.00012547706438855688,0.00016178046622905952,-0.00016460491649025651,-0.00018334784505677127,-9.123920041847179e-5,-7.925442862954932e-5,-0.00010781657366205114,0.00040945501453571397,-0.00021886388862163273,0.00044197111624377084,-0.00018684834483336896,0.0004527734156949799,-0.00016893909199698797,0.000619313811962899,-0.0002200379700043056,0.00017474977703208988,-8.015695029301698e-5,8.398068633455648e-5,-5.625705490271062e-5,-0.0008508466476908869,8.411848033515723e-5,0.021858531887204602,-0.006772814735118803,-0.006133072990774589,-0.0004095131782235703,-0.0026767634928681074,0.0006395785058337959,-5.85726670172283e-5,7.767773200684089e-5,-0.0007027087111549652,-1.74206274194774e-5,-0.00015645262406437557,-7.103409886614774e-5,0.0004342039123287408,-0.00022479417755818704,-0.00011162327773795172,-1.241226311065503e-5,-0.0008424921140538718,0.0002031176192921495
30.0,-0.0003594950555399821,7.359245386264519e-5,0.0004368994147106462,-0.00017863366852150558,0.001735201772349307,-0.0005641925522714056,0.004334402253804976,-0.0014906250249601596,0.006923022396896313,-0.002433308124347444,0.007481350974123157,-0.0026963145541324582,0.006928172933512797,-0.0022565022686382706,0.00660822893163942,-0.0020885068111601906,0.0022324883088192015,-0.0006983322922380341,0.002753507763747232,-0.0014806514479139756,0.004336334970591867,-0.0018849961839646722,0.0036731112870480452,-0.0015799027465859315,0.002901075687040493,-0.001434264744555329,0.003070856946522342,-0.0012811188782698194,0.001290766783575773,-0.0005415544192145799,0.0004937055189034535,-0.0002439625024027122,0.0007980020380796503,-0.0003011841093147555,0.0011606694879962038,-0.00039426632853711304,-0.0010887129415782942,0.0002309825196771614,-0.0006228109940102609,0.00012547706438855688,0.00016178046622905952,-0.00016460491649025651,-0.00018334784505677127,-9.123920041847179e-5,-7.925442862954932e-5,-0.00010781657366205114,0.00040945501453571397,-0.00021886388862163273,0.00044197111624377084,-0.00018684834483336896,0.0004527734156949799,-0.00016893909199698797,0.000619313811962899,-0.0002200379700043056,0.00017474977703208988,-8.015695029301698e-5,8.398068633455648e-5,-5.625705490271062e-5,-0.0008508466476908869,8.411848033515723e-5,0.021858531887204602,-0.006772814735118803,-0.006133072990774589,-0.0004095131782235703,-0.0026767634928681074,0.0006395785058337959,-5.85726670172283e-5,7.767773200684089e-5,-0.0007027087111549652,-1.74206274194774e-5,-0.00015645262406437557,-7.103409886614774e-5,0.0004342039123287408,-0.00022479417755818704,-0.00011162327773795172,-1.241226311065503e-5,-0.0008424921140538718,0.0002031176192921495
31.0,0.0007932064348620867,0.0017492782466889576,0.0010083822627733321,0.0017943233206584419,0.0019207317658891574,0.0015413610663358819,0.0009196571276672695,0.0018551169288504646,0.0001716278371723654,0.002084975910142717,1.1790548514057048e-5,0.0021370873830667105,0.00014689912380265796,0.0020505785511900614,0.0002002296857240678,0.002021207041316827,0.00047044818616798683,0.0018407638826076487,-0.0009788019582167918,0.002478294633083971,-0.0006296503313027223,0.002354270146579306,-0.0004906465897005463,0.002289019097825665,-0.000408882733862988,0.002287923814811925,0.0009497629754563374,0.0018452165597126174,0.003915323129445966,0.0008817126589576808,0.00506743422784963,0.000408909124093404,0.00384549244436338,0.000862569276544051,0.0031378341815265203,0.0011336200347725515,0.010397598109388067,-0.0014401357597419767,0.007098694660433574,-0.0007686650161301159,0.005202253235934986,0.000126154973032562,0.005175299749139698,-0.0002981496772194773,0.0034412892408126465,8.340186357180248e-5,0.004860044483278047,0.00042844102594363174,0.001192484032340287,0.0015807833541268657,0.002053166949064333,0.0014181689851177847,0.0029454521063753875,0.001176760480668283,0.0011325479418059067,0.0016332050540815925,0.0007736058388645666,0.0016903678561602732,-0.0005354968776358227,0.0020559782152229956,5.6069046709224184e-5,0.0020055765404960978,-0.005592282672175214,0.0034417022531138966,0.016698377318682536,-0.003251898276441633,0.003094587263059322,-0.0007955764889608627,0.0077030109864611816,-0.0011497754476180696,-0.002740880335070889,0.00044461413890124735,0.0010100613709930512,0.001482473552876401,-4.167637741594969e-5,0.0017605516430591129,0.0006484179461831724,0.0016850124976686505
32.0,0.0007932064348620867,0.0017492782466889576,0.0010083822627733321,0.0017943233206584419,0.0019207317658891574,0.0015413610663358819,0.0009196571276672695,0.0018551169288504646,0.0001716278371723654,0.002084975910142717,1.1790548514057048e-5,0.0021370873830667105,0.00014689912380265796,0.0020505785511900614,0.0002002296857240678,0.002021207041316827,0.00047044818616798683,0.0018407638826076487,-0.0009788019582167918,0.002478294633083971,-0.0006296503313027223,0.002354270146579306,-0.0004906465897005463,0.002289019097825665,-0.000408882733862988,0.002287923814811925,0.0009497629754563374,0.0018452165597126174,0.003915323129445966,0.0008817126589576808,0.00506743422784963,0.000408909124093404,0.00384549244436338,0.000862569276544051,0.0031378341815265203,0.0011336200347725515,0.010397598109388067,-0.0014401357597419767,0.007098694660433574,-0.0007686650161301159,0.005202253235934986,0.000126154973032562,0.005175299749139698,-0.0002981496772194773,0.0034412892408126465,8.340186357180248e-5,0.004860044483278047,0.00042844102594363174,0.001192484032340287,0.0015807833541268657,0.002053166949064333,0.0014181689851177847,0.0029454521063753875,0.001176760480668283,0.0011325479418059067,0.0016332050540815925,0.0007736058388645666,0.0016903678561602732,-0.0005354968776358227,0.0020559782152229956,5.6069046709224184e-5,0.0020055765404960978,-0.005592282672175214,0.0034417022531138966,0.016698377318682536,-0.003251898276441633,0.003094587263059322,-0.0007955764889608627,0.0077030109864611816,-0.0011497754476180696,-0.002740880335070889,0.00044461413890124735,0.0010100613709930512,0.001482473552876401,-4.167637741594969e-5,0.0017605516430591129,0.0006484179461831724,0.0016850124976686505
33.0,-0.003733538561153743,-0.00029990444161120044,-0.0018810723618541826,-0.0011286314298607002,-0.004551846553582696,-0.0005485731570220574,-0.008151747472978848,0.0003844504641592941,-0.009413881352926382,0.0008420241387865245,-0.009626401348329813,0.0009830227130404126,-0.009506775072325882,0.0006972009490420559,-0.009370339801104804,0.0006136413752052652,-0.006750319325134861,0.00032364335015528837,-0.010792753690740512,0.0016838562077316575,-0.010397987194095473,0.0014272436870510908,-0.010485240625150487,0.001215747480207293,-0.010148095266289155,0.001391491819366443,-0.008553264090754915,0.0007472952071462746,-0.005721391787613096,-5.291640763896704e-7,-0.004330011895572249,-0.0002526961850053576,-0.00410048647530475,-0.00048014758653955233,-0.004303046756537653,-0.0005257377172907519,-0.004794378767193001,0.0005910075231301372,-0.00396430137703606,0.0005685693924286726,-0.0032619699983816313,-0.00039155966100912546,-0.0020410564982071425,-0.0004584312399940085,-0.0009864952916922918,-0.0006357227313909196,-0.003868816733141511,-0.00035775841946012637,-0.0016807943094841857,-0.0012532554470113778,-0.0023186750871510495,-0.0010660215963441246,-0.003205876306154172,-0.000819284153722559,-0.001236721852109325,-0.0012709150073687715,-0.0008325171696289205,-0.0013196498534550924,0.0019725285290420795,-0.001867094692055943,-0.008684967324420189,0.0016002240835673634,-0.015450391169923021,0.0038026725029071586,-0.005432227930249474,0.0011820342457374263,-0.0030000992936890804,0.0010384658181620422,-0.002327311874606393,-0.00027334902722373134,0.004334292599607695,-0.001084926078543028,-0.0005463732709821753,-0.0012367619680984066,7.446518611427332e-5,-0.001371770564050021,-0.00481081380582501,0.00015447129097195534
34.0,-0.003733538561153743,-0.00029990444161120044,-0.0018810723618541826,-0.0011286314298607002,-0.004551846553582696,-0.0005485731570220574,-0.008151747472978848,0.0003844504641592941,-0.009413881352926382,0.0008420241387865245,-0.009626401348329813,0.0009830227130404126,-0.009506775072325882,0.0006972009490420559,-0.009370339801104804,0.0006136413752052652,-0.006750319325134861,0.00032364335015528837,-0.010792753690740512,0.0016838562077316575,-0.010397987194095473,0.0014272436870510908,-0.010485240625150487,0.001215747480207293,-0.010148095266289155,0.001391491819366443,-0.008553264090754915,0.0007472952071462746,-0.005721391787613096,-5.291640763896704e-7,-0.004330011895572249,-0.0002526961850053576,-0.00410048647530475,-0.00048014758653955233,-0.004303046756537653,-0.0005257377172907519,-0.004794378767193001,0.0005910075231301372,-0.00396430137703606,0.0005685693924286726,-0.0032619699983816313,-0.00039155966100912546,-0.0020410564982071425,-0.0004584312399940085,-0.0009864952916922918,-0.0006357227313909196,-0.003868816733141511,-0.00035775841946012637,-0.0016807943094841857,-0.0012532554470113778,-0.0023186750871510495,-0.0010660215963441246,-0.003205876306154172,-0.000819284153722559,-0.001236721852109325,-0.0012709150073687715,-0.0008325171696289205,-0.0013196498534550924,0.0019725285290420795,-0.001867094692055943,-0.008684967324420189,0.0016002240835673634,-0.015450391169923021,0.0038026725029071586,-0.005432227930249474,0.0011820342457374263,-0.0030000992936890804,0.0010384658181620422,-0.002327311874606393,-0.00027334902722373134,0.004334292599607695,-0.001084926078543028,-0.0005463732709821753,-0.0012367619680984066,7.446518611427332e-5,-0.001371770564050021,-0.00481081380582501,0.00015447129097195534
35.0,-6.718968933316193e-5,0.00015454085667306058,-0.000614295833654197,0.00039356967609614334,8.175438877670062e-5,0.00014344428243125143,-0.0005589433116017309,0.00029753702070068813,-0.0010109182908764128,0.00042508946168425574,-0.0011095124221380363,0.0004622020255109866,-0.0010114326445527521,0.00039595573073791275,-0.0009564655029519185,0.0003707496175529195,-0.00023326165922628398,0.0001590770833088089,-0.0018211855315194867,0.0007257497495090442,-0.0015734393292527553,0.0006303361993495278,-0.001522249170560823,0.000579701586460858,-0.0014233714799266142,0.0005936021680975526,-0.00046530629582034974,0.00028900362797081936,0.0017566465545964507,-0.00037255784211244155,0.0026709930178362025,-0.0007076242289438424,0.0016881874150665025,-0.0003811870192739863,0.0010817492836333847,-0.00017367456086763946,-0.0006565705122034827,0.00025364066266439066,0.0012714193066841314,-0.00026282953568304524,0.0064846145078999076,-0.0018277252051950327,0.0102849400762751,-0.003193015395788515,0.006508716983147861,-0.0025333636471880313,0.003227213720728629,-0.0009170042801997058,-0.0004967619562744719,0.00026272584940297504,0.00047930908449310313,-1.9726718333271803e-5,0.001050436316210051,-0.00017534041709115663,0.0002544571134476288,1.8333831595914982e-5,0.00017636196250404078,2.5064393141112176e-5,-0.0020132137861505538,0.0007438025888456526,-0.0008141502970511589,0.0004641051382065307,-0.004988873128732459,0.001503636144006223,-0.005186935332969709,0.0014177302405788907,0.0036954666067064127,-0.0010721605409151594,0.019854002678220777,-0.004947255463566568,-0.001776625642955683,-0.0027005868608994963,-0.0008335563770796479,0.00036791734735048176,3.6863910621978004e-6,3.149266776824115e-5,0.0002719526415698381,2.177405483257097e-5
36.0,-6.718968933316193e-5,0.00015454085667306058,-0.000614295833654197,0.00039356967609614334,8.175438877670062e-5,0.00014344428243125143,-0.0005589433116017309,0.00029753702070068813,-0.0010109182908764128,0.00042508946168425574,-0.0011095124221380363,0.0004622020255109866,-0.0010114326445527521,0.00039595573073791275,-0.0009564655029519185,0.0003707496175529195,-0.00023326165922628398,0.0001590770833088089,-0.0018211855315194867,0.0007257497495090442,-0.0015734393292527553,0.0006303361993495278,-0.001522249170560823,0.000579701586460858,-0.0014233714799266142,0.0005936021680975526,-0.00046530629582034974,0.00028900362797081936,0.0017566465545964507,-0.00037255784211244155,0.0026709930178362025,-0.0007076242289438424,0.0016881874150665025,-0.0003811870192739863,0.0010817492836333847,-0.00017367456086763946,-0.0006565705122034827,0.00025364066266439066,0.0012714193066841314,-0.00026282953568304524,0.0064846145078999076,-0.0018277252051950327,0.0102849400762751,-0.003193015395788515,0.006508716983147861,-0.0025333636471880313,0.003227213720728629,-0.0009170042801997058,-0.0004967619562744719,0.00026272584940297504,0.00047930908449310313,-1.9726718333271803e-5,0.001050436316210051,-0.00017534041709115663,0.0002544571134476288,1.8333831595914982e-5,0.00017636196250404078,2.5064393141112176e-5,-0.0020132137861505538,0.0007438025888456526,-0.0008141502970511589,0.0004641051382065307,-0.004988873128732459,0.001503636144006223,-0.005186935332969709,0.0014177302405788907,0.0036954666067064127,-0.0010721605409151594,0.019854002678220777,-0.004947255463566568,-0.001776625642955683,-0.0027005868608994963,-0.0008335563770796479,0.00036791734735048176,3.6863910621978004e-6,3.149266776824115e-5,0.0002719526415698381,2.177405483257097e-5
37.0,-0.010819240093768289,-0.03157444387544002,-0.008083156052293598,-0.033655022282197425,-0.01000211674745855,-0.03269325216504923,-0.010171600717461645,-0.03314954973505218,-0.009640559361428862,-0.03371137603506794,-0.009204913058286116,-0.0338537239316158,-0.010443056749695402,-0.03302968986435106,-0.010767374645915507,-0.03280484878560718,-0.011824127452029914,-0.031390722169783725,-0.007823228569792147,-0.03417933935122605,-0.008344999166759503,-0.03404504274353741,-0.00908984559018326,-0.03382486339629194,-0.008262035784393981,-0.03398831556787231,-0.009104579964876647,-0.03359695946773895,-0.009050130629473022,-0.03331760929575328,-0.00823313480356843,-0.033865162736410125,-0.008740959392560456,-0.03385337079726368,-0.009458737765635779,-0.03330402528425635,-0.0056635635484326265,-0.034783245269300024,-0.0060823582211773225,-0.032592907933695965,-0.0067904022109910814,-0.034001584283543086,-0.004187094809704495,-0.03479319988281893,-0.004215335693731739,-0.03455099921224282,-0.008178941163319969,-0.0340066040652971,-0.007721584917860861,-0.034498143897724105,-0.006492415560357539,-0.03634734438251062,-0.008145734433772582,-0.03480775281680553,-0.002018547450796359,-0.03951022955435453,0.00039305798711535445,-0.04079950941624337,-0.005416109650533172,-0.03357750061744476,-0.00365262058496485,-0.032781122373761816,-0.0024103706371929995,-0.03305424530536613,-0.0024876683749447117,-0.033305250116875885,-0.003129601787297632,-0.033452616917401444,-0.0012415569154376857,-0.03486863892324348,0.0008267698995147843,-0.034849035556424254,-0.005149330199712442,-0.033799058844771995,0.006088719307656728,-0.042970550328124434,-0.01231511568253406,-0.029824395131759888
38.0,0.011804186223137461,0.012831614432427188,0.02178360264779643,0.01016376654934908,0.01605117572322614,0.012596058059896604,0.009771720394849344,0.014698182713183282,0.006841694252475685,0.01564659316021914,0.006167650256113054,0.015836767064621966,0.006824449706130767,0.01544835943012431,0.006997922369061397,0.015329567417296524,0.0061603827580389335,0.014690489073425588,0.005395659243624465,0.015947288356522954,0.005700986050802335,0.015895216577506328,0.006331556506970071,0.01575449495358618,0.006136323911921071,0.01571999641257698,0.007832224788545854,0.01519002424823849,0.008164601858949669,0.014863998976311793,0.007832857198781913,0.014955707215902246,0.01113000199450952,0.014032460111320763,0.013162186186834091,0.013486719590369305,0.003443468838326555,0.01602738514029178,0.0032664650003216633,0.015100807700362763,0.005639851061224121,0.015290229595319012,0.0027857951585414896,0.01585923386248108,0.0030830972409099005,0.015693826145041053,0.007396821114737902,0.015130595156439011,0.0218912589432178,0.009712184908846929,0.014130708513582788,0.012669616342457439,0.013186233502487819,0.013300457380347538,0.009128797547687442,0.013383557221300104,0.00700035461190792,0.0135197988313059,0.032233743019449104,0.0071049695202745665,-0.0007705946335139235,0.01618134571694261,-0.0002549404822158134,0.01577743271658387,-0.0002483716658581099,0.015683851528748564,0.0014383035914662247,0.015560470787931775,-0.0007713410343032559,0.01606805619376315,-0.00040366072220719175,0.015802954122775225,0.02674340645871716,0.006460753414610757,0.0020283548651393443,0.013442577527478766,0.005461349296622854,0.013952237571508803
39.0,-0.0009355378693524082,-0.00038895309529359494,-0.0020182055956228574,0.0003128229835867789,-0.0025000457719285083,0.0004538475079557479,-0.0028673349787970413,0.0006225474488415658,-0.0028803940638509667,0.0006631867964687996,-0.002902442441540749,0.0007105492872509958,-0.002798504671269119,0.0005402361166629507,-0.002726839719951443,0.0004744026519428041,-0.001277470424611329,-0.00028435011233398337,-0.0029703143065859068,0.0009096948471253132,-0.0029508259435462375,0.000838280595467104,-0.0030071942197209037,0.0007933736624695844,-0.002957203848507211,0.0008686996521143851,-0.002914052744259024,0.0007893958499943763,-0.002872278560185184,0.0008947706586118328,-0.002783652700384122,0.0010059483970664715,-0.0025258521133150933,0.0007144712680185602,-0.002529184793685807,0.0005991971563096813,-0.00013746301532462554,0.0009529104694538966,0.001654913974744493,0.0008364659971103039,-0.0038990982813691647,0.0014487541820887937,-0.004971766637370939,0.0020415760908040407,-0.005654637026890814,0.0021302072209214975,-0.0031964665557016026,0.0011156670626405738,-0.001991002434954597,0.0003006524919085598,-0.0015091619015689442,0.00016125590470102198,-0.002005771917672543,0.0003882581208863909,-0.00028800722314800226,-0.0002729457523666707,0.00011413776883536467,-0.000407861482765422,-0.0019060224827629438,0.00044083724580125367,-0.002942246512635709,0.0010915591081265333,-0.002983798793914652,0.001388434308899112,7.582992872257302e-5,0.000976502108617789,0.003793292085266321,0.0006253259711414776,-0.004942182994420092,0.0024699727123959885,-0.009416542821140253,0.0033613082634079455,-0.0021760033192786297,0.0004693529969793563,0.0009695588008624153,-0.0006632870261678511,-0.00024313407914415962,-0.0007783035384410457
40.0,-0.0009355378693524082,-0.00038895309529359494,-0.0020182055956228574,0.0003128229835867789,-0.0025000457719285083,0.0004538475079557479,-0.0028673349787970413,0.0006225474488415658,-0.0028803940638509667,0.0006631867964687996,-0.002902442441540749,0.0007105492872509958,-0.002798504671269119,0.0005402361166629507,-0.002726839719951443,0.0004744026519428041,-0.001277470424611329,-0.00028435011233398337,-0.0029703143065859068,0.0009096948471253132,-0.0029508259435462375,0.000838280595467104,-0.0030071942197209037,0.0007933736624695844,-0.002957203848507211,0.0008686996521143851,-0.002914052744259024,0.0007893958499943763,-0.002872278560185184,0.0008947706586118328,-0.002783652700384122,0.0010059483970664715,-0.0025258521133150933,0.0007144712680185602,-0.002529184793685807,0.0005991971563096813,-0.00013746301532462554,0.0009529104694538966,0.001654913974744493,0.0008364659971103039,-0.0038990982813691647,0.0014487541820887937,-0.004971766637370939,0.0020415760908040407,-0.005654637026890814,0.0021302072209214975,-0.0031964665557016026,0.0011156670626405738,-0.001991002434954597,0.0003006524919085598,-0.0015091619015689442,0.00016125590470102198,-0.002005771917672543,0.0003882581208863909,-0.00028800722314800226,-0.0002729457523666707,0.00011413776883536467,-0.000407861482765422,-0.0019060224827629438,0.00044083724580125367,-0.002942246512635709,0.0010915591081265333,-0.002983798793914652,0.001388434308899112,7.582992872257302e-5,0.000976502108617789,0.003793292085266321,0.0006253259711414776,-0.004942182994420092,0.0024699727123959885,-0.009416542821140253,0.0033613082634079455,-0.0021760033192786297,0.0004693529969793563,0.0009695588008624153,-0.0006632870261678511,-0.00024313407914415962,-0.0007783035384410457
41.0,0.0033385027831264423,0.00031244743127682695,0.007217001829822598,0.0009060706472521845,0.00964625530395955,-0.0006506300539745727,0.009185759341916068,8.010215015922422e-5,0.007875740873140918,0.001071696099079958,0.007673392829800862,0.0012512657579537767,0.0075535384748549855,0.0012185930975516968,0.007419452882926369,0.001169241080422454,0.003617943362086358,0.0004231973252222389,0.007823828760659483,0.0010956568755910185,0.007802166057869952,0.0011379732584800284,0.008282854811682878,0.0009880109982600951,0.008360989314532129,0.0005723301460916274,0.009641287101329403,-0.0007482016693227795,0.01307576451462669,-0.004966796830919323,0.014237631999653243,-0.007135837025070756,0.012340964561116078,-0.004436201741493679,0.011372763133153834,-0.002918241761728842,0.008295006283408813,0.010702356104242937,0.00856681360651665,0.008368055998704637,0.01768979570801402,-0.006198000100920032,0.020872229780945065,-0.005826392013763494,0.031838562028095374,-0.07221510314621321,0.016706634161030607,-0.01621940196505114,0.007616546783246024,0.0003707359954506947,0.008936143523702058,-0.0008778045645367478,0.010649258414549355,-0.002354642584243943,0.006787638619123634,0.0004665499426111141,0.00593170680127295,0.0007483286082431066,0.004472670743586628,0.0032049004776597717,0.004930501779178664,0.0029101755071259928,0.004535517859145111,0.0031589935210682677,0.0018892033157062104,0.025483981744826044,0.008024218037508007,0.005641065407737433,0.0006054838853099683,0.09483910640813728,0.08736597110087671,-0.3049666036534615,0.007474972321783107,0.0005278759556171041,0.003822874186175246,0.0012036541019336817,0.000943831657584852,-0.0001562678256228983
42.0,0.0033385027831264423,0.00031244743127682695,0.007217001829822598,0.0009060706472521845,0.00964625530395955,-0.0006506300539745727,0.009185759341916068,8.010215015922422e-5,0.007875740873140918,0.001071696099079958,0.007673392829800862,0.0012512657579537767,0.0075535384748549855,0.0012185930975516968,0.007419452882926369,0.001169241080422454,0.003617943362086358,0.0004231973252222389,0.007823828760659483,0.0010956568755910185,0.007802166057869952,0.0011379732584800284,0.008282854811682878,0.0009880109982600951,0.008360989314532129,0.0005723301460916274,0.009641287101329403,-0.0007482016693227795,0.01307576451462669,-0.004966796830919323,0.014237631999653243,-0.007135837025070756,0.012340964561116078,-0.004436201741493679,0.011372763133153834,-0.002918241761728842,0.008295006283408813,0.010702356104242937,0.00856681360651665,0.008368055998704637,0.01768979570801402,-0.006198000100920032,0.020872229780945065,-0.005826392013763494,0.031838562028095374,-0.07221510314621321,0.016706634161030607,-0.01621940196505114,0.007616546783246024,0.0003707359954506947,0.008936143523702058,-0.0008778045645367478,0.010649258414549355,-0.002354642584243943,0.006787638619123634,0.0004665499426111141,0.00593170680127295,0.0007483286082431066,0.004472670743586628,0.0032049004776597717,0.004930501779178664,0.0029101755071259928,0.004535517859145111,0.0031589935210682677,0.0018892033157062104,0.025483981744826044,0.008024218037508007,0.005641065407737433,0.0006054838853099683,0.09483910640813728,0.08736597110087671,-0.3049666036534615,0.007474972321783107,0.0005278759556171041,0.003822874186175246,0.0012036541019336817,0.000943831657584852,-0.0001562678256228983
43.0,0.0011233756501814777,-2.0620931864727058e-5,0.0013205732986101635,0.0005556732543847206,0.0029125001890618527,0.00036183226896415225,0.00399855415954333,8.5279150612267e-6,0.004034341445350669,-0.00016792298130574297,0.004052855191081571,-0.00021361044033123245,0.003963886343804355,-0.00013270206264375328,0.003886080810544786,-0.00011534561620029856,0.002199859993307862,-0.00025663873144866103,0.004318066916789642,-0.00037258483945584703,0.004236219774086897,-0.0003124932321894523,0.0043793097085305785,-0.00022860093707544144,0.004335500631235397,-0.00030068751463664217,0.004365437750477623,-0.00014773579848187938,0.005008239665755787,-9.123255433418768e-5,0.005142126901363553,-0.000149264126546901,0.0036740039240763384,0.00029166292858225453,0.003407171207768314,0.00033493595117768573,0.007997678416356076,-0.0013734688630373595,0.009463530736238053,-0.0014558959922574988,0.00530716936233614,-0.00027566199229705997,0.005318456126498035,-0.0005502808367979724,0.005378805546242738,-0.0005022546187425442,0.005196737536692407,-0.000124991988743354,0.0008757841348734095,0.001096137143909789,-0.000665187069367337,0.0017344136287880914,0.0013626337948455052,0.001052980601994136,-0.005100683393723414,0.003216954841938214,-0.0064684769482530645,0.0038325213001464977,0.0005273537689257425,0.0006399665085610715,0.003530639211426309,-0.0005285178573420456,0.0044072395212212635,-0.0009693040812130011,0.007713356084130296,-0.0019949527432103487,0.011452569699283772,-0.0027561652194192494,0.005112479841844628,-0.0008997664840339958,0.005501429976774815,-0.0009507705875295267,0.0004742529208983852,0.0010101357425779443,-0.009140736745260203,0.005085907041907076,0.0009992716509236194,-0.00037401708088992094
44.0,0.0011233756501814777,-2.0620931864727058e-5,0.0013205732986101635,0.0005556732543847206,0.0029125001890618527,0.00036183226896415225,0.00399855415954333,8.5279150612267e-6,0.004034341445350669,-0.00016792298130574297,0.004052855191081571,-0.00021361044033123245,0.003963886343804355,-0.00013270206264375328,0.003886080810544786,-0.00011534561620029856,0.002199859993307862,-0.00025663873144866103,0.004318066916789642,-0.00037258483945584703,0.004236219774086897,-0.0003124932321894523,0.0043793097085305785,-0.00022860093707544144,0.004335500631235397,-0.00030068751463664217,0.004365437750477623,-0.00014773579848187938,0.005008239665755787,-9.123255433418768e-5,0.005142126901363553,-0.000149264126546901,0.0036740039240763384,0.00029166292858225453,0.003407171207768314,0.00033493595117768573,0.007997678416356076,-0.0013734688630373595,0.009463530736238053,-0.0014558959922574988,0.00530716936233614,-0.00027566199229705997,0.005318456126498035,-0.0005502808367979724,0.005378805546242738,-0.0005022546187425442,0.005196737536692407,-0.000124991988743354,0.0008757841348734095,0.001096137143909789,-0.000665187069367337,0.0017344136287880914,0.0013626337948455052,0.001052980601994136,-0.005100683393723414,0.003216954841938214,-0.0064684769482530645,0.0038325213001464977,0.0005273537689257425,0.0006399665085610715,0.003530639211426309,-0.0005285178573420456,0.0044072395212212635,-0.0009693040812130011,0.007713356084130296,-0.0019949527432103487,0.011452569699283772,-0.0027561652194192494,0.005112479841844628,-0.0008997664840339958,0.005501429976774815,-0.0009507705875295267,0.0004742529208983852,0.0010101357425779443,-0.009140736745260203,0.005085907041907076,0.0009992716509236194,-0.00037401708088992094
45.0,0.036152205525574466,-0.006812370586307162,0.015942094778239782,0.000981723296778957,0.016860523445299553,0.002190345350109269,0.02179076531944463,0.000868584889206444,0.025225700759573935,-0.000653621406153339,0.02509664097529537,-0.0008519641971969535,0.027296432188453644,-0.0008884917601736263,0.028162279449705088,-0.0010964719551049466,0.0403053601183114,-0.007083595943636611,0.022691259053556557,-0.0008225802335809733,0.023502244658402623,-0.0007933741719672134,0.02323960278440057,-0.00013357613541615816,0.021947859450072823,-0.0002792440785736225,0.019900234515654088,0.000972413682085697,0.01215951762796819,0.003879450633628394,0.00840155855634159,0.005090215451180502,0.010850940553117997,0.0043886682718341005,0.013245841763923582,0.003598032417004204,0.0012938380390762438,0.006936183030296141,-0.003092632594468673,0.0074510701979973015,0.005794419765707121,0.005623577223991667,0.0027594867962929745,0.006158214435550707,0.0014439642398744958,0.0063821397624019005,0.007505621471652827,0.005363015138562789,0.014680072853517037,0.0025002301513838442,0.009713081943114304,0.00472315891547558,0.010493501459456938,0.004639123507166729,0.004293887713837745,0.0062175446548490875,0.0023182734772534434,0.006652074778102295,0.008283900990207394,0.0014614189419313063,0.0205184672513713,-0.002604939036673199,0.021100697980841725,-0.0036234549312004955,0.00011635888711892944,0.0067846874489595,-0.009339814921205038,0.009383169561769199,0.00150629522036857,0.00614953523117534,-0.007442184841291768,0.00752410838238333,0.013279295371334083,0.0014840705998504988,-0.0020559521188343345,0.007342359561117776,0.04796133951279042,-0.010834509037446807
46.0,0.036152205525574466,-0.006812370586307162,0.015942094778239782,0.000981723296778957,0.016860523445299553,0.002190345350109269,0.02179076531944463,0.000868584889206444,0.025225700759573935,-0.000653621406153339,0.02509664097529537,-0.0008519641971969535,0.027296432188453644,-0.0008884917601736263,0.028162279449705088,-0.0010964719551049466,0.0403053601183114,-0.007083595943636611,0.022691259053556557,-0.0008225802335809733,0.023502244658402623,-0.0007933741719672134,0.02323960278440057,-0.00013357613541615816,0.021947859450072823,-0.0002792440785736225,0.019900234515654088,0.000972413682085697,0.01215951762796819,0.003879450633628394,0.00840155855634159,0.005090215451180502,0.010850940553117997,0.0043886682718341005,0.013245841763923582,0.003598032417004204,0.0012938380390762438,0.006936183030296141,-0.003092632594468673,0.0074510701979973015,0.005794419765707121,0.005623577223991667,0.0027594867962929745,0.006158214435550707,0.0014439642398744958,0.0063821397624019005,0.007505621471652827,0.005363015138562789,0.014680072853517037,0.0025002301513838442,0.009713081943114304,0.00472315891547558,0.010493501459456938,0.004639123507166729,0.004293887713837745,0.0062175446548490875,0.0023182734772534434,0.006652074778102295,0.008283900990207394,0.0014614189419313063,0.0205184672513713,-0.002604939036673199,0.021100697980841725,-0.0036234549312004955,0.00011635888711892944,0.0067846874489595,-0.009339814921205038,0.009383169561769199,0.00150629522036857,0.00614953523117534,-0.007442184841291768,0.00752410838238333,0.013279295371334083,0.0014840705998504988,-0.0020559521188343345,0.007342359561117776,0.04796133951279042,-0.010834509037446807
47.0,-0.004079349919720697,0.007185160884406425,-0.007255057081305427,0.01877647634148356,-0.013225644399412552,-0.004857784097018392,-0.015749088990024293,-0.008329269165949248,-0.015517688844071583,-0.0030206216786612065,-0.015535814388920599,-0.0020289029953205677,-0.015135143859341048,-0.002451136395579174,-0.014791325996909547,-0.0025982553766225967,-0.007145663401730339,-0.0010724214350836937,-0.015381581395591658,-0.00610515451940591,-0.015471044405340657,-0.004840825211990978,-0.01604650886413229,-0.007028476237518989,-0.015665444184692297,-0.008806824946562587,-0.01624265710142178,-0.01557064061691251,-0.01834998529865362,-0.04217772567172268,-0.018206057455797127,-0.054444374873813116,-0.016722161599799248,-0.0347518190412434,-0.015593515910953348,-0.023323041659531543,-0.005916487590642261,-0.21555620603067105,-0.022051120505956954,-0.1563790804479122,-0.023257992071194944,-0.015769997989703733,-0.02743339602903625,0.02453752600483958,-0.026467555582464792,0.021802709359138448,-0.02022589705897478,-0.04366627980414336,-0.012156340632087145,0.013167517561828197,-0.01408634093503084,-0.008378300532085938,-0.016008097540638408,-0.02041840294122421,-0.011594507296193782,-0.004470347758870098,-0.010416491424012037,-0.0030041915715124804,-0.0036335321293211012,0.06510608822893033,-0.016615973518101422,0.015309815753863337,-0.013169018621349848,0.0015670325025073579,0.025318545259145814,-0.37461113856845946,-0.025454671838682375,-0.10085445968489708,-0.0351653739973316,0.06974145422985906,-0.030580097942160964,0.06673781947762567,-0.012629581371185312,0.013520605052984658,-0.007579518734707021,0.00033905077569284993,-0.0017702589738492628,0.00011493573909668945
48.0,-0.004079349919720697,0.007185160884406425,-0.007255057081305427,0.01877647634148356,-0.013225644399412552,-0.004857784097018392,-0.015749088990024293,-0.008329269165949248,-0.015517688844071583,-0.0030206216786612065,-0.015535814388920599,-0.0020289029953205677,-0.015135143859341048,-0.002451136395579174,-0.014791325996909547,-0.0025982553766225967,-0.007145663401730339,-0.0010724214350836937,-0.015381581395591658,-0.00610515451940591,-0.015471044405340657,-0.004840825211990978,-0.01604650886413229,-0.007028476237518989,-0.015665444184692297,-0.008806824946562587,-0.01624265710142178,-0.01557064061691251,-0.01834998529865362,-0.04217772567172268,-0.018206057455797127,-0.054444374873813116,-0.016722161599799248,-0.0347518190412434,-0.015593515910953348,-0.023323041659531543,-0.005916487590642261,-0.21555620603067105,-0.022051120505956954,-0.1563790804479122,-0.023257992071194944,-0.015769997989703733,-0.02743339602903625,0.02453752600483958,-0.026467555582464792,0.021802709359138448,-0.02022589705897478,-0.04366627980414336,-0.012156340632087145,0.013167517561828197,-0.01408634093503084,-0.008378300532085938,-0.016008097540638408,-0.02041840294122421,-0.011594507296193782,-0.004470347758870098,-0.010416491424012037,-0.0030041915715124804,-0.0036335321293211012,0.06510608822893033,-0.016615973518101422,0.015309815753863337,-0.013169018621349848,0.0015670325025073579,0.025318545259145814,-0.37461113856845946,-0.025454671838682375,-0.10085445968489708,-0.0351653739973316,0.06974145422985906,-0.030580097942160964,0.06673781947762567,-0.012629581371185312,0.013520605052984658,-0.007579518734707021,0.00033905077569284993,-0.0017702589738492628,0.00011493573909668945
49.0,0.004178963777538848,0.0007823310849183218,0.006265597585992679,0.0009741696723930479,0.008950091059601324,0.0007015475828522128,0.010075140633838625,0.00023578456010830862,0.009787773467915487,5.16100409015328e-6,0.009752439498808723,-8.882234413797975e-5,0.00960428844030039,0.00015750643385092854,0.009447245470089172,0.0002278107957998686,0.005602656450469351,0.00048676108478705834,0.010072338493871963,-0.0004884839784234819,0.00998354781402967,-0.0003406426142222966,0.01030751156942818,-0.0001718866254731062,0.010178926420575623,-0.0003627038182342034,0.010397543856436771,-0.00010864358929839017,0.01131835933164289,-0.00014453613933696987,0.011388418165571963,-0.0003422003796653571,0.010407250458389444,0.00021794614759103583,0.009917634258408154,0.0004524204144847664,0.01274690912837765,-0.0017522388075315338,0.01344050118840976,-0.0017114276079524334,0.011531573338097283,-0.0008130700396136065,0.011338743370923427,-0.0016189313018809858,0.01162905710214764,-0.0016571604234345378,0.011467811376249266,-0.00036614394193512564,0.006373347420172818,0.00083203258478352,0.008353985519953156,0.0011350818371343224,0.009480870569774279,0.0008189186198246637,0.007629516556156138,0.0017466805596544966,0.007176406066887037,0.001785758394227377,0.0033839586456708365,0.001227311949535214,0.008214820280499347,-0.000855684968909814,0.00943546168065346,-0.0018139954261669202,0.011505338901443202,-0.002634876723275018,0.014503592807950187,-0.003317136998225387,0.010427192927760339,-0.002396126223707708,0.012230952458562424,-0.0034000150233212244,0.0048798799900431865,0.00015291894771204557,0.005863836925377954,0.0017293208657814165,0.002843556717679659,0.0005980424937321521
50.0,0.004178963777538848,0.0007823310849183218,0.006265597585992679,0.0009741696723930479,0.008950091059601324,0.0007015475828522128,0.010075140633838625,0.00023578456010830862,0.009787773467915487,5.16100409015328e-6,0.009752439498808723,-8.882234413797975e-5,0.00960428844030039,0.00015750643385092854,0.009447245470089172,0.0002278107957998686,0.005602656450469351,0.00048676108478705834,0.010072338493871963,-0.0004884839784234819,0.00998354781402967,-0.0003406426142222966,0.01030751156942818,-0.0001718866254731062,0.010178926420575623,-0.0003627038182342034,0.010397543856436771,-0.00010864358929839017,0.01131835933164289,-0.00014453613933696987,0.011388418165571963,-0.0003422003796653571,0.010407250458389444,0.00021794614759103583,0.009917634258408154,0.0004524204144847664,0.01274690912837765,-0.0017522388075315338,0.01344050118840976,-0.0017114276079524334,0.011531573338097283,-0.0008130700396136065,0.011338743370923427,-0.0016189313018809858,0.01162905710214764,-0.0016571604234345378,0.011467811376249266,-0.00036614394193512564,0.006373347420172818,0.00083203258478352,0.008353985519953156,0.0011350818371343224,0.009480870569774279,0.0008189186198246637,0.007629516556156138,0.0017466805596544966,0.007176406066887037,0.001785758394227377,0.0033839586456708365,0.001227311949535214,0.008214820280499347,-0.000855684968909814,0.00943546168065346,-0.0018139954261669202,0.011505338901443202,-0.002634876723275018,0.014503592807950187,-0.003317136998225387,0.010427192927760339,-0.002396126223707708,0.012230952458562424,-0.0034000150233212244,0.0048798799900431865,0.00015291894771204557,0.005863836925377954,0.0017293208657814165,0.002843556717679659,0.0005980424937321521
51.0,-0.022886212948045565,-0.027867465952588526,-0.04599147440070997,-0.021586658580531118,-0.03572281778790062,-0.024047685986615063,-0.023208736328867316,-0.027906760825597638,-0.01732498843805429,-0.029895145445270426,-0.01605833304372708,-0.030199177049016063,-0.01702513708981202,-0.029787660295097964,-0.017179192279409033,-0.02970829607033517,-0.01207018484838423,-0.03061125744162568,-0.014128807917747042,-0.03017485718722593,-0.014873196852599144,-0.03015494089737754,-0.01614870897144342,-0.029879271036082813,-0.015673864577954586,-0.02966204140471354,-0.01919510329430664,-0.028432553982576107,-0.019872454055985034,-0.026668057814465705,-0.01915297268944737,-0.026240554780261462,-0.027174988442511244,-0.023428460316929564,-0.030758796383511307,-0.02370789060598488,-0.009034033955652516,-0.028575333011500822,-0.007429609456089938,-0.02724116106935902,-0.014113902525362751,-0.02700287395097483,-0.007732997727467304,-0.028075692764983624,-0.007988654712292332,-0.027835006735944686,-0.01800206425588894,-0.026658239087599508,-0.07244070133807294,0.008082380873873102,-0.04006562692893812,-0.01143976412338922,-0.03508759753788725,-0.017243641998590353,-0.022346822064223993,-0.015432425208999945,-0.01580605040675281,-0.016342661572071423,-0.0021200481173224025,-0.027546418065380513,-0.004099267124509565,-0.030100979442740806,-0.0016417025262185582,-0.029731439713145808,-0.001631989030189813,-0.027906152687608692,-0.002538038884567109,-0.028323925761522595,-0.0003848765082273918,-0.028380955075956466,0.0009113441372150735,-0.028063136496926457,-0.17674644014663768,0.03916658688191608,-0.0010722186289195165,-0.017462561953722155,-0.008279667018450702,-0.030555158406751985
52.0,0.003131667642619609,0.007370553808056626,0.006189149265874672,0.02076355230847472,0.006210679048487129,0.0022385430187698736,0.007754868434412616,-0.023151762558335287,0.012888564716925762,-0.053394785230495075,0.01406472660738178,-0.060106344282532406,0.012305045987428537,-0.052874286003340036,0.011705559650480455,-0.04972500161769882,0.006040553368032448,-0.021025338179570786,-0.00039056055691716936,0.00381205306197302,0.004385466389043512,-0.01764345072433928,0.002550181790044362,-0.0089886957780235,0.0009119386047629102,-0.0006074077843972117,0.0037328894529148416,-0.00901456741475425,0.003600435577264859,-0.003009143853179579,0.0035182495910553928,-0.0005323442839672052,0.004349879417474803,0.0013611168671078505,0.005101992344479705,0.0017130238501833486,0.002575769421900388,-0.001771839246030404,0.00221341455905793,-0.0010149473004357576,0.0029771623470102614,0.0003120161293570609,0.0023121793370861903,0.0011169988445991956,0.002345830658158674,0.0007994589449072944,0.003357087631968807,-0.00029331967654638326,0.003970922850429309,0.017706406433099803,0.004145589223347766,0.006775775021189379,0.004352646634941941,0.004283136445376834,0.0036655318040724294,0.002639351735143127,0.0033601481337359124,0.0012613820197308386,0.004512110538063484,0.05506428259050139,0.06884657918558511,-0.24160982390841,-0.04223226489428242,0.12843511412809502,0.001926428317178765,-0.003320278490630246,0.001874470752897483,-0.00044353758985519743,0.0014249965373238996,0.0023662770188045026,0.0015180352642378216,0.0006123891761022972,0.0025498527091938755,0.017396719762774855,0.0026934688673812606,-0.001729457638830597,0.001582173046375379,-0.0009595188445948584
53.0,0.003131667642619609,0.007370553808056626,0.006189149265874672,0.02076355230847472,0.006210679048487129,0.0022385430187698736,0.007754868434412616,-0.023151762558335287,0.012888564716925762,-0.053394785230495075,0.01406472660738178,-0.060106344282532406,0.012305045987428537,-0.052874286003340036,0.011705559650480455,-0.04972500161769882,0.006040553368032448,-0.021025338179570786,-0.00039056055691716936,0.00381205306197302,0.004385466389043512,-0.01764345072433928,0.002550181790044362,-0.0089886957780235,0.0009119386047629102,-0.0006074077843972117,0.0037328894529148416,-0.00901456741475425,0.003600435577264859,-0.003009143853179579,0.0035182495910553928,-0.0005323442839672052,0.004349879417474803,0.0013611168671078505,0.005101992344479705,0.0017130238501833486,0.002575769421900388,-0.001771839246030404,0.00221341455905793,-0.0010149473004357576,0.0029771623470102614,0.0003120161293570609,0.0023121793370861903,0.0011169988445991956,0.002345830658158674,0.0007994589449072944,0.003357087631968807,-0.00029331967654638326,0.003970922850429309,0.017706406433099803,0.004145589223347766,0.006775775021189379,0.004352646634941941,0.004283136445376834,0.0036655318040724294,0.002639351735143127,0.0033601481337359124,0.0012613820197308386,0.004512110538063484,0.05506428259050139,0.06884657918558511,-0.24160982390841,-0.04223226489428242,0.12843511412809502,0.001926428317178765,-0.003320278490630246,0.001874470752897483,-0.00044353758985519743,0.0014249965373238996,0.0023662770188045026,0.0015180352642378216,0.0006123891761022972,0.0025498527091938755,0.017396719762774855,0.0026934688673812606,-0.001729457638830597,0.001582173046375379,-0.0009595188445948584
54.0,-0.0026426287275940993,0.01613397658094911,0.0011862439139589845,0.04902117996387871,-0.0008996387338623654,0.061298852702285286,-0.009351992480078395,0.08913581578345997,-0.014313910955852889,0.10132937141682032,-0.015656450856369797,0.1057090919878673,-0.013185981032412825,0.09519620066147857,-0.012507849374213603,0.09073723004182936,-0.008093305154254223,0.0348587977796959,-0.019189156035239286,0.11844397843772726,-0.017868091885703357,0.11388319503458176,-0.015807473523888255,0.11148499052195801,-0.016894491347913022,0.11193204228526454,-0.011700029567618323,0.09679554857790142,-0.004006254586829262,0.07662688089095761,-0.0018755546260728329,0.06975642646558258,-0.0005521564452295819,0.05745923135002343,-0.0003732365106605156,0.05864940759650282,0.008760327564948505,0.00553033824125908,0.020069035904052176,-0.04331199491829566,-0.008590161037739925,0.10212230590341774,-0.01803424638769995,0.13837953873741718,-0.01837390140588587,0.1378699270370054,-0.0032207208480632917,0.07934474317708054,-0.0034485066491217586,0.039463502477285244,0.0023839843167215227,0.008780281291637613,0.0017320917040838124,0.030766266626050507,0.007334352382375745,-0.04904138291162939,0.009868080141911895,-0.06803369599074735,0.0013584922824760094,0.06475114696474983,-0.028247506833551157,0.13503427103099502,-0.040826205487499115,0.16348430818736778,0.005727457844507572,0.005902268909661669,0.0388105631533753,-0.11170319535387564,-0.029085476839723512,0.17263774433042578,-0.0397929889644926,0.1859008636529719,-0.00604154329211889,0.0393312157675279,0.017611606903764693,-0.10750356181273436,-0.004029709796422981,-0.004192526720828876
55.0,-0.0026426287275940993,0.01613397658094911,0.0011862439139589845,0.04902117996387871,-0.0008996387338623654,0.061298852702285286,-0.009351992480078395,0.08913581578345997,-0.014313910955852889,0.10132937141682032,-0.015656450856369797,0.1057090919878673,-0.013185981032412825,0.09519620066147857,-0.012507849374213603,0.09073723004182936,-0.008093305154254223,0.0348587977796959,-0.019189156035239286,0.11844397843772726,-0.017868091885703357,0.11388319503458176,-0.015807473523888255,0.11148499052195801,-0.016894491347913022,0.11193204228526454,-0.011700029567618323,0.09679554857790142,-0.004006254586829262,0.07662688089095761,-0.0018755546260728329,0.06975642646558258,-0.0005521564452295819,0.05745923135002343,-0.0003732365106605156,0.05864940759650282,0.008760327564948505,0.00553033824125908,0.020069035904052176,-0.04331199491829566,-0.008590161037739925,0.10212230590341774,-0.01803424638769995,0.13837953873741718,-0.01837390140588587,0.1378699270370054,-0.0032207208480632917,0.07934474317708054,-0.0034485066491217586,0.039463502477285244,0.0023839843167215227,0.008780281291637613,0.0017320917040838124,0.030766266626050507,0.007334352382375745,-0.04904138291162939,0.009868080141911895,-0.06803369599074735,0.0013584922824760094,0.06475114696474983,-0.028247506833551157,0.13503427103099502,-0.040826205487499115,0.16348430818736778,0.005727457844507572,0.005902268909661669,0.0388105631533753,-0.11170319535387564,-0.029085476839723512,0.17263774433042578,-0.0397929889644926,0.1859008636529719,-0.00604154329211889,0.0393312157675279,0.017611606903764693,-0.10750356181273436,-0.004029709796422981,-0.004192526720828876
56.0,0.007874691925988641,-0.009207245200495815,0.010944254539990967,-0.024739106530431227,0.016852795896798552,-0.028921942626579537,0.03093784637096655,-0.0811647716850922,0.0380446808536408,-0.1140099516856824,0.039951051885386356,-0.12250949382974731,0.03625829199499309,-0.10911216786148384,0.03487817609589862,-0.10344032376898457,0.018218047624284518,-0.042321362688289205,0.045290808232531,-0.13992354704915264,0.04336399272261547,-0.13344082459619716,0.04121247416143732,-0.1262953596608955,0.0415901178304308,-0.12317810401727204,0.03288410373030624,-0.08319422649368065,0.01668057257986545,-0.00030526803012172703,0.00962694965938802,0.03546445781452124,0.012029560824646702,0.013940688871746905,0.013919433627957816,-0.0023294658354548266,0.008098971054286308,0.030593931432384543,0.01091672284873073,0.016863720863400142,-0.0007786842158640575,0.08740804616187636,-0.013952776868423708,0.14339685264382362,-0.014605573529557736,0.14193221360965708,0.00673867873341298,0.05077138456584477,0.014347142636497466,-0.01912953733341813,0.012080114685095247,-0.0003115226997838957,0.012445841040563125,0.00631969056044509,0.009282541732061032,0.0026098388802022225,0.008110573833589136,0.003356287711167676,0.006397708861936948,-0.0371182438478055,0.05713007770498725,-0.18476711850424826,0.08068487955564098,-0.24257735084180276,0.003062564370871001,0.03715608915416518,0.01264063861720747,0.0008416814692777612,-0.029800382183464747,0.1993673046027259,-0.04309038350714758,0.2122082042405771,0.015296632100555124,-0.01930200054567605,0.005154825591395967,0.004720141738501313,0.0054551936534020014,0.00029301565251309487
57.0,0.007874691925988641,-0.009207245200495815,0.010944254539990967,-0.024739106530431227,0.016852795896798552,-0.028921942626579537,0.03093784637096655,-0.0811647716850922,0.0380446808536408,-0.1140099516856824,0.039951051885386356,-0.12250949382974731,0.03625829199499309,-0.10911216786148384,0.03487817609589862,-0.10344032376898457,0.018218047624284518,-0.042321362688289205,0.045290808232531,-0.13992354704915264,0.04336399272261547,-0.13344082459619716,0.04121247416143732,-0.1262953596608955,0.0415901178304308,-0.12317810401727204,0.03288410373030624,-0.08319422649368065,0.01668057257986545,-0.00030526803012172703,0.00962694965938802,0.03546445781452124,0.012029560824646702,0.013940688871746905,0.013919433627957816,-0.0023294658354548266,0.008098971054286308,0.030593931432384543,0.01091672284873073,0.016863720863400142,-0.0007786842158640575,0.08740804616187636,-0.013952776868423708,0.14339685264382362,-0.014605573529557736,0.14193221360965708,0.00673867873341298,0.05077138456584477,0.014347142636497466,-0.01912953733341813,0.012080114685095247,-0.0003115226997838957,0.012445841040563125,0.00631969056044509,0.009282541732061032,0.0026098388802022225,0.008110573833589136,0.003356287711167676,0.006397708861936948,-0.0371182438478055,0.05713007770498725,-0.18476711850424826,0.08068487955564098,-0.24257735084180276,0.003062564370871001,0.03715608915416518,0.01264063861720747,0.0008416814692777612,-0.029800382183464747,0.1993673046027259,-0.04309038350714758,0.2122082042405771,0.015296632100555124,-0.01930200054567605,0.005154825591395967,0.004720141738501313,0.0054551936534020014,0.00029301565251309487
58.0,-0.1306094416759235,-0.17682370162051742,-0.055226313714297176,-0.20172858513509254,-0.07541295620330335,-0.1962852500588265,-0.08640867934940087,-0.1984945152613655,-0.08942223360273995,-0.20074113037528335,-0.0861870899531819,-0.20156710072287604,-0.09912417081928959,-0.19629609438252274,-0.103514420395293,-0.19449668201173614,-0.14718973589546927,-0.17603691050923312,-0.07190836762506983,-0.2039880574263195,-0.07706139018730307,-0.20305447848810895,-0.08094844637490352,-0.20237335328305867,-0.07424474557414158,-0.20306994433388315,-0.07820048957018162,-0.20121057161165584,-0.07229259438088054,-0.20070323312254496,-0.06443754473101408,-0.20426957232649712,-0.06807782118570219,-0.20336190330533607,-0.07239765524343553,-0.2001012321312537,-0.0449338949854479,-0.2104947839491491,-0.04614925080586896,-0.1978398123824592,-0.05409739946027247,-0.20521617566675293,-0.0362785432512475,-0.20977915910858658,-0.0363448899389816,-0.20836880603756436,-0.06361719096631452,-0.20531613088235245,-0.03485493836143552,-0.22385725890472843,-0.05596478654932414,-0.2147275767026357,-0.06555860040831624,-0.20739568094409075,-0.05006827886105438,-0.21606023311550468,-0.04186038740179795,-0.21714002316391096,-0.0431957243502505,-0.20035160949658856,-0.04176570267537071,-0.1945577735065269,-0.029288945124151474,-0.19602365427326005,-0.022647426681051783,-0.201349426043808,-0.02659127159101887,-0.20286684623289453,-0.01617436917948726,-0.20982227415152427,-0.0025806254164114904,-0.20940737615482474,0.05571597829739513,-0.23847267465456332,-0.01977345698283994,-0.21622260159121756,-0.17447377948785225,-0.16068088405176706
59.0,0.016613822918518244,0.0030115399790050026,-0.017523133243631993,0.015557204512029474,-0.006650659404449719,0.007968381468961604,0.0055728658906728365,0.0036436184877994835,0.012254210329068796,0.001725367806987699,0.012823376516620093,0.0014049807764454356,0.014585149681687243,0.0014231121403370738,0.015330611490666269,0.0013395377002873563,0.02867559902930135,-0.0018090567303058345,0.010243185488047047,0.001514843943081236,0.011080868488553724,0.0014989991561680837,0.010300432178974145,0.0018690246643994443,0.008997267447688353,0.0019218130770367115,0.005768714291630909,0.002894567864434506,-0.0009173793774110389,0.0036547532322853907,-0.003843472830692179,0.004123807056948562,-0.0031356568191169324,0.0032168186961401037,-0.004475672084754458,0.0049851920030837505,-0.008421072750909241,0.005998625319443433,-0.009997775633265,0.0058419488922535415,-0.005115706216432987,0.004674979489034788,-0.006397541812620772,0.00548992108937724,-0.00677769395446134,0.005505872239243556,-0.0042247746314512,0.004249501514566255,0.011736162116954099,-0.017052913623582244,0.004672784555224753,-0.007075210261251238,0.0011232045845482046,-0.002257392222268086,0.0051204027537051396,-0.007488966775730427,0.005319434316701641,-0.007796929821902094,-0.11915935688310099,0.03886356475153923,0.01708795044894548,-0.001294674129244633,0.011750860689725738,-0.0003290754253435045,-0.009323241145066292,0.006745358627667729,-0.012593737714171101,0.007471281740128115,-0.007027404661536753,0.006124148463964634,-0.009894621879615022,0.006904593217448776,0.10980709683560576,-0.04142317040242609,0.0056202538379507595,-0.00842632860061044,0.037338209825769415,-0.003702070168989044
60.0,-0.03768322568653308,-0.0015555769939202104,0.013561154186538252,-0.01921642206342338,0.0016591678899987017,-0.01338193918750825,-0.015171954668364337,-0.008139910856687504,-0.027454503347942433,-0.004339501148384898,-0.028536703282720705,-0.003719711424831192,-0.031598528469247725,-0.003699944573959353,-0.0328312368834941,-0.003502379182893144,-0.05455648648195601,0.003436653000263558,-0.022429469494135205,-0.0046669037770519575,-0.02440952139018787,-0.004403240834070654,-0.022527330075189887,-0.005438064053831937,-0.01945527162817552,-0.005806932634355769,-0.011758235051398808,-0.008580552300490053,0.01063233150455211,-0.015241531318411834,0.020234826010461116,-0.018785478899533088,0.0023845936865599794,-0.012444441709543829,0.0020528298983103523,-0.012731793230066719,0.05553119486528955,-0.032151244028445505,0.06832574100068631,-0.032051849570049605,0.02994956975536647,-0.02257901865426739,0.03967962455463035,-0.027815963478278322,0.042293355843167464,-0.027999997424598903,0.02324087322794627,-0.019707965237111335,-0.0010737053985150685,-0.002639883957618992,-0.059329707287568506,0.012759580995542115,-0.03166068560488422,0.00043406550249756274,-0.1451380767372118,0.04305764037911092,-0.17003898036467158,0.05636302584722332,0.0883569938746066,-0.036428916600336994,-0.03925050761454773,0.002620852007308815,-0.026234529407351877,-0.000486574296280332,0.06298550293184717,-0.037695684151335083,0.0877332345159753,-0.043369750861284,0.045057038803972105,-0.03190098731074991,0.06452427041430989,-0.03701002727924188,-0.0040797133951855705,-0.0017713759873691209,-0.2162781523385758,0.08441324605324103,-0.06853286775667394,0.007749419082222469
61.0,-0.017046652777854884,-0.006914227970294517,0.006889154815860528,-0.014132544142024793,0.023324648230975905,-0.016424048373822265,0.050730888829326554,-0.025795245980914427,0.06405487813197147,-0.0320516756721046,0.06778036544188192,-0.034084476514304254,0.06153334902552816,-0.029732918997824372,0.05808579155505057,-0.028080292999547715,0.0052424400666750675,-0.012919008952069684,0.06730315788643013,-0.03607687774376444,0.06738306973898371,-0.03523233229491976,0.06599484036401672,-0.0328760918402229,0.06280667189296392,-0.03347738981612009,0.05149142488323002,-0.027518010367430342,0.027974820555478834,-0.01756481067641085,0.017290821876358345,-0.0139737085824616,0.017446977781215046,-0.013104412702573388,0.01973788362247877,-0.01420637909112873,0.003278937529018328,-0.011258087400299353,-0.0036618557785640478,-0.009141619641129731,0.014062203226141198,-0.01376448136329635,0.010631972889847414,-0.014253655540804214,0.009766108649462434,-0.013980815482884882,0.016074887295371237,-0.013727430334645683,-0.00933341549780869,0.004011195216744804,0.008715599609883579,-0.006105462750437953,0.01280819885503158,-0.009066959059342263,0.01518028622233785,-0.00862192673921912,0.017083337608863963,-0.00983784077769748,0.03758083752896095,-0.021304990414737476,0.11089232053075619,-0.05197140960372365,0.08616748723070576,-0.04862632831169694,-0.000881081523392239,-0.010266463222824554,-0.011309275098697572,-0.007315094963879657,0.008130628844037776,-0.014907612016461258,0.0027628405250059787,-0.014635097490568258,-0.07397345334352419,0.020348982529038943,0.0205183914622646,-0.012400625940723624,-0.03143370641104412,-0.003080173830024296
62.0,-0.017046652777854884,-0.006914227970294517,0.006889154815860528,-0.014132544142024793,0.023324648230975905,-0.016424048373822265,0.050730888829326554,-0.025795245980914427,0.06405487813197147,-0.0320516756721046,0.06778036544188192,-0.034084476514304254,0.06153334902552816,-0.029732918997824372,0.05808579155505057,-0.028080292999547715,0.0052424400666750675,-0.012919008952069684,0.06730315788643013,-0.03607687774376444,0.06738306973898371,-0.03523233229491976,0.06599484036401672,-0.0328760918402229,0.06280667189296392,-0.03347738981612009,0.05149142488323002,-0.027518010367430342,0.027974820555478834,-0.01756481067641085,0.017290821876358345,-0.0139737085824616,0.017446977781215046,-0.013104412702573388,0.01973788362247877,-0.01420637909112873,0.003278937529018328,-0.011258087400299353,-0.0036618557785640478,-0.009141619641129731,0.014062203226141198,-0.01376448136329635,0.010631972889847414,-0.014253655540804214,0.009766108649462434,-0.013980815482884882,0.016074887295371237,-0.013727430334645683,-0.00933341549780869,0.004011195216744804,0.008715599609883579,-0.006105462750437953,0.01280819885503158,-0.009066959059342263,0.01518028622233785,-0.00862192673921912,0.017083337608863963,-0.00983784077769748,0.03758083752896095,-0.021304990414737476,0.11089232053075619,-0.05197140960372365,0.08616748723070576,-0.04862632831169694,-0.000881081523392239,-0.010266463222824554,-0.011309275098697572,-0.007315094963879657,0.008130628844037776,-0.014907612016461258,0.0027628405250059787,-0.014635097490568258,-0.07397345334352419,0.020348982529038943,0.0205183914622646,-0.012400625940723624,-0.03143370641104412,-0.003080173830024296
63.0,0.0059443773112943755,-0.001106244636536977,0.001665798919908802,0.000958059133689893,0.011251494491331625,-0.0015133800048244962,0.030017292789503897,-0.007716027267491555,0.04025896729417411,-0.011871190754157485,0.04234019657784652,-0.013028578041547327,0.040460528557692034,-0.011006822602685611,0.03924973769416468,-0.010296893380404381,0.021315032000306988,-0.005411848448214644,0.04005345348760657,-0.013672497834217782,0.04076626370995277,-0.013357075040437575,0.039581374004611966,-0.011921487755059844,0.03704765058005039,-0.01209893470371479,0.029393655687498656,-0.008442496948790847,0.011623366225257,-0.001813244124087743,0.0036424350191792804,0.0009371301074636688,0.004743759914150363,0.0007264803374351491,0.007270784507353099,-9.398922466446592e-5,-0.06850809448473918,0.023670951821402393,-0.09801728619969806,0.02726922619523897,0.024735999831831834,-0.00550942642965968,0.04598679895275245,-0.012921535231733049,0.05108921322262925,-0.013625470619687203,0.010534624288062682,-0.0009391505668316311,-9.762164409810012e-5,0.0030109932212586555,-0.0013110756094682917,0.0031504649515998436,0.00151663263177922,0.00199809954933891,-0.006799942139023914,0.004999437049475987,-0.008505214478522316,0.005785018704475616,-0.007881862611715626,0.002893035444102077,0.065745860441564,-0.023626275378086568,0.04955139396713088,-0.021024612539487182,-0.08583155167157507,0.03281779835884367,-0.13771114746086582,0.045712566652321276,0.0595078375457212,-0.018446744702272012,0.0960815007630685,-0.02655394523277987,-0.005002077874108885,0.004146631116413676,-0.011831169068006037,0.00738180635193522,0.008486433742969843,-0.00221609155397132
64.0,0.04518268778698209,-0.013220079035702942,0.004255642058609577,-0.00028251402550014,0.0067112359635876076,0.00014662022650531692,0.00805134863445014,0.0004092597759526139,0.005720960096753628,0.0013722267542307025,0.003940048885361136,0.001946306617249056,0.008861370507933678,0.0005696719574561954,0.011229190371858553,-0.0002199291597546269,0.04619275233337116,-0.012242311289401788,0.01380872855671095,-0.0017964734109620186,0.010507955350104885,-0.0005111639916466065,0.011914615245474568,-0.0007406056005922803,0.012816884964884073,-0.0013968600115052872,0.010687097911005654,-0.0006299707846193972,0.010428639793687397,-0.0008429119739922179,0.01002343816273122,-0.0011141370256470581,0.007942820170941611,3.751839014283802e-5,0.007521899157294204,0.0001181859720379155,0.0030838204422097876,0.0002567237039428435,-0.007388480829802978,0.0023662749592930675,0.019570587960552763,-0.004139403577421931,0.02896825565151826,-0.007862275119813645,0.002687627116924305,-0.002785271249212366,0.008988159133201846,-0.0012344366879404704,-0.002113049775408485,0.0067918824167202164,0.001832973484041672,0.00385463487732284,0.004740384558260949,0.0021032320020021203,-0.00010532083601479419,0.004430448119484977,-0.0008254718922096536,0.004653804137725379,-0.001940849577809449,0.0007289010861556221,-0.04283431037160053,0.013243298663977639,0.03483713773529062,-0.008019404452486915,0.008145964143663984,-0.001061815610175083,-0.020655606328969976,0.006071784508351662,0.07864939735080465,-0.016193138880151427,-0.07699074122125935,0.006648618942824229,-0.025379628743927567,0.012463805484556004,-0.0023774582938689516,0.00504231590399673,0.06952662905768339,-0.019671362687069503
65.0,0.02826713193929433,-0.009789512622575882,0.0018936104732013713,-0.0013988901174733144,-0.0002773505759185247,-0.00015843145945752568,-0.0004831293244517994,0.00024379467942450188,0.0013448351425076471,-0.00017344627159171215,0.0008154267643035363,7.229070552025642e-6,0.0037576044407123827,-0.0008316209912307066,0.005193494168046777,-0.0013119428106443134,0.028424946456900163,-0.009145307961385999,-0.0035048927140275397,0.0014212392304466309,-0.0020578097859677157,0.0009358647907991154,-0.0026443291420696386,0.00103979893167291,-0.003149142056737881,0.0012565146486467648,-0.0024269799301668256,0.0009292561122740974,-0.00410477513433538,0.0014504457217428134,-0.004732236523587772,0.0017837596783961758,-0.0031134333347503066,0.0012126257347568484,-0.0020419665882259637,0.0006741953644596162,-0.017099875802451564,0.006177008534144122,0.01594407983227613,-0.000998580793349147,-0.0011158593487998047,0.0009321519170112768,0.0026465617625911456,0.00010859232329398613,0.00036737648170188545,0.0005525792888291642,-0.003989490950219937,0.0015534177692209006,-0.0009609397893452867,0.00182058402557724,-0.001410917431533862,0.0012946356131796285,-0.0022185020496799787,0.0012183967861992171,-0.00039488102695810516,0.0010423294960521666,-8.673891448135046e-5,0.0009786681789373344,-0.0004290934589534663,-0.0010442909539312712,-0.0031983658348815544,0.0009245310897739158,-0.01246378398544251,0.0037061969061315168,-0.05898951429161157,0.015899209394847357,0.05710548281417803,-0.011709574164290625,0.010057441256839106,-0.000988082029541061,-0.0027623558689900377,0.0008924578287329247,-0.009739854862299262,0.0039889042669633045,0.0005558221762217277,0.0008566228382465887,0.043972198855638356,-0.013956836428395706
66.0,0.02826713193929433,-0.009789512622575882,0.0018936104732013713,-0.0013988901174733144,-0.0002773505759185247,-0.00015843145945752568,-0.0004831293244517994,0.00024379467942450188,0.0013448351425076471,-0.00017344627159171215,0.0008154267643035363,7.229070552025642e-6,0.0037576044407123827,-0.0008316209912307066,0.005193494168046777,-0.0013119428106443134,0.028424946456900163,-0.009145307961385999,-0.0035048927140275397,0.0014212392304466309,-0.0020578097859677157,0.0009358647907991154,-0.0026443291420696386,0.00103979893167291,-0.003149142056737881,0.0012565146486467648,-0.0024269799301668256,0.0009292561122740974,-0.00410477513433538,0.0014504457217428134,-0.004732236523587772,0.0017837596783961758,-0.0031134333347503066,0.0012126257347568484,-0.0020419665882259637,0.0006741953644596162,-0.017099875802451564,0.006177008534144122,0.01594407983227613,-0.000998580793349147,-0.0011158593487998047,0.0009321519170112768,0.0026465617625911456,0.00010859232329398613,0.00036737648170188545,0.0005525792888291642,-0.003989490950219937,0.0015534177692209006,-0.0009609397893452867,0.00182058402557724,-0.001410917431533862,0.0012946356131796285,-0.0022185020496799787,0.0012183967861992171,-0.00039488102695810516,0.0010423294960521666,-8.673891448135046e-5,0.0009786681789373344,-0.0004290934589534663,-0.0010442909539312712,-0.0031983658348815544,0.0009245310897739158,-0.01246378398544251,0.0037061969061315168,-0.05898951429161157,0.015899209394847357,0.05710548281417803,-0.011709574164290625,0.010057441256839106,-0.000988082029541061,-0.0027623558689900377,0.0008924578287329247,-0.009739854862299262,0.0039889042669633045,0.0005558221762217277,0.0008566228382465887,0.043972198855638356,-0.013956836428395706
67.0,-0.0025852939239953934,-0.011410787142736191,-0.007314475506244927,-0.034199353784787126,-0.007989585316421232,-0.016511208810298005,-0.007917002283045526,-0.0033932687110172044,-0.007460342855583579,0.0013377782841184232,-0.007425484521495622,0.002221492899014791,-0.007156927012182108,0.0017886799013972815,-0.006974645465363863,0.0016248908881617593,-0.0030398447792083444,0.0022713414719061358,-0.007608398667566745,0.003537079436287287,-0.0075596115088715264,0.0030549539869952993,-0.007730324891702047,0.0025994917329892108,-0.0076469756727050005,0.0024646516382134647,-0.007711365458639682,-8.585769853604669e-5,-0.0072971058323860645,-3.980215203003592e-6,-0.006903341994030949,0.0001410249095492354,-0.007130695830698008,-0.005825162819833848,-0.007565967157391113,-0.009893846441964406,-0.004252882599684984,0.003823868879036144,-0.0036418593533058532,0.002875835601722654,-0.007437430772633105,0.004083562214188455,-0.007872549267847534,0.008462252252851488,-0.007766625923230753,0.009868263034363611,-0.0070509148350583846,0.0014379962441676145,-0.004100877530201767,-0.0290419644892971,-0.005862489708914795,-0.011422958934990056,-0.006663195121760693,-0.008808018529802807,-0.005438863204834658,-0.0025125875230174763,-0.005109369651589798,0.0004271890950751234,-0.0043532061740995534,-0.07499673402578383,-0.007106769378547309,0.00838974928451457,-0.00786267155985315,0.01096571813231303,-0.0023846432365981036,0.007252815307543333,-0.003194919810838894,0.0024612516099504155,-0.008397714642742646,0.010623519485131357,-0.008703494947847883,0.02104825316151418,-0.0017678719888751186,-0.028637564613767975,-0.004498131072922556,0.006729507743421955,-0.00028602372322350544,0.0027316795178992143
68.0,-0.0025852939239953934,-0.011410787142736191,-0.007314475506244927,-0.034199353784787126,-0.007989585316421232,-0.016511208810298005,-0.007917002283045526,-0.0033932687110172044,-0.007460342855583579,0.0013377782841184232,-0.007425484521495622,0.002221492899014791,-0.007156927012182108,0.0017886799013972815,-0.006974645465363863,0.0016248908881617593,-0.0030398447792083444,0.0022713414719061358,-0.007608398667566745,0.003537079436287287,-0.0075596115088715264,0.0030549539869952993,-0.007730324891702047,0.0025994917329892108,-0.0076469756727050005,0.0024646516382134647,-0.007711365458639682,-8.585769853604669e-5,-0.0072971058323860645,-3.980215203003592e-6,-0.006903341994030949,0.0001410249095492354,-0.007130695830698008,-0.005825162819833848,-0.007565967157391113,-0.009893846441964406,-0.004252882599684984,0.003823868879036144,-0.0036418593533058532,0.002875835601722654,-0.007437430772633105,0.004083562214188455,-0.007872549267847534,0.008462252252851488,-0.007766625923230753,0.009868263034363611,-0.0070509148350583846,0.0014379962441676145,-0.004100877530201767,-0.0290419644892971,-0.005862489708914795,-0.011422958934990056,-0.006663195121760693,-0.008808018529802807,-0.005438863204834658,-0.0025125875230174763,-0.005109369651589798,0.0004271890950751234,-0.0043532061740995534,-0.07499673402578383,-0.007106769378547309,0.00838974928451457,-0.00786267155985315,0.01096571813231303,-0.0023846432365981036,0.007252815307543333,-0.003194919810838894,0.0024612516099504155,-0.008397714642742646,0.010623519485131357,-0.008703494947847883,0.02104825316151418,-0.0017678719888751186,-0.028637564613767975,-0.004498131072922556,0.006729507743421955,-0.00028602372322350544,0.0027316795178992143
69.0,-0.0007514716047435532,-0.006790069839638231,-0.003006468384012484,-0.020454710890162063,-0.0052045635442422005,-0.011716131857210833,-0.005434111833089006,-0.005057376018917479,-0.004830040140929128,-0.0038159730994733686,-0.004743765430273452,-0.003672387924594255,-0.00464793918650616,-0.003403642832753851,-0.004536042237701164,-0.003270062773919677,-0.0016861601095704123,-0.00037123265910774883,-0.004917932375826182,-0.003051638443931641,-0.00487766453934652,-0.0032544109033472426,-0.005180254017730968,-0.0031027729956638896,-0.0051452500302674705,-0.002836197010869917,-0.005670303670432363,-0.0022718118610262883,-0.007062294868377573,0.0036465859779240086,-0.007484265438904595,0.006417299169078891,-0.0067175053950875715,-0.006931865941171026,-0.0062297353150093885,-0.0087492319663336,-0.011554834364887924,0.038225448282403166,-0.014231097353280788,0.05346951981150264,-0.00693456827990178,0.00805965179786968,-0.006361141566602251,0.010139558927037775,-0.006522992314421173,0.010081011165630073,-0.007282865743091448,0.006828582997035388,-0.006419613887567153,-0.0269230114255782,-0.005126143952321659,-0.04842968877331078,-0.006167318744196979,-0.029014826203263372,-0.0015904014006599093,-0.09453032279108667,0.001794323809342402,-0.10996045164720028,-0.002195958810396041,-0.0243853117056593,-0.0033351700530845894,-0.0037777472850058355,-0.0036597985641200824,-0.002823894777969725,-0.011261516156264934,0.04217492046468997,-0.023302171552451047,0.08084907751919629,-0.005470462732870387,0.012168598925919491,-0.00677558238510453,0.013065675364082636,-0.004362289970142582,-0.026425553991966482,0.011866376088563916,-0.14132627268404516,0.0002608264224915866,0.0016739326011872484
70.0,-0.0007514716047435532,-0.006790069839638231,-0.003006468384012484,-0.020454710890162063,-0.0052045635442422005,-0.011716131857210833,-0.005434111833089006,-0.005057376018917479,-0.004830040140929128,-0.0038159730994733686,-0.004743765430273452,-0.003672387924594255,-0.00464793918650616,-0.003403642832753851,-0.004536042237701164,-0.003270062773919677,-0.0016861601095704123,-0.00037123265910774883,-0.004917932375826182,-0.003051638443931641,-0.00487766453934652,-0.0032544109033472426,-0.005180254017730968,-0.0031027729956638896,-0.0051452500302674705,-0.002836197010869917,-0.005670303670432363,-0.0022718118610262883,-0.007062294868377573,0.0036465859779240086,-0.007484265438904595,0.006417299169078891,-0.0067175053950875715,-0.006931865941171026,-0.0062297353150093885,-0.0087492319663336,-0.011554834364887924,0.038225448282403166,-0.014231097353280788,0.05346951981150264,-0.00693456827990178,0.00805965179786968,-0.006361141566602251,0.010139558927037775,-0.006522992314421173,0.010081011165630073,-0.007282865743091448,0.006828582997035388,-0.006419613887567153,-0.0269230114255782,-0.005126143952321659,-0.04842968877331078,-0.006167318744196979,-0.029014826203263372,-0.0015904014006599093,-0.09453032279108667,0.001794323809342402,-0.10996045164720028,-0.002195958810396041,-0.0243853117056593,-0.0033351700530845894,-0.0037777472850058355,-0.0036597985641200824,-0.002823894777969725,-0.011261516156264934,0.04217492046468997,-0.023302171552451047,0.08084907751919629,-0.005470462732870387,0.012168598925919491,-0.00677558238510453,0.013065675364082636,-0.004362289970142582,-0.026425553991966482,0.011866376088563916,-0.14132627268404516,0.0002608264224915866,0.0016739326011872484
71.0,-0.006191183674287799,0.006860618205566889,-0.003332639440513204,0.023914746990503728,-0.004005687697051831,0.02577183818643841,-0.006031547736981819,0.025768345516601933,-0.007097937320096174,0.024570047083473903,-0.007304667596324147,0.02492384673076629,-0.007045568773320465,0.022433925926914983,-0.0070129793676230595,0.021403302400959088,-0.0074375896643839885,0.006625861610360445,-0.007857100172960195,0.027736262779593502,-0.007645669434317703,0.02676914408533304,-0.00725862965182044,0.026852573814784213,-0.0074762259893060195,0.027740526284452095,-0.006623753408517707,0.027965820530050253,-0.005684960642851522,0.03197357745298709,-0.005595046676395852,0.03456806231653337,-0.004394042633022872,0.03163090404506262,-0.004120669092485281,0.029238499483194298,-0.00862429264180652,0.042297612675828745,-0.008644735824603691,0.04194436972065949,-0.006506708165239562,0.03677687794347383,-0.008217430205990105,0.04012993641130448,-0.008289446115748897,0.039908616016196656,-0.005505649093925357,0.03518378391970139,-0.002110213152507293,0.02554332605676372,-0.001881577365161646,0.030951386133496447,-0.002657461598603907,0.030805986648386456,-0.0009007483358380313,0.03472562560052325,-0.001390825648758551,0.03623230330528071,-0.0014373780239487369,0.02524033219363615,-0.00823098042264938,0.026330723268110444,-0.010695220256594697,0.030357387807533217,-0.010063693542316881,0.043242617185594974,-0.013164821387251677,0.047869992306728476,-0.009887134934656231,0.042761969992046296,-0.012620128804006729,0.044355931158168466,-0.002928288651012688,0.02597870456741452,-0.0029840114071672673,0.039051589447102006,-0.0073510959929993505,-0.0036800105662517894
72.0,-0.006191183674287799,0.006860618205566889,-0.003332639440513204,0.023914746990503728,-0.004005687697051831,0.02577183818643841,-0.006031547736981819,0.025768345516601933,-0.007097937320096174,0.024570047083473903,-0.007304667596324147,0.02492384673076629,-0.007045568773320465,0.022433925926914983,-0.0070129793676230595,0.021403302400959088,-0.0074375896643839885,0.006625861610360445,-0.007857100172960195,0.027736262779593502,-0.007645669434317703,0.02676914408533304,-0.00725862965182044,0.026852573814784213,-0.0074762259893060195,0.027740526284452095,-0.006623753408517707,0.027965820530050253,-0.005684960642851522,0.03197357745298709,-0.005595046676395852,0.03456806231653337,-0.004394042633022872,0.03163090404506262,-0.004120669092485281,0.029238499483194298,-0.00862429264180652,0.042297612675828745,-0.008644735824603691,0.04194436972065949,-0.006506708165239562,0.03677687794347383,-0.008217430205990105,0.04012993641130448,-0.008289446115748897,0.039908616016196656,-0.005505649093925357,0.03518378391970139,-0.002110213152507293,0.02554332605676372,-0.001881577365161646,0.030951386133496447,-0.002657461598603907,0.030805986648386456,-0.0009007483358380313,0.03472562560052325,-0.001390825648758551,0.03623230330528071,-0.0014373780239487369,0.02524033219363615,-0.00823098042264938,0.026330723268110444,-0.010695220256594697,0.030357387807533217,-0.010063693542316881,0.043242617185594974,-0.013164821387251677,0.047869992306728476,-0.009887134934656231,0.042761969992046296,-0.012620128804006729,0.044355931158168466,-0.002928288651012688,0.02597870456741452,-0.0029840114071672673,0.039051589447102006,-0.0073510959929993505,-0.0036800105662517894
73.0,0.06587889182878734,0.32501468731538247,0.06999231326052738,0.323844634391639,0.08980183556230546,0.31318151471090644,0.08936388481623424,0.3207075793922452,0.08249742662245475,0.32864813124346853,0.0790059407555051,0.32998302909707217,0.0875278059629544,0.3234684727109994,0.08904629929393343,0.3221701525281978,0.07401889919373254,0.32465840879780317,0.0675593638474962,0.33204835654062165,0.07195711028208107,0.3310876041364625,0.07932077476706802,0.328376867146505,0.07181383835117883,0.3296987516685296,0.08010292861528936,0.3246688180479641,0.08172317669477142,0.31863930743320307,0.07496098133613538,0.32248209334133865,0.08255489821358147,0.31940263712710143,0.08755421460281508,0.3160076299555641,0.04910131898675296,0.3330126628065453,0.053685333039750704,0.3122333324839532,0.06010849831559502,0.32469139920056617,0.03428098530086222,0.33331086683318784,0.03518488129600794,0.3308769736160318,0.07421123984648381,0.3240423233428766,0.06912389873035932,0.3236664271144909,0.07820209743904456,0.32475004014455633,0.08618035149256124,0.31892704478236084,0.0632325826740834,0.3291234965923582,0.049132737040259805,0.33181021872820443,0.045117099430531035,0.324341662241472,0.037592765536058795,0.3182035977843049,0.018824328256640772,0.32216980702164777,0.017724730142141435,0.31998417218008557,0.02610206573700357,0.3212117643627106,0.004261499898606238,0.3351743421459612,-0.011965595476180946,0.3349877976009874,0.044153283941869854,0.3175992385572045,0.012711529830416202,0.3326827808928405,0.0619260464225444,0.31977361488617734
74.0,0.06587889182878977,0.3250146873153802,0.0699923132605275,0.3238446343916375,0.08980183556230531,0.313181514710905,0.08936388481623389,0.32070757939224387,0.08249742662245446,0.32864813124346715,0.07900594075550475,0.32998302909707083,0.0875278059629543,0.32346847271099793,0.08904629929393346,0.3221701525281964,0.07401889919373482,0.324658408797801,0.0675593638474956,0.3320483565406205,0.07195711028208056,0.33108760413646127,0.07932077476706743,0.3283768671465037,0.07181383835117827,0.32969875166852824,0.08010292861528896,0.32466881804796277,0.08172317669477108,0.31863930743320196,0.07496098133613516,0.3224820933413372,0.08255489821358127,0.3194026371271001,0.0875542146028149,0.3160076299555627,0.04910131898675281,0.33301266280654396,0.05368533303975051,0.312233332483952,0.06010849831559484,0.3246913992005648,0.03428098530086215,0.33331086683318656,0.03518488129600787,0.33087697361603047,0.0742112398464836,0.3240423233428754,0.06912389873035925,0.32366642711448956,0.07820209743904444,0.32475004014455494,0.08618035149256102,0.31892704478235956,0.06323258267408327,0.3291234965923568,0.04913273704025972,0.33181021872820304,0.045117099430530966,0.3243416622414704,0.03759276553605779,0.31820359778430385,0.018824328256639516,0.3221698070216469,0.01772473014214144,0.3199841721800843,0.02610206573700342,0.3212117643627091,0.004261499898606266,0.33517434214595976,-0.011965595476180809,0.3349877976009861,0.04415328394186928,0.3175992385572033,0.012711529830416245,0.3326827808928391,0.06192604642254819,0.3197736148861748
