1.0,-9.499999032539504e-6,1.5868864363869712e-5,4.059299799614442e-5,-1.2149834941787114e-5,-0.006641470307787265,-3.1749733042720326e-5,-4.2422799790947725e-5,2.5217522929412055e-6,-4.212352544337663e-6,0.00013079190741491225,0.0002655244242410895,-0.006556472554039927,6.080121801265663e-6,8.124030193662544e-6,7.786252187514181e-6,-1.3006209731536929e-5,0.00014437152478238402,0.00043733226371211244,-0.005419502307545061,2.2180877284359938e-5,2.9637254428447573e-5,-0.0035086994014082197,-0.09674058287803237,0.0006295438192378339,0.04156607332613207,7.997652788351494e-6,-1.7375482462980834e-5,0.3187451416653016,0.692496839985355,0.0030380998572417457,0.006600491351450973,-0.0006928398734461204,2.4372875761859488e-5,-4.071262094847739e-5,0.00033287997536707417,0.00417537377805062,-0.031136774473804193,5.0425167471007926e-5,6.737621324784683e-5,-0.004443183125994219,-0.12250582801992178,0.0005859654366816692,0.03646484175036842,7.444037992823748e-6,-1.3780771560898197e-5,0.29668090701037675,0.5492302558439278,0.002827795951756531,0.005234954651545981,-0.0006059530057401,2.609272483766158e-5,-4.358546878948358e-5,0.00022956370921582256,0.0010860673269738894,-0.021469985320148852,5.4813885446696336e-5,7.324025323114751e-5,-7.58844503382349e-6,1.2675791288213758e-5,0.00011880220307338059,0.0008414642872380378,-0.00363303034655139,-1.4673249183564189e-5,-1.9605843978585647e-5,-2.3141026214398092e-6,3.865493090896865e-6,0.00010045048560882059,8.233206563386665e-5,-0.007096133006224789,-6.3528548976386425e-6,-8.488445904756159e-6,-2.00046515384974e-6,3.341590886735432e-6,1.5263612911167087e-5,-5.223689262824694e-5,-0.0004502535447227998,-7.959178078221237e-5,-0.00010634754555533085
2.0,3.003902802572786e-8,-4.9851532067649396e-8,2.3538117573543728e-6,1.2416794455265879e-6,-0.000406384730219299,9.974102189384768e-8,1.3327205258150141e-7,8.020373430697778e-7,-1.3310280981163081e-6,6.671649160176864e-6,2.10641393911977e-5,-0.0003936265949645749,1.92121454256146e-6,2.567090256624311e-6,1.138205607066045e-6,-1.8889190852342725e-6,6.680583878703707e-6,3.136285131470134e-5,-0.0003247210668230666,3.221383238069136e-6,4.304350888548676e-6,0.006820830918893789,0.18811530669755114,0.007226887916657548,-0.028482488760448312,9.240969854835505e-5,-0.00022139095804294353,-0.22037194715838587,-0.5279571088754247,-0.0021004350092792465,-0.005032126862254037,0.00018143015153173863,-8.523697860627238e-6,1.4145577447358168e-5,-1.706737072116212e-5,-0.0008158014015236968,0.004432915584573897,-1.752023963870237e-5,-2.341021029886618e-5,-0.00994818963686041,-0.2743663883295352,-0.011046639855467201,0.03823901005458125,-0.00014125259320311239,0.00027999655876033213,0.3368489407149151,0.6677154971179015,0.0032106142231274623,0.00636420844211974,-0.0002654680239864911,1.842143303654739e-5,-3.057145055705809e-5,2.252727496552553e-5,0.0003607051434291758,-0.005184684781312536,3.8447312338132876e-5,5.137256600495521e-5,1.6056644870129084e-7,-2.6646945630463187e-7,6.060430821925863e-6,7.1535207658268e-5,-0.00022198627940610684,3.0846061681371184e-7,4.1215919744475906e-7,2.392948153100394e-7,-3.9712380681879307e-7,5.2024731475646235e-6,7.282980659849157e-6,-0.00041997850037569443,6.526660634113405e-7,8.720799552109217e-7,-6.195532872884884e-8,1.0281850848375428e-7,9.273790009040031e-7,-1.3587646644807284e-6,-2.765730075039464e-5,-2.4489917222869295e-6,-3.272296065652352e-6
3.0,-5.9364858424040524e-6,9.799764017132236e-6,6.116871796658365e-6,-1.6697351409262305e-5,-0.0008376395549896195,-1.9607029484154393e-5,-2.6198837065571584e-5,-4.645103671303388e-6,7.66799096671784e-6,2.6671416233628255e-5,-3.312746476055265e-6,-0.0008845662283089027,-1.1068050060970097e-5,-1.4789085741696639e-5,-4.064996703013256e-6,6.710368638464031e-6,3.4663154342641535e-5,1.999019682882043e-5,-0.0007360834688447886,-1.1443959164033062e-5,-1.5291374033282858e-5,0.023468210157756218,0.6473941572389268,0.0369799940728118,0.018301288409991658,0.00047537848701145925,0.00011739412792167111,-0.6063268615104015,0.1497316668587076,-0.00577903348519512,0.0014271251556064082,-0.00014975498924482995,-1.5730113812597662e-5,2.5966776880616734e-5,0.0001973543336543223,-2.4965173385717373e-5,-0.00666955701733972,-3.2161647523492805e-5,-4.297426919819831e-5,-0.004895975794176366,-0.13506041158769044,-0.021160306422737103,-0.015659904961743604,-0.0002720161185567997,-0.0001738115704935142,0.3469460316776656,-0.22168993139869367,0.003306818255832939,-0.002112975060523973,3.493515771904465e-5,-1.7097132727847394e-6,2.822340868805034e-6,1.4725581168554672e-5,1.5357435334569803e-5,-0.0007192508951181434,-3.549443644644021e-6,-4.742752888431467e-6,-5.790478508551798e-6,9.558739704999778e-6,2.4220972096873028e-5,-4.699591613570066e-5,-0.0004605453628370934,-1.1065060752522586e-5,-1.4785091439300237e-5,-3.2276877296801686e-6,5.328165334067998e-6,1.988947789584015e-5,-6.769184736871061e-6,-0.0010035258256263495,-8.756764726433056e-6,-1.1700755204910833e-5,-7.256769795966727e-7,1.197924722038644e-6,1.9755136753015955e-6,-2.0625715421090686e-5,-5.598217155528044e-5,-2.8532933601311972e-5,-3.8125595671099555e-5
4.0,1.4466700849687694e-5,-2.386245129835747e-5,-1.601255961387226e-5,4.0116104142570795e-5,0.0022320906539717755,4.774318298461255e-5,6.379436417177862e-5,1.0952683342697438e-5,-1.806616972092396e-5,-6.813545325788866e-5,-1.7959136569963905e-6,0.002340481294839088,2.6076886605311942e-5,3.4843893862343225e-5,9.379146087025663e-6,-1.54706604531343e-5,-8.761858840582671e-5,-6.342019020811052e-5,0.0019462806667508836,2.6383894711755033e-5,3.525411759946659e-5,-0.02181286214699936,-0.6017506483718799,-0.020309890756182433,-0.007234273267711122,-0.0002612888645364764,2.7266504349605617e-5,0.31177198808784656,0.03253461378938194,0.002971562178975518,0.0003100940159510893,0.00015289122682216283,1.7460966008399102e-5,-2.88014147336162e-5,-0.0002443514911261783,-0.00013620009723071006,0.009045433494107259,3.5672553096355276e-5,4.766560796544644e-5,-0.022337038059315664,-0.616211070528845,-0.02562514952056421,-0.014034462186431203,-0.0003296702233500445,-4.3602103140348706e-5,0.39336517914369884,-0.052026382610309244,0.0037492434649014357,-0.000495874025851719,0.00017400309834216695,3.449823768957761e-5,-5.690395656222322e-5,-0.00019792761157997197,-2.308869034801367e-5,0.007447144670899417,7.156380360093775e-5,9.562343905536177e-5,1.4048997569801766e-5,-2.3173460472059307e-5,-6.187604439922349e-5,8.102575458734335e-5,0.0012265476784977351,2.6825275390523558e-5,3.584388975120719e-5,7.760483649048642e-6,-1.2800718356723491e-5,-5.091717324079376e-5,1.3086464938422814e-5,0.0026427760145030597,2.1037806752111383e-5,2.811068348234988e-5,1.7993518281033666e-6,-2.9679846022258156e-6,-5.24968117140291e-6,5.0909638630813776e-5,0.0001494125326753052,7.069336783740703e-5,9.446036419073185e-5
5.0,-7.738493399344797e-5,6.610783462624611e-6,-1.2189670591872294e-5,-1.7403168214121637e-5,0.00153444562325658,-1.3320042536636746e-5,-1.8527097560821777e-5,-0.00013640062511539904,1.1652332699300565e-5,-2.2989051388961835e-5,-0.00011396796336761809,0.0014120896788608697,-1.6937873850590884e-5,-2.355920714481864e-5,-0.00016156091615137202,1.3801707613931074e-5,-1.7647708079904473e-5,-0.0001532032172647219,0.001132995442642455,-2.3703869020545777e-5,-3.2970157016980524e-5,0.0035355542343628492,0.5194475809881742,-0.33809150566510776,0.3205107040164875,-0.08398401099334772,0.07972119323626137,-0.017122175059774637,-0.01625309644362897,-0.00014093295851409405,-0.00013377956376338178,0.00018962703794887277,-0.00040504008208859586,3.460146747172023e-5,-3.776928763905733e-5,-0.002159689066715477,0.006890920558265181,-4.315898824857657e-5,-6.0030648077583094e-5,0.003596364392973647,0.5283818774788992,-0.3509274018154281,0.2888537000136245,-0.08717252660327772,0.07184826308049329,-0.017772231205347235,-0.014648008911732523,-0.00014628358343605683,-0.00012056805573117326,0.0001730276385826109,-0.0005678922141818362,4.8513480135402324e-5,-1.979620048124613e-5,-0.0004762780139128122,0.00475012359745802,-6.144262281583993e-5,-8.546169910141566e-5,-0.00011060939297855392,9.449058210322927e-6,-1.851268509000803e-5,-0.0005126527322641684,0.0007476856476571998,-1.1015347120316012e-5,-1.532145338123102e-5,-6.496552778802559e-5,5.549827525576904e-6,-2.17415938590592e-5,-4.229099894500518e-5,0.0014047060747015892,-9.185482434106003e-6,-1.2776260190550389e-5,-3.891700292563724e-6,3.324573222209805e-7,-3.728766292671359e-6,-8.176691084657455e-6,9.497888616073386e-5,-7.97460712114071e-6,-1.1092030955153695e-5
6.0,-1.4197601838038257e-5,1.2015676396023093e-6,-9.634067855791631e-7,-2.756541438266781e-6,0.00012812163830382367,-2.4212035949566097e-6,-3.3690653545567407e-6,-1.9877943549300635e-5,1.6823047993241425e-6,-1.1434566770427722e-6,-1.3068771417453515e-5,0.00011558029648368325,-2.4455756892401014e-6,-3.402978727106789e-6,-2.2280656923400087e-5,1.8856505946625248e-6,-1.5483508858981845e-7,-1.6363976879147807e-5,9.181314896289296e-5,-3.2387546180122e-6,-4.506674283098142e-6,-0.0022350007653269555,-0.34308107506177676,0.3273995065213573,-0.34104390322353323,0.08209253329332919,-0.08557574697838234,0.01736820210171249,0.018105140784759118,0.00014208939680994908,0.0001481183072308686,-0.00011314086954749574,0.00017974479036315854,-1.5212113000141253e-5,6.020344586850198e-6,0.0008869540965065579,-0.002537231231583282,1.8975651120588314e-5,2.6404309370954066e-5,0.003243397668404161,0.49787381561185867,-0.4503777923954047,0.4109974873828152,-0.11292825181574888,0.10313356848263161,-0.023892071810616717,-0.02181982445566317,-0.0001954612258309235,-0.00017850816479842148,0.00014521794171456454,-0.0003686747555006973,3.120158325394225e-5,2.063725726551078e-6,-0.0002731995270300998,0.002295999900595472,-3.951976513540627e-5,-5.4991109304840104e-5,-1.8059023055211838e-5,1.528366406819285e-6,-8.557060030052266e-7,-6.092236902191874e-5,6.113369425495727e-5,-1.78183527823056e-6,-2.479394758879952e-6,-1.0474055065484458e-5,8.864374255450182e-7,-1.209802343226175e-6,-5.1317032899366455e-6,0.00010991905334420872,-1.4672393809538887e-6,-2.041639693401232e-6,-1.1450494513069315e-6,9.690751875346731e-8,-3.124836978692387e-7,-1.9945948413078966e-6,6.856068740515291e-6,-2.3246698040225367e-6,-3.234740157316401e-6
7.0,-2.9593293422237512e-5,2.40572837928276e-6,3.3292027360920136e-6,-3.839934878995749e-6,-0.00036844803756795895,-4.849129749714052e-6,-6.7595926736016564e-6,-1.937978663164007e-5,1.5754415035132993e-6,1.038662471187704e-5,5.458690332854907e-6,-0.00035233670846301056,-2.2909353512123024e-6,-3.193519377115637e-6,-1.4911036090889693e-5,1.2121632484699075e-6,1.2445953599483957e-5,1.47481930858442e-5,-0.00028800321848945206,-2.0826297225650898e-6,-2.903145376777852e-6,0.0024236049896390146,0.46364780368453734,-0.3300555137153001,-0.426415909778549,-0.08615739696150673,-0.11146087034249735,-0.020995858508125336,0.0271621097077192,-0.000166327128174519,0.00021517557664795347,-0.0002783222181148977,-6.637715678511117e-5,5.395999949601955e-6,0.00022168312861677692,0.001040911232924748,-0.009115704671684943,-6.7330712145451495e-6,-9.385770478671255e-6,-0.0017742181890771968,-0.3394168480997148,0.3204766143873666,0.4807212345206368,0.08365692962326718,0.1256081760540951,0.020386514908629753,-0.030609693314371824,0.00016149996815908915,-0.00024248699629410674,0.00022529975315654845,8.134208296215885e-5,-6.612544086383249e-6,-8.443325138288468e-5,-0.00012766585424414296,0.003714054146960412,8.378001435483575e-6,1.1678771252782548e-5,-2.7823430065502786e-5,2.2618508307989774e-6,8.723714049060823e-6,1.2595529116181884e-5,-0.00018600746963368434,-2.637777481642094e-6,-3.6770105688566573e-6,-1.5670462565941755e-5,1.2738993248439363e-6,9.081531052394272e-6,2.769932738184182e-7,-0.0003805036190744551,-2.1092211889742842e-6,-2.940213364404784e-6,-4.246872539864135e-6,3.45241120893958e-7,8.926250304619191e-7,-6.11274843249665e-6,-2.9550404244257426e-5,-8.284388275095288e-6,-1.154827632573849e-5
8.0,-6.332464920955202e-5,9.442256100351435e-6,1.9399068607197673e-5,-1.1629796958043988e-5,-0.0025612931345309247,-1.896455517975726e-5,-2.5885446558020444e-5,-1.1372446415458716e-5,2.2502976176476613e-6,5.9243888924826145e-5,8.31013121728058e-5,-0.002481738603240651,-3.2571988206913795e-6,-4.4190605216672e-6,1.1503101841848407e-5,-8.980017903128485e-7,6.703311004793651e-5,0.00014927348291666448,-0.0020332086067627953,1.5433244658423544e-6,2.153229313120555e-6,0.013671663833717282,0.7530433751061862,0.002771128705587378,0.009367495748882378,-0.0004846145901093141,-0.0010838458150342046,-0.0010847754932139346,0.00296961957111368,-1.0202272753721349e-5,2.7853907172098596e-5,-0.00023736661756087785,5.0535054824586334e-5,-6.569534457768017e-6,0.00018703783146598743,0.001451623108200047,-0.01104501112786489,8.173296375593246e-6,1.1196111486242975e-5,0.011707490525124695,0.6564196338738192,0.0017798465101779544,0.00986130729997701,-0.00044488231166839765,-0.001081652129745301,-0.0008385624037272835,0.0030757965909745237,-7.908424046502294e-6,2.883711704375471e-5,-0.00022237952656244524,4.158333146280225e-5,-3.818170128135763e-6,0.00013154516510624826,0.00035796139461385934,-0.007979791659031796,4.833134983329375e-6,6.69729306051923e-6,-5.5128412890438146e-5,7.794464895417803e-6,5.151741256603023e-5,0.00027324689042433544,-0.0013429808271585165,-9.059644122998963e-6,-1.238236087920016e-5,-2.286230616525668e-5,3.691749110473931e-6,4.975162320439525e-5,2.2589923603637947e-5,-0.0026668293958736385,-6.0887369876178405e-6,-8.29518151703846e-6,-1.0598816613166301e-5,1.5881559302399294e-6,6.007188025244792e-6,-2.6310139368354487e-5,-0.00018174878132201316,-3.797271777150748e-5,-5.182420677452777e-5
9.0,-6.332464920955202e-5,9.442256100351435e-6,1.9399068607197673e-5,-1.1629796958043988e-5,-0.0025612931345309247,-1.896455517975726e-5,-2.5885446558020444e-5,-1.1372446415458716e-5,2.2502976176476613e-6,5.9243888924826145e-5,8.31013121728058e-5,-0.002481738603240651,-3.2571988206913795e-6,-4.4190605216672e-6,1.1503101841848407e-5,-8.980017903128485e-7,6.703311004793651e-5,0.00014927348291666448,-0.0020332086067627953,1.5433244658423544e-6,2.153229313120555e-6,0.013671663833717282,0.7530433751061862,0.002771128705587378,0.009367495748882378,-0.0004846145901093141,-0.0010838458150342046,-0.0010847754932139346,0.00296961957111368,-1.0202272753721349e-5,2.7853907172098596e-5,-0.00023736661756087785,5.0535054824586334e-5,-6.569534457768017e-6,0.00018703783146598743,0.001451623108200047,-0.01104501112786489,8.173296375593246e-6,1.1196111486242975e-5,0.011707490525124695,0.6564196338738192,0.0017798465101779544,0.00986130729997701,-0.00044488231166839765,-0.001081652129745301,-0.0008385624037272835,0.0030757965909745237,-7.908424046502294e-6,2.883711704375471e-5,-0.00022237952656244524,4.158333146280225e-5,-3.818170128135763e-6,0.00013154516510624826,0.00035796139461385934,-0.007979791659031796,4.833134983329375e-6,6.69729306051923e-6,-5.5128412890438146e-5,7.794464895417803e-6,5.151741256603023e-5,0.00027324689042433544,-0.0013429808271585165,-9.059644122998963e-6,-1.238236087920016e-5,-2.286230616525668e-5,3.691749110473931e-6,4.975162320439525e-5,2.2589923603637947e-5,-0.0026668293958736385,-6.0887369876178405e-6,-8.29518151703846e-6,-1.0598816613166301e-5,1.5881559302399294e-6,6.007188025244792e-6,-2.6310139368354487e-5,-0.00018174878132201316,-3.797271777150748e-5,-5.182420677452777e-5
10.0,-0.0004427663527307959,3.29715063336894e-5,5.689310325211602e-5,-4.978704897075609e-5,-0.0062067721864632,-6.65070699709591e-5,-9.30977243783516e-5,-0.0002505877823738668,1.8660534168235243e-5,0.00016781686781004647,0.0001301909268449573,-0.005877271197348944,-2.7154789208794045e-5,-3.801173442776685e-5,-0.00016705029588489308,1.2439743568673468e-5,0.00019641274685578555,0.00028604419947698213,-0.0047876303385747864,-2.1388197733007894e-5,-2.9939561889600382e-5,0.0015812235472996432,0.7070845524376363,-0.1278709802792647,-0.14396053494872152,-0.03643901963382814,-0.041275111605885186,-0.011226954566265726,0.012716966826306759,-7.739655713759406e-5,8.766843390098849e-5,-0.0004888914243294934,-0.00018655284504552004,1.3892040969338435e-5,0.0006011976519217984,0.0028654039637370154,-0.024073154894194503,-1.7346790731996445e-5,-2.4282331835050237e-5,0.0014237161849729768,0.6366511067766243,-0.13411551595855198,-0.17570469389117227,-0.03821850672092743,-0.05031898011121723,-0.01177521906116495,0.015503405705661095,-8.117619168402228e-5,0.00010687763172779163,-0.00048466306867201125,-0.0005393809055327346,4.016610754937118e-5,0.0004413372870915445,0.0005994235502580372,-0.0184683488530072,-5.092645073672063e-5,-7.128770935648705e-5,-0.00039537495833057834,2.9442408761109705e-5,0.0001394776676744236,0.00042317756365851716,-0.0030904514946867396,-3.43604899121085e-5,-4.8098396467170975e-5,-0.0002251976965019985,1.676980924757878e-5,0.00014904924454477424,2.1760733229322993e-5,-0.006273839814018816,-2.778605900340836e-5,-3.889539659140026e-5,-6.768814306681554e-5,5.040536671489879e-6,1.515555378147374e-5,-8.871275342283317e-5,-0.0004926227879625676,-0.00012103933220339478,-0.00016943290981394054
11.0,-4.225050452136674e-6,4.2378485420513627e-7,-2.1442887283304952e-7,-9.83542426910295e-7,4.881600583667816e-5,-8.529195494899663e-7,-1.177690420363275e-6,-4.3588361352368075e-6,6.217970864556518e-7,-2.3520522662414601e-7,-4.763066056486107e-6,4.5508813810535405e-5,-9.011350299054604e-7,-1.2310601576931967e-6,-4.405397772041477e-6,7.060246832089375e-7,1.1682655912446808e-7,-5.982857104200324e-6,3.7228804070613474e-5,-1.208340006590976e-6,-1.6461200614577447e-6,0.012397959380156696,0.6726803622557516,-0.0001115387337197228,0.006033865060744061,-8.523161493402937e-5,-0.0012423229411929098,-6.720794069466993e-5,0.0025048618155981287,-6.548896075953888e-7,2.3697872218768748e-5,-7.848077355820438e-5,2.58529173234069e-5,-3.881567769714366e-6,2.7588175807726213e-5,0.0003583925767063171,-0.002168196905099943,4.825949038488424e-6,6.584462502036891e-6,-0.013993639264280516,-0.7388027244455756,0.0012554043494759084,-0.006788446171573331,1.3268565178756366e-5,0.0017036087651609967,-0.00024059911423123052,-0.003133775949698368,-2.2275717125807075e-6,-2.9702704301260695e-5,9.160158453147034e-5,-6.0853929091732994e-5,8.914952147445218e-6,-1.2807866757949752e-5,-0.00011448945374277372,0.0016315811822762238,-1.1255655645066035e-5,-1.5366321118417608e-5,-3.903137438871644e-6,4.813524338167495e-7,-2.5221968759483095e-7,-1.8236345656768554e-5,2.721301915500157e-5,-5.598486383268261e-7,-7.678701981177483e-7,-2.576501937803493e-6,3.156821178502406e-7,-1.8983632431397414e-7,-1.8779160695390052e-6,4.656624052279516e-5,-5.212965527570812e-7,-7.151302829898254e-7,-4.1656321703524667e-7,2.9215624287766544e-8,-1.1182090379940999e-7,-6.194829253914486e-7,2.848795930097117e-6,-7.019018376113222e-7,-9.840035437394639e-7
12.0,-4.225050452136674e-6,4.2378485420513627e-7,-2.1442887283304952e-7,-9.83542426910295e-7,4.881600583667816e-5,-8.529195494899663e-7,-1.177690420363275e-6,-4.3588361352368075e-6,6.217970864556518e-7,-2.3520522662414601e-7,-4.763066056486107e-6,4.5508813810535405e-5,-9.011350299054604e-7,-1.2310601576931967e-6,-4.405397772041477e-6,7.060246832089375e-7,1.1682655912446808e-7,-5.982857104200324e-6,3.7228804070613474e-5,-1.208340006590976e-6,-1.6461200614577447e-6,0.012397959380156696,0.6726803622557516,-0.0001115387337197228,0.006033865060744061,-8.523161493402937e-5,-0.0012423229411929098,-6.720794069466993e-5,0.0025048618155981287,-6.548896075953888e-7,2.3697872218768748e-5,-7.848077355820438e-5,2.58529173234069e-5,-3.881567769714366e-6,2.7588175807726213e-5,0.0003583925767063171,-0.002168196905099943,4.825949038488424e-6,6.584462502036891e-6,-0.013993639264280516,-0.7388027244455756,0.0012554043494759084,-0.006788446171573331,1.3268565178756366e-5,0.0017036087651609967,-0.00024059911423123052,-0.003133775949698368,-2.2275717125807075e-6,-2.9702704301260695e-5,9.160158453147034e-5,-6.0853929091732994e-5,8.914952147445218e-6,-1.2807866757949752e-5,-0.00011448945374277372,0.0016315811822762238,-1.1255655645066035e-5,-1.5366321118417608e-5,-3.903137438871644e-6,4.813524338167495e-7,-2.5221968759483095e-7,-1.8236345656768554e-5,2.721301915500157e-5,-5.598486383268261e-7,-7.678701981177483e-7,-2.576501937803493e-6,3.156821178502406e-7,-1.8983632431397414e-7,-1.8779160695390052e-6,4.656624052279516e-5,-5.212965527570812e-7,-7.151302829898254e-7,-4.1656321703524667e-7,2.9215624287766544e-8,-1.1182090379940999e-7,-6.194829253914486e-7,2.848795930097117e-6,-7.019018376113222e-7,-9.840035437394639e-7
13.0,0.00029078993450693197,-1.8457114499408042e-5,2.0551460216756882e-5,4.376032227240875e-5,-0.0023675944816429003,3.728522732414821e-5,5.26472211470668e-5,0.0004241848486497944,-2.6924000425666245e-5,2.9934963943308202e-5,0.00022596102203170104,-0.002159824362482955,3.923791443078105e-5,5.540444048849451e-5,0.0004808705067095035,-3.052197118437197e-5,1.4720025124785778e-5,0.00028887034296894165,-0.0017031867991644108,5.2555636857692634e-5,7.420923606308501e-5,0.0028794419090069647,-0.7319339250867186,0.07771646249135447,-0.0556681264032448,0.02598289005352071,-0.018771345101927323,0.02911683989834774,0.02103546552582218,0.00468326193774831,0.0033834231027839745,-0.000344525895490519,0.0012331645788090585,-7.827182830894433e-5,2.404648362685005e-5,0.0048728306029783685,-0.010794298454155152,9.788193018712823e-5,0.00013821054596361605,0.002622369477190811,-0.6665879170766597,0.06945579216179194,-0.04131698224602055,0.02322110597250596,-0.013949269760594185,0.026021940641334916,0.015631771857231677,0.004185466704341143,0.0025142727679674883,-0.00029265629869981165,0.0016123768321897926,-0.00010234131335523254,6.611049896396859e-6,0.0009173623490997515,-0.007191818812278132,0.00012995069645095446,0.00018349205691491736,0.0004041556981984292,-2.5652703591267955e-5,2.2224060864766558e-5,0.0011457693663020994,-0.0010575857979410422,2.9982173648310766e-5,4.233521530671325e-5,0.00022328753617245934,-1.417258003931241e-5,2.98022306575203e-5,8.730341125817696e-5,-0.0020252564263064346,2.3517530281867772e-5,3.320705562057129e-5,2.403891305761099e-5,-1.5258058071995759e-6,5.8624299938947826e-6,3.232407227510109e-5,-0.00011783704102901714,3.669382338794289e-5,5.181215117279317e-5
14.0,-8.442314330840011e-5,5.35692000534021e-6,-3.865819387465118e-6,-1.2096742498983833e-5,0.000460433677888488,-1.0821549858642357e-5,-1.5280439360233948e-5,-0.0001133559024469742,7.192796640182294e-6,-3.798379992261681e-6,-5.4139768571546125e-5,0.0004168199940182648,-1.0482513333875018e-5,-1.480170691225513e-5,-0.00012561825325922121,7.97088224330591e-6,6.593381966829349e-7,-6.661578044427177e-5,0.0003256669343258229,-1.3725065731886508e-5,-1.9380314037478866e-5,0.0018987952287153227,-0.4811209544927085,0.10213321326297577,-0.07767506699066917,0.03415641022833697,-0.026076592560831075,0.033166977138229276,0.025321210761245633,0.0048752894549707005,0.0037220221342623744,-0.00021496138006147812,0.000506045745685353,-3.211023035212463e-5,-4.861410546884011e-7,0.0019351469998799293,-0.004008029871260928,4.015519898011277e-5,5.670066589656143e-5,-0.00331834011316045,0.8408083917801543,-0.1546076616331099,0.10016034077428726,-0.05170543985125719,0.03365592348056494,-0.05020765138790274,-0.0326809851891623,-0.007380136933811511,-0.004803852064563965,0.0003433967032600417,-0.0014059447982727247,8.921171992813956e-5,1.6984992192230535e-5,-0.0007522651867811605,0.005228154965645906,-0.00011327937712928101,-0.0001599547824120861,-0.00011172062585406006,7.089033080192279e-6,-2.53568676481616e-6,-0.0002790247568572726,0.0001999980478322546,-8.285491760248258e-6,-1.1699429015889077e-5,-6.208611902909084e-5,3.9395639637122965e-6,-4.115682705756915e-6,-2.1554067972131556e-5,0.0003751947813463448,-6.537207412311934e-6,-9.230785123628931e-6,-7.799948821421011e-6,4.949318426745088e-7,-1.1391891076453864e-6,-1.011085731242408e-5,1.8536200141324388e-5,-1.1902560939335131e-5,-1.6806868058832153e-5
15.0,-0.00011376517533031172,7.208244084881256e-6,1.0972339975643276e-5,-1.1626057207337265e-5,-0.0011262809020258005,-1.45616356857876e-5,-2.0563354461562867e-5,-7.725083503346278e-5,4.894668979879463e-6,3.255977904730083e-5,1.5255659217303365e-5,-0.0010563685663114559,-7.133412550484945e-6,-1.0073517423782741e-5,-6.144053703131178e-5,3.8929170226368855e-6,3.888077990510799e-5,4.299602149785646e-5,-0.0008603439079857373,-6.703313951657719e-6,-9.466149533467798e-6,-0.0030502450892096146,0.7611094881510361,-0.18125405820251303,-0.1914657113664017,-0.06070527956362177,-0.06438951282413469,-0.04195983386084301,0.04450639480398337,-0.00439714899466713,0.0046640136261509105,-0.0005700492725930512,-0.00033690398714763777,2.1346481165988948e-5,0.0005464535033339579,0.0020948754989878952,-0.019446711493026205,-2.6695067859754296e-5,-3.7697697883334084e-5,0.002022739213678626,-0.5047220674275457,0.16922113440698303,0.20902683486556195,0.056675234607832414,0.07019864184214031,0.03917424383664926,-0.048521697676906575,0.0041052351883011625,-0.005084794236134883,0.000413792474697126,0.0003099822706201429,-1.9640701665840734e-5,-0.00016857468948280145,-0.00017774297217679845,0.006381877991913943,2.4939762447958782e-5,3.521892639435739e-5,-0.00010718031446364448,6.7910225207008065e-6,2.6738754695287913e-5,3.697435449322173e-5,-0.0005540967517106403,-7.937300651945324e-6,-1.1208735769426861e-5,-6.254681347390288e-5,3.963011501022647e-6,2.939621037693497e-5,1.360188601664795e-7,-0.0011319269856379128,-6.5762121389035135e-6,-9.286661481124206e-6,-1.6837991443592163e-5,1.0668673596427891e-6,2.797605949021949e-6,-1.92173932262777e-5,-9.567082077877017e-5,-2.565735122407261e-5,-3.6232276314622416e-5
16.0,0.0006983502731920221,-4.400269087909195e-5,-7.639085248005618e-5,6.833564761756238e-5,0.007875212665077447,8.889642329645172e-5,0.000125577327689138,0.00043137766772499865,-2.7180884569967537e-5,-0.0002205182453000844,-0.00014323082072992792,0.00737150380935496,3.961521128038487e-5,5.596144573590706e-5,0.00031601797393077525,-1.9912129704690376e-5,-0.00025931528743939377,-0.00033796932579633623,0.005992420997439813,3.428913274911035e-5,4.8437692988424644e-5,0.003058400461193992,-0.7211505241013735,0.0824947203851729,0.08022120395316037,0.02778299718614356,0.02728882847895079,0.014318023364050126,-0.014063352235758862,0.0007663471067047538,-0.0007527162226223648,0.0005882983466261568,0.0004082321220538835,-2.5722495663297884e-5,-0.0008083800938483955,-0.0034533650083125853,0.029434312205170395,3.216934456206987e-5,4.544322677793019e-5,0.002817661965992374,-0.6643859851900432,0.0909513227517772,0.10340002550545155,0.030631055324394113,0.03509822284330658,0.015785775832974896,-0.01808793921057755,0.0008449059834096532,-0.0009681251700254296,0.0005950397296548546,0.0010112586811277997,-6.371888843266517e-5,-0.0005986003085325124,-0.0006826908675558402,0.023020645656254096,8.091478409204333e-5,0.00011430226301587284,0.00063294974206913,-3.988183711155429e-5,-0.00018054150449826076,-0.0004615848965505538,0.003851140484120572,4.661623460388644e-5,6.585126770457101e-5,0.00037222432214280694,-2.3453662744424055e-5,-0.00019976473197739654,-1.734253858955734e-5,0.007842114907083269,3.892113824602576e-5,5.498098067732264e-5,0.00010707518031204088,-6.746751939475838e-6,-1.957163686562623e-5,0.00012066282216779078,0.0006540149346911609,0.00016226337642709026,0.0002292173344875377
17.0,0.005234301087258912,-0.00015994285917181287,-0.0003329570386456602,0.00027748074378711304,0.025120441316557184,0.0003266368823386729,0.0004925227917663886,0.004406049537816361,-0.0001346342422766332,-0.000806268783898506,-6.500124170419141e-5,0.02116032675856643,0.00019835777814166712,0.0002990958215104431,0.004096343605600723,-0.00012517065745886068,-0.0009617438933195962,-0.0005912548520199673,0.017058226636014088,0.00021788966744500907,0.0003285471822364027,0.032537881860445796,-0.6646969708753755,0.0723279040916137,0.036856447470583566,0.05022946978210549,0.025724595122283596,0.03649369093434394,-0.018689932978040596,0.00038011850136830823,-0.00019467445236152008,0.0012634253017267689,0.006391078907458224,-0.00019529014793198964,-0.003123004638442311,-0.007552097271375715,0.07099421978061626,0.0002468907155585041,0.00037227671173322406,0.03480698091563493,-0.7110510413421957,0.10584473472851169,0.06806225451298097,0.07350586155388347,0.047416281126282024,0.05340490761772103,-0.0344497984167063,0.0005562658346155856,-0.00035882930391211034,0.0014616237936659244,0.011532486867473197,-0.0003523945016144743,-0.002392749323853804,-0.0009071007209844361,0.0626866975799052,0.0004523599281559207,0.000682095583030775,0.005354504271364866,-0.00016361586930760668,-0.000602135994009692,0.000492912482468765,0.011189209444080722,0.0001933226651790452,0.0002915035745007556,0.0036020428388411864,-0.00011006646749952599,-0.0008210376749206858,0.00013220392054556833,0.022199379917344445,0.00018463974829763618,0.00027841094873089917,0.0009645083486169798,-2.9472172196660426e-5,-8.000190662768298e-5,0.0005826667713787724,0.0031522570671532286,0.0007165280993188348,0.0010804242843861027
18.0,0.003502784828247055,-8.917564608900432e-5,-0.00020933150370161356,0.00015831194953756116,0.014313413970029786,0.0001828883340786349,0.0002831932241874317,0.003124475076942954,-7.954444744316479e-5,-0.00046480194802638703,1.984335112649257e-5,0.011406419605748654,0.00011769091704584542,0.00018223836103921826,0.00300396926851571,-7.647655036960771e-5,-0.0005531037134431494,-0.00025501867375226793,0.009179021417984769,0.00013369087497296819,0.00020701347693078073,0.057060926275585476,-0.8601899131589308,0.21722292077698444,0.09904778009604674,0.18106383414161406,0.0824895336302647,0.13992471688961214,-0.06374726733200542,0.0014412728939168589,-0.0006566188616304641,0.001874464928387561,0.012195887765938886,-0.0003104890036025781,-0.004119681472437942,-0.002404503619877171,0.08466092678741385,0.00039419400999944593,0.0006103892476716875,-0.016839348499115583,0.25385213084609165,-0.15009310556628863,-0.08795486103689223,-0.12510849718274178,-0.07329112304436126,-0.0966828695069169,0.05663880747225355,-0.0009958669361849247,0.0005833992709914956,-0.0006022056317050289,-0.0005152585256931451,1.3117708961497702e-5,-0.00010498489397467275,-0.000302151684600552,0.0033634653152071828,-1.6910341066360517e-5,-2.6184797585767043e-5,0.0038006510521927587,-9.675887322700517e-5,-0.0003363221938193608,0.0008916979807254605,0.006365562509777722,0.00011481206413198093,0.00017778060465524384,0.002601244932752623,-6.622379303554136e-5,-0.0004930864405614192,0.00010187124024398335,0.01195652372762365,0.00011156387640822971,0.00017275095222338833,0.0007216943627796874,-1.837325563381704e-5,-5.352412644829212e-5,0.0003764170462305525,0.002150974260032022,0.0004485868836059621,0.0006946138283532994
19.0,-0.005999878196905845,0.0001374152463810202,0.00015130967116631583,-0.0002789400453582684,-0.00997018244708237,-0.00028262405904421877,-0.0004456514039284098,-0.006583276529412819,0.00015077682189453256,0.0002945341456107022,-0.0007795047230206154,-0.004989486010548216,-0.000223718619924706,-0.00035276726755543053,-0.0068781020209491865,0.00015752921189799592,0.0004251437285452774,-0.0007453886721310791,-0.004478949946688046,-0.0002761652594645995,-0.000435466945075107,-0.0003186642389554909,0.004087485533242578,0.07283459232932468,0.01559002427596304,0.067484506294032,0.014454275387765812,0.05371007071092582,-0.011503976183023184,0.0005507031174444265,-0.00011795321535189983,-7.18176263761162e-5,-0.012383547262953029,0.0002836204573431692,0.00174923310147962,-0.06065316671080342,-0.07905762418117511,-0.00036110692674161426,-0.0005694059076744902,-0.07161791805767974,0.9186383917423888,-0.22804788749622343,0.020337907295395512,-0.21129656399385968,0.018692339028831093,-0.1681682806375603,-0.01487699778936593,-0.001724272472687721,-0.00015253767005357519,0.001156002229130459,-0.028629612411799593,0.0006557041850265133,0.0008129569081287366,-0.00517823981006732,-0.004758036606769196,-0.0008476894938249303,-0.001336666150419454,-0.010394648431478606,0.00023806869545989475,0.00021580294749429073,-0.012549734685000865,-0.010393359127972958,-0.00028329146083822356,-0.0004467037861902688,-0.004918913565574107,0.00011265790693700288,0.00040524388643999086,-0.00038622100325559064,-0.00804684611044639,-0.00019032931803197826,-0.0003001178600171547,-0.0012641434332980588,2.8952684645701243e-5,5.775194903213797e-5,-0.0006215105134703333,-0.0029672623961779616,-0.0007088980186398839,-0.0011178149458238333
20.0,0.004350016464232153,-9.853336140628202e-5,-0.0003206938732796604,0.0001670285160921833,0.020404401978511504,0.0002027189758536465,0.00032030442031167,0.003677063705797805,-8.329013235154902e-5,-0.0006690518860005059,-0.00015996054157303477,0.016322774274028555,0.0001236226346452154,0.0001953289087038153,0.0034588768138337604,-7.834792395836616e-5,-0.0007690838192893609,-0.0005703650482414479,0.012970001408270586,0.00013739544471511872,0.00021709052192730638,0.055246073988481255,-0.6971277152587193,0.21062061226434434,-0.1344593615869987,0.19731828909397922,-0.12591251630414718,0.157491414677267,0.10049823768768687,0.0016141192702844142,0.0010299999020434616,-0.0003864651828213493,0.06494323291223958,-0.0014710461654687498,-0.009048520317069354,0.3579018837511398,0.4523446243060761,0.0018735335070484713,0.00296026092958917,-0.005262361618419206,0.06640359879111923,-0.07674586147196823,-0.018417970495047942,-0.07189876583250174,-0.017328945759115828,-0.05738666393441732,0.013831258090088713,-0.0005881521873136002,0.00014175566465421608,0.0005243737971584217,0.0018148639364784017,-4.1108958006626136e-5,-0.0012031477292080224,-0.0015795880360794095,0.03026622271863567,5.316211003520086e-5,8.399834680281547e-5,0.0038683356614508547,-8.762268347817783e-5,-0.0004713092129495253,-0.0014901828582019549,0.007447238608246906,0.00010430007900959352,0.00016479846647183587,0.0033130760700727075,-7.504535315285144e-5,-0.0007035313205726304,6.793836522905132e-5,0.016231863895234476,0.00012682495447092357,0.00020038870733017042,0.0010011361556513255,-2.267699707640719e-5,-8.211396272771876e-5,0.00047219606686181326,0.0030762910451533096,0.0005554146908297628,0.0008775783314243415
21.0,-0.009496063870672691,0.0001828018253012286,0.0003007995326559804,-0.0003713004579625623,-0.017791003489486302,-0.0003780053333516161,-0.0006174484750268689,-0.01284744309009143,0.0002473167913892394,-7.548489849403437e-5,-0.0020249907382628727,0.005645533051408623,-0.0003689473039183333,-0.0006026527407666186,-0.013979915109033582,0.00026911718732008824,0.00010185230751186001,-0.002468498842827916,0.0032929904199349128,-0.0004743430818130345,-0.0007748102649953746,-0.07454334671541572,0.7459004907045506,-0.11348304376847987,-0.0020527875890867207,-0.12509874217041386,-0.0031606506394020184,-0.10368068153226308,0.0026195180437492906,-0.0010570616258759066,2.670692313255811e-5,0.002916013801277085,0.00038655481115893635,-7.441285781265638e-6,-0.006967237928701893,0.18841447131413405,0.3625795390528166,9.525536400383259e-6,1.5559378149660807e-5,-0.04580101952544074,0.4582971444683967,-0.041861363253811505,-0.003509039830355425,-0.04614613526999137,-0.004248342089545417,-0.03824549049702788,0.003520986666868262,-0.00038992645271059326,3.589771822923967e-5,0.001234717733359377,-0.030396015959555107,0.0005851316161058865,-0.0002675426087111384,-0.0067466266666143205,0.01587982630720763,-0.0007605461999580615,-0.00124230546480921,-0.04174859412716571,0.0008036718491094715,-3.872819376045385e-5,-0.08071963130012783,-0.06135796753688726,-0.0009615085244450816,-0.0015705650681636658,-0.008675290050886988,0.00016700170490820988,0.00038785140602570604,-0.0007002447656851247,-0.006149381689312905,-0.0002836665384375293,-0.000463351852791962,-0.0024808000356683576,4.775607882420162e-5,0.00010978223695530347,-0.0010752079781472937,-0.005592600140034284,-0.0011756194802658312,-0.0019203021525200311
22.0,0.023664171694783777,-0.0003924517705771204,0.0037039045035798255,0.0013821421613607716,-0.18314109727997066,0.000815977961406511,0.0013828873670762565,0.021444313494025997,-0.00035563715933466385,0.002649103656481121,0.0058575072217141805,-0.06407361637672078,0.0005334486336769402,0.000904067770681979,0.023977984582449464,-0.00039765611176353834,0.0022709958240029033,0.007910984156850896,-0.042959404871294786,0.0007047474843854572,0.0011943783278817123,0.06783421880933264,-0.5556126537594845,0.07099487536982937,0.003062213630231094,0.09084287791637592,0.006050478097227817,0.07746390575938712,-0.005159388120047042,0.0007869380479892803,-5.241304020055813e-5,-0.0043874611472410905,0.011010946276803275,-0.00018260792804395537,0.01165491498014236,-0.12169837218436914,-0.39909770818870166,0.00023503677678628386,0.0003983310883237929,0.0549688262872531,-0.4502355298488592,0.045658881749260784,0.007296401455887818,0.05842371296434459,0.010794090374266698,0.04981930448465227,-0.009204380339796292,0.0005061028853966918,-9.350518832617176e-5,-0.002999867197172708,0.04133925767564221,-0.000685579240989219,0.003366143310303384,0.013807985078474916,-0.07344324114554263,0.0008959926183125591,0.0015184930616498784,-0.11468074694773532,0.0019018904515751434,0.0018684760724828437,-0.3136857800462345,-0.33782382881997747,-0.0022878872476949307,-0.003877421354212598,0.02136778980806016,-0.00035436807388195305,0.0030945878493288106,0.003138037925177119,-0.06492097911530205,0.0006052245400802555,0.0010257107548306927,0.0045660890733073235,-7.572501436115042e-5,8.602216523140962e-5,0.0019156512496480774,0.004936595087944515,0.0018743565779036347,0.0031765858338931325
23.0,-0.0009926067951877956,3.4958047263390203e-6,0.006681380498201802,0.0009667183439879958,-0.09776525790850207,-8.500474517098617e-6,-8.510464777489047e-5,0.09591731429027672,-0.0004037306943334094,-0.06697006665270112,0.10165144363519855,0.6962251262635342,0.0006849214537935605,0.003951545109822115,-0.08451154275835007,0.00039073916200085086,0.055576971037625635,-0.1006034948713551,-0.5722082547755044,-0.0007709613694443072,-0.002870183898581346,0.0009084777874576544,-0.0018387219793102535,0.00012737237719382836,-0.0004582233819983555,0.0006674377790277049,-0.00034034546904997365,0.0006436074372528329,0.0003276791353485699,6.455763258439988e-6,3.2872702134858836e-6,-0.0004607346816053786,-0.0029274590454457902,1.1715559102152146e-5,0.004171249115185847,-0.0019838418218642967,-0.027135913558937068,-1.7208694683132137e-5,-0.00011913129013139803,0.000664564548236627,-0.0014143249445661566,5.7212687505126986e-5,-0.00019086237042113629,0.00030059793269738454,-9.820482002473113e-5,0.0002898939770825905,9.448823537617154e-5,2.9077827257341606e-6,9.479586731728613e-7,-0.0002016357013442646,0.008853159084344149,-5.1755606354887594e-5,-0.0038079151056592065,0.011537912732012703,0.0642799567210098,7.2764172947185e-5,-6.16889462578122e-5,0.0007048643066801148,-4.398951893752101e-6,-0.00022840573235159985,0.0003814988659577421,0.00319722537395077,5.6450503225538405e-6,-1.1229013477666495e-5,0.00042390647952196347,-2.6270030355772247e-6,0.00019728194616033617,0.00022732108059919534,-0.000492636334592524,4.7904251666839435e-6,-8.953577198046907e-6,0.0002518627361298207,-2.3545163014944955e-6,0.001059599274099445,0.0002468647690594606,-0.007568713382804988,5.9592302258509984e-5,-0.00047072803740192353
24.0,-0.0009926067951877956,3.4958047263390203e-6,0.006681380498201802,0.0009667183439879958,-0.09776525790850207,-8.500474517098617e-6,-8.510464777489047e-5,0.09591731429027672,-0.0004037306943334094,-0.06697006665270112,0.10165144363519855,0.6962251262635342,0.0006849214537935605,0.003951545109822115,-0.08451154275835007,0.00039073916200085086,0.055576971037625635,-0.1006034948713551,-0.5722082547755044,-0.0007709613694443072,-0.002870183898581346,0.0009084777874576544,-0.0018387219793102535,0.00012737237719382836,-0.0004582233819983555,0.0006674377790277049,-0.00034034546904997365,0.0006436074372528329,0.0003276791353485699,6.455763258439988e-6,3.2872702134858836e-6,-0.0004607346816053786,-0.0029274590454457902,1.1715559102152146e-5,0.004171249115185847,-0.0019838418218642967,-0.027135913558937068,-1.7208694683132137e-5,-0.00011913129013139803,0.000664564548236627,-0.0014143249445661566,5.7212687505126986e-5,-0.00019086237042113629,0.00030059793269738454,-9.820482002473113e-5,0.0002898939770825905,9.448823537617154e-5,2.9077827257341606e-6,9.479586731728613e-7,-0.0002016357013442646,0.008853159084344149,-5.1755606354887594e-5,-0.0038079151056592065,0.011537912732012703,0.0642799567210098,7.2764172947185e-5,-6.16889462578122e-5,0.0007048643066801148,-4.398951893752101e-6,-0.00022840573235159985,0.0003814988659577421,0.00319722537395077,5.6450503225538405e-6,-1.1229013477666495e-5,0.00042390647952196347,-2.6270030355772247e-6,0.00019728194616033617,0.00022732108059919534,-0.000492636334592524,4.7904251666839435e-6,-8.953577198046907e-6,0.0002518627361298207,-2.3545163014944955e-6,0.001059599274099445,0.0002468647690594606,-0.007568713382804988,5.9592302258509984e-5,-0.00047072803740192353
25.0,-0.0032625771415513215,1.4897254096160157e-5,-0.0005687990374249294,-0.0003912627797656999,-0.0038422040915564778,-3.456135718698402e-5,-0.00011764166405113413,0.024391051797850904,-0.00011230049390372503,-0.013848373521305374,0.038927465056904434,0.17499700540833596,0.0001876995290675401,0.0005733263232458983,0.12704526342769767,-0.0005234193330848967,-0.09619413928113286,0.11462051433857581,0.8219391592770259,0.0010536699364088022,0.008316266585097784,-0.003390630049658043,0.005917914357144383,-1.1938986135447221e-5,9.660431715483436e-5,-9.449536696452903e-5,8.205052066790288e-5,-9.22643416376849e-5,-7.965918252322702e-5,-9.244598570217186e-7,-7.985556203601616e-7,9.454867135508999e-5,-0.0023406666545111253,1.1744662089322759e-5,-0.0009041381721377462,0.00043917860185099735,0.00344440358765569,-1.6615497023236244e-5,7.495397784013074e-6,-0.00377103335111018,0.006587892953769494,-0.00018046937653894325,0.0006179629392753562,-0.0009485935689604605,0.0003257177924923986,-0.00091482785788843,-0.00031394754306991117,-9.17619109896298e-6,-3.149209665787498e-6,0.0006517227910728953,-0.03788759458948887,0.0001427376897003134,0.027165619935675015,-0.024737962018437493,-0.20719615838613878,-0.00021547489855494766,-0.0025955017336273126,-0.005022643910528908,1.994241057440777e-5,0.0017354949400505497,-0.0008250104385545154,-0.013157501770729366,-2.743465303932222e-5,-0.00026281757781819096,-0.0033489217478885813,1.47528230320821e-5,0.0002675637495182957,-0.00010135506372815106,-0.0021151270189241796,-2.8284829573402938e-5,-0.00013959499089226586,-0.005137061668038927,2.1897467288477448e-5,0.004206459181146771,-0.0024783459718313566,-0.044609340713262946,-0.0006119283015577552,-0.003899632111666661
26.0,-0.0032625771415513215,1.4897254096160157e-5,-0.0005687990374249294,-0.0003912627797656999,-0.0038422040915564778,-3.456135718698402e-5,-0.00011764166405113413,0.024391051797850904,-0.00011230049390372503,-0.013848373521305374,0.038927465056904434,0.17499700540833596,0.0001876995290675401,0.0005733263232458983,0.12704526342769767,-0.0005234193330848967,-0.09619413928113286,0.11462051433857581,0.8219391592770259,0.0010536699364088022,0.008316266585097784,-0.003390630049658043,0.005917914357144383,-1.1938986135447221e-5,9.660431715483436e-5,-9.449536696452903e-5,8.205052066790288e-5,-9.22643416376849e-5,-7.965918252322702e-5,-9.244598570217186e-7,-7.985556203601616e-7,9.454867135508999e-5,-0.0023406666545111253,1.1744662089322759e-5,-0.0009041381721377462,0.00043917860185099735,0.00344440358765569,-1.6615497023236244e-5,7.495397784013074e-6,-0.00377103335111018,0.006587892953769494,-0.00018046937653894325,0.0006179629392753562,-0.0009485935689604605,0.0003257177924923986,-0.00091482785788843,-0.00031394754306991117,-9.17619109896298e-6,-3.149209665787498e-6,0.0006517227910728953,-0.03788759458948887,0.0001427376897003134,0.027165619935675015,-0.024737962018437493,-0.20719615838613878,-0.00021547489855494766,-0.0025955017336273126,-0.005022643910528908,1.994241057440777e-5,0.0017354949400505497,-0.0008250104385545154,-0.013157501770729366,-2.743465303932222e-5,-0.00026281757781819096,-0.0033489217478885813,1.47528230320821e-5,0.0002675637495182957,-0.00010135506372815106,-0.0021151270189241796,-2.8284829573402938e-5,-0.00013959499089226586,-0.005137061668038927,2.1897467288477448e-5,0.004206459181146771,-0.0024783459718313566,-0.044609340713262946,-0.0006119283015577552,-0.003899632111666661
27.0,-0.0021269071019277917,9.683746451005794e-6,-0.005525754611443808,-0.001392075014420773,0.058350712751537574,-2.246847010428873e-5,6.380035508205824e-5,0.0056974120447221225,-2.474175018980285e-5,-0.005055520820908367,0.010748934877481449,0.05449033884103148,4.1755109253431784e-5,5.306089059293472e-5,0.02512029068790107,-9.983991368542988e-5,-0.02112859622766914,0.022725291959270262,0.1724198692148882,0.00020233301575773568,0.001884412660586517,-0.0021764261605716493,0.0035708371800994595,0.00028255243559304394,-0.0010375302234097246,0.0014777140343242017,-0.000770980931093309,0.0014248478214073182,0.0007431686389599947,1.4292188719393895e-5,7.45468700644719e-6,-0.0010444104636137493,-0.009077287763524238,3.91041078806069e-5,0.007825879500886885,-0.003834877431415825,-0.051433050340538085,-5.670870284829271e-5,-0.00011234181221136448,-0.001514288198446071,0.0023454434415091717,0.000703348943490895,-0.0021984454381302814,0.003568270636837509,-0.0010938079540388512,0.003436663813047283,0.0010525935032827001,3.447553896953576e-5,1.0560057321390533e-5,-0.00233926630540055,0.14723450761711754,-0.0005770938168163687,-0.11201053421579314,0.12017185811746631,0.9168138830174882,0.000864734819453396,0.009181563776741062,-0.013160004329040404,5.096820090335191e-5,0.008462927002689451,-0.006117827008358252,-0.07113940471395931,-7.045950983817458e-5,-0.0008277449920057421,-0.0028020689376381737,1.1704754127006642e-5,0.0006685685981818633,0.0005088536566829442,-0.00283748984262355,-2.2648706959312452e-5,-0.00010739196164176768,-0.005437196281242714,2.088731048926505e-5,0.00940914443208547,-0.002116673419375794,-0.0865255642882164,-0.0005950779997331928,-0.007451499972098935
28.0,-0.0021269071019277917,9.683746451005794e-6,-0.005525754611443808,-0.001392075014420773,0.058350712751537574,-2.246847010428873e-5,6.380035508205824e-5,0.0056974120447221225,-2.474175018980285e-5,-0.005055520820908367,0.010748934877481449,0.05449033884103148,4.1755109253431784e-5,5.306089059293472e-5,0.02512029068790107,-9.983991368542988e-5,-0.02112859622766914,0.022725291959270262,0.1724198692148882,0.00020233301575773568,0.001884412660586517,-0.0021764261605716493,0.0035708371800994595,0.00028255243559304394,-0.0010375302234097246,0.0014777140343242017,-0.000770980931093309,0.0014248478214073182,0.0007431686389599947,1.4292188719393895e-5,7.45468700644719e-6,-0.0010444104636137493,-0.009077287763524238,3.91041078806069e-5,0.007825879500886885,-0.003834877431415825,-0.051433050340538085,-5.670870284829271e-5,-0.00011234181221136448,-0.001514288198446071,0.0023454434415091717,0.000703348943490895,-0.0021984454381302814,0.003568270636837509,-0.0010938079540388512,0.003436663813047283,0.0010525935032827001,3.447553896953576e-5,1.0560057321390533e-5,-0.00233926630540055,0.14723450761711754,-0.0005770938168163687,-0.11201053421579314,0.12017185811746631,0.9168138830174882,0.000864734819453396,0.009181563776741062,-0.013160004329040404,5.096820090335191e-5,0.008462927002689451,-0.006117827008358252,-0.07113940471395931,-7.045950983817458e-5,-0.0008277449920057421,-0.0028020689376381737,1.1704754127006642e-5,0.0006685685981818633,0.0005088536566829442,-0.00283748984262355,-2.2648706959312452e-5,-0.00010739196164176768,-0.005437196281242714,2.088731048926505e-5,0.00940914443208547,-0.002116673419375794,-0.0865255642882164,-0.0005950779997331928,-0.007451499972098935
29.0,0.0007279642678211522,-2.78319710250813e-6,-0.00809727563724221,-0.0016478879824278086,0.10080789899892158,6.667863483370587e-6,0.00011864756669336073,0.032446804575015795,-0.00012405258948884197,-0.025827916701751472,0.024803818775589716,0.2308166608866814,0.00021440845553489547,0.0038151713187057038,0.047852483643209,-0.00018295251526813006,-0.03815027396736079,0.026570670494940333,0.29861379610698163,0.00037360687294727275,0.006647938499355047,8.05317422504501e-5,-0.0001227722919771735,0.00023427240857576886,-0.000996317216202469,0.0013003076263179024,-0.000759788450395195,0.001256480185167327,0.0007341794460907574,1.2600984322084605e-5,7.362936396211634e-6,-0.0009983295979547164,-0.025840086647350272,9.879338514857133e-5,0.02807059272354753,-0.010231534760523419,-0.17093141769164572,-0.00014651924106370286,-0.0026071546700388577,0.001882767341439275,-0.002870317409098257,0.000861228265295358,-0.003396420458008842,0.004780168898984742,-0.0018693252687041187,0.004619051201239722,0.0018063188373372819,4.632352539121909e-5,1.8115204357250982e-5,-0.0035541283128167154,0.06347594598887424,-0.00024268508327125447,-0.04913849810352632,0.04315529633933374,0.3897090455807218,0.0003654605097742303,0.006502982597069839,-0.11554120619496214,0.00044174414118383035,0.0926679896437507,-0.06483881521069144,-0.7891667874779799,-0.0006123088231765564,-0.010895386819247493,-0.001989329905491475,7.605726645698041e-6,0.0007127792917598592,0.00032025221819286545,-0.0036552168477461434,-1.4967637392360123e-5,-0.0002663332504568801,0.0008752233578136567,-3.346206979084595e-6,-0.0018107742916121888,0.0013545183788855543,0.017462491076478653,9.543688388731136e-5,0.0016981982415042289
30.0,0.0020077809509784442,-1.0840270544952479e-6,-0.03607345070098405,-0.0074100184018145955,0.4225436091865957,5.76452640231216e-6,0.0031750692765430337,-0.00560063155057871,3.0219854873924938e-5,-0.0014836173643304985,-0.00957320410820798,0.0076026707885065836,-4.9164268687455225e-5,0.0029525973662722057,-0.01991510503991799,8.279799287896431e-5,0.011405444746552739,-0.02102277395946802,-0.08451434856198878,-0.00016631159747331042,0.0023962951795326566,-0.004051746795328283,0.008667061404269403,0.00019595837488839768,-0.001949152955451396,0.0016893684261220254,-0.001604240253677906,0.0016527507418418303,0.001563236764922418,1.655731888029355e-5,1.566594698554709e-5,-0.001926329317186151,-0.025758074552413916,9.46392988144621e-5,0.023823658805827864,-0.008921088638644279,-0.12034521208920071,-0.00014146536236333017,-0.0014191788072636907,-0.003592163945851287,0.008373102987226612,0.0001138407189606014,-0.002124285215679474,0.001569252235809624,-0.0015041928512894529,0.001548020003613395,0.0014677660095867,1.5497081085941642e-5,1.470743721355608e-5,-0.002114910769108945,-0.12511673654993782,0.00046586782592420475,0.09313332511270248,-0.09657156800520086,-0.6957415748624004,-0.0007051463319147175,-0.005153228188901928,-0.03806629828150328,0.00015141447239345717,0.024334392783236364,-0.024854579084616975,-0.1995035514285665,-0.00020819075713918945,0.0012224714219963748,0.0009045631004762294,2.924019114151423e-6,-0.0031074589538740652,0.002613173955513635,0.0267274574283657,-3.233299487693004e-6,0.002509698921881312,0.009828818236603636,-3.7436685686286754e-5,-0.0011288439965515815,0.017830033613935776,0.03293851404716321,0.0010682671292254623,0.002908852705155101
31.0,0.0020077809509784442,-1.0840270544952479e-6,-0.03607345070098405,-0.0074100184018145955,0.4225436091865957,5.76452640231216e-6,0.0031750692765430337,-0.00560063155057871,3.0219854873924938e-5,-0.0014836173643304985,-0.00957320410820798,0.0076026707885065836,-4.9164268687455225e-5,0.0029525973662722057,-0.01991510503991799,8.279799287896431e-5,0.011405444746552739,-0.02102277395946802,-0.08451434856198878,-0.00016631159747331042,0.0023962951795326566,-0.004051746795328283,0.008667061404269403,0.00019595837488839768,-0.001949152955451396,0.0016893684261220254,-0.001604240253677906,0.0016527507418418303,0.001563236764922418,1.655731888029355e-5,1.566594698554709e-5,-0.001926329317186151,-0.025758074552413916,9.46392988144621e-5,0.023823658805827864,-0.008921088638644279,-0.12034521208920071,-0.00014146536236333017,-0.0014191788072636907,-0.003592163945851287,0.008373102987226612,0.0001138407189606014,-0.002124285215679474,0.001569252235809624,-0.0015041928512894529,0.001548020003613395,0.0014677660095867,1.5497081085941642e-5,1.470743721355608e-5,-0.002114910769108945,-0.12511673654993782,0.00046586782592420475,0.09313332511270248,-0.09657156800520086,-0.6957415748624004,-0.0007051463319147175,-0.005153228188901928,-0.03806629828150328,0.00015141447239345717,0.024334392783236364,-0.024854579084616975,-0.1995035514285665,-0.00020819075713918945,0.0012224714219963748,0.0009045631004762294,2.924019114151423e-6,-0.0031074589538740652,0.002613173955513635,0.0267274574283657,-3.233299487693004e-6,0.002509698921881312,0.009828818236603636,-3.7436685686286754e-5,-0.0011288439965515815,0.017830033613935776,0.03293851404716321,0.0010682671292254623,0.002908852705155101
32.0,0.0034967336432572757,-1.228132671232445e-5,-0.05759667969304544,-0.012354634155700364,0.684635634748643,2.9945852324524898e-5,0.0025671557499520165,-0.023299946753236617,8.553622783841797e-5,0.014645813676003266,-0.005266557815317353,-0.1267352909163422,-0.00014905897245866753,-0.0040952366742700854,-0.02682658840380847,9.831360779849852e-5,0.016632716753541277,-0.0001863730692524984,-0.12803988391932217,-0.00020249668534534732,-0.006016395024010396,-0.01739973286147185,0.025430248358210526,-0.002923477398121804,0.013752338178269014,-0.016945127197081775,0.010646763478250955,-0.016398257415272396,-0.010303034789251172,-0.00016443353846462325,-0.00010331379887705117,0.013743532667073515,-0.06614625525897484,0.00023893677182542159,0.050575988310105194,-0.0011568969772965476,-0.35566927521647573,-0.00035850426412458304,-0.01741579718777634,-0.01786934906202054,0.026190234220832477,-0.002788033756167781,0.012045680904215986,-0.016074661392432268,0.006851007222204249,-0.01555312213764498,-0.006628574909580964,-0.0001559613546270553,-6.646920056010665e-5,0.012533734589281628,-0.07777190754125873,0.0002836541150095344,0.05656565361613955,-0.021040122494962094,-0.4270952711917958,-0.0004312705221997561,-0.015507582326991839,0.0026899190280995494,-8.042589111857109e-6,-0.008671143283522944,0.0006413261664487576,0.07565116466419707,1.177398741659271e-5,0.0036526215100257924,-0.005861070542286543,2.2287705229486447e-5,-0.002275248656460478,-0.0019037271424325783,0.009232451857916957,-4.3904112766533035e-5,0.0007830507592352666,0.0004643595949916115,-1.6841081594216023e-6,-0.0030616448023828256,0.005855483014272353,0.026351195394223908,4.855249365985128e-5,0.002103976553292379
33.0,0.0034967336432572757,-1.228132671232445e-5,-0.05759667969304544,-0.012354634155700364,0.684635634748643,2.9945852324524898e-5,0.0025671557499520165,-0.023299946753236617,8.553622783841797e-5,0.014645813676003266,-0.005266557815317353,-0.1267352909163422,-0.00014905897245866753,-0.0040952366742700854,-0.02682658840380847,9.831360779849852e-5,0.016632716753541277,-0.0001863730692524984,-0.12803988391932217,-0.00020249668534534732,-0.006016395024010396,-0.01739973286147185,0.025430248358210526,-0.002923477398121804,0.013752338178269014,-0.016945127197081775,0.010646763478250955,-0.016398257415272396,-0.010303034789251172,-0.00016443353846462325,-0.00010331379887705117,0.013743532667073515,-0.06614625525897484,0.00023893677182542159,0.050575988310105194,-0.0011568969772965476,-0.35566927521647573,-0.00035850426412458304,-0.01741579718777634,-0.01786934906202054,0.026190234220832477,-0.002788033756167781,0.012045680904215986,-0.016074661392432268,0.006851007222204249,-0.01555312213764498,-0.006628574909580964,-0.0001559613546270553,-6.646920056010665e-5,0.012533734589281628,-0.07777190754125873,0.0002836541150095344,0.05656565361613955,-0.021040122494962094,-0.4270952711917958,-0.0004312705221997561,-0.015507582326991839,0.0026899190280995494,-8.042589111857109e-6,-0.008671143283522944,0.0006413261664487576,0.07565116466419707,1.177398741659271e-5,0.0036526215100257924,-0.005861070542286543,2.2287705229486447e-5,-0.002275248656460478,-0.0019037271424325783,0.009232451857916957,-4.3904112766533035e-5,0.0007830507592352666,0.0004643595949916115,-1.6841081594216023e-6,-0.0030616448023828256,0.005855483014272353,0.026351195394223908,4.855249365985128e-5,0.002103976553292379
34.0,-0.0032042465430758573,1.1540903269508226e-5,0.07703909925762807,0.017533563699340376,-0.8966296066215795,-2.7989821016043233e-5,-0.002068708421005675,0.010058232092048775,-3.6227263438064403e-5,-0.0030586281235345666,-0.011103857330949934,0.03433332172061977,6.338539306011778e-5,0.004684770806051888,0.010930114924438987,-3.936756968343539e-5,-0.002446552813509122,-0.015342829579846945,0.027894598320779722,8.138280633347227e-5,0.006014947242839205,0.02036066845861207,-0.029144426720679024,0.003014798539485106,-0.014734719223720478,0.017762467156986216,-0.011465970533625542,0.017198533751580397,0.0111019420598341,0.00017245018373158538,0.00011131948658791508,-0.014712798218853245,0.034004714286226916,-0.00012247656758257114,-0.01291776930276958,-0.011672726336052045,0.14075996769445817,0.00018388122349147784,0.013590534758887031,0.02254286674864184,-0.03226804313253136,0.003320963643607603,-0.015117778489684434,0.019566318238696204,-0.008745608455609668,0.0189451150928609,0.008467947660201681,0.00018996320414748112,8.490835028296989e-5,-0.01568468713509671,0.03936288957043526,-0.00014177538926334084,-0.025513807134525116,-0.01785500055577853,0.19782187689641675,0.00021613037416309532,0.015974047304789664,-0.004584474889110267,1.6512144282742296e-5,0.011825750960764459,-0.00727646528901427,-0.0963761932808974,-2.3169719626490004e-5,-0.001712458041985228,0.05168644666279355,-0.00018616179287712863,-0.058775896386579395,-0.02217678094754949,0.31538676433780233,0.00037086912361023394,0.027410681850595253,-0.00045113362134175435,1.6248716868444873e-6,0.005270088220074754,-0.00682609651671209,-0.04353793315078721,-4.691374529381655e-5,-0.003467362648462687
35.0,-0.021675981298933902,8.22962052093784e-5,0.05424935284838636,0.0013438953148135954,-0.8534616318234818,-0.0001959401674683514,-0.00038596400202350905,0.02357473696540717,-0.00011328230883919507,-0.023440472170584717,0.021117120847214114,0.2687583881456147,0.00018686044222744388,0.00012358527191730243,0.024129277435828156,-8.377566025980835e-5,-0.025444992863928602,0.010496035437034233,0.16420887813256782,0.000173023706377218,0.00043601022626347846,-0.0030803903465608,0.002833787107835993,-0.0002247481991831435,0.0017742283325962482,-0.0019594540894306,0.0013879583960924485,-0.0019174850029610349,-0.0013405959639554213,-1.9208726370678832e-5,-1.3444835083362195e-5,0.001748671809220968,0.010842217835230468,-4.5379591336978225e-5,-0.01519245941404253,0.0066393735498480174,0.08517387979096726,6.571050129723256e-5,9.224226105062967e-5,-0.003011423617702651,0.002667186082967268,-0.00017924181478294677,0.00147745264005623,-0.001662221606573235,0.000890906665386451,-0.001628758195592607,-0.0008581713118286156,-1.631451439786904e-5,-8.60863619021769e-6,0.001490393093751553,0.011569084759184445,-1.1253385474955133e-5,-0.014771687314244103,0.00444976671703909,0.03887070358814486,2.6083629060129136e-5,0.0003440797949498876,-0.007618026049631298,-5.637497174393326e-5,0.008224982123352013,0.008173522861459928,0.08810438847020559,5.544770974949077e-5,-0.0005941898320814378,-0.0011022156199454343,6.340288228838431e-6,-0.0053528483437415555,-0.002487260539382443,0.015693618575459194,-1.1603146921302737e-5,2.3813464646060275e-6,-0.002016366790021912,8.402614546037755e-6,-0.0010257734096901408,-0.00015474474460368213,0.0029712828546969573,-0.0002341623532722683,-0.0003344739332781224
36.0,-0.021675981298933902,8.22962052093784e-5,0.05424935284838636,0.0013438953148135954,-0.8534616318234818,-0.0001959401674683514,-0.00038596400202350905,0.02357473696540717,-0.00011328230883919507,-0.023440472170584717,0.021117120847214114,0.2687583881456147,0.00018686044222744388,0.00012358527191730243,0.024129277435828156,-8.377566025980835e-5,-0.025444992863928602,0.010496035437034233,0.16420887813256782,0.000173023706377218,0.00043601022626347846,-0.0030803903465608,0.002833787107835993,-0.0002247481991831435,0.0017742283325962482,-0.0019594540894306,0.0013879583960924485,-0.0019174850029610349,-0.0013405959639554213,-1.9208726370678832e-5,-1.3444835083362195e-5,0.001748671809220968,0.010842217835230468,-4.5379591336978225e-5,-0.01519245941404253,0.0066393735498480174,0.08517387979096726,6.571050129723256e-5,9.224226105062967e-5,-0.003011423617702651,0.002667186082967268,-0.00017924181478294677,0.00147745264005623,-0.001662221606573235,0.000890906665386451,-0.001628758195592607,-0.0008581713118286156,-1.631451439786904e-5,-8.60863619021769e-6,0.001490393093751553,0.011569084759184445,-1.1253385474955133e-5,-0.014771687314244103,0.00444976671703909,0.03887070358814486,2.6083629060129136e-5,0.0003440797949498876,-0.007618026049631298,-5.637497174393326e-5,0.008224982123352013,0.008173522861459928,0.08810438847020559,5.544770974949077e-5,-0.0005941898320814378,-0.0011022156199454343,6.340288228838431e-6,-0.0053528483437415555,-0.002487260539382443,0.015693618575459194,-1.1603146921302737e-5,2.3813464646060275e-6,-0.002016366790021912,8.402614546037755e-6,-0.0010257734096901408,-0.00015474474460368213,0.0029712828546969573,-0.0002341623532722683,-0.0003344739332781224
37.0,0.0017469389751494314,-1.2042886779034771e-5,0.0021414217938239086,0.0019337012522203177,0.017021095482317342,2.552797754980706e-5,-9.229622558375525e-5,0.11976053138719266,-0.00038299071686872214,-0.11287616766215122,0.07832265339997219,0.7837013259844613,0.0006768497160510495,-0.0006834802981712548,-0.08750617267128824,0.0003050165238768445,0.0775022873600453,-0.05717248542325135,-0.534541684636558,-0.0006236890187238227,0.0008508805854436386,0.001139031114804195,-0.002949039514687687,8.578600197731032e-5,-0.0009884938426852198,0.0008481913203090979,-0.0008175676655780474,0.0008321650648997571,0.0007959398456291732,8.33466130310311e-6,7.97707557329876e-6,-0.0009732175412882262,-0.006210075745210003,1.119818415638822e-5,0.007791109514103429,-0.003175108666209767,-0.025169508294911425,-2.028157119310721e-5,-3.476266556877131e-5,0.0012591333914977047,-0.003048058513181963,9.332945200144074e-5,-0.0010132509511904734,0.0009201963286269361,-0.0006774321346979542,0.000902760732682052,0.0006584608235075107,9.041763069260816e-6,6.600128538530041e-6,-0.0010167597712153799,-0.008057490465623741,1.005620206724362e-5,0.00813809633764969,-0.005407731232136257,-0.025619231670658296,-2.156236904155088e-5,-7.997574015240333e-5,0.007807594330875354,-3.3791741371926363e-6,-0.006534933262675544,0.002504757600350577,-0.00833210197377466,1.2476621390969003e-5,0.00011609471508202475,0.00017364016971790935,-6.767298521986847e-6,0.0011494806296838225,0.0005253808202106092,-0.00030989795526115664,1.047710579013198e-5,-6.315276483421246e-5,-0.0007822616451033885,-2.6716826670161454e-6,0.0019938108343532344,-0.0007659305866439814,-0.012750804292528489,4.0011706023557814e-5,-0.0006749344125839017
38.0,0.0017469389751494314,-1.2042886779034771e-5,0.0021414217938239086,0.0019337012522203177,0.017021095482317342,2.552797754980706e-5,-9.229622558375525e-5,0.11976053138719266,-0.00038299071686872214,-0.11287616766215122,0.07832265339997219,0.7837013259844613,0.0006768497160510495,-0.0006834802981712548,-0.08750617267128824,0.0003050165238768445,0.0775022873600453,-0.05717248542325135,-0.534541684636558,-0.0006236890187238227,0.0008508805854436386,0.001139031114804195,-0.002949039514687687,8.578600197731032e-5,-0.0009884938426852198,0.0008481913203090979,-0.0008175676655780474,0.0008321650648997571,0.0007959398456291732,8.33466130310311e-6,7.97707557329876e-6,-0.0009732175412882262,-0.006210075745210003,1.119818415638822e-5,0.007791109514103429,-0.003175108666209767,-0.025169508294911425,-2.028157119310721e-5,-3.476266556877131e-5,0.0012591333914977047,-0.003048058513181963,9.332945200144074e-5,-0.0010132509511904734,0.0009201963286269361,-0.0006774321346979542,0.000902760732682052,0.0006584608235075107,9.041763069260816e-6,6.600128538530041e-6,-0.0010167597712153799,-0.008057490465623741,1.005620206724362e-5,0.00813809633764969,-0.005407731232136257,-0.025619231670658296,-2.156236904155088e-5,-7.997574015240333e-5,0.007807594330875354,-3.3791741371926363e-6,-0.006534933262675544,0.002504757600350577,-0.00833210197377466,1.2476621390969003e-5,0.00011609471508202475,0.00017364016971790935,-6.767298521986847e-6,0.0011494806296838225,0.0005253808202106092,-0.00030989795526115664,1.047710579013198e-5,-6.315276483421246e-5,-0.0007822616451033885,-2.6716826670161454e-6,0.0019938108343532344,-0.0007659305866439814,-0.012750804292528489,4.0011706023557814e-5,-0.0006749344125839017
39.0,-0.002346718986568052,-1.1782984798835804e-5,0.007826115093184925,0.0008393325342915941,0.0754650999248656,1.9158187861657557e-5,-4.582352246389049e-5,0.015786474142315248,-0.00021397364955067118,-0.011911079926708699,0.010026540819222897,0.5094370902838437,0.0003152476383944501,-5.0633959797515025e-6,0.04652168542206408,-0.00032346189167134883,-0.04155185620023402,0.014461800740917971,0.5765529372736419,0.0005925158225801024,0.0002638118592855363,0.0011705123806319015,0.000281257076805174,0.00038387757161017014,-0.00030201317587778224,0.0026319803453291935,0.0001731579487106447,0.0025603259962421643,-0.00022875460227293252,2.5660815355286548e-5,-2.2414331021873343e-6,-0.00029766305789652464,0.0011377958105192392,0.0001797478102936631,0.0022722454521785234,-0.00524825938013785,-0.36676410625094635,-0.0002136455227786413,0.00012958586649094859,0.00020448536272630913,-0.00015465864205996448,0.0004223144828391409,0.0013343895107126476,0.0011949526499260145,0.001526905154123348,0.0011160053045561576,-0.0015216350894661226,1.1224586704937373e-5,-1.5219707892992596e-5,0.0012118079248267537,-0.0389943543672245,0.00016297153403192286,0.033288470761480234,-0.02401523863534164,-0.3098444532827624,-0.00023505769378731736,-0.00023615629328343503,0.01030550610926147,-6.945505627143305e-5,-0.009783617579195854,0.004751794906741056,0.1656375580405643,8.663727651309561e-5,4.1034694572125205e-5,-0.005887667759929747,2.9478700996872157e-5,0.004251117090750947,-0.0037874219914284107,-0.05217300523284043,-5.4102618794392244e-5,-4.2294060944927414e-5,-0.0002192235733360103,5.641975305562307e-6,-0.004464178737718476,-0.0003795874452593709,-0.000438278769197183,-0.00013358973985242426,3.5341980458198414e-5
40.0,-0.002346718986568052,-1.1782984798835804e-5,0.007826115093184925,0.0008393325342915941,0.0754650999248656,1.9158187861657557e-5,-4.582352246389049e-5,0.015786474142315248,-0.00021397364955067118,-0.011911079926708699,0.010026540819222897,0.5094370902838437,0.0003152476383944501,-5.0633959797515025e-6,0.04652168542206408,-0.00032346189167134883,-0.04155185620023402,0.014461800740917971,0.5765529372736419,0.0005925158225801024,0.0002638118592855363,0.0011705123806319015,0.000281257076805174,0.00038387757161017014,-0.00030201317587778224,0.0026319803453291935,0.0001731579487106447,0.0025603259962421643,-0.00022875460227293252,2.5660815355286548e-5,-2.2414331021873343e-6,-0.00029766305789652464,0.0011377958105192392,0.0001797478102936631,0.0022722454521785234,-0.00524825938013785,-0.36676410625094635,-0.0002136455227786413,0.00012958586649094859,0.00020448536272630913,-0.00015465864205996448,0.0004223144828391409,0.0013343895107126476,0.0011949526499260145,0.001526905154123348,0.0011160053045561576,-0.0015216350894661226,1.1224586704937373e-5,-1.5219707892992596e-5,0.0012118079248267537,-0.0389943543672245,0.00016297153403192286,0.033288470761480234,-0.02401523863534164,-0.3098444532827624,-0.00023505769378731736,-0.00023615629328343503,0.01030550610926147,-6.945505627143305e-5,-0.009783617579195854,0.004751794906741056,0.1656375580405643,8.663727651309561e-5,4.1034694572125205e-5,-0.005887667759929747,2.9478700996872157e-5,0.004251117090750947,-0.0037874219914284107,-0.05217300523284043,-5.4102618794392244e-5,-4.2294060944927414e-5,-0.0002192235733360103,5.641975305562307e-6,-0.004464178737718476,-0.0003795874452593709,-0.000438278769197183,-0.00013358973985242426,3.5341980458198414e-5
41.0,-0.010311487084086727,1.285472942872831e-5,0.024187888259999332,6.562673669991869e-5,-0.11805968146876906,-4.361938921097299e-5,-7.082735263703095e-5,-0.011399639427272946,2.7050169991666167e-5,0.009038719822897003,-0.004373951799710285,-0.03159997736483273,-5.129447556514387e-5,1.2274769784251487e-5,-0.014122876096837616,6.376526464546003e-5,0.00926938032673724,-0.007778227997263817,-0.09657010319905016,-0.00012103574909072793,0.00020941184197830363,-0.002138053866278908,0.0029532678977837656,0.0001143832915270536,0.0006037303642397128,0.0004239373900757457,0.0006615796264985443,0.0004025484023956645,-0.0006662499879739241,4.04304055109762e-6,-6.658456473615645e-6,0.0005891747393265145,-0.003780589413119241,2.5711417481261372e-5,0.0019725210351054056,-0.0012105285195658164,-0.035106563194060386,-3.3064221757145227e-5,8.042922716546467e-5,-0.002080295994092727,0.0028008607624384137,0.00012588536970507504,0.0007140676981578575,0.0004414144678729487,0.0007832159499822229,0.00041787391689033994,-0.0007837338918192368,4.1980687476845965e-6,-7.836692958523195e-6,0.0006776288649661423,-0.00946769848046253,3.7025469116227356e-5,0.005658780392476809,-0.006038552121789484,-0.04972501801978137,-5.34263667610282e-5,7.68250129686389e-5,0.16525170274524806,-0.0005068336595655239,-0.1368311202761443,0.08872759321536393,0.9237372443665511,0.0007145985862252756,-0.0006354118967638358,-0.009122436041516383,2.02768199862262e-5,0.005953783191093775,-0.006623368306860668,-0.02348041211694148,-4.473258563042841e-5,2.8309908779573987e-6,-0.0022839425928749403,1.0117281435827176e-5,-0.0013756792401632815,0.00011161163956865909,0.0013688669447641639,-0.00026924499054983896,0.00045577178219360047
42.0,-0.010311487084086727,1.285472942872831e-5,0.024187888259999332,6.562673669991869e-5,-0.11805968146876906,-4.361938921097299e-5,-7.082735263703095e-5,-0.011399639427272946,2.7050169991666167e-5,0.009038719822897003,-0.004373951799710285,-0.03159997736483273,-5.129447556514387e-5,1.2274769784251487e-5,-0.014122876096837616,6.376526464546003e-5,0.00926938032673724,-0.007778227997263817,-0.09657010319905016,-0.00012103574909072793,0.00020941184197830363,-0.002138053866278908,0.0029532678977837656,0.0001143832915270536,0.0006037303642397128,0.0004239373900757457,0.0006615796264985443,0.0004025484023956645,-0.0006662499879739241,4.04304055109762e-6,-6.658456473615645e-6,0.0005891747393265145,-0.003780589413119241,2.5711417481261372e-5,0.0019725210351054056,-0.0012105285195658164,-0.035106563194060386,-3.3064221757145227e-5,8.042922716546467e-5,-0.002080295994092727,0.0028008607624384137,0.00012588536970507504,0.0007140676981578575,0.0004414144678729487,0.0007832159499822229,0.00041787391689033994,-0.0007837338918192368,4.1980687476845965e-6,-7.836692958523195e-6,0.0006776288649661423,-0.00946769848046253,3.7025469116227356e-5,0.005658780392476809,-0.006038552121789484,-0.04972501801978137,-5.34263667610282e-5,7.68250129686389e-5,0.16525170274524806,-0.0005068336595655239,-0.1368311202761443,0.08872759321536393,0.9237372443665511,0.0007145985862252756,-0.0006354118967638358,-0.009122436041516383,2.02768199862262e-5,0.005953783191093775,-0.006623368306860668,-0.02348041211694148,-4.473258563042841e-5,2.8309908779573987e-6,-0.0022839425928749403,1.0117281435827176e-5,-0.0013756792401632815,0.00011161163956865909,0.0013688669447641639,-0.00026924499054983896,0.00045577178219360047
43.0,0.037463486911849864,-7.447437648171416e-5,0.00011986088402204958,0.0034882498767811565,-0.0005238053077149065,0.00021830476823375184,-0.00037358477040491466,0.041101360053466415,-8.170617352660486e-5,-0.007421465359235695,0.004748549561127237,0.02164365515229907,0.0001727844106443394,-0.00029568581988423853,0.03585162342663153,-7.127012247518245e-5,-0.0017304693085440984,0.001442903893293233,0.003200186562778699,0.0001780727998540077,-0.0003047358359905462,0.0348939465814892,-0.026914078096817253,-2.5976747362289178e-5,0.00048307222728355425,-0.00027729686513222346,0.0004157958288953674,-0.00027244230307525805,-0.00040851660252543015,-2.728380904165351e-6,-4.091100688841879e-6,0.0004775201982986613,0.03421573981430574,-6.801811840223757e-5,0.00018916347469934852,1.1017976250118344e-5,-0.0029506007910356418,0.0001234255346637845,-0.00021121801599789194,0.0348902544122338,-0.02691123028676632,-2.6635031064680747e-5,0.0004735187855360341,-0.00028432391915642524,0.00035017582490553905,-0.00027934633634365923,-0.0003440453903921236,-2.797521533805908e-6,-3.4454519969998057e-6,0.00047385777862040014,0.03404581095587708,-6.768031360024431e-5,0.0006209296926230941,-0.00014971599396812225,-0.003372943901495778,0.00012470197870042795,-0.0002134023936290224,0.032748966485727976,-6.510229187112712e-5,0.0020854208121303484,-0.0012142221639183924,-0.009184698079114437,0.00011041030430202776,-0.0001889450629789756,-0.41610617217061574,0.0008271853550500869,0.20122788061052074,-0.47977885158034517,-0.7361584459653364,-0.001991723223806814,0.0034084343154482683,0.02907403260607237,-5.779682108183526e-5,0.007602518109811208,-0.0022414219947550205,-0.030897005873935037,0.0020168844237191423,-0.003451492656172903
44.0,0.3759609192494783,-0.0006885338489975656,-0.11552217276241095,0.38989663126936197,0.7280635216845303,0.0021019293198949003,-0.0030096673518340833,-0.03210211413383994,5.8791728272265654e-5,0.020382612391973358,-0.012036862647841694,-0.05501506499427625,-0.00012947990675333,0.00018539702757660966,-0.027780320090760986,5.087680591016938e-5,0.014204555528176838,-0.008284906415007004,-0.036808562530826795,-0.00013238731895201915,0.00018956003319102964,-0.011853456360179378,0.008403515518613252,0.00020406872732585017,-0.004521711119006029,0.0023645730291374885,-0.004006980114139128,0.002326439893959614,0.003942360111929924,2.3295456146323336e-5,3.9476230277260164e-5,-0.004461630422991272,-0.027006888208030086,4.946034477313391e-5,0.016437427253798324,-0.0067919709709731305,-0.027755195628842974,-9.347038029923863e-5,0.00013383644697113152,-0.011523441020274937,0.008169550930896826,0.00022841443735961692,-0.004825588207164326,0.0026466701935460423,-0.003730234443233583,0.0026039877172514578,0.0036700774793614497,2.607463954566817e-5,3.6749769072438014e-5,-0.004811818112962077,-0.030253547555473884,5.5406268251990416e-5,0.015960679097474784,-0.012210166595516424,-0.042769709837020824,-0.00010631789015040153,0.00015223227531136138,-0.13757436412933788,0.00025195333240087046,0.10114195691913037,-0.06915525157042711,-0.3320304767883014,-0.0004450101357415165,0.0006371919665092172,-0.04806481841990049,8.802578335553904e-5,0.017665114541365937,-0.034146899964691724,-0.04984485244634859,-0.00022073566845339537,0.0003160624519855414,-0.011220562975186392,2.054930982889744e-5,-0.0013819197837168778,0.0003055077765413106,0.0071701726306242705,-0.0007468111043975565,0.0010693285343485143
45.0,0.0018029406690334,-5.752475169070557e-6,-0.0016310596059609633,7.046949688398111e-5,0.00258443468020989,1.3770752997672147e-5,2.4864897212381563e-5,0.004491234543092358,7.5476151046967415e-6,-0.0028784845777646163,0.0002983660344339909,-0.028226049218965883,-6.1842800669451114e-6,3.245986513865874e-5,0.004574773578346659,1.7050771218385382e-5,-0.002050170846274357,5.108252926410576e-5,-0.03661417061916271,-2.3083494177747272e-5,3.288352142792345e-5,0.001462210573228598,0.007137777048759469,-0.0016188975984266839,-0.005677711368702777,-0.0007973858842220743,-0.005430808683512182,-0.0004946403155733475,0.0053387640623912954,-5.194624647994382e-6,5.345776223176215e-5,-0.0053228887510662765,-0.023460278000419953,0.0004492875774629529,0.02865596761741158,-0.012119511414005272,-0.8074910759052236,-0.0005652022670625522,-0.0003798371087829142,0.002817503550562792,-0.004994849023662539,0.0005100104469379007,0.0007939253229036925,0.0026973966799196058,0.0014960817760734772,0.002602291802387998,-0.0015256850594081832,2.6098373441957557e-5,-1.5230956982423637e-5,0.0006794192957226724,0.0362286808225353,-0.0002772046414235657,-0.028421204153789133,0.018874432894466144,0.5441566236258637,0.00037302419986539774,0.0003927473152674029,0.0018295445738407332,-7.654932580974307e-7,-0.000932213727705207,-0.00023722257189462295,-0.015978338358248283,2.333919750094191e-6,1.2325400945279983e-5,-5.211357928975112e-5,-1.916763828903713e-5,0.0018116612078003269,0.0009361996908305036,0.027116238191329835,3.079801359261661e-5,1.1711291891539914e-5,0.0005484833377026533,-8.632221987428888e-6,0.0006542319626402423,6.642487408129913e-5,-0.009787455866988287,0.00021044418332202735,0.00015351467800812907
46.0,0.0018029406690334,-5.752475169070557e-6,-0.0016310596059609633,7.046949688398111e-5,0.00258443468020989,1.3770752997672147e-5,2.4864897212381563e-5,0.004491234543092358,7.5476151046967415e-6,-0.0028784845777646163,0.0002983660344339909,-0.028226049218965883,-6.1842800669451114e-6,3.245986513865874e-5,0.004574773578346659,1.7050771218385382e-5,-0.002050170846274357,5.108252926410576e-5,-0.03661417061916271,-2.3083494177747272e-5,3.288352142792345e-5,0.001462210573228598,0.007137777048759469,-0.0016188975984266839,-0.005677711368702777,-0.0007973858842220743,-0.005430808683512182,-0.0004946403155733475,0.0053387640623912954,-5.194624647994382e-6,5.345776223176215e-5,-0.0053228887510662765,-0.023460278000419953,0.0004492875774629529,0.02865596761741158,-0.012119511414005272,-0.8074910759052236,-0.0005652022670625522,-0.0003798371087829142,0.002817503550562792,-0.004994849023662539,0.0005100104469379007,0.0007939253229036925,0.0026973966799196058,0.0014960817760734772,0.002602291802387998,-0.0015256850594081832,2.6098373441957557e-5,-1.5230956982423637e-5,0.0006794192957226724,0.0362286808225353,-0.0002772046414235657,-0.028421204153789133,0.018874432894466144,0.5441566236258637,0.00037302419986539774,0.0003927473152674029,0.0018295445738407332,-7.654932580974307e-7,-0.000932213727705207,-0.00023722257189462295,-0.015978338358248283,2.333919750094191e-6,1.2325400945279983e-5,-5.211357928975112e-5,-1.916763828903713e-5,0.0018116612078003269,0.0009361996908305036,0.027116238191329835,3.079801359261661e-5,1.1711291891539914e-5,0.0005484833377026533,-8.632221987428888e-6,0.0006542319626402423,6.642487408129913e-5,-0.009787455866988287,0.00021044418332202735,0.00015351467800812907
47.0,0.4276937062583355,0.0047344234030567865,-0.00011677545177834698,-0.00732036643769289,0.21720431289894002,-0.008920392517826928,-0.007542735387708403,0.009641910897604997,-0.001900050179848884,-0.002494373393818203,0.007407928468041585,0.036361135544501245,0.002748435957355125,0.003637823076554622,-0.026750174572153968,-0.000552015876990039,-0.0013232358443305212,0.000635095651893705,0.01230421779481305,0.0009115172039153218,0.0009686944962994328,0.007411690932385576,0.09524421467767603,0.0018866141791629187,0.0007294877802108138,0.0029105623865862238,0.0010312555215744726,0.0025663492361874575,-0.0010211748772269453,2.586092693710187e-5,-1.0194780660319838e-5,0.0006697768562397007,-0.006896147948484668,-0.00014013830166636427,-0.0010911551386215484,-0.0023047107316022104,0.04203277360342475,0.000167975990950981,0.00017787656101819895,0.006584580948434106,-0.05083351207159097,0.003916109960410738,0.002251317954516661,0.004826037366707234,0.002844464459752849,0.004107918147356087,-0.002624764406560759,4.152105015358269e-5,-2.6349930447873863e-5,0.0011304460260360566,-0.004564512003254963,-0.0023153446715039375,-0.004124574071392927,0.006961243705346191,0.08587984501370301,0.002905087902756684,0.00374836432791396,-0.7235865517645685,0.0012947950240193267,-0.0035728952992101267,-0.16503265595636155,-0.20338231072196694,-0.002027734251025078,-0.006600085575280539,0.007744800465741761,-0.0008526831108150635,-0.001746776920334037,0.002998812695093606,0.020983690842457065,0.001407937718278248,0.0018900458988917472,-0.0025190217043420814,-0.00010783866129232588,0.00011147450776925315,0.0017255465760116432,-0.0066614796721743965,0.0025278264692207984,0.0030012323035157086
48.0,0.4276937062583355,0.0047344234030567865,-0.00011677545177834698,-0.00732036643769289,0.21720431289894002,-0.008920392517826928,-0.007542735387708403,0.009641910897604997,-0.001900050179848884,-0.002494373393818203,0.007407928468041585,0.036361135544501245,0.002748435957355125,0.003637823076554622,-0.026750174572153968,-0.000552015876990039,-0.0013232358443305212,0.000635095651893705,0.01230421779481305,0.0009115172039153218,0.0009686944962994328,0.007411690932385576,0.09524421467767603,0.0018866141791629187,0.0007294877802108138,0.0029105623865862238,0.0010312555215744726,0.0025663492361874575,-0.0010211748772269453,2.586092693710187e-5,-1.0194780660319838e-5,0.0006697768562397007,-0.006896147948484668,-0.00014013830166636427,-0.0010911551386215484,-0.0023047107316022104,0.04203277360342475,0.000167975990950981,0.00017787656101819895,0.006584580948434106,-0.05083351207159097,0.003916109960410738,0.002251317954516661,0.004826037366707234,0.002844464459752849,0.004107918147356087,-0.002624764406560759,4.152105015358269e-5,-2.6349930447873863e-5,0.0011304460260360566,-0.004564512003254963,-0.0023153446715039375,-0.004124574071392927,0.006961243705346191,0.08587984501370301,0.002905087902756684,0.00374836432791396,-0.7235865517645685,0.0012947950240193267,-0.0035728952992101267,-0.16503265595636155,-0.20338231072196694,-0.002027734251025078,-0.006600085575280539,0.007744800465741761,-0.0008526831108150635,-0.001746776920334037,0.002998812695093606,0.020983690842457065,0.001407937718278248,0.0018900458988917472,-0.0025190217043420814,-0.00010783866129232588,0.00011147450776925315,0.0017255465760116432,-0.0066614796721743965,0.0025278264692207984,0.0030012323035157086
49.0,0.000752579335800556,1.1919704061831467e-5,0.0001617707217723426,-1.0892658980459048e-5,-0.03060852994785058,-2.2591364246566707e-5,-1.1579163044206736e-5,-0.0007667991426483661,6.29392781100798e-5,0.0018668484328132398,0.001155302776811032,-0.07824888277396783,-9.057126196929521e-5,-8.114770711105882e-5,-0.002571433055241017,8.068920952402591e-5,0.003254790298162435,0.002167304764819183,-0.07266845019206875,-0.00013897728421791082,-0.0001375793425670435,-0.0020194672431082597,0.026014198071765374,-0.0031109113957739016,-0.005991301384097359,-0.005239325906262166,-0.006361203976966562,-0.004658562172060145,0.0063016485289797,-4.705162502406253e-5,6.305365095827218e-5,-0.005452268545662859,-0.017901302217456064,0.00039275015133523393,0.01793391323587256,-0.003509770291641101,-0.536776786737684,-0.0004956857556680148,-0.0005224474866096192,-0.001986330597078504,0.02881312799020583,-0.0033457616249581205,-0.006722782811370125,-0.004976581961577158,-0.006948880622246213,-0.004351844555390842,0.006780417457367571,-4.402093589595002e-5,6.792944759746966e-5,-0.005658572769507345,-0.013405031874693189,0.0003732411063232783,0.01139793119379776,-0.0054600627438911855,-0.6137850571073272,-0.00047531878352641174,-0.00047957963901516326,0.00023377637417644243,2.113680562865521e-7,0.0009580534403255726,0.0008780889960686864,-0.010582413484588158,-6.348177919465851e-8,1.2624053416402864e-6,0.004016354026546018,-0.0003173579701516079,-0.0041630666250117515,0.006656764197280477,0.5437167017820421,0.0005201519776424305,0.0004672205656541865,0.003993801886792456,1.3440043470370446e-7,0.0005918777578069911,0.00033101166076638993,0.0035931731779649738,5.957546348529829e-5,0.0005122658094053013
50.0,0.000752579335800556,1.1919704061831467e-5,0.0001617707217723426,-1.0892658980459048e-5,-0.03060852994785058,-2.2591364246566707e-5,-1.1579163044206736e-5,-0.0007667991426483661,6.29392781100798e-5,0.0018668484328132398,0.001155302776811032,-0.07824888277396783,-9.057126196929521e-5,-8.114770711105882e-5,-0.002571433055241017,8.068920952402591e-5,0.003254790298162435,0.002167304764819183,-0.07266845019206875,-0.00013897728421791082,-0.0001375793425670435,-0.0020194672431082597,0.026014198071765374,-0.0031109113957739016,-0.005991301384097359,-0.005239325906262166,-0.006361203976966562,-0.004658562172060145,0.0063016485289797,-4.705162502406253e-5,6.305365095827218e-5,-0.005452268545662859,-0.017901302217456064,0.00039275015133523393,0.01793391323587256,-0.003509770291641101,-0.536776786737684,-0.0004956857556680148,-0.0005224474866096192,-0.001986330597078504,0.02881312799020583,-0.0033457616249581205,-0.006722782811370125,-0.004976581961577158,-0.006948880622246213,-0.004351844555390842,0.006780417457367571,-4.402093589595002e-5,6.792944759746966e-5,-0.005658572769507345,-0.013405031874693189,0.0003732411063232783,0.01139793119379776,-0.0054600627438911855,-0.6137850571073272,-0.00047531878352641174,-0.00047957963901516326,0.00023377637417644243,2.113680562865521e-7,0.0009580534403255726,0.0008780889960686864,-0.010582413484588158,-6.348177919465851e-8,1.2624053416402864e-6,0.004016354026546018,-0.0003173579701516079,-0.0041630666250117515,0.006656764197280477,0.5437167017820421,0.0005201519776424305,0.0004672205656541865,0.003993801886792456,1.3440043470370446e-7,0.0005918777578069911,0.00033101166076638993,0.0035931731779649738,5.957546348529829e-5,0.0005122658094053013
51.0,0.0031778715063020884,2.0946645303028836e-5,-0.0034594123700920736,-0.0012078147694442377,-0.18483934175714337,-3.5503527153722375e-5,3.0521137137844966e-5,-0.012225406910259237,0.0001723314068215663,0.009237006336924295,-0.0027990387059135084,-0.4413686032638538,-0.0002502695703733925,-4.1563925332573404e-5,-0.024635150627470508,0.0002426597590399794,0.02029214771167861,-0.003084926222558959,-0.4584422500740353,-0.00042540824331052196,-0.00012003992230393142,0.007808275537094661,-0.0022463615572018854,-0.00024596846496897646,-0.001695514439105686,-0.0003213613830327229,-0.00168534913896212,-0.00027539750164039955,0.0016766479352355868,-2.7913839709719323e-6,1.6772788331266024e-5,-0.0016435199665668645,0.06678297475123657,-0.00019683068588500222,-0.06015520171999418,0.019942406473635103,0.3093542002306648,0.0002919943785707064,0.00030381261315682803,0.006748162056565124,-3.6757503864012736e-5,-0.000538743914598683,-0.003029470431745783,-0.0016286912563795847,-0.00323004056605966,-0.001528064740475893,0.0032247186613988004,-1.5362104965721353e-5,3.22499992496189e-5,-0.002868205721753696,0.05040365980515024,-6.501033320712331e-5,-0.040227346394352964,0.01927421201426932,0.10308966858459746,0.00012337918667203337,0.00024524388471541434,-0.010629961421053278,8.359132112760638e-5,0.016623644616121817,-0.0023644641200940885,-0.20589401990088896,-0.0001012419165745823,-3.8046804647553965e-5,0.018752828634428766,-2.098932065811983e-5,-0.012321975524974904,0.003929565999735476,0.02404826215867249,5.496583951004084e-5,0.00011986007238503744,-0.0063364720521778,-1.0983502459352021e-5,0.050451197966590866,-0.001264157925455848,0.03372413491956925,0.00014220019871120582,-0.0006378387696812015
52.0,0.0031778715063020884,2.0946645303028836e-5,-0.0034594123700920736,-0.0012078147694442377,-0.18483934175714337,-3.5503527153722375e-5,3.0521137137844966e-5,-0.012225406910259237,0.0001723314068215663,0.009237006336924295,-0.0027990387059135084,-0.4413686032638538,-0.0002502695703733925,-4.1563925332573404e-5,-0.024635150627470508,0.0002426597590399794,0.02029214771167861,-0.003084926222558959,-0.4584422500740353,-0.00042540824331052196,-0.00012003992230393142,0.007808275537094661,-0.0022463615572018854,-0.00024596846496897646,-0.001695514439105686,-0.0003213613830327229,-0.00168534913896212,-0.00027539750164039955,0.0016766479352355868,-2.7913839709719323e-6,1.6772788331266024e-5,-0.0016435199665668645,0.06678297475123657,-0.00019683068588500222,-0.06015520171999418,0.019942406473635103,0.3093542002306648,0.0002919943785707064,0.00030381261315682803,0.006748162056565124,-3.6757503864012736e-5,-0.000538743914598683,-0.003029470431745783,-0.0016286912563795847,-0.00323004056605966,-0.001528064740475893,0.0032247186613988004,-1.5362104965721353e-5,3.22499992496189e-5,-0.002868205721753696,0.05040365980515024,-6.501033320712331e-5,-0.040227346394352964,0.01927421201426932,0.10308966858459746,0.00012337918667203337,0.00024524388471541434,-0.010629961421053278,8.359132112760638e-5,0.016623644616121817,-0.0023644641200940885,-0.20589401990088896,-0.0001012419165745823,-3.8046804647553965e-5,0.018752828634428766,-2.098932065811983e-5,-0.012321975524974904,0.003929565999735476,0.02404826215867249,5.496583951004084e-5,0.00011986007238503744,-0.0063364720521778,-1.0983502459352021e-5,0.050451197966590866,-0.001264157925455848,0.03372413491956925,0.00014220019871120582,-0.0006378387696812015
53.0,-0.0010175178484156937,-9.02812075660498e-5,0.0006837169649188064,-0.0001084354724642898,0.1244400095489087,0.00017827121542335372,0.00018348247829779907,0.0022459055026691787,-0.0002048962504669706,-0.002756261070787247,-0.003261841743348187,0.15315163316673597,0.00029609798466857904,0.000334935006648925,0.004760464596458267,-0.0002663598055536301,-0.004627807685002475,-0.005538887616739979,0.13516681733767272,0.00045680137842442375,0.0005309225112825807,0.006050155262804295,-0.08245365798243376,0.007819675018002532,0.01008498630876689,0.011707103947395698,0.010807920730157912,0.010249844670967135,-0.010609000455500062,0.00010364041131393359,-0.00010621469511361811,0.008692295183804802,0.014926444405904387,-0.0007973119598311308,-0.012638128582705771,-0.0015877790018110518,0.6714266772005654,0.000993601222298527,0.0011585996756406961,0.006506140797941713,-0.0850750444895478,0.007715081924971226,0.010623679497560585,0.011643702126653032,0.011516508796725082,0.010205969730218624,-0.011128292315064238,0.00010318604332716285,-0.00011155870406015903,0.008176977568208938,0.011907694776896509,-0.0005719290983302777,-0.009524707351791818,-0.0045021879574535404,0.5722260632361235,0.0007246643247102984,0.0008518015772164383,-0.0025898087717562664,-9.271818050072334e-5,-0.002329299931105104,-0.00635856521430815,0.09722186023432489,0.00010478082772675953,9.96350830391181e-5,0.005025065128882041,-0.00041603534211051633,-0.006012922920990848,0.000838762763619957,0.3298607432662724,0.000685044201496646,0.0007783532752338827,-0.006002052221839889,0.00010261328129563882,-0.0015540085189351556,-0.0020380067213115294,0.016234368639917156,-0.002521434744019566,-0.003377824250370772
54.0,-0.0010175178484156937,-9.02812075660498e-5,0.0006837169649188064,-0.0001084354724642898,0.1244400095489087,0.00017827121542335372,0.00018348247829779907,0.0022459055026691787,-0.0002048962504669706,-0.002756261070787247,-0.003261841743348187,0.15315163316673597,0.00029609798466857904,0.000334935006648925,0.004760464596458267,-0.0002663598055536301,-0.004627807685002475,-0.005538887616739979,0.13516681733767272,0.00045680137842442375,0.0005309225112825807,0.006050155262804295,-0.08245365798243376,0.007819675018002532,0.01008498630876689,0.011707103947395698,0.010807920730157912,0.010249844670967135,-0.010609000455500062,0.00010364041131393359,-0.00010621469511361811,0.008692295183804802,0.014926444405904387,-0.0007973119598311308,-0.012638128582705771,-0.0015877790018110518,0.6714266772005654,0.000993601222298527,0.0011585996756406961,0.006506140797941713,-0.0850750444895478,0.007715081924971226,0.010623679497560585,0.011643702126653032,0.011516508796725082,0.010205969730218624,-0.011128292315064238,0.00010318604332716285,-0.00011155870406015903,0.008176977568208938,0.011907694776896509,-0.0005719290983302777,-0.009524707351791818,-0.0045021879574535404,0.5722260632361235,0.0007246643247102984,0.0008518015772164383,-0.0025898087717562664,-9.271818050072334e-5,-0.002329299931105104,-0.00635856521430815,0.09722186023432489,0.00010478082772675953,9.96350830391181e-5,0.005025065128882041,-0.00041603534211051633,-0.006012922920990848,0.000838762763619957,0.3298607432662724,0.000685044201496646,0.0007783532752338827,-0.006002052221839889,0.00010261328129563882,-0.0015540085189351556,-0.0020380067213115294,0.016234368639917156,-0.002521434744019566,-0.003377824250370772
55.0,-0.08234104368721096,0.0052664057107487065,-0.0015906448479302362,-0.010388053276684591,0.024911191302142716,-0.010627281542445027,-0.014460890434768258,0.05276094907079023,-0.0031658241149610973,-0.006928320560380814,0.009784852691184329,0.14864086793812234,0.004611780856292894,0.006297184692932551,0.10515172498261555,-0.005771386278386179,-0.01505533286044223,0.01626773595434825,0.1586953382006289,0.009943177449536877,0.013647660111111246,-0.0033661687182961857,0.2662158341095597,-0.004285518729729233,0.0004884238635084422,0.014828980171326646,0.004014531813076435,0.01566253208187861,-0.004731140315693921,0.00015570718882334337,-4.667936444548195e-5,0.002078029787259017,-0.025932235748903618,-0.001139949658269242,-0.010347557283579372,-0.0072070088521762055,0.15413271879745336,0.0013897396523858182,0.0016403988970130345,0.016862535414923243,0.5342806829233102,-0.009546028302195829,-0.0035455218768968002,0.013493494376368752,0.00391115964106504,0.015307218283538655,-0.005262313868632902,0.00015141248622814964,-5.149731669041046e-5,0.0009086283051286208,0.08151062569610623,0.0035249891580927664,-0.0005363034536003385,-0.01504930762887218,0.049584898657191005,-0.004362459747744446,-0.005141410765655803,-0.28036855109378467,0.004925909138553814,0.0032252824613553605,-0.1138503473710942,-0.032166498808879264,-0.005900025098277346,-0.009117140472094543,0.04124436718701574,-0.0017512233569581892,-0.005240979260770784,0.005425406827970298,0.13105453646655565,0.0029172286145334736,0.004074955691029714,0.003945273405702802,-0.00013474296874114818,-1.6242911452245412e-5,0.002523413791174435,0.007914819040757052,0.003264644635077775,0.004644859312029378
56.0,-0.08234104368721096,0.0052664057107487065,-0.0015906448479302362,-0.010388053276684591,0.024911191302142716,-0.010627281542445027,-0.014460890434768258,0.05276094907079023,-0.0031658241149610973,-0.006928320560380814,0.009784852691184329,0.14864086793812234,0.004611780856292894,0.006297184692932551,0.10515172498261555,-0.005771386278386179,-0.01505533286044223,0.01626773595434825,0.1586953382006289,0.009943177449536877,0.013647660111111246,-0.0033661687182961857,0.2662158341095597,-0.004285518729729233,0.0004884238635084422,0.014828980171326646,0.004014531813076435,0.01566253208187861,-0.004731140315693921,0.00015570718882334337,-4.667936444548195e-5,0.002078029787259017,-0.025932235748903618,-0.001139949658269242,-0.010347557283579372,-0.0072070088521762055,0.15413271879745336,0.0013897396523858182,0.0016403988970130345,0.016862535414923243,0.5342806829233102,-0.009546028302195829,-0.0035455218768968002,0.013493494376368752,0.00391115964106504,0.015307218283538655,-0.005262313868632902,0.00015141248622814964,-5.149731669041046e-5,0.0009086283051286208,0.08151062569610623,0.0035249891580927664,-0.0005363034536003385,-0.01504930762887218,0.049584898657191005,-0.004362459747744446,-0.005141410765655803,-0.28036855109378467,0.004925909138553814,0.0032252824613553605,-0.1138503473710942,-0.032166498808879264,-0.005900025098277346,-0.009117140472094543,0.04124436718701574,-0.0017512233569581892,-0.005240979260770784,0.005425406827970298,0.13105453646655565,0.0029172286145334736,0.004074955691029714,0.003945273405702802,-0.00013474296874114818,-1.6242911452245412e-5,0.002523413791174435,0.007914819040757052,0.003264644635077775,0.004644859312029378
57.0,-0.08344029407406241,-0.0010867360101585698,2.0027001739457373e-6,0.0018301565193977706,-0.0749692646355056,0.00206606154157243,0.0018905776695367455,-0.002962113166266027,-0.0011309360666387038,-0.0013259213598882829,0.005082061545205532,-0.008863097056742384,0.0016276935709357758,0.002083302921032855,0.019354910389758354,-0.001708494477252811,-0.0032283417091838844,0.007363253814432319,0.001804638670571466,0.0029309829127782566,0.00394137615804751,-0.0019600047892270288,0.1808519976453647,-0.010768608829477756,-0.004620877892088435,-0.005688246288527103,-0.0038608560673883846,-0.003689670912174427,0.003243325075462255,-3.833981479666809e-5,3.2838243184551983e-5,-0.0023516196095416425,-0.017865840952984224,-0.001346373477637419,-0.005090149759479293,0.014027012607985717,-0.11800584346171585,0.0016515338862955458,0.0020307913832951505,0.024337504438895353,0.7458611825496065,-0.020997569244412807,-0.01249139010728631,-0.010224781639476863,-0.009059378336287572,-0.006325699377566394,0.0071776900737764325,-6.608936410970755e-5,7.306357075234583e-5,-0.004303723655848393,0.12150958050885353,0.007599992213635205,0.010015806756596246,-0.020656066515036004,-0.24230481084312552,-0.009449550859345159,-0.011497250247666487,-0.02287878106216067,-0.0028331452375524174,-0.0034846011319094186,0.03174203329884072,-0.03474520310804438,0.003258829780143972,0.004087361206644529,0.012613434420883491,1.3634498402645118e-5,-0.00019522292710745905,0.0005354757822340902,-0.038119484271975375,-9.271636737291185e-6,8.476579468773323e-5,0.0022039025072100836,5.757474424683431e-5,-1.9479769688015794e-5,-0.0008292232670166119,0.003346089838607211,-0.0013364709924566563,-0.0014819599076222913
58.0,-0.08344029407406241,-0.0010867360101585698,2.0027001739457373e-6,0.0018301565193977706,-0.0749692646355056,0.00206606154157243,0.0018905776695367455,-0.002962113166266027,-0.0011309360666387038,-0.0013259213598882829,0.005082061545205532,-0.008863097056742384,0.0016276935709357758,0.002083302921032855,0.019354910389758354,-0.001708494477252811,-0.0032283417091838844,0.007363253814432319,0.001804638670571466,0.0029309829127782566,0.00394137615804751,-0.0019600047892270288,0.1808519976453647,-0.010768608829477756,-0.004620877892088435,-0.005688246288527103,-0.0038608560673883846,-0.003689670912174427,0.003243325075462255,-3.833981479666809e-5,3.2838243184551983e-5,-0.0023516196095416425,-0.017865840952984224,-0.001346373477637419,-0.005090149759479293,0.014027012607985717,-0.11800584346171585,0.0016515338862955458,0.0020307913832951505,0.024337504438895353,0.7458611825496065,-0.020997569244412807,-0.01249139010728631,-0.010224781639476863,-0.009059378336287572,-0.006325699377566394,0.0071776900737764325,-6.608936410970755e-5,7.306357075234583e-5,-0.004303723655848393,0.12150958050885353,0.007599992213635205,0.010015806756596246,-0.020656066515036004,-0.24230481084312552,-0.009449550859345159,-0.011497250247666487,-0.02287878106216067,-0.0028331452375524174,-0.0034846011319094186,0.03174203329884072,-0.03474520310804438,0.003258829780143972,0.004087361206644529,0.012613434420883491,1.3634498402645118e-5,-0.00019522292710745905,0.0005354757822340902,-0.038119484271975375,-9.271636737291185e-6,8.476579468773323e-5,0.0022039025072100836,5.757474424683431e-5,-1.9479769688015794e-5,-0.0008292232670166119,0.003346089838607211,-0.0013364709924566563,-0.0014819599076222913
59.0,-0.07100411796238616,6.417125997136264e-5,-0.01770022930269052,0.008317240551984788,0.013841325774022374,-0.00042612598538645523,0.00019502107472131806,-0.03829756401390738,3.461211838325717e-5,-0.0516539647711335,0.02649516907281842,0.0029922135230229198,-0.00016581315028484523,7.588614607145885e-5,-0.018986032873968436,1.7158971709625467e-5,-0.06531492494857921,0.03332924121686191,0.024471080270209795,-9.712307999889448e-5,4.444940719655027e-5,-0.12000299006926556,0.04142078847603745,-0.0028297771618209554,0.294790476850169,-0.06644374086362104,0.27752804579884494,-0.06591523997610862,-0.27532055692709734,-0.0006595802238473727,-0.002754992534137531,0.2914434423828665,0.22061780540395579,-0.00019938734472295098,-0.36082740352130305,0.14347492320171146,-0.057639247022727845,0.0008196323653497002,-0.00037511344122094254,-0.11993937687198325,0.04139883144990975,-0.002739262116895305,0.27343551221215523,-0.06431842927712915,0.23710689670462123,-0.06380683335379304,-0.23522092213808588,-0.0006384824727444416,-0.002353735919742413,0.2712221175951326,0.16286885219502717,-0.00014719568041108915,-0.2483574392981344,0.16111255558939805,0.1210946095454909,0.0006143942659586341,-0.0002811840492312806,-0.010877390835746244,9.830639336875829e-6,-0.05911169179627204,0.040958881908071273,0.04739955988120112,-3.776906192251305e-5,1.7285411592980792e-5,-0.054284943104044275,4.9061002325424714e-5,-0.02444868712120767,0.0222134121526403,0.00029824861675297083,-0.00026761082277820206,0.00012247493008351917,-0.0783472879363801,7.080778307662069e-5,-0.007560973048020978,0.0013260727698251266,0.005649955607072429,-0.005597565228633794,0.0025617850686933262
60.0,-0.04699927762850555,0.0010696609078836247,-0.00012737932113237563,-0.0022102504046167975,-0.02278563648998382,-0.0021971809908337098,-0.0032895180160499656,0.7951994735903954,-0.0006366521330217395,-0.0037018709863570697,0.016922295985949125,0.23778228911740587,0.001643375316138067,0.007485538083816975,-0.4777185172503216,0.0005311415354274579,0.0025058242787080517,-0.010152426043951578,-0.12859683064976246,-0.0014197306969844193,-0.005641859841209336,-4.0905689318404686e-5,0.004877338789526471,-2.6090148427692106e-5,6.272018984024415e-5,0.00047463701705643366,0.00015605319678126215,0.0004808264729378766,-0.00017003526579227455,4.793079127877343e-6,-1.6861432937727448e-6,8.566264616455992e-5,-0.00026160333529452176,-1.6341712679207602e-6,-0.00015397400110637001,-0.0004669346397884288,0.005351368675430383,1.8169814350881433e-6,8.46469302502955e-7,-0.004654568664822066,-0.03275443233242268,0.000886682344708861,0.0005921205058752347,0.00042032853632319064,0.0003245888958312761,0.0002558294217891083,-0.00022817679639606896,2.675977633698161e-6,-2.349025568070202e-6,0.00016365963658665993,-0.02701624448809083,-0.0004296611461650661,-0.00046460232671962357,0.0009026273354116329,-0.0013159073850578485,0.0005182736235013543,0.0005140255806946878,-0.05280651300342016,-0.00109975545178121,-0.001729556004844607,0.0038767174149499715,-0.01952943249002432,0.0012330023740208897,0.0013147901402751267,0.005455768058896599,-5.7827021617078726e-5,-0.00022196617908901137,0.0002545224128336992,0.002492257527331951,0.0001005987876768642,0.00017235046099096823,-0.0025531147827958377,-1.1694307449957922e-5,-3.42055606269797e-5,2.528250425464686e-5,-0.004423102837802201,0.00023979562479389314,2.7529438985815835e-5
61.0,-0.04699927762850555,0.0010696609078836247,-0.00012737932113237563,-0.0022102504046167975,-0.02278563648998382,-0.0021971809908337098,-0.0032895180160499656,0.7951994735903954,-0.0006366521330217395,-0.0037018709863570697,0.016922295985949125,0.23778228911740587,0.001643375316138067,0.007485538083816975,-0.4777185172503216,0.0005311415354274579,0.0025058242787080517,-0.010152426043951578,-0.12859683064976246,-0.0014197306969844193,-0.005641859841209336,-4.0905689318404686e-5,0.004877338789526471,-2.6090148427692106e-5,6.272018984024415e-5,0.00047463701705643366,0.00015605319678126215,0.0004808264729378766,-0.00017003526579227455,4.793079127877343e-6,-1.6861432937727448e-6,8.566264616455992e-5,-0.00026160333529452176,-1.6341712679207602e-6,-0.00015397400110637001,-0.0004669346397884288,0.005351368675430383,1.8169814350881433e-6,8.46469302502955e-7,-0.004654568664822066,-0.03275443233242268,0.000886682344708861,0.0005921205058752347,0.00042032853632319064,0.0003245888958312761,0.0002558294217891083,-0.00022817679639606896,2.675977633698161e-6,-2.349025568070202e-6,0.00016365963658665993,-0.02701624448809083,-0.0004296611461650661,-0.00046460232671962357,0.0009026273354116329,-0.0013159073850578485,0.0005182736235013543,0.0005140255806946878,-0.05280651300342016,-0.00109975545178121,-0.001729556004844607,0.0038767174149499715,-0.01952943249002432,0.0012330023740208897,0.0013147901402751267,0.005455768058896599,-5.7827021617078726e-5,-0.00022196617908901137,0.0002545224128336992,0.002492257527331951,0.0001005987876768642,0.00017235046099096823,-0.0025531147827958377,-1.1694307449957922e-5,-3.42055606269797e-5,2.528250425464686e-5,-0.004423102837802201,0.00023979562479389314,2.7529438985815835e-5
62.0,0.010940270864886277,-7.44216472113716e-6,-0.0019252346177356925,0.0008015325800706742,-0.000927903564237626,0.00020796400163916658,-6.603291631862793e-5,0.015017347771181714,-1.0215613230030526e-5,-0.006223549957493833,0.0032426006686607405,-0.0043768756866402565,0.00020594282653853269,-6.539115096929372e-5,0.016656053035188082,-1.1330349295910069e-5,-0.007181669244850757,0.0037920084190146757,-0.0020485492223123345,0.00026987702955413634,-8.569159648674763e-5,0.030054442097315056,-0.007783015979867097,0.001562581000899582,-0.3080702137681055,0.04874501452512306,-0.294050984895839,0.048453218101249404,0.2922907428137267,0.0004847680517500472,0.002924330289572267,-0.3049395196762549,-0.1448777588772823,9.855369755426125e-5,0.1820326417080125,-0.07273239989244767,0.11847880901985226,-0.0017048487951399857,0.0005413251185614252,-0.014678499315499456,0.003801201644921531,-0.001973327423552368,0.37303825689736253,-0.061558328092187455,0.33172070156228023,-0.06118982886877896,-0.3297349617811541,-0.0006121961610853358,-0.0032989547562238173,0.3700440965346651,0.15895458970956836,-0.00010812952022808321,-0.1499911743575939,0.09552938166452792,-0.009850601121809759,0.001899274770012487,-0.0006030594284890645,0.017929157639375158,-1.2196383993685014e-5,-0.006560908897610542,0.004761461925110106,0.0007550009379287562,0.00019718640036618952,-6.261080270681052e-5,0.012634854058077809,-8.594911980589456e-6,-0.0025071810323752993,0.002125601900311718,-0.0016186869697474833,0.0001972877522212505,-6.264298403772885e-5,0.009516157777282442,-6.4734058749518826e-6,0.0013621949875058386,-0.00011064464309124386,-0.0012669496770551533,0.002153487910980083,-0.0006837774130181772
63.0,-0.042766514640325465,-0.002166894263149554,0.0005182672366474427,0.0038502563833690824,-0.01365448228946943,0.004274304682718507,0.005048811407471721,-0.09685323172347365,-0.005204879214344089,-0.006187980034697206,0.015360025672524542,0.11697601914921844,0.007412177358206163,0.008794862448073674,-0.1165234313978435,-0.006619296931405612,-0.013330864197033198,0.015995404621388234,0.1062577996590377,0.011144661046201374,0.01327654999942659,0.005682522589820572,-0.12589388177113664,-0.0016757243007498564,-0.0002579117199898143,0.002277094969140699,0.0007900378791170572,0.0025938575395434028,-0.0009562060972158799,2.5658672638044382e-5,-9.420727980357878e-6,0.00010543400871382719,0.12381370885158863,0.00539035476829543,0.017449182385657073,-0.02911794580396909,-0.05680947968849497,-0.006568525114871108,-0.007657907963079942,-0.017537401512918487,-0.5407692986789424,0.006820823492482394,0.005306075087014404,0.00560480253282907,0.004960888255441809,0.004339797529280374,-0.00434155025101173,4.4315946072715366e-5,-4.3834796221847014e-5,0.0023233697444328166,-0.03598668291128631,-0.002962557642120998,-0.003985088840994058,0.006954867833183554,0.12518158650783676,0.0036911141846387202,0.004492036067936817,-0.017894865256124198,-0.002346040836003273,-0.0034010879895814855,0.018470796751637385,0.0066269396666133445,0.002698231815202263,0.003340771005456894,0.027796173451627323,0.0032828491333175627,0.0018212781500079888,-0.010671240087405257,-0.09010262299546139,-0.005357663370180077,-0.00661250857861316,0.006421693110415368,0.00035691348959557463,-0.0007080145908962478,-0.0057867436473646675,0.027528204937888576,-0.008390673687952762,-0.00998033026640572
64.0,-0.042766514640325465,-0.002166894263149554,0.0005182672366474427,0.0038502563833690824,-0.01365448228946943,0.004274304682718507,0.005048811407471721,-0.09685323172347365,-0.005204879214344089,-0.006187980034697206,0.015360025672524542,0.11697601914921844,0.007412177358206163,0.008794862448073674,-0.1165234313978435,-0.006619296931405612,-0.013330864197033198,0.015995404621388234,0.1062577996590377,0.011144661046201374,0.01327654999942659,0.005682522589820572,-0.12589388177113664,-0.0016757243007498564,-0.0002579117199898143,0.002277094969140699,0.0007900378791170572,0.0025938575395434028,-0.0009562060972158799,2.5658672638044382e-5,-9.420727980357878e-6,0.00010543400871382719,0.12381370885158863,0.00539035476829543,0.017449182385657073,-0.02911794580396909,-0.05680947968849497,-0.006568525114871108,-0.007657907963079942,-0.017537401512918487,-0.5407692986789424,0.006820823492482394,0.005306075087014404,0.00560480253282907,0.004960888255441809,0.004339797529280374,-0.00434155025101173,4.4315946072715366e-5,-4.3834796221847014e-5,0.0023233697444328166,-0.03598668291128631,-0.002962557642120998,-0.003985088840994058,0.006954867833183554,0.12518158650783676,0.0036911141846387202,0.004492036067936817,-0.017894865256124198,-0.002346040836003273,-0.0034010879895814855,0.018470796751637385,0.0066269396666133445,0.002698231815202263,0.003340771005456894,0.027796173451627323,0.0032828491333175627,0.0018212781500079888,-0.010671240087405257,-0.09010262299546139,-0.005357663370180077,-0.00661250857861316,0.006421693110415368,0.00035691348959557463,-0.0007080145908962478,-0.0057867436473646675,0.027528204937888576,-0.008390673687952762,-0.00998033026640572
65.0,0.24370631791869146,-0.00015563519434894885,-0.0055149037697836975,0.006202685579966708,-0.04319182741451001,0.028193853382404196,-0.008283464847928754,0.29927267441811034,-0.00019112085909055336,-0.07203531035088834,0.04546261132683355,-0.09810473299699814,0.024977447333246208,-0.007338472119078151,0.2772486680043692,-0.00017705593640893283,-0.040749045446324066,0.03295298371485434,-0.05626307350072148,0.027339518007247224,-0.008032457759521388,0.255356992489398,-0.06204350239348074,0.000397188526691118,-0.09045949890677289,0.013198194945519045,-0.08656848764130196,0.013124025731448255,0.08608200318481811,0.00013130019527167786,0.0008612131678244852,-0.08956273154152082,0.1733371816223906,-0.00011069621083322326,0.08484191266602928,-0.029393501393815514,0.03715737578274714,0.012413762643772029,-0.00364721221663089,0.26230880421324393,-0.06373256813286637,0.0010107312359735978,-0.22074640854905764,0.03358563249811449,-0.19720959514918737,0.03339689305482209,0.19610134657845948,0.00033412145534559385,0.0019619090590337657,-0.21898883540930483,0.14650737753572243,-9.356222017991164e-5,0.10174847788111639,-0.05846408036410128,0.0015207774060707723,0.010653732307581884,-0.0031301083917880247,0.3199640934692938,-0.00020433476775261596,-0.05726314680679893,0.051873901436176754,-0.023683385778882658,0.021416370738388122,-0.006292213830280227,0.239997029836573,-0.00015326637692778043,0.006360155452424856,0.004460996479839968,-0.01871425064394209,0.02280674571815688,-0.006700711459679523,0.19379811107509945,-0.00012376292473349434,0.176901658839712,-0.015012263190181827,-0.08928890936172805,0.2669057330885681,-0.07841795258570766
66.0,-0.29211605633118276,0.00018427826358088668,0.42952356557816723,-0.1211572136164952,-0.21724812740904664,0.3193593316893862,-0.09243805323267086,0.2569693341955954,-0.00016210633298912737,-0.2871728702335237,0.07459834994164947,0.1108189638430424,-0.20267436261798444,0.05866377356651664,0.1572410818805134,-9.919384061403427e-5,-0.148918421135632,0.011617704387663906,0.17119357388191558,-0.1465291188694825,0.04241262160258183,-0.03293800552037542,0.007904508189752293,-0.00018389340820386963,0.043079691615400366,-0.006185949179066854,0.04124419704332832,-0.006151609898426916,-0.041015243326350974,-6.15438480166832e-5,-0.00041033744518969233,0.04265474548222104,0.012413219322718936,-7.830745529575542e-6,-0.04708217337599004,0.015780233769877194,-0.019250917165252415,-0.008401032567353008,0.0024316655835992618,-0.03417019369138266,0.008200210413818505,-0.0003045557488641958,0.06841775177794017,-0.010244882636504598,0.0611741490856342,-0.010188011509731072,-0.060834560735768206,-0.00010192607170842416,-0.000608620020375561,0.0678740061737286,0.009599138759478104,-6.055513156938132e-6,-0.03903368876292562,0.021168106162279057,0.00151908338204953,-0.006596462298806602,0.001909335574754749,-0.17284207572315965,0.0001090355593183761,0.1264403597226081,-0.03432375417359769,-0.12872034428610912,0.10932780743843236,-0.031644760872793117,-0.06927685428155719,4.370255635274597e-5,0.029261707701726796,0.002783815719616572,-0.04064672431320931,0.062213143472630204,-0.0180074959378004,0.021553707578734517,-1.3596923963102717e-5,-0.18699488496802488,0.015908606394248372,0.0812846139816238,-0.2805219714446429,0.08119664076250437
67.0,0.0839041863245052,-5.2914951908960004e-5,-0.12683084061103458,0.03896099243936379,0.03318337328444514,-0.07240088519901675,0.020948485280233565,-0.41487446310624426,0.0002616744646552501,0.4306395744864821,-0.11933682150637939,-0.13050697470190506,0.28274037109068156,-0.08182071718721819,-0.25372295068915285,0.00016003072314933688,0.21052351951789883,-0.017847845118926484,-0.23692054564970172,0.2039372833757538,-0.05901614416452922,0.015928671698272435,-0.00382147871323219,0.00036291510205337037,-0.08505509300243468,0.012210235212743316,-0.08143063367435073,0.012142466374068692,0.08097868008887966,0.00012147942663260249,0.0008101520133004716,-0.08421618669976662,0.026170834716107066,-1.6508359639102754e-5,-0.01136812098739595,-0.0011315574503892127,0.021661692042895545,-0.01641255173590136,0.004750059922204263,0.01845753470528259,-0.004428242889441808,0.0006393172498495524,-0.14368395958088256,0.021509761043754096,-0.12847207938373412,0.02139037833601874,0.12775903822159201,0.0002140002544688127,0.0012781665728962461,-0.1425421083468577,0.044868925300776595,-2.8302228494273352e-5,-0.029358244875317508,0.004369717867434906,0.029128404109327172,-0.02804519596108103,0.00811650646817579,-0.0031940358898826147,2.0201806642483525e-6,0.013448202498767594,-0.006836434789506425,-0.006512161508196444,0.0054047228976627565,-0.0015657600211550036,0.11487476388446917,-7.244528007910408e-5,-0.0896562431633612,0.03786817902130433,0.017350806597871544,-0.07998376380018021,0.023141776964422104,-0.011455714296159755,7.224653515895252e-6,0.07056459664565372,-0.004849745256298163,-0.04818204375456006,0.11769673570328631,-0.0340544034242761
68.0,0.0839041863245052,-5.2914951908960004e-5,-0.12683084061103458,0.03896099243936379,0.03318337328444514,-0.07240088519901675,0.020948485280233565,-0.41487446310624426,0.0002616744646552501,0.4306395744864821,-0.11933682150637939,-0.13050697470190506,0.28274037109068156,-0.08182071718721819,-0.25372295068915285,0.00016003072314933688,0.21052351951789883,-0.017847845118926484,-0.23692054564970172,0.2039372833757538,-0.05901614416452922,0.015928671698272435,-0.00382147871323219,0.00036291510205337037,-0.08505509300243468,0.012210235212743316,-0.08143063367435073,0.012142466374068692,0.08097868008887966,0.00012147942663260249,0.0008101520133004716,-0.08421618669976662,0.026170834716107066,-1.6508359639102754e-5,-0.01136812098739595,-0.0011315574503892127,0.021661692042895545,-0.01641255173590136,0.004750059922204263,0.01845753470528259,-0.004428242889441808,0.0006393172498495524,-0.14368395958088256,0.021509761043754096,-0.12847207938373412,0.02139037833601874,0.12775903822159201,0.0002140002544688127,0.0012781665728962461,-0.1425421083468577,0.044868925300776595,-2.8302228494273352e-5,-0.029358244875317508,0.004369717867434906,0.029128404109327172,-0.02804519596108103,0.00811650646817579,-0.0031940358898826147,2.0201806642483525e-6,0.013448202498767594,-0.006836434789506425,-0.006512161508196444,0.0054047228976627565,-0.0015657600211550036,0.11487476388446917,-7.244528007910408e-5,-0.0896562431633612,0.03786817902130433,0.017350806597871544,-0.07998376380018021,0.023141776964422104,-0.011455714296159755,7.224653515895252e-6,0.07056459664565372,-0.004849745256298163,-0.04818204375456006,0.11769673570328631,-0.0340544034242761
69.0,0.020161487027121606,-1.2698168090075322e-5,-0.037512002481309155,0.013300454533378097,-0.007578080298799882,-0.009170284455717544,0.0026491220472703077,-0.027135276150157327,1.709042082365548e-5,0.028401761164240764,-0.011305175412218139,0.0077616526525915806,0.008904054909597567,-0.002572213357730925,-0.04451417120194466,2.803604850922569e-5,0.03978189973616535,-0.012740530188858791,-0.012208623961684605,0.017258071892080125,-0.004985531142856257,-0.007064804665783474,0.0016926656734630927,-0.00023882287911129344,0.05615651096240984,-0.008046671778145657,0.0537663884232733,-0.008002075285341982,-0.05346840281861452,-8.005679034313148e-5,-0.0005349248215173164,0.05560294892767614,0.12433219124183922,-7.830727273565769e-5,-0.1370371570809866,0.04229541027971415,-0.03742108734542578,-0.03500804773771075,0.010113164050904181,-0.00956166928493128,0.0022908926920546854,-0.0004479243755003975,0.10100104350582521,-0.015091939451100732,0.09031692218377167,-0.01500829647575766,-0.08981636517303453,-0.00015015055481449073,-0.0008985681369520448,0.10019856205569078,0.1400768844006773,-8.822364249486765e-5,-0.13768509910502033,0.06628018382789545,0.02511009900884303,-0.04004804827831041,0.011569125053518347,-0.6310454040780329,0.00039744690471675944,0.5313908968488679,-0.2945904831040815,-0.19862681553035327,0.16606489625619084,-0.047973013277351866,0.026715866052331796,-1.682626670079921e-5,-0.032521812778466774,0.02170887692301381,-0.012206278569963409,-0.009981580398300056,0.002883490128087681,0.019990946786881857,-1.2590757925592387e-5,-0.07356734009317827,0.006458758927664263,0.02828836927333626,-0.10824661498514851,0.03127040340843452
70.0,0.014629853668457008,-9.213788309319851e-6,-0.02629667828842615,0.009306850882868832,-0.00515537767022344,-0.006543408277990742,0.001890159813165542,0.029860583357853625,-1.8806004494964587e-5,-0.03633038525721585,0.015079388153070798,-0.012847641421736285,-0.009635087482438647,0.0027832368670903597,-0.19651403939963766,0.00012376328566622647,0.1835086239091641,-0.060832316646049066,-0.049180375553704844,0.0749188936222545,-0.02164142537896726,-0.008248931591632041,0.0019762791252366783,-0.0003317777399580452,0.07802221524109221,-0.01117912635717326,0.07470154803106022,-0.011117171977440558,-0.07428755431391147,-0.00011122178379877791,-0.0007432100791224618,0.07725312752993907,0.16734046892842958,-0.00010538995749503963,-0.18310560139672277,0.05666639635596763,-0.0508353931472354,-0.04633285658539746,0.013383927737145454,-0.011599016648443995,0.0027788925415487865,-0.0006146156446302071,0.13860267830845258,-0.020709243342525666,0.12394133666329178,-0.02059447334305993,-0.12325445752858812,-0.00020603747653667964,-0.0012330996217660717,0.13750144997097682,0.18705825148420396,-0.000117808090889509,-0.18264857322942502,0.08819419235895634,0.032638997082432605,-0.05258907635217916,0.015191128920867377,-0.5482750884916257,0.0003453001455160583,0.4614899976711655,-0.2570394009490289,-0.16973765830291232,0.14187946248922909,-0.04098397148988756,0.023303747687592132,-1.4676551308828506e-5,-0.02840276997620254,0.019024326176045932,-0.010813325584261159,-0.008561692224504673,0.002473170844307102,0.02795462513954427,-1.760564419421219e-5,-0.100612974728291,0.008754582843732503,0.0398622221696509,-0.14884643057408642,0.04299648278892427
71.0,0.006365119914135102,-4.007530215285785e-6,-0.0010061664673147004,1.5827817120322136e-5,0.003064266122965423,-0.002575630210774037,0.0007437419047438123,-0.05128388855917629,3.228874486809259e-5,0.06146088042003302,-0.02597851212460048,0.023994484954754085,0.014971013627060619,-0.004323046897174404,-0.22574537733952876,0.00014213108831737277,0.21839056626912506,-0.07736681616340726,-0.04121168577466703,0.07786271119332305,-0.022483724911002527,0.009741574116655823,-0.0023331922613629755,0.000505180247912758,-0.11888087706805016,0.017026877611019182,-0.11382246902799505,0.016932542995439295,0.11319185435456733,0.00016940165967225992,0.0011324281238578105,-0.1177091717782663,-0.18321822230833218,0.00011535565265237513,0.20096811638607173,-0.06389668458969845,0.06498276746502077,0.045895451183667696,-0.013252822606162569,0.01267043188067223,-0.003034679329871966,0.000779594643419158,-0.17592662986316393,0.02627589387067753,-0.15732034750267207,0.026130316601375506,0.15644873998607808,0.0002614208036556236,0.0015651917189797215,-0.17452891642566154,-0.1810897765428141,0.00011401556623890326,0.17687924579943978,-0.08784399535689769,-0.025601762992011706,0.04606016496100026,-0.01330038554356644,-0.4756848836210445,0.0002994949929960298,0.40306728653377305,-0.23093549353839415,-0.13345154001831394,0.11136616248714938,-0.032158219555676895,0.005829289711549576,-3.6701672502781843e-6,-0.007171169340144592,0.004896775858413024,-0.0029506988344500046,-0.001937592147036086,0.0005595013088549838,0.04557825152990366,-2.8696430331791737e-5,-0.14664739412602382,0.012503690249456053,0.061780170164948946,-0.21956104833265433,0.06340069766676834
72.0,0.0006407371763984808,-4.0289625123521294e-7,-0.0003050429466366609,9.214065866831044e-5,8.87654828204567e-5,-0.00018317477099758097,5.281131351882912e-5,0.0007753647796481552,-4.875502383219081e-7,-0.00037311653853035876,0.00013340001946333564,-3.287014252664882e-5,-0.00015991351783101,4.610483683474664e-5,0.004436661853250287,-2.7897779217167997e-6,-0.003940823317866112,0.0015388320237689334,0.00023930502328563534,-0.0010811246789663984,0.0003117002087627266,0.017044904663560467,-0.004077124806898426,0.0012511580408442282,-0.29529653584714566,0.04222384088015462,-0.2827453513254293,0.04199020653222122,0.28118085542838933,0.00042009085910091023,0.0028130727687091625,-0.29238753156480407,-0.25257317547806785,0.00015881829444230216,0.2798110352392612,-0.09555837420082251,0.12623710577548106,0.04469891679304621,-0.012887192353492992,-0.017728634642667173,0.004240672360671691,-0.001465393026275101,0.3316639455434542,-0.049453801956674655,0.2966128842852731,-0.04918016254982447,-0.29497165609782394,-0.0004920227460654765,-0.0029510427799126705,0.3290294201541152,0.2070727042939035,-0.00013020754741391996,-0.20126740576024404,0.10755784622428113,0.010227570423819143,-0.037210303100512154,0.010728142156292447,0.0037115778076825677,-2.333844265198099e-6,-0.002784813892566764,0.0016754770319672414,0.0007333448740938612,-0.0006139051392638373,0.0001769956451766455,0.0018016564101216498,-1.1328835601952585e-6,-0.0012887022721188041,0.0008481380181361907,-0.0004621139422457331,-0.0004230848681666015,0.0001219800493866359,0.0012661428694873524,-7.961520485271015e-7,-0.002882388947285103,0.00024619891194177106,0.00118780668633063,-0.004309125513944399,0.0012423685708265642
73.0,0.020267399182900336,-0.0006156810943361849,0.0004759483350579629,0.000923340118674896,0.10813993811173343,0.0012529915227342035,0.0016613592828212394,0.025695553467929327,-0.0007380403717857766,-0.003177500120925857,-0.0010443971628694808,0.14021630190182433,0.0010848713913003873,0.0014472268130352138,0.031433360604470835,-0.0008906518482805542,-0.005067308380038015,-0.003232326060309082,0.12222158492693172,0.0015473022512977443,0.0020672544753883994,0.03362142133202108,-0.30513915972766686,0.008480714462597847,0.009106804671265714,0.016118052141297697,0.010925762830385858,0.014543931403679074,-0.010786070313325624,0.00014661249902180818,-0.00010791353422475942,0.007611413501846845,0.07038329167981557,-0.0020690819535952405,-0.015457378208237508,0.006857073654537762,0.5868462608623556,0.0026084993520730654,0.003470870708280936,0.032278621457499525,-0.29413961423990465,0.008143102535367739,0.00950586278191514,0.01510085752081637,0.011806204329890567,0.013589168631540327,-0.01144782458316452,0.00013702038217742205,-0.00011470140187238687,0.006883254462883943,0.04230462685002616,-0.001323404192269264,-0.007229694474449379,-0.003813170357570975,0.42227603871011027,0.0016919286199407616,0.002236467837165458,0.0222828075111676,-0.0007011623317160594,-0.0024626721193441482,-0.0018055170496558755,0.06920699471047623,0.0008250114161262135,0.0010898787005012426,0.03694411288891273,-0.001525066793977383,-0.0021565418237898017,0.003950127555944705,0.2526806134867118,0.002535681958878958,0.0032674299888043106,-0.016762933235100527,0.00040660846037907024,-0.002724323310420105,-0.0076906732944993774,0.016842969306748525,-0.009902138867158723,-0.013478918259200374
74.0,0.020267399182900336,-0.0006156810943361849,0.0004759483350579629,0.000923340118674896,0.10813993811173343,0.0012529915227342035,0.0016613592828212394,0.025695553467929327,-0.0007380403717857766,-0.003177500120925857,-0.0010443971628694808,0.14021630190182433,0.0010848713913003873,0.0014472268130352138,0.031433360604470835,-0.0008906518482805542,-0.005067308380038015,-0.003232326060309082,0.12222158492693172,0.0015473022512977443,0.0020672544753883994,0.03362142133202108,-0.30513915972766686,0.008480714462597847,0.009106804671265714,0.016118052141297697,0.010925762830385858,0.014543931403679074,-0.010786070313325624,0.00014661249902180818,-0.00010791353422475942,0.007611413501846845,0.07038329167981557,-0.0020690819535952405,-0.015457378208237508,0.006857073654537762,0.5868462608623556,0.0026084993520730654,0.003470870708280936,0.032278621457499525,-0.29413961423990465,0.008143102535367739,0.00950586278191514,0.01510085752081637,0.011806204329890567,0.013589168631540327,-0.01144782458316452,0.00013702038217742205,-0.00011470140187238687,0.006883254462883943,0.04230462685002616,-0.001323404192269264,-0.007229694474449379,-0.003813170357570975,0.42227603871011027,0.0016919286199407616,0.002236467837165458,0.0222828075111676,-0.0007011623317160594,-0.0024626721193441482,-0.0018055170496558755,0.06920699471047623,0.0008250114161262135,0.0010898787005012426,0.03694411288891273,-0.001525066793977383,-0.0021565418237898017,0.003950127555944705,0.2526806134867118,0.002535681958878958,0.0032674299888043106,-0.016762933235100527,0.00040660846037907024,-0.002724323310420105,-0.0076906732944993774,0.016842969306748525,-0.009902138867158723,-0.013478918259200374
75.0,-0.02555361793002101,0.00026399655153043787,-0.00035430699029927865,-0.0006931799480753175,0.03286444480447594,-0.0005594127165474634,-0.000933751756543835,-0.0020001357106273422,-0.0006027761665324473,-0.0022726454334799093,-0.00029235529776066156,0.07934951690234808,0.0008664089338520134,0.001071716361344804,0.001442483494703642,-0.0008013287792188489,-0.003641122751989996,-0.0013709180947203495,0.06998037843950239,0.001365296164880959,0.0017208032434500107,0.026823986936358298,-0.3454073968491977,0.008406665420468395,0.007606527314995996,0.021412077199885558,0.01084107940294614,0.019867306131403525,-0.010836336273599844,0.00019968019118528504,-0.00010825784494368704,0.006286214103452303,0.20638979457763232,-0.005777444865947133,-0.03160679244986548,0.06185281582408826,0.6400138399850949,0.007302411140805889,0.01031017972630038,0.00915641962574012,-0.19675030366387988,0.006590042587299102,0.0064429704508842875,0.015315519468946246,0.009427139603977326,0.014102813098109266,-0.009203524715389417,0.0001418338245976161,-9.211725605113273e-5,0.004384075988561382,0.018049997901153816,-0.0011856246189498982,-0.0061370853992371785,-0.002631716852506472,0.2502916471246264,0.0015023038342096328,0.0019847080839653472,-0.04509105477008107,0.0004579117254599944,-0.0006083969517066808,-0.015148003035065792,0.025305455748067314,-0.0005619621075919317,-0.0009418258951556466,-0.13332843903836192,0.0033157202975125496,0.0027377129375116844,-0.01218646649569011,-0.14828095151115078,-0.005576475388544857,-0.007982462044901302,0.004154568470106878,-9.026242042488133e-6,-7.466144199159894e-5,0.0003574572591255286,0.010542417611229177,0.0002771020567675773,0.0007984801268938708
76.0,-0.02555361793002101,0.00026399655153043787,-0.00035430699029927865,-0.0006931799480753175,0.03286444480447594,-0.0005594127165474634,-0.000933751756543835,-0.0020001357106273422,-0.0006027761665324473,-0.0022726454334799093,-0.00029235529776066156,0.07934951690234808,0.0008664089338520134,0.001071716361344804,0.001442483494703642,-0.0008013287792188489,-0.003641122751989996,-0.0013709180947203495,0.06998037843950239,0.001365296164880959,0.0017208032434500107,0.026823986936358298,-0.3454073968491977,0.008406665420468395,0.007606527314995996,0.021412077199885558,0.01084107940294614,0.019867306131403525,-0.010836336273599844,0.00019968019118528504,-0.00010825784494368704,0.006286214103452303,0.20638979457763232,-0.005777444865947133,-0.03160679244986548,0.06185281582408826,0.6400138399850949,0.007302411140805889,0.01031017972630038,0.00915641962574012,-0.19675030366387988,0.006590042587299102,0.0064429704508842875,0.015315519468946246,0.009427139603977326,0.014102813098109266,-0.009203524715389417,0.0001418338245976161,-9.211725605113273e-5,0.004384075988561382,0.018049997901153816,-0.0011856246189498982,-0.0061370853992371785,-0.002631716852506472,0.2502916471246264,0.0015023038342096328,0.0019847080839653472,-0.04509105477008107,0.0004579117254599944,-0.0006083969517066808,-0.015148003035065792,0.025305455748067314,-0.0005619621075919317,-0.0009418258951556466,-0.13332843903836192,0.0033157202975125496,0.0027377129375116844,-0.01218646649569011,-0.14828095151115078,-0.005576475388544857,-0.007982462044901302,0.004154568470106878,-9.026242042488133e-6,-7.466144199159894e-5,0.0003574572591255286,0.010542417611229177,0.0002771020567675773,0.0007984801268938708
77.0,-0.3162277660187263,2.0089013109161205e-8,-8.738305469737899e-12,3.126458617826967e-12,-2.213386428641804e-11,4.039344624306051e-12,3.65794355736651e-15,-0.31622776597166186,2.008901309768701e-8,-6.638700862543976e-11,3.5845947468650495e-11,-1.7576035730886383e-10,2.9007763615757137e-12,3.969534774555939e-15,-0.31622776595136204,2.0089013090462867e-8,-7.873115616469177e-11,4.0947600657644416e-11,-1.639802306889607e-10,3.445808491285826e-12,-7.760182798782548e-17,-0.31622776602966124,7.573386363445015e-6,-4.9595324189810507e-17,-1.4353250701923985e-11,-3.916777363096667e-12,-1.4900691140170847e-11,-3.916971502367351e-12,1.4966105821140796e-11,-3.9177529518205367e-14,7.304339793234805e-14,-1.42106478696116e-11,-0.31622776597452146,2.0089013108924407e-8,-4.7324110122626364e-11,1.997001008485846e-11,-8.528071030386605e-11,2.5019886501136884e-12,-2.4718117320126884e-16,-0.3162277660306732,7.573386353502422e-6,-3.9301284449568643e-16,-1.763585015848684e-11,-4.713369789311717e-12,-1.7512258048731233e-11,-4.713026189374014e-12,1.7512194725759913e-11,-4.7072403909350735e-14,3.4087640686924844e-13,-1.746151687920495e-11,-0.31622776601654745,2.0089013102869732e-8,-1.184636312379562e-11,1.1275719377031784e-11,-3.508416228736414e-11,2.5403642268829635e-12,1.0061345702360524e-16,-0.3162277660143636,2.0089012962653185e-8,-1.097707320422369e-11,8.53720784105247e-12,-1.6085184070349984e-11,2.338741671572654e-12,4.043445490126865e-16,-0.3162277659745804,2.00890131297364e-8,-3.907894426037019e-11,2.7231974452361123e-11,-6.778710573314551e-11,3.3201566232169443e-12,-2.2518846322652788e-16,-0.3162277660049008,2.0089013103099212e-8,8.598156144321189e-12,5.480556962821417e-12,9.824991485175132e-12,4.811433429650216e-11,-9.535239381095377e-16
78.0,-0.3162277660187254,-2.008901664753777e-8,-8.737860136290602e-12,3.12611378791407e-12,-2.2136546514456365e-11,4.038535070473416e-12,3.8508826385933706e-15,-0.31622776597166585,-2.0089016653500392e-8,-6.638171380761744e-11,3.5843247412334823e-11,-1.7577232236292602e-10,2.900194433412937e-12,4.106945202683181e-15,-0.3162277659513672,-2.0089016657190613e-8,-7.872577450775881e-11,4.094505036948177e-11,-1.639966265515135e-10,3.4451167011727033e-12,9.446968383895938e-17,-0.31622776602966074,-7.573374019286654e-6,-2.9832531738618746e-17,-1.435138688083863e-11,-3.9171717671387366e-12,-1.489886495752844e-11,-3.91741113508983e-12,1.4964314946883245e-11,-3.91813013722084e-14,7.302626250189606e-14,-1.4208740144286111e-11,-0.3162277659745193,-2.0089016642332616e-8,-4.732588707727949e-11,1.9970587069838933e-11,-8.5296458766297e-11,2.5014867156816357e-12,-1.2834203758384941e-16,-0.31622776603067254,-7.573374030046254e-6,-3.2815784912480624e-16,-1.7633075379547478e-11,-4.713858228373641e-12,-1.7509743886584675e-11,-4.713568365075246e-12,1.7509710205114946e-11,-4.7076356594618277e-14,3.4085252364620533e-13,-1.745871604024573e-11,-0.31622776601654484,-2.008901665225737e-8,-1.1848182026915504e-11,1.1276467038099068e-11,-3.5089938695270025e-11,2.5398527207640928e-12,2.287160766627437e-16,-0.3162277660143639,-2.0089016792097365e-8,-1.097566748511181e-11,8.536076776054822e-12,-1.608637731751597e-11,2.3382701086064705e-12,5.146111724911734e-16,-0.3162277659745809,-2.008901662116239e-8,-3.907821878785207e-11,2.723019244946158e-11,-6.77957410074076e-11,3.3194900454881454e-12,-6.58801742561164e-17,-0.31622776600489855,-2.0089016651529035e-8,8.59319302260164e-12,5.480732667735497e-12,9.82168487088748e-12,4.810467370871568e-11,1.3499220611724984e-15
