1.0,0.0957194993658515,0.007722737215966638,0.2062933055849154,0.008846153227497818,0.23327172742914393,0.021699395358687326,0.21604510579349487,0.028634428797507223,0.19055452647039106,0.029157425230164808,0.18665156303779093,0.029026998883080343,0.1836595869294172,0.030266321464325306,0.18037868524909842,0.030090555768530338,0.09043139499644186,0.015599487860831776,0.1882170528063301,0.027744222667505532,0.18826605869047336,0.028330826029092145,0.19744142992762445,0.03108390596604645,0.19676079718666142,0.02765830095381335,0.21665179940703425,0.026762097612909975,0.25872608610390835,0.021859341713651,0.26902450287993046,0.016064569434350254,0.25639298184291404,0.017524868898124008,0.24928029107477717,0.02032408433485073,0.3891382560235189,-0.03184369728709935,0.35008362586712755,1.162553205037896e-5,0.23427246538819888,0.019559890053976646,0.19032870737300947,0.01752877489356487,0.18855452957827493,0.019711751716584992,0.258793981350763,0.020143668577223713,0.24496527407783222,-0.030649575509205506,0.22746166083147693,0.006538245525158459,0.24557928867341772,0.014537646698104943,0.17562916816005802,0.017398728542321214,0.1545381376488729,0.017108107842634127,0.12521565089033973,0.005159537816868113,0.13679899117693373,0.021301029482778077,0.13344291682009907,0.019471598887426306,0.4750704119116027,-0.09501522739434151,0.3020630619595221,0.0021509891224119233,0.14224039773538888,0.009153142950141305,0.11994195810464693,0.013188571431164503,0.3630960104879733,-0.0828326519999484,0.10296710377213886,0.012930849807730621,0.027008963036611586,0.003956063621108161
2.0,0.03525412601846646,-0.0070517875182794605,0.08083988779283484,-0.01923130255087334,0.04425831715503026,-0.005329968788390056,0.02150313146743537,0.0013236522475846718,0.016759671184886735,0.0020811021186385903,0.0158709117348288,0.0022220351852667497,0.016082248382250815,0.0022419376214093236,0.016033402085750263,0.002173812983157615,0.010591147140313052,0.00048696199521766083,0.012813486363269353,0.002950792179142769,0.013840441916568434,0.0027257912099223425,0.013462575776290932,0.0031913541316297856,0.012375652527007982,0.003257729040875724,0.011096005683780278,0.0040038363879682255,-0.009180697997206787,0.010445984605382694,-0.01783440231888854,0.013744971097016981,0.00974347298364319,0.003386188211284359,0.023052103356065,0.00015820440618946507,-0.10290193173911408,0.05207164440831293,-0.08990659463502701,0.03613011700987228,-0.015170542615115397,0.010944612864691332,-0.012211245641285406,0.008705701037748398,-0.012066830643344024,0.008413402047738276,-0.016881893584036977,0.012716920095228713,0.11640343284799665,-0.06640117532593615,0.055729421422289274,-0.02304785031134505,0.03523181985877657,-0.01005110301149806,0.04222588103558488,-0.01290211791966868,0.03723447871555755,-0.010710669172561407,0.04904394040720617,-0.011751577517152376,0.011628627714402635,0.0016346156456077594,0.009086083150920686,0.0020784748275664506,-0.17048272833629002,0.08964540066780971,-0.07774706606633455,0.03063557679084618,-0.008899652911751885,0.00673608541468259,-0.007700795163479932,0.005316298116020443,0.28064859899274985,-0.13277796639069908,0.024951116362176895,-0.006782425353711448,0.006665981230726311,-0.000761528253992577
3.0,0.011289521469583778,0.03254441755679575,0.02723454706377492,0.07444319251919301,0.02110861277315825,0.042962397122445366,0.014765299784064363,0.023221385922439906,0.012702873141536878,0.018070788124070845,0.012276779882051739,0.017295446455814774,0.012458279911256816,0.01673351918851299,0.012334686622340673,0.01651039789755216,0.006557411184501481,0.0105407494458879,0.011070870440082177,0.015984149399025767,0.011511962108592856,0.01642616318719743,0.011898709218991594,0.016359015610531793,0.011191141536990249,0.016218265587923844,0.011307139095791877,0.016747895284978095,0.005404255546497212,0.00698838212865404,0.0025221034879184573,0.002875239238191361,0.01345726262114259,0.021179000367695468,0.01665236399994347,0.029432561807667366,-0.02713343924196395,-0.04484618900919519,-0.027286648483517223,-0.038961415422834864,0.0022625348042355446,0.0024354487662496204,0.0018590429254300225,0.0019797384562942,0.0018473399901970237,0.001973051486449974,0.0024766536516430205,0.0027740966382217855,0.0683506825947445,0.1065932069427626,0.03862663496371062,0.05473773138327344,0.027948552716307754,0.03925371249686993,0.03157429771481982,0.04029813117208566,0.027609717720936268,0.03532620253056245,0.016608680579903667,0.045145878872686576,0.009205761108899025,0.012441707380779342,0.007869876665544385,0.011319808241051093,-0.04536681998365383,-0.08312099066359592,-0.023356972666943754,-0.033796338195466236,0.0014309619753665218,0.0014367142203519526,0.001170513008313233,0.0012625557438917896,0.10649559581059388,0.2516817679414381,0.01808661069221776,0.023844036805719164,0.002542226399758676,0.006139854043479918
4.0,0.028259526929843053,0.03699759083604879,0.06060989392723271,0.07943516973431196,0.08565816498839574,0.08455153667994157,0.08679887708794212,0.07481399399283632,0.07811955689380419,0.06430446126433564,0.07663441717466941,0.06310166275289804,0.07611738474556248,0.06031636260028042,0.07480228477485111,0.05896273218960778,0.036143216493075704,0.03051066897653947,0.07688021552676344,0.06649390084562709,0.07709421824990441,0.06550105447898777,0.0817444528447467,0.06854380694204706,0.08039108375696093,0.07017669331919016,0.0883170612181186,0.0792632918767357,0.1072342804102727,0.10579229629905068,0.11077128079140529,0.11811091580079826,0.10240965193707656,0.10498937274597595,0.09714567311682777,0.09725314099506499,0.1504770132925007,0.20893113830775778,0.14889562389419062,0.18314595755545685,0.09917233907658259,0.10021227384344923,0.08142543496326922,0.08150680899501775,0.08089665675984944,0.08129453048419905,0.10862379172860064,0.11408667711814759,0.07776448976849773,0.09624258419632285,0.0857713306433346,0.08740509633606504,0.09661926146941643,0.09535930522899455,0.06899751241713636,0.0657085855427632,0.060437880789267914,0.057802208377555855,0.036870564142768035,0.048141374340205,0.05685797625198541,0.04547360003685991,0.054586672732444455,0.04705812832774316,0.1615895579718282,0.2808679824487968,0.12759350033933953,0.1589927641578556,0.06255579403819989,0.05904996940931699,0.05127095051070343,0.05203655223573435,0.06986732591168558,0.15006196926378484,0.039778935603422744,0.039164180849190086,0.009275574535478521,0.009750804707063578
5.0,-0.0009953461789947665,0.0005057125372151742,-0.0020952067425977056,0.0011830616003121975,-0.0026223368022345104,0.0013847528372812495,-0.002512515065291649,0.0011803389197243635,-0.0022038401476576243,0.0009401361069902011,-0.002162522513091553,0.0009195337356082484,-0.00210402338521481,0.0008202117698227108,-0.0020621094132051297,0.0007885949147254443,-0.0010294241404144912,0.00038488428557463663,-0.002233800042931479,0.001055518058733717,-0.0022157858940346727,0.0010102214513502588,-0.0023173256415035246,0.0010311251296881501,-0.0023514047139986064,0.0011533365811403546,-0.0026352320558499258,0.001410695730919705,-0.0034282196482809525,0.0023399544023060548,-0.003703622694299558,0.002856527502914188,-0.003240955872348399,0.002240452952496561,-0.0030147907265419046,0.0018893128871558607,-0.00681615497579279,0.007149725235878595,-0.005584734738363516,0.005392102005019033,-0.00309218398962451,0.0022530730455668493,-0.002418512753087543,0.0017635438921948844,-0.0024085478739729626,0.0017291421123106832,-0.0034917020935351403,0.0026404709740940582,-0.002205537537883584,0.0016283323075292205,-0.0023921533364066835,0.0014760314014113387,-0.002806324628151675,0.0017690865040265705,-0.001786750886117188,0.0009078115367637171,-0.0015734060862371774,0.0007737660705257238,-0.0012639243299594704,0.0007518080693452984,-0.0015620554404167512,0.0006725622014840641,-0.001568687713999492,0.0007713833213423673,-0.009763155452486072,0.011325947949566607,-0.004638499716934301,0.004506787640986738,-0.0016379260730687933,0.0012955242158809541,-0.0014996773186234074,0.001141224237980115,-0.002775021844388232,0.00244451035568533,-0.0010490705676430695,0.0005171402479977929,-0.0002927555249244856,0.00011538791100739559
6.0,0.0017246869034272304,-0.0011352347575557592,0.0038240008918787325,-0.002759899140379311,0.002836080323214195,-0.0015340809174251401,0.0020193513242687928,-0.0007467809754030748,0.0016984536106581071,-0.0005257211946161313,0.0016474862791234326,-0.0004971791660184036,0.0016226759150909378,-0.00044774444904409425,0.0015991343440486024,-0.0004357164777600717,0.0008872004247496377,-0.0002848686874210466,0.0015863935587951683,-0.0004867536037541225,0.001609980166373971,-0.0004890951670979273,0.001650970477111265,-0.00046650060941234314,0.0016346375979822646,-0.0005105527184648183,0.0017440861284873327,-0.0005759968659513683,0.0015098673513230783,-0.000412485623925349,0.0013715259636851345,-0.0003734334542856265,0.0019797847837773903,-0.0009869509562955546,0.002314638096740236,-0.0011787546583625944,0.00021547943725722465,0.0006635487164117153,0.0002367931937659662,0.0005635743309579893,0.0011665914477019894,-0.00026863670456265675,0.0009241299675194886,-0.0001971268173499748,0.0009189873387529604,-0.00018832141187422467,0.0013067452653171842,-0.00032800338668145107,0.004437296446970227,-0.005531140185320099,0.002790233739021479,-0.0025549790086288556,0.0024463227571043388,-0.001772157205942478,0.0020568871089276628,-0.0016471081296976933,0.0018141714924877713,-0.0014168595686150213,0.002305308513315831,-0.0017554471180179026,0.0011922278021541863,-0.0003637396726180201,0.001113721975542665,-0.0003581400970556589,-0.0007587400524241752,0.0014599371836643798,0.00020345021238433143,0.0004872991162371364,0.0006499745173558463,-0.00014441853353731925,0.00057015643028455,-0.000124134923366557,0.010416024611046286,-0.011684143725100104,0.0012152601971914532,-0.0009555080346780681,0.0003778918593377842,-0.00018621187207363497
7.0,-0.002156766981469402,-0.0016204847121883542,-0.0049378605531537455,-0.003573579281839808,-0.0038387897606359032,-0.0023807860766422943,-0.002787090529930763,-0.0015552783551907616,-0.002378386101812647,-0.001294984289968736,-0.002305208616879364,-0.0012564389435030649,-0.0023022102826033954,-0.0012283902341733847,-0.002272884396772578,-0.0012107233385117884,-0.0012231578487884537,-0.0007085639779737574,-0.002168972338292783,-0.0012059749624206547,-0.0022206415817930345,-0.001224640500235496,-0.0022947166480426183,-0.0012542170159225991,-0.002223399488422134,-0.0012303993656602732,-0.0023344773823696647,-0.001283864208798123,-0.0017825029761484531,-0.0009508498682717757,-0.0014740957758973964,-0.0008051875385835598,-0.0026849930787618674,-0.0014742511631516393,-0.0031555813007733183,-0.001827122774305115,0.001504759629415019,0.0008424703815123562,0.0013959500852449478,0.0008076271371098389,-0.0012917811511633677,-0.000709048895991254,-0.0010435916575729932,-0.0005928535375831026,-0.001035364459580137,-0.0005954887073233253,-0.0014286130879174112,-0.0007931992295049168,-0.008270685196956012,-0.003728042407654613,-0.005002266171314694,-0.0024200091938247404,-0.004034956787843126,-0.0020222667753015604,-0.003914123834470196,-0.0019865026344613344,-0.0034269629988531777,-0.0017778419498408725,-0.0029924528394071137,-0.0022809588399893724,-0.0016888134536734354,-0.0009216603335078154,-0.001519985973363299,-0.0008638939087102835,0.003700408054163448,0.002128189426387576,0.0011765587126172045,0.0007200000159377392,-0.0007754567729716529,-0.0004371949850222416,-0.0006383158510679488,-0.0003947993503476497,-0.015382686826885787,-0.009157523913833544,-0.0022458823593780705,-0.0012424778677349554,-0.0004845949179975115,-0.00033338164011662637
8.0,0.003466690862577406,0.00205635322830737,0.007439768242774821,0.004256371163557231,0.009591898082844405,0.004884070425439582,0.009365473948422964,0.004585845250659713,0.008331693998820524,0.004064287539728556,0.008165340577705139,0.004002906905267899,0.00807109434212053,0.0038777578142736237,0.007928594425676295,0.0037999007364667935,0.003884606472674054,0.0019515526907921742,0.00822823587051229,0.004160349538472287,0.00823615872198668,0.004118478591334519,0.008697308382168416,0.004338555254733153,0.008621738584743431,0.0043476991322051505,0.009527727536801096,0.004795182817245393,0.011675104220105885,0.006085489359258213,0.012175374119024925,0.0066016187434436635,0.01123687899819661,0.005913727005264452,0.010706808617547943,0.005551452893546358,0.017876331429248365,0.010143551933170286,0.016581531956734587,0.009712012204052404,0.010663560353043397,0.005821397094791597,0.008608507072351435,0.004875314215770407,0.00854104862785109,0.004896094212668606,0.011797479865273358,0.006506463682995706,0.008857125461904314,0.004279517912521799,0.009306739705286126,0.004710865771174887,0.010467985867539057,0.005319822481341104,0.00728671229156524,0.003846259393908234,0.0063780496101897,0.0034406739141199113,0.004505300119067648,0.002728083688114371,0.005974774648591221,0.002939629281024688,0.005763222381735993,0.0029796412800783814,0.021298896815439835,0.012207814438148374,0.01395996826287605,0.008664627834914888,0.006387138150297734,0.003605614242377547,0.0052575183516971056,0.0032529960609622133,0.010205058421162415,0.005481357057462171,0.004175845193465624,0.0024063986143786327,0.0010549329579030483,0.0005801764776111271
9.0,-0.0013361662480198446,-0.0003971992951038576,-0.0028868186731299183,-0.0007790437210309492,-0.0033899186422536452,-0.0009188406031508257,-0.003184870688238787,-0.0009031183518027912,-0.0028140271849803346,-0.0008279009502481345,-0.0027558629146629287,-0.0008170405489338582,-0.0027174136938888965,-0.0008102526909426778,-0.002669375140623448,-0.0007978830664698756,-0.0013263793717614746,-0.00041157305306932393,-0.0027743073663872007,-0.0008247577924501489,-0.0027771480613014523,-0.0008250136715242282,-0.002920487318338648,-0.0008786702401791548,-0.0029035712243964252,-0.0008495728728542474,-0.003202993459318893,-0.0009027291759057928,-0.0038517100182273406,-0.0010148382738787891,-0.004004831386323374,-0.0010254137963307537,-0.003793810485240423,-0.0009792959226704954,-0.0036683565259395512,-0.0009709107572268026,-0.005797679987970945,-0.0009745068442386422,-0.005245301803824722,-0.0012293251320186305,-0.003479757844226349,-0.0009585245546498452,-0.0028005456160141054,-0.000821427924615833,-0.0027791098244887885,-0.0008379722856909497,-0.0038597587147874575,-0.0010498321399941967,-0.003511164878571737,-0.0004854010501175849,-0.003338396314124301,-0.000779561355974495,-0.003628656846709269,-0.0009050779063641846,-0.0025883879292102657,-0.0007325068867810269,-0.0022705176664495432,-0.0006661256406624813,-0.0017480650718587922,-0.0004806670943874254,-0.002014353869886323,-0.0005966679355822411,-0.0019481793981463284,-0.0005851801690403784,-0.007032728851654563,-0.0005934377103651503,-0.004435340311659432,-0.001144654002291871,-0.0020567390171232717,-0.0005920424471607943,-0.0017251022322842349,-0.0005520484893375574,-0.004859685889900982,-0.0004605666132601898,-0.001497284113765092,-0.0004687714493896844,-0.00038247727754141676,-0.00011730829192592244
10.0,-0.0013361662480198446,-0.0003971992951038576,-0.0028868186731299183,-0.0007790437210309492,-0.0033899186422536452,-0.0009188406031508257,-0.003184870688238787,-0.0009031183518027912,-0.0028140271849803346,-0.0008279009502481345,-0.0027558629146629287,-0.0008170405489338582,-0.0027174136938888965,-0.0008102526909426778,-0.002669375140623448,-0.0007978830664698756,-0.0013263793717614746,-0.00041157305306932393,-0.0027743073663872007,-0.0008247577924501489,-0.0027771480613014523,-0.0008250136715242282,-0.002920487318338648,-0.0008786702401791548,-0.0029035712243964252,-0.0008495728728542474,-0.003202993459318893,-0.0009027291759057928,-0.0038517100182273406,-0.0010148382738787891,-0.004004831386323374,-0.0010254137963307537,-0.003793810485240423,-0.0009792959226704954,-0.0036683565259395512,-0.0009709107572268026,-0.005797679987970945,-0.0009745068442386422,-0.005245301803824722,-0.0012293251320186305,-0.003479757844226349,-0.0009585245546498452,-0.0028005456160141054,-0.000821427924615833,-0.0027791098244887885,-0.0008379722856909497,-0.0038597587147874575,-0.0010498321399941967,-0.003511164878571737,-0.0004854010501175849,-0.003338396314124301,-0.000779561355974495,-0.003628656846709269,-0.0009050779063641846,-0.0025883879292102657,-0.0007325068867810269,-0.0022705176664495432,-0.0006661256406624813,-0.0017480650718587922,-0.0004806670943874254,-0.002014353869886323,-0.0005966679355822411,-0.0019481793981463284,-0.0005851801690403784,-0.007032728851654563,-0.0005934377103651503,-0.004435340311659432,-0.001144654002291871,-0.0020567390171232717,-0.0005920424471607943,-0.0017251022322842349,-0.0005520484893375574,-0.004859685889900982,-0.0004605666132601898,-0.001497284113765092,-0.0004687714493896844,-0.00038247727754141676,-0.00011730829192592244
11.0,0.00011980902638430922,-3.291509991824881e-5,0.00031626881646607387,-7.652141048248297e-5,-0.0001712402894038685,-0.00010455425448414609,-0.0003787965198588322,-0.0001129779871680005,-0.000358188139022276,-0.0001054356929603754,-0.0003566490334952923,-0.00010442167199445059,-0.0003465589270775111,-0.00010317480547712209,-0.00033783230535639483,-0.00010146128638934203,-0.00014036249434995967,-5.0358043106484414e-5,-0.00039435095575028395,-0.00010690297975400152,-0.00038341769802649776,-0.00010650401973754815,-0.00041519151949028535,-0.0001144289894000511,-0.00042454485298146466,-0.00011037294426686241,-0.0004975812905926322,-0.00011777745965835909,-0.0008508375393671102,-0.00013799200385686,-0.000977044194627065,-0.0001351113396466936,-0.0006215151210432393,-0.0001392045426557173,-0.0004533200813846024,-0.00012801287395469618,-0.0022942305833369755,-1.782853228543368e-5,-0.002036325415743891,-0.00019015400392816478,-0.0008400071022986841,-0.00014260760954424838,-0.0006676612522109432,-0.00013184191275915615,-0.0006636339365378011,-0.0001346019718873136,-0.0009379290926104918,-0.0001477324842916074,0.0007035800429292234,-0.0003533960122364768,2.1048254483303414e-5,-0.00020230882621391708,-0.00028168305754960144,-0.00017147176578398627,1.0855922235072113e-5,-0.00014077232598189865,1.07394931880187e-5,-0.0001225553920659133,0.00019165449072303743,-5.0340331946734215e-5,-0.00025916886503489945,-7.663231401409323e-5,-0.0002743136926511046,-7.574979535720267e-5,-0.003298642605099955,0.00022070411945873623,-0.0016985403623616664,-0.00021113051108632172,-0.0004763952069224561,-0.00010287323093936881,-0.0004048743967728116,-8.981987529657177e-5,0.002201235364122057,-0.0004168375808010508,9.65552511507173e-6,-8.29681836719139e-5,-2.570743687231434e-6,-1.1166608420356068e-5
12.0,0.00011980902638430922,-3.291509991824881e-5,0.00031626881646607387,-7.652141048248297e-5,-0.0001712402894038685,-0.00010455425448414609,-0.0003787965198588322,-0.0001129779871680005,-0.000358188139022276,-0.0001054356929603754,-0.0003566490334952923,-0.00010442167199445059,-0.0003465589270775111,-0.00010317480547712209,-0.00033783230535639483,-0.00010146128638934203,-0.00014036249434995967,-5.0358043106484414e-5,-0.00039435095575028395,-0.00010690297975400152,-0.00038341769802649776,-0.00010650401973754815,-0.00041519151949028535,-0.0001144289894000511,-0.00042454485298146466,-0.00011037294426686241,-0.0004975812905926322,-0.00011777745965835909,-0.0008508375393671102,-0.00013799200385686,-0.000977044194627065,-0.0001351113396466936,-0.0006215151210432393,-0.0001392045426557173,-0.0004533200813846024,-0.00012801287395469618,-0.0022942305833369755,-1.782853228543368e-5,-0.002036325415743891,-0.00019015400392816478,-0.0008400071022986841,-0.00014260760954424838,-0.0006676612522109432,-0.00013184191275915615,-0.0006636339365378011,-0.0001346019718873136,-0.0009379290926104918,-0.0001477324842916074,0.0007035800429292234,-0.0003533960122364768,2.1048254483303414e-5,-0.00020230882621391708,-0.00028168305754960144,-0.00017147176578398627,1.0855922235072113e-5,-0.00014077232598189865,1.07394931880187e-5,-0.0001225553920659133,0.00019165449072303743,-5.0340331946734215e-5,-0.00025916886503489945,-7.663231401409323e-5,-0.0002743136926511046,-7.574979535720267e-5,-0.003298642605099955,0.00022070411945873623,-0.0016985403623616664,-0.00021113051108632172,-0.0004763952069224561,-0.00010287323093936881,-0.0004048743967728116,-8.981987529657177e-5,0.002201235364122057,-0.0004168375808010508,9.65552511507173e-6,-8.29681836719139e-5,-2.570743687231434e-6,-1.1166608420356068e-5
13.0,0.0012299103592884042,-0.001174377600733651,0.002582641263390692,-0.0026619760417165962,0.0030981280146423116,-0.0031039240029298648,0.002905668984890501,-0.002727769178513603,0.002526539036319065,-0.002250317293418423,0.002479717759094142,-0.002208611870220718,0.002393769590349289,-0.0020162790756450564,0.00234361734807075,-0.0019489648913889495,0.0011840465460993424,-0.0009654676728328769,0.0025871254855173503,-0.0024679375911549387,0.0025567479345450263,-0.002382959320450488,0.0026591487079303225,-0.0024494622279363034,0.002727874548837594,-0.002658331349963488,0.0030739684998012,-0.0031535122607433,0.004071550017405472,-0.004910276374356366,0.004452934198799144,-0.005858943459689993,0.00385251880011578,-0.0047125228594305825,0.003567035529154994,-0.004061156436682857,0.008846246299019143,-0.013639742999843099,0.006842437575058624,-0.010570610252339406,0.003604174185638813,-0.0047229577929414875,0.002731972293105017,-0.0037552059897930337,0.002742580857287127,-0.0037197090972698873,0.004141273506275824,-0.005482555283927153,0.0026553309875445236,-0.0034541011610215566,0.0027838268248437208,-0.0032509546894045147,0.00327591035536771,-0.003830260101881603,0.00202532118901472,-0.002166764194202854,0.0017878160137498513,-0.001883873600454707,0.0015502100536710479,-0.0017489265267666607,0.0017825871410325057,-0.0016503263559933575,0.0018208761158279828,-0.0018331669468302542,0.013424463082282683,-0.021033546203924988,0.0054913017280004,-0.008863752902812655,0.001675845960043124,-0.0027485781356079405,0.0017126654366346296,-0.0025483818765315008,0.003705014041270103,-0.004956772251119791,0.001201546509499341,-0.0013059232353967646,0.0003482334941144035,-0.00028769957032621235
14.0,-0.0024991748296033503,0.0024059805747166764,-0.005524971207619385,0.005747387933497917,-0.0039106765428411185,0.003333118418797857,-0.002677365829167419,0.0017679735207675672,-0.0022273592765798137,0.0013186026885837847,-0.0021575247502929884,0.0012601642272414375,-0.0021178850487144673,0.0011632720609776868,-0.0020872881467439595,0.0011358770786992288,-0.0011827255743778057,0.0007110354601868418,-0.0020727787082208374,0.0012333735287498385,-0.0021044560534999868,0.0012408730048370984,-0.002145493114723589,0.001211291856178665,-0.002132935819768593,0.001280799013815199,-0.0022712411407999223,0.0014076368607995177,-0.0018826676519022173,0.0010452924230943165,-0.0016775816359157567,0.0009402151297172078,-0.0025580969679309643,0.002171774976171062,-0.0030792882884640256,0.002587678730400928,1.2840691416747838e-5,-0.0012858814246858841,-7.976509088386417e-5,-0.00106019154007266,-0.0014013389774103764,0.0007277233085876063,-0.0010893549753876555,0.0005619592177948202,-0.0010881408488918895,0.0005533774432217997,-0.0015862327703403945,0.0008608172607761696,-0.005940939313601138,0.010655326246124688,-0.0036264934481196375,0.005150953794283331,-0.0031578228998065403,0.0036815286650766703,-0.0026090080563933487,0.0034761055463272904,-0.00230666215356561,0.003028634310278951,-0.0033161579432631535,0.003776235727075788,-0.0015561208191239176,0.0009433076008712531,-0.0014556175358171465,0.0009219092875737193,0.0014778323579844913,-0.003044503132227933,-8.174896045722264e-5,-0.0009090877815455253,-0.0007264682302680338,0.00040499263630657705,-0.0006720619800761631,0.00038205941057015857,-0.015117223949574678,0.02255681583950188,-0.0015578407212847034,0.002102363592079131,-0.000531056290268408,0.0004183901689490211
15.0,0.003041482190956317,0.0028529936548976126,0.006977044045594097,0.006331503562321367,0.005581327270138439,0.00418401004038219,0.004136209758986961,0.0027097025749366474,0.003542409545768827,0.0022475125082242853,0.003435162902126032,0.002180559029581001,0.0034336303342807155,0.002122303448786607,0.0033894752878283157,0.0020900010467839692,0.0018061403094182245,0.0012288374204985112,0.003241075640851938,0.0021003306988862246,0.003315657861715484,0.0021298509767946794,0.003436071023309817,0.002174255309734809,0.0033285449194478504,0.00214481712994784,0.0035087118210540263,0.0022450039851079394,0.002793931008937987,0.0016874621402183502,0.002372431457482433,0.0014476708287530196,0.004059422648124928,0.0026376217541855883,0.004688117668633229,0.0032356964744827406,-0.001700867249248619,-0.0014172290718693179,-0.001601732974728469,-0.0013014570164022598,0.002077157527190365,0.0012759226385654684,0.0016723518046210097,0.0010745957949896442,0.001659199354597015,0.0010762396238707217,0.0023003778569085963,0.0014231930508044157,0.012001375610189973,0.007186123280348763,0.007360371954326348,0.004475533800610567,0.00599558448781416,0.003675452243212648,0.005774004105270677,0.0035958353654581277,0.005045371544590982,0.003216932867728519,0.0042263720210247374,0.004171555661500269,0.0025101315200835106,0.0016163241955064532,0.002258384155338396,0.0015201179744654637,-0.004681150173744058,-0.003687939463782545,-0.0013419415849820443,-0.0011554534097340042,0.0012358838228946293,0.0008094271341647992,0.0010091928636378484,0.0007268837261542547,0.021626388744665777,0.016967013272346978,0.00328245010739509,0.0022704430418589725,0.0006944451439997524,0.0005884033707703949
16.0,-0.003866693751803652,-0.0026649840790317196,-0.00830478334265688,-0.00554642525907465,-0.01081543798269953,-0.006324694605522947,-0.010593941866606355,-0.005902832392399626,-0.00942778548352584,-0.005213195058813421,-0.009237546435359305,-0.005135202887182493,-0.009141293792418747,-0.004952965583680535,-0.008981405708248671,-0.004848844840257017,-0.004391472359574918,-0.002492344487583481,-0.009296061021306179,-0.005361774472784594,-0.009310026587676995,-0.005298872287210727,-0.009842006184187166,-0.005567303173831531,-0.009743907532456212,-0.00561060424136449,-0.01077225652067899,-0.006211339429577615,-0.013200904336118546,-0.00798917175392504,-0.013751055080308501,-0.00873788672454148,-0.012693210302841257,-0.007767796179115272,-0.012091960349681845,-0.007247225088695709,-0.020035662389422424,-0.013959873147508494,-0.018673273882820595,-0.01307445761805373,-0.012051196547823646,-0.007683873853793722,-0.009709088503134407,-0.006463012887523724,-0.009631447091425976,-0.0064711505939780084,-0.013340466776236987,-0.008579050117827083,-0.009915357388525852,-0.005734627125126578,-0.010501447407004785,-0.0061634618237503755,-0.011832839378104913,-0.006951023186578598,-0.008230796679489567,-0.004972289622429031,-0.00719286838562018,-0.004450933941931384,-0.005024928099426519,-0.00365708730563562,-0.006744180737411267,-0.0038041574176203084,-0.0064801392807065285,-0.0038733007466639196,-0.023665404131984157,-0.017333228956962085,-0.015611818326775984,-0.01167637280436309,-0.007188431224245605,-0.004865787234062458,-0.005855808091686057,-0.004372718213123588,-0.011151364777851405,-0.007420187718432815,-0.0046810994186234816,-0.0031427741562113404,-0.0011840600852424967,-0.0007524857789063009
17.0,-0.005510878664993823,-0.008690083796093127,-0.011865799877705387,-0.017678175211581333,-0.016177558655316056,-0.01933923490520041,-0.015979603262109815,-0.017947050582716156,-0.014183557656315373,-0.016012000208012876,-0.01385169444258252,-0.01585081057461557,-0.013863612604983222,-0.015038647454723815,-0.013650012998098218,-0.014670449220674946,-0.006644873703915445,-0.007861693338426588,-0.013732274635765292,-0.016768673889125736,-0.01383290666584664,-0.016483978506223105,-0.014766527421634276,-0.0170439262143263,-0.014454613381387944,-0.01744534068610064,-0.016078696602331213,-0.019140469193837387,-0.01962300685432287,-0.02467777023367704,-0.020225716964912398,-0.027356418005067464,-0.018890602910848018,-0.024115584594553187,-0.01808691421824574,-0.022285096759773835,-0.026951440518894254,-0.04580809756189533,-0.025841990071769124,-0.041103826024763375,-0.01794080936392196,-0.024494424125443198,-0.014368833549980961,-0.02165511064424264,-0.014072258462724335,-0.02162437816641281,-0.019816963906463515,-0.026751137565525038,-0.014481874528240379,-0.019230814061798253,-0.01578984021085855,-0.019549341748790996,-0.0178677362894992,-0.021569033698341636,-0.012385165974540695,-0.016030293244555908,-0.010622687857693136,-0.014765693342845538,-0.007121087556580225,-0.014080547217051717,-0.0097125793506476,-0.012862300980514765,-0.008931808361679141,-0.013333763689234224,-0.02944427883153479,-0.059410158667210916,-0.020112585546780665,-0.03783542816809442,-0.010861812254380685,-0.017955875781335465,-0.0071973280801432594,-0.017142520901428284,-0.014283038305581293,-0.024387788192742493,-0.006378490350621659,-0.011691949719346144,-0.0017991347177235975,-0.002917070269021146
18.0,0.004062093392008851,0.012018029856723346,0.009395399315171526,0.02592558819573789,0.008918914089697274,0.017355756881036938,0.007276115034527963,0.011699407256712962,0.0063121110284038275,0.009984078969761516,0.006111923152216664,0.009771687361072189,0.0062079151433865835,0.009351544986396074,0.0061416181321649,0.0091781728562324,0.003177872523534042,0.005748023035019095,0.005732412838873916,0.009638470418944455,0.005885038060171657,0.009685335629728562,0.006226430409053648,0.009743309439151868,0.005954326084914297,0.009787163341053161,0.00641214408812173,0.010153424541868716,0.0058277230749087736,0.008301640033100697,0.005262214738763501,0.007613620688899879,0.007594164230047793,0.012122306864238779,0.008230303277103225,0.014094716291713643,-0.0004427790472271036,-0.002138891340087626,-0.0008843584606280053,-0.0016478071664189323,0.004691219997788256,0.006853499370531761,0.0037729003351706426,0.006109868501606752,0.0036714607237779183,0.006109937938004009,0.0051645324106834615,0.007453501717698825,0.019520588373911706,0.03371262033127326,0.012724879220427001,0.02066135482217064,0.010753318165209441,0.01666973854109094,0.010052944269592771,0.01703475225554728,0.00855532191942078,0.01579579160908517,0.005697014671929366,0.021167921744737566,0.004196244117187991,0.008098297170915411,0.003590218911407043,0.007856080294998248,-0.0041134390217379396,-0.010100989995978622,-0.0012581899146062066,-0.00115784297013409,0.0029089913256214552,0.005119850542798755,0.0017878723573925817,0.004968527935790431,0.028222732248708724,0.0692783453732651,0.004946094973191486,0.01281052335391147,0.0011273798013558536,0.003230610232449691
19.0,-0.002852624786896369,-0.005679092494710631,-0.0059494823780475645,-0.01112442823614998,-0.009732021524964413,-0.01335711604898319,-0.010150747112587124,-0.012999165192357122,-0.009041867874479682,-0.011756005624358183,-0.008831803353386751,-0.011674763631308876,-0.008860342306679238,-0.011042701369460594,-0.00872464335219677,-0.010761926453229922,-0.0041929897659583135,-0.005794251273724219,-0.008797252182463855,-0.012445812526754321,-0.008850942235006834,-0.012202578980732104,-0.009508399740755295,-0.012598801712609674,-0.009307745497467703,-0.012926434563656412,-0.010460446790346169,-0.014140048044957752,-0.013396033268574694,-0.01857458736121574,-0.014007515440481707,-0.020726004336169168,-0.012351565285295789,-0.01771556273680299,-0.011508508328625182,-0.016039505221413845,-0.02031225131383028,-0.035900938590569226,-0.04233846113154278,-0.019411031012119016,-0.012533835423635517,-0.01871128653760427,-0.010123551243668785,-0.016751096078144973,-0.009804217191260569,-0.016771081989660295,-0.013758690085186343,-0.020305929437064486,-0.00583581950622592,-0.011944805553895543,-0.008724049535250186,-0.013445251359303806,-0.010825639275273692,-0.015319907509486225,-0.006844248097090172,-0.01121780528573688,-0.005814488470953128,-0.010448206470832106,-0.0035587868167242945,-0.009233282826036833,-0.006066589320231605,-0.009723047016665515,-0.005533255673958536,-0.01018194843074325,0.0006452581647497646,-0.060405744945584115,-0.06768543945982887,0.003044376583790284,-0.007933099384187979,-0.01409903981022854,-0.00463353283091346,-0.013827329693521186,-0.0016982299803968463,-0.011685592090132072,-0.003332644077207389,-0.008574548508374542,-0.001068810340679541,-0.002194261868195516
20.0,0.0013130804779722233,-0.013845955444803633,0.002885871171258707,-0.030034426969245905,-0.0007767695385182021,-0.02076751823613884,-0.002189467076098588,-0.014459539569994056,-0.0021563144333743203,-0.012403035897013427,-0.002105576615608098,-0.0121766657318736,-0.0022655666733296343,-0.011529573323969174,-0.002250743949359414,-0.011282085240814928,-0.0009468014728203731,-0.006958591768161304,-0.002000910825702613,-0.012260891160424583,-0.002057152239210106,-0.01223247448024729,-0.0023716725952529012,-0.012277894018530118,-0.002156612634402085,-0.01249461254153459,-0.0024727983889649774,-0.01309946152573526,-0.003547208083404833,-0.012007006428939617,-0.003713367446034155,-0.011763857740503881,-0.0030567590683393173,-0.0162672070823679,-0.002299726626283647,-0.01791383114012981,-0.003610696963912931,-0.005219118321012771,-0.004829352391204099,-0.003944196951343097,-0.004138281584331337,-0.010135279766853652,-0.004185783040009487,-0.008587611876809505,-0.0037032101694954196,-0.008794846071066904,-0.003897021030610698,-0.011368714809260824,-0.0017247298008968817,-0.043366608453411074,-0.0030457124838957064,-0.02639025300996221,-0.003359536887331556,-0.021477772750777776,-0.0029631662336058397,-0.021460479056261885,-0.002352729045104127,-0.019999433625435156,0.00145014497395755,-0.024937785465057417,-0.001253825252971499,-0.010347205944045543,-0.0009153814967443005,-0.010329387796448012,-0.0019722464755063816,-0.0007927418139447377,-0.0059288446137804015,-0.0023584698169721112,-0.004965655101085392,-0.006468842248828491,-0.0016182544299231925,-0.007352560808324711,0.01161955259911068,-0.08423602428533873,-0.0008593964880166268,-0.016642537162743012,-9.517216053360974e-5,-0.0038277551693301874
21.0,-0.0007751161053646179,-0.007913801604144734,-0.0016595021558465602,-0.015620092928493614,-0.002825882971601213,-0.01826335651208869,-0.002993573798482104,-0.017563095744766055,-0.0027279080983183103,-0.015850727135916634,-0.0026187503935786094,-0.015767747330528888,-0.00285929535854016,-0.014747462544936878,-0.002856567323840504,-0.01433430600716866,-0.0013759342899997077,-0.00776859103808605,-0.002257530193784313,-0.017006736060175633,-0.00240338006710854,-0.01660267006940658,-0.0027501867510412417,-0.016999632178235434,-0.0023874845875379446,-0.01765219982059527,-0.002610416618076842,-0.019326926681051064,-0.0024527168376006856,-0.025770141570262684,-0.0019404471288253528,-0.029151718374918728,-0.0025236016609040336,-0.024637903817569397,-0.0027701319500722105,-0.022117611909676146,0.017869329689991827,-0.06346228289296095,0.02802752727051308,-0.06269625614089214,-0.009048684772825043,-0.021905655944145584,-0.01557451589674663,-0.014707779541208664,-0.011647968073416688,-0.01679614875794238,-0.0037699608390272584,-0.027383482489983037,-0.002154686726275965,-0.016731208992270794,-0.0028740888685466408,-0.01847199744748336,-0.003091556623541758,-0.021053248345404205,-0.002600831946816214,-0.015295420466739785,-0.0020860453672488194,-0.014350676879220073,-0.0010903089740617105,-0.013255798745328532,-0.0014970019430810464,-0.013574682391395743,-0.000856284904817291,-0.014549957094990363,0.021325060160495065,-0.08240366597507404,0.04737909413027353,-0.07286175451996696,-0.02855392529593606,-0.004376337216782562,-0.005362139168994694,-0.014089906234902395,-0.0003083042431633025,-0.017838906361821644,-0.0008242187001153251,-0.012150893097014517,-0.000429609404392848,-0.0030773075350876357
22.0,-0.00708061718594999,0.012324623742873096,-0.015076777987932532,0.02461441596791044,-0.020509038396097277,0.027631419888746178,-0.019921117926897217,0.02618816053930682,-0.01722868172962039,0.023643931294375,-0.01693702600920134,0.02359580479155894,-0.016156499602736064,0.02169006369084376,-0.015771865491551497,0.02099341550453154,-0.00765623306599426,0.011499448740113284,-0.018015586665034264,0.025900615179421483,-0.017689673094807755,0.025123048660975564,-0.018370503826772615,0.025390216031215253,-0.019111195238462577,0.026815558034696235,-0.021849970802262673,0.02929565558486315,-0.030760933664294384,0.039658746439283764,-0.034294725008984825,0.04563399202280083,-0.028232227503923648,0.038148756901504016,-0.025274908143441414,0.03384426655308111,-0.04368312310974218,0.06881282790068026,-0.04507395832725081,0.0636607898890823,-0.04170052641539305,0.05021760864058092,-0.04939337972260984,0.057256361876685605,-0.040974911407223015,0.052780574443400584,-0.034747818639264204,0.046062628305107385,-0.015043849225796598,0.02791380430877696,-0.017938563247163895,0.028912946630838415,-0.0225973596387407,0.032449398358270216,-0.012294100612976231,0.023818212968467294,-0.010773837027504935,0.022661404230594803,-0.008223447397177763,0.02153977316811917,-0.012444202846445918,0.02146861873743086,-0.0129481260377019,0.023841229983754132,-0.04460483640948332,0.0832326374674312,-0.05366380783759448,0.07033382114188388,-0.06970559445365859,0.06856829748563255,-0.02286777481964236,0.04980932184467794,-0.01731018816901889,0.033519657918414096,-0.007260682912762364,0.020233901044862692,-0.001780897093101434,0.0048673703858242556
23.0,-0.0006769712317524453,-6.1609416596407e-5,-0.0004941483490932419,-0.00016499888705831745,0.0011419102144634584,-0.0007218532844760806,0.0035689897010311613,-0.0016037083537601016,0.0047635137490723645,-0.0020387940036915163,0.005045186920293984,-0.0021825273575778923,0.0046850448455772525,-0.0018749040091430788,0.004477833545649615,-0.0017591070297697756,0.0013894667621628426,-0.0006982585114685585,0.004889624475523764,-0.002653634359825241,0.00493555351334522,-0.002481925624206701,0.004804667619544295,-0.002339441390851666,0.004540872282829393,-0.0024111619428371857,0.003658698957462356,-0.0018586088570067124,0.0018735500733868767,-0.001100287277000324,0.0010661746374769482,-0.0008170045112426676,0.0009458440864208173,-0.0007290679526341697,0.0010233788983868301,-0.0007178167520138142,0.0008042390290884011,-0.0008841488285742238,0.0004466952376088622,-0.0007608489671454628,0.0006290663788304376,-0.000701483491613794,0.00017415639621192643,-0.0006160170933349384,-1.242436551924236e-5,-0.000553577410556931,0.0009029955259104405,-0.0007661146766443927,-0.00036947733018103914,-0.0003026773342270657,0.00019985814360637814,-0.0004755107485596637,0.000543684683944659,-0.0005803062640812288,6.261722045465358e-5,-0.0004291240927557278,2.7643845158282066e-5,-0.0004191744574043373,-0.0027521624938267094,0.00035568741820026216,0.008197177240834283,-0.0028580359936108734,0.006246359829302659,-0.00438049193235618,0.0008721996094907782,-0.0009586128559290297,8.462673934683641e-5,-0.0007544805086441633,-2.0772690671165446e-5,-0.000614166881679726,-0.0012333987939823073,-0.0002812906387394008,-0.0003675808563037046,-0.00026203471219292537,-4.2386488040692525e-5,-0.00039678857518619666,-0.0007782685644890691,-3.3209499650760616e-6
24.0,-0.0006769712317524453,-6.1609416596407e-5,-0.0004941483490932419,-0.00016499888705831745,0.0011419102144634584,-0.0007218532844760806,0.0035689897010311613,-0.0016037083537601016,0.0047635137490723645,-0.0020387940036915163,0.005045186920293984,-0.0021825273575778923,0.0046850448455772525,-0.0018749040091430788,0.004477833545649615,-0.0017591070297697756,0.0013894667621628426,-0.0006982585114685585,0.004889624475523764,-0.002653634359825241,0.00493555351334522,-0.002481925624206701,0.004804667619544295,-0.002339441390851666,0.004540872282829393,-0.0024111619428371857,0.003658698957462356,-0.0018586088570067124,0.0018735500733868767,-0.001100287277000324,0.0010661746374769482,-0.0008170045112426676,0.0009458440864208173,-0.0007290679526341697,0.0010233788983868301,-0.0007178167520138142,0.0008042390290884011,-0.0008841488285742238,0.0004466952376088622,-0.0007608489671454628,0.0006290663788304376,-0.000701483491613794,0.00017415639621192643,-0.0006160170933349384,-1.242436551924236e-5,-0.000553577410556931,0.0009029955259104405,-0.0007661146766443927,-0.00036947733018103914,-0.0003026773342270657,0.00019985814360637814,-0.0004755107485596637,0.000543684683944659,-0.0005803062640812288,6.261722045465358e-5,-0.0004291240927557278,2.7643845158282066e-5,-0.0004191744574043373,-0.0027521624938267094,0.00035568741820026216,0.008197177240834283,-0.0028580359936108734,0.006246359829302659,-0.00438049193235618,0.0008721996094907782,-0.0009586128559290297,8.462673934683641e-5,-0.0007544805086441633,-2.0772690671165446e-5,-0.000614166881679726,-0.0012333987939823073,-0.0002812906387394008,-0.0003675808563037046,-0.00026203471219292537,-4.2386488040692525e-5,-0.00039678857518619666,-0.0007782685644890691,-3.3209499650760616e-6
25.0,-0.0026351166893210094,0.004612581358434858,0.00028905608361885445,0.004614426868014031,0.00124721102573835,0.004514345653987151,0.0021264651879620805,0.004648508847542706,0.001963244617466127,0.00480397404283771,0.0020132840963031085,0.004831810929487295,0.001734664693702768,0.004728606461136759,0.0015508847109366299,0.004707351082853093,-0.0019745695357940435,0.004641388286459316,0.0035322690638594995,0.00459960563293082,0.0030263844970115313,0.004679412265073693,0.0032863485923770477,0.004658045202035442,0.0032392414588063904,0.004619232582249615,0.0025399834531123515,0.004655050616287354,0.0017132246255372214,0.004686674155954437,0.0012306142006347982,0.004792209974756441,0.0012097447176831497,0.004680405445220344,0.0012564185362569122,0.004602125038655857,0.0008098220223444486,0.004905645129449714,0.0008448447521141515,0.004577449119706646,0.0009119877381833127,0.004905768842392284,0.0004237664894690209,0.005118833660822989,-6.100447366482638e-5,0.005217756391332494,0.0011187180718895068,0.004857867033329203,0.0003525387526750077,0.004599529692933658,0.0007815878582059603,0.004636137936956298,0.0010619480915698288,0.004603674801532436,0.0005319936703047335,0.004636906014705781,0.00032949702099947537,0.004663417959652044,0.00031226102804729613,0.004540872958066602,8.428494461180523e-5,0.005080310408526734,0.007283184847735654,0.004167596797127601,0.0003404819351844403,0.004703309487731967,0.0004006141557152285,0.004673620653154033,0.0006365513140487944,0.005066298223763087,-0.0026520760286712092,0.005817816909967535,-3.616873223907009e-5,0.004584895119218156,-0.00017327323517807126,0.004656155707362645,-0.004362591844795177,0.0044462820126381815
26.0,-0.0026351166893210094,0.004612581358434858,0.00028905608361885445,0.004614426868014031,0.00124721102573835,0.004514345653987151,0.0021264651879620805,0.004648508847542706,0.001963244617466127,0.00480397404283771,0.0020132840963031085,0.004831810929487295,0.001734664693702768,0.004728606461136759,0.0015508847109366299,0.004707351082853093,-0.0019745695357940435,0.004641388286459316,0.0035322690638594995,0.00459960563293082,0.0030263844970115313,0.004679412265073693,0.0032863485923770477,0.004658045202035442,0.0032392414588063904,0.004619232582249615,0.0025399834531123515,0.004655050616287354,0.0017132246255372214,0.004686674155954437,0.0012306142006347982,0.004792209974756441,0.0012097447176831497,0.004680405445220344,0.0012564185362569122,0.004602125038655857,0.0008098220223444486,0.004905645129449714,0.0008448447521141515,0.004577449119706646,0.0009119877381833127,0.004905768842392284,0.0004237664894690209,0.005118833660822989,-6.100447366482638e-5,0.005217756391332494,0.0011187180718895068,0.004857867033329203,0.0003525387526750077,0.004599529692933658,0.0007815878582059603,0.004636137936956298,0.0010619480915698288,0.004603674801532436,0.0005319936703047335,0.004636906014705781,0.00032949702099947537,0.004663417959652044,0.00031226102804729613,0.004540872958066602,8.428494461180523e-5,0.005080310408526734,0.007283184847735654,0.004167596797127601,0.0003404819351844403,0.004703309487731967,0.0004006141557152285,0.004673620653154033,0.0006365513140487944,0.005066298223763087,-0.0026520760286712092,0.005817816909967535,-3.616873223907009e-5,0.004584895119218156,-0.00017327323517807126,0.004656155707362645,-0.004362591844795177,0.0044462820126381815
27.0,-0.002965098866134968,0.003874511438989492,0.0004680791918269019,0.0038125028929866076,0.0005146668274334051,0.004007766550486908,-0.00030380963204011734,0.0044584593822491045,-0.001178619181506885,0.004745770404404006,-0.0012709583933785253,0.0048256812395357255,-0.0014272442579336471,0.004607781532342871,-0.0015224481930409812,0.004545214200333454,-0.0036250811312995065,0.004141891856053214,-0.0003645872151957748,0.004847533015413242,-0.0006596589387146448,0.0048345285082386225,-0.00039474997760012917,0.004746289139173546,-0.00027622217517266594,0.004769571706162108,-4.0564208697716755e-5,0.004591980360282614,0.0009133885629716105,0.0043956557299508455,0.0012297210800077873,0.004397755138060573,0.0010187317283897248,0.004227289994585573,0.000853715524395908,0.004129074100177865,0.0008796619019238395,0.004478438516330744,0.0009264547830597421,0.004178488446655952,0.0016547098892956706,0.004498521191481498,0.0019248494164522691,0.004670819635685507,0.0019539358467185906,0.004832185109555862,0.0014040459166589714,0.004472543957602133,0.0005213073048877281,0.003855292704974138,0.000750677577256342,0.004047698127777851,0.0009488197979384,0.0040840618324353255,0.000497983649058811,0.004060030590990953,0.0003090416629991741,0.004086261577547947,0.001932629717116796,0.0034290010852250307,-0.0033040705739846373,0.005342662146317738,0.0006379822120746412,0.005066546461557204,0.00044511253851985897,0.004277142702010266,0.0005395662726930092,0.004249270719763481,0.0021144124332418855,0.004489527253601363,0.002084796618960758,0.005612255033757757,0.00021280148929663165,0.003816804154764047,-0.00015684626058336623,0.004085202001692716,-0.004996237026611814,0.003746150042120736
28.0,-0.002965098866134968,0.003874511438989492,0.0004680791918269019,0.0038125028929866076,0.0005146668274334051,0.004007766550486908,-0.00030380963204011734,0.0044584593822491045,-0.001178619181506885,0.004745770404404006,-0.0012709583933785253,0.0048256812395357255,-0.0014272442579336471,0.004607781532342871,-0.0015224481930409812,0.004545214200333454,-0.0036250811312995065,0.004141891856053214,-0.0003645872151957748,0.004847533015413242,-0.0006596589387146448,0.0048345285082386225,-0.00039474997760012917,0.004746289139173546,-0.00027622217517266594,0.004769571706162108,-4.0564208697716755e-5,0.004591980360282614,0.0009133885629716105,0.0043956557299508455,0.0012297210800077873,0.004397755138060573,0.0010187317283897248,0.004227289994585573,0.000853715524395908,0.004129074100177865,0.0008796619019238395,0.004478438516330744,0.0009264547830597421,0.004178488446655952,0.0016547098892956706,0.004498521191481498,0.0019248494164522691,0.004670819635685507,0.0019539358467185906,0.004832185109555862,0.0014040459166589714,0.004472543957602133,0.0005213073048877281,0.003855292704974138,0.000750677577256342,0.004047698127777851,0.0009488197979384,0.0040840618324353255,0.000497983649058811,0.004060030590990953,0.0003090416629991741,0.004086261577547947,0.001932629717116796,0.0034290010852250307,-0.0033040705739846373,0.005342662146317738,0.0006379822120746412,0.005066546461557204,0.00044511253851985897,0.004277142702010266,0.0005395662726930092,0.004249270719763481,0.0021144124332418855,0.004489527253601363,0.002084796618960758,0.005612255033757757,0.00021280148929663165,0.003816804154764047,-0.00015684626058336623,0.004085202001692716,-0.004996237026611814,0.003746150042120736
29.0,-0.005453878024358544,0.01295464575593468,-0.011813526002825241,0.015126260174544166,-0.007117717503264863,0.012627435259273699,-0.0061219119954927965,0.012515559175461535,-0.0066417122066353956,0.013042798932963215,-0.0068230415225304705,0.013198460903468979,-0.006371608756645614,0.012654740099084467,-0.006169937221654632,0.012515037846445943,-0.003412709802759479,0.012073986539280724,-0.007016557705796649,0.013521542314292765,-0.006929736349347443,0.01338575343650066,-0.00660069593722402,0.01304531477607934,-0.006428645258377004,0.013201913804894782,-0.005005105935997675,0.012492651349295152,-2.9547950457875104e-5,0.010815805721688321,0.0019486172732078436,0.010323748914078671,-0.0014858116733760783,0.011155649499059929,-0.0035943310766952154,0.011647846759264223,-0.0012349660941984911,0.011356860535277352,-0.0024794065422269703,0.010770498372784192,0.007992418580862224,0.008837921423680535,0.013778401922927648,0.007319301655549171,0.012497401102965959,0.007589535599789565,0.0036329120871116585,0.009977079148389035,-0.011290344098800597,0.014618485597219672,-0.005756056958677497,0.012598931929203017,-0.0037070931736081832,0.011699346860748208,-0.0049696530816739,0.01247879822129962,-0.004898154042780441,0.012653397884120135,-0.02154215568184707,0.017994043101212307,-0.008632579246125163,0.013820959678099601,-0.010084781498159306,0.014553222229045502,-0.00228758154700985,0.011252925782836223,-0.005178513252310743,0.011703308049948048,0.021500299956684205,0.005588155438606168,0.014862693230297307,0.0061721453321936515,-0.013763426016118454,0.01603699838508346,-0.004702213676257784,0.012966587680848792,-0.0014516475075213285,0.0115736446741781
30.0,-0.011552304872339686,-0.013861143657495358,0.016486275683088483,-0.0224880902108578,0.011624423626300284,-0.019493737888857603,0.006861930313489472,-0.018601386754309338,0.004014175409149472,-0.018429888089526315,0.004180511975023951,-0.01858746715549875,0.0018201632370754188,-0.017533356788975052,0.0007370633237033557,-0.01712964133316564,-0.016778255985444152,-0.01237553430797934,0.006694360910344367,-0.01954748275279557,0.0058475457112996424,-0.019197801534584263,0.006103999523255519,-0.018977981155378472,0.006744454690758725,-0.01936039698924529,0.0070055988442803765,-0.019019452650251976,0.007749369664612432,-0.018849237614743754,0.008144081612054198,-0.019354968183603657,0.009460197194615497,-0.01933465340396083,0.01024901688179779,-0.019254236871328392,0.00798726837948745,-0.020788517223001422,0.005088015985559211,-0.01886777330765635,0.007693225655582853,-0.019652850361022184,0.007499864351166026,-0.02064066905551743,0.008468635099368538,-0.020684496680079142,0.007945689367539787,-0.019392903444423733,0.01642456163370463,-0.022479814633731426,0.01117692619421319,-0.020179438570199215,0.010315890383377782,-0.019370754923713703,0.008580633847562281,-0.019684335142380032,0.008018455397971552,-0.019878099415058498,0.03514310793122515,-0.027592833207113886,0.006516384174112366,-0.01882979961252457,0.01042339635861391,-0.020520934235980417,0.009905888168964084,-0.02126673192872364,0.003510430044858486,-0.019476536951492762,0.005672265851853742,-0.02113831810623569,0.01243875667531795,-0.02268298004835505,0.020132386498047983,-0.024548280672114845,0.006745959782240975,-0.0202345817962514,-0.028558312642672185,-0.009155635365979381
31.0,-0.011552304872339686,-0.013861143657495358,0.016486275683088483,-0.0224880902108578,0.011624423626300284,-0.019493737888857603,0.006861930313489472,-0.018601386754309338,0.004014175409149472,-0.018429888089526315,0.004180511975023951,-0.01858746715549875,0.0018201632370754188,-0.017533356788975052,0.0007370633237033557,-0.01712964133316564,-0.016778255985444152,-0.01237553430797934,0.006694360910344367,-0.01954748275279557,0.0058475457112996424,-0.019197801534584263,0.006103999523255519,-0.018977981155378472,0.006744454690758725,-0.01936039698924529,0.0070055988442803765,-0.019019452650251976,0.007749369664612432,-0.018849237614743754,0.008144081612054198,-0.019354968183603657,0.009460197194615497,-0.01933465340396083,0.01024901688179779,-0.019254236871328392,0.00798726837948745,-0.020788517223001422,0.005088015985559211,-0.01886777330765635,0.007693225655582853,-0.019652850361022184,0.007499864351166026,-0.02064066905551743,0.008468635099368538,-0.020684496680079142,0.007945689367539787,-0.019392903444423733,0.01642456163370463,-0.022479814633731426,0.01117692619421319,-0.020179438570199215,0.010315890383377782,-0.019370754923713703,0.008580633847562281,-0.019684335142380032,0.008018455397971552,-0.019878099415058498,0.03514310793122515,-0.027592833207113886,0.006516384174112366,-0.01882979961252457,0.01042339635861391,-0.020520934235980417,0.009905888168964084,-0.02126673192872364,0.003510430044858486,-0.019476536951492762,0.005672265851853742,-0.02113831810623569,0.01243875667531795,-0.02268298004835505,0.020132386498047983,-0.024548280672114845,0.006745959782240975,-0.0202345817962514,-0.028558312642672185,-0.009155635365979381
32.0,0.006060685584909373,-0.004685577135132609,0.015823805081897832,-0.008249080541376347,0.010088827558185237,-0.005372909548660442,0.004802920342597455,-0.003879809699624994,0.0027185277480173487,-0.0034760754156391814,0.0023725605755835506,-0.003420887717626562,0.0023426952029558315,-0.0032788124411578233,0.0023279728979129733,-0.0032469842148234833,0.0009260530311104522,-0.0029464361680527525,0.0017522105776317397,-0.0033259285006174777,0.0019743645137773567,-0.0033571572810232853,0.0021117723161168953,-0.0033152953715869992,0.0022697593501253767,-0.0034147497971019165,0.0035215701202045173,-0.003643910478649356,0.004039056620071759,-0.003648386238429622,0.004202894608460932,-0.0038034861667291934,0.006325236248557734,-0.004270476794420324,0.007785420893151871,-0.004631610404381758,0.0032215187018594994,-0.00408171825854784,0.0017781612065904055,-0.0035622190248428384,0.0029824479041817456,-0.0036229252809714704,0.0017176499641961835,-0.003603785587855787,0.0011651059127948348,-0.0034505395507859688,0.00372659953572795,-0.003696142702322179,0.01470087211883091,-0.007181934092523953,0.008052510278898556,-0.0048410923780916135,0.007336500027889008,-0.004409484913354481,0.004050937483000564,-0.003917741613852219,0.0027736021960514503,-0.0037436857565425444,0.02966803417404321,-0.012292272008635965,0.0003093884029018673,-0.0032438665198131138,-0.002069983167443693,-0.002850332533896075,0.00355834863615691,-0.004343721582788198,0.00036893331696071175,-0.0035704888284333997,0.0012040947361084669,-0.0037402342110340664,-0.0022687703383092073,-0.0031396023894854456,0.01574576548650426,-0.00876049316305981,1.979039412839459e-6,-0.003461417467634943,-5.881513380119334e-5,-0.0027032786609128656
33.0,0.006060685584909373,-0.004685577135132609,0.015823805081897832,-0.008249080541376347,0.010088827558185237,-0.005372909548660442,0.004802920342597455,-0.003879809699624994,0.0027185277480173487,-0.0034760754156391814,0.0023725605755835506,-0.003420887717626562,0.0023426952029558315,-0.0032788124411578233,0.0023279728979129733,-0.0032469842148234833,0.0009260530311104522,-0.0029464361680527525,0.0017522105776317397,-0.0033259285006174777,0.0019743645137773567,-0.0033571572810232853,0.0021117723161168953,-0.0033152953715869992,0.0022697593501253767,-0.0034147497971019165,0.0035215701202045173,-0.003643910478649356,0.004039056620071759,-0.003648386238429622,0.004202894608460932,-0.0038034861667291934,0.006325236248557734,-0.004270476794420324,0.007785420893151871,-0.004631610404381758,0.0032215187018594994,-0.00408171825854784,0.0017781612065904055,-0.0035622190248428384,0.0029824479041817456,-0.0036229252809714704,0.0017176499641961835,-0.003603785587855787,0.0011651059127948348,-0.0034505395507859688,0.00372659953572795,-0.003696142702322179,0.01470087211883091,-0.007181934092523953,0.008052510278898556,-0.0048410923780916135,0.007336500027889008,-0.004409484913354481,0.004050937483000564,-0.003917741613852219,0.0027736021960514503,-0.0037436857565425444,0.02966803417404321,-0.012292272008635965,0.0003093884029018673,-0.0032438665198131138,-0.002069983167443693,-0.002850332533896075,0.00355834863615691,-0.004343721582788198,0.00036893331696071175,-0.0035704888284333997,0.0012040947361084669,-0.0037402342110340664,-0.0022687703383092073,-0.0031396023894854456,0.01574576548650426,-0.00876049316305981,1.979039412839459e-6,-0.003461417467634943,-5.881513380119334e-5,-0.0027032786609128656
34.0,-0.007833988333307373,0.0075703291900885,-0.016649700814966233,0.010520483571962577,-0.01003603991728844,0.007210874564663471,-0.007442390302651705,0.006486002876782809,-0.007425733757608091,0.006787894333744642,-0.0074669962539542205,0.006892302851981963,-0.007210191718436231,0.006521155868593645,-0.00706055771658006,0.006426209139232791,-0.004274932011087331,0.00615030513870114,-0.007233457994713864,0.007054043694953773,-0.007300130978969988,0.006978755580789781,-0.007078986179188832,0.006689401850358929,-0.006774018997755467,0.0067825225278092495,-0.005622409844902332,0.006167791675090149,-4.960902653998679e-5,0.0042143564716354475,0.0022910088928548788,0.003439455215344033,-0.002481686747670914,0.004836068466434734,-0.005365927831979169,0.005692465348104327,0.01466287471146884,-0.0004167049195633618,0.02224518800782789,-0.0013174561288051153,0.0033876550194295502,0.003089463121095483,0.00433758048951267,0.0027166886832888306,0.0042031811675740495,0.0027440665242652322,0.002627487917117772,0.0033728983911392608,-0.01579690552804249,0.009671009118955527,-0.008293448279147537,0.006869562081403872,-0.005656991516271168,0.005748743605536387,-0.0068027089631315695,0.0066603436713391796,-0.006324878358449783,0.006799407298371279,-0.030554084527243886,0.014685568256273146,-0.008238350262456009,0.007639850526917727,-0.008846061900762127,0.008112460970754269,0.014643214185595296,-0.0021222021468165876,0.03183219273738139,-0.004974907607952457,0.005438301961902587,0.0022804170892666833,0.004738377038381913,0.0022165158944560193,-0.01826567364909297,0.011594281359978954,-0.005131736803248686,0.007140152938775214,-0.0022752727992697407,0.005880329474801541
35.0,-0.021343759772593625,0.002314639207258839,-0.029296816108278636,0.004573416850702931,-0.03973750575803166,0.005225215204423009,-0.049407177584481723,0.00827284317112513,-0.05070962074878887,0.009843631068855647,-0.05105999615837061,0.010518131202131494,-0.050001131814680085,0.008612906287215531,-0.049101908555698674,0.008006740662053554,-0.029922973079228657,0.003793859496069164,-0.052670614539345725,0.012943206496096865,-0.05218588620009459,0.012043091018562643,-0.05321728577788974,0.011027713477286262,-0.0522624443246577,0.012077930388522675,-0.05107096725877136,0.010281148146188964,-0.050852208818681695,0.009772967415918358,-0.049426079658144856,0.010567804944982039,-0.040070663735622715,0.006397525048401472,-0.04017120038123138,0.0057161702861657756,-0.05975091669844768,0.019405142547956875,-0.05872542162849849,0.01707824940729415,-0.05153455929757994,0.013105833416225846,-0.05244542151895179,0.017384637184640953,-0.05443091340340985,0.01748729807814536,-0.05021181750198591,0.010815666444581203,-0.02562354361999916,0.0007885249986319959,-0.004993055458960539,-0.0057077863234906165,-0.021463550382067417,-0.0002525704622161766,0.03731668597184992,-0.018476680683403267,0.05034337894304589,-0.02355752363805591,-0.027895139952505518,0.00645680870061798,-0.04870463095437469,0.015581551553998697,-0.054358590250836586,0.020376966084999358,-0.06150783769600873,0.02596918447209399,-0.05935878007105991,0.022675570409873783,-0.04917295597084724,0.021347876400818717,-0.062247052035751586,0.025979265090887178,-0.028280946036210265,0.003826946982972894,0.07607086192512043,-0.03382418080480599,-0.016078173182075696,0.0011054422925292882
36.0,0.045863391449470145,-0.0004506429179293214,0.06210157488164587,-0.004554686353627195,0.08472414777232844,-0.007058953327915976,0.10093573247022529,-0.012546320507808543,0.10214530788551046,-0.015287309841811,0.10251362016727456,-0.016549588019382694,0.10076650030116294,-0.012887076712516573,0.09911970854231776,-0.011722871235095142,0.061977196951340706,-0.0035257544866527505,0.10519884385874591,-0.021333168191435783,0.10442683001464151,-0.019564567689257836,0.1066974269914291,-0.01763727266715318,0.10483124394976268,-0.019759126157963436,0.10351303381122766,-0.016533765679262225,0.10409150255328954,-0.016247377293205006,0.1015537490863977,-0.018115876048821904,0.09005315258676613,-0.011835864469964534,0.08853987815002887,-0.00950908092181444,0.11489478147182342,-0.03378458225140789,0.10825704967931372,-0.028825799800165922,0.10228936273061065,-0.02247644734952822,0.10042619083339198,-0.030188565618852692,0.1047204807631508,-0.030545140447001434,0.10219077566082722,-0.018399663744321514,0.06256991786800119,-0.0056647893120405695,0.051565367657219544,0.00025214175300296667,0.07044805360533642,-0.004487645628285347,0.010646033564433874,0.011027656185082436,-0.002900114378952688,0.014339189691116298,0.03775220427352931,-0.003991888019651065,0.09484925058484071,-0.026328966904362778,0.10530967945646312,-0.03587395759528502,0.11802528309195252,-0.04648508928024174,0.10324607003959368,-0.03797278221386077,0.0896026822183511,-0.037379691668701455,0.11659509356365716,-0.04684809716407971,0.06949479853962143,-0.01311787753922377,-0.03163590586862062,0.02031669478235742,0.035081738821251124,0.001634758105411877
37.0,-0.00036490209463725095,0.00012118927270843782,0.0005443234937441044,-0.00017793335374811957,0.0019358530246000863,-0.0005916743513208838,0.004436420867569373,-0.0014891708240972945,0.006941904490572441,-0.0024058415294768245,0.0074863883851555395,-0.002664699676980426,0.0069336771224403956,-0.0022242976514506973,0.006613734881729393,-0.0020557886051709865,0.0021900592063317636,-0.0006411522522553374,0.002691836229046352,-0.0014298935434251606,0.004298523668143209,-0.0018413949860871795,0.003650052740973268,-0.001542489918459388,0.0028925032954518707,-0.0014014722302920142,0.0031904161021558877,-0.001291263455252409,0.0017142983870219839,-0.0006622218152595012,0.0010379522976498251,-0.0004236466330916333,0.0012053277797868377,-0.0004196251703759554,0.0014908981334238358,-0.00047579844353531626,0.0006934051661956938,-0.0004165461352882445,0.00028658490712658445,-0.0002997772664992444,0.0003974971404684762,-0.0002795359052511275,-0.00027210518806168707,-0.00014859720889833132,-7.634236703304275e-5,-0.0001800847930814511,0.000875168887085727,-0.0003768605942825453,0.00057175767275333,-0.00021474660421570062,0.0006575430633717409,-0.00021597812494279363,0.0009214275886302318,-0.00029578702275774934,0.000269349435772813,-9.798516786263417e-5,0.00014167490342363814,-6.696946408499511e-5,-0.0008706674585186815,0.00010615665286456169,0.02185966497593471,-0.00674213846595293,-0.006581865570696262,-0.0002735243405796751,0.0007604645178433891,-0.00048771706101527885,-0.00018616052830819387,-0.00022465458404195436,-0.0012718901840485127,-1.849951573486916e-5,-0.00025045552089313756,-0.00012560064146429587,0.0005766199387109048,-0.00026699698182201527,-0.00013444825140443453,-1.1217939929572811e-5,-0.000917484652326018,0.00027518856469859707
38.0,-0.00036490209463725095,0.00012118927270843782,0.0005443234937441044,-0.00017793335374811957,0.0019358530246000863,-0.0005916743513208838,0.004436420867569373,-0.0014891708240972945,0.006941904490572441,-0.0024058415294768245,0.0074863883851555395,-0.002664699676980426,0.0069336771224403956,-0.0022242976514506973,0.006613734881729393,-0.0020557886051709865,0.0021900592063317636,-0.0006411522522553374,0.002691836229046352,-0.0014298935434251606,0.004298523668143209,-0.0018413949860871795,0.003650052740973268,-0.001542489918459388,0.0028925032954518707,-0.0014014722302920142,0.0031904161021558877,-0.001291263455252409,0.0017142983870219839,-0.0006622218152595012,0.0010379522976498251,-0.0004236466330916333,0.0012053277797868377,-0.0004196251703759554,0.0014908981334238358,-0.00047579844353531626,0.0006934051661956938,-0.0004165461352882445,0.00028658490712658445,-0.0002997772664992444,0.0003974971404684762,-0.0002795359052511275,-0.00027210518806168707,-0.00014859720889833132,-7.634236703304275e-5,-0.0001800847930814511,0.000875168887085727,-0.0003768605942825453,0.00057175767275333,-0.00021474660421570062,0.0006575430633717409,-0.00021597812494279363,0.0009214275886302318,-0.00029578702275774934,0.000269349435772813,-9.798516786263417e-5,0.00014167490342363814,-6.696946408499511e-5,-0.0008706674585186815,0.00010615665286456169,0.02185966497593471,-0.00674213846595293,-0.006581865570696262,-0.0002735243405796751,0.0007604645178433891,-0.00048771706101527885,-0.00018616052830819387,-0.00022465458404195436,-0.0012718901840485127,-1.849951573486916e-5,-0.00025045552089313756,-0.00012560064146429587,0.0005766199387109048,-0.00026699698182201527,-0.00013444825140443453,-1.1217939929572811e-5,-0.000917484652326018,0.00027518856469859707
39.0,-0.003417539179438095,-2.774390322416659e-5,-0.0015691075523640717,-0.0007851671843015944,-0.004233842879449156,-0.0001798506500358297,-0.007883431199529013,0.0007673128358091276,-0.00917868945849241,0.0012238137336588284,-0.009403645167683059,0.0013667981413317597,-0.009260587399024776,0.0010669749351281286,-0.00911691988940713,0.0009776509150250655,-0.0064579295048916765,0.0006077279655204601,-0.010617989667654757,0.0020850887184995903,-0.010205894997940087,0.0018224100159911836,-0.01027998039893093,0.0016125506648179654,-0.009952502983691712,0.001791025667751652,-0.008310940492893442,0.0011438455556677322,-0.005424001362210215,0.00041143209510990936,-0.004023878490163995,0.00017106524374881267,-0.0037942552922331286,-7.25408713949026e-5,-0.003988248563123789,-0.00013317090038642997,-0.0042969677727825745,0.001010053129844294,-0.004260025398878437,0.0011267566049005795,-0.0030397412814414312,4.885351627515261e-5,-0.001924439003575217,4.055785800849467e-6,-0.0009152787334869684,-0.00016431668876012417,-0.0035891808335521743,7.565924344779658e-5,-0.0013695422457599637,-0.0008980891124922293,-0.0020692952671156964,-0.0006577971506811567,-0.002919438752187532,-0.00041350553242692264,-0.0011105033901070971,-0.0008305521896309286,-0.000758995601009976,-0.0008681818966678275,0.00227773779998805,-0.0015495884564411594,-0.008566631868724254,0.0019596789022940874,-0.015479162546974193,0.004197829240612235,-0.004025030450372323,0.0014059209778308854,-0.00434073728914594,0.001872676182918014,-0.002255546043819212,0.00018385108459509678,0.004084590215679154,-0.0005629904993635804,-0.00023714323488418712,-0.0009110501763902186,2.7232257316905328e-5,-0.0009057294849223939,-0.004496344665825162,0.0003788357674797584
40.0,-0.003417539179438095,-2.774390322416659e-5,-0.0015691075523640717,-0.0007851671843015944,-0.004233842879449156,-0.0001798506500358297,-0.007883431199529013,0.0007673128358091276,-0.00917868945849241,0.0012238137336588284,-0.009403645167683059,0.0013667981413317597,-0.009260587399024776,0.0010669749351281286,-0.00911691988940713,0.0009776509150250655,-0.0064579295048916765,0.0006077279655204601,-0.010617989667654757,0.0020850887184995903,-0.010205894997940087,0.0018224100159911836,-0.01027998039893093,0.0016125506648179654,-0.009952502983691712,0.001791025667751652,-0.008310940492893442,0.0011438455556677322,-0.005424001362210215,0.00041143209510990936,-0.004023878490163995,0.00017106524374881267,-0.0037942552922331286,-7.25408713949026e-5,-0.003988248563123789,-0.00013317090038642997,-0.0042969677727825745,0.001010053129844294,-0.004260025398878437,0.0011267566049005795,-0.0030397412814414312,4.885351627515261e-5,-0.001924439003575217,4.055785800849467e-6,-0.0009152787334869684,-0.00016431668876012417,-0.0035891808335521743,7.565924344779658e-5,-0.0013695422457599637,-0.0008980891124922293,-0.0020692952671156964,-0.0006577971506811567,-0.002919438752187532,-0.00041350553242692264,-0.0011105033901070971,-0.0008305521896309286,-0.000758995601009976,-0.0008681818966678275,0.00227773779998805,-0.0015495884564411594,-0.008566631868724254,0.0019596789022940874,-0.015479162546974193,0.004197829240612235,-0.004025030450372323,0.0014059209778308854,-0.00434073728914594,0.001872676182918014,-0.002255546043819212,0.00018385108459509678,0.004084590215679154,-0.0005629904993635804,-0.00023714323488418712,-0.0009110501763902186,2.7232257316905328e-5,-0.0009057294849223939,-0.004496344665825162,0.0003788357674797584
41.0,-0.0003292554907251673,-0.00035048919621140823,-0.0002807813510817912,-0.0004466817212413399,0.0005568694891086102,-0.0007437422807553955,-0.0006442117480992617,-0.00040720544039611406,-0.0015500471196040041,-0.0001147616602963508,-0.0017213390778707035,-4.784655761160463e-5,-0.0016259774736213297,-0.00011140417355820251,-0.0015639379068265256,-0.0001356820213497108,-0.0008587329299050528,-0.00023462780701321605,-0.0023742132325588255,0.0001972673116033488,-0.002141945086896562,0.00010545797517757959,-0.0020161336499378633,1.405158117720953e-5,-0.0018011284004043858,-7.426436119084253e-6,-0.0004044745999709212,-0.0004904506034426091,0.0030051123508236734,-0.0016546021883257626,0.004415421949809468,-0.0022643471861837562,0.002929774247042663,-0.0016742571084314194,0.0020313126133342505,-0.0013012979802135682,0.0029457872351100383,-0.00236783549605155,0.0015954952569264245,-0.00197133064498269,0.008536819776388937,-0.0035153852832738165,0.012636169172131725,-0.005109964155267839,0.008011343610446248,-0.0042770262620648114,0.004921650388675816,-0.0024735730808845436,-0.00010305868317428811,-0.0006713178986805375,0.0010450389964145055,-0.0010364346644029965,0.0019263589793344959,-0.001294914401203277,0.0004380871002771069,-0.0008898960763365763,0.0002555688386367529,-0.0008599095416766787,-0.0017663270632834198,-9.435769490599197e-5,-0.002122309394601298,0.00023924329773170394,-0.006324926764813291,0.0012773728472999396,0.0028367538935477514,-0.0025956656466614176,0.0001316396096462163,-0.0019063391469928798,0.02377310104311034,-0.007215580612307308,-0.002802764221258809,-0.004340067217911748,-0.0003324197278130143,-0.0006088843064172642,-0.00013014936218954133,-0.0008038129949054731,-0.00035503535954192495,-0.00028741481652745643
42.0,-0.0003292554907251673,-0.00035048919621140823,-0.0002807813510817912,-0.0004466817212413399,0.0005568694891086102,-0.0007437422807553955,-0.0006442117480992617,-0.00040720544039611406,-0.0015500471196040041,-0.0001147616602963508,-0.0017213390778707035,-4.784655761160463e-5,-0.0016259774736213297,-0.00011140417355820251,-0.0015639379068265256,-0.0001356820213497108,-0.0008587329299050528,-0.00023462780701321605,-0.0023742132325588255,0.0001972673116033488,-0.002141945086896562,0.00010545797517757959,-0.0020161336499378633,1.405158117720953e-5,-0.0018011284004043858,-7.426436119084253e-6,-0.0004044745999709212,-0.0004904506034426091,0.0030051123508236734,-0.0016546021883257626,0.004415421949809468,-0.0022643471861837562,0.002929774247042663,-0.0016742571084314194,0.0020313126133342505,-0.0013012979802135682,0.0029457872351100383,-0.00236783549605155,0.0015954952569264245,-0.00197133064498269,0.008536819776388937,-0.0035153852832738165,0.012636169172131725,-0.005109964155267839,0.008011343610446248,-0.0042770262620648114,0.004921650388675816,-0.0024735730808845436,-0.00010305868317428811,-0.0006713178986805375,0.0010450389964145055,-0.0010364346644029965,0.0019263589793344959,-0.001294914401203277,0.0004380871002771069,-0.0008898960763365763,0.0002555688386367529,-0.0008599095416766787,-0.0017663270632834198,-9.435769490599197e-5,-0.002122309394601298,0.00023924329773170394,-0.006324926764813291,0.0012773728472999396,0.0028367538935477514,-0.0025956656466614176,0.0001316396096462163,-0.0019063391469928798,0.02377310104311034,-0.007215580612307308,-0.002802764221258809,-0.004340067217911748,-0.0003324197278130143,-0.0006088843064172642,-0.00013014936218954133,-0.0008038129949054731,-0.00035503535954192495,-0.00028741481652745643
43.0,-0.011230572233132244,-0.03273274595740698,-0.008411837270585766,-0.03487864807206946,-0.010395367961816004,-0.033895292323166425,-0.010558002793465311,-0.034379968145500824,-0.010002398059701881,-0.03496414015077249,-0.009549761297718664,-0.035112205160381084,-0.010833908164973696,-0.034256947583771895,-0.011170244254644744,-0.034023432635759895,-0.012262970336405825,-0.03255226645118208,-0.008116533105395538,-0.035451686551826345,-0.008657785377592606,-0.03531182368409335,-0.009430700323189002,-0.035083986758618284,-0.008572306614391349,-0.035253976045721995,-0.00944775318846521,-0.03484915538551197,-0.009388803721189602,-0.03457053924714295,-0.008540131286943914,-0.0351435964939358,-0.009088838745258706,-0.03510374025538835,-0.009832811556655293,-0.03453215166686103,-0.005821219171490278,-0.036167971106757894,-0.006285264536392871,-0.033884227797048944,-0.0070443481456330505,-0.03528492190610364,-0.004344312429196271,-0.03610622536798839,-0.004373351943611637,-0.03585493600101571,-0.008484264960011156,-0.03529027630236887,-0.008050835163272853,-0.03572163063179794,-0.006836137366572891,-0.03759464685064315,-0.008515312771024132,-0.036043964812034174,-0.0022956290079490247,-0.04076990015636217,0.00017375469577194988,-0.04206729238488316,-0.00561198027642185,-0.03480402065323398,-0.003784165414696941,-0.03400109388491173,-0.0024985695229512903,-0.03428509777504992,-0.0024594520097039182,-0.034690545122036266,-0.003251053213920065,-0.03477386300701349,-0.00128964134225853,-0.03618435456899145,0.0008579828814334115,-0.036164252205815366,-0.005401341401356215,-0.03498954630165179,0.006017998558179863,-0.04423644587122682,-0.012770023858767944,-0.030924690794730304
44.0,0.011720268967533105,0.01229920399629908,0.021860368882511957,0.009568495756810812,0.016357294556228655,0.01194546294978639,0.009963764388921471,0.01406698602718297,0.0068686800287827586,0.015051728946066656,0.006170903756961957,0.015246992162593353,0.006813399758400683,0.014875527631903045,0.0069833683381243,0.014760895679506003,0.006045963015350471,0.014163789412793226,0.005456547074192177,0.01532919203065752,0.0057442209856218415,0.015286531538815859,0.006408250676012438,0.01514003939412082,0.006264289597931265,0.01508444879279433,0.008129492639224785,0.014508526889202202,0.008999724998684098,0.014002822854291868,0.008889397314257242,0.013979988580375855,0.011885262721618932,0.013181482584695672,0.013745908845606959,0.012719040639736499,0.006649550162901097,0.014232539704818664,0.004955795404962792,0.013745194833206843,0.006265225554757172,0.01439213925593294,0.0029677838920665195,0.015002634435705205,0.003349731499376424,0.014826654394291176,0.008329554201033667,0.01418465528559956,0.022044965234208447,0.009022797206635012,0.0144694352169801,0.011924259756352723,0.013715035560973025,0.012522545859053769,0.00929448472302732,0.012654692312329572,0.007124329597829812,0.012786620132908088,0.03189749268350408,0.0065925181753053366,-0.0010509973824305453,0.01568381062710958,-0.0004456863048498157,0.015217721518597942,0.005819279151441609,0.013080188070613074,0.0013914030162645843,0.014392604264507922,-0.0011892925565301369,0.015260010065658254,-0.000379191430707697,0.014916923517343238,0.027030641823517585,0.005738743933122969,0.002069294877987585,0.01270298357219461,0.005280256892878504,0.013463115931167266
45.0,0.0003535129402211246,-0.0010293687935788375,0.0014790868096781604,-0.001345858049351053,0.0018585414452821892,-0.0013468185735399049,0.0021358778729295017,-0.0015352952188090404,0.0021275450265134973,-0.0016477415981789056,0.0021568598486455858,-0.001692937305407705,0.002019372813972212,-0.0015550568866124182,0.0019434042619096861,-0.0015086134170968245,0.0005989498581436346,-0.0011186155977895753,0.0022717379113219895,-0.001827099279672719,0.00223455278034207,-0.0017768076475612796,0.0022674054309745712,-0.0017165424467914805,0.0022586926592481765,-0.0017699967234861443,0.0022252867811654873,-0.0016484735775274138,0.0022832526026331664,-0.0015682733000542258,0.002266793501643663,-0.0016068133292864977,0.0019807314881478376,-0.0014436642167476527,0.0019392182825919266,-0.0013901705006412646,0.0009190956909930425,-0.0015169620611097169,-0.001110072403551172,-0.0013395445097176763,0.0030131818470638416,-0.0018956979281897005,0.0037425097690597093,-0.002317718036233107,0.004143207048023253,-0.002337854126738855,0.002524817113089713,-0.0016698275102586151,0.001490438636015534,-0.001320734127929636,0.001078985844732387,-0.0011137148681697137,0.0015028597237902363,-0.0012323333266572726,6.130275662323137e-5,-0.0007826088120198387,-0.00024557674614695543,-0.0006842529962802344,0.0014933168275303751,-0.0014814149517416338,0.002341688312332164,-0.0019909787869413957,0.002416706547003957,-0.00221155234023301,0.0018610773644827728,-0.0014706170918566664,-0.003487952446253549,-0.0011763485413411974,0.003814064185139204,-0.0026580703127039493,0.006510667929935548,-0.003094354923335177,0.0017478166394447818,-0.0014484340298882164,-0.0008774093208964909,-0.0004873813474287131,-0.0003428156897626475,-0.000849390605447742
46.0,0.0003535129402211246,-0.0010293687935788375,0.0014790868096781604,-0.001345858049351053,0.0018585414452821892,-0.0013468185735399049,0.0021358778729295017,-0.0015352952188090404,0.0021275450265134973,-0.0016477415981789056,0.0021568598486455858,-0.001692937305407705,0.002019372813972212,-0.0015550568866124182,0.0019434042619096861,-0.0015086134170968245,0.0005989498581436346,-0.0011186155977895753,0.0022717379113219895,-0.001827099279672719,0.00223455278034207,-0.0017768076475612796,0.0022674054309745712,-0.0017165424467914805,0.0022586926592481765,-0.0017699967234861443,0.0022252867811654873,-0.0016484735775274138,0.0022832526026331664,-0.0015682733000542258,0.002266793501643663,-0.0016068133292864977,0.0019807314881478376,-0.0014436642167476527,0.0019392182825919266,-0.0013901705006412646,0.0009190956909930425,-0.0015169620611097169,-0.001110072403551172,-0.0013395445097176763,0.0030131818470638416,-0.0018956979281897005,0.0037425097690597093,-0.002317718036233107,0.004143207048023253,-0.002337854126738855,0.002524817113089713,-0.0016698275102586151,0.001490438636015534,-0.001320734127929636,0.001078985844732387,-0.0011137148681697137,0.0015028597237902363,-0.0012323333266572726,6.130275662323137e-5,-0.0007826088120198387,-0.00024557674614695543,-0.0006842529962802344,0.0014933168275303751,-0.0014814149517416338,0.002341688312332164,-0.0019909787869413957,0.002416706547003957,-0.00221155234023301,0.0018610773644827728,-0.0014706170918566664,-0.003487952446253549,-0.0011763485413411974,0.003814064185139204,-0.0026580703127039493,0.006510667929935548,-0.003094354923335177,0.0017478166394447818,-0.0014484340298882164,-0.0008774093208964909,-0.0004873813474287131,-0.0003428156897626475,-0.000849390605447742
47.0,0.003811204600668688,-0.00028568046577501845,0.008185566898864786,-0.0005437376225935718,0.010956754933561215,-0.0025532276056645983,0.01034964622312225,-0.001287412356276288,0.008797899583670306,0.00026455234895288117,0.008559828543790199,0.0005314260763449836,0.008417687805361949,0.0005396740927396583,0.008269276674362735,0.0005006402761345626,0.004055962175613519,0.00010067993451705116,0.008746252920479822,0.0003160481132310093,0.008715961536141584,0.0003717009121589855,0.009260464422250918,0.00011123715172565207,0.009389212579384432,-0.00046679497752386993,0.010930229920058276,-0.002433973016396566,0.015124091173827736,-0.008565000589394732,0.01660167125283853,-0.011686094710387635,0.014252816608400887,-0.007851128623408343,0.013051971928812576,-0.005734156142302986,0.015772698679428383,-0.006713454885017997,0.013268069549447873,-0.0028909949580080215,0.018567858689236254,-0.0072013141957997726,0.0202003728763617,-0.0032022607274166644,0.03165256333805318,-0.07078254840494556,0.018649481457749143,-0.01987564423791265,0.008658954510741739,-0.0011635326517069327,0.01014893575103628,-0.0026043404667705334,0.01216949321328849,-0.004805963775937944,0.00761191627345702,-0.0002298660567109349,0.0066298520075084915,0.0003562423917035388,0.005012846699554999,0.001990440934267339,0.0053356976464604255,0.003016151155487051,0.004803721942705986,0.003601667766435973,0.01561409465300453,-0.0059867443592253045,0.010482848420929228,6.090629049126224e-5,-0.002733753314537825,0.10284983599553557,0.0868056608968219,-0.3029216424776552,0.008614383441991285,-0.0009594808347228118,0.004197151847668333,0.001441763331944108,0.0010847123442648565,-0.00024066863043685884
48.0,0.003811204600668688,-0.00028568046577501845,0.008185566898864786,-0.0005437376225935718,0.010956754933561215,-0.0025532276056645983,0.01034964622312225,-0.001287412356276288,0.008797899583670306,0.00026455234895288117,0.008559828543790199,0.0005314260763449836,0.008417687805361949,0.0005396740927396583,0.008269276674362735,0.0005006402761345626,0.004055962175613519,0.00010067993451705116,0.008746252920479822,0.0003160481132310093,0.008715961536141584,0.0003717009121589855,0.009260464422250918,0.00011123715172565207,0.009389212579384432,-0.00046679497752386993,0.010930229920058276,-0.002433973016396566,0.015124091173827736,-0.008565000589394732,0.01660167125283853,-0.011686094710387635,0.014252816608400887,-0.007851128623408343,0.013051971928812576,-0.005734156142302986,0.015772698679428383,-0.006713454885017997,0.013268069549447873,-0.0028909949580080215,0.018567858689236254,-0.0072013141957997726,0.0202003728763617,-0.0032022607274166644,0.03165256333805318,-0.07078254840494556,0.018649481457749143,-0.01987564423791265,0.008658954510741739,-0.0011635326517069327,0.01014893575103628,-0.0026043404667705334,0.01216949321328849,-0.004805963775937944,0.00761191627345702,-0.0002298660567109349,0.0066298520075084915,0.0003562423917035388,0.005012846699554999,0.001990440934267339,0.0053356976464604255,0.003016151155487051,0.004803721942705986,0.003601667766435973,0.01561409465300453,-0.0059867443592253045,0.010482848420929228,6.090629049126224e-5,-0.002733753314537825,0.10284983599553557,0.0868056608968219,-0.3029216424776552,0.008614383441991285,-0.0009594808347228118,0.004197151847668333,0.001441763331944108,0.0010847123442648565,-0.00024066863043685884
49.0,-0.0012599458643157578,-0.0009871685001018107,-0.0014728765905026866,-0.000528952571785097,-0.0024047425223142965,-0.0003705353557864621,-0.003102336776094521,-0.0002961168533258444,-0.003166034180853202,-0.00030898987163348275,-0.0031781457357503086,-0.00028013316546290673,-0.0031397872216734086,-0.00039760794349140774,-0.003091851188105436,-0.00044172633992013623,-0.001936409372333587,-0.0009369729556121472,-0.0033309641305754676,-8.50400502057213e-5,-0.0032845033164522154,-0.00015432637832341528,-0.003376912814292753,-0.00018894760930986883,-0.003312588278676581,-0.00011082489487677076,-0.0032538801551726566,-0.0001540527582230983,-0.0033535366128388954,-2.356311175482463e-6,-0.0032977090504027057,0.00011533165241103067,-0.002683161408582039,-9.844385615857838e-5,-0.002594886384168677,-0.00021480367418809756,-0.0035379408106619645,0.000900770625232216,-0.004552068111449682,0.000803177401201737,-0.0036316411894733816,0.00019911376460989138,-0.0038687855700930947,0.00038399407631368353,-0.003982891003792136,0.0003507133126787356,-0.0034096895615114177,9.913339026541401e-5,-0.0012233266704059465,-0.0005885572845817276,-0.0007322629394698403,-0.00039373425483696915,-0.001662361145268688,-0.0002668434709614418,0.0011795200239567256,-0.0004149639892309344,0.0017705209340443887,-0.00045270518654980785,-0.0007684359965857593,-0.0005950093430804655,-0.0027661575835816275,-4.892992101601441e-5,-0.003471397209119439,0.00035998292661312934,-0.002243798507835115,0.001493836163303284,-0.005903371885502278,0.0012712983043704639,-0.0038500392567501454,0.0006136411926471771,-0.004607744707511846,0.000643449929304099,-0.0009701737030347156,-0.0004821276083189221,0.002933333903725395,-0.0005101650196419242,-0.0010948934837501222,-0.0012420540110670197
50.0,-0.0012599458643157578,-0.0009871685001018107,-0.0014728765905026866,-0.000528952571785097,-0.0024047425223142965,-0.0003705353557864621,-0.003102336776094521,-0.0002961168533258444,-0.003166034180853202,-0.00030898987163348275,-0.0031781457357503086,-0.00028013316546290673,-0.0031397872216734086,-0.00039760794349140774,-0.003091851188105436,-0.00044172633992013623,-0.001936409372333587,-0.0009369729556121472,-0.0033309641305754676,-8.50400502057213e-5,-0.0032845033164522154,-0.00015432637832341528,-0.003376912814292753,-0.00018894760930986883,-0.003312588278676581,-0.00011082489487677076,-0.0032538801551726566,-0.0001540527582230983,-0.0033535366128388954,-2.356311175482463e-6,-0.0032977090504027057,0.00011533165241103067,-0.002683161408582039,-9.844385615857838e-5,-0.002594886384168677,-0.00021480367418809756,-0.0035379408106619645,0.000900770625232216,-0.004552068111449682,0.000803177401201737,-0.0036316411894733816,0.00019911376460989138,-0.0038687855700930947,0.00038399407631368353,-0.003982891003792136,0.0003507133126787356,-0.0034096895615114177,9.913339026541401e-5,-0.0012233266704059465,-0.0005885572845817276,-0.0007322629394698403,-0.00039373425483696915,-0.001662361145268688,-0.0002668434709614418,0.0011795200239567256,-0.0004149639892309344,0.0017705209340443887,-0.00045270518654980785,-0.0007684359965857593,-0.0005950093430804655,-0.0027661575835816275,-4.892992101601441e-5,-0.003471397209119439,0.00035998292661312934,-0.002243798507835115,0.001493836163303284,-0.005903371885502278,0.0012712983043704639,-0.0038500392567501454,0.0006136411926471771,-0.004607744707511846,0.000643449929304099,-0.0009701737030347156,-0.0004821276083189221,0.002933333903725395,-0.0005101650196419242,-0.0010948934837501222,-0.0012420540110670197
51.0,0.036201639117573375,-0.006136863453354315,0.01602308459856056,0.0015671801103103059,0.01697884874213948,0.002730771829259336,0.021901378563970918,0.0014304670994389154,0.025317862521302557,-6.0360203877410185e-5,0.02518258772441278,-0.0002555671191628066,0.027394563211786325,-0.00029680982182125627,0.02826210763204863,-0.0005031617614037417,0.04036349371713037,-0.006408718633260798,0.02276210941476458,-0.00023325806452147773,0.023579147529078887,-0.0002023890059969223,0.02333017025793557,0.00044740950066659587,0.022027995391309757,0.000300595959859862,0.0199998232350992,0.0015300248746600482,0.012281380605560667,0.004378744853716519,0.008521295746242923,0.005574326105481578,0.0109731263834579,0.004895671060585133,0.013370122515107863,0.004116019908956647,0.0014332394036293032,0.007318414058379338,-0.0031132374390023883,0.007854027679990652,0.005884021694060377,0.0061160833678665346,0.002802063906300977,0.006669049491375032,0.0014803932911744365,0.006890997349393405,0.0076208550851515865,0.0058512353009217396,0.014755046036930177,0.0030789940797687813,0.009817336414735818,0.0052757809786999985,0.010615294999030635,0.005164898336341731,0.004377742705934696,0.006784807341222865,0.0023801485635753118,0.007226789659019009,0.008330141810292296,0.0020534985822534056,0.020532947531752714,-0.0020209050920657603,0.021087535031556828,-0.0030420658389847055,0.0004221915663711499,0.0070186008271164255,-0.009602188155514314,0.009866189977388052,0.001506692674823606,0.0066661744987509776,-0.007513960761422169,0.008051499914034182,0.013302394509194182,0.0020570459764220734,-0.00205125905339896,0.007924967156896832,0.04798781138330441,-0.01011749323978686
52.0,0.036201639117573375,-0.006136863453354315,0.01602308459856056,0.0015671801103103059,0.01697884874213948,0.002730771829259336,0.021901378563970918,0.0014304670994389154,0.025317862521302557,-6.0360203877410185e-5,0.02518258772441278,-0.0002555671191628066,0.027394563211786325,-0.00029680982182125627,0.02826210763204863,-0.0005031617614037417,0.04036349371713037,-0.006408718633260798,0.02276210941476458,-0.00023325806452147773,0.023579147529078887,-0.0002023890059969223,0.02333017025793557,0.00044740950066659587,0.022027995391309757,0.000300595959859862,0.0199998232350992,0.0015300248746600482,0.012281380605560667,0.004378744853716519,0.008521295746242923,0.005574326105481578,0.0109731263834579,0.004895671060585133,0.013370122515107863,0.004116019908956647,0.0014332394036293032,0.007318414058379338,-0.0031132374390023883,0.007854027679990652,0.005884021694060377,0.0061160833678665346,0.002802063906300977,0.006669049491375032,0.0014803932911744365,0.006890997349393405,0.0076208550851515865,0.0058512353009217396,0.014755046036930177,0.0030789940797687813,0.009817336414735818,0.0052757809786999985,0.010615294999030635,0.005164898336341731,0.004377742705934696,0.006784807341222865,0.0023801485635753118,0.007226789659019009,0.008330141810292296,0.0020534985822534056,0.020532947531752714,-0.0020209050920657603,0.021087535031556828,-0.0030420658389847055,0.0004221915663711499,0.0070186008271164255,-0.009602188155514314,0.009866189977388052,0.001506692674823606,0.0066661744987509776,-0.007513960761422169,0.008051499914034182,0.013302394509194182,0.0020570459764220734,-0.00205125905339896,0.007924967156896832,0.04798781138330441,-0.01011749323978686
53.0,0.0031591746332970566,0.0014057328183754833,0.004096359756671855,0.001125556487396202,0.005916629900135881,0.0007869887110875579,0.006924611334939741,0.0005098720167218258,0.00690845514489513,0.00044723269714779564,0.006905087079738337,0.00038628606206911483,0.006835244991015875,0.0005889956374580968,0.006738787340670604,0.000656146547257286,0.004298370225937207,0.0012073105354767396,0.007128743830876685,3.9785616715273284e-5,0.007064820102958826,0.00016457606895987632,0.007262458619917969,0.0002559195175567204,0.00712821780702814,0.00010169094309975204,0.0070945757384816175,0.00021327987140385262,0.007244539875626163,-5.03139041903999e-5,0.00709684110453743,-0.00027773315828187107,0.006655483998894448,0.0002538797213531749,0.006417673545779067,0.0004885537674317039,0.006230611004875617,-0.0018418775373387208,0.006788003193018255,-0.0015265722925388134,0.007567689943440417,-0.0005380935444741679,0.007831968273593209,-0.0010157849243144167,0.008074761354604389,-0.0010332618640916064,0.0072653273736254485,-0.0002804048608698786,0.004050750789081627,0.0010002278692753492,0.005707870550359797,0.0011305074933801106,0.006266579067468214,0.00079563277693969,0.005775991845473609,0.001686182473829566,0.005620819388076633,0.0017478826164406738,0.002056525576476826,0.0014293924867008626,0.005918599331829186,-9.593494710992665e-5,0.00705494418923905,-0.0008544640031897347,0.0042304273326063775,-0.0031744192053693955,0.007652542386872316,-0.0020573675256382283,0.007548980309647808,-0.001466962975295148,0.009137179713267347,-0.0020742652862771782,0.0026405187154080983,0.000383006357896863,0.005002628694231387,0.0017797086932153459,0.002525419585423693,0.0015267803101766666
54.0,0.0031591746332970566,0.0014057328183754833,0.004096359756671855,0.001125556487396202,0.005916629900135881,0.0007869887110875579,0.006924611334939741,0.0005098720167218258,0.00690845514489513,0.00044723269714779564,0.006905087079738337,0.00038628606206911483,0.006835244991015875,0.0005889956374580968,0.006738787340670604,0.000656146547257286,0.004298370225937207,0.0012073105354767396,0.007128743830876685,3.9785616715273284e-5,0.007064820102958826,0.00016457606895987632,0.007262458619917969,0.0002559195175567204,0.00712821780702814,0.00010169094309975204,0.0070945757384816175,0.00021327987140385262,0.007244539875626163,-5.03139041903999e-5,0.00709684110453743,-0.00027773315828187107,0.006655483998894448,0.0002538797213531749,0.006417673545779067,0.0004885537674317039,0.006230611004875617,-0.0018418775373387208,0.006788003193018255,-0.0015265722925388134,0.007567689943440417,-0.0005380935444741679,0.007831968273593209,-0.0010157849243144167,0.008074761354604389,-0.0010332618640916064,0.0072653273736254485,-0.0002804048608698786,0.004050750789081627,0.0010002278692753492,0.005707870550359797,0.0011305074933801106,0.006266579067468214,0.00079563277693969,0.005775991845473609,0.001686182473829566,0.005620819388076633,0.0017478826164406738,0.002056525576476826,0.0014293924867008626,0.005918599331829186,-9.593494710992665e-5,0.00705494418923905,-0.0008544640031897347,0.0042304273326063775,-0.0031744192053693955,0.007652542386872316,-0.0020573675256382283,0.007548980309647808,-0.001466962975295148,0.009137179713267347,-0.0020742652862771782,0.0026405187154080983,0.000383006357896863,0.005002628694231387,0.0017797086932153459,0.002525419585423693,0.0015267803101766666
55.0,-0.019096050321145436,-0.014900262847046602,-0.04163269686701203,-0.008653157037872382,-0.03537067026588743,-0.010314790470040403,-0.02341967861467538,-0.013724006254517186,-0.0165534952492769,-0.015710336192134668,-0.015236457902961116,-0.015991890697809315,-0.01577229316766567,-0.01595769445580446,-0.015807211391061674,-0.015969539803687975,-0.009484071719952275,-0.017321441262798686,-0.014176094649897381,-0.01561992776851809,-0.014632367559515056,-0.0157245810167609,-0.016067905076131705,-0.015490821044662574,-0.0162536667963782,-0.015021546306353674,-0.021176389101246862,-0.013527592302102558,-0.02781774954296111,-0.010045656287050697,-0.02970532140111448,-0.008316073334998026,-0.03303821637708674,-0.007460759651372134,-0.034194794902406796,-0.008684124429964577,-0.04489347651331774,-0.0008218201757330504,-0.025927244403627984,-0.005074966663573438,-0.021051123169258588,-0.009659554016458724,-0.01115706896524585,-0.010724963483077402,-0.011613930734082322,-0.010561630407312138,-0.027338397778066664,-0.008987113878929538,-0.06518636128559224,0.01779001555942679,-0.038825734092310125,0.0013281157942363001,-0.03693818631921258,-0.003192388158280488,-0.02080806042165404,-0.002701486943133322,-0.014511564960425676,-0.003553743422959228,0.00015007259515714658,-0.014480599580642541,-0.002418542084963147,-0.016757018306698675,-0.0004978452664189193,-0.015846786815774953,-0.0709112016175251,0.009108857334652054,-0.0018704361135769851,-0.008228632961257658,0.0002500201114938062,-0.011155506411592324,0.00037427686069967016,-0.010486890735347388,-0.15662511556026618,0.04497177078906546,-0.0005227550689995684,-0.004708406339135195,-0.0049130036651721465,-0.017815114792742233
56.0,0.003375761776725443,0.006986667467938981,0.006656450912368226,0.01978292820480605,0.006955426008628856,0.001983034016448688,0.008530165465355385,-0.023066139834346192,0.013588203262646401,-0.05330122248923526,0.01475367106616987,-0.060011764646155416,0.012980647257005885,-0.052776804860322116,0.012367985519847803,-0.04962908148636795,0.006366066654485395,-0.020995448870262202,0.00029117417682483055,0.004064037964142122,0.005071951685755241,-0.017443404788778295,0.0032749221394856908,-0.008751511519974468,0.0016345045032981928,-0.0003532265452991496,0.004551106790758331,-0.008750834996101863,0.004696298443200385,-0.002426590772883607,0.004694971842778223,0.00018424399215548443,0.00536501989165182,0.0017111683419469635,0.006020149552660217,0.0018364205994279327,0.004479233623412203,0.0006996338154247426,0.004094294966026976,0.00103739909025926,0.004028071513530921,0.0007063937033061134,0.003189839625108192,0.0011594449572178635,0.003224942364403812,0.0008896823775340569,0.004505914289351022,0.0003477144054585405,0.004625317707310769,0.016901010682823767,0.004905770933502934,0.006673982509003165,0.0052505578789884405,0.0043982633163906215,0.004249551769523,0.0026939305094300816,0.003872976218863052,0.0013532865096324614,0.004766107261124515,0.05252022884859468,0.06943584642986142,-0.24181501569307476,-0.04184392655400526,0.12889473230277115,0.004132089237179927,0.0006560515115357418,0.003511019402101491,0.0011538511685514456,0.002120938571877605,0.001957157416749197,0.0021637955368472538,0.0003562869396264065,0.0032435650407789366,0.016590105037439244,0.003028116472359667,-0.0015708332562184703,0.0016705989210285853,-0.0009807703401871293
57.0,0.003375761776725443,0.006986667467938981,0.006656450912368226,0.01978292820480605,0.006955426008628856,0.001983034016448688,0.008530165465355385,-0.023066139834346192,0.013588203262646401,-0.05330122248923526,0.01475367106616987,-0.060011764646155416,0.012980647257005885,-0.052776804860322116,0.012367985519847803,-0.04962908148636795,0.006366066654485395,-0.020995448870262202,0.00029117417682483055,0.004064037964142122,0.005071951685755241,-0.017443404788778295,0.0032749221394856908,-0.008751511519974468,0.0016345045032981928,-0.0003532265452991496,0.004551106790758331,-0.008750834996101863,0.004696298443200385,-0.002426590772883607,0.004694971842778223,0.00018424399215548443,0.00536501989165182,0.0017111683419469635,0.006020149552660217,0.0018364205994279327,0.004479233623412203,0.0006996338154247426,0.004094294966026976,0.00103739909025926,0.004028071513530921,0.0007063937033061134,0.003189839625108192,0.0011594449572178635,0.003224942364403812,0.0008896823775340569,0.004505914289351022,0.0003477144054585405,0.004625317707310769,0.016901010682823767,0.004905770933502934,0.006673982509003165,0.0052505578789884405,0.0043982633163906215,0.004249551769523,0.0026939305094300816,0.003872976218863052,0.0013532865096324614,0.004766107261124515,0.05252022884859468,0.06943584642986142,-0.24181501569307476,-0.04184392655400526,0.12889473230277115,0.004132089237179927,0.0006560515115357418,0.003511019402101491,0.0011538511685514456,0.002120938571877605,0.001957157416749197,0.0021637955368472538,0.0003562869396264065,0.0032435650407789366,0.016590105037439244,0.003028116472359667,-0.0015708332562184703,0.0016705989210285853,-0.0009807703401871293
58.0,0.009126164868569627,0.02065716226888598,0.014399980738140717,0.01937293851349913,0.004553626526490977,0.021546820834307517,0.0011076143565444336,0.022929453492808755,0.001955974935404921,0.023132156573062102,0.0018997844225228351,0.023202455147888296,0.0026459639255478687,0.022593800869874236,0.002856487961957199,0.02244474032026338,0.004608201909258655,0.021779844058632182,0.0002537148203861844,0.023788806421964497,0.0008028310447584841,0.023578216160254843,0.0005520291293753116,0.023504808911013274,-0.0005351989745737656,0.023897095143274275,-0.0026362168529606815,0.024251535919287068,-0.013407425579702254,0.027163620037455927,-0.018099292026984053,0.02934931639397635,-0.008203109307207862,0.025324655606141045,-0.003234028388755781,0.0237485324697867,-0.06531435814402603,0.0473687856719146,-0.03436455960018946,0.03750822119171754,-0.01217315312444354,0.028426286044612236,-0.006388878008082709,0.028489788005021756,-0.006586457966688748,0.028336234118914373,-0.016087101365820634,0.028930901752079984,0.024725282676491336,0.007851765745792633,0.007430448970787229,0.017061604509226894,0.0005791031336037032,0.020654734001893323,0.005159945056507763,0.017609771815724706,0.0038953229909499637,0.017814833744260197,0.0029845444710792247,0.020755133345685038,0.002335271885840486,0.021967953403899915,0.0013729391448142943,0.02281024072323698,-0.12635945777610663,0.06437521176704002,1.2429699647890195e-5,0.03382837555041689,0.0001059340229559143,0.02836632890265849,-0.00101592796966471,0.02885833313942119,0.06863814494696274,-0.004974147147691162,0.0008126083195528937,0.017939745096610865,0.005715247041763606,0.02092405240570326
59.0,0.007953569925092361,-0.008462017658217415,0.011414966914925604,-0.02260709355174534,0.017376169971184408,-0.02674135680705467,0.030927143596715896,-0.07734027107947998,0.037648764609961215,-0.10917545066069194,0.0394653095198301,-0.11738859438402757,0.035895662104998144,-0.10451453038031194,0.03454761559195336,-0.09906744970787269,0.017983626343588414,-0.0405907153633295,0.04462650676516992,-0.1341870140852134,0.0427682508187184,-0.12793143793972475,0.040753369436054225,-0.12100292610719002,0.04110526748699236,-0.11797761514495463,0.032818156654668085,-0.07927092119757771,0.017439435210823497,0.0010205056584666695,0.010685999126756754,0.03567979017428145,0.012899647327879467,0.014717265812748646,0.01466990564096943,-0.0010193350266757895,0.010884559578686451,0.02528689825818313,0.012576604755009666,0.015206235502267858,-3.813590377382579e-5,0.08841211879444164,-0.013593930405187664,0.1452234114411713,-0.014254478528680746,0.1437289562933015,0.007703958345731954,0.05122658117237021,0.014696396876674624,-0.01733637192065031,0.01269699674757438,0.0004005522841609136,0.013203757120644654,0.007059898595079665,0.009829953887349707,0.0024689291729422607,0.008625672289159232,0.0029302488998060004,0.006715398126623669,-0.03392038610707966,0.05573928825206877,-0.17754883235838695,0.0784910866428959,-0.23357326840910972,0.008152155959142126,0.024484109285936386,0.013079128406092405,0.0033220308456128776,-0.029889867119710607,0.20202504147169315,-0.043392331259926725,0.21496715512231146,0.015537533077033719,-0.01748478763787851,0.005614001252983912,0.003686308978549751,0.00533248995816935,0.0001737967039977821
60.0,0.007953569925092361,-0.008462017658217415,0.011414966914925604,-0.02260709355174534,0.017376169971184408,-0.02674135680705467,0.030927143596715896,-0.07734027107947998,0.037648764609961215,-0.10917545066069194,0.0394653095198301,-0.11738859438402757,0.035895662104998144,-0.10451453038031194,0.03454761559195336,-0.09906744970787269,0.017983626343588414,-0.0405907153633295,0.04462650676516992,-0.1341870140852134,0.0427682508187184,-0.12793143793972475,0.040753369436054225,-0.12100292610719002,0.04110526748699236,-0.11797761514495463,0.032818156654668085,-0.07927092119757771,0.017439435210823497,0.0010205056584666695,0.010685999126756754,0.03567979017428145,0.012899647327879467,0.014717265812748646,0.01466990564096943,-0.0010193350266757895,0.010884559578686451,0.02528689825818313,0.012576604755009666,0.015206235502267858,-3.813590377382579e-5,0.08841211879444164,-0.013593930405187664,0.1452234114411713,-0.014254478528680746,0.1437289562933015,0.007703958345731954,0.05122658117237021,0.014696396876674624,-0.01733637192065031,0.01269699674757438,0.0004005522841609136,0.013203757120644654,0.007059898595079665,0.009829953887349707,0.0024689291729422607,0.008625672289159232,0.0029302488998060004,0.006715398126623669,-0.03392038610707966,0.05573928825206877,-0.17754883235838695,0.0784910866428959,-0.23357326840910972,0.008152155959142126,0.024484109285936386,0.013079128406092405,0.0033220308456128776,-0.029889867119710607,0.20202504147169315,-0.043392331259926725,0.21496715512231146,0.015537533077033719,-0.01748478763787851,0.005614001252983912,0.003686308978549751,0.00533248995816935,0.0001737967039977821
61.0,0.0018214933315377339,-0.01605686697343089,-0.0029179818433798586,-0.0493734892520388,-0.0014689319673694351,-0.061638019686824794,0.006886553336845294,-0.08922850336479307,0.012043808096864074,-0.10124518235003106,0.013409938979260265,-0.10558845329301776,0.010995795867016692,-0.0951151193295199,0.010364253669110876,-0.09066317751035223,0.007051541714160634,-0.03462242774641199,0.016854327481217516,-0.11823315889724263,0.015557177064877713,-0.11370741766189199,0.013398887463154848,-0.11137410066923903,0.014491539585193662,-0.11180055882896937,0.00913903617260197,-0.09684634382769719,0.000967636389749494,-0.07699843969504622,-0.0012771174729702725,-0.07022686492079816,-0.0022894358164239075,-0.05789216143004957,-0.0023072033461900843,-0.059058801226659595,-0.013509815084817675,-0.006466545916756556,-0.024274690416012826,0.04063500568311785,0.005798757773833284,-0.10240958012959271,0.015712616111242656,-0.13841094000194712,0.016014414334106913,-0.13790489374250856,0.00016243939826784045,-0.07979419831667314,0.001622396756592584,-0.03973309324708996,-0.0046084869863305625,-0.009123252771515745,-0.004294003552604974,-0.03117614731120227,-0.009207941846383938,0.048786626792845865,-0.011579269935280348,0.06784662346470544,-0.0024341049990883896,-0.06527528049798892,0.026456744269718162,-0.13464474775949087,0.03881339941340028,-0.16270297033611306,-0.011672501077804208,-0.005315399885219556,-0.04205933796947097,0.10696718048845748,0.027360190261940618,-0.1723642257291883,0.037954178993462345,-0.185478088617558,0.00435881741370689,-0.03943693924163593,-0.018907432729814815,0.1074942419317097,0.003763457501660596,0.004552684404860693
62.0,0.0018214933315377339,-0.01605686697343089,-0.0029179818433798586,-0.0493734892520388,-0.0014689319673694351,-0.061638019686824794,0.006886553336845294,-0.08922850336479307,0.012043808096864074,-0.10124518235003106,0.013409938979260265,-0.10558845329301776,0.010995795867016692,-0.0951151193295199,0.010364253669110876,-0.09066317751035223,0.007051541714160634,-0.03462242774641199,0.016854327481217516,-0.11823315889724263,0.015557177064877713,-0.11370741766189199,0.013398887463154848,-0.11137410066923903,0.014491539585193662,-0.11180055882896937,0.00913903617260197,-0.09684634382769719,0.000967636389749494,-0.07699843969504622,-0.0012771174729702725,-0.07022686492079816,-0.0022894358164239075,-0.05789216143004957,-0.0023072033461900843,-0.059058801226659595,-0.013509815084817675,-0.006466545916756556,-0.024274690416012826,0.04063500568311785,0.005798757773833284,-0.10240958012959271,0.015712616111242656,-0.13841094000194712,0.016014414334106913,-0.13790489374250856,0.00016243939826784045,-0.07979419831667314,0.001622396756592584,-0.03973309324708996,-0.0046084869863305625,-0.009123252771515745,-0.004294003552604974,-0.03117614731120227,-0.009207941846383938,0.048786626792845865,-0.011579269935280348,0.06784662346470544,-0.0024341049990883896,-0.06527528049798892,0.026456744269718162,-0.13464474775949087,0.03881339941340028,-0.16270297033611306,-0.011672501077804208,-0.005315399885219556,-0.04205933796947097,0.10696718048845748,0.027360190261940618,-0.1723642257291883,0.037954178993462345,-0.185478088617558,0.00435881741370689,-0.03943693924163593,-0.018907432729814815,0.1074942419317097,0.003763457501660596,0.004552684404860693
63.0,-0.13374362691161495,-0.17217170173206978,-0.05456047048975556,-0.1982888245727716,-0.07131196797516608,-0.19386489463004006,-0.08261532601028215,-0.1959541409009921,-0.08714378748929202,-0.19774888778503805,-0.0840774782176389,-0.19853858183971546,-0.09731649554619634,-0.19317902571676476,-0.10189126724973654,-0.19131780822763136,-0.1497534320918218,-0.1715693428354206,-0.06927964829994714,-0.20122737813448735,-0.07457893747189363,-0.20020975725455903,-0.07796274874488843,-0.19963733242558407,-0.07098311309309593,-0.20048932437400221,-0.07338882019879678,-0.19908571428646776,-0.06248246819966996,-0.20028496698190598,-0.052763092508914394,-0.20475913469638277,-0.059520247078977045,-0.20257225251301328,-0.06548710010799823,-0.19865781168173455,-0.015375761599957877,-0.21788108270231435,-0.027668794339780853,-0.20220560201408733,-0.045619871009283594,-0.2052440336145603,-0.0313835472251677,-0.20955509838260497,-0.03141057962417572,-0.20815338700626174,-0.05287396552022902,-0.20555938917608135,-0.03484877276115287,-0.21972693700015256,-0.05249822581440181,-0.2119133086284589,-0.05962469366802997,-0.20548485423872118,-0.04823768003868705,-0.21284904910375302,-0.04067066039588139,-0.2138159465344652,-0.043514888101727614,-0.19674589196975475,-0.041659549689597626,-0.19139553016086497,-0.029281506773964492,-0.19319749418898424,0.028753426741145116,-0.21582714659810873,-0.021374127418284487,-0.20603190944686128,-0.015228799515459754,-0.20954573814752808,-0.002268456874317057,-0.20931831865162193,0.050932996347192394,-0.23326542559295702,-0.02003551914327006,-0.21275085367992663,-0.17989026477873618,-0.15548446909518818
64.0,0.008783967226399785,0.003102549800014708,-0.01729328227387643,0.012890746979163783,-0.008251122788341989,0.005889112321760205,0.00021973635579354266,0.002698298314552766,0.004400358096294237,0.0016381392371200318,0.004701991856144252,0.0014853583603564896,0.006035228910246142,0.0013849739601355362,0.00664037518997839,0.0012961450020388173,0.01751992069563919,-0.0008778057498596663,0.0032385138819010667,0.0015007094184723972,0.0037134943189440794,0.0015007082229367226,0.0032695504639987847,0.0016000479207863836,0.0026249078048776312,0.0016194544369751234,0.0010345801798718418,0.0019052770811051711,-0.0010482480488711568,0.0011204950923979836,-0.0019427928288479424,0.0008348669265531248,-0.0032137756565456515,0.000608730221033627,-0.0051512155646340025,0.0025874310360771828,0.0013901267354001717,-6.631508077910338e-5,0.001757906760117505,-0.00011875107738330366,-0.002891938812011498,0.001201112558411942,-0.003817260215526871,0.0016828392797915016,-0.004043489475098084,0.0017025938333607678,-0.002242973434768144,0.0009228109117605164,0.011605329332117354,-0.019308646112216818,-3.8981315147999526e-5,-0.007967581212991787,-0.001539677322574719,-0.003973134194230259,-0.006099136985166736,-0.006090732149378557,-0.007739142821864606,-0.005402466661558052,-0.11202454855858472,0.03468526659033222,0.006345734342375087,0.0004379021469903804,0.0037600829962140363,0.0008779297845313942,0.0034450458869031034,-0.0006197792459373309,0.002229758507899696,-0.0003866120030895301,-0.004360222070648392,0.002075344770126635,-0.006032382310992996,0.002537701282499679,0.11204412481857041,-0.04419662158520622,-0.01080809639646246,-0.003908005796328824,0.02469109831880236,-0.0021672859454394573
65.0,0.016623962122973106,-6.045733469745599e-5,-0.0023211325610886283,0.007314186957736199,0.007869322482996294,0.002582232533608391,0.02672624774340026,-0.003737725859909224,0.03579797327035803,-0.007188037955288256,0.03721642240706509,-0.008065765629638745,0.03707398828977665,-0.006709154732372382,0.03673033610503266,-0.006297283774557108,0.031943931127823455,-0.00496330117017582,0.03507431218740095,-0.008790507789386295,0.03576393128396334,-0.008471056541507604,0.03499949725778821,-0.007378903844239276,0.03293313106004516,-0.007647838537996165,0.027419373197829066,-0.005021538449828117,0.016469177168063807,-0.001587507101194524,0.011282673147972011,-0.00032906620728536144,0.0022794678678911694,0.0024304022434300013,0.004453574441224197,0.0024962197498160834,-0.00699581116803333,0.004671859632579792,-0.008686497859268097,0.004636807051205102,0.021991677254041164,-0.003993807439220948,0.03251530608302259,-0.008436252997470757,0.03490295534678004,-0.008723189127463718,0.014743388725705919,-0.0012901725000287868,0.010665190116585174,-0.006877215188358242,-0.03806107554471182,0.01293937257956426,-0.019829011962291653,0.00753507445594789,-0.10238800835919143,0.03539873337447616,-0.12128187424642428,0.04517448826974399,-0.05577715527927531,0.019042825703632162,0.05057957063668481,-0.015684081245837044,0.04055817596831318,-0.014749647491317604,-0.018685898297155425,0.007542300738476857,-0.011293424553808478,0.006120702233513507,0.039205444784158994,-0.01200218204623722,0.05659072701162649,-0.016432135124384475,0.0876000298403383,-0.026244271702003864,-0.15672760977776698,0.06565992849586066,0.02800386204002431,-0.003999342091136406
66.0,-0.01283238895128431,-0.004645525144195641,0.006401906163523016,-0.010037134193104017,0.025207161417397282,-0.01338834245992252,0.05811842552643356,-0.02453564321722456,0.07473838757622274,-0.031965611560241664,0.07901133448898301,-0.03429313283259098,0.072631365304518,-0.029557787201901786,0.06902260095474784,-0.0277747467351167,0.01397555470891299,-0.01202537384797132,0.07738842421715474,-0.036285724379610945,0.07783680265978817,-0.035418066546514304,0.0760434887256744,-0.03269545289093921,0.0719970247597681,-0.03327373908882002,0.05837993688597974,-0.026337925234780308,0.029013066025556526,-0.014439104245271506,0.015723063326622422,-0.0099123008743425,0.01671628115788852,-0.009427894413320374,0.02002356081661181,-0.010790335294099628,-0.010931256572985734,-0.0028117581068327186,-0.015135070194842577,-0.0019327261789515008,0.014572109884817736,-0.010245543400680679,0.01318892405678568,-0.011220065160197561,0.012619281157386922,-0.011011643391692255,0.01519866300974987,-0.009837399934299116,-0.007395455559079452,0.0054356362994888285,0.0069809882870086075,-0.002731908459652143,0.01156105221914834,-0.005624386618249594,0.009948813487691765,-0.004018418817990192,0.010753091351513337,-0.0046855513572072564,0.02596438693356058,-0.014764153659702012,0.12837497546552673,-0.055126902741685566,0.0983746871434592,-0.05072887654981052,-0.026073760957469574,0.001478994808051266,-0.0201700329279608,0.0005200436184363289,0.012325457755192358,-0.012272421877717576,0.009102294043779578,-0.012472047812556121,-0.061805082111796965,0.019108891155221627,0.012061919549417523,-0.006132440276683221,-0.024398703041540636,-0.0018281817694110445
67.0,-0.01283238895128431,-0.004645525144195641,0.006401906163523016,-0.010037134193104017,0.025207161417397282,-0.01338834245992252,0.05811842552643356,-0.02453564321722456,0.07473838757622274,-0.031965611560241664,0.07901133448898301,-0.03429313283259098,0.072631365304518,-0.029557787201901786,0.06902260095474784,-0.0277747467351167,0.01397555470891299,-0.01202537384797132,0.07738842421715474,-0.036285724379610945,0.07783680265978817,-0.035418066546514304,0.0760434887256744,-0.03269545289093921,0.0719970247597681,-0.03327373908882002,0.05837993688597974,-0.026337925234780308,0.029013066025556526,-0.014439104245271506,0.015723063326622422,-0.0099123008743425,0.01671628115788852,-0.009427894413320374,0.02002356081661181,-0.010790335294099628,-0.010931256572985734,-0.0028117581068327186,-0.015135070194842577,-0.0019327261789515008,0.014572109884817736,-0.010245543400680679,0.01318892405678568,-0.011220065160197561,0.012619281157386922,-0.011011643391692255,0.01519866300974987,-0.009837399934299116,-0.007395455559079452,0.0054356362994888285,0.0069809882870086075,-0.002731908459652143,0.01156105221914834,-0.005624386618249594,0.009948813487691765,-0.004018418817990192,0.010753091351513337,-0.0046855513572072564,0.02596438693356058,-0.014764153659702012,0.12837497546552673,-0.055126902741685566,0.0983746871434592,-0.05072887654981052,-0.026073760957469574,0.001478994808051266,-0.0201700329279608,0.0005200436184363289,0.012325457755192358,-0.012272421877717576,0.009102294043779578,-0.012472047812556121,-0.061805082111796965,0.019108891155221627,0.012061919549417523,-0.006132440276683221,-0.024398703041540636,-0.0018281817694110445
68.0,-0.04721137005214777,0.013808111150447838,-0.004419886767299828,0.0002786980667310889,-0.006823125042470555,-0.00020922183283588147,-0.008202077988981395,-0.0004886863184783626,-0.0058857576790170875,-0.0014601860971339945,-0.004045623814127796,-0.0020541254548646303,-0.009184662231338927,-0.0006144666447192274,-0.011657700201150924,0.00021057348112174127,-0.04824539665617362,0.012784846891838128,-0.014055800771021336,0.0017471953712903728,-0.010707366951153086,0.0004417048215390087,-0.012128901144718724,0.0006734629285138781,-0.01303419441007081,0.0013380506688788147,-0.01083506666800818,0.0005509998025003764,-0.010421645504170024,0.0007227174636199201,-0.009947777065655625,0.0009721944160579577,-0.007921330935464297,-0.00016723784587176164,-0.007551988365944089,-0.0002218934848711126,-0.0028034094579856314,-0.0004430679379237445,0.006753768261607448,-0.0023552937878212055,-0.019435499379100538,0.00397769105090204,-0.028771516447567008,0.0076727587220159175,-0.00265203585839104,0.002627901045519103,-0.00892003373467908,0.001091477591098178,0.0021707790299948597,-0.007044007229578872,-0.0018016732934395066,-0.004044166740844655,-0.004715028769116558,-0.0022626248406491184,0.00012852113243263158,-0.004620456723714502,0.0008500619567673393,-0.004846035448751031,0.0020201082351210082,-0.0007727107401491002,0.044067025244178264,-0.013673212660287986,-0.035463309053621064,0.008084493787164028,-0.006790032676096192,0.0006661513313145973,0.018882473376259545,-0.0057474459013984475,-0.07814395608100806,0.01594994627696386,0.07654939505118481,-0.006753646970944278,0.026168839448842674,-0.012892768503130916,0.002406546866955329,-0.005237596424489233,-0.07266489675377732,0.020555062736726686
69.0,-0.10304134989535978,0.03489232917629548,-0.006833300587561642,0.004363823601464077,0.0007420976056915876,-3.202648051943895e-5,0.009010046134896962,-0.0038098978686452686,0.0025022650582991004,-0.0024487837782553225,0.004532706312012877,-0.0032121277635483816,-0.006547422021186776,0.00021865898889045592,-0.012001789587108862,0.002096232993786155,-0.10077326574898168,0.031778595755004725,0.03975408809222414,-0.015380639081088136,0.027871549630433316,-0.011160354183476443,0.031301246217877436,-0.011421932784108982,0.0337331605329247,-0.013000241801859429,0.020123242620372857,-0.007860938789555984,0.009264018798627878,-0.004147023921542754,0.004369903572453718,-0.002719255132589431,0.0031711722514559896,-0.0023395642690699236,0.00225282710133681,-0.001439521801537273,0.0036526700369634907,-0.002963739190519328,-0.0033878592582055563,-0.001333348614664065,0.0011290415702467954,-0.001964207429585008,-0.002217107476012615,-0.0012654495340223963,-0.00020652857616698325,-0.001648980822566867,0.003687667797064793,-0.0025137236292317295,0.003724191526201472,-0.007524630814677569,0.002417746928702024,-0.004592991259844775,0.0027789675847545944,-0.003474297675875766,0.000837248871895716,-0.004233421256831707,0.0004147612933665387,-0.004171269704475776,0.001727710055680321,0.0030446299965539523,-0.0158589374011041,0.0015253772023728271,0.12845748916687819,-0.0387011638064738,0.009954293424165898,-0.0044797597601404044,-0.011992776740561697,0.0008732763621656886,-0.008783738866190324,-0.00030864749885652526,0.0025731437536945247,-0.0019790369204984114,0.03841306580798384,-0.016079937669005284,-0.00044051182410103235,-0.004033336618217553,-0.16033049291224272,0.05006092772242035
70.0,0.01638703690283467,-0.007631409419688049,0.0014457930515373318,-0.002926106283254954,0.003787176816681935,-0.0030141171400103837,0.002939666206896082,-0.0025932277673143887,0.0024113460336670995,-0.002449607960577529,0.001839586052049084,-0.002285076721969365,0.0035332003247026938,-0.0026888630777664496,0.004361561635582044,-0.002951254245453651,0.016908213238193952,-0.00729586439083565,-0.0009997784846156772,-0.0014424846008366777,-2.0729005327032826e-5,-0.001738241069642924,3.161451904795069e-5,-0.0017519090290030672,0.0001430638920550384,-0.0018028001787388274,0.002854977791602399,-0.0026517758745240446,0.008525499538740423,-0.004513654859718071,0.010796006355495246,-0.005592305361004755,0.007680718082117951,-0.004228738802267896,0.006216379426455263,-0.0037136365700583245,0.03435289351284477,-0.01456595911581974,-0.005159010210151099,-0.005375701715582918,0.005553369164819844,-0.004510806162634654,5.82032096010949e-5,-0.003654379238407441,0.0012068089951338852,-0.0038612546552010637,0.009374948446298487,-0.005211859744179042,-0.0019238089433585522,0.0008183476556421406,0.00205441354843718,-0.0014026736397625532,0.004677897629250117,-0.0026300625787749987,0.0006793890957326578,-0.0010645167894113682,0.0002506941661888133,-0.0009798171114977332,-1.736067202551755e-5,-0.0027247321122567166,-0.0023720065001679343,-0.0013545519501137703,-0.011703454272680415,0.0009173165110387265,0.08959192388750453,-0.028584931750487895,-0.05365591140150451,0.005852408392114541,-0.007495550770259107,-0.002781938872136372,-0.0017379223144479289,-0.003705941909997498,-0.015492817577350593,0.0042454833673561225,-0.0006539411215957793,-0.0008235633684204876,0.02527778231638863,-0.009925065352409222
71.0,0.0034091144978619045,0.01103948758807836,0.009029744422182392,0.03335580142897928,0.01048667309324302,0.016892319972654366,0.010497259507812133,0.003980161188033374,0.009794598590070073,-0.0009645074020222133,0.009725272620086356,-0.001887781083790456,0.009409700108399624,-0.0014347185035508772,0.009182166527713448,-0.0012705832932509618,0.004101118239579342,-0.0021759808506746853,0.00997294142567037,-0.003199804788237798,0.00990978023438311,-0.002711959911696913,0.010200244151530393,-0.0021435798184328047,0.010111034076738067,-0.001971731831452636,0.010407106756224966,0.0009539333896847146,0.010669488019378457,0.0021455152338599077,0.01044356050984739,0.0025491795498083373,0.010278372356206053,0.007605393851535278,0.010490002455489372,0.011150046410827985,0.010099730345992153,0.004404334308614784,0.009065229254750602,0.004449265150007896,0.010378649690203369,-0.0025787839312797697,0.010062985950696974,-0.008227313619999264,0.009973140085663315,-0.00918686713381853,0.010451398139297902,0.0010044830450453943,0.0062055371905873295,0.028459725686852854,0.008292998397730572,0.011929120972883374,0.009497734600710187,0.009918810399786624,0.007341832418063781,0.002801276247035735,0.006792075602720072,-0.0002476356834162437,0.0053724354614377,0.0716787235687848,0.008881224791741164,-0.008532498587573012,0.009722806264415174,-0.011486293406377317,0.00958207893632135,0.005235190933145883,0.007318179467693805,0.004113446730712009,0.009837870063223859,-0.012445527857520552,0.009906315702118758,-0.020610958348345938,0.003902780013606186,0.028115102916685362,0.00565029139264143,-0.006818921404790473,0.0005421429372482576,-0.0028338073131459226
72.0,0.0034091144978619045,0.01103948758807836,0.009029744422182392,0.03335580142897928,0.01048667309324302,0.016892319972654366,0.010497259507812133,0.003980161188033374,0.009794598590070073,-0.0009645074020222133,0.009725272620086356,-0.001887781083790456,0.009409700108399624,-0.0014347185035508772,0.009182166527713448,-0.0012705832932509618,0.004101118239579342,-0.0021759808506746853,0.00997294142567037,-0.003199804788237798,0.00990978023438311,-0.002711959911696913,0.010200244151530393,-0.0021435798184328047,0.010111034076738067,-0.001971731831452636,0.010407106756224966,0.0009539333896847146,0.010669488019378457,0.0021455152338599077,0.01044356050984739,0.0025491795498083373,0.010278372356206053,0.007605393851535278,0.010490002455489372,0.011150046410827985,0.010099730345992153,0.004404334308614784,0.009065229254750602,0.004449265150007896,0.010378649690203369,-0.0025787839312797697,0.010062985950696974,-0.008227313619999264,0.009973140085663315,-0.00918686713381853,0.010451398139297902,0.0010044830450453943,0.0062055371905873295,0.028459725686852854,0.008292998397730572,0.011929120972883374,0.009497734600710187,0.009918810399786624,0.007341832418063781,0.002801276247035735,0.006792075602720072,-0.0002476356834162437,0.0053724354614377,0.0716787235687848,0.008881224791741164,-0.008532498587573012,0.009722806264415174,-0.011486293406377317,0.00958207893632135,0.005235190933145883,0.007318179467693805,0.004113446730712009,0.009837870063223859,-0.012445527857520552,0.009906315702118758,-0.020610958348345938,0.003902780013606186,0.028115102916685362,0.00565029139264143,-0.006818921404790473,0.0005421429372482576,-0.0028338073131459226
73.0,0.001703536874222244,0.005011450149323234,0.004599267394075195,0.015733099362056246,0.007150703289619413,0.009474476414803479,0.007529375272400491,0.004520695041345727,0.006843964498485887,0.003480258989638681,0.006750725562158705,0.0033591385350053233,0.006611461973859625,0.0031451452552869537,0.006462636308567604,0.0030259744525033138,0.0027623728375004643,0.00029031288504950805,0.006996615686351039,0.002882940396915367,0.006935998511784338,0.003043263682367564,0.007306259464760235,0.00300624702887266,0.007247694677283143,0.002778867933813102,0.007822864856775457,0.0024856119674406024,0.00942581926267305,-0.0015881188538961247,0.009847682348978693,-0.0035464476108175874,0.008875015003066533,0.00610638133128054,0.008311908281034843,0.00740070465397427,0.014145106851246479,-0.027135672083648765,0.016452715649937652,-0.03971105318867677,0.009237096198060438,-0.004586337032613724,0.00843539465154005,-0.006016533214199049,0.008592706345388359,-0.006027002089318294,0.009656518454837313,-0.003759753902449132,0.007133441744804713,0.020308917764245395,0.006848004361897096,0.036134100535032715,0.008086689578974645,0.02211407335801815,0.003834996016730063,0.0695823400314231,0.0011492389214100133,0.08072615265724649,0.003104292136129445,0.01885502758380334,0.0050582641579738664,0.0032690015062413797,0.005614048304682227,0.00232487658830611,0.013878501400046652,-0.02886667356914318,0.023596435493047213,-0.062230011310437996,0.007210800610952172,-0.007389667945785348,0.008264277393806719,-0.008458420961378388,0.0052416003253398895,0.019529498393699257,-0.006761626864683131,0.10331873151031318,0.00020677631183744813,-0.0016538208938530522
74.0,0.001703536874222244,0.005011450149323234,0.004599267394075195,0.015733099362056246,0.007150703289619413,0.009474476414803479,0.007529375272400491,0.004520695041345727,0.006843964498485887,0.003480258989638681,0.006750725562158705,0.0033591385350053233,0.006611461973859625,0.0031451452552869537,0.006462636308567604,0.0030259744525033138,0.0027623728375004643,0.00029031288504950805,0.006996615686351039,0.002882940396915367,0.006935998511784338,0.003043263682367564,0.007306259464760235,0.00300624702887266,0.007247694677283143,0.002778867933813102,0.007822864856775457,0.0024856119674406024,0.00942581926267305,-0.0015881188538961247,0.009847682348978693,-0.0035464476108175874,0.008875015003066533,0.00610638133128054,0.008311908281034843,0.00740070465397427,0.014145106851246479,-0.027135672083648765,0.016452715649937652,-0.03971105318867677,0.009237096198060438,-0.004586337032613724,0.00843539465154005,-0.006016533214199049,0.008592706345388359,-0.006027002089318294,0.009656518454837313,-0.003759753902449132,0.007133441744804713,0.020308917764245395,0.006848004361897096,0.036134100535032715,0.008086689578974645,0.02211407335801815,0.003834996016730063,0.0695823400314231,0.0011492389214100133,0.08072615265724649,0.003104292136129445,0.01885502758380334,0.0050582641579738664,0.0032690015062413797,0.005614048304682227,0.00232487658830611,0.013878501400046652,-0.02886667356914318,0.023596435493047213,-0.062230011310437996,0.007210800610952172,-0.007389667945785348,0.008264277393806719,-0.008458420961378388,0.0052416003253398895,0.019529498393699257,-0.006761626864683131,0.10331873151031318,0.00020677631183744813,-0.0016538208938530522
75.0,-0.00511171071980848,0.0040852608818875485,-0.00345600901915659,0.019066658848565076,-0.004343040382128529,0.02075175677602878,-0.0060965716678772295,0.02067558926540887,-0.006891872663659987,0.019562201682040238,-0.0070595890031768405,0.019861378688830044,-0.0067978221879285,0.017719056697352454,-0.006734521363837487,0.016823618475096547,-0.00626681376220794,0.0038678585153884342,-0.007589801274026238,0.022322952860452182,-0.007393429484265067,0.02147781304145508,-0.00712985002086177,0.02156594871668605,-0.007294031396442968,0.022345128149141528,-0.006630274075717006,0.02258510806656535,-0.006005148535887823,0.02617434285283554,-0.005952468131323021,0.02845348624153942,-0.0048760675084758,0.025896751065173435,-0.004578882600027995,0.023799563332195826,-0.008096871137532883,0.035089234826255575,-0.008295961888903627,0.034869616561836715,-0.006917362243466939,0.03044377147599662,-0.00850354419184299,0.03342635181369578,-0.008607840365087696,0.03326504997774042,-0.005947951728283646,0.028999178226184353,-0.0024159441823090435,0.020591520784545535,-0.002718731521328346,0.025361195987472697,-0.003423435847017225,0.02521642109677972,-0.0021172543872292424,0.028752041676080076,-0.0025574165335799214,0.030115039038964578,-0.0016464257920731065,0.02014466722943077,-0.00766346033724433,0.02112206304947012,-0.009887407683552722,0.024662410538534164,-0.008701699596925813,0.03598017639933773,-0.012281367754608419,0.04000596833893589,-0.009958489126688556,0.03577615707047693,-0.012549409719489693,0.03736644044139746,-0.002837968023789531,0.021128459636986268,-0.0038961638770000557,0.03270801010085506,-0.0056168227739501675,-0.0051155537469532815
76.0,-0.00511171071980848,0.0040852608818875485,-0.00345600901915659,0.019066658848565076,-0.004343040382128529,0.02075175677602878,-0.0060965716678772295,0.02067558926540887,-0.006891872663659987,0.019562201682040238,-0.0070595890031768405,0.019861378688830044,-0.0067978221879285,0.017719056697352454,-0.006734521363837487,0.016823618475096547,-0.00626681376220794,0.0038678585153884342,-0.007589801274026238,0.022322952860452182,-0.007393429484265067,0.02147781304145508,-0.00712985002086177,0.02156594871668605,-0.007294031396442968,0.022345128149141528,-0.006630274075717006,0.02258510806656535,-0.006005148535887823,0.02617434285283554,-0.005952468131323021,0.02845348624153942,-0.0048760675084758,0.025896751065173435,-0.004578882600027995,0.023799563332195826,-0.008096871137532883,0.035089234826255575,-0.008295961888903627,0.034869616561836715,-0.006917362243466939,0.03044377147599662,-0.00850354419184299,0.03342635181369578,-0.008607840365087696,0.03326504997774042,-0.005947951728283646,0.028999178226184353,-0.0024159441823090435,0.020591520784545535,-0.002718731521328346,0.025361195987472697,-0.003423435847017225,0.02521642109677972,-0.0021172543872292424,0.028752041676080076,-0.0025574165335799214,0.030115039038964578,-0.0016464257920731065,0.02014466722943077,-0.00766346033724433,0.02112206304947012,-0.009887407683552722,0.024662410538534164,-0.008701699596925813,0.03598017639933773,-0.012281367754608419,0.04000596833893589,-0.009958489126688556,0.03577615707047693,-0.012549409719489693,0.03736644044139746,-0.002837968023789531,0.021128459636986268,-0.0038961638770000557,0.03270801010085506,-0.0056168227739501675,-0.0051155537469532815
77.0,0.06587889182698557,0.32501468730630995,0.06999231325858629,0.3238446343822498,0.08980183555984766,0.31318151470171196,0.08936388481378678,0.3207075793828606,0.08249742662018453,0.32864813123392356,0.07900594075333059,0.32998302908749,0.08752780596053851,0.3234684727016424,0.08904629929147559,0.32217015251889614,0.07401889919170587,0.32465840878874064,0.06755936384565087,0.3320483565309259,0.07195711028010966,0.33108760412681193,0.07932077476489037,0.3283768671369164,0.0718138383492231,0.32969875165887996,0.08010292861312474,0.32466881803840414,0.08172317669264896,0.31863930742359664,0.07496098133424506,0.32248209333151134,0.08255489821140813,0.31940263711751016,0.08755421460046849,0.316007629946156,0.04910131898603587,0.3330126627957689,0.05368533303856046,0.3122333324739365,0.06010849831406055,0.3246913991906983,0.03428098530000438,0.33331086682307787,0.03518488129511733,0.3308769736059972,0.07421123984458734,0.3240423233330138,0.06912389872841915,0.32366642710508314,0.0782020974368836,0.32475004013500214,0.08618035149022017,0.3189270447728918,0.06323258267230304,0.3291234965827276,0.04913273703887212,0.33181021871851013,0.0451170994292368,0.3243416622321001,0.037592765535011397,0.318203597775085,0.01882432825612757,0.32216980701225817,0.017724730142943745,0.3199841721691762,0.02610206573629402,0.32121176435246424,0.00426149989854959,0.33517434213580655,-0.01196559547580315,0.33498779759084363,0.04415328394060321,0.3175992385479803,0.012711529830048463,0.3326827808831502,0.06192604642085761,0.31977361487746353
78.0,-0.06587889182698789,-0.32501468730630795,-0.06999231325858639,-0.3238446343822485,-0.08980183555984744,-0.3131815147017108,-0.08936388481378636,-0.32070757938285954,-0.08249742662018417,-0.32864813123392245,-0.07900594075333017,-0.32998302908748894,-0.08752780596053832,-0.3234684727016413,-0.08904629929147552,-0.322170152518895,-0.07401889919170804,-0.3246584087887387,-0.06755936384565016,-0.332048356530925,-0.07195711028010904,-0.3310876041268109,-0.0793207747648897,-0.32837686713691533,-0.07181383834922245,-0.3296987516588792,-0.08010292861312421,-0.3246688180384032,-0.08172317669264847,-0.3186393074235956,-0.0749609813342446,-0.3224820933315103,-0.08255489821140774,-0.3194026371175091,-0.08755421460046817,-0.3160076299461549,-0.04910131898603521,-0.33301266279576786,-0.053685333038559935,-0.3122333324739356,-0.06010849831406021,-0.32469139919069717,-0.0342809853000042,-0.33331086682307687,-0.03518488129511717,-0.3308769736059961,-0.07421123984458691,-0.3240423233330127,-0.06912389872841906,-0.32366642710508226,-0.07820209743688336,-0.324750040135001,-0.08618035149021985,-0.31892704477289074,-0.06323258267230288,-0.32912349658272644,-0.049132737038871985,-0.3318102187185089,-0.04511709942923672,-0.32434166223209887,-0.037592765535010314,-0.3182035977750843,-0.01882432825612626,-0.32216980701225745,-0.017724730142942832,-0.31998417216917535,-0.026102065736293763,-0.3212117643524632,-0.004261499898549544,-0.3351743421358053,0.011965595475803024,-0.33498779759084246,-0.04415328394060265,-0.3175992385479794,-0.012711529830048456,-0.332682780883149,-0.06192604642086126,-0.31977361487746114
