1.0,0.04594738078729121,0.007434593145986611,0.09539607500879431,0.012699518859346998,0.14137066854168803,0.014392370962981014,0.14480939744954593,0.016552122693016983,0.129254140865697,0.017132514338762627,0.1270007957503803,0.017027445576686437,0.12458314225935131,0.018096009198466052,0.12218008834226309,0.01807577683097288,0.059466098066018665,0.00970239064175747,0.13043245225900527,0.01548941839875465,0.12970351725443494,0.016104784441770614,0.1367505798977285,0.017757322542110408,0.13710152281925653,0.015052631266811202,0.15283282615736488,0.013465629660242532,0.1989101593545185,0.0047783734369926684,0.2129447689272195,-0.002176252038918277,0.1833508824931602,0.0056328277767688254,0.16847412556781408,0.009824383010724521,0.3651625332852321,-0.06624901723443408,0.3262913221571363,-0.030092928569341537,0.18507487258927657,0.003173388359522388,0.15024497077630647,0.0039524508946293295,0.1488136925800487,0.0058287546430316195,0.20457101819803325,0.0018143845403455442,0.09626754419147085,0.013535195160469013,0.12768138277635288,0.014607531563195912,0.15630318862462222,0.012131999507537917,0.09894299946851207,0.01738274990209214,0.0870258242511037,0.01621565241319575,0.057912530226338584,0.0076098966696151096,0.09304344055945392,0.012539645478804935,0.0924690545461347,0.010844399832725348,0.4793027939402677,-0.14128296808937627,0.28167819632535673,-0.02397892131707524,0.11205648194368543,-0.0001382879730912967,0.0946872428601709,0.004214495636237504,0.06719613912148856,0.009831728546087944,0.05792123994317448,0.01167370526556085,0.01529007874199736,0.0027944608843689235
2.0,0.02509927299502106,0.021629518467806398,0.052745601374288936,0.04422743345819121,0.07858094204149106,0.06329036835895932,0.08131393625677388,0.06267359941565954,0.07328254863333179,0.05477650997703325,0.07194346462927254,0.05395122244196448,0.0713313327228642,0.051525017726911364,0.07006648871366496,0.050310351932182425,0.03375065699772742,0.02515809346854535,0.07260772805535962,0.05778865673220576,0.07266353487253642,0.05664332616853505,0.07710206760063146,0.05966235829034833,0.07605026454457584,0.061248705209520644,0.08388669524351314,0.06979578448979648,0.10452702569696644,0.09969694663625914,0.10900544165959766,0.1133622132700398,0.09708765127145919,0.09254590661701641,0.09102574630544658,0.08148898789060047,0.1586295220613769,0.2219679331367664,0.1570674177925824,0.194489994869736,0.09752172664992662,0.09624596154147727,0.08004879974314512,0.07829799877690033,0.07952326825656716,0.07811766022233388,0.10683910671705019,0.10954873720569697,0.05358076308014329,0.04442034834592179,0.0715403726077917,0.06015144716790252,0.08608144099342517,0.07501668597948231,0.057133573428688036,0.045926778700829354,0.050085196192580846,0.04050270737585218,0.032060035381719365,0.026784668938419274,0.05330609712649331,0.038895677157426194,0.05154583476515718,0.040891332820531666,0.1759443342415092,0.30808625575691273,0.13458999043885286,0.1688343235612827,0.06145602327537323,0.05668774466576448,0.050405154588565766,0.05000909150744742,0.03734945519058084,0.03119558894288602,0.033035947704312944,0.027518631150723286,0.008493052317090475,0.006808870195603383
3.0,0.0006738115170598552,-0.00030407809195658443,0.001384591493336221,-0.0006924377499745984,0.0020704586065547503,-0.0011033963900938463,0.002104439133655579,-0.0010381109085849443,0.001858321877485008,-0.0008394735979719403,0.0018268116644398682,-0.0008240668874180472,0.001773765741941701,-0.000734817438449721,0.0017368788878811268,-0.0007057040583461574,0.0008517719100155395,-0.0003321087022139299,0.001907357603712404,-0.0009597290733265933,0.0018855508627315292,-0.0009147519778375177,0.0019775095551633967,-0.0009395450540888758,0.002013959615620443,-0.0010520196943014743,0.002272513957484933,-0.0012942744107764734,0.0030891178665800397,-0.0022375643776927456,0.0033829919800364696,-0.002752672485809284,0.0028242629974274814,-0.0020402565351647062,0.0025447820181107865,-0.0016615595518746087,0.00663365514279448,-0.0071558146270415445,0.005421772459572024,-0.00541069491453829,0.0028199222257776204,-0.0021765770540267816,0.00220304195809973,-0.0017064078349276902,0.0021942654024403076,-0.0016741877406692132,0.0031865325734241642,-0.0025480739292185646,0.0013840114777982743,-0.0006504906960464881,0.0018523927505089961,-0.00101620366886403,0.0023173203677689775,-0.0014404454230936884,0.0013877092237597074,-0.0006135745214631036,0.0012215661718344031,-0.0005210464581762783,0.0008354454536359746,-0.0004400148513078909,0.0013190462165497813,-0.0006027840097313638,0.001339501628619221,-0.000700918044298332,0.009693563771251875,-0.011400250812021099,0.004501560988790922,-0.004525899889763158,0.0014868116052558094,-0.0012535779369166906,0.0013666491378274523,-0.0011050659715661694,0.0009054810420642339,-0.00039073435484311014,0.0008136090843723431,-0.00034703517452267944,0.00022054179582426913,-8.21404015339906e-5
4.0,0.00251246961821711,0.0014296725167733876,0.005265508119848567,0.0028869694506235403,0.007858157891780043,0.003939152448707843,0.008078209041824951,0.003943961319966191,0.007230159810651876,0.0035232219185141354,0.0070965914219146145,0.0034767434791509707,0.007005585302166384,0.0033623232219232154,0.006877248156262546,0.0032919157586345418,0.0033226820323775216,0.0016581149351334458,0.0072145141468809935,0.0036523523544731095,0.007201149803899037,0.003603538647927388,0.007625829265743717,0.0038087008919033016,0.007579750995912847,0.003829012275525326,0.008426288065597828,0.004253248830227554,0.010771221338101048,0.005657994034589446,0.01139100960435388,0.006226162323482355,0.009966333681806707,0.005300099095305675,0.009246068222875567,0.00480766115595379,0.018227376793050237,0.010360521618559902,0.01691067608997621,0.00991617080652681,0.009979019329220252,0.005486582308927962,0.008057764331160238,0.004592393864045109,0.007994451065820857,0.004611807247329328,0.011038697696512747,0.006134368737031062,0.005328560391437002,0.0029441332448886825,0.007119375309160999,0.003787184480187075,0.008659089645738156,0.004521146792070497,0.005580415444192431,0.003071471791743882,0.0048840649259394835,0.002744819234837061,0.00318845023765458,0.001848958302701415,0.005193150019844847,0.0025526670597104213,0.005053804600412119,0.0026154132580358293,0.022495556773719606,0.012899840522366837,0.01424058100846262,0.008844204450680933,0.005981705861659576,0.0033943268460181406,0.00492244596627138,0.003062823656460438,0.003647063523797166,0.0021971563061313876,0.0031968599908125594,0.0019177052398826285,0.0008374736672482084,0.00044747621818461933
5.0,-0.0008144883122603702,-0.00026635898433759956,-0.001700047677516699,-0.0005197066555075574,-0.0025372935446945437,-0.0006753271228737305,-0.0026017084696637023,-0.00069666093591189,-0.0023218406889689673,-0.0006458743710329115,-0.0022798004324723507,-0.0006384506088715225,-0.002242251278899978,-0.0006345033922891321,-0.002199915758156162,-0.0006249175829464405,-0.0010660215275782154,-0.00031867958017409896,-0.0023315352753827787,-0.0006457933682303369,-0.002322164933525135,-0.0006457230272953841,-0.0024536831608334155,-0.0006905270559277682,-0.0024522084312865572,-0.000664820623234998,-0.002735063822312742,-0.0007048620567386741,-0.0035463258154859473,-0.0008001856907064788,-0.003782174795268892,-0.0008020695784384354,-0.0032721632135004532,-0.0007627647438732616,-0.0030150424049397604,-0.0007419851188153985,-0.00638083111195253,-0.0006458474741592926,-0.00573191179250906,-0.0010071388225744219,-0.0032764879562578813,-0.0007712370418183806,-0.002628627462180843,-0.0006722595656226217,-0.0026095192303828576,-0.0006872069853809066,-0.0036406103271548135,-0.0008343216953721345,-0.001716014995541602,-0.0005445319424810301,-0.0022930989322485313,-0.0006597017497063159,-0.0028059521398366744,-0.0007296075527996133,-0.0017808379516384323,-0.0005902545136256411,-0.001561258928045215,-0.0005334759139262154,-0.001029133545738554,-0.00032226994219710313,-0.0016645939164354388,-0.00046671198681059404,-0.001634895007910124,-0.00045791749589638446,-0.008271399256822923,-0.00013452415172968723,-0.004826431667001186,-0.0009737957808709866,-0.001916322209310968,-0.0004908511331136066,-0.001613740759463791,-0.0004541313893855992,-0.001166115782575668,-0.0004242244971466315,-0.0010276637509156492,-0.00037341514005365047,-0.00026985011718781905,-8.44596416737051e-5
6.0,-0.0008144883122603702,-0.00026635898433759956,-0.001700047677516699,-0.0005197066555075574,-0.0025372935446945437,-0.0006753271228737305,-0.0026017084696637023,-0.00069666093591189,-0.0023218406889689673,-0.0006458743710329115,-0.0022798004324723507,-0.0006384506088715225,-0.002242251278899978,-0.0006345033922891321,-0.002199915758156162,-0.0006249175829464405,-0.0010660215275782154,-0.00031867958017409896,-0.0023315352753827787,-0.0006457933682303369,-0.002322164933525135,-0.0006457230272953841,-0.0024536831608334155,-0.0006905270559277682,-0.0024522084312865572,-0.000664820623234998,-0.002735063822312742,-0.0007048620567386741,-0.0035463258154859473,-0.0008001856907064788,-0.003782174795268892,-0.0008020695784384354,-0.0032721632135004532,-0.0007627647438732616,-0.0030150424049397604,-0.0007419851188153985,-0.00638083111195253,-0.0006458474741592926,-0.00573191179250906,-0.0010071388225744219,-0.0032764879562578813,-0.0007712370418183806,-0.002628627462180843,-0.0006722595656226217,-0.0026095192303828576,-0.0006872069853809066,-0.0036406103271548135,-0.0008343216953721345,-0.001716014995541602,-0.0005445319424810301,-0.0022930989322485313,-0.0006597017497063159,-0.0028059521398366744,-0.0007296075527996133,-0.0017808379516384323,-0.0005902545136256411,-0.001561258928045215,-0.0005334759139262154,-0.001029133545738554,-0.00032226994219710313,-0.0016645939164354388,-0.00046671198681059404,-0.001634895007910124,-0.00045791749589638446,-0.008271399256822923,-0.00013452415172968723,-0.004826431667001186,-0.0009737957808709866,-0.001916322209310968,-0.0004908511331136066,-0.001613740759463791,-0.0004541313893855992,-0.001166115782575668,-0.0004242244971466315,-0.0010276637509156492,-0.00037341514005365047,-0.00026985011718781905,-8.44596416737051e-5
7.0,-0.0007658732475709693,0.0007541048739549454,-0.0015573796316658397,0.0016559698605748889,-0.0023545070846288873,0.0025200891068123347,-0.0023854009890315925,0.0024189149181433273,-0.002091682909588517,0.002021043624210946,-0.0020581094665283873,0.0019895918877139876,-0.001979819525203933,0.001814898568547071,-0.0019357700073567665,0.0017524937758450747,-0.0009553542417459296,0.0008424852139873162,-0.0021803257948104153,0.00225262385122134,-0.002144286171395892,0.0021666883014200855,-0.002237538626968369,0.0022387431287265763,-0.0023085913123718094,0.0024342556313937166,-0.002625922256051812,0.00290589923492101,-0.0036840666689936428,0.004720273480530119,-0.0040997341072680415,0.0056837120672214485,-0.003344525235792454,0.0043256604835410295,-0.0029678749085993317,0.0036042306351328863,-0.008767160682978545,0.013823487256649718,-0.006759605578690843,0.010728376342868018,-0.003308349935324521,0.0045886010293297586,-0.0025015314879596262,0.0036521843010265454,-0.00251249095721111,0.003618410378960853,-0.0038068377188351264,0.005322921818998935,-0.0015410167847516932,0.0015766922263758894,-0.0020886480676115173,0.0023445827558568923,-0.0026617829610148034,0.0031810843598392624,-0.0015225887148871172,0.0015582356580024267,-0.001343665482369853,0.0013541398842933214,-0.0009346602744090362,0.001088020147960175,-0.001478289716630165,0.0014862785190160154,-0.0015353164336421303,0.0016719018433126876,-0.013581433230883361,0.021493031865776547,-0.005420538437478987,0.009000891902801294,-0.0015211730517931963,0.0026746161264888124,-0.001570682294651526,0.00247831888984927,-0.0009342712142193753,0.000988830311025378,-0.0009022605546105886,0.0009384155713494132,-0.0002483425505302949,0.00021499389319935765
8.0,-0.002952831845496932,-0.0019293400608662535,-0.006199260011634118,-0.003914909205686904,-0.009261321140507487,-0.005321728206200968,-0.009520296040736323,-0.005300802430202695,-0.008520354373477751,-0.004718949448067986,-0.008360262235087517,-0.00465760017822695,-0.008263366835694067,-0.004484065261080078,-0.00811374873998238,-0.004385698999281383,-0.003915950361985283,-0.0022093347493981554,-0.008482690742330308,-0.004917011868172742,-0.008473120165621935,-0.004842640061792391,-0.008981355016312656,-0.005104800621639945,-0.008913769180942973,-0.005162020209687673,-0.009909898664610423,-0.005756381978893446,-0.012637091753591628,-0.007763228852612651,-0.01333804133774963,-0.008612779979125254,-0.011702088686649396,-0.007269021716717306,-0.010874289340805626,-0.00655341844259345,-0.021095179113243722,-0.01487678518919889,-0.019673590148690228,-0.013913217891791028,-0.011694022167445568,-0.007566984829641308,-0.009424129491943841,-0.006361151022899648,-0.009348247151074308,-0.006368544507017909,-0.012942628886805316,-0.008451928417798286,-0.006277430441135491,-0.003985667652887566,-0.008393187849848865,-0.005116901802851693,-0.010199423390932856,-0.006140309024000278,-0.006584536663949716,-0.004110145234623533,-0.005753521187621573,-0.003676994486596067,-0.003750316958335929,-0.0025814830429879408,-0.006103803626809222,-0.0034503351330394502,-0.005913093688548869,-0.0035522742640717144,-0.025770099949840766,-0.019062506155755544,-0.01645048464037483,-0.012420059854912317,-0.006983062281313911,-0.0047876917881428975,-0.005683035152364343,-0.00430382034766456,-0.004281075084253394,-0.003014321037514997,-0.003742924415175152,-0.00259531081919672,-0.0009849363442449698,-0.000604852660588923
9.0,0.004588110900458964,0.006635517954654106,0.009702164043356836,0.013126402064944637,0.014452294235160009,0.016713832476781466,0.0147330269600365,0.016475363760813065,0.013120093586784733,0.014814813557478048,0.012824294473346124,0.014694583267031805,0.012825392403840157,0.01391615257026965,0.012622502878055086,0.013562101378525416,0.006092023730362911,0.007118034228401207,0.012785963489331137,0.015703323514993033,0.012856201446496959,0.015388319675741809,0.013751997053148212,0.015957462943638177,0.013484912102565813,0.016380708404834837,0.015064594451415851,0.018081621699132428,0.0189276220095243,0.02432512546631541,0.01969836049550428,0.027310372264830438,0.017689652071476603,0.022913325516103315,0.01666672239465492,0.020541087697422345,0.028047408071777226,0.04897235746362653,0.027004765172468827,0.0438764760948192,0.01751074299878471,0.024449023706868304,0.014054401044495722,0.02162060319064663,0.013745189757208912,0.021598146870355148,0.019315628848042724,0.026701152671693613,0.009940846252255851,0.013246587742483924,0.013136929121151329,0.01631651552929685,0.015822742547571444,0.019267672936936514,0.01029870319686061,0.013402196141381016,0.008829155746729513,0.012355024467469533,0.005811128800689661,0.0104940879632855,0.008982181914223075,0.011944564187812307,0.00830067416591364,0.012510457366698632,0.031511619725307916,0.0651166247319836,0.02106398606641207,0.04035747492403111,0.01069609109190877,0.017929198486389512,0.00698277774395734,0.017179577611354212,0.006870040707713692,0.010932860932811992,0.0052903385386602695,0.009807411909065533,0.0015783690003358885,0.0024460642029707235
10.0,-0.003381356745796127,-0.005453671785583275,-0.007133490319129002,-0.01055983608017947,-0.010648386043281825,-0.013112281023996432,-0.010818900812946895,-0.012929165950940853,-0.009603503207582752,-0.011718195616302001,-0.009376069190855834,-0.011640853030465392,-0.009398078279451019,-0.011018033433122921,-0.009254618538402407,-0.010738632397423285,-0.004479198925894605,-0.00576688599420382,-0.009320973475259156,-0.01241905830390647,-0.009382828727687108,-0.012174040415550692,-0.01005752037013258,-0.012582247680834897,-0.009850246745986304,-0.012902556669926584,-0.011045479785804061,-0.01412149820996764,-0.013929844556879402,-0.01865810391002115,-0.014502729631422268,-0.02084790156926629,-0.013031431880983975,-0.01764813034952846,-0.012282740101316017,-0.01590886033934923,-0.02057161520080742,-0.03640592420950962,-0.0426388241427289,-0.019836292131963484,-0.012907599056066144,-0.018864168399478354,-0.01035551270207817,-0.01692990503221509,-0.010057511998607929,-0.016934302608800106,-0.014222848283279152,-0.02043981498320259,-0.007322662152258129,-0.010689621486569417,-0.009668172607834464,-0.012911997579902723,-0.01166192258411696,-0.015017634079378367,-0.007531574009046567,-0.010832974931718326,-0.00641292956091996,-0.010092309602440282,-0.004246070268308945,-0.008775623296846885,-0.0064549524987452984,-0.009681465476208635,-0.0058894502929167656,-0.010139230986111103,0.0006544156208887308,-0.06122130882299571,-0.06799175393273182,0.0026949616532330055,-0.007975201428746418,-0.014313190177185086,-0.00476518907741292,-0.013955232269876333,-0.0049966400925103936,-0.009099981778512714,-0.003718616393654352,-0.008269679512231357,-0.0011818168645439159,-0.002160957401222486
11.0,0.00179048058838837,0.006384961847787985,0.003957069561903708,0.012215739192791149,0.004185336243336961,0.01615990149973581,0.0037472886667834064,0.016255597290825638,0.0033197981567050254,0.014753336237838118,0.0031872327803358874,0.014694042362423963,0.0034080923378423107,0.013739499438615108,0.0033973273734421877,0.013348286744583961,0.001703787236288668,0.007124776778068524,0.0027851898103340065,0.01594349264965918,0.0029443903955818952,0.015536949891108988,0.0032806262147865306,0.015950415087022198,0.002919999480681354,0.016579525136701703,0.0031547348129340714,0.018226562479853898,0.0026739886736347218,0.024975112752531087,0.0020294110962554724,0.028468219754968636,0.003120465754073461,0.023230845544312994,0.003654291525418331,0.02045672771505634,-0.01825601676521199,0.06385498177094802,-0.02876218528274899,0.06324161842587668,0.008733519650853078,0.021533037601689772,0.014859350248622435,0.014655695516430301,0.011146218151456935,0.016626361002535395,0.003764173038050872,0.02677432010604339,0.004753694138657349,0.011003401997099553,0.004180411334680178,0.015371060334605644,0.0040667899013021105,0.018779824259950905,0.0034844496111252677,0.012805475618324333,0.0028736437363939826,0.012015513967620645,0.002390144855929333,0.01038613309886117,0.0019247713874044766,0.012627856331530886,0.0012533067593552812,0.013608329030764286,-0.02169811227221965,0.08341287903973105,-0.04860523956521992,0.07374552678575746,0.027086208870328053,0.00479506212520456,0.005108687786348554,0.013960271189581439,0.007614487847314616,0.006618690428527511,0.0013880123716834745,0.01014936567026292,0.0005995966505681345,0.0026783901084228264
12.0,-0.008936664746707358,0.0017619067453792958,-0.02111364045273365,0.006310966832222855,-0.006230210320060196,-0.00585973709279663,0.0013557944792753354,-0.010616765474496944,0.0019321309772149704,-0.010139037764690864,0.00212372269733163,-0.010241992950432342,0.0017310404081534092,-0.009385933283726286,0.001583772546463441,-0.009037552300791228,-6.529018989338878e-5,-0.004130531865743816,0.0035901524483888674,-0.01194286995891878,0.003112022816516548,-0.011383146417632137,0.0035062073033351993,-0.011813268257699164,0.004152471044900674,-0.012608132511056091,0.005619808576058597,-0.01435836057519902,0.015811983399415846,-0.024440345191604405,0.020099832220087516,-0.029702876077533125,0.008677256767694862,-0.018488592771202232,0.0029454324083021395,-0.013583687646097645,0.028539078915636375,-0.04942983150305696,0.03114723489214322,-0.046368075820080984,0.03351700597210491,-0.03793241143021783,0.04738652531607535,-0.04822746719906298,0.03732763654640153,-0.04272214928937744,0.02224512757006434,-0.031172084792635307,-0.03072500944085095,0.026219471234024228,-0.009639069208390501,0.0030011861673591377,-0.001445836730581385,-0.006892586825228522,-0.006961174648023517,0.0020885191811651363,-0.005992977800306228,0.001968771935984424,-0.011944848405303736,0.005265409438561932,0.0017553936072998528,-0.00908634671923329,0.0028858489685442837,-0.010660835698001693,0.029283708660127555,-0.061474833997026176,0.039382401447550106,-0.05190499625864594,0.07698680412310936,-0.06422848223247377,0.021088638815692312,-0.04001939385759701,-0.0889139414392037,0.06443000003890179,-0.0036991782301756208,0.0018382615223737082,-0.0012734124482660846,-0.0007009016389723918
13.0,-0.013132252774162299,0.013953303490353713,-0.028872365315536455,0.028805220689269228,-0.03031761594697437,0.02900362609742248,-0.026436737689650856,0.026183160211235165,-0.02255101049311979,0.023488632841601305,-0.022055939091893236,0.023423099026306925,-0.021243783904718497,0.021459933560164728,-0.020797766004117386,0.020761967815426004,-0.010433829777181693,0.011535702302426846,-0.022794508567309284,0.02563818214873657,-0.02259440714433664,0.024884170347511413,-0.023413670378942278,0.025020695646468787,-0.024055706919856625,0.026481968905108223,-0.027160115356231085,0.028800364747886817,-0.03480157854471273,0.037943721863018,-0.03764617602823335,0.0434034603460009,-0.03448062171712672,0.03785445484611112,-0.032927685950858376,0.03414695144002424,-0.04564776204113426,0.0647349806546724,-0.04608296053370093,0.059638486855707336,-0.041964839066763335,0.04655679965511552,-0.04634901833346463,0.052036833068853594,-0.03927258430764771,0.04836552896516184,-0.03741583034422874,0.04349155944496169,-0.03394039718005748,0.03952764553730136,-0.028775396940846264,0.03359287502377387,-0.031483467926879956,0.03466888799550686,-0.019964574175780337,0.02750523924525399,-0.017341730993896524,0.026231768051109487,-0.015809300345353477,0.02521261132519589,-0.01595769451277046,0.021563890377464378,-0.01599100975914991,0.02396499041020051,-0.04618872286458166,0.07821116584122223,-0.05305794914226879,0.06596726874913711,-0.0610820428744546,0.060967680171546294,-0.021436847504650296,0.04601134284764607,-0.06014006725724444,0.05641005090472072,-0.011247930723170738,0.023681161887585973,-0.002961804944967608,0.005120836138361762
14.0,0.0006537956076436749,5.210255919357284e-5,0.0004848691127440232,0.00014484870155356827,-0.0011498444961311426,0.0007042054948271273,-0.0035717575251350687,0.0015849355330047484,-0.004765902558029043,0.0020197863139924566,-0.005046806347443297,0.0021631787360163967,-0.004689214618525066,0.0018569739468439767,-0.004483122504802008,0.001741796930066912,-0.0014104328011659865,0.000689314923725829,-0.004881641660694683,0.0026307068063414893,-0.004930851387884353,0.002460258497901221,-0.004799690780375467,0.0023179495787032226,-0.0045350997622734795,0.0023892302964806217,-0.0036579448772380806,0.001838881084542811,-0.001877696168866427,0.0010836393373906184,-0.0010720440155110459,0.0008013793315961823,-0.0009546871285682109,0.0007148502853457035,-0.0010320150465162642,0.0007023175942424916,-0.000808173447504213,0.0008682124028912378,-0.0004500559678933473,0.0007459016721833627,-0.0006338899317440151,0.000685657699340363,-0.00017732738465965855,0.0005997244820644658,9.333493156692605e-6,0.000537187843193089,-0.0009087153970418041,0.0007503332872520136,0.00033118646070352185,0.0003120433663166974,-0.00021934513451982594,0.00047168211086218837,-0.0005587291132335656,0.0005715694099176384,-7.452790589539831e-5,0.0004239697888449618,-3.6736009703558685e-5,0.0004138170132262329,0.00281728021731368,-0.0003902312754618175,-0.008203108020975302,0.0028400587976687066,-0.006210783314998156,0.004350487476732151,-0.0008747185993422735,0.0009434715918341237,-8.568340294367624e-5,0.0007391815481422284,1.931061308608056e-5,0.000598075557116516,0.0012336279937994296,0.00026398662882858167,0.0002289057385380794,0.00029362345907401043,3.970848379169829e-5,0.00039136106694938355,0.0007468087385608423,3.982504518661756e-8
15.0,0.0006537956076436749,5.210255919357284e-5,0.0004848691127440232,0.00014484870155356827,-0.0011498444961311426,0.0007042054948271273,-0.0035717575251350687,0.0015849355330047484,-0.004765902558029043,0.0020197863139924566,-0.005046806347443297,0.0021631787360163967,-0.004689214618525066,0.0018569739468439767,-0.004483122504802008,0.001741796930066912,-0.0014104328011659865,0.000689314923725829,-0.004881641660694683,0.0026307068063414893,-0.004930851387884353,0.002460258497901221,-0.004799690780375467,0.0023179495787032226,-0.0045350997622734795,0.0023892302964806217,-0.0036579448772380806,0.001838881084542811,-0.001877696168866427,0.0010836393373906184,-0.0010720440155110459,0.0008013793315961823,-0.0009546871285682109,0.0007148502853457035,-0.0010320150465162642,0.0007023175942424916,-0.000808173447504213,0.0008682124028912378,-0.0004500559678933473,0.0007459016721833627,-0.0006338899317440151,0.000685657699340363,-0.00017732738465965855,0.0005997244820644658,9.333493156692605e-6,0.000537187843193089,-0.0009087153970418041,0.0007503332872520136,0.00033118646070352185,0.0003120433663166974,-0.00021934513451982594,0.00047168211086218837,-0.0005587291132335656,0.0005715694099176384,-7.452790589539831e-5,0.0004239697888449618,-3.6736009703558685e-5,0.0004138170132262329,0.00281728021731368,-0.0003902312754618175,-0.008203108020975302,0.0028400587976687066,-0.006210783314998156,0.004350487476732151,-0.0008747185993422735,0.0009434715918341237,-8.568340294367624e-5,0.0007391815481422284,1.931061308608056e-5,0.000598075557116516,0.0012336279937994296,0.00026398662882858167,0.0002289057385380794,0.00029362345907401043,3.970848379169829e-5,0.00039136106694938355,0.0007468087385608423,3.982504518661756e-8
16.0,-0.0026115961882022523,0.00456625315710454,0.0003201521909016344,0.004526640096126033,0.0012992049904065556,0.004437026627349211,0.0022109219281688935,0.004571525530533261,0.002065227445777806,0.004723903506916279,0.002119300635296759,0.004749542278608352,0.0018352811845442458,0.004654307976536006,0.0016484353517855716,0.0046359270891062985,-0.0019236437247232348,0.0046000391625845155,0.003626365240563667,0.004516318095840367,0.0031244144213157985,0.004596662060557171,0.0033817248182378885,0.004578255877270869,0.0033304775545035005,0.004537464212459804,0.00262352573509972,0.004576406723181065,0.001778040776481012,0.004612501780774205,0.0012866102720125781,0.004717289074601184,0.0012577113157426862,0.004605801025823658,0.0013058376385091891,0.0045270867036914485,0.0008471701984508524,0.004827871075073045,0.000857314587443165,0.004509164633888862,0.0009674062674345574,0.004829568055185979,0.00047884238543905014,0.005038014302979839,4.267923533169912e-5,0.005131327948390468,0.001180774703853078,0.0047824006974339075,0.00035423532283202755,0.004518219448536255,0.0007954527319113682,0.00456263297083615,0.0010910225630792866,0.004530912142132912,0.0005308200282141319,0.004568653321402612,0.0003251871291435966,0.004596315110433112,0.0003678589333593852,0.0044455206283541835,0.0002515645633586321,0.004974917990798774,0.007366624776188289,0.004079248248531879,0.00038454136867268257,0.004622867361229958,0.0003895033868899581,0.004606905999274171,0.0006155637886830332,0.004986781497770232,-0.002377300338573088,0.00570658936593669,-9.82480642295889e-5,0.004469786553502525,-0.00018318577912963572,0.004591978171739499,-0.004345184756778266,0.004425725030595201
17.0,-0.0026115961882022523,0.00456625315710454,0.0003201521909016344,0.004526640096126033,0.0012992049904065556,0.004437026627349211,0.0022109219281688935,0.004571525530533261,0.002065227445777806,0.004723903506916279,0.002119300635296759,0.004749542278608352,0.0018352811845442458,0.004654307976536006,0.0016484353517855716,0.0046359270891062985,-0.0019236437247232348,0.0046000391625845155,0.003626365240563667,0.004516318095840367,0.0031244144213157985,0.004596662060557171,0.0033817248182378885,0.004578255877270869,0.0033304775545035005,0.004537464212459804,0.00262352573509972,0.004576406723181065,0.001778040776481012,0.004612501780774205,0.0012866102720125781,0.004717289074601184,0.0012577113157426862,0.004605801025823658,0.0013058376385091891,0.0045270867036914485,0.0008471701984508524,0.004827871075073045,0.000857314587443165,0.004509164633888862,0.0009674062674345574,0.004829568055185979,0.00047884238543905014,0.005038014302979839,4.267923533169912e-5,0.005131327948390468,0.001180774703853078,0.0047824006974339075,0.00035423532283202755,0.004518219448536255,0.0007954527319113682,0.00456263297083615,0.0010910225630792866,0.004530912142132912,0.0005308200282141319,0.004568653321402612,0.0003251871291435966,0.004596315110433112,0.0003678589333593852,0.0044455206283541835,0.0002515645633586321,0.004974917990798774,0.007366624776188289,0.004079248248531879,0.00038454136867268257,0.004622867361229958,0.0003895033868899581,0.004606905999274171,0.0006155637886830332,0.004986781497770232,-0.002377300338573088,0.00570658936593669,-9.82480642295889e-5,0.004469786553502525,-0.00018318577912963572,0.004591978171739499,-0.004345184756778266,0.004425725030595201
18.0,-0.0029415415030856753,0.0038822057280592896,0.000472362399031103,0.003787572468965709,0.0005907642746104342,0.003974830176610438,-0.000111816770185362,0.004393056549213151,-0.0009299058452407093,0.004660382064843883,-0.0010101961708965958,0.004733185695180654,-0.0011790820591409607,0.004531212752004682,-0.0012821570848572962,0.004474705197207261,-0.0035051118790716566,0.004130627356964442,-0.00010814064364373807,0.0047394661311149,-0.0004020412884867252,0.004732339881735748,-0.00014246005345197268,0.00465185642561176,-3.722025762576836e-5,0.004672233074888584,0.00015431160943690377,0.004519155384095299,0.001016398048011313,0.004362941259091314,0.00129061671152437,0.004380567906447124,0.001073243985270584,0.004209388061614106,0.0009167322771010942,0.004105857167578696,0.0009161578621687591,0.004461269729315828,0.0009391123166749109,0.004166611187889821,0.0016931949914301592,0.004491292790002497,0.001939051279599649,0.004672697509361051,0.001973957101542946,0.004837937768745466,0.001459055767551426,0.0044594192603343765,0.000470633500744958,0.003868620736768073,0.0007478933281143545,0.004047474628563037,0.0009726212302040308,0.004075861180334201,0.00048756372681419904,0.004062788527197819,0.0002963724285601264,0.004090229835995509,0.0019526658820194316,0.0034002014851563277,-0.002922365455770611,0.005196904622213723,0.0009651685159190383,0.0048912499041514354,0.00048279696748222635,0.004256082374866951,0.0005239099025589436,0.004241049571669469,0.0020938557475312365,0.004492961861765322,0.0020918673338263046,0.005642171554487844,-1.443861509327915e-5,0.00383237953264032,-0.00017380501251471227,0.00409169879027106,-0.00496232235170109,0.003774016631570868
19.0,-0.0029415415030856753,0.0038822057280592896,0.000472362399031103,0.003787572468965709,0.0005907642746104342,0.003974830176610438,-0.000111816770185362,0.004393056549213151,-0.0009299058452407093,0.004660382064843883,-0.0010101961708965958,0.004733185695180654,-0.0011790820591409607,0.004531212752004682,-0.0012821570848572962,0.004474705197207261,-0.0035051118790716566,0.004130627356964442,-0.00010814064364373807,0.0047394661311149,-0.0004020412884867252,0.004732339881735748,-0.00014246005345197268,0.00465185642561176,-3.722025762576836e-5,0.004672233074888584,0.00015431160943690377,0.004519155384095299,0.001016398048011313,0.004362941259091314,0.00129061671152437,0.004380567906447124,0.001073243985270584,0.004209388061614106,0.0009167322771010942,0.004105857167578696,0.0009161578621687591,0.004461269729315828,0.0009391123166749109,0.004166611187889821,0.0016931949914301592,0.004491292790002497,0.001939051279599649,0.004672697509361051,0.001973957101542946,0.004837937768745466,0.001459055767551426,0.0044594192603343765,0.000470633500744958,0.003868620736768073,0.0007478933281143545,0.004047474628563037,0.0009726212302040308,0.004075861180334201,0.00048756372681419904,0.004062788527197819,0.0002963724285601264,0.004090229835995509,0.0019526658820194316,0.0034002014851563277,-0.002922365455770611,0.005196904622213723,0.0009651685159190383,0.0048912499041514354,0.00048279696748222635,0.004256082374866951,0.0005239099025589436,0.004241049571669469,0.0020938557475312365,0.004492961861765322,0.0020918673338263046,0.005642171554487844,-1.443861509327915e-5,0.00383237953264032,-0.00017380501251471227,0.00409169879027106,-0.00496232235170109,0.003774016631570868
20.0,-0.003201600115877298,0.00364620656065403,-0.003190285740795888,0.004098599444949217,-0.0036628937585466955,0.0033615368813897438,-0.005985266048186306,0.003799386674139523,-0.00721626567793036,0.0042645485879072905,-0.007456447806898461,0.004403167897663102,-0.007233332055319381,0.004069493654961497,-0.007085503505206686,0.003974367316592415,-0.004806287157665315,0.003599559065074286,-0.00781741694884617,0.004729337750132305,-0.007686232671403286,0.004600221998450194,-0.007568079407640218,0.004360586309553049,-0.007263909706406108,0.004472289360495558,-0.0058915068970339666,0.0038963412674950892,-0.0027347272352862564,0.0028054311643419716,-0.001336150799344243,0.0024248870210211194,-0.0017780430792079303,0.002458169758969955,-0.002497692885697039,0.0027781177266521366,-0.0008095869293747894,0.002489350184355092,-0.00010283259633295376,0.0022073740900816065,9.801444415554297e-5,0.002138530094146085,0.0015264879488590154,0.0018943381944275968,0.00104044272116949,0.0019747041831586483,-0.0009629919121885278,0.0023449340381084373,0.00046290277136862615,0.0004197908260081313,-0.000551288999449334,0.0013924835156002748,-0.0011050724325619814,0.001847657290909921,-0.0004052939209887261,0.0013575312391836602,-0.00038148307871300227,0.001366489115233308,-0.01121886378374867,0.006023625203423914,-0.00876861673539053,0.005275620735599423,-0.010849344604140219,0.006003655722279187,-0.0010341399079578737,0.002529636675187419,0.0005388326494724517,0.0021552533463759993,0.003736433242208407,0.0015963392412912895,0.001071417402665051,0.001919511125092783,0.012236508173125913,-0.0017150147662614657,-0.00033255192140869754,0.001378605618640291,-0.0031407831480627034,0.003303423136187438
21.0,-0.010623731377133114,-0.006930383399470264,0.012466795025475994,-0.014076747453535978,0.008492642972098993,-0.011691535828829574,0.004395717515346389,-0.010759521148557261,0.0019031763147580546,-0.010438664076841044,0.0020011143154979307,-0.01052277438798755,0.0001395664281668769,-0.00981715925057805,-0.0007282385319549586,-0.009522367408541357,-0.015022225349844149,-0.005647369475821512,0.004062384250887514,-0.011219189830586182,0.0033726023434090427,-0.01096984756002806,0.003658275862157618,-0.010874337391085278,0.004156833222324815,-0.011129457762826592,0.004491034104774616,-0.010984417239080469,0.00533315478668533,-0.01096736345174441,0.005715751140183749,-0.011312062802761202,0.006732359659232924,-0.011300407890103413,0.007390571729458532,-0.011359719898884046,0.005467671611988407,-0.01221320081738888,0.003557624013448957,-0.011045279766439658,0.005388308613006737,-0.011528131110919965,0.005182064859133386,-0.012173205506439244,0.005840423488597338,-0.012221839576301663,0.005594526516077982,-0.011339814807677373,0.010983012281967765,-0.012412008223133566,0.007795275042574785,-0.011410025157370399,0.007289201507948493,-0.011099918382704924,0.006136135692449297,-0.011132317127236974,0.005726932642288232,-0.011271201378554354,0.03143695647607737,-0.0189956856208651,0.0034980892464695663,-0.010618122779456602,0.006883313425139916,-0.011867484034553137,0.0065918716945431,-0.012584584640679384,0.002370665700029036,-0.011409650992893044,0.003856252118470818,-0.012511029703920838,0.008352355428993435,-0.013595964384486623,0.008470514714039553,-0.012498608785449738,0.004763843565805441,-0.011555831244919315,-0.024612923908240925,-0.0031119322531991517
22.0,-0.010623731377133114,-0.006930383399470264,0.012466795025475994,-0.014076747453535978,0.008492642972098993,-0.011691535828829574,0.004395717515346389,-0.010759521148557261,0.0019031763147580546,-0.010438664076841044,0.0020011143154979307,-0.01052277438798755,0.0001395664281668769,-0.00981715925057805,-0.0007282385319549586,-0.009522367408541357,-0.015022225349844149,-0.005647369475821512,0.004062384250887514,-0.011219189830586182,0.0033726023434090427,-0.01096984756002806,0.003658275862157618,-0.010874337391085278,0.004156833222324815,-0.011129457762826592,0.004491034104774616,-0.010984417239080469,0.00533315478668533,-0.01096736345174441,0.005715751140183749,-0.011312062802761202,0.006732359659232924,-0.011300407890103413,0.007390571729458532,-0.011359719898884046,0.005467671611988407,-0.01221320081738888,0.003557624013448957,-0.011045279766439658,0.005388308613006737,-0.011528131110919965,0.005182064859133386,-0.012173205506439244,0.005840423488597338,-0.012221839576301663,0.005594526516077982,-0.011339814807677373,0.010983012281967765,-0.012412008223133566,0.007795275042574785,-0.011410025157370399,0.007289201507948493,-0.011099918382704924,0.006136135692449297,-0.011132317127236974,0.005726932642288232,-0.011271201378554354,0.03143695647607737,-0.0189956856208651,0.0034980892464695663,-0.010618122779456602,0.006883313425139916,-0.011867484034553137,0.0065918716945431,-0.012584584640679384,0.002370665700029036,-0.011409650992893044,0.003856252118470818,-0.012511029703920838,0.008352355428993435,-0.013595964384486623,0.008470514714039553,-0.012498608785449738,0.004763843565805441,-0.011555831244919315,-0.024612923908240925,-0.0031119322531991517
23.0,-0.002377507069249947,0.006407781762831472,-0.006784889241901002,0.007747657003311809,-0.002374467752377051,0.006139834428451134,-5.295231418911641e-5,0.00566293747947008,0.00022059615736424543,0.005726782980000817,0.0002372580070727822,0.005739486168964893,0.00035334409044585253,0.0056105248345905,0.00037388502632002614,0.005587132134618252,0.00037822348427573785,0.005659791264718073,0.00039695497210704897,0.005710097143178336,0.00035507057317420794,0.0057138250439011645,0.0005611682043381059,0.005629606659706639,0.0005478543402145442,0.00564210962678124,0.0008997237018023888,0.00548776554061758,0.0032458809779836975,0.004792753592744551,0.004088618370410792,0.004544799175388189,0.00139710126816372,0.005253549247365145,-1.1506276245808829e-5,0.005568018795405078,-0.001561335266440698,0.005908523045082189,-0.005108845985228946,0.00602483527140174,0.00958134648919314,0.003101820543814167,0.014896348991725454,0.0014455213263317899,0.014019182392357258,0.0016892458767538518,0.00560899098002246,0.004219729294738453,-0.007658165820037432,0.008491819208775534,-0.002910229851529711,0.006766312852080112,-0.0008712246961016641,0.005953721772147266,-0.0027058236488519795,0.006762683595078716,-0.0027373998125644274,0.006877314171962273,-0.012205012226427626,0.009366293016554414,-0.00028240219985330644,0.005604908825409038,-0.00019701239403367333,0.0055946555118507515,-0.0021044411025053426,0.005961891673580525,-0.010164501253644691,0.007493082190422256,0.02148737682355167,-0.0002932043315041641,0.01744062727770854,-0.00011938177720691515,-0.013537303674155654,0.009902538892520404,-0.002776790849835591,0.007085422650664826,0.00036809850493507034,0.005598317432606258
24.0,0.006850218972978246,-0.0034235074967670595,0.014062981366660697,-0.0058341967208931375,0.005892165668389623,-0.0025074168700318132,0.0018166350825477961,-0.0012938045463668593,0.0014392573482945327,-0.0012762221119346775,0.0013412947737966763,-0.001261882877703176,0.001449609400729037,-0.0012634946118201566,0.0014985053657962152,-0.0012839286328964724,0.0019864833522428528,-0.0017895324408616585,0.0006192331681768497,-0.0010373922185952273,0.0008511421843223805,-0.0011079070364444549,0.0005957341051909042,-0.0009994081366123942,0.00034834753075376254,-0.0009320979811611944,-0.00034495599223626394,-0.0006689146181611365,-0.005453180611286142,0.0010201857485145481,-0.007515494574038711,0.0018890821099085643,-0.002204647545869766,0.00020875735569938323,0.000883451066555475,-0.0008239722761541187,-0.018491465966618083,0.006062297075878347,-0.02406820577276205,0.0062314577448440945,-0.009492765421066229,0.002660781458639271,-0.011315217189855934,0.003766899635897187,-0.011418062046193578,0.0037076983984485373,-0.008085381944516636,0.0020253951491891464,0.013227673756091353,-0.00475819091507481,0.004798695289155158,-0.001993354502283558,0.001606766452598334,-0.0009117081162116769,0.003585538777580913,-0.0017765878723956221,0.003156304706105775,-0.0018014733278195526,0.029435425958435298,-0.010150752046243739,0.001457426456685323,-0.0013917064513784493,0.0007860321773936547,-0.0011216208407404094,-0.018994979394918014,0.00809204589944509,-0.03169230868709065,0.009814512019858914,-0.012819661626481751,0.004808281748239694,-0.014070113779932109,0.005435938496988615,0.016069505260345975,-0.006106529380729114,0.0021363303837994814,-0.0019058603575018399,0.0022923340134779037,-0.0020924895776994637
25.0,-0.016243442839020326,0.00019484105254921375,-0.02156349318076313,0.0018186887998675589,-0.026810357391110103,0.0014713161169878518,-0.03335571228768901,0.00339996440069638,-0.03448355562771405,0.004484725074390118,-0.03472090563910203,0.004931663438798606,-0.0341528345926683,0.0037336781445857256,-0.03360253657290052,0.0033560315781362127,-0.021480777184015473,0.0008821065532204499,-0.03556466770531548,0.006458788998353102,-0.03531827667335377,0.005889063729972547,-0.03597101621673143,0.005197458355281807,-0.03520326112626788,0.0058555073504750164,-0.03416918347240828,0.004584748919662236,-0.0330125716597463,0.003839236493447303,-0.03160944918356405,0.00410873494188434,-0.024303482189630476,0.001022770310242312,-0.025416579130966285,0.0010592849442455422,-0.038942921768045986,0.00990403532160604,-0.03898113040641948,0.008676815190824125,-0.033359934045456306,0.005825932573665851,-0.03427976067011186,0.008607094568364991,-0.03545854574823031,0.008667187228955242,-0.032244176129689425,0.0042889221449578215,-0.016347904451303803,-0.003914735666847308,0.006874924514835587,-0.01033908009259329,-0.007614711309401602,-0.004992268623563379,0.04747804111729053,-0.022967725467129975,0.05982672879875401,-0.02826677727276418,-0.029723873018996188,0.005186049062926616,-0.03319492824583277,0.008468157238855018,-0.03671981509551513,0.011534880335802689,-0.03982406143366457,0.014242086037859526,-0.04001017068067702,0.012440583272555822,-0.03266008429811627,0.011237446346089891,-0.04043889248623476,0.014130392896961306,-0.016116147750539538,-0.0027094513034107196,0.08377501426947563,-0.03911557591819111,-0.012681466583994088,-0.0006593425738835041
26.0,0.005592447403293666,-0.0032397189546895353,0.014767658131114006,-0.006494876955887675,0.008941806542568837,-0.003644894482950287,0.003324369357384704,-0.0019799911348095498,0.0010448195862874127,-0.0014443160910281919,0.0006423967913035589,-0.0013419058952484223,0.000723497490544378,-0.0013383743077306737,0.00076566042850161,-0.0013523071066889106,0.00022140147822898075,-0.0014246197836726665,7.207490090464886e-5,-0.001168169294335396,0.0002793564433004043,-0.0012307917224432404,0.0004559770816761414,-0.001251708299881719,0.0006555503368771568,-0.0013141897368927284,0.0020724194227416735,-0.0016687521915540226,0.0030075868944781153,-0.001829854841577173,0.0033531190583488066,-0.0019953036984140028,0.005397240705446643,-0.002479588345403073,0.0067766929626087834,-0.0028779309871980107,0.0024101663592726035,-0.002113669993223898,0.0012195082103769869,-0.001755141642607515,0.0022574155903889157,-0.0018136739548844515,0.0010973149879707328,-0.0017303060767249986,0.0007464357574413151,-0.0016311639944124698,0.002961721569662442,-0.001900318989221479,0.013260437850705312,-0.004932373706406758,0.0071500835539389995,-0.0029124995378262118,0.006430032684899453,-0.0025820300114965515,0.003557413375647169,-0.0020718173700314695,0.0023780992612669628,-0.0018981979132873196,0.029503115692551707,-0.010678449180956014,-0.0021359320947120647,-0.0008282777532821938,-0.003930148974003419,-0.00042341321058929067,0.0026126986637795718,-0.002332675802931672,-6.9759672419427e-5,-0.0016689687317388594,0.00039447156739240544,-0.0017821202376634413,-0.0019253449453633148,-0.0013465000267695994,0.012593866529685905,-0.005915427963235621,-0.00019397661516090654,-0.001623097264819856,-0.00015496919373169765,-0.001454751606169446
27.0,0.005592447403293666,-0.0032397189546895353,0.014767658131114006,-0.006494876955887675,0.008941806542568837,-0.003644894482950287,0.003324369357384704,-0.0019799911348095498,0.0010448195862874127,-0.0014443160910281919,0.0006423967913035589,-0.0013419058952484223,0.000723497490544378,-0.0013383743077306737,0.00076566042850161,-0.0013523071066889106,0.00022140147822898075,-0.0014246197836726665,7.207490090464886e-5,-0.001168169294335396,0.0002793564433004043,-0.0012307917224432404,0.0004559770816761414,-0.001251708299881719,0.0006555503368771568,-0.0013141897368927284,0.0020724194227416735,-0.0016687521915540226,0.0030075868944781153,-0.001829854841577173,0.0033531190583488066,-0.0019953036984140028,0.005397240705446643,-0.002479588345403073,0.0067766929626087834,-0.0028779309871980107,0.0024101663592726035,-0.002113669993223898,0.0012195082103769869,-0.001755141642607515,0.0022574155903889157,-0.0018136739548844515,0.0010973149879707328,-0.0017303060767249986,0.0007464357574413151,-0.0016311639944124698,0.002961721569662442,-0.001900318989221479,0.013260437850705312,-0.004932373706406758,0.0071500835539389995,-0.0029124995378262118,0.006430032684899453,-0.0025820300114965515,0.003557413375647169,-0.0020718173700314695,0.0023780992612669628,-0.0018981979132873196,0.029503115692551707,-0.010678449180956014,-0.0021359320947120647,-0.0008282777532821938,-0.003930148974003419,-0.00042341321058929067,0.0026126986637795718,-0.002332675802931672,-6.9759672419427e-5,-0.0016689687317388594,0.00039447156739240544,-0.0017821202376634413,-0.0019253449453633148,-0.0013465000267695994,0.012593866529685905,-0.005915427963235621,-0.00019397661516090654,-0.001623097264819856,-0.00015496919373169765,-0.001454751606169446
28.0,-0.06339075278253992,-0.012014677847470375,-0.07933009556087907,-0.008415580165893968,-0.10342195555692917,-0.006230966075398582,-0.1196470566391768,-0.0008240320082400483,-0.12046437300889427,0.0019688103949548953,-0.12048588527894041,0.0032878949359398182,-0.1195864764294389,-0.00036788830307593964,-0.11812014577686197,-0.0015151501476169764,-0.08024069510864007,-0.009097935906134216,-0.12205837845643054,0.008331914105231783,-0.12170359295163945,0.006467359374189102,-0.12451113137288919,0.004364231277361222,-0.12193106305732734,0.006651806787741278,-0.12101104551805972,0.0032023229629469345,-0.12026007279476802,0.002539611143238366,-0.11645779734728097,0.004153414635852237,-0.10735485939450584,-0.001952189188054045,-0.10656158663110807,-0.0041177648661609445,-0.12591421051422272,0.01986057888357284,-0.11621336372816586,0.015181138909163339,-0.11467910195721429,0.00851820734888179,-0.10945157336992498,0.01622023313219169,-0.1142176022751839,0.0167807902429845,-0.11657988273055565,0.0042958581914442065,-0.07702577839800853,-0.01081897235416238,-0.07345290164988504,-0.013736699985627055,-0.09079589611649379,-0.0092386455736779,-0.03941041660032666,-0.0215905298873677,-0.027119412867788722,-0.023410326547822796,-0.05978148115262406,-0.006569565965188137,-0.10780951539965877,0.014664155861693416,-0.11788847500285062,0.02504209566178895,-0.12781335063111604,0.0341561190189481,-0.10595268879899732,0.02375709066612704,-0.09413040917191517,0.023721904651444078,-0.12252500002053615,0.03418133796115264,-0.06748778546701074,-0.006894110612034817,0.00036232852048442247,-0.02584973507807201,-0.05247752506673703,-0.013589221057872603
29.0,-8.849527888714085e-5,0.0003122539005167006,0.0011841732664502464,-9.479828194864258e-5,0.002341609968551628,-0.0004155717685656616,0.004593122248772158,-0.0012334630126105356,0.007003240679927861,-0.0021199371470202325,0.007528249600551552,-0.0023723139814672404,0.006989206188346765,-0.0019421320489343451,0.006673844316676256,-0.0017769737391838843,0.002243626301930202,-0.0003802942480499635,0.0026616167097104487,-0.00111184203670027,0.004293681661991299,-0.0015326597327509541,0.003654941219897178,-0.0012383807072972293,0.002896400684624047,-0.0010958859933032593,0.0032743108596047454,-0.0010142353075450786,0.0018476819423718116,-0.0004089848738554889,0.0011847554807312435,-0.00017690899179039865,0.001461355060397199,-0.00020756269184711717,0.0018070984721415262,-0.0002768388015969299,0.000788784637159415,-0.00015924447147861926,0.0003480155371922571,-5.0496079990333536e-5,0.0004595097484509106,-1.3727020065329062e-5,-0.0003069900720249602,0.00014167785060260248,-7.71506401092747e-5,0.00010193226631829644,0.0010048410388721607,-0.00012390660501515182,0.0013186216168798175,-0.0002515293406257118,0.0010522378605597787,-8.56140101619998e-5,0.0012614400426515654,-0.00012501692275471399,0.00047388519304367654,7.970729235855054e-5,0.0002765680719220179,0.00012280667846821836,-5.622143515671147e-5,0.00010569017692083555,0.02182148533198954,-0.006448050644198345,-0.006913606625858946,0.00010338814197854172,0.0008387877190029244,-0.0002476801885262365,-0.00019342600823837487,4.0417738046394395e-5,-0.0014609999072583235,0.00029283124390890974,-0.0002714352360313723,0.00016293039964560945,0.0018835268551329878,-0.0004997695832931308,-0.0001553230115564311,0.0001958119264275582,-0.0008693932569988222,0.0005184820577922404
30.0,-8.849527888714085e-5,0.0003122539005167006,0.0011841732664502464,-9.479828194864258e-5,0.002341609968551628,-0.0004155717685656616,0.004593122248772158,-0.0012334630126105356,0.007003240679927861,-0.0021199371470202325,0.007528249600551552,-0.0023723139814672404,0.006989206188346765,-0.0019421320489343451,0.006673844316676256,-0.0017769737391838843,0.002243626301930202,-0.0003802942480499635,0.0026616167097104487,-0.00111184203670027,0.004293681661991299,-0.0015326597327509541,0.003654941219897178,-0.0012383807072972293,0.002896400684624047,-0.0010958859933032593,0.0032743108596047454,-0.0010142353075450786,0.0018476819423718116,-0.0004089848738554889,0.0011847554807312435,-0.00017690899179039865,0.001461355060397199,-0.00020756269184711717,0.0018070984721415262,-0.0002768388015969299,0.000788784637159415,-0.00015924447147861926,0.0003480155371922571,-5.0496079990333536e-5,0.0004595097484509106,-1.3727020065329062e-5,-0.0003069900720249602,0.00014167785060260248,-7.71506401092747e-5,0.00010193226631829644,0.0010048410388721607,-0.00012390660501515182,0.0013186216168798175,-0.0002515293406257118,0.0010522378605597787,-8.56140101619998e-5,0.0012614400426515654,-0.00012501692275471399,0.00047388519304367654,7.970729235855054e-5,0.0002765680719220179,0.00012280667846821836,-5.622143515671147e-5,0.00010569017692083555,0.02182148533198954,-0.006448050644198345,-0.006913606625858946,0.00010338814197854172,0.0008387877190029244,-0.0002476801885262365,-0.00019342600823837487,4.0417738046394395e-5,-0.0014609999072583235,0.00029283124390890974,-0.0002714352360313723,0.00016293039964560945,0.0018835268551329878,-0.0004997695832931308,-0.0001553230115564311,0.0001958119264275582,-0.0008693932569988222,0.0005184820577922404
31.0,0.004189671344781195,-0.0005117699058094251,0.0028485990424613455,0.0002802388174009015,0.005080102482710087,-0.0001775815506320569,0.0084022224435868,-0.0010940535142816038,0.009605882704206375,-0.0015744407056900265,0.009809931701572199,-0.0017192264804132067,0.009681790160713804,-0.00141642756097288,0.009543973419774723,-0.0013309971331866206,0.006903540527420599,-0.0010919314021838366,0.010932104576228067,-0.002414574894390046,0.010551577769169226,-0.002158896861276178,0.010623567987521948,-0.001933275612739337,0.010289790401484812,-0.0021144710595410246,0.008701154576053366,-0.001453484573403092,0.005709041804795335,-0.0006549032998933694,0.004259182411144747,-0.0003955331388948665,0.004271548229792383,-0.0002167461520928724,0.004608561900396542,-0.0001776917577236706,0.004217445634191982,-0.0011517820784496286,0.003915961067586029,-0.001208867693421166,0.003159099423654515,-0.00024845640979739186,0.0019249953822621307,-0.00018608083174505915,0.00084757806095643,2.3177935310988027e-7,0.0037784251050988924,-0.00028872320887869614,0.0030640410532118303,4.4317529394477355e-5,0.002840384822841626,0.00019161241352319558,0.003563170510341478,4.3966880686223396e-5,0.0013815685139404548,0.00048110330135393956,0.000872696849586944,0.0005473194821724258,-0.001179570187841772,0.0009769346489314217,0.008885214908821555,-0.002343974350491978,0.01550170563821083,-0.004525634910949339,0.003983671483047249,-0.0015349343744914664,0.0036764648333482506,-0.0018549239547952928,0.002236578692601756,-0.00037038559177313997,-0.004536430266988659,0.000469506558488388,0.0037172767455429536,-0.0002899888554538804,-0.0002468612095604922,0.0006362735066808984,0.004948393972612793,-0.0009428134592910381
32.0,0.004189671344781195,-0.0005117699058094251,0.0028485990424613455,0.0002802388174009015,0.005080102482710087,-0.0001775815506320569,0.0084022224435868,-0.0010940535142816038,0.009605882704206375,-0.0015744407056900265,0.009809931701572199,-0.0017192264804132067,0.009681790160713804,-0.00141642756097288,0.009543973419774723,-0.0013309971331866206,0.006903540527420599,-0.0010919314021838366,0.010932104576228067,-0.002414574894390046,0.010551577769169226,-0.002158896861276178,0.010623567987521948,-0.001933275612739337,0.010289790401484812,-0.0021144710595410246,0.008701154576053366,-0.001453484573403092,0.005709041804795335,-0.0006549032998933694,0.004259182411144747,-0.0003955331388948665,0.004271548229792383,-0.0002167461520928724,0.004608561900396542,-0.0001776917577236706,0.004217445634191982,-0.0011517820784496286,0.003915961067586029,-0.001208867693421166,0.003159099423654515,-0.00024845640979739186,0.0019249953822621307,-0.00018608083174505915,0.00084757806095643,2.3177935310988027e-7,0.0037784251050988924,-0.00028872320887869614,0.0030640410532118303,4.4317529394477355e-5,0.002840384822841626,0.00019161241352319558,0.003563170510341478,4.3966880686223396e-5,0.0013815685139404548,0.00048110330135393956,0.000872696849586944,0.0005473194821724258,-0.001179570187841772,0.0009769346489314217,0.008885214908821555,-0.002343974350491978,0.01550170563821083,-0.004525634910949339,0.003983671483047249,-0.0015349343744914664,0.0036764648333482506,-0.0018549239547952928,0.002236578692601756,-0.00037038559177313997,-0.004536430266988659,0.000469506558488388,0.0037172767455429536,-0.0002899888554538804,-0.0002468612095604922,0.0006362735066808984,0.004948393972612793,-0.0009428134592910381
33.0,0.00014513378933435873,0.00037912472898743546,0.0002264227027145804,0.0003495019624757658,-0.0005610102548043903,0.0006925326663051159,0.0006980047131143672,0.00037036057984214595,0.0016046495006409515,8.611363696118156e-5,0.0017818917317937008,1.797948414549916e-5,0.0016652211512985964,9.116233009141738e-5,0.0015923898831949161,0.0001201013521366434,0.0007135730339448308,0.00029030428908252714,0.0025022806587095105,-0.000249225082987348,0.0022472411935366586,-0.00014967935062495675,0.0021281442424008518,-5.7684608316316236e-5,0.00191637827542132,-4.038704539634688e-5,0.0004903088776120493,0.0004512425096206193,-0.0029292768895782906,0.0016287221691739689,-0.004345659650651865,0.0022425120982756306,-0.0029173638555549893,0.001670076811839793,-0.0020253232711493294,0.0012793218917236196,-0.0029136989877961146,0.002356023658625336,-0.001603917944990268,0.0019713512939362574,-0.008386703262963932,0.0034723527543067683,-0.012406290315272966,0.00504019787930614,-0.00787191896913591,0.004224336472446427,-0.004841826524190599,0.0024485885657288243,-0.000352556859945527,0.0009712302665695755,-0.0012124237883753002,0.0011703360682662485,-0.0020124268030084947,0.0013623295689759003,-0.0005195374366521177,0.001011204568821437,-0.00031059984217195495,0.0009799664980965962,0.002660451447024461,-0.0002036924399377939,0.002156803101641658,-0.0002639329067018748,0.00662546637228463,-0.0013681357082595835,-0.002796162779855483,0.0025799537014835187,-0.00019038327721039518,0.0019219159505380258,-0.02332554801250623,0.007107226494517203,0.002728708181753307,0.004295964663627365,-0.0015280714108315055,0.0011804429329835874,0.0001315279170140559,0.0009225561259730168,9.216611332279442e-5,0.00038809749720739717
34.0,0.00014513378933435873,0.00037912472898743546,0.0002264227027145804,0.0003495019624757658,-0.0005610102548043903,0.0006925326663051159,0.0006980047131143672,0.00037036057984214595,0.0016046495006409515,8.611363696118156e-5,0.0017818917317937008,1.797948414549916e-5,0.0016652211512985964,9.116233009141738e-5,0.0015923898831949161,0.0001201013521366434,0.0007135730339448308,0.00029030428908252714,0.0025022806587095105,-0.000249225082987348,0.0022472411935366586,-0.00014967935062495675,0.0021281442424008518,-5.7684608316316236e-5,0.00191637827542132,-4.038704539634688e-5,0.0004903088776120493,0.0004512425096206193,-0.0029292768895782906,0.0016287221691739689,-0.004345659650651865,0.0022425120982756306,-0.0029173638555549893,0.001670076811839793,-0.0020253232711493294,0.0012793218917236196,-0.0029136989877961146,0.002356023658625336,-0.001603917944990268,0.0019713512939362574,-0.008386703262963932,0.0034723527543067683,-0.012406290315272966,0.00504019787930614,-0.00787191896913591,0.004224336472446427,-0.004841826524190599,0.0024485885657288243,-0.000352556859945527,0.0009712302665695755,-0.0012124237883753002,0.0011703360682662485,-0.0020124268030084947,0.0013623295689759003,-0.0005195374366521177,0.001011204568821437,-0.00031059984217195495,0.0009799664980965962,0.002660451447024461,-0.0002036924399377939,0.002156803101641658,-0.0002639329067018748,0.00662546637228463,-0.0013681357082595835,-0.002796162779855483,0.0025799537014835187,-0.00019038327721039518,0.0019219159505380258,-0.02332554801250623,0.007107226494517203,0.002728708181753307,0.004295964663627365,-0.0015280714108315055,0.0011804429329835874,0.0001315279170140559,0.0009225561259730168,9.216611332279442e-5,0.00038809749720739717
35.0,0.002302955095892623,0.0023301231700405636,0.0028412227111420042,0.0027043674460481113,0.002119082696260237,0.0024401096854863085,0.0010216353642654382,0.0026121093746408045,0.0005117173205212458,0.002764803480199067,0.00036912731647361843,0.002806638341089996,0.0005805805197637673,0.0026981715210373887,0.0006642617326930579,0.0026595910685080285,0.0014369524749348547,0.002316397293741381,0.000222642641654563,0.0028098456015836003,0.0002795024208457467,0.0028047518413595422,0.0003821088821555077,0.0027562293298982864,0.0003725168804917099,0.0027513527370319293,0.0007226273634855702,0.002614790912879738,0.0009657933528407662,0.002322395415645004,0.0010046285398403292,0.0022357180320519117,0.0017367069925305254,0.001981108685609802,0.0019065064074909504,0.002155773337184057,0.0006871705665748201,0.0022763063357013873,0.0006567124095678647,0.002133325506809837,0.0003371569097962907,0.0023653630256953253,-0.0004279804172329154,0.0025472774610012902,-7.947528959242986e-5,0.0024710472663198625,0.0008846140772236499,0.0022761267568009334,0.007326340079690058,-0.0020457254808539326,0.003560178602150537,0.0003114459473132079,0.0027972996099020347,0.0011100661954663795,0.0018593245208843603,0.000672776911709403,0.0012574779641529063,0.0007529260430707439,-0.007013973493226442,0.004623727130050244,-0.001211863646938887,0.00303873756624714,-0.0008414907892161784,0.002840492839657825,0.00038385886993315773,0.0021603698677023346,0.00039196269658647924,0.0021624128260503825,-0.001762751682142934,0.0027039355702813206,2.9256416954590753e-5,0.00248720661742942,0.02367124858818997,-0.006038911839990579,-7.880015733873907e-5,0.0008581366837506382,0.0019436061748472461,0.002048143376709585
36.0,0.002302955095892623,0.0023301231700405636,0.0028412227111420042,0.0027043674460481113,0.002119082696260237,0.0024401096854863085,0.0010216353642654382,0.0026121093746408045,0.0005117173205212458,0.002764803480199067,0.00036912731647361843,0.002806638341089996,0.0005805805197637673,0.0026981715210373887,0.0006642617326930579,0.0026595910685080285,0.0014369524749348547,0.002316397293741381,0.000222642641654563,0.0028098456015836003,0.0002795024208457467,0.0028047518413595422,0.0003821088821555077,0.0027562293298982864,0.0003725168804917099,0.0027513527370319293,0.0007226273634855702,0.002614790912879738,0.0009657933528407662,0.002322395415645004,0.0010046285398403292,0.0022357180320519117,0.0017367069925305254,0.001981108685609802,0.0019065064074909504,0.002155773337184057,0.0006871705665748201,0.0022763063357013873,0.0006567124095678647,0.002133325506809837,0.0003371569097962907,0.0023653630256953253,-0.0004279804172329154,0.0025472774610012902,-7.947528959242986e-5,0.0024710472663198625,0.0008846140772236499,0.0022761267568009334,0.007326340079690058,-0.0020457254808539326,0.003560178602150537,0.0003114459473132079,0.0027972996099020347,0.0011100661954663795,0.0018593245208843603,0.000672776911709403,0.0012574779641529063,0.0007529260430707439,-0.007013973493226442,0.004623727130050244,-0.001211863646938887,0.00303873756624714,-0.0008414907892161784,0.002840492839657825,0.00038385886993315773,0.0021603698677023346,0.00039196269658647924,0.0021624128260503825,-0.001762751682142934,0.0027039355702813206,2.9256416954590753e-5,0.00248720661742942,0.02367124858818997,-0.006038911839990579,-7.880015733873907e-5,0.0008581366837506382,0.0019436061748472461,0.002048143376709585
37.0,0.01094354105441321,0.0318834000948239,0.00820267251195575,0.033969639253779216,0.010125814068297295,0.03302170322871862,0.01028418512905018,0.03349557742491431,0.009743803179349284,0.03406428048730796,0.009303007777574257,0.03420853775839286,0.010553975900733922,0.033375014903394166,0.010881599522524285,0.033147376931201684,0.011946039006551615,0.031711769127910204,0.00790644739946815,0.034540040175431136,0.008433825259778984,0.034403533228560663,0.009186548494989653,0.034181817295299656,0.008349984660258627,0.03434775448217783,0.009201651578656711,0.03395421573582266,0.009140155513634214,0.033687192270184775,0.00831169152983808,0.03424770299874189,0.008839997098349216,0.034211856266960716,0.009569711103111972,0.0336500029223797,0.005664438975962573,0.03524625469577148,0.00612021971861608,0.033019936260384776,0.006858003748741097,0.03438473966690768,0.004231141877598048,0.03518456170476417,0.004258693725545372,0.03493983075690566,0.008258296237736159,0.034390360971347074,0.007856708265036715,0.03477515370709428,0.006604377476904733,0.03667044020409256,0.008258667903708553,0.03514395720493175,0.0021016191620278554,0.03983953637913011,-0.0003289956860390658,0.04113165521769657,0.005465511675319801,0.03389858632603487,0.0036883838819767962,0.033125505923898374,0.0024354169368016516,0.03340317377792087,0.002387545352189691,0.03380755877696274,0.0031678312821145057,0.03388636031855329,0.0012601249089497111,0.03526026321312332,-0.0008361468650433792,0.03524135080443464,0.0053602149868632425,0.03399436286420394,-0.0060720693460429714,0.043303363215212935,0.012439995457627214,0.03012454692044679
38.0,0.0003287503569125702,-0.000813892777980878,0.001326565932886444,-0.001129581663679413,0.001774245891482052,-0.0011515843077895135,0.0020832717540325996,-0.0013332139877634225,0.0020801754587911675,-0.0014351557554288185,0.0021079823871131376,-0.0014782459618848313,0.0019801211703325138,-0.001346356324758214,0.001908022879381477,-0.001301133260354589,0.0006162786314555387,-0.0009049508944403128,0.0022152796037072475,-0.0016092354686182574,0.002180906643907558,-0.0015603727090749068,0.0022171378726613933,-0.0015046521824757194,0.0022067207897494886,-0.0015565448543830836,0.0021834981010226987,-0.0014449284680005741,0.0022819152782718156,-0.0013853009770142413,0.0022800295497310565,-0.0014285316476908025,0.001957257404480945,-0.0012561796268470077,0.001893260147368829,-0.001200809744225644,0.0009271135689999381,-0.0013305193887390406,-0.0010905862291668322,-0.0011646712963357083,0.0030622788601087354,-0.0017295287246963124,0.003822905835971514,-0.0021612484409993106,0.004254501052655251,-0.0021893440719505893,0.002554878822421923,-0.0014956143623070365,0.001255606439526315,-0.0010365152152310968,0.0010080232047219762,-0.000894941632298712,0.0014554676056976706,-0.0010316491069671983,7.249113492370419e-5,-0.0005834264191004761,-0.00021323101498447433,-0.0004899822312787982,0.001381938020717988,-0.0012598679960350839,0.002272497704100144,-0.001771934401834798,0.002325337337161222,-0.00198281224647202,0.0018518849834247878,-0.0012895539761450612,-0.0034728790905289705,-0.0009952240250861168,0.0038777315078141455,-0.002505010028184613,0.006761363193635336,-0.0029836919439271505,0.0011642787910203878,-0.0011089781399681094,-0.0008043479782154939,-0.00030435415441269753,-0.00028984894560739235,-0.0006348354546164234
39.0,0.0003287503569125702,-0.000813892777980878,0.001326565932886444,-0.001129581663679413,0.001774245891482052,-0.0011515843077895135,0.0020832717540325996,-0.0013332139877634225,0.0020801754587911675,-0.0014351557554288185,0.0021079823871131376,-0.0014782459618848313,0.0019801211703325138,-0.001346356324758214,0.001908022879381477,-0.001301133260354589,0.0006162786314555387,-0.0009049508944403128,0.0022152796037072475,-0.0016092354686182574,0.002180906643907558,-0.0015603727090749068,0.0022171378726613933,-0.0015046521824757194,0.0022067207897494886,-0.0015565448543830836,0.0021834981010226987,-0.0014449284680005741,0.0022819152782718156,-0.0013853009770142413,0.0022800295497310565,-0.0014285316476908025,0.001957257404480945,-0.0012561796268470077,0.001893260147368829,-0.001200809744225644,0.0009271135689999381,-0.0013305193887390406,-0.0010905862291668322,-0.0011646712963357083,0.0030622788601087354,-0.0017295287246963124,0.003822905835971514,-0.0021612484409993106,0.004254501052655251,-0.0021893440719505893,0.002554878822421923,-0.0014956143623070365,0.001255606439526315,-0.0010365152152310968,0.0010080232047219762,-0.000894941632298712,0.0014554676056976706,-0.0010316491069671983,7.249113492370419e-5,-0.0005834264191004761,-0.00021323101498447433,-0.0004899822312787982,0.001381938020717988,-0.0012598679960350839,0.002272497704100144,-0.001771934401834798,0.002325337337161222,-0.00198281224647202,0.0018518849834247878,-0.0012895539761450612,-0.0034728790905289705,-0.0009952240250861168,0.0038777315078141455,-0.002505010028184613,0.006761363193635336,-0.0029836919439271505,0.0011642787910203878,-0.0011089781399681094,-0.0008043479782154939,-0.00030435415441269753,-0.00028984894560739235,-0.0006348354546164234
40.0,0.008878409347973801,0.013015555569864537,0.014615852411611528,0.011483297667404628,0.011479732319828467,0.013287745822427133,0.007751525838448529,0.014751188261455193,0.00585337240064193,0.015427200673661374,0.0053688021971890765,0.015571010586833413,0.005965667547698858,0.015179353928186505,0.006118246238146442,0.015062447763819436,0.005633938293421763,0.014341028007990435,0.004675009119945152,0.015728255746253722,0.004946804694946237,0.01566226979662737,0.005473750320444902,0.015547076356274956,0.005220213142909525,0.015563457405674334,0.0064436052744966,0.015190848462322801,0.006831429388314405,0.015085634224868447,0.006560465629826873,0.015298597985805318,0.008229293904621031,0.014956702975804086,0.009605585040529085,0.014301146923105714,0.004776509303946471,0.01566733859926486,0.003996047288822853,0.014894687314345872,0.004847944046561879,0.015549655139297177,0.0025104490083875915,0.016059960379775785,0.002717454677726486,0.01591066600302979,0.0062550209024789,0.015439646071410103,0.009524407920233692,0.01686342667480517,0.008074074727903661,0.01631319249699939,0.008511917346906702,0.015583120326150007,0.005685323696408656,0.01671911063761752,0.004391659683606818,0.016859878524165938,0.03304293234887525,0.0071429724473927505,0.00020520627779883156,0.015587237278685736,0.0002248330087206582,0.015438480755307937,0.003585514186654957,0.01473022103613286,0.0014415920466269079,0.015440281817097189,-0.00035765855954013516,0.01621686239462801,-0.0004184178508344638,0.016034993042823693,-0.006407015365366145,0.019399046116804184,0.0012441796835820286,0.01684979340531107,0.005189814214283602,0.013558299090649373
41.0,0.003648844146829186,0.016992820294472025,0.010032154003864794,0.04469399484279517,0.006958909721675529,0.023667818542467283,0.006213295881812557,0.011645231645068288,0.005655739665986967,0.008257292736292205,0.005545521475551882,0.007769129579388629,0.005548282110749612,0.007379018052678373,0.005453067753041074,0.0072098878150791655,0.0024821775298244034,0.0028370099856841542,0.0056470269015862565,0.00542112336288794,0.005631251326191762,0.006228826684676262,0.00587193800197476,0.006242450446527204,0.005635818062617525,0.006181997320200368,0.005547840198231508,0.007958423838713256,0.004039842265337392,0.005530315598713999,0.0031668309088647433,0.0045577392928361935,0.0010780769771060808,0.0079889032047893,0.003426936865216932,0.01391889020460145,0.003102290956911301,0.003966953561528492,0.0031961737780658874,0.003091251068896805,0.0042247245834443605,0.0012229190824129957,0.005163614412892466,-0.0023120705440966513,0.005119731444731859,-0.0043964586867481,0.0035242803460992862,0.003313606059907217,-0.03518918411608152,-0.014707647413294143,-0.015305261835634144,-0.0026025356816485336,-0.007837028388616923,0.0020520133121114783,-0.012098831608687471,-0.0009200567340152843,-0.010767048169036448,-0.00012306627679864292,0.008968892766330807,0.20661181826136119,0.0036869970528419986,0.007819355546668598,0.006121875472530216,-0.0026690374956909076,0.0025756894757972726,0.003913794717094983,0.0029876877905330506,0.0020638820310961577,0.006080171832758227,-0.0027068992676688875,0.006784534471054253,-0.016607199207917478,-0.045229541317352184,-0.18335842791360757,-0.00755847892488785,0.0017914302638768968,0.00045792194407500743,-0.00027186452180359835
42.0,0.003648844146829186,0.016992820294472025,0.010032154003864794,0.04469399484279517,0.006958909721675529,0.023667818542467283,0.006213295881812557,0.011645231645068288,0.005655739665986967,0.008257292736292205,0.005545521475551882,0.007769129579388629,0.005548282110749612,0.007379018052678373,0.005453067753041074,0.0072098878150791655,0.0024821775298244034,0.0028370099856841542,0.0056470269015862565,0.00542112336288794,0.005631251326191762,0.006228826684676262,0.00587193800197476,0.006242450446527204,0.005635818062617525,0.006181997320200368,0.005547840198231508,0.007958423838713256,0.004039842265337392,0.005530315598713999,0.0031668309088647433,0.0045577392928361935,0.0010780769771060808,0.0079889032047893,0.003426936865216932,0.01391889020460145,0.003102290956911301,0.003966953561528492,0.0031961737780658874,0.003091251068896805,0.0042247245834443605,0.0012229190824129957,0.005163614412892466,-0.0023120705440966513,0.005119731444731859,-0.0043964586867481,0.0035242803460992862,0.003313606059907217,-0.03518918411608152,-0.014707647413294143,-0.015305261835634144,-0.0026025356816485336,-0.007837028388616923,0.0020520133121114783,-0.012098831608687471,-0.0009200567340152843,-0.010767048169036448,-0.00012306627679864292,0.008968892766330807,0.20661181826136119,0.0036869970528419986,0.007819355546668598,0.006121875472530216,-0.0026690374956909076,0.0025756894757972726,0.003913794717094983,0.0029876877905330506,0.0020638820310961577,0.006080171832758227,-0.0027068992676688875,0.006784534471054253,-0.016607199207917478,-0.045229541317352184,-0.18335842791360757,-0.00755847892488785,0.0017914302638768968,0.00045792194407500743,-0.00027186452180359835
43.0,-0.0032152967690808206,0.0011073820772529925,-0.006794601544971451,0.0025926399579441818,-0.00957834909376208,0.0038412207844570126,-0.00912530046836633,0.001968087640624935,-0.007700126132685732,0.00015243349395703028,-0.007482042901268018,-0.00016048177174846618,-0.007355691937062731,-0.00016226281875700765,-0.007226696509231362,-0.00012300682920236643,-0.0035461903242215175,8.504603624834107e-5,-0.007694707670649807,7.831655355200518e-5,-0.007652603491194498,1.7092339324713813e-5,-0.008154237110985039,0.00031971423045780044,-0.008304207180155308,0.0009105825737923676,-0.009771718524968508,0.0029974417686483706,-0.013933154374382887,0.00918789372859517,-0.015441060483536894,0.0123314089099686,-0.012997012520921381,0.00870802302153994,-0.01173526698813859,0.006757454987366939,-0.014676742724300819,0.007396801446876813,-0.01224060549524975,0.0035185787865808344,-0.01753060485631362,0.00761601152615603,-0.019334124428740402,0.003360854635938052,-0.03079904822917625,0.07097805807809693,-0.01751913722401976,0.020470671838843026,-0.007172522711413367,0.0027254080941152238,-0.008864229946247118,0.0035557114501679797,-0.010861658220339,0.005718715396169534,-0.006582766476253668,0.0007644734940539796,-0.005719541692125119,2.7110075270587953e-5,-0.004063394809898163,0.002028313172545398,-0.004427824402710921,-0.003151361102365131,-0.0040258617171715395,-0.0034708628088797495,-0.01463697233405557,0.0066696004047727435,-0.009605982439301764,0.0004690996073112166,0.0034357664447123475,-0.10302801288815422,-0.08623963195574723,0.3028595756839366,-0.006367391949971514,0.002215012166709486,-0.003567125494255906,-0.0014017658271089353,-0.0009484894910864991,0.00028261762157465945
44.0,-0.0032152967690808206,0.0011073820772529925,-0.006794601544971451,0.0025926399579441818,-0.00957834909376208,0.0038412207844570126,-0.00912530046836633,0.001968087640624935,-0.007700126132685732,0.00015243349395703028,-0.007482042901268018,-0.00016048177174846618,-0.007355691937062731,-0.00016226281875700765,-0.007226696509231362,-0.00012300682920236643,-0.0035461903242215175,8.504603624834107e-5,-0.007694707670649807,7.831655355200518e-5,-0.007652603491194498,1.7092339324713813e-5,-0.008154237110985039,0.00031971423045780044,-0.008304207180155308,0.0009105825737923676,-0.009771718524968508,0.0029974417686483706,-0.013933154374382887,0.00918789372859517,-0.015441060483536894,0.0123314089099686,-0.012997012520921381,0.00870802302153994,-0.01173526698813859,0.006757454987366939,-0.014676742724300819,0.007396801446876813,-0.01224060549524975,0.0035185787865808344,-0.01753060485631362,0.00761601152615603,-0.019334124428740402,0.003360854635938052,-0.03079904822917625,0.07097805807809693,-0.01751913722401976,0.020470671838843026,-0.007172522711413367,0.0027254080941152238,-0.008864229946247118,0.0035557114501679797,-0.010861658220339,0.005718715396169534,-0.006582766476253668,0.0007644734940539796,-0.005719541692125119,2.7110075270587953e-5,-0.004063394809898163,0.002028313172545398,-0.004427824402710921,-0.003151361102365131,-0.0040258617171715395,-0.0034708628088797495,-0.01463697233405557,0.0066696004047727435,-0.009605982439301764,0.0004690996073112166,0.0034357664447123475,-0.10302801288815422,-0.08623963195574723,0.3028595756839366,-0.006367391949971514,0.002215012166709486,-0.003567125494255906,-0.0014017658271089353,-0.0009484894910864991,0.00028261762157465945
45.0,-0.0012638801511347718,-0.0009077910649786915,-0.001514411398596972,-0.0005178509850246295,-0.002430701414723247,-0.000355889666421228,-0.003121389644492928,-0.0002636032403334595,-0.0031817923809929417,-0.0002643759185548842,-0.003194016119338196,-0.00023466844780003568,-0.003152968580591593,-0.00034913346626922186,-0.0031038232227168835,-0.0003913128587875854,-0.0019307014871030547,-0.0008442143384926214,-0.003349199603422319,-4.3353467879481215e-5,-0.003301928169032091,-0.00011151378475789216,-0.0033943797754686054,-0.00014871503090231727,-0.003330710064323241,-7.173925848830869e-5,-0.003271880740543466,-0.00012132525976813517,-0.0033693013484320175,1.6791827144938885e-5,-0.0033124203300322922,0.00012928455651278796,-0.002692110540866322,-9.312272565641527e-5,-0.0026103706319496028,-0.00020603582892690428,-0.003559005111868053,0.0009211295747784485,-0.0045796825350851895,0.0008235514841129348,-0.003648134480330305,0.00021445976158290046,-0.00388701256079359,0.0004015811455515495,-0.0040014782359095195,0.0003679892350849206,-0.0034248228736242885,0.00011331380404921823,-0.0012972084476201439,-0.0005841747164553571,-0.0006951579739738571,-0.00043394861626229925,-0.0016461614791196504,-0.00028541330611780774,0.0013317412058446443,-0.0005206072324601776,0.001958280187836237,-0.0005835370759412765,-0.0008065259176494396,-0.0005793999408172999,-0.0027843691384220135,-1.0886060661609454e-6,-0.0034936488036687425,0.0004057304749766265,-0.002260494608054875,0.0015164297230036527,-0.005941335282483798,0.0012972766071973974,-0.0038691873089064673,0.0006334852178822781,-0.00463026555831279,0.0006635529177060058,-0.0011692425224209097,-0.0005019902211573946,0.0031909839243970243,-0.0006929603345962944,-0.001077891909782728,-0.0011217196965775439
46.0,-0.0012638801511347718,-0.0009077910649786915,-0.001514411398596972,-0.0005178509850246295,-0.002430701414723247,-0.000355889666421228,-0.003121389644492928,-0.0002636032403334595,-0.0031817923809929417,-0.0002643759185548842,-0.003194016119338196,-0.00023466844780003568,-0.003152968580591593,-0.00034913346626922186,-0.0031038232227168835,-0.0003913128587875854,-0.0019307014871030547,-0.0008442143384926214,-0.003349199603422319,-4.3353467879481215e-5,-0.003301928169032091,-0.00011151378475789216,-0.0033943797754686054,-0.00014871503090231727,-0.003330710064323241,-7.173925848830869e-5,-0.003271880740543466,-0.00012132525976813517,-0.0033693013484320175,1.6791827144938885e-5,-0.0033124203300322922,0.00012928455651278796,-0.002692110540866322,-9.312272565641527e-5,-0.0026103706319496028,-0.00020603582892690428,-0.003559005111868053,0.0009211295747784485,-0.0045796825350851895,0.0008235514841129348,-0.003648134480330305,0.00021445976158290046,-0.00388701256079359,0.0004015811455515495,-0.0040014782359095195,0.0003679892350849206,-0.0034248228736242885,0.00011331380404921823,-0.0012972084476201439,-0.0005841747164553571,-0.0006951579739738571,-0.00043394861626229925,-0.0016461614791196504,-0.00028541330611780774,0.0013317412058446443,-0.0005206072324601776,0.001958280187836237,-0.0005835370759412765,-0.0008065259176494396,-0.0005793999408172999,-0.0027843691384220135,-1.0886060661609454e-6,-0.0034936488036687425,0.0004057304749766265,-0.002260494608054875,0.0015164297230036527,-0.005941335282483798,0.0012972766071973974,-0.0038691873089064673,0.0006334852178822781,-0.00463026555831279,0.0006635529177060058,-0.0011692425224209097,-0.0005019902211573946,0.0031909839243970243,-0.0006929603345962944,-0.001077891909782728,-0.0011217196965775439
47.0,-0.0349282656174028,0.005793378453297118,-0.015819674025580616,-0.0016937347374599196,-0.016692746587569585,-0.0028028848009920473,-0.02138965589860523,-0.001522794108709141,-0.024649206072306896,-6.989484475796213e-5,-0.024517366345558678,0.00012110259204909121,-0.026632602104100095,0.00016158167068230534,-0.027457631247523474,0.0003609980528407686,-0.03889173079271007,0.006080028748428983,-0.022206092624430473,0.00010594977232926728,-0.02298685038193479,7.368105702730843e-5,-0.022757993443777495,-0.0005579513396780233,-0.021497571583899415,-0.0004150148555568954,-0.019539227324710095,-0.001614802788139739,-0.012060297947209662,-0.004385378691343843,-0.008410011528579068,-0.005549305633616236,-0.010828710365042819,-0.004893001158714532,-0.013170561023262714,-0.004140818426973244,-0.001493190667706808,-0.0072390863267929,0.002947935737374307,-0.007751973271626038,-0.0058259903593773105,-0.006072814328036472,-0.0028022570792410914,-0.006607420262454895,-0.0015002976542330612,-0.006825558104734608,-0.007527691170167006,-0.005819309662706534,-0.01476106973612026,-0.0030692237977812207,-0.009774420427755814,-0.005248937818638733,-0.010523908887654346,-0.005148675055041815,-0.004379567564862682,-0.0067297545178776185,-0.0023974778211525525,-0.007162228359627659,-0.008300945200664323,-0.0021500631173875157,-0.019998947241294397,0.0018496183826713097,-0.020616219034495176,0.0028616885009535146,-0.0004995514748079325,-0.006934898779891213,0.009294926890543072,-0.009705126294725584,-0.0015383953860884114,-0.006594480719640142,0.007346361481003359,-0.007952841420919935,-0.01387764410461364,-0.0021051582715156457,0.00200046156844782,-0.007841757857113139,-0.0460829882070874,0.009678880327166538
48.0,-0.0349282656174028,0.005793378453297118,-0.015819674025580616,-0.0016937347374599196,-0.016692746587569585,-0.0028028848009920473,-0.02138965589860523,-0.001522794108709141,-0.024649206072306896,-6.989484475796213e-5,-0.024517366345558678,0.00012110259204909121,-0.026632602104100095,0.00016158167068230534,-0.027457631247523474,0.0003609980528407686,-0.03889173079271007,0.006080028748428983,-0.022206092624430473,0.00010594977232926728,-0.02298685038193479,7.368105702730843e-5,-0.022757993443777495,-0.0005579513396780233,-0.021497571583899415,-0.0004150148555568954,-0.019539227324710095,-0.001614802788139739,-0.012060297947209662,-0.004385378691343843,-0.008410011528579068,-0.005549305633616236,-0.010828710365042819,-0.004893001158714532,-0.013170561023262714,-0.004140818426973244,-0.001493190667706808,-0.0072390863267929,0.002947935737374307,-0.007751973271626038,-0.0058259903593773105,-0.006072814328036472,-0.0028022570792410914,-0.006607420262454895,-0.0015002976542330612,-0.006825558104734608,-0.007527691170167006,-0.005819309662706534,-0.01476106973612026,-0.0030692237977812207,-0.009774420427755814,-0.005248937818638733,-0.010523908887654346,-0.005148675055041815,-0.004379567564862682,-0.0067297545178776185,-0.0023974778211525525,-0.007162228359627659,-0.008300945200664323,-0.0021500631173875157,-0.019998947241294397,0.0018496183826713097,-0.020616219034495176,0.0028616885009535146,-0.0004995514748079325,-0.006934898779891213,0.009294926890543072,-0.009705126294725584,-0.0015383953860884114,-0.006594480719640142,0.007346361481003359,-0.007952841420919935,-0.01387764410461364,-0.0021051582715156457,0.00200046156844782,-0.007841757857113139,-0.0460829882070874,0.009678880327166538
49.0,0.019838289902953454,0.05082338864460055,0.04734006056950628,0.13097313120926843,0.056297017019481074,0.06637988563830911,0.057906302247469635,0.012105028028114351,0.05497930407656408,-0.007984634372517865,0.054754349264877634,-0.012110477129110913,0.05304802163995002,-0.008792349613906719,0.051814121299699006,-0.007490880061147147,0.02438567068242853,-0.0024764036853195206,0.05722636940659443,-0.023982183648172554,0.056492936837500334,-0.019743412315523193,0.05794759250368012,-0.01738231326685018,0.05742509152900071,-0.01738125322457001,0.05771993551208777,-0.0018743935569628981,0.056922646985227775,0.007937308905026527,0.05483906939165558,0.01151597579536971,0.05656752144488116,0.03252597078322946,0.05709278849386858,0.045522696893245285,0.05214262066058025,0.013454304519579751,0.049032042238357006,0.01611140841451028,0.05142707798057929,-0.006960800425603502,0.04649060139934331,-0.027626108310976283,0.046771924582317985,-0.02793913196232356,0.054055996173455335,0.006578283875140341,0.060523995422812726,0.14261423126702186,0.0574679984885895,0.05685668655476146,0.05865507255756383,0.0458149835603683,0.04999613124341606,0.010320088511959973,0.04615372311295712,-0.005535933220905206,0.032449220030695336,0.2122162253668935,0.04806351194806618,-0.03392384324729768,0.06100681849573178,-0.07561403160122104,0.04663523270703225,0.010436440152546168,0.04351551252131211,0.016262647865501655,0.04082959605577029,-0.04827345539343564,0.042731801007411856,-0.059076544478372565,0.055874944012811734,0.2398548217049558,0.037705340084562854,-0.039873142733884696,0.004963265691699036,0.0006006667663629997
50.0,0.019838289902953454,0.05082338864460055,0.04734006056950628,0.13097313120926843,0.056297017019481074,0.06637988563830911,0.057906302247469635,0.012105028028114351,0.05497930407656408,-0.007984634372517865,0.054754349264877634,-0.012110477129110913,0.05304802163995002,-0.008792349613906719,0.051814121299699006,-0.007490880061147147,0.02438567068242853,-0.0024764036853195206,0.05722636940659443,-0.023982183648172554,0.056492936837500334,-0.019743412315523193,0.05794759250368012,-0.01738231326685018,0.05742509152900071,-0.01738125322457001,0.05771993551208777,-0.0018743935569628981,0.056922646985227775,0.007937308905026527,0.05483906939165558,0.01151597579536971,0.05656752144488116,0.03252597078322946,0.05709278849386858,0.045522696893245285,0.05214262066058025,0.013454304519579751,0.049032042238357006,0.01611140841451028,0.05142707798057929,-0.006960800425603502,0.04649060139934331,-0.027626108310976283,0.046771924582317985,-0.02793913196232356,0.054055996173455335,0.006578283875140341,0.060523995422812726,0.14261423126702186,0.0574679984885895,0.05685668655476146,0.05865507255756383,0.0458149835603683,0.04999613124341606,0.010320088511959973,0.04615372311295712,-0.005535933220905206,0.032449220030695336,0.2122162253668935,0.04806351194806618,-0.03392384324729768,0.06100681849573178,-0.07561403160122104,0.04663523270703225,0.010436440152546168,0.04351551252131211,0.016262647865501655,0.04082959605577029,-0.04827345539343564,0.042731801007411856,-0.059076544478372565,0.055874944012811734,0.2398548217049558,0.037705340084562854,-0.039873142733884696,0.004963265691699036,0.0006006667663629997
51.0,-0.0033943851953288436,-0.0010241718885717246,-0.0048746018156011,-0.0010725793794973575,-0.006484720690547529,-0.0006825724450075459,-0.00728253876579671,-0.0003014394112746831,-0.007176199564671622,-0.00017126437540725676,-0.0071614915667616505,-0.00010291267685289439,-0.007074973996695437,-0.0003001481280807788,-0.006969698749778612,-0.00036105307416656423,-0.004338369066033811,-0.0007346899439099927,-0.007380533903382991,0.0002354178133606303,-0.007318737605483253,0.00011240499991016953,-0.007524454287758651,4.853167689675856e-6,-0.007395645132465961,0.0001573010115844066,-0.007399898636768126,7.187388989968664e-6,-0.007539598570796037,0.00020417886150325102,-0.007381611460295045,0.00041091167332325644,-0.007073705293443537,-0.00012205686228271027,-0.006895510178118462,-0.00037010942205073933,-0.006504376677522601,0.0019340457959515407,-0.006987303573181563,0.0016463944986728058,-0.0077340841812908075,0.0006864604900203268,-0.00787429954936811,0.0011880780060029895,-0.008077055691734027,0.0011967158532081425,-0.0075084978869842675,0.0004146047748353397,-0.005263712339306657,-0.0008268263367834035,-0.0063546961167118944,-0.0009323414490596139,-0.006816670522614397,-0.0006387012016370843,-0.00613799096600813,-0.0013937390329452166,-0.005890373373129457,-0.0014150904940911499,-0.0025982739146270845,-0.001328149273456568,-0.006103856628466782,0.00042209439597336225,-0.007208842263577335,0.0011906050390904583,-0.004537267644079437,0.0031944959596339893,-0.007772504470604215,0.002248412632689194,-0.007523833946672293,0.001676500693745854,-0.008848409633189941,0.0022531816411486385,-0.005093148750553922,-0.0005759707141893484,-0.005074792404303902,-0.00135506540876697,-0.002436557836236674,-0.000938385071926979
52.0,-0.0033943851953288436,-0.0010241718885717246,-0.0048746018156011,-0.0010725793794973575,-0.006484720690547529,-0.0006825724450075459,-0.00728253876579671,-0.0003014394112746831,-0.007176199564671622,-0.00017126437540725676,-0.0071614915667616505,-0.00010291267685289439,-0.007074973996695437,-0.0003001481280807788,-0.006969698749778612,-0.00036105307416656423,-0.004338369066033811,-0.0007346899439099927,-0.007380533903382991,0.0002354178133606303,-0.007318737605483253,0.00011240499991016953,-0.007524454287758651,4.853167689675856e-6,-0.007395645132465961,0.0001573010115844066,-0.007399898636768126,7.187388989968664e-6,-0.007539598570796037,0.00020417886150325102,-0.007381611460295045,0.00041091167332325644,-0.007073705293443537,-0.00012205686228271027,-0.006895510178118462,-0.00037010942205073933,-0.006504376677522601,0.0019340457959515407,-0.006987303573181563,0.0016463944986728058,-0.0077340841812908075,0.0006864604900203268,-0.00787429954936811,0.0011880780060029895,-0.008077055691734027,0.0011967158532081425,-0.0075084978869842675,0.0004146047748353397,-0.005263712339306657,-0.0008268263367834035,-0.0063546961167118944,-0.0009323414490596139,-0.006816670522614397,-0.0006387012016370843,-0.00613799096600813,-0.0013937390329452166,-0.005890373373129457,-0.0014150904940911499,-0.0025982739146270845,-0.001328149273456568,-0.006103856628466782,0.00042209439597336225,-0.007208842263577335,0.0011906050390904583,-0.004537267644079437,0.0031944959596339893,-0.007772504470604215,0.002248412632689194,-0.007523833946672293,0.001676500693745854,-0.008848409633189941,0.0022531816411486385,-0.005093148750553922,-0.0005759707141893484,-0.005074792404303902,-0.00135506540876697,-0.002436557836236674,-0.000938385071926979
53.0,0.0018009826115959072,0.003845543245695791,0.0027825018741214776,0.011150967731619214,0.0031976649167841315,-0.0029420653267090307,0.005124271945007316,-0.02558062554149397,0.010599339341709282,-0.05528857158140943,0.011834021790744505,-0.0619340025772225,0.01008899964845288,-0.05459773279904038,0.00952766137497812,-0.0513971997497933,0.005026150934502947,-0.02155566938814946,-0.0028797675907831976,0.0035004970928612647,0.001975869616735985,-0.018472189513042966,2.9016080055213362e-5,-0.00974691481374529,-0.0015824632853988331,-0.0012236617872295468,0.001236619898364676,-0.010313977565385313,0.0013941124642892829,-0.0038698552608309217,0.0015182717817889503,-0.001191440799818116,0.0022032620037571444,-0.000634792715856226,0.0025897809200274135,-0.0014951925291856072,0.0014293354863081505,-0.0007596795332681654,0.0012197792607663975,-0.0003246251798047569,0.0009820485345184242,0.000326578162886162,0.00038316949512511614,0.001882024296648013,0.0003946586613489968,0.0019724766883331586,0.0013469010730968725,-0.0007162034513643635,0.003934687697230808,0.013849400821685934,0.00299669161149542,0.004710810254008451,0.0026864911305619155,0.00226103075103853,0.0026174598299224423,0.0018567563038148778,0.0023885119178243563,0.000904331442456235,0.0022161327596683833,0.026502332903414666,0.068006497365533,-0.24557664415804256,-0.045299140384602365,0.13216547088874628,0.0013867537924526735,-0.0007818004053258837,0.000995641982145827,4.298397337496876e-5,-0.00035400882269707936,0.0032788617810526575,-0.0005387642961851924,0.004311592472564396,0.001757253574462404,0.02649028359600892,0.0018868049214576142,-0.0011652491990573894,0.001370055787794958,-0.0006762802192977722
54.0,0.0018009826115959072,0.003845543245695791,0.0027825018741214776,0.011150967731619214,0.0031976649167841315,-0.0029420653267090307,0.005124271945007316,-0.02558062554149397,0.010599339341709282,-0.05528857158140943,0.011834021790744505,-0.0619340025772225,0.01008899964845288,-0.05459773279904038,0.00952766137497812,-0.0513971997497933,0.005026150934502947,-0.02155566938814946,-0.0028797675907831976,0.0035004970928612647,0.001975869616735985,-0.018472189513042966,2.9016080055213362e-5,-0.00974691481374529,-0.0015824632853988331,-0.0012236617872295468,0.001236619898364676,-0.010313977565385313,0.0013941124642892829,-0.0038698552608309217,0.0015182717817889503,-0.001191440799818116,0.0022032620037571444,-0.000634792715856226,0.0025897809200274135,-0.0014951925291856072,0.0014293354863081505,-0.0007596795332681654,0.0012197792607663975,-0.0003246251798047569,0.0009820485345184242,0.000326578162886162,0.00038316949512511614,0.001882024296648013,0.0003946586613489968,0.0019724766883331586,0.0013469010730968725,-0.0007162034513643635,0.003934687697230808,0.013849400821685934,0.00299669161149542,0.004710810254008451,0.0026864911305619155,0.00226103075103853,0.0026174598299224423,0.0018567563038148778,0.0023885119178243563,0.000904331442456235,0.0022161327596683833,0.026502332903414666,0.068006497365533,-0.24557664415804256,-0.045299140384602365,0.13216547088874628,0.0013867537924526735,-0.0007818004053258837,0.000995641982145827,4.298397337496876e-5,-0.00035400882269707936,0.0032788617810526575,-0.0005387642961851924,0.004311592472564396,0.001757253574462404,0.02649028359600892,0.0018868049214576142,-0.0011652491990573894,0.001370055787794958,-0.0006762802192977722
55.0,0.0005602233110810959,-0.007669988553421978,0.004349495814553777,-0.008861326403518001,0.011078578286608494,-0.010299599819956184,0.009635303274275375,-0.01012306969876556,0.006178340385100012,-0.009436766915715862,0.005668798701480658,-0.009373204739317628,0.0053625668361442875,-0.008946352607419083,0.005219359495614886,-0.008831459690975088,0.0010957291709080246,-0.007746241312488873,0.006522547000654829,-0.010002891538983148,0.006286327181475683,-0.009790750490466288,0.007174143110216988,-0.009849529363078416,0.008083056880731831,-0.010359243593763473,0.011955997102475644,-0.011311798431407647,0.024071323688893368,-0.015299742031038578,0.028840328960488597,-0.017835453543260053,0.02140248175939913,-0.01461096679093296,0.017511248611736367,-0.012810001446299532,0.07628502455084804,-0.03659474175253734,0.04148335451695858,-0.02650213187093371,0.020016859000119656,-0.0164714493319992,0.01066606500002871,-0.015995386316845592,0.011006480876894365,-0.0159546879967027,0.026127582066297093,-0.017181020653979355,0.003849281369574775,-0.008377450628261607,0.00949815301791275,-0.010404650447049498,0.015064537469156982,-0.012025805408364797,0.004427195739719672,-0.009292093662286846,0.0029282104472904526,-0.00910953566882181,-0.0012551167451034307,-0.00799588628532897,-0.0003082509451288975,-0.008192178599015634,-0.0005146384589849981,-0.009229171875741153,0.14013996105607754,-0.05576836303441132,0.0011577369061442743,-0.021869923008723206,7.110024417333465e-5,-0.01570860812505423,0.0006164694131628918,-0.016391419250364164,-0.001779964515433139,-0.0071657034064761945,-0.00024507931311656316,-0.00877420434494792,-0.0017729648604828255,-0.00691213356303676
56.0,0.004983426667938048,-0.012560219960467712,0.004492844418576808,-0.033857983071797916,0.00974960844547988,-0.03191060830602767,0.02359086920643319,-0.0776332323031361,0.03087265044556594,-0.10773649018025487,0.032751963284910854,-0.11558096127235601,0.029379685141334114,-0.1030664184056193,0.028175430953253432,-0.0977520889089092,0.01492348877747579,-0.03982946877195358,0.037714189965019566,-0.13135662870465029,0.03590981252276465,-0.12546701302712623,0.033698101792322105,-0.11875745765310373,0.03408943423191821,-0.11566109925235166,0.025572793034038435,-0.07814587615238874,0.009972198491228554,0.0019565931185703597,0.0033252982564824962,0.03667232285664985,0.005224914119674398,0.013282287098652326,0.006946436200638073,-0.0039052269333861534,0.00402633162084171,0.02461221878344841,0.006447015463429617,0.013181471424804952,-0.007192248809824295,0.09256959263672399,-0.020424323317947097,0.1529493776516443,-0.021086877283352592,0.15156638638394868,0.0004057928334443844,0.053098185726625655,0.005069667283359993,-0.029809331267287104,0.004461384082197121,-0.0039721616067300335,0.0050464502814346205,0.003969267827017274,0.0029015878469369105,0.002136843098785617,0.002288734125058366,0.004036940769824705,0.0022512051853400277,-0.0510390843986219,0.05002581007881056,-0.17362596311791506,0.07188285171800492,-0.22656855764963296,0.0018356118843570004,0.024012876349103488,0.008063073926026293,1.3495675866932143e-5,-0.03639291402061825,0.2131114892419464,-0.05023282681577399,0.2283391395097647,0.003431190195391761,-0.04117085487861467,0.0006445642107449664,0.007946660833490155,0.004618744597291812,0.0005896016629708526
57.0,0.004983426667938048,-0.012560219960467712,0.004492844418576808,-0.033857983071797916,0.00974960844547988,-0.03191060830602767,0.02359086920643319,-0.0776332323031361,0.03087265044556594,-0.10773649018025487,0.032751963284910854,-0.11558096127235601,0.029379685141334114,-0.1030664184056193,0.028175430953253432,-0.0977520889089092,0.01492348877747579,-0.03982946877195358,0.037714189965019566,-0.13135662870465029,0.03590981252276465,-0.12546701302712623,0.033698101792322105,-0.11875745765310373,0.03408943423191821,-0.11566109925235166,0.025572793034038435,-0.07814587615238874,0.009972198491228554,0.0019565931185703597,0.0033252982564824962,0.03667232285664985,0.005224914119674398,0.013282287098652326,0.006946436200638073,-0.0039052269333861534,0.00402633162084171,0.02461221878344841,0.006447015463429617,0.013181471424804952,-0.007192248809824295,0.09256959263672399,-0.020424323317947097,0.1529493776516443,-0.021086877283352592,0.15156638638394868,0.0004057928334443844,0.053098185726625655,0.005069667283359993,-0.029809331267287104,0.004461384082197121,-0.0039721616067300335,0.0050464502814346205,0.003969267827017274,0.0029015878469369105,0.002136843098785617,0.002288734125058366,0.004036940769824705,0.0022512051853400277,-0.0510390843986219,0.05002581007881056,-0.17362596311791506,0.07188285171800492,-0.22656855764963296,0.0018356118843570004,0.024012876349103488,0.008063073926026293,1.3495675866932143e-5,-0.03639291402061825,0.2131114892419464,-0.05023282681577399,0.2283391395097647,0.003431190195391761,-0.04117085487861467,0.0006445642107449664,0.007946660833490155,0.004618744597291812,0.0005896016629708526
58.0,0.00020384099247649666,0.018970909033975726,0.007929712664365656,0.05806610352853877,0.006929162451407031,0.06663083119618848,-0.0019744585547772065,0.09209619089898308,-0.0077252128673475405,0.10345172675112756,-0.0091844280954747,0.10771217764251154,-0.006831225178932248,0.09712495242648153,-0.006279961474237824,0.09260834893282782,-0.005181775037757632,0.035013003673559286,-0.012619648904374576,0.12018260326101349,-0.011311810798645147,0.11571988523822221,-0.00894146119985231,0.11344797486581255,-0.010091956021353854,0.11382464860290055,-0.004366334487585423,0.09903685778432027,0.004309187036264386,0.0784023453492603,0.00659154220903644,0.0712400015955967,0.007917289752649723,0.05989897700107862,0.007925740283635309,0.06221903323218502,0.01913611029032822,0.005779538551677818,0.02985455681782532,-0.04229171037198057,-0.0009839105717541008,0.10272320420761184,-0.011574327478638362,0.13788131687538563,-0.011872417173098296,0.13732844691765825,0.005019387157320651,0.08064905617840061,0.005818356487163162,0.049715188989064074,0.011116312516987189,0.01006925763255564,0.01053916402388596,0.03267691815289522,0.015162530004865907,-0.05543552463733704,0.01736966946831858,-0.07710269241940895,0.005664772945128226,0.07659716557300376,-0.023363454064879198,0.13636043784033192,-0.035665557660089726,0.1637619823351719,0.01691922179042168,0.004409420909702906,0.047767416444917526,-0.11063850583324197,-0.02400204736211927,0.17099977243235345,-0.03469302006395064,0.18338435550923185,0.004855672545934166,0.06113566987204704,0.024480309608752544,-0.12226044761077805,-0.003428932052153509,-0.0052729129636349265
59.0,0.00020384099247649666,0.018970909033975726,0.007929712664365656,0.05806610352853877,0.006929162451407031,0.06663083119618848,-0.0019744585547772065,0.09209619089898308,-0.0077252128673475405,0.10345172675112756,-0.0091844280954747,0.10771217764251154,-0.006831225178932248,0.09712495242648153,-0.006279961474237824,0.09260834893282782,-0.005181775037757632,0.035013003673559286,-0.012619648904374576,0.12018260326101349,-0.011311810798645147,0.11571988523822221,-0.00894146119985231,0.11344797486581255,-0.010091956021353854,0.11382464860290055,-0.004366334487585423,0.09903685778432027,0.004309187036264386,0.0784023453492603,0.00659154220903644,0.0712400015955967,0.007917289752649723,0.05989897700107862,0.007925740283635309,0.06221903323218502,0.01913611029032822,0.005779538551677818,0.02985455681782532,-0.04229171037198057,-0.0009839105717541008,0.10272320420761184,-0.011574327478638362,0.13788131687538563,-0.011872417173098296,0.13732844691765825,0.005019387157320651,0.08064905617840061,0.005818356487163162,0.049715188989064074,0.011116312516987189,0.01006925763255564,0.01053916402388596,0.03267691815289522,0.015162530004865907,-0.05543552463733704,0.01736966946831858,-0.07710269241940895,0.005664772945128226,0.07659716557300376,-0.023363454064879198,0.13636043784033192,-0.035665557660089726,0.1637619823351719,0.01691922179042168,0.004409420909702906,0.047767416444917526,-0.11063850583324197,-0.02400204736211927,0.17099977243235345,-0.03469302006395064,0.18338435550923185,0.004855672545934166,0.06113566987204704,0.024480309608752544,-0.12226044761077805,-0.003428932052153509,-0.0052729129636349265
60.0,-0.15514728332588443,-0.21770419085393486,-0.08698429326250921,-0.2409649954186373,-0.09897632838816661,-0.23731313071213234,-0.10361379007706517,-0.24220199979700033,-0.10481828370316686,-0.24567476336547703,-0.10075322390633737,-0.24674910219142426,-0.11555637496683638,-0.2404739321580763,-0.12046492146842326,-0.2384062450386204,-0.16596380515663228,-0.2186701131131571,-0.0835362937636823,-0.24972440406292362,-0.08974681221605489,-0.24857192580357687,-0.0943921115130128,-0.24763773679077072,-0.08628520785079569,-0.24855043933872792,-0.09089010970607507,-0.24616823080776754,-0.07870073715488256,-0.24648856955475834,-0.0672146834352547,-0.25145933425707495,-0.08015695092697729,-0.2470299396249022,-0.08918923183591208,-0.24264389387361104,-0.015399710173651233,-0.26930352303936933,-0.031393592363861765,-0.24972537286833246,-0.056991623517814505,-0.25238351400382714,-0.03796432379774487,-0.2579984790139816,-0.03810386668556265,-0.2562468259756469,-0.06694359988397651,-0.2525557058954523,-0.08080715072617736,-0.24714778859719713,-0.08120843053139344,-0.2500414589947829,-0.08570235181628175,-0.24633696314559322,-0.0666297573005675,-0.25335967596254116,-0.05437606725095002,-0.25501304213542275,-0.0520752704380895,-0.24214384961779367,-0.04801999765265619,-0.23833159370336576,-0.03266691481384328,-0.24036427902098234,0.0439150275797346,-0.2680954219613549,-0.02462389265539502,-0.2544764942196483,-0.016346007436503326,-0.25824749401185804,-0.0006649734861005516,-0.2579536534510021,-0.04722606707914574,-0.2437567324425493,-0.022682910557960657,-0.2545060303271176,-0.19411778064901966,-0.20163818446099888
61.0,0.06473496402266872,0.010412288816750258,-0.07151446102791299,0.05612196597403326,-0.02009418335191514,0.03572827215386515,0.038851511496312816,0.01823909330365085,0.06713965142776407,0.009493165791057544,0.06987330196665667,0.007960442099901233,0.07602346620865973,0.008307168660513767,0.07838800781830696,0.008037712758876684,0.12053804888883102,-0.005368776648070512,0.06092102587651618,0.008329886169228518,0.06384746175407707,0.008327903233348168,0.06144183422964727,0.01039260032985346,0.05594425979841117,0.010549392179575822,0.04297719798179582,0.01582166429908542,0.021602415736922502,0.02266631875054272,0.011380365176533727,0.025969981001042777,-0.00616233304586563,0.031369642854416284,-0.01137236768506611,0.03282953702882674,-0.00330195455074648,0.03049422095710506,-0.00024830399328294744,0.027968581173616818,0.023192728054578327,0.022049874947187065,0.03413920553316411,0.01794886984073886,0.03602451113916734,0.017581736577361135,0.01537101182311363,0.024967085152875133,-0.07039395624812224,0.054943117851820815,-0.048751554948656746,0.04691021359576314,-0.0292564426923382,0.0386162400645425,-0.06320676414796093,0.05412928138905387,-0.06759574556713673,0.058295232485832876,-0.1993963737372617,0.08928381613474713,0.08876333879048104,-0.005659846220524322,0.06797472738662821,-0.002228357553750247,-0.017584741747441745,0.03239821649453792,0.0005557585361457764,0.02849036698712375,0.041961775446456545,0.014205354151474468,0.055201162255779465,0.010278943993804456,-0.08097377939062017,0.06178055098412382,-0.07480235134578492,0.06709701711284004,0.14736205152973728,-0.01371154445175318
62.0,0.02732924475608643,-0.0002609593657452579,-0.00813952903387399,0.011918156164316828,0.010933167133238431,0.006743365584846495,0.043130571326904885,-0.003105294065169765,0.058298164059908585,-0.00883529360454236,0.06060720205836853,-0.010228314627063615,0.06061882042271122,-0.008272152842544777,0.06016060951149485,-0.007711150380844567,0.05397960545929348,-0.0071319358780276695,0.05708197331978243,-0.011097361407459027,0.05822127656143729,-0.010681356873862147,0.05703712325418297,-0.008849748935906789,0.05362159130645948,-0.009170757009275441,0.044693749784090415,-0.0047110216552430865,0.02771546049868904,0.0020507026727281056,0.019546517717332776,0.004701049623206914,0.00385470480279835,0.010129577881722298,0.006642066350543808,0.008826751186833223,-0.01145533478904544,0.013289795596858207,-0.0133536692354111,0.012711795852957489,0.038439565438284154,-0.0017337356006010512,0.056877311374827405,-0.009400666280120939,0.06092834442979622,-0.00991534835830281,0.02568514073720011,0.003017411620270171,-0.01949579985157402,0.02493893062626375,-0.06286494564587995,0.036369672394555526,-0.032602692785262816,0.02320901961408968,-0.14213280466056305,0.06493450629895922,-0.16554277965545927,0.07779562944056087,-0.019534354559265513,0.01501729045605525,0.0818079305030954,-0.022604280254673446,0.06578611552705331,-0.020847267171966145,-0.032344878827443635,0.018099518808238846,-0.017087545713890817,0.015067235391721626,0.06879415290137329,-0.015644693889847208,0.09820733277960962,-0.02324931792143646,-0.02330881374722826,0.026841360082437836,-0.20910771624817928,0.10474256167117536,0.04865897829317378,-0.006649116894731064
63.0,0.023130232224784504,0.005261823632874698,-0.01757590123730649,0.01684363408839751,-0.03391635750537683,0.02031751525754943,-0.06698961914838633,0.032291252063843714,-0.08399521559329931,0.040322449150942775,-0.088914439781455,0.043013940433399664,-0.08033313544444706,0.03715494415213112,-0.07561125715150598,0.03489052041039673,-0.0027843221193285935,0.013252571336412104,-0.08789170948534344,0.04564749753716101,-0.08812558645615917,0.044535626837015355,-0.08618954798563083,0.0414823345138375,-0.08185255967696044,0.042261613389374404,-0.06664335869021121,0.034497734292122606,-0.032753236890544046,0.021436244082393124,-0.017509360075168942,0.01660721942994802,-0.021187095497732945,0.017123567043503256,-0.026111576910342167,0.018130704754298316,0.012506000226265569,0.008743118491322154,0.018598470788602484,0.007141498344207276,-0.013903313298009735,0.016301030480222543,-0.010153134077967687,0.016748215629810888,-0.009136925401353368,0.016432229334589234,-0.016133558221838776,0.016329831525383722,-0.018853266101587367,0.01810617310433527,-0.014788129483788956,0.015826021805092166,-0.017834308810861618,0.015989369235461567,-0.006497565356148,0.013959253974831939,-0.004035135800961597,0.01361889033656964,-0.012367410683632177,0.017087375853638814,-0.1474521101562491,0.06704589440914824,-0.11271254963047428,0.062117627999947515,0.02811764756546598,0.0039415235712167975,0.025427177552482017,0.00409923395013158,-0.0075613856885414004,0.017359855507432458,-0.0013251926594863997,0.01692125389689576,-0.02531030530661632,0.02072979922034504,0.001163168409039925,0.012985692632232076,0.04768929433316307,-0.0007246225793488783
64.0,0.023130232224784504,0.005261823632874698,-0.01757590123730649,0.01684363408839751,-0.03391635750537683,0.02031751525754943,-0.06698961914838633,0.032291252063843714,-0.08399521559329931,0.040322449150942775,-0.088914439781455,0.043013940433399664,-0.08033313544444706,0.03715494415213112,-0.07561125715150598,0.03489052041039673,-0.0027843221193285935,0.013252571336412104,-0.08789170948534344,0.04564749753716101,-0.08812558645615917,0.044535626837015355,-0.08618954798563083,0.0414823345138375,-0.08185255967696044,0.042261613389374404,-0.06664335869021121,0.034497734292122606,-0.032753236890544046,0.021436244082393124,-0.017509360075168942,0.01660721942994802,-0.021187095497732945,0.017123567043503256,-0.026111576910342167,0.018130704754298316,0.012506000226265569,0.008743118491322154,0.018598470788602484,0.007141498344207276,-0.013903313298009735,0.016301030480222543,-0.010153134077967687,0.016748215629810888,-0.009136925401353368,0.016432229334589234,-0.016133558221838776,0.016329831525383722,-0.018853266101587367,0.01810617310433527,-0.014788129483788956,0.015826021805092166,-0.017834308810861618,0.015989369235461567,-0.006497565356148,0.013959253974831939,-0.004035135800961597,0.01361889033656964,-0.012367410683632177,0.017087375853638814,-0.1474521101562491,0.06704589440914824,-0.11271254963047428,0.062117627999947515,0.02811764756546598,0.0039415235712167975,0.025427177552482017,0.00409923395013158,-0.0075613856885414004,0.017359855507432458,-0.0013251926594863997,0.01692125389689576,-0.02531030530661632,0.02072979922034504,0.001163168409039925,0.012985692632232076,0.04768929433316307,-0.0007246225793488783
65.0,-0.005470821670609158,0.0016804557696387685,-0.01655349111175642,0.004771615304603684,-0.012967572015974732,0.004107080248620304,-0.0077401465046363985,0.002876692102794758,-0.0028038773264354826,0.0014707398620118503,-0.001949913199564777,0.0012328454230705692,-0.00206398195710022,0.0011727546636294231,-0.0021104801779939886,0.0011652115703949986,-2.07768961092238e-5,0.0005054392759048145,-0.010022283325469849,0.0042851552599242,-0.0073325714942469485,0.0032412942988537504,-0.008644015139094952,0.0034913799312525848,-0.009691560945770528,0.004112041399976126,-0.009149804155491891,0.0038649896709773653,-0.01025809759730338,0.005021742442615119,-0.010511454114984867,0.005808382792579051,-0.011741162301760642,0.005977610502317102,-0.012261159917219376,0.0051774888466349245,-0.0037418345020649767,0.0047032890377691865,0.008511179725976873,0.0019254500754585188,-0.01643164097990899,0.007845306407473987,-0.022262627618473366,0.01056048319780116,-0.0023108693996952774,0.00667818081944077,-0.009285532505372986,0.005800925303231826,-0.029556020004021657,0.019169163791233245,-0.013781334762441857,0.010198663593037071,-0.012995592886594893,0.007960995458055696,-0.002989302780808514,0.007433687907286723,0.000341596621489637,0.00667364396532621,0.006569914660276896,0.0010536328706404038,0.021153520828758713,-0.004430977198801766,-0.024812521327148333,0.00861642277649906,-0.010710188101167731,0.006287946125056098,0.023532665533307063,-0.0021712917903753347,-0.058607846555790086,0.016762507062151988,0.059653616379490994,-0.0005833863124849005,-0.08143121036168326,0.03341317062812996,0.007285965998664386,0.005224085301181334,0.0014268744945242597,7.520545718710574e-5
66.0,-0.023539167417987596,0.007762622055798326,0.014762901519428405,-0.0038932896380194657,0.007472358910700326,-0.0030531517331513704,-0.0013165948836784593,-0.0012006801896377963,-0.0039869572333178505,-0.0005855839874486902,-0.0035762113337224318,-0.0007243387106759011,-0.006564296375145416,8.986180021547635e-5,-0.00799434302430628,0.0005687880405829472,-0.031180475444611444,0.008639852102238981,-0.00927014601361729,0.0013212913622179666,-0.007334217759598937,0.000602966383212091,-0.007651469037296508,0.0005155891340561468,-0.0076461859195935435,0.000703132103440745,-0.003825194226556277,-0.0006903775860397083,0.00021913826872011166,-0.002682290319465542,0.0019979481327561583,-0.0036366596297841077,0.005206575460665122,-0.004858662886442088,0.006089086719965611,-0.004120768543734281,0.0018715828184845545,-0.0038812724941365818,-0.0022590448704980113,-0.002796154173468949,0.0005566533167906037,-0.003310775529644596,-0.0008691608531258183,-0.003071112977412731,0.00014643321986092754,-0.003246971331281351,0.0016861533940022403,-0.003551833783654208,0.033487278014781435,-0.024594943454394533,0.013127710580583561,-0.012618697873035788,0.009581054282018038,-0.008759259926309841,0.003491367321809256,-0.010217570986585118,0.000582796735019992,-0.009608227079378655,-0.005319565602981028,-0.0006935361151662358,0.018370571744228913,-0.00582137638866382,-0.026827307964263913,0.006193146226810397,0.005834660167054863,-0.00470435924076836,-0.0070927576381919445,-0.001574180059407077,-0.0039086765340246,-0.0026502797911718977,0.002005401212043089,-0.003528802182905762,0.10682374794865267,-0.044140616313348584,-0.0054673382540887504,-0.008431788682114062,-0.046645535930041206,0.013623377798947836
67.0,-0.07824529989909654,0.02794284714829912,0.005100802041672536,0.00181435765371014,0.0047509237205246935,-0.00034233026791910943,0.00334419565934752,-0.001182275383343972,-0.002429091196375549,0.00013492386651953617,-0.0009573231323133068,-0.00038988560855556897,-0.009557168898677797,0.0021256279966544206,-0.013764281349100177,0.0035507096650005724,-0.0822203252445753,0.02670580447588401,0.015454079503582645,-0.005953285659031316,0.00993060460697257,-0.00403340712804754,0.011738987750401941,-0.0042961062566027825,0.013173602086839669,-0.005052880203558689,0.008135632307776627,-0.0031520796801051496,0.005235957886462009,-0.0025943752590087722,0.0038693786976588015,-0.0024796988880972496,0.0051136915041586645,-0.0030060279289981866,0.004998602326859242,-0.0019548445598518574,0.0038556090320717384,-0.002904225544994553,-0.002950356347403117,-0.0013218119735509339,0.0013113596126035465,-0.0018996340685745253,-0.0013338069774273223,-0.0013839628275574211,-3.330258053593781e-5,-0.0016294046764733724,0.00328584537516105,-0.0023110606957010057,0.023618071830104087,-0.018751559788364423,0.009874641231355522,-0.009348338433001768,0.007775571292233117,-0.0062165263770069205,0.0028597222363338135,-0.007615930315141466,0.0007390573910465703,-0.007185866941678639,-0.0022758914007435073,0.003018513213529739,0.0029865579310844924,-0.0012574497796000504,0.05421849040145287,-0.015888080521870285,0.01043908726074994,-0.004500364080243992,-0.01126462027225967,0.0007802441082906337,-0.006089339353677775,-0.0007156690837982723,0.0011665130015526008,-0.0017886753524467608,0.09183659412375181,-0.03643481860925966,-0.003683049696120059,-0.006360407126329855,-0.1280647436501284,0.04093981686129767
68.0,0.02281965605035272,-0.010542737662358226,0.0022461084351918315,-0.00405055095605057,0.004260460942691851,-0.003850038484909083,0.0033437254609136545,-0.0033435991367705142,0.003103971490723083,-0.003283388856321663,0.002399576332061769,-0.003080455461317813,0.004724811043804309,-0.0036396371984610404,0.005862855163939783,-0.004001145632156445,0.02337300076276006,-0.010047625959170858,-0.0012293757522990683,-0.0020000819831476344,1.4818518567210488e-5,-0.0023766429708911687,-3.0131220909216663e-5,-0.0023595017061772633,7.758035343616113e-6,-0.0023899818267225635,0.00292457486768494,-0.0033020472176449925,0.008475968709782443,-0.0051115600474037175,0.010706011407282653,-0.006180572209214988,0.007758652623472851,-0.004870696618098113,0.006442667695564116,-0.004425349777652431,0.033737839268784695,-0.014987906486580436,-0.00534656234450881,-0.005864358826696105,0.005519707959347571,-0.005113494018788626,9.987470846738237e-5,-0.004285718646349,0.001231031138940323,-0.0044847123853925955,0.009292548615356831,-0.005805012599310575,-0.0016665017979261357,0.000276012615377306,0.0021679428712805715,-0.001981447020017672,0.004768167823074627,-0.0032280630041530327,0.000729787070309241,-0.001633208897496759,0.00029332013817653566,-0.0015510447759852024,-8.849634887575054e-5,-0.003723788302673675,-0.0031340908464276692,-0.0018526935281955967,-0.013741814922249667,0.000776756466333457,0.08819834903772007,-0.0287689242700661,-0.05326068215472219,0.005237944660506303,-0.007347420261590157,-0.003431574565205322,-0.001647277425039017,-0.0043470781767210205,-0.01681209074283191,0.0040052229297475395,-0.0006218423520035311,-0.0013956709665108801,0.0350576486548694,-0.013708179190983752
69.0,0.0023512680345004005,0.005387944420387767,0.006150096773196309,0.01699560368090895,0.00865502095503159,0.010078585005551225,0.008799200284761718,0.004901373281665511,0.007949337306220853,0.0037848980575770305,0.00783070468879175,0.0036550884254033665,0.007674005657393009,0.0034275668331949388,0.007505279041157341,0.003297867802823614,0.0032572103445571436,0.00029271412092607375,0.008068964668282554,0.0031612198810882265,0.008014001131434929,0.0033284518244694004,0.008431269338595216,0.0033074565943531174,0.00835926653164859,0.003063452461219166,0.009023321202903573,0.002781760521365475,0.01068819166466362,-0.0014073579904845,0.011096455771897254,-0.0034310391088916412,0.010317683591270612,0.005946280483062214,0.009788760913098278,0.007539052386790785,0.01523500490212171,-0.026705783961793062,0.017427537447670925,-0.03900462176329153,0.010336990305405533,-0.004450001329245342,0.009342603369939393,-0.005883933776945024,0.009503338229000539,-0.005900216140143555,0.010863516926420798,-0.003626158153825628,0.009449955158698566,0.02169739570151214,0.00880981086176439,0.03373919771150275,0.009835077899815388,0.020791417284080516,0.005832737850573884,0.06271082172054486,0.003271704298439121,0.07232728227549273,0.004099456446083948,0.020341069715261322,0.00585714076914847,0.0035083058524946233,0.0063992126604917815,0.0024987222247348636,0.0148189879888423,-0.02853784033643298,0.024354022888497563,-0.06119277748707025,0.007886335372563495,-0.007267604242174806,0.00891111336356022,-0.008409203409627369,0.008550830860755431,0.024826234084635045,-0.004205967711405248,0.09175197104251198,0.0003194347364857318,-0.0018451813486263723
70.0,0.0023512680345004005,0.005387944420387767,0.006150096773196309,0.01699560368090895,0.00865502095503159,0.010078585005551225,0.008799200284761718,0.004901373281665511,0.007949337306220853,0.0037848980575770305,0.00783070468879175,0.0036550884254033665,0.007674005657393009,0.0034275668331949388,0.007505279041157341,0.003297867802823614,0.0032572103445571436,0.00029271412092607375,0.008068964668282554,0.0031612198810882265,0.008014001131434929,0.0033284518244694004,0.008431269338595216,0.0033074565943531174,0.00835926653164859,0.003063452461219166,0.009023321202903573,0.002781760521365475,0.01068819166466362,-0.0014073579904845,0.011096455771897254,-0.0034310391088916412,0.010317683591270612,0.005946280483062214,0.009788760913098278,0.007539052386790785,0.01523500490212171,-0.026705783961793062,0.017427537447670925,-0.03900462176329153,0.010336990305405533,-0.004450001329245342,0.009342603369939393,-0.005883933776945024,0.009503338229000539,-0.005900216140143555,0.010863516926420798,-0.003626158153825628,0.009449955158698566,0.02169739570151214,0.00880981086176439,0.03373919771150275,0.009835077899815388,0.020791417284080516,0.005832737850573884,0.06271082172054486,0.003271704298439121,0.07232728227549273,0.004099456446083948,0.020341069715261322,0.00585714076914847,0.0035083058524946233,0.0063992126604917815,0.0024987222247348636,0.0148189879888423,-0.02853784033643298,0.024354022888497563,-0.06119277748707025,0.007886335372563495,-0.007267604242174806,0.00891111336356022,-0.008409203409627369,0.008550830860755431,0.024826234084635045,-0.004205967711405248,0.09175197104251198,0.0003194347364857318,-0.0018451813486263723
71.0,-0.005431890874254036,0.004913340776532014,-0.00313799594560286,0.02175757112837619,-0.003900673568050015,0.02348046004411208,-0.005789188317556735,0.023290586683927337,-0.006727902338924653,0.022023517390398636,-0.006918105292273267,0.022347668813030318,-0.006655035958812582,0.019977580861865758,-0.0066081206274728665,0.018985164052715286,-0.006618687522762237,0.004563976862940527,-0.007462071150740331,0.025044456068584086,-0.007256900770693583,0.02411925536535232,-0.006925346496313455,0.024228780215092827,-0.007122625479702075,0.025077203118220887,-0.0063633108582126004,0.025359228890977137,-0.00559969097846958,0.029289242479757508,-0.0055462097356250495,0.03178464196671627,-0.004387304192910031,0.029070502262422148,-0.004089065030106226,0.026792193671878982,-0.008054873082324086,0.03881813666483835,-0.008218245875432432,0.038575283340312634,-0.006565505379738498,0.03395836335977968,-0.008311888045421767,0.03720761012874252,-0.008406934343047122,0.037019376274687196,-0.005521095235727417,0.032390295945572745,-0.0018280199496215701,0.023467286202510533,-0.0020523619934628375,0.0287138614419467,-0.0027830721797129717,0.028450668941363874,-0.001434060101641968,0.032587711978824305,-0.0019760495929681352,0.034120757749407954,-0.0014271964933005846,0.023017540458619885,-0.007736342924877616,0.023684416885196458,-0.010059038348074284,0.027520403702769113,-0.008995408929477906,0.039561232902809496,-0.0125552123686822,0.044155241150895336,-0.009971835428460401,0.039761775523781,-0.012719959526210712,0.04140883893005923,-0.0022166105845133847,0.024290432802022432,-0.003625518169985217,0.037020216310448516,-0.006267717252241074,-0.005448888867180472
72.0,-0.005431890874254036,0.004913340776532014,-0.00313799594560286,0.02175757112837619,-0.003900673568050015,0.02348046004411208,-0.005789188317556735,0.023290586683927337,-0.006727902338924653,0.022023517390398636,-0.006918105292273267,0.022347668813030318,-0.006655035958812582,0.019977580861865758,-0.0066081206274728665,0.018985164052715286,-0.006618687522762237,0.004563976862940527,-0.007462071150740331,0.025044456068584086,-0.007256900770693583,0.02411925536535232,-0.006925346496313455,0.024228780215092827,-0.007122625479702075,0.025077203118220887,-0.0063633108582126004,0.025359228890977137,-0.00559969097846958,0.029289242479757508,-0.0055462097356250495,0.03178464196671627,-0.004387304192910031,0.029070502262422148,-0.004089065030106226,0.026792193671878982,-0.008054873082324086,0.03881813666483835,-0.008218245875432432,0.038575283340312634,-0.006565505379738498,0.03395836335977968,-0.008311888045421767,0.03720761012874252,-0.008406934343047122,0.037019376274687196,-0.005521095235727417,0.032390295945572745,-0.0018280199496215701,0.023467286202510533,-0.0020523619934628375,0.0287138614419467,-0.0027830721797129717,0.028450668941363874,-0.001434060101641968,0.032587711978824305,-0.0019760495929681352,0.034120757749407954,-0.0014271964933005846,0.023017540458619885,-0.007736342924877616,0.023684416885196458,-0.010059038348074284,0.027520403702769113,-0.008995408929477906,0.039561232902809496,-0.0125552123686822,0.044155241150895336,-0.009971835428460401,0.039761775523781,-0.012719959526210712,0.04140883893005923,-0.0022166105845133847,0.024290432802022432,-0.003625518169985217,0.037020216310448516,-0.006267717252241074,-0.005448888867180472
73.0,-0.06587889182907987,-0.3250146873168524,-0.06999231326067198,-0.32384463439242855,-0.08980183556259844,-0.31318151471162436,-0.0893638848165731,-0.3207075793930996,-0.08249742662277727,-0.32864813124446374,-0.07900594075581456,-0.32998302909807575,-0.08752780596330088,-0.3234684727120365,-0.08904629929428964,-0.3221701525292575,-0.07401889919409903,-0.3246584087993549,-0.06755936384776545,-0.3320483565415622,-0.0719571102823658,-0.3310876041374223,-0.07932077476737834,-0.32837686714743247,-0.07181383835146894,-0.32969875166943297,-0.08010292861562392,-0.32466881804877584,-0.08172317669519068,-0.3186393074337413,-0.07496098133656912,-0.32248209334176414,-0.08255489821394342,-0.3194026371276396,-0.08755421460315625,-0.31600762995616977,-0.04910131898757039,-0.3330126628063639,-0.05368533304024975,-0.3122333324838778,-0.060108498315924824,-0.32469139920103146,-0.034280985301061585,-0.33331086683369726,-0.035184881296205124,-0.33087697361653895,-0.07421123984689143,-0.32404232334331873,-0.06912389873029365,-0.3236664271152173,-0.0782020974392035,-0.3247500401452423,-0.08618035149282613,-0.31892704478297274,-0.06323258267421843,-0.3291234965931221,-0.04913273704036588,-0.33181021872899646,-0.0451170994306481,-0.3243416622422991,-0.037592765536190786,-0.318203597785305,-0.018824328256704544,-0.32216980702259507,-0.017724730143500008,-0.3199841721793556,-0.02610206573711594,-0.32121176436270316,-0.004261499898664507,-0.3351743421464982,0.01196559547619093,-0.3349877976015339,-0.044153283941338765,-0.31759923855756683,-0.012711529830443399,-0.33268278089368086,-0.06192604642290162,-0.3197736148880373
74.0,-0.06587889182908208,-0.3250146873168502,-0.06999231326067212,-0.323844634392427,-0.08980183556259823,-0.313181514711623,-0.08936388481657266,-0.32070757939309835,-0.08249742662277686,-0.32864813124446246,-0.07900594075581407,-0.3299830290980745,-0.08752780596330063,-0.3234684727120351,-0.08904629929428952,-0.32217015252925607,-0.07401889919410105,-0.3246584087993528,-0.06755936384776474,-0.3320483565415609,-0.07195711028236516,-0.331087604137421,-0.07932077476737764,-0.3283768671474312,-0.07181383835146826,-0.32969875166943174,-0.08010292861562335,-0.3246688180487746,-0.08172317669519018,-0.31863930743374014,-0.07496098133656867,-0.322482093341763,-0.08255489821394306,-0.3194026371276383,-0.08755421460315595,-0.31600762995616843,-0.04910131898756979,-0.3330126628063626,-0.05368533304024923,-0.3122333324838766,-0.0601084983159245,-0.32469139920103024,-0.034280985301061426,-0.33331086683369593,-0.03518488129620497,-0.3308769736165376,-0.07421123984689101,-0.3240423233433174,-0.06912389873029369,-0.3236664271152158,-0.0782020974392033,-0.32475004014524084,-0.08618035149282585,-0.3189270447829715,-0.06323258267421825,-0.3291234965931208,-0.04913273704036575,-0.33181021872899497,-0.04511709943064803,-0.3243416622422975,-0.03759276553618968,-0.3182035977853039,-0.01882432825670328,-0.3221698070225941,-0.017724730143499134,-0.3199841721793545,-0.02610206573711568,-0.32121176436270193,-0.00426149989866449,-0.33517434214649694,0.01196559547619076,-0.3349877976015325,-0.044153283941338654,-0.3175992385575654,-0.012711529830443387,-0.3326827808936796,-0.061926046422905084,-0.31977361488803474
