1.0,-1.4097169277974475e-5,2.3604352844948175e-5,7.031106414074665e-5,-1.3253008491929309e-5,-0.011589692680090214,-4.722651902933144e-5,-6.310197984540572e-5,1.2691762395371196e-6,-2.125113431613919e-6,0.00018278106438269524,0.0003457307640552562,-0.008963310515283518,3.067392081773018e-6,4.098513235790022e-6,8.120763157553111e-6,-1.3597436134981132e-5,0.00020253007022327517,0.0005733309302969027,-0.0073357399001603655,2.3189137820884104e-5,3.098429732873114e-5,0.0016439689173505666,0.04532217601144335,0.00420202285708946,0.038749720959567004,5.3254596132659e-5,-0.00011289521317393728,0.28435732765774613,0.6028133239819854,0.00271034710761722,0.00574570510519704,-0.0007672050386062846,2.2095874872048875e-5,-3.6997415340200124e-5,0.000426163988972497,0.004590777181654622,-0.03630567653031201,4.582360793085718e-5,6.122747226618368e-5,-0.0003396770028267204,-0.0093644720083653,0.004021803379124732,0.035692137258216676,5.097057345104542e-5,-9.268922166050967e-5,0.2721615984584406,0.49492176086956724,0.0025941037189685487,0.004717338477740287,-0.0006923171522419215,2.152505233943462e-5,-3.604162796146942e-5,0.00030394810815773744,0.001228603051559225,-0.02589136211975324,4.532657185117588e-5,6.0563354704120225e-5,0.0032933282018726604,0.0907929577338171,0.0017305360049820469,0.02573281755091687,2.1932054910652207e-5,-8.513713343047704e-5,0.11710801379840713,0.4545967624295216,0.0011162130730568535,0.004332981430204872,-0.0005223966434716268,-2.4072710236545594e-6,4.030743585147703e-6,0.00015280503233630637,0.00013460151818830808,-0.010957905685762772,-6.6244345559679695e-6,-8.851275605942455e-6,-3.0463466628871595e-6,5.100814220290728e-6,2.330786244214383e-5,-7.97324075676287e-5,-0.0006875504120661876,-0.00012149378378580371,-0.00016233460465363744
2.0,-4.081224320122587e-6,6.7806792200871035e-6,-1.911790355090339e-5,-2.2878642146534816e-5,0.003440998149277074,-1.3566515535678744e-5,-1.8127275839210022e-5,-2.1815476044655242e-7,3.624494354570443e-7,-1.1481618120699188e-5,-2.3258699751585967e-5,0.0005751406591091423,-5.231616284592677e-7,-6.990369135415835e-7,-2.3126361386515236e-7,3.8422891217822893e-7,-1.1454782131210885e-5,-2.9098586955934745e-5,0.00039275672437929084,-6.552679018793645e-7,-8.755543731705276e-7,-0.005737439560222884,-0.1582280160372375,-0.00391040235870612,0.018603451545796717,-4.9945639838317254e-5,0.00012005990459029291,0.1459868809335782,0.3509249534548644,0.0013914503997490468,0.0033447845702950655,-0.00014933718732259102,8.785511215058119e-6,-1.4596534926994409e-5,1.6536668795001925e-5,0.0008348870153400734,-0.004504765523139431,1.8078772744247485e-5,2.4156453402315442e-5,-0.003031249654857151,-0.08359628262175194,-0.0017312427423185099,0.00716350270457696,-2.211230930955893e-5,4.5119652909545656e-5,0.06463241003133674,0.13188093181750463,0.0006160333873887219,0.001257001821943921,-5.891561889404813e-5,7.057144394637818e-6,-1.172496991008055e-5,-1.2392785221377199e-6,0.00010973559515172347,-0.0012842653373144597,1.4745567466048039e-5,1.9702698762980172e-5,0.00863566929882663,0.2381558543605693,0.005085540044800103,-0.04544129467310684,6.495509366014674e-5,-0.0002875545600285256,-0.18985825543011225,-0.8404976738819682,-0.0018096033273353833,-0.008011067959920569,0.0003720251590332339,-3.112899741735884e-6,5.171873177571896e-6,-1.9035599417847697e-5,-4.544853604992576e-5,0.0018637078486504258,-8.499879886122222e-6,-1.1357350153080694e-5,1.3485944549376365e-7,-2.2405988202808346e-7,-4.143893530400213e-6,1.808111202822553e-6,0.00012429087879741986,5.336787791060451e-6,7.130896959463334e-6
3.0,-5.63565691056743e-7,9.352497845821275e-7,-7.321223312189397e-7,-2.231721438826374e-6,0.0001466261076589751,-1.8712116994492726e-6,-2.500277528211059e-6,7.082174991831821e-7,-1.1753026737560723e-6,3.90574478681005e-6,1.5000252103056648e-5,-0.00025144878675032557,1.6964394747491187e-6,2.266750201475462e-6,9.952059378796664e-7,-1.6515663636320668e-6,3.83543073610225e-6,2.2908494362412743e-5,-0.00021901391325522963,2.8165993379781798e-6,3.7634865327424734e-6,0.006119054961199286,0.1687608198738092,0.006729418936180852,-0.026412459168298662,8.605049312008135e-5,-0.00020546442912093758,-0.20447186105940857,-0.4882214306973762,-0.0019488861552874655,-0.0046533932941148,0.0001680460210755223,-7.6087175449324696e-6,1.2626835802352832e-5,-1.7748820628431592e-5,-0.0007444014368742147,0.004119750530723809,-1.563917710773194e-5,-2.0896771377632936e-5,-0.010355900325337553,-0.2856111344835676,-0.011343071004570323,0.03911488564404003,-0.00014504623098903808,0.0002881016719582326,0.3446566285931702,0.6845827816643383,0.003285031633796332,0.006524975605649022,-0.0002694135726140156,1.9194862930361244e-5,-3.185430146930188e-5,2.049192769039109e-5,0.00036721052082040306,-0.005189766740762723,4.006065351346902e-5,5.3528284253245514e-5,0.001382392221075559,0.03812576387942044,0.0009483203690304434,-0.007136082760959873,1.2126371706686168e-5,-5.539494818909911e-5,-0.02881449965445228,-0.13162862768820927,-0.0002746401346990122,-0.0012545941961631317,4.555128356965136e-5,-2.236656708872125e-7,3.711781498344263e-7,1.675993838339763e-6,-1.7694042758656794e-7,-9.141351734617346e-5,-6.100248329320156e-7,-8.151035940474771e-7,-3.058111217915308e-8,5.07500350565437e-8,1.9464948616547623e-7,-8.135413702485892e-7,-5.717487899845483e-6,-1.2087942009068361e-6,-1.6151678496227064e-6
4.0,-1.827243103161275e-5,3.0169247750968645e-5,7.583971983604082e-6,-5.685832875364105e-5,-0.0006423793585553071,-6.0361584871478993e-5,-8.06548838799573e-5,-3.2326981312427093e-6,5.337443641582128e-6,1.1798895880353048e-5,-1.4572515025154006e-5,-0.0002881353838084857,-7.704115642806574e-6,-1.0294205393895526e-5,-2.577956834212566e-6,4.256413297625666e-6,1.4388765236857373e-5,-4.4178290807501475e-6,-0.0002210354644749941,-7.2589479161676675e-6,-9.699374238027948e-6,-0.007462540454910652,-0.20585995441644642,-0.015252353222106932,-0.008088435680139058,-0.00019603227157684598,-6.730129786953536e-5,0.2542467989683654,-0.08728736057056471,0.0024232825643515066,-0.0008319551704067759,4.6572036659215974e-5,4.177342769461907e-6,-6.897127630948981e-6,-4.941455536978036e-5,2.598360734942545e-5,0.0015769470406102953,8.54256855937502e-6,1.1414542488567026e-5,-1.5288234818617447e-6,-4.217377904647351e-5,-0.00048303639372236304,-0.0003708395707959641,-6.208269644484498e-6,-4.757811975382769e-6,0.0080519022368786,-0.006170710854458092,7.674446396144071e-5,-5.8814412153995066e-5,1.0720202638580522e-8,-2.925033433909336e-7,4.829464574131078e-7,1.6993094570962889e-6,2.524306814410823e-7,-6.459451057830737e-5,-6.073650171378093e-7,-8.115584611356076e-7,0.023514257086949434,0.6486589816569478,0.040608164587830405,0.008665768312784575,0.0005219201675127562,4.630088176418628e-5,-0.6769116669971014,0.060050576840331875,-0.006451795054478492,0.0005723553508927377,-8.268084803681441e-5,-5.644679002112458e-6,9.319817324549415e-6,2.6022364873787003e-5,-2.0729619729365713e-5,-0.001106488932692376,-1.53169874792986e-5,-2.0466491215623126e-5,-1.0917531816162656e-6,1.8025719819183625e-6,9.519063433407658e-7,-3.2133756189664406e-5,-2.3303532829228348e-5,-4.293480384068511e-5,-5.7369295812085594e-5
5.0,1.2792283945520697e-5,-2.111665653865481e-5,-8.224308380145899e-6,3.838330198750258e-5,0.0009516490822407119,4.2249477636633175e-5,5.645359137591795e-5,5.781617286036562e-6,-9.5439115475473e-6,-2.9593357235880152e-5,1.065522343681649e-5,0.0009265299302683939,1.3775771527744085e-5,1.840713353674975e-5,4.993803942687341e-6,-8.243441368886388e-6,-3.8308680128838577e-5,-1.4940335280407617e-5,0.0007659605631193988,1.405848355540074e-5,1.8784892273170238e-5,-0.021003022146951045,-0.5793900081173996,-0.03226155856088987,-0.016002486101684525,-0.0004147316190658989,-0.00010008630174269508,0.5280004796581399,-0.1274212357515828,0.00503248745764433,-0.0012144795231637596,0.00013420516792917906,1.430737890941887e-5,-2.3617675130216297e-5,-0.00017946730739807712,2.2920945080937968e-5,0.006064037000472651,2.9252122912940002e-5,3.9086575413036614e-5,0.005884969707054387,0.16234295343234137,0.023202312013314033,0.016823517100248375,0.00029827239775759203,0.00018310066861965336,-0.3797346573005024,0.23310795836619463,-0.0036193336440838264,0.002221802672466059,-4.2143704026941894e-5,7.555314594539585e-7,-1.2471813791383156e-6,-9.198885385802023e-6,-1.457961531787511e-5,0.0005096919529179722,1.5684852614348304e-6,2.0958040425902866e-6,-0.010782518331894291,-0.29744687884115734,-0.013994249293501827,-0.0011543443415139023,-0.0001799001017293835,1.6920318175623703e-5,0.22903327263620052,0.021541487832243314,0.002182965956123915,0.00020531660767858802,4.0351335672674796e-5,5.356388025522766e-6,-8.841971199545745e-6,-2.8378120186108744e-5,1.592562456809696e-5,0.001322829676780975,1.453165532219657e-5,1.941714258885585e-5,1.1104599574776896e-6,-1.833073876562889e-6,-2.12008520242516e-6,3.2051912499189066e-5,5.843875243217437e-5,4.3661320836127625e-5,5.83400908909474e-5
6.0,2.0343612244084252e-5,-3.355266185146119e-5,-1.7172184549304533e-5,5.899771428904618e-5,0.002218685358469154,6.713103026462471e-5,8.97003951685539e-5,1.2084119518545825e-5,-1.993030397520056e-5,-7.052235995075724e-5,6.437252072352319e-6,0.002357164747904278,2.8767597458711693e-5,3.843922624045349e-5,1.0347861213327341e-5,-1.706669808738078e-5,-9.08411881835586e-5,-5.687420060093038e-5,0.0019588535085621472,2.9105802257367546e-5,3.8891135051739544e-5,-0.021013667274466866,-0.5797060502551289,-0.01862557376862358,-0.006691690731853573,-0.0002396456874083001,3.066865070520456e-5,0.2834428920806877,0.0362735969593708,0.0027015512347479077,0.0003457309510854536,0.00014835696754548645,1.7074381911828645e-5,-2.816072955661046e-5,-0.000238893040827295,-0.00013302140187139989,0.008842719801690246,3.487902142863164e-5,4.660530298593881e-5,-0.020859259093138603,-0.5754463769788877,-0.02219106479203039,-0.012117420753527314,-0.0002855210283705117,-2.6974309838179906e-5,0.3377023260883036,-0.03190408521991709,0.0032187088176037584,-0.0003040842555337049,0.00016381573541164666,3.331361198419869e-5,-5.4944045558149295e-5,-0.00019115378159054362,-2.241813320376685e-5,0.007193717372641603,6.909897456479823e-5,9.232995977824466e-5,-0.01185560504227214,-0.3270617109651899,-0.008822202404348745,0.0027701728482965537,-0.00011351074527365615,7.924642795488581e-5,0.1342557605147326,0.09372935944032058,0.0012796186665255751,0.0008933533837259482,5.5400514121158635e-5,9.700805338222367e-6,-1.599951067169641e-5,-5.748340461862584e-5,2.2599722784417124e-5,0.0028474944600659978,2.629497955561258e-5,3.513531742012716e-5,2.1260090312993773e-6,-3.506420652558257e-6,-5.238821595656186e-6,6.066847008959118e-5,0.0001474725920204333,8.351818772780972e-5,0.00011159689361857739
7.0,-9.583977642894074e-5,1.3619795246080069e-5,2.7394528880117658e-5,-1.7100198815224882e-5,-0.003588125340894716,-2.7360855050037138e-5,-3.739464169941155e-5,-2.2509746112799603e-5,3.612021636856529e-6,7.003199297755483e-5,9.150639590571137e-5,-0.0028807150790740588,-5.232157791339577e-6,-7.129933031048336e-6,3.941080062876346e-6,3.3872239853454e-8,7.92544405502302e-5,0.00016681410068738694,-0.0023420736263791296,-5.345864671345296e-8,-3.745528610887986e-8,0.011702111615726664,0.6475719510179999,0.00385556582302496,0.00980291073025297,-0.00029034892004026495,-0.000570408803010792,-0.0011094694395173898,0.0025243051099140376,-1.0363531692331082e-5,2.355445618919131e-5,-0.00023530594035362927,3.563119724667371e-5,-4.529674928620601e-6,0.00020177643942028794,0.0014394103100363554,-0.011372419600954371,5.636100688931604e-6,7.726219593068688e-6,0.010052243996378472,0.5599850174755839,0.0029620982248549344,0.010199601810605726,-0.00028974837786295955,-0.0005878466411254021,-0.0009234743868333597,0.0026316713634234887,-8.639493974033674e-6,2.4554404606686617e-5,-0.00022160954025719827,1.058511163879089e-5,-3.8985718254876534e-8,0.00014471916924781644,0.00035456705750419316,-0.008355251225575388,5.7492833131930385e-8,1.4335641056108967e-7,0.0088804505146118,0.514203070104881,0.0024028975525298133,0.004307553814088445,-0.0001172951507640781,-0.00016025538457373965,-0.0006235709072680038,0.000996701108365128,-5.812029995546364e-6,9.282258429259333e-6,-0.0001375644760806756,-3.082280904105341e-5,4.657121435972003e-6,6.432521979537493e-5,2.948674398052647e-5,-0.0034337752130814696,-7.683004895645235e-6,-1.048452305399809e-5,-1.4460436076346022e-5,2.079901723120751e-6,7.590317550851874e-6,-3.4658439546024455e-5,-0.0002306190533760034,-4.9739265300814215e-5,-6.795880092172293e-5
8.0,-9.583977642894074e-5,1.3619795246080069e-5,2.7394528880117658e-5,-1.7100198815224882e-5,-0.003588125340894716,-2.7360855050037138e-5,-3.739464169941155e-5,-2.2509746112799603e-5,3.612021636856529e-6,7.003199297755483e-5,9.150639590571137e-5,-0.0028807150790740588,-5.232157791339577e-6,-7.129933031048336e-6,3.941080062876346e-6,3.3872239853454e-8,7.92544405502302e-5,0.00016681410068738694,-0.0023420736263791296,-5.345864671345296e-8,-3.745528610887986e-8,0.011702111615726664,0.6475719510179999,0.00385556582302496,0.00980291073025297,-0.00029034892004026495,-0.000570408803010792,-0.0011094694395173898,0.0025243051099140376,-1.0363531692331082e-5,2.355445618919131e-5,-0.00023530594035362927,3.563119724667371e-5,-4.529674928620601e-6,0.00020177643942028794,0.0014394103100363554,-0.011372419600954371,5.636100688931604e-6,7.726219593068688e-6,0.010052243996378472,0.5599850174755839,0.0029620982248549344,0.010199601810605726,-0.00028974837786295955,-0.0005878466411254021,-0.0009234743868333597,0.0026316713634234887,-8.639493974033674e-6,2.4554404606686617e-5,-0.00022160954025719827,1.058511163879089e-5,-3.8985718254876534e-8,0.00014471916924781644,0.00035456705750419316,-0.008355251225575388,5.7492833131930385e-8,1.4335641056108967e-7,0.0088804505146118,0.514203070104881,0.0024028975525298133,0.004307553814088445,-0.0001172951507640781,-0.00016025538457373965,-0.0006235709072680038,0.000996701108365128,-5.812029995546364e-6,9.282258429259333e-6,-0.0001375644760806756,-3.082280904105341e-5,4.657121435972003e-6,6.432521979537493e-5,2.948674398052647e-5,-0.0034337752130814696,-7.683004895645235e-6,-1.048452305399809e-5,-1.4460436076346022e-5,2.079901723120751e-6,7.590317550851874e-6,-3.4658439546024455e-5,-0.0002306190533760034,-4.9739265300814215e-5,-6.795880092172293e-5
9.0,-0.00011651925206432991,9.959916682106784e-6,-1.7039898289956803e-5,-2.579109597802712e-5,0.002153162926541285,-2.006810839142949e-5,-2.7912383555500196e-5,-0.0001495242228598633,1.2781139384737857e-5,-2.6868678717535107e-5,-0.0001275820905884827,0.0016159610315411468,-1.857862812291331e-5,-2.58406913097158e-5,-0.0001760945686106308,1.5052338566154305e-5,-2.108491334787655e-5,-0.00017080858201482142,0.0012869616035779373,-2.585166068943257e-5,-3.595662603769652e-5,0.003502334775677474,0.5131577595125072,-0.33210788270694713,0.3080980506795945,-0.08244798287789985,0.076592883301513,-0.01676794781851525,-0.01557716064415677,-0.0001380694402964895,-0.00012826435347532464,0.00019164386180892904,-0.00040719960537918175,3.480690161252468e-5,-4.24038019271924e-5,-0.002198992053124011,0.0071341749481219725,-4.341503503737512e-5,-6.038521849750552e-5,0.003603615236716644,0.5279972473964867,-0.34862979418772316,0.2811917525265837,-0.0865496568995286,0.06990500169303288,-0.017602130215503782,-0.014217005472324943,-0.00014493820555357687,-0.00011706465978311743,0.00017672153058997012,-0.000575352590901318,4.91804038104636e-5,-2.3497354001050074e-5,-0.000490497322766355,0.004990443692941069,-6.228700652145416e-5,-8.663391599513636e-5,0.0009163829820970834,0.13426730111986618,-0.05993514915720055,0.061365562587910136,-0.014879297989479942,0.015278505931734182,-0.0030260933457315624,-0.0031072827007934804,-2.4917242292596284e-5,-2.5585767226805558e-5,8.010565084016072e-5,-8.491761486968654e-5,7.258649141342572e-6,-2.6248355570311947e-5,-5.375040141341417e-5,0.0017273406315570661,-1.2013687804118698e-5,-1.6709629795025547e-5,-5.0298872734377236e-6,4.299483328033463e-7,-4.687838976175834e-6,-1.0506709827937589e-5,0.00011923508304174119,-1.0313064069838034e-5,-1.434426176785025e-5
10.0,-2.535880255749518e-5,2.146193101976371e-6,-2.143387886327016e-6,-5.060201164922629e-6,0.0002794288439298696,-4.3246586113399865e-6,-6.017687875950552e-6,-2.22845127125846e-5,1.8860065397994305e-6,-1.83187589271161e-6,-1.5505476145652157e-5,0.000151795991953848,-2.741697699979891e-6,-3.815025067094663e-6,-2.4716890433477178e-5,2.0918661135501937e-6,-7.562365412303894e-7,-1.9335423453015196e-5,0.00011809712904567615,-3.5929457209196916e-6,-4.999522007479831e-6,-0.002282256036389294,-0.3503084657214692,0.3328871565234787,-0.3481067941182974,0.08346720202390238,-0.08734637099176869,0.017657966690896143,0.018478627250328308,0.0001444614946939792,0.00015117540580992324,-0.00011503324725549262,0.0001836700033811845,-1.5544554732070493e-5,5.519219652354413e-6,0.000902501065687907,-0.002564037518608368,1.9390337988159876e-5,2.6981320908255892e-5,0.003201304301120805,0.49137519198166296,-0.44506454445734456,0.40500991226860156,-0.11159424903579077,0.10162985980809328,-0.02360840527321882,-0.021500381473091603,-0.00019314259529649245,-0.00017589666389421484,0.0001437897965094113,-0.0003640401645005857,3.080983371040637e-5,1.5182849200645764e-6,-0.0002709269732724092,0.0022934536783742092,-3.902357256669149e-5,-5.4300628233063585e-5,0.00024819313845373195,0.03809570711954731,-0.019075405907215993,0.027533307207025525,-0.004782914351994968,0.006912536815152188,-0.0010118530429296378,-0.0014623869280736184,-8.278065492794228e-6,-1.1963926436057959e-5,1.6262062177548186e-5,-1.5752908442131342e-5,1.3332168724325048e-6,-2.0732608117944457e-6,-7.89928921895535e-6,0.00017806700580132946,-2.2067525706898366e-6,-3.0706581448547243e-6,-1.5069230149072057e-6,1.2753550855104364e-7,-5.274863939611262e-7,-2.683431704073157e-6,1.2142185451179226e-5,-3.0593901739378354e-6,-4.257088665333239e-6
11.0,-0.00022093428897750322,1.862204050737809e-5,-2.3751656216544425e-5,-4.556373991883335e-5,0.0030370164671049324,-3.7525257585142985e-5,-5.222508154275264e-5,-5.946823636604855e-5,5.012440176851527e-6,-1.5117368713904365e-5,-5.711598613710728e-5,0.000816846982293077,-7.286835333556505e-6,-1.014131798096978e-5,-6.235643920023602e-5,5.25588011741014e-6,-1.2897536575951641e-5,-7.080826086150785e-5,0.000601905150269357,-9.027668475534721e-6,-1.2564090232043776e-5,-0.00032376198411400626,-0.05069424001836695,0.039941014393442616,-0.07279786979949569,0.010055734897382016,-0.01833244487196473,0.0021608942081447536,0.003939490694858069,1.762897311221261e-5,3.213909306253328e-5,-8.255887389276045e-6,1.5915905937845296e-5,-1.3415149203663027e-6,-1.2117519181805115e-5,1.6318015112975456e-6,0.0003488603657213184,1.673462480877381e-6,2.329010382520783e-6,-0.0006963446601146045,-0.10903276192826884,0.10258268806890129,-0.12015439406831095,0.025826692985820965,-0.030263283074233104,0.005549942581279126,0.006503329091192828,4.527745427955095e-5,5.3055360340433476e-5,-2.313800681960682e-5,5.855470732910446e-5,-4.9354409260192995e-6,-1.1406193094232819e-5,1.854614377046442e-5,0.00019688072534907,6.251395986358292e-6,8.700264465963187e-6,0.003934028485951953,0.6159851807563476,-0.4222635330168704,0.5984802637034933,-0.10631102412631178,0.15082248384722016,-0.022845359267206197,-0.03241050366173436,-0.00018637665296949223,-0.0002644108776669854,0.0002675048821940653,-0.00010756102396910309,9.066070072888072e-6,-1.8537032744691045e-5,-5.6865028221919795e-5,0.001431675524977967,-1.5006703129599315e-5,-2.0885300863112256e-5,-7.339609088434655e-6,6.186386838585105e-7,-4.449841037433768e-6,-1.3969145129201496e-5,0.00010953959965993007,-1.4840693717829546e-5,-2.0654260342002858e-5
12.0,-0.0003304550312418442,2.710428419195731e-5,3.37646494625664e-5,-4.440803016575434e-5,-0.003718614055837956,-5.4629216539500755e-5,-7.612133210635413e-5,-5.749080981287307e-5,4.7154592918044516e-6,3.36157326991791e-5,2.031332829902818e-5,-0.001157692718971742,-6.856529800605488e-6,-9.554011847690582e-6,-3.745958383593418e-5,3.0724761616631527e-6,3.655617078963009e-5,4.753751481459469e-5,-0.0008694710590706507,-5.2784849558882836e-6,-7.3551358009508635e-6,-0.0005723584992693677,-0.1037464400606109,0.11623806395678457,0.1506642517267964,0.03007333985540598,0.039013665748997804,0.00711872240374463,-0.009235005437161879,5.685324656542372e-5,-7.375481740148393e-5,6.206675724923811e-5,7.561098179747021e-6,-6.201695676892477e-7,-3.1258716165262135e-5,-0.00015470746769248258,0.001309870755952903,7.737871951316407e-7,1.0782089839671003e-6,-0.00022505960777715646,-0.04079459488821541,0.06658630697157894,0.10235907950399117,0.017227339918679186,0.02649682533857185,0.004077919221131382,-0.0062721182780041025,3.256805561128536e-5,-5.0091896580540644e-5,2.6451796583393914e-5,-6.085320295608322e-6,4.991246466090659e-7,2.978929128278902e-6,2.1526058274436424e-6,-0.00011121224371721757,-6.323400395214895e-7,-8.811139752917006e-7,0.003763466696222654,0.6821708291490588,-0.48785216139789717,-0.4455722200713171,-0.1262180678975636,-0.11545719040124595,-0.029877339589263377,0.027330110118508538,-0.00023861356704328883,0.00021827028610908917,-0.0003294017874524336,-8.33008045857079e-5,6.832423378218961e-6,6.487225325248227e-5,1.3004242248920293e-5,-0.002850213031641897,-1.1311797047404567e-5,-1.57620612980685e-5,-2.8067167440413965e-5,2.3020998648741997e-6,5.428483092336629e-6,-4.1000041601755387e-5,-0.00018282028144631982,-5.52372314506722e-5,-7.696855101028144e-5
13.0,-5.4851513213267294e-5,4.458779306486436e-6,5.924504168642569e-6,-7.195270367980704e-6,-0.0006538310488515708,-8.98738597208135e-6,-1.252827548110906e-5,-2.276379265195777e-5,1.8504271198290825e-6,1.2281689496407961e-5,6.538121204360807e-6,-0.0004171255271305052,-2.690808180837128e-6,-3.750944519172548e-6,-1.704438619343121e-5,1.3855070170133599e-6,1.4412513419637119e-5,1.7233154843051673e-5,-0.00033434348356193547,-2.3804544865373083e-6,-3.318316323459734e-6,0.0023571344984554157,0.4510997785142021,-0.32025563896143205,-0.4138410321715769,-0.08360423742887528,-0.10818070131551784,-0.020377559576786112,0.026367786598951982,-0.00016141989413630479,0.00020887121194572956,-0.0002707347074484966,-6.48367191594065e-5,5.2704584568832985e-6,0.00021599433582498203,0.0010134699525282981,-0.008879713157186254,-6.57642495243818e-6,-9.167433527023234e-6,-0.0018195209579039391,-0.3482132655778414,0.32778550570392473,0.4917213763502503,0.08556994447774613,0.1284904335096579,0.020856677786349646,-0.031318047388881054,0.00016521520694912285,-0.00024808447518136434,0.00023112246717917837,8.412665240120596e-5,-6.838501891264631e-6,-8.704251463550107e-5,-0.00013141663607100777,0.0038271248420580174,8.664290883362753e-6,1.2077885980071756e-5,0.0003696279461448002,0.07073804432844437,-0.03242054492727779,-0.0291009537272134,-0.008463535394533083,-0.007615635202987605,-0.0020628882217695473,0.001856222425937745,-1.6341073389348562e-5,1.470398077768904e-5,-3.477172087731324e-5,-2.1303579800061463e-5,1.7317290846093664e-6,1.3765284601965583e-5,1.3778691416096987e-6,-0.0005875823390459711,-2.8672606343565274e-6,-3.996916479732638e-6,-6.25893903858284e-6,5.087777206370334e-7,1.2739725586217203e-6,-9.029109195775903e-6,-4.24407712056372e-5,-1.2208609863281758e-5,-1.701861120417691e-5
14.0,0.000599758016378612,-4.31856698044322e-5,-7.411311816584465e-5,6.571982928482146e-5,0.007994894679999613,8.713561822653673e-5,0.0001221822166381987,0.0002893216023555171,-2.0832647243393958e-5,-0.0001870206991482041,-0.00014322621976036685,0.006507247122506032,3.0324514410126478e-5,4.252126127673555e-5,0.00019296682773028978,-1.3894606621343221e-5,-0.00021741459510491956,-0.0003139595251875411,0.005265205509148163,2.3896596418035703e-5,3.3507986514543405e-5,-0.0006775259764983232,-0.6653114281989421,0.0971721608752385,0.10481576181634178,0.028637633739539595,0.031132906549759764,0.009464848292699602,-0.010289545599356726,5.783248329978521e-5,-6.287158700783869e-5,0.00048157468064993704,0.00020240682654630197,-1.4574335213011969e-5,-0.000615496341497024,-0.00291494855933188,0.024292231557536483,1.8204085590337535e-5,2.5525905187496702e-5,-0.0006061836982029836,-0.5952553200791297,0.10132274376508373,0.12691356661613334,0.029860853142446613,0.03764233704217869,0.009869127018902028,-0.012440937463756813,6.030272295321897e-5,-7.601710634334204e-5,0.0004755813835628179,0.000578488538815401,-4.1654157744780364e-5,-0.00045412402517686166,-0.0006066294940416379,0.018769853742361477,5.282859381761104e-5,7.407665000723132e-5,-0.00039198624341456106,-0.38491945177889497,0.03893972874736518,0.025444663530773456,0.011475937961342624,0.0076296987812890646,0.003792841711851304,-0.0025216448515951928,2.3175168297708683e-5,-1.540785372766914e-5,0.00025980731672241845,0.00027040905604119875,-1.9470846387074317e-5,-0.00018146693978598303,-2.9755311240633634e-5,0.007593720323274318,3.2270871362179555e-5,4.5250457575640466e-5,8.397352243482547e-5,-6.046526620990099e-6,-1.7994346068848946e-5,0.00010677193387661487,0.0005882468904231874,0.00014523882950617507,0.00020365497476486336
15.0,-2.978614357222752e-6,1.4351562160471405e-7,-2.610270338097967e-6,-1.383964456340648e-6,0.00039334404815530164,-2.9081617099258877e-7,-4.1696950477719313e-7,1.0176478789936216e-6,-9.303748992074197e-8,3.6190220087509944e-6,6.40980244317644e-6,-0.00015567913255207263,1.3517012712875266e-7,1.8729495900678743e-7,3.5600618309157886e-6,-3.708859018629177e-7,4.338046171977169e-6,1.212250490999918e-5,-0.0001430235542132425,6.361143369706505e-7,8.77205670382512e-7,0.0040595940292776425,0.21281418517007664,0.0003421820576225839,0.0019155906011354285,-8.233680719779623e-5,-0.0004299232739495687,-0.0001564600961641194,0.000827163600601247,-1.481145970716491e-6,7.828511852949863e-6,-4.486510926898364e-5,1.684160590021744e-5,-2.4200458214105838e-6,2.605889565274656e-5,0.0002764307913312636,-0.0018038496247861553,3.0094143666709367e-6,4.110650016876452e-6,0.0037271514009630095,0.23854739751093068,-4.0407870519760587e-5,0.00345695814607579,-6.299918611671783e-5,-0.00033107096134254863,-5.827266182751976e-5,0.0010375132662362372,-5.632018843930015e-7,9.744905714430938e-6,-4.781403109588706e-5,2.8762442991385477e-5,-3.4489412692024593e-6,1.7952882781522467e-5,7.448605745796387e-5,-0.0013252492593561086,4.35867989872491e-6,5.983479712011664e-6,-0.017844527251768997,-0.9461190963394062,-0.0008402932185713812,-0.0048396367250366544,0.0002608209578061674,0.0009739221706754184,0.0004460909831498975,-0.001983388383019408,4.232284750817005e-6,-1.875099345203822e-5,6.62715375294614e-5,-4.770248330823455e-6,6.724998270843754e-7,-7.050069533570449e-7,-4.1298614262416065e-6,0.00010841248634579242,-1.1097707566261784e-6,-1.5166078006288147e-6,-3.655130784620541e-7,1.0459391999049012e-8,-1.6779169065483952e-7,-3.085168301733669e-7,4.588105976097596e-6,-2.5456931542008185e-7,-3.82459925286056e-7
16.0,-2.978614357222752e-6,1.4351562160471405e-7,-2.610270338097967e-6,-1.383964456340648e-6,0.00039334404815530164,-2.9081617099258877e-7,-4.1696950477719313e-7,1.0176478789936216e-6,-9.303748992074197e-8,3.6190220087509944e-6,6.40980244317644e-6,-0.00015567913255207263,1.3517012712875266e-7,1.8729495900678743e-7,3.5600618309157886e-6,-3.708859018629177e-7,4.338046171977169e-6,1.212250490999918e-5,-0.0001430235542132425,6.361143369706505e-7,8.77205670382512e-7,0.0040595940292776425,0.21281418517007664,0.0003421820576225839,0.0019155906011354285,-8.233680719779623e-5,-0.0004299232739495687,-0.0001564600961641194,0.000827163600601247,-1.481145970716491e-6,7.828511852949863e-6,-4.486510926898364e-5,1.684160590021744e-5,-2.4200458214105838e-6,2.605889565274656e-5,0.0002764307913312636,-0.0018038496247861553,3.0094143666709367e-6,4.110650016876452e-6,0.0037271514009630095,0.23854739751093068,-4.0407870519760587e-5,0.00345695814607579,-6.299918611671783e-5,-0.00033107096134254863,-5.827266182751976e-5,0.0010375132662362372,-5.632018843930015e-7,9.744905714430938e-6,-4.781403109588706e-5,2.8762442991385477e-5,-3.4489412692024593e-6,1.7952882781522467e-5,7.448605745796387e-5,-0.0013252492593561086,4.35867989872491e-6,5.983479712011664e-6,-0.017844527251768997,-0.9461190963394062,-0.0008402932185713812,-0.0048396367250366544,0.0002608209578061674,0.0009739221706754184,0.0004460909831498975,-0.001983388383019408,4.232284750817005e-6,-1.875099345203822e-5,6.62715375294614e-5,-4.770248330823455e-6,6.724998270843754e-7,-7.050069533570449e-7,-4.1298614262416065e-6,0.00010841248634579242,-1.1097707566261784e-6,-1.5166078006288147e-6,-3.655130784620541e-7,1.0459391999049012e-8,-1.6779169065483952e-7,-3.085168301733669e-7,4.588105976097596e-6,-2.5456931542008185e-7,-3.82459925286056e-7
17.0,4.3774572899884785e-6,-4.1982822910199045e-7,6.522247515187397e-7,1.1312654021027586e-6,-0.0001055956548775767,8.452008790617185e-7,1.1689407430346625e-6,4.360359443873499e-6,-6.176087652190806e-7,3.34076376569739e-7,4.904369701658724e-6,-4.978039874101298e-5,8.950935293366387e-7,1.2230285634667733e-6,4.350825526926945e-6,-6.992656238504485e-7,-4.250657036874539e-8,6.089854942433109e-6,-3.925293411965777e-5,1.1967586057379465e-6,1.6302371043282062e-6,-0.012315415023773915,-0.6847170038240189,7.497312571646163e-5,-0.006469410862394459,8.488154984856023e-5,0.001195839760496793,7.425327419623646e-5,-0.0025445785885831714,7.201321435649257e-7,-2.4049232187392007e-5,8.082837452294252e-5,-2.7857137553943334e-5,4.035008419209684e-6,-2.8945840816856127e-5,-0.00037452600110377996,0.0022495967696607674,-5.017496615199858e-6,-6.851866814785338e-6,0.01368053035675488,0.7223510946007311,-0.0012559916765607596,0.00662585572384338,-1.5063762173179427e-5,-0.0016666064068294117,0.00023882451911038765,0.0030625598092590355,2.210431680096041e-6,2.9028225071791463e-5,-8.90262360870699e-5,5.893881329426832e-5,-8.670948534277446e-6,1.2113953870040598e-5,0.00011066395388777429,-0.0015720759055598945,1.0947386657879756e-5,1.4943904095926947e-5,0.00026524347235389484,0.06553066292901405,0.00017547492310339633,0.0009029029246132037,-4.9776162239955895e-6,5.3812221570957585e-5,-4.083016604380281e-5,0.00012452788691927132,-3.806751783682514e-7,1.1356900689801295e-6,-7.5686181367131335e-6,3.192419620707345e-6,-3.7048907593326266e-7,6.536468335307381e-7,2.5015479418832028e-6,-7.54252364258347e-5,6.119776513613443e-7,8.409082583769672e-7,3.6382199418352416e-7,-2.1792248659926033e-8,1.7544702634374432e-7,5.143366127186207e-7,-4.672676384043629e-6,5.243618891532934e-7,7.413790335514206e-7
18.0,4.3774572899884785e-6,-4.1982822910199045e-7,6.522247515187397e-7,1.1312654021027586e-6,-0.0001055956548775767,8.452008790617185e-7,1.1689407430346625e-6,4.360359443873499e-6,-6.176087652190806e-7,3.34076376569739e-7,4.904369701658724e-6,-4.978039874101298e-5,8.950935293366387e-7,1.2230285634667733e-6,4.350825526926945e-6,-6.992656238504485e-7,-4.250657036874539e-8,6.089854942433109e-6,-3.925293411965777e-5,1.1967586057379465e-6,1.6302371043282062e-6,-0.012315415023773915,-0.6847170038240189,7.497312571646163e-5,-0.006469410862394459,8.488154984856023e-5,0.001195839760496793,7.425327419623646e-5,-0.0025445785885831714,7.201321435649257e-7,-2.4049232187392007e-5,8.082837452294252e-5,-2.7857137553943334e-5,4.035008419209684e-6,-2.8945840816856127e-5,-0.00037452600110377996,0.0022495967696607674,-5.017496615199858e-6,-6.851866814785338e-6,0.01368053035675488,0.7223510946007311,-0.0012559916765607596,0.00662585572384338,-1.5063762173179427e-5,-0.0016666064068294117,0.00023882451911038765,0.0030625598092590355,2.210431680096041e-6,2.9028225071791463e-5,-8.90262360870699e-5,5.893881329426832e-5,-8.670948534277446e-6,1.2113953870040598e-5,0.00011066395388777429,-0.0015720759055598945,1.0947386657879756e-5,1.4943904095926947e-5,0.00026524347235389484,0.06553066292901405,0.00017547492310339633,0.0009029029246132037,-4.9776162239955895e-6,5.3812221570957585e-5,-4.083016604380281e-5,0.00012452788691927132,-3.806751783682514e-7,1.1356900689801295e-6,-7.5686181367131335e-6,3.192419620707345e-6,-3.7048907593326266e-7,6.536468335307381e-7,2.5015479418832028e-6,-7.54252364258347e-5,6.119776513613443e-7,8.409082583769672e-7,3.6382199418352416e-7,-2.1792248659926033e-8,1.7544702634374432e-7,5.143366127186207e-7,-4.672676384043629e-6,5.243618891532934e-7,7.413790335514206e-7
19.0,-0.0004190450914479275,2.6598311059583912e-5,-3.054396866696682e-5,-6.332940612284654e-5,0.0035121033708161785,-5.373125202519618e-5,-7.586912842249372e-5,-0.0004608448487980603,2.9251493189391827e-5,-3.604298731203418e-5,-0.00025071470676347785,0.0024808108724517254,-4.262989649015608e-5,-6.0193890325579454e-5,-0.0005189139565339594,3.293734996721291e-5,-1.9708804987638642e-5,-0.00031922242526064503,0.0019391025500449107,-5.671465444717567e-5,-8.008172598842634e-5,-0.0027928723672685694,0.7100825475444396,-0.07313375741000808,0.05139130524194694,-0.024450258343793694,0.017339061105457916,-0.027720467118465653,-0.019658148866868657,-0.004487516955246433,-0.0031823515254608328,0.00034006689593609884,-0.00121781471933888,7.729911500931442e-5,-3.1023526765075716e-5,-0.004857286953643135,0.010955077264239685,-9.66654949802097e-5,-0.00013649275935821294,-0.00259183636226423,0.6589695213085343,-0.06686880994676896,0.0389250069447469,-0.02235574563979408,0.013150231912840737,-0.025345814394282098,-0.014909066631429478,-0.004103097222244263,-0.002413548261189165,0.00029466754666871933,-0.001616099698785536,0.00010257970650145961,-1.224042333404246e-5,-0.0009311988917432319,0.0074653491726535464,-0.0001302533759783626,-0.00018391922274488008,-0.0008180134137431894,0.20797837221768292,-0.013750482354569545,0.011901553175389094,-0.0045970952105342106,0.004043841960088913,-0.005211953907873766,-0.0045847031118895825,-0.0008437350899030345,-0.0007421928207515386,0.00013983726304637718,-0.0002848992949015777,1.8083591052853995e-5,-3.677702306823495e-5,-0.00011058229277470561,0.0025279033994163678,-3.000733188695458e-5,-4.237068802127044e-5,-2.9409525530957773e-5,1.8667291996776537e-6,-7.590934011994687e-6,-3.975203893908734e-5,0.0001549743395437075,-4.4892618175293706e-5,-6.338887863570483e-5
20.0,0.00018376360746846784,-1.1660415207333491e-5,1.084752474180879e-5,2.7031014193546196e-5,-0.0012649097643950514,2.355528211854363e-5,3.326094898165461e-5,0.00013442303794395313,-8.529591127709522e-6,7.175440264232167e-6,6.816240638060673e-5,-0.0005961572335907878,1.2430707472074543e-5,1.755262895834449e-5,0.00014606882506981118,-9.268555252177075e-6,2.0592651751402482e-6,8.299754475450838e-5,-0.0004534132652946796,1.59595291521652e-5,2.2535458595907238e-5,-0.0019959039649276493,0.505737242205787,-0.10604053321041239,0.08134860273861105,-0.03546306465561603,0.02730931756941852,-0.03446338685516627,-0.02653948524538984,-0.005068718514198429,-0.0039033067531661406,0.00022409797696617208,-0.0005356012784054515,3.3985691605749925e-5,3.530624222650689e-6,-0.002029497735605844,0.004119957204952773,-4.2500541622952505e-5,-6.001237172566597e-5,0.0032124713700757116,-0.8140002925573054,0.14961358932952135,-0.09632113861737783,0.05003517269404519,-0.03236771841534073,0.048624717722286395,0.03145529311022946,0.007151502768761037,0.004626301423579304,-0.0003343498437618765,0.0013646348445388692,-8.65906427987832e-5,-1.3966837558267743e-5,0.0007354126702515911,-0.005189729125081653,0.00010995118010426568,0.0001552552235835424,0.0005634946395612979,-0.14278253363761992,0.01710766551094416,-0.017701763341202315,0.005721305143872419,-0.005957744850096591,0.005560025463636156,0.005789799821303639,0.0008177432798136437,0.0008515374197086463,-8.138841599766987e-5,0.00010741002919564985,-6.815525419348943e-6,7.981487332015153e-6,3.784955116852158e-5,-0.0006878748984969141,1.1309500952185598e-5,1.5969442958998328e-5,1.2019967214777274e-5,-7.627071019961528e-7,2.2852970807223988e-6,1.5841337682852315e-5,-4.224024941928367e-5,1.8342258056565864e-5,2.589996190034462e-5
21.0,-0.0007484302736864362,4.7486194007809356e-5,-5.170935490453329e-5,-0.00011224927338531431,0.005964463910510304,-9.592726102782645e-5,-0.0001354536282719206,-0.00017829529479699495,1.131242983760206e-5,-2.5523771414673658e-5,-0.00011413556511216719,0.001401104294655827,-1.6486327340414636e-5,-2.327943935034615e-5,-0.00017629580663075804,1.1185566873456754e-5,-1.9791149116025192e-5,-0.00013406949982066937,0.0010047954718706619,-1.9260449423967034e-5,-2.719662511652843e-5,0.00020036010896028262,-0.05072114056293116,0.008159070302963213,-0.01198172683444758,0.002728874274654738,-0.004012497183558951,0.0025628182741381277,0.0037683304261857,0.0003676769516382594,0.0005406267553379678,-1.0996927983987314e-5,4.158041349819963e-5,-2.6381824088572805e-6,-2.093661368554149e-5,2.9614877579389595e-5,0.0005171687561541174,3.2991613790250805e-6,4.658564982004204e-6,0.0009810782375354009,-0.24835985290416668,0.050958093421541006,-0.03799274890302446,0.01704339159487213,-0.012748163140867047,0.01600627599918817,0.011972417440827702,0.002296354276376123,0.0017176331385050923,-8.870474821932463e-5,0.0003464674264706795,-2.198256806173045e-5,-2.2485191495836616e-5,0.00014723238825028095,-0.0004515629094843554,2.791307900795716e-5,3.941452916884689e-5,-0.0036978311071200684,0.9361055568155352,-0.1468942801237639,0.15202007043266924,-0.04913011007815487,0.051092313186143073,-0.0461404680010883,-0.04798326581338017,-0.00661958204747773,-0.006883960384318326,0.0005342816357849498,-0.00034560075077185007,2.1927579465176138e-5,-2.8802090287361666e-5,-0.00012380545414703026,0.0023536281281342597,-3.6386072467524074e-5,-5.137877889436526e-5,-3.275407402503813e-5,2.0781712984925142e-6,-8.608758522185127e-6,-4.4333322854449735e-5,0.00017657257341597573,-4.9977754380952e-5,-7.057084807016098e-5
22.0,-0.0009223877405773935,5.8468554503543454e-5,6.89109265337188e-5,-0.0001000743310774992,-0.006968743202206822,-0.000118113934020271,-0.00016679144929458362,-0.00017672392202205977,1.1202222029052279e-5,7.04556211179435e-5,2.8901588846749054e-5,-0.0022629798698626884,-1.632586842255501e-5,-2.305414071400857e-5,-0.0001256498922520186,7.964728118449079e-6,7.748969802150479e-5,8.394363895216686e-5,-0.0017059328465946933,-1.3714610229234793e-5,-1.936672193352967e-5,0.0005669952128020475,-0.1421238508831139,0.04974869643119985,0.053888277379083416,0.01665450536219422,0.018088417539563972,0.01231441045726297,-0.01337465042169386,0.0014084668412569386,-0.0015297322265353434,0.00010374961769339873,4.263122259530232e-5,-2.702319048932154e-6,-5.7052610985406524e-5,-0.00019011731289138282,0.001971327356568559,3.3793988965523235e-6,4.772128236818691e-6,0.0001863344468437768,-0.046706865489343184,0.026544479236965422,0.0347996532137881,0.008886366950339702,0.011666641518538032,0.006570616624030253,-0.00862636280956802,0.0007515175527970635,-0.0009866444965975175,3.595636715993231e-5,-1.8229980262537745e-5,1.155566740192943e-6,1.5354575790061466e-5,2.178522361902465e-5,-0.0006239920199453257,-1.4673321983859478e-6,-2.072054122952572e-6,-0.0037633201601771247,0.943319345906213,-0.20920211661113997,-0.15349151459984287,-0.07003515715570734,-0.05165484530607745,-0.05178428749564551,0.038193805428049704,-0.005922853905704547,0.004368435310254865,-0.0005826226509177506,-0.00026532132893753346,1.6818257549934342e-5,0.0001393982889583007,1.0118503124741966e-5,-0.005463696073698088,-2.7908055710795143e-5,-3.940961832827688e-5,-7.873700618935212e-5,4.991001869719899e-6,1.0625179403184061e-5,-9.110842659612435e-5,-0.0003839779434714182,-0.00012002928642612797,-0.00016949616323287602
23.0,0.0002021551250724051,-1.280864142482937e-5,-1.7670236588531618e-5,2.1184220964705574e-5,0.0018041773361058952,2.5875202862583586e-5,3.653992672316515e-5,8.975615412344677e-5,-5.686991083830947e-6,-3.7460245983310175e-5,-1.71764394908002e-5,0.001213255407047875,8.288130507569149e-6,1.1704166457015479e-5,6.983359225706439e-5,-4.424688428292617e-6,-4.4000750120674064e-5,-4.849481667600142e-5,0.0009728131927228466,7.618985136395935e-6,1.0759226123354206e-5,0.002959024185575466,-0.7383151437022197,0.17541747207862227,0.18522862311801935,0.058750748591546095,0.06229305252260056,0.0405855751647656,-0.04303263043225068,0.004249707901941096,-0.004505938313171779,0.0005532024001801811,0.0003270727954759945,-2.0723482303831033e-5,-0.0005314679412441745,-0.0020396982401594,0.018918098587085826,2.5915971142318616e-5,3.659749805702635e-5,-0.002089848046528219,0.5214443559835918,-0.17404571306996205,-0.21509784115568995,-0.058291319620811265,-0.07223847349000657,-0.04026819719346584,0.04990302149327101,-0.004216475303663655,0.0052253356317453195,-0.0004272535654811327,-0.0003245448149360058,2.0563308297572936e-5,0.0001756862800571767,0.000184410773572983,-0.006644773291956302,-2.611128943316223e-5,-3.6873318736505265e-5,0.0005164263538591789,-0.12885511362771254,0.01968506913330808,0.013695997337774336,0.0065929153689392355,0.004625830544186833,0.0045544486526490425,-0.003195567539564204,0.00047689547104017856,-0.0003346072526325686,8.36689374595919e-5,8.513883953769546e-5,-5.3944359143637185e-6,-4.2081915769542947e-5,-1.5303636685257903e-6,0.0016338248096671331,8.95151488713503e-6,1.2640971348918584e-5,2.3872878319309418e-5,-1.5125965174591002e-6,-3.733432194379036e-6,2.736068819826272e-5,0.00012962839867143713,3.637680111429773e-5,5.1369863810646346e-5
24.0,0.0008703919646014767,-5.463059682050089e-5,-9.368355712176039e-5,8.523336914016065e-5,0.009639232508753324,0.00011037179092862955,0.00015595002244906233,0.0004508702651123092,-2.8299102787533986e-5,-0.00023337192205209994,-0.000154464794416851,0.0078123879602633095,4.1246599452807025e-5,5.827945760880227e-5,0.000325139850823508,-2.0407569029846788e-5,-0.0002723763342352265,-0.0003590584202385753,0.006311591886447279,3.514367346022921e-5,4.965631724341608e-5,0.0029648759958619793,-0.6731256874260095,0.07135842327489061,0.06804481447461432,0.02412587323433146,0.02326366081897271,0.011785646634430123,-0.011364450068069968,0.0004897611597483791,-0.0004722579924953723,0.0005608238434267475,0.00038389354856443927,-2.4095274918145017e-5,-0.0007847887585383734,-0.003406221367516421,0.02863867032558125,3.0135478237392865e-5,4.257997870744982e-5,0.0026985422213877124,-0.6126590421841706,0.0773093854505701,0.086051126640236,0.02613785938093775,0.029352002956345043,0.012768515001917738,-0.014338644916047388,0.0005306049720846212,-0.0005958528231853436,0.000561934997331736,0.0009650718496511738,-6.057322822970794e-5,-0.0005822023851189086,-0.0006752257504939492,0.022452284154064747,7.692322804169064e-5,0.00010868881476914199,0.001661918375631744,-0.3773108725643416,0.02763958516197075,0.015302673010643562,0.00934478506191635,0.005312597076431533,0.004564988547293314,-0.00259523832843952,0.0001897014390105589,-0.00010784701739172124,0.0003017092101211434,0.00041049353273393417,-2.576483652911414e-5,-0.00023011492694971906,-2.5780915543751103e-5,0.009079497290458623,4.2758192734884746e-5,6.041526608200059e-5,0.0001221131577491974,-7.664494800947643e-6,-2.2087574743851487e-5,0.00013719366011407042,0.0007395956920926099,0.00018434289028675783,0.0002604676216334359
25.0,0.005782554058168134,-0.00018322435019081328,-0.00036080110928261985,0.00031897509652539736,0.027724464322500003,0.0003739013925795877,0.0005611737033443614,0.004100280270208878,-0.00012992030520631191,-0.0007938454661756559,-9.619163985554725e-5,0.021153051095822,0.00019126885708397118,0.00028706780716732143,0.003745887218608391,-0.00011869110856789871,-0.0009407744262276534,-0.0006252072459396219,0.016972104316203447,0.00020645519475874798,0.00030986037633717157,0.02931675909505513,-0.6392906424333701,0.06500522840046095,0.0336453592231537,0.04353551318116771,0.022684291154814677,0.031183007339182733,-0.01624798620325658,0.00032575665859667016,-0.00016973634464191974,0.0011913170823319474,0.0054141601606308215,-0.00017155152676166333,-0.0028692118118050524,-0.00763818314710464,0.06702837371604048,0.00021671677917040576,0.0003252615795441522,0.03028211929650046,-0.6603415963045263,0.08964448866315027,0.05837189778152934,0.06003699877448539,0.039262023373963395,0.043002460212411844,-0.028122051940478024,0.00044922985122373824,-0.00029378005620546405,0.0013315091879037076,0.009870668207655935,-0.0003127591631836515,-0.002178911245346857,-0.0009490778003099858,0.058456609865375264,0.0004011793510067073,0.0006021141043552327,0.015469334605285687,-0.33732926705053323,0.023037637546664786,0.004512816384091421,0.015428841613907495,0.0031050745448923827,0.011051154474405847,-0.002224059284961695,0.00011544708050387202,-2.323387579498436e-5,0.0006518371167526152,0.003580126496669167,-0.00011343886185145925,-0.0008680393642490979,0.00011795425768554925,0.024045846963069065,0.00019015404039149676,0.00028539462320916094,0.0009637782437091507,-3.0538001141937034e-5,-8.110889045821135e-5,0.0006003840911384122,0.003194436321165689,0.000741882648087308,0.001113462108827006
26.0,0.005182905142237144,-0.00013214053661952065,-0.0002594046776343729,0.00024317091626612893,0.017790422343613704,0.0002709940721406134,0.00041952233609066086,0.0034747195898799516,-8.858956484988429e-5,-0.0005025803263052012,3.986735429783376e-5,0.012283340335659526,0.00013106889300019373,0.00020290601837040523,0.0032970300564675904,-8.405928894240752e-5,-0.0005947689530855483,-0.00025808097422065456,0.009826500474279935,0.00014694106158367527,0.00022747751246439778,0.05469068490134615,-0.8263401211086886,0.20630394185360407,0.09406137823258567,0.1717131632258124,0.07822444370736567,0.13264116152462516,-0.060425076783240765,0.0013663462237269602,-0.000622443096833606,0.0018018956412205506,0.01167244986221864,-0.0002975944467685764,-0.003979301255894155,-0.002793484855610531,0.08164754641532122,0.0003778092662030496,0.0005848815241675528,-0.018291983755546606,0.276379791168134,-0.15801288700686575,-0.09286192777629987,-0.1315190219566702,-0.0772680636170261,-0.1015928861081528,0.05968631358256857,-0.0010465156869450994,0.0006148330435858878,-0.0006520832550236916,-0.0008671687264150481,2.210886321540126e-5,-6.041364988226478e-5,-0.0003137014230604813,0.0023780012489099897,-2.8499994363444326e-5,-4.412046403620618e-5,0.014555927701687791,-0.21993045217026042,0.031643765099887984,0.005401721960238228,0.026338086188786625,0.0044803813815239586,0.020345058461501888,-0.0034609052639602766,0.00020957592274284018,-3.565103604859028e-5,0.0004285571172809414,0.0033269246577456633,-8.482146547205774e-5,-0.0006156684123681673,0.00013753674645197966,0.014893651464508178,0.00014288916590245984,0.00022120482639287077,0.0009129461163151463,-2.3275978703812678e-5,-6.314291702568068e-5,0.00047875399901783157,0.002626243922497043,0.0005682669388164261,0.0008797265261629591
27.0,0.014015940309120409,-0.00033707136442037575,-0.0004226350849316669,0.000669119062967732,0.028380412083117236,0.0006923242198729365,0.0010822612188670327,0.004373100662063548,-0.00010516932680928666,-0.0004690399524343986,0.00021879878419415279,0.010758313297812867,0.00015583682741061693,0.00024360863008488827,0.003945244645359671,-9.487975592461697e-5,-0.000541909719263638,-5.109711047767979e-5,0.008338801743374246,0.00016610968743654855,0.00025966746161734135,-0.007787391201907587,0.10749937497974264,-0.061116554195533204,-0.027052179238980296,-0.05392847120833029,-0.023849625775622687,-0.04236279976383981,0.018734759182086738,-0.0004352194869222959,0.00019247387595984532,-0.00024048146251746296,-0.0012138491588199298,2.919203300954819e-5,0.00015142461321609015,-0.004702213822145666,-0.0058115443311831634,-3.711727332646919e-5,-5.802279382724411e-5,0.0007854074476283602,-0.01084198899681304,-0.023852822413289402,-0.014481334964435733,-0.021047427553539912,-0.012780182692509485,-0.016533529303056044,0.010039304067045746,-0.00016985926754313612,0.0001031400375681029,2.346381088029365e-5,0.001955006912255377,-4.701624242337412e-5,-0.0003754420894318815,-0.00016513724587937859,0.008902048622048797,6.0700213617058705e-5,9.488832730227059e-5,0.06593064484516341,-0.9101254745149359,0.24498502512158143,0.05202219870390225,0.21617167472091756,0.04577562018645001,0.16981080986887806,-0.03595843509966841,0.0017445724553784758,-0.0003694234503032406,0.0014759028434922913,0.006919368105042746,-0.00016640487877762528,-0.0010765257727178557,0.0003461521826271821,0.024735680729141396,0.00028075243119338606,0.00043888031020869245,0.0018502308512820323,-4.449646786298709e-5,-9.799801804351016e-5,0.0009388351049261216,0.004652070624114239,0.0010880125825862134,0.0017008126972459963
28.0,-0.004349104070872648,9.959736020507653e-5,8.527649657885429e-5,-0.00020605040303252155,-0.005686822804843485,-0.0002048440233025983,-0.00032301118917688726,-0.005997508932068911,0.00013734692196515266,0.00022099711379896153,-0.0007656311711452192,-0.003270794429945472,-0.00020379228486840635,-0.00032135274058591855,-0.006345721660179583,0.0001453212237856295,0.00034150477330865877,-0.0007735574427515738,-0.003150759207659527,-0.00025476411327963154,-0.0004017283875969683,-0.0002100000119471226,0.0026932469224595244,0.06893581581606865,0.014090822986254487,0.06387865455513632,0.013066119556542124,0.050841570289884626,-0.010399436876950722,0.0005212895890399503,-0.00010662766976750001,-6.860096570229245e-5,-0.0124844707534029,0.00028590263887316063,0.0017103127896860965,-0.06280044819718189,-0.07987508322900684,-0.0003640136680064426,-0.0005740000898440482,-0.07139950789410726,0.9156975903204518,-0.23131211175260755,0.018851083216235423,-0.21434295519891292,0.01731353749640247,-0.17059740063140855,-0.013779993327753178,-0.0017491719548994424,-0.00014128924427984622,0.0011778688602511718,-0.028286476195095663,0.0006477790166953018,0.0007318707087914797,-0.0052339119528750176,-0.002834210460158158,-0.0008374463263967566,-0.0013205390589420677,5.483554683752412e-5,-0.0007032650445232079,0.038315750876359266,-0.004549383471188608,0.0355048908213358,-0.004206739011316199,0.02825864782043274,0.0033481797420158903,0.00028974201276640393,3.432960919863723e-5,-6.779563840311462e-5,-0.004065547141813276,9.310371895346553e-5,0.00025751718859411485,-0.0003533044887425534,-0.00468842786099642,-0.00015729405295950778,-0.0002480313473533863,-0.0010222265265586127,2.3409663672741965e-5,4.3078360931586725e-5,-0.0005041151441598039,-0.0023263756450225158,-0.0005731804347733252,-0.0009038276580617721
29.0,0.0051399505600874355,-0.00011642880412481355,-0.0002713105535641464,0.0002143216038265489,0.01736843081967205,0.00023953626888995595,0.0003784758089974943,0.004177272653495446,-9.462247814723237e-5,-0.0006527501352334766,-5.608398888198404e-5,0.015667641042595867,0.00014044248324843368,0.00022190410960168532,0.003984955977232173,-9.026617153139836e-5,-0.0007627871270066396,-0.0004485194564519651,0.012568550937377505,0.00015829587693766384,0.0002501131054724739,0.05476913043502367,-0.6911307510973753,0.20504808448605508,-0.1341674796766584,0.1920936858395071,-0.12563814094457926,0.15332052694970832,0.10027870457906089,0.0015713733542114872,0.0010277507332035083,-0.0003744716372034868,0.0655672202896212,-0.0014852113768154182,-0.009124178808968052,0.36164304789165647,0.4566785096968264,0.0018915732715200258,0.002988752924716287,-0.001778992380301544,0.022449075423181385,-0.0662078313500991,-0.018753673986777384,-0.06202499470969609,-0.017633700669693785,-0.049505556787252415,0.014074425543032398,-0.0005073796333038899,0.0001442479859874763,0.00045817235806654524,0.0032828450361561466,-7.436213971680528e-5,-0.0012177448939307523,-0.0012714792076507471,0.02982420087571927,9.616507133037943e-5,0.0001519442268093068,0.009545834574919851,-0.12045872861601205,0.001729440879045371,-0.017065720377985212,0.0016201793531844001,-0.015985870801077627,0.0012931541764771126,0.012759201970407287,1.3253463322101685e-5,0.0001307683344647593,-1.1888131332826596e-5,0.003876113811228812,-8.78007075004756e-5,-0.0006797580136773461,0.0001424253855941142,0.015386380532800453,0.00014838112652554997,0.00023444744782189433,0.0011074000676001342,-2.5084534189797986e-5,-8.072490891239268e-5,0.0005267317257000094,0.003199926367037729,0.0006143807482254061,0.0009707433942924006
30.0,-0.017478796826904546,0.0003856310906240867,-0.0002968427864837402,-0.0009004481895203487,0.016911741821065373,-0.0007939908813957916,-0.0012607607863744528,-0.007415706448595434,0.00016361120240943156,0.0001658364067852433,-0.0010395768820061616,-0.001334854512986738,-0.00024302438267565963,-0.0003858931116091419,-0.007291047086807614,0.00016086086861251742,0.0003070694145444283,-0.0009931362105023902,-0.002173111392779974,-0.0002823108826559461,-0.0004482752872346896,0.001817666169081633,-0.022066655851085804,0.04697051982041593,0.006074637278621053,0.04517765954678553,0.005883374509509929,0.036298774118943465,-0.004727099290095794,0.00037166452016639727,-4.840094821999894e-5,-0.00024367343877895492,-0.007798203218454766,0.00017205014977990184,0.001468149315420918,-0.041897551704497056,-0.06400036856636054,-0.00021929189815797224,-0.0003482088175635246,-0.016406795276675126,0.19918019664286718,-0.019508825268373012,0.005323952877915333,-0.018764175263592094,0.005093610205159824,-0.015076402059301924,-0.004092549462178259,-0.00015436785058502058,-4.1903768550604954e-5,0.00016279417082776623,-0.009248873332124154,0.0002040559853994749,0.0004884361854177884,-0.0012538905949110875,-0.007664986964196346,-0.0002640872588259195,-0.00041933839280797246,-0.07378289351337337,0.89573198123384,-0.2200092217944024,0.07994535704148821,-0.2116114907242187,0.07656117143839762,-0.17002292238532674,-0.061514401058488655,-0.0017408711275883702,-0.0006298482765030719,0.001996402034626033,-0.010517708705879321,0.00023205003864291843,0.00044298965726315945,-0.0009770008070058619,-0.006589657649772392,-0.0003924595702031453,-0.0006231779834542529,-0.002393210069096398,5.280090032385281e-5,5.671584975641514e-5,-0.0011665173997807228,-0.004537769130167162,-0.0012942122791252788,-0.002055051423130121
31.0,0.015306646137581112,-0.0002865183641995498,0.00045081726525007934,0.0007134524818665855,-0.023148846923739374,0.0005930462036897136,0.0009749378080398408,0.01586965962762473,-0.00029705716562864804,0.0005062323489346961,0.0029198988298827938,-0.016626298166734242,0.0004435774277633505,0.0007292187395026329,0.01725721016756654,-0.00032303011276390355,0.0002724100862365554,0.003652278340911591,-0.010639983580449746,0.0005699185756929263,0.0009369171634384977,0.07330900414527941,-0.7059019477672823,0.09947653281584164,0.0026160549019961185,0.11277350727752078,0.004021166852216335,0.09400456268004091,-0.003351922277838774,0.0009576916210635843,-3.4148426186632364e-5,-0.0031102496665398396,0.0036342862268959907,-6.80286024386884e-5,0.007372785293646178,-0.16667469738592047,-0.35437089387706916,8.71669145977239e-5,0.00014329797598067098,0.05001451571107715,-0.48159628505004803,0.04452543006328634,0.004895972751485967,0.050477120272904887,0.006081295233290381,0.04207619086387371,-0.005069182583125902,0.0004286602084449184,-5.1643383542650534e-5,-0.0015644600576510514,0.03405042596724887,-0.0006373749194136675,0.000715625940919662,0.008161129020107356,-0.025696690390560085,0.0008292503694920518,0.0013632454478611012,0.026451654538356188,-0.2547064262841561,0.017710930281278185,-0.005636390845452887,0.020078340774569308,-0.006062614498411439,0.01673669365616817,0.005053610891126427,0.0001705086520672263,5.148474352945876e-5,-0.000964200458633097,0.013059515686433302,-0.0002444553194790649,0.00017605750782568035,0.0013419425811445897,-0.0072785595214614075,0.000415628542276179,0.0006832721926988255,0.003316964911492012,-6.20888045627866e-5,-8.349736314602649e-5,0.001437125894158919,0.006261921701468175,0.0015299247812928785,0.0025151185581562935
32.0,-0.0009384981884346709,3.1885361086347506e-6,0.006523205462779651,0.0009553517368717144,-0.09474378522212246,-7.810559163193161e-6,-8.539032281601737e-5,0.09581547033946529,-0.0004033114582943842,-0.0668835580089212,0.10151897739537961,0.6952291716006418,0.0006842082129688741,0.003948133773065273,-0.08454359480858663,0.0003910318161145037,0.05556335709594105,-0.10076949839811905,-0.5725228094511285,-0.0007714931619169495,-0.002865351954029597,0.0009236466321030518,-0.0018791207988279892,0.00012735921909775587,-0.0004566698342858642,0.000666370490398479,-0.0003390687186399901,0.0006425425130859344,0.00032643426310286156,6.445113055275605e-6,3.2747955351885694e-6,-0.00045921097443016393,-0.0029041835330006083,1.1593157698844374e-5,0.004160507753896633,-0.0019802194489266134,-0.02708988770873341,-1.7036742743850416e-5,-0.00011899115037243832,0.0006802292798248734,-0.0014553490517187967,5.710795581455945e-5,-0.0001895054746061273,0.0002993557225392148,-9.735025996938056e-5,0.0002886712945325001,9.365904942815638e-5,2.89554044721712e-6,9.396459910078961e-7,-0.00020026863324961336,0.008736838087000919,-5.129461079364472e-5,-0.003715683638851219,0.011417666934952516,0.06342951847947984,7.207530700793245e-5,-6.710853469256618e-5,0.00031826900135192637,-0.0008734896154650955,-2.7094926384010137e-5,0.0001454750024244498,-0.00013074078874572277,0.00015028994428935476,-0.00012567048586564273,-0.00014431131498596455,-1.2609047886180048e-6,-1.448069190959666e-6,0.00013606991477425542,0.0004273646169977775,-2.6695679678109995e-6,0.00019031376799641056,0.00021947997556704318,-0.0004701331858502031,4.863199192025422e-6,-9.789858225427994e-6,0.00025810601085267057,-2.4267632206920045e-6,0.0010926614097388507,0.0002491425317391513,-0.007817492268287018,6.139011793255362e-5,-0.0004902476709049724
33.0,-0.0009384981884346709,3.1885361086347506e-6,0.006523205462779651,0.0009553517368717144,-0.09474378522212246,-7.810559163193161e-6,-8.539032281601737e-5,0.09581547033946529,-0.0004033114582943842,-0.0668835580089212,0.10151897739537961,0.6952291716006418,0.0006842082129688741,0.003948133773065273,-0.08454359480858663,0.0003910318161145037,0.05556335709594105,-0.10076949839811905,-0.5725228094511285,-0.0007714931619169495,-0.002865351954029597,0.0009236466321030518,-0.0018791207988279892,0.00012735921909775587,-0.0004566698342858642,0.000666370490398479,-0.0003390687186399901,0.0006425425130859344,0.00032643426310286156,6.445113055275605e-6,3.2747955351885694e-6,-0.00045921097443016393,-0.0029041835330006083,1.1593157698844374e-5,0.004160507753896633,-0.0019802194489266134,-0.02708988770873341,-1.7036742743850416e-5,-0.00011899115037243832,0.0006802292798248734,-0.0014553490517187967,5.710795581455945e-5,-0.0001895054746061273,0.0002993557225392148,-9.735025996938056e-5,0.0002886712945325001,9.365904942815638e-5,2.89554044721712e-6,9.396459910078961e-7,-0.00020026863324961336,0.008736838087000919,-5.129461079364472e-5,-0.003715683638851219,0.011417666934952516,0.06342951847947984,7.207530700793245e-5,-6.710853469256618e-5,0.00031826900135192637,-0.0008734896154650955,-2.7094926384010137e-5,0.0001454750024244498,-0.00013074078874572277,0.00015028994428935476,-0.00012567048586564273,-0.00014431131498596455,-1.2609047886180048e-6,-1.448069190959666e-6,0.00013606991477425542,0.0004273646169977775,-2.6695679678109995e-6,0.00019031376799641056,0.00021947997556704318,-0.0004701331858502031,4.863199192025422e-6,-9.789858225427994e-6,0.00025810601085267057,-2.4267632206920045e-6,0.0010926614097388507,0.0002491425317391513,-0.007817492268287018,6.139011793255362e-5,-0.0004902476709049724
34.0,-0.003363332728188708,1.523508899810927e-5,-0.0002173982605803104,-0.00029408429134824437,-0.006684416857111344,-3.5391979072220386e-5,-0.00013140298266999396,0.024218651282031028,-0.00011197122871257452,-0.013619675311311238,0.03907998875802379,0.17387344293786744,0.0001870200527945308,0.0005335299578197941,0.1272342048500971,-0.0005240155350859581,-0.09642511763139798,0.11478693072501892,0.823485695625004,0.0010549314964766355,0.008303714049373407,-0.0034364009957678163,0.0060022095400357025,-1.537283806707869e-5,0.00010809842203092584,-0.00011177608318320301,9.054837171239531e-5,-0.00010890251889462775,-8.783772548268023e-5,-1.0913734684925767e-6,-8.806054197104673e-7,0.00010613415029575618,-0.0022811123776717178,1.151343192048767e-5,-0.0010172501878511228,0.0004926162711979068,0.004177525468556229,-1.627358628659292e-5,1.1463006595140456e-5,-0.0038060501728810828,0.006657699164448214,-0.00018409129437112025,0.0006237730044518165,-0.0009635073146672432,0.00032738309170760667,-0.0009290635980523262,-0.00031550204118806,-9.31911247855657e-6,-3.1648474652736864e-6,0.0006583563618891216,-0.04011191987230793,0.00015212920103029233,0.028705253689611562,-0.02674851556960097,-0.22111914374343564,-0.0002293546659370353,-0.002679656137676956,-0.003260444416027625,0.005785942975525673,-4.3220730846745905e-5,0.000141868985897496,-0.00017398153438154815,0.00015138358327730647,-0.00016589035506015204,-0.00014356914629437128,-1.665638752936972e-6,-1.4422108603137395e-6,0.00012844613478270957,-0.0033814436129067506,1.4938949728985e-5,0.0002517457920139849,-0.00010810863085506201,-0.00203200226348207,-2.8627467299272972e-5,-0.00013684322426184265,-0.005272186593976748,2.246587088893841e-5,0.004290587289351884,-0.0025833345529358855,-0.045591809782858886,-0.0006278464502754829,-0.003988994448460534
35.0,-0.003363332728188708,1.523508899810927e-5,-0.0002173982605803104,-0.00029408429134824437,-0.006684416857111344,-3.5391979072220386e-5,-0.00013140298266999396,0.024218651282031028,-0.00011197122871257452,-0.013619675311311238,0.03907998875802379,0.17387344293786744,0.0001870200527945308,0.0005335299578197941,0.1272342048500971,-0.0005240155350859581,-0.09642511763139798,0.11478693072501892,0.823485695625004,0.0010549314964766355,0.008303714049373407,-0.0034364009957678163,0.0060022095400357025,-1.537283806707869e-5,0.00010809842203092584,-0.00011177608318320301,9.054837171239531e-5,-0.00010890251889462775,-8.783772548268023e-5,-1.0913734684925767e-6,-8.806054197104673e-7,0.00010613415029575618,-0.0022811123776717178,1.151343192048767e-5,-0.0010172501878511228,0.0004926162711979068,0.004177525468556229,-1.627358628659292e-5,1.1463006595140456e-5,-0.0038060501728810828,0.006657699164448214,-0.00018409129437112025,0.0006237730044518165,-0.0009635073146672432,0.00032738309170760667,-0.0009290635980523262,-0.00031550204118806,-9.31911247855657e-6,-3.1648474652736864e-6,0.0006583563618891216,-0.04011191987230793,0.00015212920103029233,0.028705253689611562,-0.02674851556960097,-0.22111914374343564,-0.0002293546659370353,-0.002679656137676956,-0.003260444416027625,0.005785942975525673,-4.3220730846745905e-5,0.000141868985897496,-0.00017398153438154815,0.00015138358327730647,-0.00016589035506015204,-0.00014356914629437128,-1.665638752936972e-6,-1.4422108603137395e-6,0.00012844613478270957,-0.0033814436129067506,1.4938949728985e-5,0.0002517457920139849,-0.00010810863085506201,-0.00203200226348207,-2.8627467299272972e-5,-0.00013684322426184265,-0.005272186593976748,2.246587088893841e-5,0.004290587289351884,-0.0025833345529358855,-0.045591809782858886,-0.0006278464502754829,-0.003988994448460534
36.0,0.0018887823212873748,-8.736175374165238e-6,0.004460526305736333,0.0011201207551449408,-0.04692146234717647,2.0215782176013864e-5,-8.899734318117578e-5,-0.0031179548730913597,1.504857046130392e-5,0.0027249986275134524,-0.00844256162749145,-0.03432293353243505,-2.4946761867312952e-5,0.0001990779194583742,-0.02306164727835265,9.274804721699975e-5,0.019101775171032755,-0.021864009749288833,-0.15820907484847585,-0.00018754049316430544,-0.0015149614905840669,0.0018033470246599332,-0.0030126383831887748,-0.00028658854881026584,0.0010478656503678694,-0.0014964014492612804,0.0007784332332920926,-0.0014427799024966648,-0.0007502914549344454,-1.4472135721409834e-5,-7.526188834548686e-6,0.0010548757148902187,0.008090466647083629,-3.5418153290083486e-5,-0.007150870926178573,0.003639932230622553,0.04732835463459407,5.12171088140779e-5,1.909925618387796e-5,0.0011486885293285985,-0.0017916563580871174,-0.0007069231086314629,0.002195417901883489,-0.003578438914936737,0.0010890269258051484,-0.0034461627615231137,-0.0010478327687484445,-3.457108779459498e-5,-1.051243621718873e-5,0.0023371516149801935,-0.1491750427588266,0.0005840222784097361,0.11328692433358116,-0.12128447136839703,-0.9259171958432616,-0.0008753079115452032,-0.009285737386772838,0.0022036157935040727,-0.00380887883996378,-3.449829921155779e-5,0.00041715414511885713,-0.0002457869914474454,0.0004247554184819936,-0.0002393373827420917,-0.0004128128266030161,-2.3986551878259263e-6,-4.137931393752051e-6,0.00039967391161605675,0.0022022213451793086,-9.452491694948883e-6,-0.0005911452528197898,-0.0005849481665633739,0.0021181006913309906,1.8201036195258214e-5,3.872686926190167e-5,0.005904059916366298,-2.2749205530382747e-5,-0.009865651433428447,0.0029764653730387928,0.09126620893541727,0.0006477412588022196,0.007855184223794916
37.0,0.0018887823212873748,-8.736175374165238e-6,0.004460526305736333,0.0011201207551449408,-0.04692146234717647,2.0215782176013864e-5,-8.899734318117578e-5,-0.0031179548730913597,1.504857046130392e-5,0.0027249986275134524,-0.00844256162749145,-0.03432293353243505,-2.4946761867312952e-5,0.0001990779194583742,-0.02306164727835265,9.274804721699975e-5,0.019101775171032755,-0.021864009749288833,-0.15820907484847585,-0.00018754049316430544,-0.0015149614905840669,0.0018033470246599332,-0.0030126383831887748,-0.00028658854881026584,0.0010478656503678694,-0.0014964014492612804,0.0007784332332920926,-0.0014427799024966648,-0.0007502914549344454,-1.4472135721409834e-5,-7.526188834548686e-6,0.0010548757148902187,0.008090466647083629,-3.5418153290083486e-5,-0.007150870926178573,0.003639932230622553,0.04732835463459407,5.12171088140779e-5,1.909925618387796e-5,0.0011486885293285985,-0.0017916563580871174,-0.0007069231086314629,0.002195417901883489,-0.003578438914936737,0.0010890269258051484,-0.0034461627615231137,-0.0010478327687484445,-3.457108779459498e-5,-1.051243621718873e-5,0.0023371516149801935,-0.1491750427588266,0.0005840222784097361,0.11328692433358116,-0.12128447136839703,-0.9259171958432616,-0.0008753079115452032,-0.009285737386772838,0.0022036157935040727,-0.00380887883996378,-3.449829921155779e-5,0.00041715414511885713,-0.0002457869914474454,0.0004247554184819936,-0.0002393373827420917,-0.0004128128266030161,-2.3986551878259263e-6,-4.137931393752051e-6,0.00039967391161605675,0.0022022213451793086,-9.452491694948883e-6,-0.0005911452528197898,-0.0005849481665633739,0.0021181006913309906,1.8201036195258214e-5,3.872686926190167e-5,0.005904059916366298,-2.2749205530382747e-5,-0.009865651433428447,0.0029764653730387928,0.09126620893541727,0.0006477412588022196,0.007855184223794916
38.0,0.0233598125833283,-9.54691157169822e-5,-0.05289062376341808,-0.0010326311897642406,0.8943237342284094,0.0002242092585847901,0.0004453423548063597,-0.01750033437241571,0.00010784717300945472,0.01849883824610841,-0.02176233934519726,-0.27576134396743357,-0.00017198689983173482,-3.0212007057763494e-5,-0.022872577326192727,9.889637891710627e-5,0.025892671494327443,-0.014208022861524347,-0.20843712393566155,-0.0001960803109686965,-0.00033458746319422095,0.005293471989279282,-0.00587357405125695,0.00036432260058093756,-0.002084100188488989,0.0027248059986075125,-0.00156355717855155,0.002656749562662982,0.001501653340930676,2.6622653016457362e-5,1.5067502547421129e-5,-0.0020620150835511837,-0.010680269126702231,5.572800016155111e-5,0.017603930747331402,-0.008249530562492063,-0.11958682516553883,-7.795595089896854e-5,-6.598959818271972e-5,0.005166062659098789,-0.0056142509339681245,0.0002918082654197,-0.0016781215535063042,0.0022692122108284724,-0.000912501699007304,0.0022147092659622935,0.0008724002462106395,2.2191189460257695e-5,8.757107952952024e-6,-0.0017138163253245877,-0.014312324002380325,1.9361276581566992e-5,0.019247584935643644,-0.0069740938469221485,-0.07041072798613653,-3.8657890916916466e-5,-0.0003690689233825384,0.007336631740005774,-0.011468272672485161,0.0015099722176735283,-0.005333860459253207,0.007140414092957579,-0.005659420499345762,0.0068579824898767966,0.005335876677445648,6.881236174522792e-5,5.362735189338378e-5,-0.004826244806523174,0.001863001050207792,-9.619186380463931e-6,0.006384108003980611,0.0015484308663914572,-0.028601421314285797,1.788179900111627e-5,1.594472628886924e-5,0.0035565277008912546,-1.5079442420588337e-5,0.0009458537049854398,0.00039247590126649913,6.998735923960775e-5,0.00041894163949556765,0.0007551393989352859
39.0,0.0233598125833283,-9.54691157169822e-5,-0.05289062376341808,-0.0010326311897642406,0.8943237342284094,0.0002242092585847901,0.0004453423548063597,-0.01750033437241571,0.00010784717300945472,0.01849883824610841,-0.02176233934519726,-0.27576134396743357,-0.00017198689983173482,-3.0212007057763494e-5,-0.022872577326192727,9.889637891710627e-5,0.025892671494327443,-0.014208022861524347,-0.20843712393566155,-0.0001960803109686965,-0.00033458746319422095,0.005293471989279282,-0.00587357405125695,0.00036432260058093756,-0.002084100188488989,0.0027248059986075125,-0.00156355717855155,0.002656749562662982,0.001501653340930676,2.6622653016457362e-5,1.5067502547421129e-5,-0.0020620150835511837,-0.010680269126702231,5.572800016155111e-5,0.017603930747331402,-0.008249530562492063,-0.11958682516553883,-7.795595089896854e-5,-6.598959818271972e-5,0.005166062659098789,-0.0056142509339681245,0.0002918082654197,-0.0016781215535063042,0.0022692122108284724,-0.000912501699007304,0.0022147092659622935,0.0008724002462106395,2.2191189460257695e-5,8.757107952952024e-6,-0.0017138163253245877,-0.014312324002380325,1.9361276581566992e-5,0.019247584935643644,-0.0069740938469221485,-0.07041072798613653,-3.8657890916916466e-5,-0.0003690689233825384,0.007336631740005774,-0.011468272672485161,0.0015099722176735283,-0.005333860459253207,0.007140414092957579,-0.005659420499345762,0.0068579824898767966,0.005335876677445648,6.881236174522792e-5,5.362735189338378e-5,-0.004826244806523174,0.001863001050207792,-9.619186380463931e-6,0.006384108003980611,0.0015484308663914572,-0.028601421314285797,1.788179900111627e-5,1.594472628886924e-5,0.0035565277008912546,-1.5079442420588337e-5,0.0009458537049854398,0.00039247590126649913,6.998735923960775e-5,0.00041894163949556765,0.0007551393989352859
40.0,-0.011097497047149735,4.055473172339419e-5,0.05879740266349663,0.011890464709416926,-0.7102014123683001,-9.805572547831563e-5,-0.003984755627000514,0.0024464225830762736,-9.139754414755994e-6,-0.0014515468999159334,0.001039393210370838,0.012532297034773467,1.5869939439601337e-5,0.0002616626169735861,0.00458014724162791,-1.6962385889389007e-5,-0.003082250334379714,0.0007451428811006281,0.02369860875268626,3.486177136834815e-5,0.0009068258875787662,0.0098620651077092,-0.014396484716525675,0.0025749617041496207,-0.012098565978732203,0.014915773912652133,-0.00936074044091834,0.014434097131542372,0.00905844227369034,0.0001447381840626413,9.083371184963843e-5,-0.012092118450456942,0.09643819423072922,-0.00035271015903425614,-0.09116421201681024,0.01616099736350769,0.5964749853509601,0.0005278370870744518,0.020978558822878395,0.0077077988414493885,-0.011272252177045868,0.0016429681716500484,-0.007149940766589912,0.009499587847450718,-0.004074098236487575,0.009192250193381797,0.00394228200346644,9.217595850466719e-5,3.953152695544069e-5,-0.007437136291565912,0.04469478792321662,-0.00016388240652739225,-0.034437939103040535,0.013975090608040988,0.2622072056503563,0.00024889387311695306,0.009194690364707547,-0.002508176993836765,0.0036217359340186815,-0.0009867259638935096,0.008226880040486384,-0.005728047096315387,0.008447273350542111,-0.005543469273175437,-0.008175065656249939,-5.558689558420182e-5,-8.197511927074297e-5,0.007808815278715301,-0.0016056728968036448,5.746538857065313e-6,0.0001556925581218474,-0.001845635776911453,-0.006180595003152005,-1.14634746594277e-5,-0.0007309877370567743,-0.0004547073009674094,1.663356075677895e-6,0.0018574852031275073,-9.717273975990048e-6,-0.017829123260329722,-4.7868102205038456e-5,-0.0018922499933396852
41.0,-0.011097497047149735,4.055473172339419e-5,0.05879740266349663,0.011890464709416926,-0.7102014123683001,-9.805572547831563e-5,-0.003984755627000514,0.0024464225830762736,-9.139754414755994e-6,-0.0014515468999159334,0.001039393210370838,0.012532297034773467,1.5869939439601337e-5,0.0002616626169735861,0.00458014724162791,-1.6962385889389007e-5,-0.003082250334379714,0.0007451428811006281,0.02369860875268626,3.486177136834815e-5,0.0009068258875787662,0.0098620651077092,-0.014396484716525675,0.0025749617041496207,-0.012098565978732203,0.014915773912652133,-0.00936074044091834,0.014434097131542372,0.00905844227369034,0.0001447381840626413,9.083371184963843e-5,-0.012092118450456942,0.09643819423072922,-0.00035271015903425614,-0.09116421201681024,0.01616099736350769,0.5964749853509601,0.0005278370870744518,0.020978558822878395,0.0077077988414493885,-0.011272252177045868,0.0016429681716500484,-0.007149940766589912,0.009499587847450718,-0.004074098236487575,0.009192250193381797,0.00394228200346644,9.217595850466719e-5,3.953152695544069e-5,-0.007437136291565912,0.04469478792321662,-0.00016388240652739225,-0.034437939103040535,0.013975090608040988,0.2622072056503563,0.00024889387311695306,0.009194690364707547,-0.002508176993836765,0.0036217359340186815,-0.0009867259638935096,0.008226880040486384,-0.005728047096315387,0.008447273350542111,-0.005543469273175437,-0.008175065656249939,-5.558689558420182e-5,-8.197511927074297e-5,0.007808815278715301,-0.0016056728968036448,5.746538857065313e-6,0.0001556925581218474,-0.001845635776911453,-0.006180595003152005,-1.14634746594277e-5,-0.0007309877370567743,-0.0004547073009674094,1.663356075677895e-6,0.0018574852031275073,-9.717273975990048e-6,-0.017829123260329722,-4.7868102205038456e-5,-0.0018922499933396852
42.0,-0.001485468571660951,-2.1739208646417955e-6,0.025603282269050617,0.004931628980205752,-0.2988417658244214,1.4203289249963419e-6,-0.003921751757202407,0.01073768943224731,-5.246589269482571e-5,-0.0019040765825402485,0.01900960727974587,0.022899132090586586,8.66837739179217e-5,-0.004225083896782156,0.028033220656983344,-0.00011440051670711133,-0.018079748588788344,0.031295913479415176,0.1310526369559996,0.00023057971994459557,-0.0033796411331372305,0.002592443700229503,-0.007190679369409689,-0.00046416315541394416,0.00349318224872892,-0.0033935222979990893,0.002827529571484127,-0.003306743943723177,-0.002750088262125369,-3.313851440123612e-5,-2.7564445684228325e-5,0.0034632528005008917,0.03185376424198894,-0.00011716442053697705,-0.032137744898788276,0.013073852536519909,0.1603082978962935,0.0001750927379834295,0.0011947362404668093,0.0016754511192946275,-0.006296032200101005,-0.0004672253883318114,0.00403407642811413,-0.003816303135277081,0.0026620330656114423,-0.0037289794726515714,-0.002591104436301932,-3.73610454343315e-5,-2.5969213092528657e-5,0.004079655056007828,0.13616800955342132,-0.0005038903861898566,-0.10227888745542979,0.1090608951344783,0.7545310452142963,0.0007636514777866935,0.004227917023163991,0.0019008423254491416,-0.005657037252573817,-0.0010318178658854226,0.009440924843851837,-0.006273172591710742,0.009675654956498136,-0.006080181158721434,-0.00937560931797334,-6.096073873474478e-5,-9.400323106792853e-5,0.008984461091110575,-0.004223957023224535,7.929082757012272e-6,0.00369972847263237,-0.004359011948549213,-0.0352673468242387,-1.8854871365611684e-5,-0.0033452421370550396,-0.011771180920610667,4.383434207676745e-5,0.003866567814911694,-0.01962876456071715,-0.05962889717403542,-0.0012565401209731714,-0.005279498148532345
43.0,-0.001485468571660951,-2.1739208646417955e-6,0.025603282269050617,0.004931628980205752,-0.2988417658244214,1.4203289249963419e-6,-0.003921751757202407,0.01073768943224731,-5.246589269482571e-5,-0.0019040765825402485,0.01900960727974587,0.022899132090586586,8.66837739179217e-5,-0.004225083896782156,0.028033220656983344,-0.00011440051670711133,-0.018079748588788344,0.031295913479415176,0.1310526369559996,0.00023057971994459557,-0.0033796411331372305,0.002592443700229503,-0.007190679369409689,-0.00046416315541394416,0.00349318224872892,-0.0033935222979990893,0.002827529571484127,-0.003306743943723177,-0.002750088262125369,-3.313851440123612e-5,-2.7564445684228325e-5,0.0034632528005008917,0.03185376424198894,-0.00011716442053697705,-0.032137744898788276,0.013073852536519909,0.1603082978962935,0.0001750927379834295,0.0011947362404668093,0.0016754511192946275,-0.006296032200101005,-0.0004672253883318114,0.00403407642811413,-0.003816303135277081,0.0026620330656114423,-0.0037289794726515714,-0.002591104436301932,-3.73610454343315e-5,-2.5969213092528657e-5,0.004079655056007828,0.13616800955342132,-0.0005038903861898566,-0.10227888745542979,0.1090608951344783,0.7545310452142963,0.0007636514777866935,0.004227917023163991,0.0019008423254491416,-0.005657037252573817,-0.0010318178658854226,0.009440924843851837,-0.006273172591710742,0.009675654956498136,-0.006080181158721434,-0.00937560931797334,-6.096073873474478e-5,-9.400323106792853e-5,0.008984461091110575,-0.004223957023224535,7.929082757012272e-6,0.00369972847263237,-0.004359011948549213,-0.0352673468242387,-1.8854871365611684e-5,-0.0033452421370550396,-0.011771180920610667,4.383434207676745e-5,0.003866567814911694,-0.01962876456071715,-0.05962889717403542,-0.0012565401209731714,-0.005279498148532345
44.0,0.0031688599409096835,-1.1418543883018092e-5,-0.07762594270556139,-0.017682999131205728,0.9035208663560005,2.769043939398029e-5,0.001998058663820993,-0.010994164072754593,3.9615933573177585e-5,0.0038374892624813205,0.011129864945953687,-0.04121681110872131,-6.930783851344071e-5,-0.005001044774180998,-0.011946110366950893,4.304613899004144e-5,0.003216548363423693,0.01570824841296129,-0.034021316677520994,-8.897890600168574e-5,-0.006420449727152259,-0.020919816496407843,0.029958886277972288,-0.0031504028731478167,0.015381561619992988,-0.018553134041661926,0.011967455735896117,-0.017963834609623808,-0.011587335867579936,-0.0001801241067718899,-0.00011618669218465627,0.015359069707843145,-0.03693380210712744,0.00013308579362634752,0.0153684943796406,0.011584499612369611,-0.15803481743285364,-0.00019979052046137664,-0.014416281905659642,-0.02311296381742485,0.03309965241195627,-0.0034457953071691688,0.015669357012385584,-0.020292738671279984,0.009061431327373746,-0.019648184530359714,-0.008773614922704814,-0.00019701315251441153,-8.797339675078043e-5,0.01625793080083189,-0.0419855683338538,0.00015128912713501756,0.027561010501847213,0.01741581413062952,-0.2132879422766841,-0.00023061177344266517,-0.0166402506437163,-0.009536435070802068,0.013656954105313552,0.00010887312049792758,-0.0009353914037943998,0.0006411680281666193,-0.0009554074646680408,0.0006208027381806825,0.0009250610512245022,6.224814516174174e-6,9.275625115765262e-6,-0.0008895510099647351,-0.04864343239892108,0.00017527980971856292,0.05369825021957991,0.019717276369155632,-0.28962248281791747,-0.00034915705334057285,-0.025194120815569487,0.00044726330147042343,-1.6116507925025395e-6,-0.005166489453519264,0.006893341570484971,0.0425612295656905,4.652761400425362e-5,0.0033572924197576215
45.0,0.0007805030442541433,-9.21527671124877e-6,0.0035002195176756954,0.0012470747485214292,-0.00708779373514834,1.8444154311661622e-5,-8.795312310882015e-5,0.1206868389881628,-0.00038609396484893713,-0.11348137683306543,0.07878779700091174,0.789095940933471,0.0006823268941054791,-0.0006835717770739415,-0.0852861179305721,0.00030289164220042035,0.07556435589141101,-0.056735836740976556,-0.5329243075507483,-0.0006167052107848805,0.0008827045613741583,0.0013393188050281122,-0.003157926151966876,8.183902249145062e-5,-0.0008448331390557451,0.0007664170753864197,-0.0006921562191659759,0.0007511265744552848,0.0006729576728536416,7.523694434361216e-6,6.745280568984855e-6,-0.0008322220380321839,-0.005180638599444026,9.255913404283762e-6,0.006905971310308426,-0.0028436855379017872,-0.023797274933164508,-1.682104594441116e-5,-2.999350357046019e-5,0.0014482404209768625,-0.003252779579202346,8.891868737431052e-5,-0.0008640626796332349,0.0008307460248091065,-0.0005655104461818321,0.0008141327100350447,0.0005488505346405438,8.154831741941363e-6,5.502145468045865e-6,-0.0008690785788495417,-0.007177411985403565,9.243715098740481e-6,0.007468598447955704,-0.00512870201476986,-0.02556590380721954,-1.9534194368248428e-5,-6.959804961966056e-5,0.0008356451155390646,-0.00285673637439286,5.704936916962643e-5,-3.5240654975989726e-5,0.00027989714802984964,-5.150978505169317e-5,0.0002692285290163889,3.892685854524662e-5,2.7010501099522828e-6,3.9970774629494534e-7,-1.6386142338717742e-5,2.9452502947519784e-8,-5.8995476595364245e-6,0.000989780016339876,-8.246129977197395e-5,-0.00188696810000044,8.892092774133128e-6,-5.902129382853471e-5,-0.0005186947393491483,-3.257188712293508e-6,0.0019410710676068196,-0.0007422100315179066,-0.012318750649953535,5.900606666039395e-5,-0.0006643865072891762
46.0,0.0007805030442541433,-9.21527671124877e-6,0.0035002195176756954,0.0012470747485214292,-0.00708779373514834,1.8444154311661622e-5,-8.795312310882015e-5,0.1206868389881628,-0.00038609396484893713,-0.11348137683306543,0.07878779700091174,0.789095940933471,0.0006823268941054791,-0.0006835717770739415,-0.0852861179305721,0.00030289164220042035,0.07556435589141101,-0.056735836740976556,-0.5329243075507483,-0.0006167052107848805,0.0008827045613741583,0.0013393188050281122,-0.003157926151966876,8.183902249145062e-5,-0.0008448331390557451,0.0007664170753864197,-0.0006921562191659759,0.0007511265744552848,0.0006729576728536416,7.523694434361216e-6,6.745280568984855e-6,-0.0008322220380321839,-0.005180638599444026,9.255913404283762e-6,0.006905971310308426,-0.0028436855379017872,-0.023797274933164508,-1.682104594441116e-5,-2.999350357046019e-5,0.0014482404209768625,-0.003252779579202346,8.891868737431052e-5,-0.0008640626796332349,0.0008307460248091065,-0.0005655104461818321,0.0008141327100350447,0.0005488505346405438,8.154831741941363e-6,5.502145468045865e-6,-0.0008690785788495417,-0.007177411985403565,9.243715098740481e-6,0.007468598447955704,-0.00512870201476986,-0.02556590380721954,-1.9534194368248428e-5,-6.959804961966056e-5,0.0008356451155390646,-0.00285673637439286,5.704936916962643e-5,-3.5240654975989726e-5,0.00027989714802984964,-5.150978505169317e-5,0.0002692285290163889,3.892685854524662e-5,2.7010501099522828e-6,3.9970774629494534e-7,-1.6386142338717742e-5,2.9452502947519784e-8,-5.8995476595364245e-6,0.000989780016339876,-8.246129977197395e-5,-0.00188696810000044,8.892092774133128e-6,-5.902129382853471e-5,-0.0005186947393491483,-3.257188712293508e-6,0.0019410710676068196,-0.0007422100315179066,-0.012318750649953535,5.900606666039395e-5,-0.0006643865072891762
47.0,-0.0032387394646896696,-1.1973604353292586e-5,0.00872892017356289,0.0007190312240834903,0.05416013948979084,1.8156597620058367e-5,-6.041390285276756e-5,0.015770445062414984,-0.00022134930573232409,-0.012260644133976595,0.010667878977703816,0.5205637164030141,0.0003255978849192072,-1.643516651796946e-5,0.04775829470180717,-0.00033397938984547966,-0.04320474288655839,0.015332054689129963,0.5906095208140921,0.0006116832793709537,0.00026612789941397657,0.0010228658901857146,-0.0011990794978159987,0.00042345969561141883,-0.00017061424937436936,0.002686073750630293,0.0003048907136611066,0.0026070138539438627,-0.00035933167045721997,2.613380416457697e-5,-3.5480481741762635e-6,-0.00017373327652096633,0.004409965303349278,0.00016492198827127564,-0.0012921730205756004,-0.004177913454194731,-0.34955962979101324,-0.00019286951111903056,0.00015519781177735615,1.2297411170151826e-5,-0.0014497513672655944,0.0004282780160593081,0.0013647377632778341,0.0011674370278421868,0.0015432735152083059,0.0010873688924055878,-0.0015366659827280977,1.0939195789153651e-5,-1.5371106613760042e-5,0.0012393560036306353,-0.03803626893308463,0.0001646831116272154,0.03187928777465011,-0.024238030667634296,-0.3195741929333385,-0.00023634652700700175,-0.00022847481056428629,-0.0011816583909757534,-0.0012240062969657492,0.0006124714742096769,0.00465462816683745,0.0006759718001976322,0.004584103322493391,0.0005613983401462455,-0.004592097475235925,5.7083797347869874e-6,-4.591131859924285e-5,0.004699484877109359,-0.005575624522581449,2.6519315740730143e-5,0.0031848925454315818,-0.0038213767174779326,-0.051360330690250304,-4.904660516728171e-5,-4.155247476482503e-5,-0.0008956088612832308,3.912065508730706e-6,-0.003948887802401375,-0.0004784428148272963,-0.0041436388140535674,-0.00010618937952189114,-0.00010142418338536907
48.0,-0.0032387394646896696,-1.1973604353292586e-5,0.00872892017356289,0.0007190312240834903,0.05416013948979084,1.8156597620058367e-5,-6.041390285276756e-5,0.015770445062414984,-0.00022134930573232409,-0.012260644133976595,0.010667878977703816,0.5205637164030141,0.0003255978849192072,-1.643516651796946e-5,0.04775829470180717,-0.00033397938984547966,-0.04320474288655839,0.015332054689129963,0.5906095208140921,0.0006116832793709537,0.00026612789941397657,0.0010228658901857146,-0.0011990794978159987,0.00042345969561141883,-0.00017061424937436936,0.002686073750630293,0.0003048907136611066,0.0026070138539438627,-0.00035933167045721997,2.613380416457697e-5,-3.5480481741762635e-6,-0.00017373327652096633,0.004409965303349278,0.00016492198827127564,-0.0012921730205756004,-0.004177913454194731,-0.34955962979101324,-0.00019286951111903056,0.00015519781177735615,1.2297411170151826e-5,-0.0014497513672655944,0.0004282780160593081,0.0013647377632778341,0.0011674370278421868,0.0015432735152083059,0.0010873688924055878,-0.0015366659827280977,1.0939195789153651e-5,-1.5371106613760042e-5,0.0012393560036306353,-0.03803626893308463,0.0001646831116272154,0.03187928777465011,-0.024238030667634296,-0.3195741929333385,-0.00023634652700700175,-0.00022847481056428629,-0.0011816583909757534,-0.0012240062969657492,0.0006124714742096769,0.00465462816683745,0.0006759718001976322,0.004584103322493391,0.0005613983401462455,-0.004592097475235925,5.7083797347869874e-6,-4.591131859924285e-5,0.004699484877109359,-0.005575624522581449,2.6519315740730143e-5,0.0031848925454315818,-0.0038213767174779326,-0.051360330690250304,-4.904660516728171e-5,-4.155247476482503e-5,-0.0008956088612832308,3.912065508730706e-6,-0.003948887802401375,-0.0004784428148272963,-0.0041436388140535674,-0.00010618937952189114,-0.00010142418338536907
49.0,-0.03845384420660942,7.644316846427598e-5,-0.0001199786935790232,-0.003532610260064161,0.000550009442280872,-0.00022407577883807602,0.00038346117632488507,-0.04228395624432239,8.405712503420312e-5,0.007682881878062545,-0.004914163463838339,-0.022420420257651844,-0.0001777559329143186,0.00030419396282409304,-0.03688257338051854,7.33196076619782e-5,0.0018238816464593698,-0.0015099063315689625,-0.003426033509793896,-0.00018319351830018766,0.0003134993098776795,-0.03583465850889246,0.027639674974169182,2.789357680738637e-5,-0.0005186145346815895,0.0002977584936345456,-0.00044676156576390003,0.00029254571245697694,0.00043894022622632025,2.9297070502052755e-6,4.395778904551335e-6,-0.0005126164072258708,-0.03522447933034253,7.002344923043167e-5,-0.00010136866947564377,-5.000748643189378e-5,0.0028406622040029563,-0.00012706437132058038,0.00021744542649599613,-0.03582891000273991,0.027635241086733094,2.872455796174544e-5,-0.0005104566387344289,0.0003066290554279066,-0.0003779218206875371,0.00030126097961254194,0.00037130564081468473,3.0169863313385673e-6,3.718450524592117e-6,-0.0005107787889241482,-0.0350742512417362,6.972480779880853e-5,-0.0005428438997447788,7.917692178229729e-5,0.00317166321133345,-0.00012846895668835648,0.00021984909529311911,-0.03635098072058019,0.02803792010072565,2.0503982917374923e-5,-0.0006430959422064643,0.00021887601970854874,-0.0006431194707218526,0.00021504421366339257,0.0006318605439680624,2.1535661581769074e-6,6.327784722308747e-6,-0.0006266813172090168,0.41493711864504135,-0.0008248618237552919,-0.20113345109369135,0.47954243243913863,0.7358477870152037,0.0019861280439974747,-0.0033988635454369398,-0.029875643775054493,5.939039170711975e-5,-0.007811419515416027,0.002302950158152159,0.03174751384743408,-0.0020724933157349784,0.0035466605490516614
50.0,0.4203859897401695,-0.0007801339149972294,-0.10565328845703235,0.4375140435097342,0.7202700550415241,0.0023652203745586496,-0.003481435202638491,-0.042414727847683936,7.871139499628191e-5,0.03457339712933805,-0.020480634650606618,-0.09620975466361815,-0.0001721604544330661,0.0002534078739399679,-0.035898040780841495,6.661801244240447e-5,0.024988809611753156,-0.014537229280617073,-0.06681666369731595,-0.0001721582583568231,0.00025340464150552404,-0.006689291618742947,0.004807170462985988,0.00038741652969830184,-0.008338720340758055,0.004430126119209768,-0.007380259355603987,0.00435773082974001,0.0072596542084634825,4.363627955683135e-5,7.26947837107761e-5,-0.008227793783931275,-0.035974734529734674,6.676033734378732e-5,0.031564865900422186,-0.013034385471688436,-0.055785925675586545,-0.0001252982579774687,0.00018443007291624565,-0.00605217198183218,0.00434931290886818,0.00043483282717836423,-0.008921289169708054,0.004972333696440624,-0.00687689838202528,0.004891077874912279,0.00676451895180677,4.897696754986763e-5,6.77367306919828e-5,-0.008897912939806714,-0.04255195717307934,7.896605917021237e-5,0.031019000311033187,-0.023734035760508452,-0.08550296080942667,-0.00015048650443882063,0.000221505369940685,-0.0037486253825094393,0.0026938997794587172,0.0008280685703021871,-0.03022822823243644,0.009469002792996735,-0.030413257812704726,0.009314264264120978,0.029916256927395562,9.326868803590206e-5,0.0002995674124656872,-0.029483857112124735,-0.1228188417282883,0.00022792182939331427,0.05844476148605344,-0.11616501526625822,-0.17264675195655832,-0.000567620640859792,0.0008354969803412058,-0.008763974954712135,1.6263801028635204e-5,-0.0002274525140551751,-6.54364355944891e-5,0.004384309268407703,-0.0005870096210668816,0.0008640361722789978
51.0,-0.00205307397485221,6.164318938574049e-6,0.0016942862041587038,-8.006205138326741e-5,-0.005065040784867603,-1.4924479308074784e-5,-2.8007984457845103e-5,-0.004805559378459016,-6.779516903391908e-6,0.0029726973487797666,-0.0003024957578234372,0.027020326873670158,4.7832181961701805e-6,-3.548369570020449e-5,-0.004932511644476217,-1.6247438424609516e-5,0.0021700192135866714,-3.948229792144919e-5,0.03569469024126907,2.1317599594027307e-5,-3.692003880633273e-5,-0.0016470292280246657,-0.007133075976052242,0.0016180069375869226,0.005684879831656274,0.0007849790476158182,0.005435240961601078,0.00048239825881080404,-0.0053428725298462895,5.072086334296839e-6,-5.349911545667168e-5,0.005329837333832653,0.02336159194653594,-0.0004502099879953574,-0.028767703125819964,0.01217044393695639,0.8094622466240143,0.0005662268470722846,0.0003789178838435849,-0.0029647882888510437,0.004986633959167189,-0.0005100250526866237,-0.000808489447608605,-0.0026601252722339964,-0.001497482287781404,-0.00256501312239848,0.0015260125936643414,-2.572563502705623e-5,1.5235114632846823e-5,-0.0006929826902879111,-0.03565055726985426,0.00027684911764122344,0.027681980867467013,-0.01874899197771689,-0.543438791239169,-0.0003720798440282705,-0.0003880995786945047,-0.0013493532837865047,0.002164848695187394,0.00012627859041422244,0.0010754479514068886,-0.0004798604908737144,0.0011030901046808939,-0.0005035354762372908,-0.0010726643825531353,-5.015385065445454e-6,-1.0750537437627171e-5,0.0010510205750755917,2.3413931190162333e-5,1.885026796065831e-5,-0.0020426519059678324,-0.0009149671768708111,-0.02633140173454978,-3.0318999868473014e-5,-1.1735476691540845e-5,-0.0007947740600675336,9.14696319291845e-6,-0.0006907020511757409,-8.5324240692765e-5,0.00945608371621582,-0.00022651130202764076,-0.0001912060681378084
52.0,-0.00205307397485221,6.164318938574049e-6,0.0016942862041587038,-8.006205138326741e-5,-0.005065040784867603,-1.4924479308074784e-5,-2.8007984457845103e-5,-0.004805559378459016,-6.779516903391908e-6,0.0029726973487797666,-0.0003024957578234372,0.027020326873670158,4.7832181961701805e-6,-3.548369570020449e-5,-0.004932511644476217,-1.6247438424609516e-5,0.0021700192135866714,-3.948229792144919e-5,0.03569469024126907,2.1317599594027307e-5,-3.692003880633273e-5,-0.0016470292280246657,-0.007133075976052242,0.0016180069375869226,0.005684879831656274,0.0007849790476158182,0.005435240961601078,0.00048239825881080404,-0.0053428725298462895,5.072086334296839e-6,-5.349911545667168e-5,0.005329837333832653,0.02336159194653594,-0.0004502099879953574,-0.028767703125819964,0.01217044393695639,0.8094622466240143,0.0005662268470722846,0.0003789178838435849,-0.0029647882888510437,0.004986633959167189,-0.0005100250526866237,-0.000808489447608605,-0.0026601252722339964,-0.001497482287781404,-0.00256501312239848,0.0015260125936643414,-2.572563502705623e-5,1.5235114632846823e-5,-0.0006929826902879111,-0.03565055726985426,0.00027684911764122344,0.027681980867467013,-0.01874899197771689,-0.543438791239169,-0.0003720798440282705,-0.0003880995786945047,-0.0013493532837865047,0.002164848695187394,0.00012627859041422244,0.0010754479514068886,-0.0004798604908737144,0.0011030901046808939,-0.0005035354762372908,-0.0010726643825531353,-5.015385065445454e-6,-1.0750537437627171e-5,0.0010510205750755917,2.3413931190162333e-5,1.885026796065831e-5,-0.0020426519059678324,-0.0009149671768708111,-0.02633140173454978,-3.0318999868473014e-5,-1.1735476691540845e-5,-0.0007947740600675336,9.14696319291845e-6,-0.0006907020511757409,-8.5324240692765e-5,0.00945608371621582,-0.00022651130202764076,-0.0001912060681378084
53.0,0.0006791227400783782,1.2607602917556888e-5,0.00015577132885266447,-1.1777150986692744e-5,-0.03132640801063652,-2.4049400187473142e-5,-1.3517559083651102e-5,-0.0008154132885606851,6.342005070954786e-5,0.0018641261669861866,0.0011505958431546298,-0.07802225821309237,-9.130366527046689e-5,-8.210655948814871e-5,-0.0026199324845816306,8.107457975196572e-5,0.003247836850732368,0.002160115517075585,-0.07243242542301996,-0.00013968146540896222,-0.00013857358869093757,-0.0020720229428318015,0.026052666751836484,-0.003092283012894927,-0.005956469307934619,-0.005218984539197747,-0.006326529716860067,-0.004641701630749805,0.0062676541578020216,-4.688019779496726e-5,6.271321514030402e-5,-0.005420950984933999,-0.017886604757876387,0.0003911468050404544,0.017842951749507074,-0.003486916487341877,-0.5337867168639185,-0.0004937085749242404,-0.0005207048359120148,-0.0020385803560627885,0.02883039793915993,-0.003325218843739469,-0.006682677538807616,-0.004955795249646731,-0.006910706724467194,-0.004334896705816672,0.0067435371113094495,-4.3848342308396334e-5,6.755965414039628e-5,-0.005625159256484672,-0.01338266157300496,0.00037156061886845794,0.011319535595777249,-0.005421263206008014,-0.6100816279292971,-0.0004732090989573651,-0.0004776855394430399,0.0004414970080647715,-0.0003085735965086326,-0.00012607547817487176,-0.00023145499540017268,-0.0008006779811326471,-0.00017988057296242622,-0.0007772580291447658,0.0002160937663567075,-7.790297363621155e-6,2.1309571565060412e-6,-0.0002806758539003966,0.004251420859401384,-0.0003213786682470661,-0.004465027114428986,0.006744357097014609,0.5512168444908757,0.000526940730783601,0.00047480652250255086,0.003982220670874454,1.3059263525071103e-6,0.0005723362329076507,0.0003178568335702917,0.00391010237109655,3.1795181759137915e-5,0.0004875227523143959
54.0,0.0006791227400783782,1.2607602917556888e-5,0.00015577132885266447,-1.1777150986692744e-5,-0.03132640801063652,-2.4049400187473142e-5,-1.3517559083651102e-5,-0.0008154132885606851,6.342005070954786e-5,0.0018641261669861866,0.0011505958431546298,-0.07802225821309237,-9.130366527046689e-5,-8.210655948814871e-5,-0.0026199324845816306,8.107457975196572e-5,0.003247836850732368,0.002160115517075585,-0.07243242542301996,-0.00013968146540896222,-0.00013857358869093757,-0.0020720229428318015,0.026052666751836484,-0.003092283012894927,-0.005956469307934619,-0.005218984539197747,-0.006326529716860067,-0.004641701630749805,0.0062676541578020216,-4.688019779496726e-5,6.271321514030402e-5,-0.005420950984933999,-0.017886604757876387,0.0003911468050404544,0.017842951749507074,-0.003486916487341877,-0.5337867168639185,-0.0004937085749242404,-0.0005207048359120148,-0.0020385803560627885,0.02883039793915993,-0.003325218843739469,-0.006682677538807616,-0.004955795249646731,-0.006910706724467194,-0.004334896705816672,0.0067435371113094495,-4.3848342308396334e-5,6.755965414039628e-5,-0.005625159256484672,-0.01338266157300496,0.00037156061886845794,0.011319535595777249,-0.005421263206008014,-0.6100816279292971,-0.0004732090989573651,-0.0004776855394430399,0.0004414970080647715,-0.0003085735965086326,-0.00012607547817487176,-0.00023145499540017268,-0.0008006779811326471,-0.00017988057296242622,-0.0007772580291447658,0.0002160937663567075,-7.790297363621155e-6,2.1309571565060412e-6,-0.0002806758539003966,0.004251420859401384,-0.0003213786682470661,-0.004465027114428986,0.006744357097014609,0.5512168444908757,0.000526940730783601,0.00047480652250255086,0.003982220670874454,1.3059263525071103e-6,0.0005723362329076507,0.0003178568335702917,0.00391010237109655,3.1795181759137915e-5,0.0004875227523143959
55.0,-0.001133970835899764,-0.00012696160749911385,0.0007729170187510861,-8.692764626230157e-5,0.13718464122607466,0.00025122322821964464,0.0002666090841947922,0.0016443788685062794,-0.0002561494861473877,-0.002989944022120137,-0.0033947497103474717,0.15942776357210223,0.0003692976263224138,0.0004184215365123693,0.00399339326275978,-0.00032884397365786093,-0.004905901399527085,-0.00581693871916387,0.13966512420160626,0.0005622205325410989,0.0006518512325219714,0.006208277251648874,-0.10409152243227209,0.008892314275312889,0.010469499185799737,0.012641743850961932,0.01116269252074237,0.010984584732750649,-0.010914694009770453,0.00011114319198886986,-0.0001093059621888044,0.00885921766785059,0.013998413364983558,-0.0009187724061024801,-0.013781032009444923,-0.0017979164946885621,0.6743476046296575,0.001143071581944909,0.0013415152227150451,0.0067305649574627546,-0.10621236701825666,0.008728921789973868,0.011082549544729939,0.012538962352602134,0.011930034813896316,0.010912307275350792,-0.011471374177780295,0.00011039604432792018,-0.00011504086736343864,0.008292312395145236,0.01189731765451545,-0.0006431132989057844,-0.010429669669662429,-0.0052960054505115225,0.560941019269777,0.0008141184873611777,0.0009675909265075542,0.0005671781656516557,-0.04545446823136892,0.0032269021900568568,0.004988639451198381,0.004625348424108583,0.004820902794806833,0.004024003397784666,-0.004928298895531921,4.071066687281318e-5,-4.917753959799095e-5,0.005386312208337786,0.0028956409502985535,-0.0004917837019025998,-0.005959792888101703,0.0007031327590220905,0.32221981520990145,0.000807021972048824,0.0009123852241053963,-0.0065819865327223,0.00011696087187753706,-0.0015928582275931734,-0.002344039422781011,0.016035063724713788,-0.002871683310050866,-0.0038959164650472712
56.0,-0.001133970835899764,-0.00012696160749911385,0.0007729170187510861,-8.692764626230157e-5,0.13718464122607466,0.00025122322821964464,0.0002666090841947922,0.0016443788685062794,-0.0002561494861473877,-0.002989944022120137,-0.0033947497103474717,0.15942776357210223,0.0003692976263224138,0.0004184215365123693,0.00399339326275978,-0.00032884397365786093,-0.004905901399527085,-0.00581693871916387,0.13966512420160626,0.0005622205325410989,0.0006518512325219714,0.006208277251648874,-0.10409152243227209,0.008892314275312889,0.010469499185799737,0.012641743850961932,0.01116269252074237,0.010984584732750649,-0.010914694009770453,0.00011114319198886986,-0.0001093059621888044,0.00885921766785059,0.013998413364983558,-0.0009187724061024801,-0.013781032009444923,-0.0017979164946885621,0.6743476046296575,0.001143071581944909,0.0013415152227150451,0.0067305649574627546,-0.10621236701825666,0.008728921789973868,0.011082549544729939,0.012538962352602134,0.011930034813896316,0.010912307275350792,-0.011471374177780295,0.00011039604432792018,-0.00011504086736343864,0.008292312395145236,0.01189731765451545,-0.0006431132989057844,-0.010429669669662429,-0.0052960054505115225,0.560941019269777,0.0008141184873611777,0.0009675909265075542,0.0005671781656516557,-0.04545446823136892,0.0032269021900568568,0.004988639451198381,0.004625348424108583,0.004820902794806833,0.004024003397784666,-0.004928298895531921,4.071066687281318e-5,-4.917753959799095e-5,0.005386312208337786,0.0028956409502985535,-0.0004917837019025998,-0.005959792888101703,0.0007031327590220905,0.32221981520990145,0.000807021972048824,0.0009123852241053963,-0.0065819865327223,0.00011696087187753706,-0.0015928582275931734,-0.002344039422781011,0.016035063724713788,-0.002871683310050866,-0.0038959164650472712
57.0,-0.003252172554808619,-2.6940722119385833e-5,0.00371615577834861,0.0011958349245269665,0.18687088922737388,4.686655964180511e-5,-3.189446972351204e-5,0.012454667100911058,-0.00018155988155781644,-0.0093447428729861,0.0027371040553017937,0.4503695585699721,0.00026322465167520636,4.3100094687421224e-5,0.024879692357958942,-0.0002526265847014972,-0.020411412499812317,0.0029478076383300843,0.4664410583501277,0.00044191732738615346,0.00012228604368729178,-0.00796364636409294,3.2670416966398364e-5,0.00025606999756797147,0.0018019212939452797,0.0002858389603420008,0.0017799799058587098,0.00023798556657937084,-0.0017693443292366806,2.4188192300548874e-6,-1.7701287400279206e-5,0.0017458775336635034,-0.06844786656763871,0.0001948518256657263,0.06161186299544713,-0.020393880793117342,-0.3155626307822208,-0.0002910356988142205,-0.0003121899482921089,-0.00686903623090206,-0.0022295945995399946,0.0005550464024563983,0.003163780355779039,0.0016363820467383255,0.0033531817203399264,0.0015327098405798522,-0.003346438520844403,1.541102785309903e-5,-3.346830137735867e-5,0.0029962645003024243,-0.05142970018131869,6.042913860521796e-5,0.041032852786734415,-0.019662637559429447,-0.10524333359132662,-0.00011872227609960004,-0.00025002295143919796,-0.0049773481188629875,-0.002571199142993528,0.0006906056182541095,0.0030928273148151065,0.004967541175590155,0.0027439513947446386,0.0048387011972856366,-0.0029726950918048897,4.848992221089752e-5,-2.9538748127106208e-5,0.0033821755993556223,-0.019152584064474995,1.6025749118179892e-5,0.01249991405948258,-0.004079299796672752,-0.02558678186634965,-4.7604364318730444e-5,-0.00012284321895374934,0.006577951857570701,4.977908037738085e-6,-0.052610210927762094,0.0013391088908753992,-0.0357390604832337,-1.6096610491894187e-6,0.0006388040321397635
58.0,-0.003252172554808619,-2.6940722119385833e-5,0.00371615577834861,0.0011958349245269665,0.18687088922737388,4.686655964180511e-5,-3.189446972351204e-5,0.012454667100911058,-0.00018155988155781644,-0.0093447428729861,0.0027371040553017937,0.4503695585699721,0.00026322465167520636,4.3100094687421224e-5,0.024879692357958942,-0.0002526265847014972,-0.020411412499812317,0.0029478076383300843,0.4664410583501277,0.00044191732738615346,0.00012228604368729178,-0.00796364636409294,3.2670416966398364e-5,0.00025606999756797147,0.0018019212939452797,0.0002858389603420008,0.0017799799058587098,0.00023798556657937084,-0.0017693443292366806,2.4188192300548874e-6,-1.7701287400279206e-5,0.0017458775336635034,-0.06844786656763871,0.0001948518256657263,0.06161186299544713,-0.020393880793117342,-0.3155626307822208,-0.0002910356988142205,-0.0003121899482921089,-0.00686903623090206,-0.0022295945995399946,0.0005550464024563983,0.003163780355779039,0.0016363820467383255,0.0033531817203399264,0.0015327098405798522,-0.003346438520844403,1.541102785309903e-5,-3.346830137735867e-5,0.0029962645003024243,-0.05142970018131869,6.042913860521796e-5,0.041032852786734415,-0.019662637559429447,-0.10524333359132662,-0.00011872227609960004,-0.00025002295143919796,-0.0049773481188629875,-0.002571199142993528,0.0006906056182541095,0.0030928273148151065,0.004967541175590155,0.0027439513947446386,0.0048387011972856366,-0.0029726950918048897,4.848992221089752e-5,-2.9538748127106208e-5,0.0033821755993556223,-0.019152584064474995,1.6025749118179892e-5,0.01249991405948258,-0.004079299796672752,-0.02558678186634965,-4.7604364318730444e-5,-0.00012284321895374934,0.006577951857570701,4.977908037738085e-6,-0.052610210927762094,0.0013391088908753992,-0.0357390604832337,-1.6096610491894187e-6,0.0006388040321397635
59.0,-0.033666374385373045,3.196470000953619e-5,-0.05838567775838384,0.028530609800798055,0.05518868179942039,-0.00019094197175189846,9.342518938856953e-5,-0.013868406719245496,1.3167425019270705e-5,-0.06707666782336603,0.03456824852179789,0.01263259232009966,-5.674465525646246e-5,2.7764352270115436e-5,0.006259560060336901,-5.943169205726053e-6,-0.07969116773798618,0.04080902564033403,0.038786520581840185,3.0260953017003033e-5,-1.4806253652191728e-5,-0.10654351353753155,0.03865961564747578,-0.0026269194374358333,0.24532974554103196,-0.058712603398029604,0.23030816022781464,-0.05822197611472222,-0.22838360807945052,-0.000582617043841061,-0.002285394469640975,0.24249251527004131,0.2066381523233966,-0.00019619358098792996,-0.33227627623179246,0.13218622916870895,-0.020936471702394134,0.0007255036832986634,-0.0003549786272307167,-0.10775572213062441,0.03909946896875742,-0.002625810272313246,0.23494044470341405,-0.05868781315472974,0.20266123061336005,-0.058197393029139406,-0.2009677078724723,-0.0005823710450416752,-0.0020110483933141864,0.23304940607680297,0.16405956384963802,-0.00015576713673190446,-0.23874890256600384,0.15579735360816493,0.1426440095645561,0.0005848725558466005,-0.00028616981795862457,-0.09545951571359056,0.03463775564410578,-0.0014349376586097605,0.22528506206334736,-0.03207137777025296,0.22427830231058576,-0.0318033758073191,-0.2224041381988585,-0.0003182507677447636,-0.0022255589694450493,0.2220893322136752,-0.021233836579040474,2.0160567589847582e-5,-0.04803739989176889,0.044938940163261595,0.0051361498930395455,-9.892437827028725e-5,4.8402290444777016e-5,-0.06691131561486605,6.352926829578019e-5,-0.008456593481227929,0.0016690009383342403,0.004122596330249501,-0.004517782691378677,0.0022104867760474227
60.0,-0.08830024358026785,7.182541021053484e-5,0.045518413713946305,-0.020069825595230247,-0.01255266067382963,-0.0006425372343534056,0.00025588755207178575,-0.06203751570101489,5.046271485779325e-5,3.615432664493184e-5,-0.00014198650898921395,0.0009376605564486927,-0.0003256747844605519,0.00012969851224684485,-0.05557235196690286,4.520380482026379e-5,-0.006698282264431966,0.0032303971026387845,0.0018233738943015723,-0.00034469018096991677,0.00013727130804010068,-0.08180730863579283,0.02538111280247907,-0.0015209650160568791,0.20034642917412113,-0.03967910610203175,0.1896727792148543,-0.039395059204257586,-0.1883149874237292,-0.0003941803952754589,-0.001884248365714651,0.19816184624654734,0.10246817679852069,-8.334992672350903e-5,-0.19431789287069484,0.07721394558959667,-0.06823466546347713,0.0004615826377551637,-0.00018382320110054616,-0.07909662219708312,0.024540109236538953,-0.0012941920736783813,0.1633973593167364,-0.03376302812076403,0.14315127104628647,-0.03352133206609945,-0.14212650818091738,-0.00033540886054489303,-0.0014220941434208733,0.16206970596506154,0.051989683038418125,-4.228958108773222e-5,-0.11487045193163817,0.07365399285367938,0.031169335917051098,0.00023779800365465956,-9.470198112157183e-5,-0.02771786956242432,0.008599602966174692,0.0017955306881050933,-0.397289513243609,0.04684200618031022,-0.39487145939791957,0.0465066829369055,0.3920447320819305,0.0004653381108174039,0.003922734221990693,-0.392219888832819,-0.07834787396493946,6.372992823670729e-5,0.021987182207207,-0.019329350062192874,0.005972803435236372,-0.0004683099862988659,0.00018650233727835318,-0.06056190681546749,4.92624213001099e-5,-0.0029992710440620647,0.00022575466975932856,0.0069136931857264545,-0.005246342659859597,0.0020893322731876827
61.0,0.09396423851265617,0.000668333489386744,9.409510162446625e-5,-0.0009308406401056958,0.05421237454180767,-0.0012168648526915688,-0.0007023764631069719,-0.7873777251618288,0.0006178132951004009,0.0036247327481753787,-0.016932467459429022,-0.2280789539259058,-0.0016090510734817114,-0.0073871348382007875,0.46744989125767195,-0.0008591895054569482,-0.003173960175802604,0.010814625092328872,0.13502837251627595,0.0019674759880402132,0.006270085940217639,0.0019211073556323261,0.011613628854977857,0.0022840990992263883,0.0007029627539778715,0.00022251497987201184,0.0003116835378631918,-0.00020361062130738654,-0.0001689750753576303,-1.7123170275535019e-6,-1.792984809873276e-6,0.00026611503504964774,0.0005288854888018246,5.025776807235337e-6,0.00032077951915930673,0.0003351107478695465,0.01632356673782119,-5.803805558416965e-6,-4.476497829330806e-6,0.0036752781451804078,0.006360468772553073,0.0021863891699787134,0.0009379503206194538,0.00047030231161092903,0.00046358646321541957,6.311886704754425e-5,-0.0002945813728751358,9.349325909334918e-7,-3.065998346807117e-6,0.0002911453382097102,0.01331753310353227,-0.00012811883747126983,-0.00014567776673744774,0.00038553241545904033,0.023864292053764714,0.00017153049811004231,0.00030066820763660694,0.016649519919800185,0.09887153628472559,0.0004315286044497465,-0.00017381458712679513,4.416026505798719e-5,5.001863138398628e-5,-3.634060148028311e-5,-7.889209929157487e-5,-3.022844691214313e-7,-7.655537759217703e-7,8.971342510259459e-5,-0.006995098114673534,-8.795403119376065e-5,0.00017986175980550865,0.0001946043988697492,0.0042805063847792075,0.00013712377623490305,0.00012432411135187844,0.0018324254987256564,-1.7246312442839102e-5,5.513830390170437e-5,0.0004276258807459338,0.003010090735510383,0.00043790933980423054,0.0007717317924107935
62.0,0.09396423851265617,0.000668333489386744,9.409510162446625e-5,-0.0009308406401056958,0.05421237454180767,-0.0012168648526915688,-0.0007023764631069719,-0.7873777251618288,0.0006178132951004009,0.0036247327481753787,-0.016932467459429022,-0.2280789539259058,-0.0016090510734817114,-0.0073871348382007875,0.46744989125767195,-0.0008591895054569482,-0.003173960175802604,0.010814625092328872,0.13502837251627595,0.0019674759880402132,0.006270085940217639,0.0019211073556323261,0.011613628854977857,0.0022840990992263883,0.0007029627539778715,0.00022251497987201184,0.0003116835378631918,-0.00020361062130738654,-0.0001689750753576303,-1.7123170275535019e-6,-1.792984809873276e-6,0.00026611503504964774,0.0005288854888018246,5.025776807235337e-6,0.00032077951915930673,0.0003351107478695465,0.01632356673782119,-5.803805558416965e-6,-4.476497829330806e-6,0.0036752781451804078,0.006360468772553073,0.0021863891699787134,0.0009379503206194538,0.00047030231161092903,0.00046358646321541957,6.311886704754425e-5,-0.0002945813728751358,9.349325909334918e-7,-3.065998346807117e-6,0.0002911453382097102,0.01331753310353227,-0.00012811883747126983,-0.00014567776673744774,0.00038553241545904033,0.023864292053764714,0.00017153049811004231,0.00030066820763660694,0.016649519919800185,0.09887153628472559,0.0004315286044497465,-0.00017381458712679513,4.416026505798719e-5,5.001863138398628e-5,-3.634060148028311e-5,-7.889209929157487e-5,-3.022844691214313e-7,-7.655537759217703e-7,8.971342510259459e-5,-0.006995098114673534,-8.795403119376065e-5,0.00017986175980550865,0.0001946043988697492,0.0042805063847792075,0.00013712377623490305,0.00012432411135187844,0.0018324254987256564,-1.7246312442839102e-5,5.513830390170437e-5,0.0004276258807459338,0.003010090735510383,0.00043790933980423054,0.0007717317924107935
63.0,-0.049977441476484176,-0.002107707697258441,0.00024400574715132545,0.003826065236471662,-0.03953608636231422,0.004148534441517777,0.00489106904370955,0.02990193502027821,0.001909398845395136,0.002498566457759726,-0.0060521407286332094,-0.04126525502072883,-0.0027253039524147323,-0.003317785424946732,0.04500534529207194,0.0037963251586781324,0.007662103855239078,-0.011248972905801692,-0.045898113459529474,-0.006417665854681017,-0.007928503019911869,-0.006503282550175317,-0.26542456344782195,0.001284169462514876,0.0009107867086346241,0.0007705823416375925,0.0010187340333027916,0.000532474425136509,-0.0008905107544156649,5.495182323731393e-6,-8.985551051695134e-6,0.0003314876848459916,0.02556359640862063,0.0014128200463978215,0.005196224158304333,-0.010618364498895782,-0.004976438984606994,-0.0017276661150998083,-0.0020832735032431386,-0.02532859477973721,-0.7507346137196335,0.009770981251476695,0.0066612339643916905,0.005329135824411899,0.005476904807178912,0.0035161766900578114,-0.0044984809632830315,3.6469591900429595e-5,-4.564177611373718e-5,0.0022315476561422733,-0.08193495157216425,-0.006793402679004523,-0.009090659087950623,0.021204908537430914,0.14929407088014496,0.008467689325653798,0.010452900231547484,-0.013752704319150438,-0.26793510921449304,0.0007034192425408172,0.0003366977040967077,-5.3642853068431676e-5,0.00040827708167290837,-0.00018517833553910196,-0.0003328614236638933,-1.7486281013066482e-6,-3.379512962148664e-6,0.00011852798728182926,0.011841728383269972,0.0008258049847916163,0.0007102072488751496,-0.0026322175705034397,-0.023512524932818513,-0.001343193920714438,-0.0016436178117463648,0.0008210267205595945,3.9517998045964796e-5,-1.796229769081741e-6,-0.0006099318538796798,0.0008757523041272976,-0.0009277229492146373,-0.001106810117538382
64.0,-0.049977441476484176,-0.002107707697258441,0.00024400574715132545,0.003826065236471662,-0.03953608636231422,0.004148534441517777,0.00489106904370955,0.02990193502027821,0.001909398845395136,0.002498566457759726,-0.0060521407286332094,-0.04126525502072883,-0.0027253039524147323,-0.003317785424946732,0.04500534529207194,0.0037963251586781324,0.007662103855239078,-0.011248972905801692,-0.045898113459529474,-0.006417665854681017,-0.007928503019911869,-0.006503282550175317,-0.26542456344782195,0.001284169462514876,0.0009107867086346241,0.0007705823416375925,0.0010187340333027916,0.000532474425136509,-0.0008905107544156649,5.495182323731393e-6,-8.985551051695134e-6,0.0003314876848459916,0.02556359640862063,0.0014128200463978215,0.005196224158304333,-0.010618364498895782,-0.004976438984606994,-0.0017276661150998083,-0.0020832735032431386,-0.02532859477973721,-0.7507346137196335,0.009770981251476695,0.0066612339643916905,0.005329135824411899,0.005476904807178912,0.0035161766900578114,-0.0044984809632830315,3.6469591900429595e-5,-4.564177611373718e-5,0.0022315476561422733,-0.08193495157216425,-0.006793402679004523,-0.009090659087950623,0.021204908537430914,0.14929407088014496,0.008467689325653798,0.010452900231547484,-0.013752704319150438,-0.26793510921449304,0.0007034192425408172,0.0003366977040967077,-5.3642853068431676e-5,0.00040827708167290837,-0.00018517833553910196,-0.0003328614236638933,-1.7486281013066482e-6,-3.379512962148664e-6,0.00011852798728182926,0.011841728383269972,0.0008258049847916163,0.0007102072488751496,-0.0026322175705034397,-0.023512524932818513,-0.001343193920714438,-0.0016436178117463648,0.0008210267205595945,3.9517998045964796e-5,-1.796229769081741e-6,-0.0006099318538796798,0.0008757523041272976,-0.0009277229492146373,-0.001106810117538382
65.0,-0.007447050816857342,5.064130227171249e-6,-0.0003712303945475273,0.0001310530524294565,0.00010759971629264263,-0.0001421519486389756,4.511683277794605e-5,-0.011942134470630755,8.120869003955289e-6,0.005252601379947114,-0.002733340058057689,0.003679054940224337,-0.00016445375261589415,5.2195080933478775e-5,-0.013565780346308051,9.224977779359539e-6,0.006315384820528564,-0.0033268319551794257,0.0017746738870528457,-0.00022072270471854482,7.005397721951177e-5,-0.02750458038754025,0.007120199182489859,-0.0015400729705020689,0.3038726227791613,-0.048059541039169734,0.2900485432382118,-0.047771947804767845,-0.2883128629360324,-0.0004779519508269751,-0.002884531634569209,0.30078501159136073,0.1447661269460028,-9.844360369854011e-5,-0.1792586968740692,0.07163470285202285,-0.11683600895734404,0.00171064347720658,-0.0005429318172078316,0.01714878234703375,-0.004439360438445586,0.0019908833260678057,-0.3766544812887025,0.06212753599731765,-0.3349452298617775,0.0617557584347961,0.33294088317112014,0.0006178581063008734,0.003331029008232752,-0.3736314155563865,-0.15803193535261834,0.00010746459509381961,0.1513246572471311,-0.09636543266501177,0.009991104542377801,-0.0018961294690797083,0.0006018022060239677,-0.009294692634282823,0.0024061469750149217,-7.048520086535306e-5,0.023346598588248342,-0.0021995622729996745,0.02316793213684083,-0.0021863998662128787,-0.023029292849076226,-2.1874637992579964e-5,-0.00023040499499803863,0.023080470300866598,-0.00921806237453687,6.268450351029308e-6,0.0010814683431838968,-0.0009413992225900117,0.0007691492058988174,-0.00014453663508177744,4.5873695473566065e-5,-0.007307072796850652,4.968942623396826e-6,-0.0011248629501625312,0.00010267037544778785,0.0008524846259723151,-0.0016604761446318062,0.0005270094807259453
66.0,-0.03703050519857245,-0.001703891958381748,0.00041139170264386306,0.0029357710624273105,0.015775170798206048,0.0033567593977476126,0.003935470011556059,-0.10293330798072807,-0.005183075222602817,-0.006387058143491264,0.014578506083993569,0.13367998376400841,0.007375323261560208,0.008712428267302749,-0.12493347426571064,-0.00668211664899118,-0.013781677011092371,0.01517942469991299,0.12052800451978966,0.011242728434142008,0.013342909234677658,0.005503797027974551,-0.11005336254653078,0.0014366447305627574,0.0014071124935732663,0.004961439374758943,0.0023394413805665265,0.004701283248215217,-0.002366380728660811,4.714897233678896e-5,-2.3610456476181005e-5,0.00119692163494607,0.11301401657903926,0.0050629915917196466,0.016039582958112617,-0.029967255990870047,0.014201880190283418,-0.006172274686555554,-0.007219108957032027,-0.016758428324493826,-0.5167023259516142,0.00970436193289783,0.007151844939366097,0.00819022265959972,0.006651270605290576,0.006390937297091331,-0.00584170834593713,6.521034513830614e-5,-5.896162894713031e-5,0.0032718803841954567,-0.037274078905523145,-0.00297302920372416,-0.004372427442402549,0.005567389063978335,0.17373565677482855,0.0037032961444228006,0.004502644858595116,-0.014729769400383338,-0.28826693484734595,0.003899757196016188,0.0020500011025603184,0.0031413652274590014,0.002085688421128041,0.0024180629684649817,-0.00203817190932481,2.470569116581565e-5,-2.0390357327525546e-5,0.0022046361690187684,0.0242989248302845,0.0026220016427747498,0.001182139138274944,-0.008887563877907978,-0.03526468672075253,-0.004277036037556867,-0.005265782264824987,0.0060823008999543226,0.00030400248952034136,-0.0006540655443529852,-0.004927218614593814,0.026642802192423088,-0.007137676695468691,-0.008426692095249006
67.0,-0.03703050519857245,-0.001703891958381748,0.00041139170264386306,0.0029357710624273105,0.015775170798206048,0.0033567593977476126,0.003935470011556059,-0.10293330798072807,-0.005183075222602817,-0.006387058143491264,0.014578506083993569,0.13367998376400841,0.007375323261560208,0.008712428267302749,-0.12493347426571064,-0.00668211664899118,-0.013781677011092371,0.01517942469991299,0.12052800451978966,0.011242728434142008,0.013342909234677658,0.005503797027974551,-0.11005336254653078,0.0014366447305627574,0.0014071124935732663,0.004961439374758943,0.0023394413805665265,0.004701283248215217,-0.002366380728660811,4.714897233678896e-5,-2.3610456476181005e-5,0.00119692163494607,0.11301401657903926,0.0050629915917196466,0.016039582958112617,-0.029967255990870047,0.014201880190283418,-0.006172274686555554,-0.007219108957032027,-0.016758428324493826,-0.5167023259516142,0.00970436193289783,0.007151844939366097,0.00819022265959972,0.006651270605290576,0.006390937297091331,-0.00584170834593713,6.521034513830614e-5,-5.896162894713031e-5,0.0032718803841954567,-0.037274078905523145,-0.00297302920372416,-0.004372427442402549,0.005567389063978335,0.17373565677482855,0.0037032961444228006,0.004502644858595116,-0.014729769400383338,-0.28826693484734595,0.003899757196016188,0.0020500011025603184,0.0031413652274590014,0.002085688421128041,0.0024180629684649817,-0.00203817190932481,2.470569116581565e-5,-2.0390357327525546e-5,0.0022046361690187684,0.0242989248302845,0.0026220016427747498,0.001182139138274944,-0.008887563877907978,-0.03526468672075253,-0.004277036037556867,-0.005265782264824987,0.0060823008999543226,0.00030400248952034136,-0.0006540655443529852,-0.004927218614593814,0.026642802192423088,-0.007137676695468691,-0.008426692095249006
68.0,0.18310611588664769,-0.00011668909922824069,0.026002246973166224,-0.006449866270990344,-0.02394427939728694,0.02605311111786886,-0.007634885841132622,0.2405351565161872,-0.0001532872378986021,-0.054756057814837,0.03656827617485086,-0.08438227977155718,0.024690429324488398,-0.007235550810351855,0.21901533359073988,-0.0001395731752057465,-0.026092279033165775,0.025102850507024693,-0.050118762719274484,0.02656225854829461,-0.007784091918280531,0.20964117294878049,-0.05082801515255754,0.0002839716018590448,-0.06498652749819836,0.009455975591136265,-0.06219687313499273,0.00940294804177902,0.06184808334276763,9.407233291034137e-5,0.0006187626936852518,-0.06434280306938092,0.1404160553844174,-8.948375613046667e-5,0.07168505784617267,-0.02418934939862189,0.028187591906960813,0.012367945633983987,-0.003624436735310406,0.21371343960085387,-0.05181534616297052,0.0006460317850882065,-0.14177588745352476,0.021512224288952435,-0.12667902661061203,0.021391587288112503,0.1259686315515316,0.00021401336165036928,0.001260260392048064,-0.14064737906241473,0.1268901164546176,-8.086400237570432e-5,0.07705104947665789,-0.04261919652357225,-0.002643336766116451,0.011348518614312157,-0.0033256928009157117,0.22408905522699318,-0.054330939549756326,0.0008188538935771331,-0.31455639535110164,0.027267030856605683,-0.31199151457654034,0.027114121850814344,0.31024191769090087,0.00027126478218568743,0.0031038330419726674,-0.31110570738514953,0.17988562331150074,-0.00011463675719783594,0.02636966961636283,-0.01226679806757469,-0.0037078178930401765,0.021024370511712544,-0.006161209231873819,0.15105754858309148,-9.626532238117877e-5,0.1708567574841184,-0.014666932253730537,-0.08166583442594659,0.25587030565836816,-0.07498300548434707
69.0,-0.1643806101982937,0.00010369731481843133,0.26968757469639326,-0.07919901121295612,-0.10623355798960044,0.17908074124195053,-0.051834381532061595,-0.0020493792587535915,1.2928235630722224e-6,0.00042445569426457634,0.00035186444124330824,-0.0023498018657020013,0.0016106974400995088,-0.0004662115259603023,-0.003066588317812326,1.9345163264883856e-6,0.0012536108491096483,0.0006122581794261178,-0.003897595964880039,0.002847655875866605,-0.0008242454220303798,0.0017901332952606572,-0.0004295969108255972,4.1894071231290224e-5,-0.009814560989121021,0.0014092709918357693,-0.009396267192149544,0.001401447914973246,0.009344107088856959,1.402080085483462e-5,9.34832201964939e-5,-0.009717752317223551,0.002652257275957653,-1.6731411168297143e-6,-0.0009771146649591948,-0.00022710303946907925,0.0025540175393324047,-0.0017887020418935857,0.0005177344221601807,0.002112169136429188,-0.0005068792021425013,7.617674242968053e-5,-0.01711342078525083,0.0025625027647980243,-0.015301424611536267,0.002548277923579809,0.015216484084416924,2.5494274093059905e-5,0.00015223347920351768,-0.016977417581390115,0.004473595924714185,-2.8221083035110796e-6,-0.0027586511951595743,0.0001962325200211038,0.003257608042491397,-0.0030634421417690943,0.0008867041071901504,0.029368413360152563,-0.007047843697768769,0.0011726022705581627,-0.4610589534612309,0.039445065047042906,-0.45726039624409226,0.039226099512433374,0.4547220744816914,0.00039243793072996525,0.004549271900620366,-0.4560309198795925,-0.037361638374302515,2.356909109871539e-5,0.040585979278683564,-0.018309116939268438,-0.005221485722567519,0.03343443682858726,-0.009677497104734745,0.0021911108486220724,-1.3822330456075623e-6,-0.020558494117541543,0.001984926637529254,0.005329499390358787,-0.02841733573088309,0.008225312293125824
70.0,-0.06113755809790519,3.85556410708353e-5,0.09037300142323468,-0.02778334891957136,-0.023406030923038387,0.05143219169436685,-0.014880720366057774,0.3369007669093604,-0.00021249351657454043,-0.35022562492352355,0.0970445882315771,0.10617779001528015,-0.22996729356306347,0.06654917277414951,0.2060044479195577,-0.00012993303594795554,-0.17138217115783438,0.014563906444623301,0.19275416081851016,-0.16594188983751246,0.04802106294173886,-0.013621875346708886,0.00326826915483601,-0.0002952983156779808,0.06920759007560137,-0.009935252614773172,0.06625845020531267,-0.009880110175618786,-0.06589070388390754,-9.884566146116083e-5,-0.0006592042054655341,0.06852498807914177,-0.022328690293680627,1.408395318359238e-5,0.009641118342629654,0.0008085831115968843,-0.01755847574123017,0.013479213484013892,-0.0039008749814735196,-0.0156559424206556,0.003756316648403419,-0.0005183672388179439,0.11650034353196394,-0.017440374483877,0.10416640498348165,-0.01734357733874522,-0.1035882631121487,-0.0001735139934928086,-0.0010363498130717891,0.11557451874855307,-0.037829182375204135,2.38607295920148e-5,0.024518461135906035,-0.003855814688577839,-0.02381989006612331,0.023009609531747882,-0.006658884000340555,-0.012750828826129948,0.003059610318028975,-8.238275174759192e-5,0.032346968744266236,-0.0027695709175810487,0.03208075848798185,-0.002754187195623558,-0.03190256414907917,-2.7554302839650174e-5,-0.0003191696363390833,0.03199408285456911,-0.08304637371984608,5.237109486106595e-5,0.0627367754009721,-0.026318529913386755,-0.012541541195929483,0.05639431944641366,-0.01631587463633681,0.008949049427884449,-5.6440663785189505e-6,-0.0574705052745583,0.0039540072768672425,0.03919780323252235,-0.0958156713564102,0.027725319454156794
71.0,-0.06113755809790519,3.85556410708353e-5,0.09037300142323468,-0.02778334891957136,-0.023406030923038387,0.05143219169436685,-0.014880720366057774,0.3369007669093604,-0.00021249351657454043,-0.35022562492352355,0.0970445882315771,0.10617779001528015,-0.22996729356306347,0.06654917277414951,0.2060044479195577,-0.00012993303594795554,-0.17138217115783438,0.014563906444623301,0.19275416081851016,-0.16594188983751246,0.04802106294173886,-0.013621875346708886,0.00326826915483601,-0.0002952983156779808,0.06920759007560137,-0.009935252614773172,0.06625845020531267,-0.009880110175618786,-0.06589070388390754,-9.884566146116083e-5,-0.0006592042054655341,0.06852498807914177,-0.022328690293680627,1.408395318359238e-5,0.009641118342629654,0.0008085831115968843,-0.01755847574123017,0.013479213484013892,-0.0039008749814735196,-0.0156559424206556,0.003756316648403419,-0.0005183672388179439,0.11650034353196394,-0.017440374483877,0.10416640498348165,-0.01734357733874522,-0.1035882631121487,-0.0001735139934928086,-0.0010363498130717891,0.11557451874855307,-0.037829182375204135,2.38607295920148e-5,0.024518461135906035,-0.003855814688577839,-0.02381989006612331,0.023009609531747882,-0.006658884000340555,-0.012750828826129948,0.003059610318028975,-8.238275174759192e-5,0.032346968744266236,-0.0027695709175810487,0.03208075848798185,-0.002754187195623558,-0.03190256414907917,-2.7554302839650174e-5,-0.0003191696363390833,0.03199408285456911,-0.08304637371984608,5.237109486106595e-5,0.0627367754009721,-0.026318529913386755,-0.012541541195929483,0.05639431944641366,-0.01631587463633681,0.008949049427884449,-5.6440663785189505e-6,-0.0574705052745583,0.0039540072768672425,0.03919780323252235,-0.0958156713564102,0.027725319454156794
72.0,0.004936163312424823,-3.1087256178180594e-6,-0.01079746129138887,0.0038928528574353363,-0.0028032174850311886,-0.002198053357314126,0.0006349305104726854,-0.15876973118817678,9.999092401159639e-5,0.18293735606296008,-0.07505374522752051,0.06056752707475767,0.051004647937518785,-0.01473322157678359,0.5162631581461791,-0.0003251352120448891,-0.4859801466581984,0.1621782641053399,0.12650818795111243,-0.19595374881856203,0.056603272777732076,0.0071567861628224995,-0.0017146014956803902,0.0003338913749093785,-0.0785215356682494,0.011250483745570864,-0.07517962754134609,0.01118813467736739,0.0747629894808905,0.00011193172973513909,0.0007479665675902429,-0.07774753055453644,-0.17149646952927422,0.00010800604324656075,0.18630871256980966,-0.05761247417915834,0.05149339937996799,0.04727460941560373,-0.013655761261755927,0.010603914057571825,-0.0025404541214075,0.0006241837709594709,-0.14076446485459568,0.021031898087555637,-0.12587453131905577,0.020915341388481525,0.12517694711567617,0.00020924760077871584,0.001252333168055151,-0.13964606350088027,-0.19237411066537236,0.00012115448541348566,0.18664867863877155,-0.0900734291378996,-0.03347394162423759,0.05384556867445203,-0.015553850997635465,0.006322141342680416,-0.0015146397775050318,0.00020839667517542006,-0.0822543475235323,0.007021934625609158,-0.08157566637582894,0.006983019758359541,0.08112358210073337,6.986164261564867e-5,0.0008116011367946453,-0.0813581934069176,-0.004984890216756487,3.1394131308453685e-6,0.0072610032175491,-0.005016740645270593,0.0031165122245185306,0.0018233670845043274,-0.0005266984943149753,-0.03693441841835759,2.326077267901125e-5,0.13141706723347094,-0.011300795783979654,-0.054103814137276975,0.19579458953857182,-0.05655729796890553
73.0,-0.0010257079389045223,6.458138019084209e-7,0.010393475126164004,-0.003994928230835841,0.005087633936364351,0.0004192293895486992,-0.00012106169536867849,-0.030896255780416024,1.9453128569376864e-5,0.037284777540634945,-0.015749745110894,0.014506017260671175,0.009110184471591811,-0.0026307658873590536,-0.2512773187077103,0.00015821107975403948,0.2419158988594372,-0.08513264169197444,-0.0476297763134101,0.08754170619808165,-0.02527959067189829,0.012926741693457242,-0.0030961640949387216,0.0007162328359510498,-0.1685346330070997,0.024139567819307456,-0.16136323601898167,0.024005822388284113,0.16046920196987524,0.0002401663006230084,0.001605414461192296,-0.16687351426911445,-0.27184460777843844,0.00017116080807908282,0.29664430039051903,-0.093960324593875,0.0940100647875511,0.06878167743664709,-0.019862220270080812,0.01751661960434732,-0.004195514226860827,0.0011379087676135072,-0.25676715509269843,0.03835153107926929,-0.22961053518362898,0.03813904417423388,0.22833837653368874,0.00038156214754276815,0.002284411757586687,-0.254727166007605,-0.27477915934861974,0.00017300848209479968,0.267099289735803,-0.1321300917839176,-0.03993483591489017,0.07059377531927898,-0.020385503339603275,-0.007488815075298543,0.0017936925560400705,-0.0003960043114595439,0.1563935001441513,-0.013346739291077696,0.15510274404638863,-0.013272791595952349,-0.15424339629341668,-0.00013278766909263114,-0.00154312837545511,0.1546898554588042,-0.004533413499746144,2.8543612629131824e-6,0.0036982388305573113,-0.002305979103950544,0.0010182455598620771,0.001522029678229609,-0.000439519503641412,0.03798153672223429,-2.39142154431049e-5,-0.12318636975901708,0.010467182894768669,0.05246784483304198,-0.18480819646126004,0.053367426364543884
74.0,0.0006139378765622652,-3.860447227316514e-7,-0.00020024123795424893,5.238413559255381e-5,0.0001356547941524752,-0.00017550308499172726,5.059946583299357e-5,0.0006932380658300272,-4.359087574078746e-7,-0.0002467850719291897,7.513010849286829e-5,3.9797160778287174e-5,-0.00014296705432759416,4.121897102522025e-5,0.004339771053997566,-2.7288521807437123e-6,-0.0038188059939426536,0.0014868849437636145,0.00024668542874607446,-0.0010574522937465498,0.0003048751032491345,0.017057233004125108,-0.00408007268072883,0.001250214611471497,-0.2950740418127861,0.04219201300443363,-0.28253231742855345,0.04195855482731594,0.28096900069790404,0.0004197741996925941,0.0028109532685599314,-0.2921672296245486,-0.25231188876712024,0.0001586539564662791,0.2795522416404447,-0.0954725787832155,0.12613411451631554,0.04465005549500273,-0.012873101093887068,-0.017718211654098457,0.004238178097386676,-0.001466589998753943,0.33193505426417413,-0.049494209819530254,0.29685534626508775,-0.04922034689667051,-0.2952127768995201,-0.0004924247701509181,-0.0029534550716873815,0.3292983754777093,0.20727952165016614,-0.00013033756104361484,-0.20144384201001433,0.1076509567461277,0.010239249488719489,-0.037245281761012564,0.010738223548985064,0.0005637533811607081,-0.0001348492320299824,5.941978026004042e-6,-0.002353752795876549,0.00020052878267639025,-0.0023343096073717836,0.00019941921048911835,0.0023213933318224802,1.9950886853706117e-6,2.3224370508225e-5,-0.002328131850516764,0.0017806199833318814,-1.119655544997565e-6,-0.0012344325483213024,0.0008070271906447268,-0.00043032993200482197,-0.0004181203241279491,0.00012054867888181413,0.0013339274337591377,-8.387748434448336e-7,-0.0030308541123096684,0.00025805459874212664,0.0012615479122011625,-0.004539553608968169,0.001308803133199727
75.0,0.018612175380913133,-0.00047929995081246926,0.0005631042189243382,0.0006256628318614603,0.12572571023540488,0.00097897343001342,0.0013199773976924943,0.023688610848325672,-0.000633918561256282,-0.0031241436738527434,-0.0016720699792486754,0.14820858293974964,0.0009332456248336115,0.0012525268743100026,0.029243820801927178,-0.0007730140588107884,-0.005003561147677412,-0.00396837010062363,0.12925262263536064,0.0013449771897241097,0.001807759713400133,0.032172904630233465,-0.2528953580734139,0.008936332151663258,0.009543610998274771,0.016346141769558648,0.011280035552553346,0.0146868493452376,-0.01112162876510435,0.00014811065778022446,-0.00011128328444331075,0.007987524713474678,0.06599970758945103,-0.0018337099028016756,-0.014644529151360379,0.005049314825987187,0.6087057665089692,0.00231447607823373,0.0030927664810569684,0.03097931008956048,-0.24498803963130403,0.00864544817459121,0.010035500460618262,0.015445533610164047,0.012230549098775332,0.013840027921776812,-0.011842421727437175,0.000139604145975146,-0.00011867015193976069,0.00728195169389791,0.04027224609673537,-0.001169540598984419,-0.007278275539122327,-0.004670827324734463,0.44785494062713543,0.0014974326508878368,0.0019910404207695302,0.01787343801445442,-0.14980489385957865,0.003113035598332122,0.0041783128838655545,0.005522031093305477,0.0040442547286111815,0.004943899739355581,-0.004190009551758779,4.987271268707416e-5,-4.176189507685932e-5,0.004594375133573963,0.0352537032136971,-0.001282316252007861,-0.002446053904581009,0.003028219144656798,0.27156113137026644,0.0021363051582710835,0.0027770276203454114,-0.015936769697302185,0.0003127204143110106,-0.0023295501897133575,-0.0061461240676343514,0.011847783329685543,-0.007661175273835553,-0.01072073718729382
76.0,0.018612175380913133,-0.00047929995081246926,0.0005631042189243382,0.0006256628318614603,0.12572571023540488,0.00097897343001342,0.0013199773976924943,0.023688610848325672,-0.000633918561256282,-0.0031241436738527434,-0.0016720699792486754,0.14820858293974964,0.0009332456248336115,0.0012525268743100026,0.029243820801927178,-0.0007730140588107884,-0.005003561147677412,-0.00396837010062363,0.12925262263536064,0.0013449771897241097,0.001807759713400133,0.032172904630233465,-0.2528953580734139,0.008936332151663258,0.009543610998274771,0.016346141769558648,0.011280035552553346,0.0146868493452376,-0.01112162876510435,0.00014811065778022446,-0.00011128328444331075,0.007987524713474678,0.06599970758945103,-0.0018337099028016756,-0.014644529151360379,0.005049314825987187,0.6087057665089692,0.00231447607823373,0.0030927664810569684,0.03097931008956048,-0.24498803963130403,0.00864544817459121,0.010035500460618262,0.015445533610164047,0.012230549098775332,0.013840027921776812,-0.011842421727437175,0.000139604145975146,-0.00011867015193976069,0.00728195169389791,0.04027224609673537,-0.001169540598984419,-0.007278275539122327,-0.004670827324734463,0.44785494062713543,0.0014974326508878368,0.0019910404207695302,0.01787343801445442,-0.14980489385957865,0.003113035598332122,0.0041783128838655545,0.005522031093305477,0.0040442547286111815,0.004943899739355581,-0.004190009551758779,4.987271268707416e-5,-4.176189507685932e-5,0.004594375133573963,0.0352537032136971,-0.001282316252007861,-0.002446053904581009,0.003028219144656798,0.27156113137026644,0.0021363051582710835,0.0027770276203454114,-0.015936769697302185,0.0003127204143110106,-0.0023295501897133575,-0.0061461240676343514,0.011847783329685543,-0.007661175273835553,-0.01072073718729382
77.0,-0.09157752785902214,-0.0068027004372510245,0.000430614018848846,0.012726150993557383,-0.11427127694228134,0.013478739204205727,0.016597727621382917,-0.0010108320243525123,-0.000595368048156613,1.3474034442164224e-5,0.004526855176857071,-0.05807726146089026,0.0008574199798205123,0.0011031385406600717,-0.016982558020003813,0.0018513641490197018,0.004701944208282432,-0.0037265232801813766,-0.07412897037294562,-0.0031718976869057327,-0.0042403254545439325,0.0018320713530100663,-0.01834085239157188,-0.014884221304410264,-0.006211608400553136,-0.008399356636099729,-0.00475333652925713,-0.0056405822338203284,0.003934754262520896,-5.836745871217723e-5,3.98840099647659e-5,-0.0032502147717066074,-0.024876408699900855,-0.00034383319637459534,-0.0010584620519483927,0.002531434794587318,-0.20581621842312608,0.0004058932407122823,0.0003824557264869893,0.03771980128337784,0.3663694397914605,-0.023154867255000197,-0.012921711740709876,-0.008858022138479244,-0.007337155839486976,-0.004555611245856226,0.005245081132704613,-4.870086683125026e-5,5.391887883160687e-5,-0.004128511537697364,0.17967773015687727,0.004614070231386587,0.004967549385138292,-0.008645080697998301,-0.16542026505500182,-0.005653147268537859,-0.006269375949639186,-0.021802291511038352,-0.6241439090006424,-0.002763592151577251,-0.00024617836341570725,-0.0013646885107472264,-9.852430344176092e-5,-0.0008519651786773107,0.00014308828168159437,-8.888184350702267e-6,1.3944733726553743e-6,-0.0009780540416705406,0.006509315620591369,0.0008972122733493828,0.0007746035375741131,-0.0022654392244690034,-0.08719603061733305,-0.0014660507973090838,-0.001848127403251902,0.002398486230564701,0.0001681042649369665,-7.613116905826715e-5,-0.002714111343673738,0.003674949246542194,-0.003963182325945436,-0.00486516391880437
78.0,-0.09157752785902214,-0.0068027004372510245,0.000430614018848846,0.012726150993557383,-0.11427127694228134,0.013478739204205727,0.016597727621382917,-0.0010108320243525123,-0.000595368048156613,1.3474034442164224e-5,0.004526855176857071,-0.05807726146089026,0.0008574199798205123,0.0011031385406600717,-0.016982558020003813,0.0018513641490197018,0.004701944208282432,-0.0037265232801813766,-0.07412897037294562,-0.0031718976869057327,-0.0042403254545439325,0.0018320713530100663,-0.01834085239157188,-0.014884221304410264,-0.006211608400553136,-0.008399356636099729,-0.00475333652925713,-0.0056405822338203284,0.003934754262520896,-5.836745871217723e-5,3.98840099647659e-5,-0.0032502147717066074,-0.024876408699900855,-0.00034383319637459534,-0.0010584620519483927,0.002531434794587318,-0.20581621842312608,0.0004058932407122823,0.0003824557264869893,0.03771980128337784,0.3663694397914605,-0.023154867255000197,-0.012921711740709876,-0.008858022138479244,-0.007337155839486976,-0.004555611245856226,0.005245081132704613,-4.870086683125026e-5,5.391887883160687e-5,-0.004128511537697364,0.17967773015687727,0.004614070231386587,0.004967549385138292,-0.008645080697998301,-0.16542026505500182,-0.005653147268537859,-0.006269375949639186,-0.021802291511038352,-0.6241439090006424,-0.002763592151577251,-0.00024617836341570725,-0.0013646885107472264,-9.852430344176092e-5,-0.0008519651786773107,0.00014308828168159437,-8.888184350702267e-6,1.3944733726553743e-6,-0.0009780540416705406,0.006509315620591369,0.0008972122733493828,0.0007746035375741131,-0.0022654392244690034,-0.08719603061733305,-0.0014660507973090838,-0.001848127403251902,0.002398486230564701,0.0001681042649369665,-7.613116905826715e-5,-0.002714111343673738,0.003674949246542194,-0.003963182325945436,-0.00486516391880437
79.0,0.02375547240119341,-0.0002520856971573821,0.0002383630252129551,0.0006873595452884438,-0.04001819965678611,0.0005333540906170108,0.0008846081517522486,0.0018854052672080978,0.0005848845956783466,0.0022006903684111327,0.0004385139978626528,-0.08219137550055976,-0.0008407456682933943,-0.0010405189932844955,-0.0013874195283265114,0.0007827455024697183,0.003576938446621611,0.0015427508102121245,-0.07250069451352809,-0.0013336148033913089,-0.0016809636336670719,-0.02782473755524835,0.3234261233460864,-0.008711087908267013,-0.007698542165330551,-0.02111999487506863,-0.010810953160731574,-0.019518110747860168,0.01078189304412314,-0.00019623575991201182,0.00010773288221166908,-0.006331023143432101,-0.21064350674033935,0.005519764028561046,0.030388609371077898,-0.0609796285507758,-0.6391486365834906,-0.006987248520180705,-0.00993985899673317,-0.009392000334057642,0.184367357973888,-0.007106347721200772,-0.0067187492716861,-0.015086724241904464,-0.009443260512288785,-0.013777380798482976,0.009169707997380582,-0.00013865780792658814,9.181831074736356e-5,-0.004493493021373699,-0.017642173186265552,0.0011412298749204888,0.0058337597993320086,0.002851892568221079,-0.2555047671731831,-0.0014462666614536027,-0.0019123958010176636,0.02019120338557345,-0.08624249636414862,-0.001782705197844179,-0.0016107058372761655,-0.003369373717480161,-0.0012854057880292422,-0.0030404152567245256,0.0013738852935729778,-3.063049455940289e-5,1.365586769037867e-5,-0.0018729184357427868,0.15390153333621487,-0.003368944441896048,-0.0034469079046911704,0.01256632423581305,0.1544653439254906,0.005685132689997915,0.008272838164317195,-0.003734768092334629,1.3218711903573743e-5,7.599405722252597e-5,-0.00039411719411298283,-0.010117791894170848,-0.00037042296296683385,-0.0008693991619589391
80.0,0.02375547240119341,-0.0002520856971573821,0.0002383630252129551,0.0006873595452884438,-0.04001819965678611,0.0005333540906170108,0.0008846081517522486,0.0018854052672080978,0.0005848845956783466,0.0022006903684111327,0.0004385139978626528,-0.08219137550055976,-0.0008407456682933943,-0.0010405189932844955,-0.0013874195283265114,0.0007827455024697183,0.003576938446621611,0.0015427508102121245,-0.07250069451352809,-0.0013336148033913089,-0.0016809636336670719,-0.02782473755524835,0.3234261233460864,-0.008711087908267013,-0.007698542165330551,-0.02111999487506863,-0.010810953160731574,-0.019518110747860168,0.01078189304412314,-0.00019623575991201182,0.00010773288221166908,-0.006331023143432101,-0.21064350674033935,0.005519764028561046,0.030388609371077898,-0.0609796285507758,-0.6391486365834906,-0.006987248520180705,-0.00993985899673317,-0.009392000334057642,0.184367357973888,-0.007106347721200772,-0.0067187492716861,-0.015086724241904464,-0.009443260512288785,-0.013777380798482976,0.009169707997380582,-0.00013865780792658814,9.181831074736356e-5,-0.004493493021373699,-0.017642173186265552,0.0011412298749204888,0.0058337597993320086,0.002851892568221079,-0.2555047671731831,-0.0014462666614536027,-0.0019123958010176636,0.02019120338557345,-0.08624249636414862,-0.001782705197844179,-0.0016107058372761655,-0.003369373717480161,-0.0012854057880292422,-0.0030404152567245256,0.0013738852935729778,-3.063049455940289e-5,1.365586769037867e-5,-0.0018729184357427868,0.15390153333621487,-0.003368944441896048,-0.0034469079046911704,0.01256632423581305,0.1544653439254906,0.005685132689997915,0.008272838164317195,-0.003734768092334629,1.3218711903573743e-5,7.599405722252597e-5,-0.00039411719411298283,-0.010117791894170848,-0.00037042296296683385,-0.0008693991619589391
81.0,-0.31622776600763963,2.037176328958514e-8,-8.63992412191465e-12,3.1338122273794408e-12,-2.171292608232194e-11,4.135139568479504e-12,5.949030303821683e-15,-0.31622776596040075,2.037176331008107e-8,-6.62675278184259e-11,3.581976732910411e-11,-1.753127544380681e-10,3.0018337693321093e-12,-3.7604540701516765e-15,-0.31622776594008845,2.037176325923358e-8,-7.865426997549196e-11,4.0928517608904475e-11,-1.6359946497321926e-10,3.5452351179873045e-12,-9.856460810653968e-16,-0.31622776601847846,7.679980856460986e-6,5.3567721797032425e-17,-1.4255306866128734e-11,-3.913871355781855e-12,-1.4801310015771523e-11,-3.913597898839548e-12,1.4866589178552045e-11,-3.91472910892713e-14,7.204736955770023e-14,-1.4112700216353718e-11,-0.3162277659633129,2.037176330238071e-8,-4.7218690601007945e-11,1.9965127882191905e-11,-8.470402437282369e-11,2.573038332960739e-12,-2.545303781012119e-16,-0.3162277660194901,7.679980859632196e-6,-5.892449397673566e-16,-1.7521851810188274e-11,-4.710057779202462e-12,-1.740196867169913e-11,-4.709579331071844e-12,1.740192982463838e-11,-4.712486405789436e-14,3.3969456025261475e-13,-1.7348742360428986e-11,-0.31622776600537617,2.037176333180111e-8,-1.1776057442864534e-11,1.125600174436414e-11,-3.478036470002234e-11,2.6122164568773807e-12,-2.249844315475362e-16,-0.3162277660173058,7.6799807606819e-6,-4.928230405326984e-16,-8.571060471956736e-12,-7.43540066438484e-13,-8.280264495100236e-12,-7.431450887619612e-13,8.329707065266579e-12,-7.467340418506321e-15,1.2882405160468224e-13,-8.556058161870955e-12,-0.31622776596349966,2.0371763321108486e-8,-3.894346657743011e-11,2.7198068871234804e-11,-6.735620337720961e-11,3.4143182633765555e-12,-1.5208211016438736e-16,-0.316227765993006,2.0371763307716557e-8,8.599585953410178e-12,5.649295045991174e-12,9.878844752803379e-12,4.947848512080711e-11,-1.6231019704500827e-15
82.0,0.316227766007639,2.0371765675747367e-8,8.63960480397826e-12,-3.1334954481490082e-12,2.171591235018056e-11,-4.134297450227243e-12,-6.1495040692560035e-15,0.31622776596040486,2.0371765649408636e-8,6.626220123215922e-11,-3.581702368268083e-11,1.7532486805675554e-10,-3.001221559427247e-12,3.604054949161416e-15,0.31622776594009344,2.037176569781413e-8,7.864879321623206e-11,-4.0925915904809964e-11,1.6361600352582654e-10,-3.5445127932693394e-12,8.130584682194071e-16,0.31622776601847796,7.67996770356829e-6,7.310946302993626e-17,1.4253379113159799e-11,3.914316859533342e-12,1.4799531816070873e-11,3.9140849625282355e-12,-1.4864841892681815e-11,3.914839002202455e-14,-7.20339709449619e-14,1.4110819268711606e-11,0.3162277659633107,2.037176565717154e-8,4.722055367441633e-11,-1.996580127079489e-11,8.472105947001983e-11,-2.5725131392687186e-12,1.302523894450374e-16,0.31622776601948976,7.6799676971096e-6,5.716876608347841e-16,1.751900165546771e-11,4.7106379131697604e-12,1.73995015542116e-11,4.710177975381727e-12,-1.7399513959841968e-11,4.712939468010218e-14,-3.3966767196947865e-13,1.7345946038803856e-11,0.3162277660053736,2.0371765632104898e-8,1.1777909552887964e-11,-1.1256787164875924e-11,3.478720878248084e-11,-2.6116827887625337e-12,1.0384589044936944e-16,0.3162277660173054,7.679967795049682e-6,4.469427092421479e-16,8.568471263414435e-12,7.43670879974691e-13,8.277708472560756e-12,7.433233771179249e-13,-8.327164447394748e-12,7.471664443503896e-15,-1.2879746815087049e-13,8.553514816022536e-12,0.3162277659635005,2.0371765638659378e-8,3.8942828376176586e-11,-2.7196327129211366e-11,6.73653363410461e-11,-3.4136221309098874e-12,-1.3572536959348185e-17,0.3162277659930038,2.037176565594533e-8,-8.594376043683607e-12,-5.64947788467746e-12,-9.875280221484779e-12,-4.946840504284662e-11,-7.875572516846856e-16
