1.0,0.22609469990714517,0.007572057618986977,0.4978249618212248,-0.003293071268873283,0.46347818788475936,0.04179926729830805,0.39065243826561374,0.059817881759885456,0.34034551200321944,0.05985399862422578,0.3322773030341443,0.05962455388787402,0.3280440480465713,0.06118866203589684,0.3226910225266264,0.06059400836394861,0.16697064759966182,0.030460085677456214,0.3284342841138329,0.05904998115441982,0.330657420170183,0.059538539941570996,0.3447419618022898,0.06500991095735775,0.3412466329257829,0.059914426748982896,0.3705009234841388,0.06094668458590464,0.39664730185409225,0.06593382464778481,0.3953587609145351,0.06346852356213768,0.42360538421663946,0.05627980651376538,0.4419158755984594,0.05276750085684583,0.28932944016583656,0.06482654042656069,0.2657011550039986,0.07326889111116529,0.410505058426869,0.05294831918745265,0.41189759523944297,0.03275160504796098,0.37544462252996924,0.04274203164293869,0.395128433396926,0.06598645902806281,0.5309750713835464,-0.029404964624393504,0.433179922380221,0.03385025130665217,0.4376980534903723,0.04938884979254773,0.3351681907226248,0.04803532112240332,0.2948495359379015,0.0455176057472962,0.578814777410896,-0.05019634546743768,0.24363749772034218,0.04362513543676483,0.23287074765670837,0.041517982466157045,0.19484511912952673,0.04626728752095281,0.22890497459941966,0.06486629783252255,0.4595676344120373,-0.0008756869065635491,0.23881756380795804,0.028484012955537975,0.6643445785517416,-0.0920914139626516,0.19633195701611397,0.03326373444081628,0.057043620863003304,0.006772162045411089
2.0,0.012260045395384157,-0.013037459381583173,0.03125795275844538,-0.031085949468880054,-0.01392922095199173,-0.013699242636053766,-0.032902555927889994,-0.00610618296655996,-0.031280618092732825,-0.0051971418427864,-0.031199661143876376,-0.004957090292742618,-0.030215988962868905,-0.0053193141354040425,-0.029429859112321582,-0.005377686780743877,-0.012094517210798164,-0.0038014072336868803,-0.03473898759281385,-0.0034898173404096047,-0.03369601302523465,-0.003996685168118587,-0.03640910921344831,-0.004085941089598928,-0.037361569353136365,-0.003001870563574772,-0.04373644593652393,-0.0016197781851478598,-0.07521227752349463,0.009186314031123546,-0.08674540806255646,0.015421173273452167,-0.05624012615639733,0.0025720310718771117,-0.04038997396751522,-0.0038515761299353986,-0.06267774068247639,0.0055733451643832895,-0.056359995349719395,0.00036586255256093744,-0.1408794507242098,0.042448236974329256,-0.1937426019019442,0.07503107616713119,-0.1584192169122437,0.05403860058740819,-0.09726155726649918,0.019447763297792724,0.043791187400136274,-0.04738714509413059,-0.006847747714262867,-0.01883425467703768,-0.03013612833798512,-0.009024241184061449,-0.005895406249530766,-0.013501998279828892,-0.005127362485323369,-0.011782483776861601,0.06283480839773516,-0.04591873404206662,-0.022867972038838884,-0.003635986881658864,-0.02462697493633737,-0.0024376997735208396,-0.042364740571353886,0.0032229715794211775,-0.04863072581892724,-2.9017548128079055e-5,-0.3012176726193637,0.1323776212828784,-0.10095417413004179,0.0338725101165898,0.124122656681557,-0.07843477085160754,-0.0033087750575919663,-0.007912806689582831,4.349461789937169e-5,-0.0023740870105038586
3.0,0.016872123389011232,-0.015357401542143856,0.03752598296442637,-0.0368535941991589,0.023525719725790865,-0.01797425373387745,0.015037237027048523,-0.008638490839009206,0.012401704325039047,-0.0061979579565237,0.011973603130232827,-0.005856233405305387,0.011819646738244862,-0.005432529791119833,0.011675057564924658,-0.005330569993783533,0.006911557490792996,-0.003716936692554659,0.011209723691857462,-0.005492851892122737,0.011480522712059817,-0.005604918389955563,0.011617090376731611,-0.00538277968473532,0.01142284573535826,-0.005672916831491731,0.011878398088516203,-0.006158926666872319,0.007545973079702859,-0.0028568833530336745,0.005509737485920842,-0.0015860507399742194,0.010191349580002295,-0.004452321200151594,0.015316947170210923,-0.009495304856410217,0.003964436831104616,-0.0007631704129998259,0.00353973040694832,-0.0003630644658701637,-0.000524656830182827,0.0017633919095014967,-0.0068188528281790195,0.005279805191277264,-0.0040682641875910055,0.0035081907335578434,0.004127063741985161,-0.0008049505516905826,0.004014258013978078,0.01489874310256788,0.006557869248525709,0.0046601267283581755,0.008346022868016209,0.0005564562024255504,0.00520939400825258,0.003615442281674314,0.004569390643103295,0.0031966043345070523,0.1635046443574577,-0.09773752338108159,0.008671234995019454,-0.004171945611240588,0.007937116713524189,-0.0039056573406844254,0.002682866644936208,-0.000481139900306682,0.003055909855535345,-0.00029171633346534157,-0.01776025851037561,0.010861162814357858,-0.0025980012538370043,0.0022200216797297156,-0.12397807917346935,0.06602087185745051,0.0030187311849482635,0.002177902815995114,0.0034762882948538285,-0.0026047001243145198
4.0,-0.008654120068755896,-0.0025144448628666833,-0.01986333473280916,-0.005250299408062076,-0.011632530887685734,-0.002026771963511398,-0.007718586563273071,-0.0012235684156300046,-0.006485045373578064,-0.0011056203831596118,-0.006265996721924115,-0.0010719909931598548,-0.006254455474836481,-0.001139690476734227,-0.006187597548750294,-0.0011463565954482632,-0.0036141925371672295,-0.0008024441660470355,-0.0057912265370006245,-0.000874497075964607,-0.0059618879349419215,-0.0009433443356802426,-0.006075466629235651,-0.0009775134855419959,-0.0058850399745093455,-0.0008219921789531525,-0.0060607278409052145,-0.0006662460266882047,-0.0035831854449763934,0.0005476553133896254,-0.002405919336757289,0.00112861225324983,-0.0022989872475620505,0.002481339181469513,-0.005895912121548622,0.0007336956480017207,-0.0017191929283361899,0.0006273926156979218,-0.0015168959029785197,0.00040282804204442674,-0.0017421413971320378,0.0007146548243960216,-0.0010167881159326602,0.00034932873814955985,-0.0011685644611337982,0.00041919769707058084,-0.0022214197400153065,0.0009942841266243317,0.027652753177260958,0.03055517800562794,0.011748885085211444,0.01425280724243447,0.0054550326206049835,0.008858220983802345,0.009525616783414856,0.01058847962681687,0.00833684293133727,0.00929617264973011,-0.05763408503709696,-0.10816425079018557,-0.004593723646706612,-0.0007850830003052171,-0.0041058958265528115,-0.0006138997266789372,-0.0011657802443665914,0.00040881295587156646,-0.0013107400868950516,0.000338411882475141,2.7506259253757023e-5,-9.014044705731891e-5,-0.0007447250164693739,0.0002629622576371287,0.06922839222830018,0.16526241500899977,0.0054744516100406005,0.006285113458903164,-0.001777966406324827,-0.0005117053604456337
5.0,0.03157103860167064,0.05720087069111859,0.07320405674285423,0.12895277609330552,0.06308857924321444,0.08408603433149119,0.05051897515699245,0.053392820654287514,0.04418253562925978,0.04331580547763586,0.04298579428634578,0.041887579836092564,0.04310512041701567,0.04041632107344357,0.04253098058747754,0.0397480389419844,0.021999452180716958,0.023514352026977707,0.04086239472247878,0.040813009297668505,0.04171321430057674,0.0412175353527304,0.04355651173511968,0.04197056571068448,0.04201269142739744,0.04208472252418063,0.04435103329192182,0.045134068761546006,0.038300545391742956,0.03771425797437983,0.033918346176236035,0.03485650925161834,0.047760308669950256,0.055700743874478535,0.05432591337962825,0.06648997373895883,0.02562680717619055,0.02540236597487701,0.02473536422692566,0.022764201542117463,0.018377930135864973,0.014812576908995222,0.001339261600862392,-0.006119121538154935,0.007041091848924131,0.0017017877509197185,0.030660900757891452,0.030415417170298588,0.09547078629971466,0.1495999885941741,0.06795605569716963,0.08822474956802372,0.060645074316316494,0.07315246437943769,0.055285351218882124,0.06527323747078657,0.04836811293224975,0.05726737674194779,0.08712978511282436,0.16370643402973561,0.03198056035139625,0.030165922312458387,0.029021164233436772,0.0288902082757718,0.017102039426556383,0.017373586287209104,0.021233218545704736,0.019800202442996982,-0.023158748556509446,-0.04124622342806641,0.004476380344843638,0.0011074090874370927,0.11116004130695618,0.2561387310620113,0.03172932883655482,0.03868899313616978,0.007687082569543495,0.011574461207721076
6.0,-0.04058390122286857,-0.05685228021045266,-0.08948649333419004,-0.12446055808632957,-0.10670242141310067,-0.1101867550818454,-0.10195247906871574,-0.08901916949037735,-0.09113450492992645,-0.07553938180173624,-0.08924282826369925,-0.0738794355245373,-0.08878750760885216,-0.0708228201704632,-0.08732682550467295,-0.06934226279640136,-0.04291879998886041,-0.03712073549890638,-0.08856906654401282,-0.07642580546153367,-0.08912547779688496,-0.07572149806008713,-0.09416932824173177,-0.07878516826453204,-0.0923031637287786,-0.08022102589574238,-0.10063269483835126,-0.08953621308420885,-0.11539876838633085,-0.1099697467541825,-0.11679705687887151,-0.11964402639954015,-0.11399415159357906,-0.11573219430973965,-0.1125335950884954,-0.11367382162534603,-0.08823480181869711,-0.08721371194145724,-0.08515031362246461,-0.07817310647346248,-0.12787327271464544,-0.14701878966016077,-0.1314051476812118,-0.17570629252954434,-0.11969649660751247,-0.15090210754059644,-0.11948608247084466,-0.1256145884380417,-0.09971420834205641,-0.13579843600841932,-0.10168582980534023,-0.10898496093265886,-0.11098477600557675,-0.11193677022823124,-0.08197465187399104,-0.08163451940712907,-0.07178852337420709,-0.07176893611425461,-0.08193280007087977,-0.14240418428231244,-0.06621798135155944,-0.053239279045621174,-0.06288575090612578,-0.05408678065573609,-0.05888541317599045,-0.05965072905270726,-0.07309524124374743,-0.06799590424101033,-0.14520008472029983,-0.2398376199341517,-0.0757826996639936,-0.09648918530134301,-0.08773504212215905,-0.1837720605396175,-0.04721985711614399,-0.048595523199822646,-0.012018986721522455,-0.013551297245244323
7.0,0.0021680029371062225,-0.0017685226568504644,0.004690607206499343,-0.004200740573419426,0.0043419989439023605,-0.002998219779206167,0.0036162035176948394,-0.001990580854819956,0.003110425278081322,-0.0015354725901617116,0.003037923472846235,-0.00148535974481949,0.0029650256313120136,-0.0013468203960012501,0.002911846892421283,-0.001304597426113615,0.0015266290218608472,-0.0007231003489632499,0.003059512166389885,-0.001592586671022012,0.003059189008649028,-0.0015562110536406386,0.0031709769194310563,-0.0015608066610525843,0.0031956286423145673,-0.0017071198176665625,0.0035207501558781086,-0.0020090661912525345,0.00403681853324184,-0.0026640774865211263,0.004180959181199895,-0.0030773855354697816,0.004210794065469096,-0.0029883876680380584,0.004272495188736903,-0.0029564145488935644,0.0028692062443165106,-0.0018488287686083942,0.0024295133047043354,-0.0013119729030287022,0.00505073811389917,-0.004397266116154873,0.005911702881164402,-0.006001717803766623,0.0050439005375726344,-0.004821784531016259,0.004278733165050228,-0.003259604547912792,0.004880426606693984,-0.004611608998350309,0.003972157318852851,-0.002938991441932695,0.004118527325042507,-0.0028671547505490455,0.0029510473955145695,-0.001851536297674358,0.0026003975871083784,-0.0015855515764735834,0.005622751751819154,-0.006146409148238684,0.0021922738339474686,-0.0010864991663996756,0.0021487005185338395,-0.0011626077907922537,0.0019132098467185036,-0.001250310944840537,0.0020267993552722185,-0.0010754211849151843,0.008174529779802429,-0.009170978306089502,0.003145490604800729,-0.0031829461055833445,0.006372387197120614,-0.006417084870110225,0.001737177438390057,-0.0010642781013733464,0.0005351233446299487,-0.00032991681178583504
8.0,-0.00155189763650629,0.0016611634985538102,-0.0034615634031505463,0.00399614589053721,-0.002056902628036405,0.0018571706849750517,-0.0011606571973375476,0.0007262173724472447,-0.0009292339454679789,0.0004918995850136928,-0.0008902741258494264,0.00045575103574994815,-0.0008836762025287428,0.00043038608274579025,-0.0008754004176230735,0.0004261692848219564,-0.0005440222601432164,0.00033295349104212177,-0.00079607402011596,0.0003675401998541611,-0.0008282488191587168,0.0003956389039954276,-0.000826014952873724,0.0003587423601531747,-0.0007994305074373429,0.00035777558250193016,-0.000801219555639818,0.00033429660113238707,-0.00020740650863392218,-0.0003918249391615981,5.8363470894513456e-5,-0.0007162788222810562,-0.0008014999475543928,0.00033244445854247725,-0.0012828343644437315,0.0009040029798441825,1.7537884519802432e-5,-0.0004865967995879168,-1.735419867649782e-5,-0.0004002023626883957,0.001274178502435079,-0.0022011128834850354,0.0025557341473412395,-0.0038246848126678363,0.0018701297078751217,-0.002890324939585564,0.00030930444377544824,-0.0010205184861771758,-0.0037352863356638357,0.004636603057506774,-0.0019648372558914886,0.00195652333790386,-0.0014487648616241624,0.0011680931465678408,-0.0014433505731103753,0.001270679432748722,-0.001273603719053434,0.0010945062275467586,-0.005192781272673657,0.006750634963868775,-0.000642233331649628,0.0003335085867393311,-0.0005590244048544732,0.00026876905378054276,1.4152678020754227e-5,-0.00033726057398977507,-1.8005503386815214e-5,-0.0003430345543092648,0.0050508689292603735,-0.006692784548506823,0.0011706893114821289,-0.0019097019558628205,-0.006427182162826926,0.007367377357021251,-0.0008542620746436085,0.0007388655645465012,-0.0003041590542900503,0.00026715269338671577
9.0,-8.149036808017966e-6,0.0008472369777463627,1.3432327504885695e-5,0.001961372930335795,0.0001509906963834144,0.00109224812365277,0.00018965040445423391,0.0006419992094936187,0.00017895878578920045,0.0005086898415774315,0.0001756514228461863,0.0004899553978234851,0.00017969679826449874,0.00046877460026282304,0.00017714664124578237,0.00046079721507634593,7.668977251061526e-5,0.0002845578713933167,0.00017003112540095114,0.00047232974680101655,0.00017292655920044428,0.0004784124304089677,0.00018743270505797036,0.00048027137434011283,0.00017701281297357205,0.00048556134060271234,0.0001909473779758812,0.0005181207253509307,0.00021656416154782946,0.0003758334230628315,0.0002146058642174036,0.0003197760122716457,0.00022064484424750362,0.00042089508048249964,0.000199354517541712,0.000674915183111771,0.00016318837549775565,0.00023209914016052478,0.0001609936405355674,0.0002036787849700517,0.00021952478827412175,0.00020545218349940573,0.00021255730723201288,8.625301588287305e-5,0.00019643189697948331,0.0001222668323255259,0.00021743733682059492,0.00029380029463997495,0.0004819644566614967,-0.000978289750847678,0.00031433181212026486,-0.00021517547158318847,0.0002807294246716056,8.038359461218973e-5,0.00023407131096889384,-0.00013432389451464337,0.00020618993240864125,-0.00011484581850345036,-0.00399166953457332,0.006758772699125608,0.00013297025710972283,0.000358988400992691,0.00011877303252251458,0.00034086181702893585,0.00010703853299219293,0.00016282289644916438,0.00013675515936232874,0.00017762532455294322,0.0002344710904311196,-9.417608854184755e-5,0.00012117586430360532,8.095246246041608e-5,0.005302757249983051,-0.0059221751033367775,0.00013761043022314216,-7.703517443357896e-5,8.690868158884359e-6,0.00015618924809528706
10.0,-0.00040735625314238644,0.00034951011256675494,-0.0009238758061561495,0.0008331570053554915,-0.00039536603762593104,0.0005225704930049227,-0.0001956161171739624,0.00031578762241902614,-0.00015068017880809806,0.0002465676091461199,-0.00014327398649968256,0.00023768782124685483,-0.00014144144084958732,0.00022248804489668748,-0.0001407541218528645,0.00021744496043481294,-0.000103236249992809,0.00012765537570954798,-0.00012370457194261938,0.00023820079190646165,-0.00013007973845080784,0.00023806684740139381,-0.00012473900436192606,0.0002388067529566282,-0.00012209832599170434,0.00024878035313273935,-0.00011772005050360902,0.00027594264510413243,2.182723753272663e-5,0.0002623845702194878,7.747681030521117e-5,0.0002617589264076611,0.0001700259702697581,0.00038127897294045756,-4.353111947539281e-5,0.0004332869318684504,6.38121087852079e-5,0.00018409434172466236,6.928866600445865e-5,0.00015666921040759007,3.359476615480658e-5,0.00018159642294997513,-1.7559723954058034e-5,0.00010193765281188872,2.3342766353120506e-6,0.00011989822395804385,7.064504172103857e-5,0.00024172095689301321,0.002687205797824051,0.0008949506617775201,0.001296505927514292,0.0005974996994187658,0.0007993322860901054,0.0005072373853866499,0.00101355568081888,0.0004938277644510657,0.0008875259942361214,0.0004423625722244031,-0.0064394509762108285,-0.0025694704832778395,-0.00010160978698228389,0.00017426245878885714,-8.70943367118637e-5,0.00017289562306345164,4.135453791919797e-5,0.00012858129322217515,5.94673383670669e-5,0.00013555086976834113,-9.425627163370044e-5,-1.6263984582826845e-5,9.20592503117528e-7,7.943624236684589e-5,0.009535863499063787,0.005917580741053166,0.0005818944037562907,0.000309343690965606,-7.405820225889803e-5,6.390577734472507e-5
11.0,0.002850591363327534,0.0006385547073259882,0.006291174878656717,0.0012069937442339355,0.006088775595429575,0.001461259398296103,0.0052373145361111675,0.001423520588999303,0.004573539146918419,0.0013053897947734058,0.004465702890576528,0.0012879204222454369,0.004414521808191539,0.0012800898462431896,0.004342378048304948,0.0012611864326579532,0.002222016570405132,0.0006536886909713181,0.004418094107997208,0.001294140810621645,0.0044474846983412,0.001296454646176953,0.00465055900447851,0.001379754702051139,0.004599115264828889,0.0013308773294945656,0.0050119662772102535,0.001408475470198228,0.005479743218506922,0.0015558032348748228,0.005498382812766744,0.0015707916787193828,0.005749749828646936,0.001553138831900762,0.0059251413005149385,0.0015413028710139316,0.003971464279772258,0.0013992205298348035,0.003638940595544193,0.001446315200331041,0.005884817301113991,0.0015012319823650318,0.006060664769873595,0.001314415591475297,0.0054553037409001606,0.0013468797115476895,0.005539063174397125,0.0016146488218327427,0.006681865741826883,0.0011572968521114883,0.005672955770870216,0.001417222741631138,0.005838558926443854,0.0015360327667322637,0.00440102900817604,0.0013103935732020368,0.0038600481760504932,0.0011895093653416862,0.007307726670151664,0.0009142640070679176,0.0032631577790831513,0.00094138686208363,0.003101909088345917,0.0009182070794259352,0.0026321705886867635,0.0010018518925188975,0.0030766522543148106,0.0013035964300233715,0.007011666866428187,0.001101808717564527,0.0033849450520065253,0.0008924178475431072,0.0076984178502033495,0.0011843729600450577,0.0025443938041113364,0.0008364078713021513,0.0007291876945655364,0.00019078325632883287
12.0,0.002850591363327534,0.0006385547073259882,0.006291174878656717,0.0012069937442339355,0.006088775595429575,0.001461259398296103,0.0052373145361111675,0.001423520588999303,0.004573539146918419,0.0013053897947734058,0.004465702890576528,0.0012879204222454369,0.004414521808191539,0.0012800898462431896,0.004342378048304948,0.0012611864326579532,0.002222016570405132,0.0006536886909713181,0.004418094107997208,0.001294140810621645,0.0044474846983412,0.001296454646176953,0.00465055900447851,0.001379754702051139,0.004599115264828889,0.0013308773294945656,0.0050119662772102535,0.001408475470198228,0.005479743218506922,0.0015558032348748228,0.005498382812766744,0.0015707916787193828,0.005749749828646936,0.001553138831900762,0.0059251413005149385,0.0015413028710139316,0.003971464279772258,0.0013992205298348035,0.003638940595544193,0.001446315200331041,0.005884817301113991,0.0015012319823650318,0.006060664769873595,0.001314415591475297,0.0054553037409001606,0.0013468797115476895,0.005539063174397125,0.0016146488218327427,0.006681865741826883,0.0011572968521114883,0.005672955770870216,0.001417222741631138,0.005838558926443854,0.0015360327667322637,0.00440102900817604,0.0013103935732020368,0.0038600481760504932,0.0011895093653416862,0.007307726670151664,0.0009142640070679176,0.0032631577790831513,0.00094138686208363,0.003101909088345917,0.0009182070794259352,0.0026321705886867635,0.0010018518925188975,0.0030766522543148106,0.0013035964300233715,0.007011666866428187,0.001101808717564527,0.0033849450520065253,0.0008924178475431072,0.0076984178502033495,0.0011843729600450577,0.0025443938041113364,0.0008364078713021513,0.0007291876945655364,0.00019078325632883287
13.0,0.0032279745195822945,0.0016701335125923875,0.007460045598662863,0.0036446598102679055,0.004776323861690361,0.0021683596376547523,0.0029506520434188247,0.0012388715944117324,0.002440488439177281,0.0010141227791782106,0.002346763600977242,0.0009768980617775966,0.0023558900964775597,0.0009720198796423756,0.0023339245080930466,0.0009634779917091745,0.0013534504073059836,0.0006040809473521956,0.0021023872659482854,0.0008784315120296445,0.002188443631499792,0.0009123266042102928,0.0022184862513235006,0.0009220071454190593,0.0021180021782534076,0.0008740751039878282,0.002131174030879006,0.000854327459683097,0.0007497807326286641,0.00018816353302440804,0.00012216673876029732,-0.00010004203622162463,0.0020574799089837685,0.0008521084299002162,0.0031226271444797457,0.0013622817152573084,8.334005141745336e-5,-6.10503164760039e-5,6.996181868720409e-5,-4.4137277331392905e-5,-0.002391207671532525,-0.0014050193660073802,-0.004882186785476789,-0.002736091388380176,-0.003604579299270327,-0.0020899892236221646,-0.0004196655096539822,-0.0003976412559805851,0.008271257083001887,0.0038343878289479826,0.004699851126958345,0.0021913286179352028,0.003566781140014672,0.0016137650162789117,0.003674495411281961,0.0018086545521199123,0.0032172920765773457,0.001620050110499724,0.011288916284612944,0.005544220712501048,0.0017158714837222522,0.0007168391876875059,0.0014734747726131516,0.0006271831226065986,5.5556931720102656e-5,-4.155400559876852e-5,5.815345194831751e-5,-3.634621648559912e-5,-0.009149105065617873,-0.005302191531455489,-0.0022212174225011132,-0.0013864659094313572,0.011254113587697961,0.00627935040852403,0.002108655806329923,0.0011333502321735174,0.0006577326341444117,0.000330351564591066
14.0,0.006044323466901327,0.003139752660636778,0.01335749673001998,0.006574412310165103,0.013568171279682626,0.006345846189871604,0.011984198123831884,0.005489771094728651,0.01052178356530076,0.004826442900074595,0.010278551556516179,0.004741219430764786,0.010184027159378854,0.00461560609726396,0.010018421091761842,0.00453107577036237,0.005067406091924865,0.0023969244177710924,0.010169502427086672,0.004834388362109886,0.010239370316655177,0.004815137722994747,0.010743548557402225,0.005050979882025173,0.010595381402163036,0.005019903755101068,0.011560402424328816,0.0054551261125039075,0.012823712100069646,0.006325879203016763,0.012900883264060263,0.006653155120928669,0.013219234733765246,0.006557605925538492,0.013473084842867555,0.0065158710844990825,0.009363516388180743,0.00537601080399594,0.008682833838662167,0.005142599414932627,0.013948129676580646,0.007324467473378451,0.014400359738149215,0.007840817880355282,0.01296251180586444,0.007166710412037012,0.013063541728178474,0.006900736618094159,0.014154740258367245,0.006708696957790777,0.012621643906625584,0.006162880018190261,0.013232832716730739,0.006428336385253524,0.009871277488222283,0.005061322649562787,0.008639499270889563,0.00453287852963701,0.01486787934466619,0.007405559580185053,0.007514602083293437,0.0034858838400895487,0.0071186162922026956,0.003462681202413432,0.006168801034330535,0.0038574072036775997,0.007300673498607799,0.004592293583855864,0.0165664356938567,0.009351952277982514,0.007966533465903737,0.004772710183376591,0.015273663392377568,0.007893849897079464,0.005653954506035831,0.003177380000536628,0.0015948409227472208,0.0008066058922124767
15.0,-0.00021018035734778217,4.423543507176601e-5,-0.0004265590266185799,0.00012555502600422133,-0.0006915980545814913,8.57597904473837e-6,-0.0007340871727665139,-5.3124350612942645e-5,-0.0006559141209097414,-6.564757406511427e-5,-0.0006448336266814391,-6.675609995111227e-5,-0.0006317772398810852,-7.239136114139156e-5,-0.0006193089730656743,-7.225209783197182e-5,-0.0002987885936118317,-3.278291822453297e-5,-0.0006667245821914673,-6.430479559891994e-5,-0.000661608389231554,-6.569079058195079e-5,-0.0006993445647731985,-7.567818161366245e-5,-0.0007033593863401656,-6.30705323963909e-5,-0.0007902676480725822,-5.757870331331954e-5,-0.001065909738323674,-5.251735905627271e-5,-0.0011533767892969809,-3.373529714845448e-5,-0.0009319257681503931,-4.361728856113668e-5,-0.0008457862146859239,-2.809391569703747e-5,-0.0008210218737015598,-9.46188126151494e-5,-0.0007380592562527072,-0.0001392315647657332,-0.0016136850231178558,6.470729239151324e-5,-0.002042008782732343,0.0002090695925408639,-0.0017087939569115393,0.00011013703627446254,-0.0012393095800825634,-3.153110110222987e-5,-1.2943293732525278e-5,-0.00021822640882649167,-0.0004369236180844385,-0.00013082566065632348,-0.0006780053364891423,-9.60209657552081e-5,-0.00033871244721644234,-0.00011577923877387767,-0.0002966155835279708,-0.00010442380917855546,-0.0011007058265134506,0.00032912718989073684,-0.0004688977334829025,-4.9413901702731175e-5,-0.0004666222493549409,-4.478251751829438e-5,-0.000543559763794498,-7.534631863646027e-5,-0.0006211857638989914,-0.00013380829778320976,-0.0029573756703531566,0.00044719396767185077,-0.001058710813614303,6.149018870702322e-5,0.0014641095397625876,-0.0003002088744579763,-0.00019446571354769066,-7.275644392399021e-5,-7.30739593761516e-5,-9.2681478334785e-8
16.0,-0.00021018035734778217,4.423543507176601e-5,-0.0004265590266185799,0.00012555502600422133,-0.0006915980545814913,8.57597904473837e-6,-0.0007340871727665139,-5.3124350612942645e-5,-0.0006559141209097414,-6.564757406511427e-5,-0.0006448336266814391,-6.675609995111227e-5,-0.0006317772398810852,-7.239136114139156e-5,-0.0006193089730656743,-7.225209783197182e-5,-0.0002987885936118317,-3.278291822453297e-5,-0.0006667245821914673,-6.430479559891994e-5,-0.000661608389231554,-6.569079058195079e-5,-0.0006993445647731985,-7.567818161366245e-5,-0.0007033593863401656,-6.30705323963909e-5,-0.0007902676480725822,-5.757870331331954e-5,-0.001065909738323674,-5.251735905627271e-5,-0.0011533767892969809,-3.373529714845448e-5,-0.0009319257681503931,-4.361728856113668e-5,-0.0008457862146859239,-2.809391569703747e-5,-0.0008210218737015598,-9.46188126151494e-5,-0.0007380592562527072,-0.0001392315647657332,-0.0016136850231178558,6.470729239151324e-5,-0.002042008782732343,0.0002090695925408639,-0.0017087939569115393,0.00011013703627446254,-0.0012393095800825634,-3.153110110222987e-5,-1.2943293732525278e-5,-0.00021822640882649167,-0.0004369236180844385,-0.00013082566065632348,-0.0006780053364891423,-9.60209657552081e-5,-0.00033871244721644234,-0.00011577923877387767,-0.0002966155835279708,-0.00010442380917855546,-0.0011007058265134506,0.00032912718989073684,-0.0004688977334829025,-4.9413901702731175e-5,-0.0004666222493549409,-4.478251751829438e-5,-0.000543559763794498,-7.534631863646027e-5,-0.0006211857638989914,-0.00013380829778320976,-0.0029573756703531566,0.00044719396767185077,-0.001058710813614303,6.149018870702322e-5,0.0014641095397625876,-0.0003002088744579763,-0.00019446571354769066,-7.275644392399021e-5,-7.30739593761516e-5,-9.2681478334785e-8
17.0,-0.0003886287510408926,0.00015641813642832845,-0.0009308701818222933,0.0003877522332265002,-0.00014343216982199027,0.00020339723052618087,0.00023248905106412876,0.00012117976954630937,0.00024627148000157,0.00010150479928585725,0.00025120208980141664,9.819116129926971e-5,0.0002393578800251622,9.725441524354467e-5,0.00023073552010185265,9.629200492756856e-5,6.671834960416221e-5,5.798131567228928e-5,0.0003115026542949194,9.000484066583919e-5,0.00029300661207720934,9.29920755783137e-5,0.0003279565193148323,9.604549782076201e-5,0.00034500119581578427,8.975192000212331e-5,0.00042757133414656037,8.782898966382049e-5,0.000929127427448221,2.138197325248772e-5,0.001118717592299494,-2.3919937599690594e-5,0.0005992974682690931,6.469151532322941e-5,0.0003187454524656658,0.000119154685213702,0.0007933694264672815,5.345772318445093e-5,0.0007100036800057078,0.00010354631316691716,0.001982078377857636,-0.00022917941781713528,0.0028212656925285153,-0.0004969521961049302,0.002275401850831919,-0.0003197585344773924,0.0012906462337214143,-4.625012801847794e-5,-0.0010521212161898011,0.00039900238070705087,-0.00018737306008708408,0.0001813767699664684,0.00017879281836304575,0.00012447155138712768,-0.00013823595683085053,0.0001163412774462495,-0.00012210809699251157,9.963235426456852e-5,-0.0019609871983659274,0.0007129339595708595,0.00018346664078914039,7.140541649221956e-5,0.00021786995658809092,6.359915648556757e-5,0.0005248607224488588,4.670060511319277e-5,0.000596398716188568,0.00010328728314120283,0.004482079003046672,-0.0009302222273026769,0.001406496209722238,-0.0001972717614765461,-0.0018665482890944192,0.00041259383110545117,-8.216034796353083e-5,6.596123825790357e-5,-4.682453485787396e-5,2.7914459474847185e-5
18.0,-0.0003886287510408926,0.00015641813642832845,-0.0009308701818222933,0.0003877522332265002,-0.00014343216982199027,0.00020339723052618087,0.00023248905106412876,0.00012117976954630937,0.00024627148000157,0.00010150479928585725,0.00025120208980141664,9.819116129926971e-5,0.0002393578800251622,9.725441524354467e-5,0.00023073552010185265,9.629200492756856e-5,6.671834960416221e-5,5.798131567228928e-5,0.0003115026542949194,9.000484066583919e-5,0.00029300661207720934,9.29920755783137e-5,0.0003279565193148323,9.604549782076201e-5,0.00034500119581578427,8.975192000212331e-5,0.00042757133414656037,8.782898966382049e-5,0.000929127427448221,2.138197325248772e-5,0.001118717592299494,-2.3919937599690594e-5,0.0005992974682690931,6.469151532322941e-5,0.0003187454524656658,0.000119154685213702,0.0007933694264672815,5.345772318445093e-5,0.0007100036800057078,0.00010354631316691716,0.001982078377857636,-0.00022917941781713528,0.0028212656925285153,-0.0004969521961049302,0.002275401850831919,-0.0003197585344773924,0.0012906462337214143,-4.625012801847794e-5,-0.0010521212161898011,0.00039900238070705087,-0.00018737306008708408,0.0001813767699664684,0.00017879281836304575,0.00012447155138712768,-0.00013823595683085053,0.0001163412774462495,-0.00012210809699251157,9.963235426456852e-5,-0.0019609871983659274,0.0007129339595708595,0.00018346664078914039,7.140541649221956e-5,0.00021786995658809092,6.359915648556757e-5,0.0005248607224488588,4.670060511319277e-5,0.000596398716188568,0.00010328728314120283,0.004482079003046672,-0.0009302222273026769,0.001406496209722238,-0.0001972717614765461,-0.0018665482890944192,0.00041259383110545117,-8.216034796353083e-5,6.596123825790357e-5,-4.682453485787396e-5,2.7914459474847185e-5
19.0,0.0027305332879075358,-0.003477383610779493,0.0058920574954303626,-0.0081239924805601,0.005086037791616084,-0.005921525831470682,0.004041228329232954,-0.0040825435575458984,0.003431163804836283,-0.003252135678554959,0.003348007134644493,-0.003159454306278783,0.003246081553919266,-0.0029145277049681317,0.0031862863422157553,-0.002832789206990358,0.0017095596979905632,-0.0015640933475766375,0.0033833415421013905,-0.003333720476811128,0.003377370622577347,-0.0032759899114030953,0.003475386929561915,-0.0033105987582985282,0.0035331656254367428,-0.0035335272205064623,0.003898105796208615,-0.0040539460814454364,0.0044223825304130346,-0.005081355172346261,0.004594975021189876,-0.0057206653186645685,0.004729847449051188,-0.005723555367753287,0.00486623155606684,-0.005747443396223087,0.0030271255231988526,-0.0036835681081712327,0.002411136982126387,-0.0028052517855713553,0.005633146562354707,-0.0076265475955522,0.006736436151077474,-0.009932036556813656,0.005684274765366177,-0.008194404376115131,0.004688601575654585,-0.005996274181623924,0.006099021648382943,-0.008917176407003062,0.004623764682087251,-0.005850163704832368,0.004682105301282138,-0.005649920154412676,0.003349485456935152,-0.0039202551841878595,0.0029584730743296666,-0.0034115479569513064,0.007390272027853379,-0.011595392943366282,0.00240539064065063,-0.002360369898233385,0.002381734473891844,-0.0024754409925490006,0.0020153032181340173,-0.0025854769848791684,0.0019488032706627624,-0.00233667353633413,0.009604565789720262,-0.014540521894703236,0.003553586282832636,-0.005612458944252057,0.008704641778555554,-0.012377730468296657,0.001992049341698298,-0.0023663084773473918,0.0006411631488178048,-0.0006830381475891664
20.0,-0.0017580495737265643,0.00258418444859761,-0.003919818612204231,0.006190400468179858,-0.0020114176662162364,0.0026082860763711217,-0.0009004324681956906,0.0008021761501442129,-0.0006755229997951984,0.000499437397168191,-0.000635769452946897,0.00044690522731250567,-0.0006391550490025473,0.00044056491568506527,-0.0006378860568040918,0.0004446397971961971,-0.0004547067487142796,0.0004275218452901738,-0.0005036598292449691,0.0002499659500596259,-0.0005473597608585131,0.00031338459952793993,-0.0005223318967078991,0.00024411421837306703,-0.0004825021763289004,0.00019792011169939003,-0.0004237761290332514,6.475867643846795e-5,0.0004841345204672558,-0.0014799340920065966,0.0008785671221973462,-0.002198042001807943,-0.00029527488884402593,-0.0002081211658879555,-0.0009496615713138376,0.0008583651901928177,0.0005394609273913568,-0.0014715396905521745,0.0003719358537840248,-0.0011725851087876283,0.002778263026889307,-0.005305392655022806,0.004806576291588058,-0.008724423773132869,0.0036361392558442902,-0.006741087760950095,0.0012471894941692234,-0.00282529972399641,-0.00418795029867184,0.007369152317516207,-0.0019113524567650596,0.0028829947063687754,-0.0011860568809441462,0.0014177911604754756,-0.001369691982200234,0.0019520510227014872,-0.0012116348241092301,0.0017017083731461935,-0.006001281824134915,0.010431797529074287,-0.000457962669654297,0.00033424276736315804,-0.00035347978350733125,0.00018745555960648994,0.0003637524826386104,-0.001039628689024316,0.0002895241388694979,-0.0009933935797499017,0.008962970318617768,-0.014835594364173458,0.0022852814766944987,-0.004612730825910801,-0.00812234143052305,0.01232689288742161,-0.0008197038683753473,0.0011816695934013727,-0.0003198169769436078,0.0004098803430651617
21.0,0.00014650657666350365,-0.0023679794851284,0.00023495685661839572,-0.005480879739174693,-0.00011816715537552383,-0.003096505713673977,-0.0002763349370872043,-0.0018187664720069729,-0.00027996652540074503,-0.0014420178734572621,-0.00027574641450951384,-0.001389997059237552,-0.00029121693094737514,-0.0013254655702183474,-0.00028788540863279935,-0.001301803223985386,-0.00011003661935799023,-0.0008028741069240413,-0.0002609993976753506,-0.0013442736822102202,-0.0002682231623267091,-0.0013598700552202763,-0.0003004128643918011,-0.001361719276214903,-0.0002722052963192532,-0.0013812760079316391,-0.00029188057158014043,-0.001473338192511467,-0.00034394880675362415,-0.0010782830837580064,-0.00033723114911437223,-0.0009275350986697652,-0.0002542957484569022,-0.0013330013303020048,-0.0002154566653312165,-0.00199759375661524,-0.0002701430805407776,-0.0006658276773214261,-0.0002856279854823818,-0.0005704232196171422,-0.0004173051664854155,-0.0005100529624281498,-0.0004746936508627127,-7.898342876144424e-5,-0.0004132556683682821,-0.0002263624759829691,-0.00036275072331462196,-0.0008300875704041985,0.00011062934779839176,0.0008551510553915841,-9.046213278103565e-5,-0.0002019811927022777,-0.0001846772452160448,-0.000713615633857973,-7.567907804124051e-5,-0.00014904394921936995,-6.559232332258545e-5,-0.00013171593159037659,0.00791958523911809,-0.017644006029763983,-0.00021093946826250456,-0.0010345679291042995,-0.00017672646372965048,-0.0009862500091441038,-0.00017422115269158638,-0.0004755878366174489,-0.0002443815339808258,-0.0004954911400125222,-0.000654623861580857,0.0005879278114883299,-0.00025170817025298945,-0.0001525963307390829,-0.008355775345884352,0.012229558577454565,-4.1532971044485646e-5,-9.225742955894682e-5,7.081348893909048e-6,-0.00044114183377231506
22.0,0.00038926410702746627,-0.0009211810727823303,0.0008869626948909245,-0.0021354733160342653,4.67140234484782e-6,-0.0014571281120444304,-0.00021873548113361625,-0.0009498034258223989,-0.0002242433491205691,-0.000769269595882536,-0.0002242236898242203,-0.0007460284107440398,-0.00022608280989956452,-0.0007078434077564024,-0.00022043595624350758,-0.0006930014828417947,-5.93332877962895e-5,-0.00039635507837146035,-0.00024212756733654777,-0.0007470448838379792,-0.00023796476346210112,-0.0007472671411783981,-0.0002686025331266416,-0.0007583367382037605,-0.0002610992089583328,-0.0007757684919301761,-0.00030386724261652516,-0.0008476312669488636,-0.0005318221600298407,-0.000821390705025795,-0.000601968647946946,-0.0008205020638053605,-0.0009240440024391903,-0.001172279367644871,-0.0005804724244696726,-0.0012785641133130435,-0.0004524631575869084,-0.0006082593875493277,-0.0004424789784664594,-0.000537052357761952,-0.00038040937867356257,-0.0005605084146121493,-0.00012452616064504706,-0.00029426391278322564,-0.00020183912573216306,-0.00036336681559403535,-0.0005582963060807452,-0.0007604790728006906,-0.006307545431289898,-0.0032027997485446036,-0.003301314110380609,-0.0019948144553512477,-0.0022688999665298215,-0.0016357742353344863,-0.0025893902042129985,-0.0016038406641005346,-0.002262678759404904,-0.001434973689072261,0.010481145268049587,0.0056622003445232745,-0.00016853197381829863,-0.0005551183247994047,-0.00016612780162460433,-0.0005473900782995453,-0.00029466379511006434,-0.00043656397013123603,-0.00037337908010192603,-0.00047106428006561755,0.00024108094730808589,0.00011941090721799563,-0.00012088718266323104,-0.0002469573489296628,-0.018738172370780713,-0.015235211250325384,-0.0014721727053772444,-0.0010128220376395818,4.81871315503286e-5,-0.00018198965074498543
23.0,-0.0046279509555048415,-0.003063595676618047,-0.010693400441084315,-0.0067507073293296025,-0.007185240444397883,-0.004043794186704871,-0.004680395429845481,-0.002353006764939892,-0.003912554340111299,-0.0019256117549868782,-0.0037718608484219956,-0.0018574818793651042,-0.003782273232656194,-0.0018336965114061304,-0.0037431025491110235,-0.0018142068841236285,-0.0021170663240362123,-0.001129450665116236,-0.0034350894860874495,-0.0016992778333404564,-0.0035558804826583555,-0.0017539079037243843,-0.0036311306596864094,-0.0017724762181070535,-0.0034836428830351137,-0.001702178278486526,-0.00356312108251333,-0.0016953402517727112,-0.0018017452872175256,-0.0006028810029462468,-0.000969656914000355,-0.00012582847427678557,-0.003551318609137969,-0.00175990141401577,-0.004984845503778,-0.0026422710165259,-0.0006862158311253796,-0.00014887853353616397,-0.0006162425503362847,-0.00017607267299245033,0.002274352106839415,0.002080753514925473,0.005506899834739099,0.004367797291118849,0.003920461057027913,0.0032632819124653605,-0.0002655118130810629,0.0003654329254676723,-0.011715716343805475,-0.007129329361551793,-0.006977237858218763,-0.004067410271369787,-0.005535549747958198,-0.003054614661661774,-0.005467795454615534,-0.00328376024475453,-0.0047784284391994974,-0.0029397002471841585,-0.01596848052792952,-0.010499578058705543,-0.002751973810176395,-0.0013749753554175566,-0.0023958570779748292,-0.0012238749108231487,-0.0004512610247123941,-0.00011264881216325971,-0.0005114011397087305,-0.00016682013195610488,0.010899545718011753,0.008657205145401269,0.002378672991529335,0.0022088997399655917,-0.015240945659536516,-0.011129514168126901,-0.003110100708954576,-0.0020756780156040147,-0.0009671153059472111,-0.0006118550257689774
24.0,-0.0063993937858434925,-0.003891592807610681,-0.014154879028104082,-0.008216282123487047,-0.01453263809595654,-0.0077844426821917145,-0.012900919971498679,-0.006657525335711869,-0.011334210612243635,-0.00582695260170955,-0.01107119088458003,-0.005723219280878619,-0.010979043396677839,-0.005549287252045816,-0.010801597156044897,-0.005443315722735253,-0.0054490666860864435,-0.0028888964580861655,-0.010946540749228538,-0.005855337639506464,-0.011025052354011695,-0.005824485047792156,-0.011580210310183775,-0.00609283790826036,-0.011409821057730338,-0.006086860817466046,-0.012457485644709512,-0.0066367119843894155,-0.013856857447997396,-0.007770557231307095,-0.013941386985925388,-0.00823032901329218,-0.014238959663135322,-0.008071430468612653,-0.014486049838476695,-0.007999365687511334,-0.010093450290745376,-0.006604400659026447,-0.009376082364555928,-0.006233565593013957,-0.015085010993482612,-0.009255345780069,-0.01554984489845185,-0.010156344806200984,-0.013993875012467624,-0.009182442873306827,-0.014130445215676338,-0.008553083397862014,-0.014989737843162673,-0.008423524524608768,-0.013509991848345296,-0.007568115405795863,-0.014220445670022008,-0.007875686076365615,-0.010576904434576349,-0.006139740082563633,-0.009244288870079094,-0.005500343250569487,-0.015605044775951114,-0.009502319056567806,-0.008079209623283857,-0.004238502055553433,-0.007632211244785181,-0.0042243528130285245,-0.006611744304011436,-0.0047942750907747755,-0.007832888388104794,-0.005580119755564974,-0.017825536757521018,-0.01247285185399488,-0.00850851073029202,-0.006204827098164681,-0.01590122771405959,-0.009969181835064827,-0.006018559965555188,-0.0038861675279241725,-0.0016991894707872421,-0.0009937125531234903
25.0,0.008440868301555295,0.010668239171354904,0.018715060122597306,0.02233063518958284,0.02035961821001451,0.020777338828028014,0.01848850219324417,0.01777071901290219,0.016255909331725094,0.015635881712688534,0.015848744037220676,0.01541878912750502,0.015846907047389565,0.014708960724519857,0.015612001308250169,0.014377995940443082,0.007800646397932664,0.00787846129995371,0.015535419239301565,0.01602699928724771,0.01570265606339389,0.015845294238170417,0.016631445153279294,0.016354052140576517,0.016255575186026307,0.016625633428507924,0.017859189101620213,0.018108216673974015,0.020092981401589636,0.021781386758187304,0.020149190032028478,0.023581521218348733,0.02038816928991507,0.022411996754867144,0.020624068221049743,0.021793610994297965,0.014228028558123891,0.019501364854887737,0.01337573287775241,0.01767281724928514,0.021587487384839316,0.028094991743160335,0.02165044890783532,0.032904994733374535,0.019455110452409607,0.029442474280750842,0.02048304651493554,0.024669367137717762,0.019775593198537687,0.023076958022038116,0.018851268154251904,0.020483405122382854,0.020237794940848867,0.021333211254121298,0.014785660939013732,0.016651491901285526,0.01274063491929441,0.015239049599902521,0.01946990176495835,0.02680952195850752,0.011240930472737798,0.01228968700405668,0.010307771093761185,0.012489056037628786,0.008811926992274158,0.015614110168295102,0.010449458313246781,0.016266368013914144,0.023840994606464872,0.04249409024128167,0.010306534663927306,0.022778363390246963,0.018984963337178317,0.026858070016754297,0.007815434473746226,0.01180183247322517,0.0023726804318129928,0.003134149454177799
26.0,-0.008315644285902334,-0.01380925633408365,-0.01920667089531878,-0.0297865253770627,-0.01517517002520652,-0.01899066965866901,-0.0113707787998449,-0.012315462624696119,-0.009716396128648348,-0.010442692097565997,-0.009394918084194313,-0.010190945635807924,-0.009480742890250167,-0.009830188853721238,-0.009378347045602649,-0.009671412859092109,-0.00502995222408257,-0.006177348565534042,-0.008760976627564159,-0.009857751523056185,-0.009005021536159999,-0.009972563297924552,-0.009405241986019526,-0.01002757473790648,-0.009040751088130489,-0.009964530694483432,-0.009612609410360705,-0.010209444831451085,-0.007725354720556136,-0.007188196084645601,-0.0065505113588770715,-0.00594415851188093,-0.010094185484993395,-0.011281831897459784,-0.01219067833042849,-0.014216013831228117,-0.00425608587520211,-0.005319947664185009,-0.0036371921674696744,-0.005055173525210176,-0.0027698753751423514,0.0004683750590108002,0.0012113180420442384,0.007208869806672127,-0.0002503331368660589,0.004434643465689837,-0.0057469105783308685,-0.004511921200490409,-0.019589656268451085,-0.030719796943472336,-0.013853672630449346,-0.018952172455004454,-0.012532332455406919,-0.015395049757949534,-0.010889165466998047,-0.015576401412094052,-0.009313336161876053,-0.014386899423401725,-0.02708496764034016,-0.04830585617457423,-0.006570165477271694,-0.008309962153503223,-0.0056913170173915765,-0.007863709524643304,-0.0025926774926729635,-0.004379670994976375,-0.002333948541960767,-0.004993345260603155,0.006889805702574393,0.018639442379131052,-0.00031488490685570064,0.003668555919629795,-0.02013930381343736,-0.04088500919233119,-0.00551804704171497,-0.011505031611290583,-0.0019913473117324503,-0.003586776398655732
27.0,0.001963534400968882,0.007717207448809009,0.004452783626609003,0.01653554112126758,0.005628010454548549,0.012250422821624144,0.005093180384284762,0.008912832461466798,0.004481385560401421,0.007698835946032701,0.00435321011722111,0.007562733218643177,0.004416661926521094,0.007201332332179348,0.004363162263332506,0.0070510965297013155,0.0021662073793635,0.004226776114604869,0.004165015989003658,0.007634433446688269,0.004248368025680275,0.007613922549203918,0.004537999013557594,0.007709758690093212,0.004359476221693259,0.007807854694917745,0.004774740908143915,0.00824298605348942,0.005060818767690309,0.008008136360168821,0.004908783076647126,0.008021134369455557,0.006259900978830364,0.010475491644875863,0.006118275076241171,0.01113274645640704,0.003468090267882673,0.006770794343187133,0.003351561508082329,0.006068324384627466,0.0037595605482151915,0.006118102128104538,0.002292863656962886,0.004194271628827519,0.0025341426434571427,0.0047016831273653265,0.004700821992149929,0.007591157584504018,0.01724218769541712,0.026609584846058312,0.010991908995391075,0.01675860804774958,0.009145665594069567,0.01382089128939652,0.008651201468154658,0.013860297631396625,0.007368389626720079,0.01285849841911021,-0.002760975922202161,-0.001466948205570557,0.002976385458712164,0.00628060733761603,0.002585484471928238,0.006241096687913935,0.0020612307136933777,0.0056358672958336745,0.0025637350987911915,0.005625454355344344,0.000494943245222811,0.0011886775391709405,0.001211075936353595,0.0038394192350737367,0.027667149367333874,0.06728637766475638,0.0042774143054195475,0.010433217619338814,0.0006545083668050743,0.002167526282283045
28.0,0.0008995332965701794,0.011049871212415619,0.0023905265530009146,0.0246172567114706,0.002126341007301756,0.01177155871191157,0.001835320334433882,0.005356827118324698,0.0016307610614055982,0.004195307098987174,0.001576508621336382,0.004003895180205293,0.0016343862391851743,0.003925131802430623,0.0016249768759066877,0.003906684082832343,0.0008693007362316593,0.003169555851807269,0.001435319545791738,0.0033247697302885835,0.0014900728375035878,0.0035449350392806854,0.0015796564475276825,0.0033485961429180256,0.0014833130268083006,0.003166756003478619,0.0015730707425115193,0.0027558205060214933,0.001225022140882875,-0.0025164868174799063,0.00104900997859401,-0.0048805803623537,0.001117086682941718,0.0010967388776014415,0.0015459749808433422,0.005152017374600476,-0.0008749841642898757,-0.0029334559941760516,-0.0026140473706905668,-0.0016222347248744,0.002133224895747853,-0.014069218843735314,0.003579742554062045,-0.023992726377247975,0.002745219043873217,-0.019327130005929366,0.0012197881532599365,-0.006929219798606567,-0.002294258571707615,0.014581541864323401,-0.00030356840180207294,0.006861121795248102,0.0003855344007261581,0.004150281051541358,-4.0866240115437954e-5,0.0054868561989561086,-8.76299167807829e-5,0.005094700550511727,-0.003088954184489247,0.0635669023235207,0.0010488294811352079,0.0033605469239059724,0.0008607498271305472,0.0027482568437662497,-0.0005005277075867109,-0.002457293122263984,-0.004604691037629961,7.279194677321457e-5,0.007294840115559189,-0.04061595686770936,0.0023565453770003375,-0.016468897248331806,0.0006024504066797552,-0.0030037217192612673,-0.0002061884854145639,0.004213438738183247,0.00034176431853643246,0.0025886032697858717
29.0,0.0017785593383432404,0.008500357105899943,0.0038671624952004227,0.01719480079255585,0.005638187213380641,0.019085909295416464,0.005793891536504933,0.017996742393164383,0.0052115737484571805,0.016111836780680767,0.005056029922331356,0.015993467793475147,0.005248815127704329,0.01500622130620519,0.005199957273985385,0.014598271737382597,0.0025095861030233492,0.007855564297223153,0.004748444217546244,0.01716839613240871,0.004884372261967562,0.016789346187002056,0.005362260728134028,0.017238364616099792,0.005006207327967041,0.017857689425786954,0.005530352780333624,0.019628855324628623,0.006193437880882419,0.026056619754514742,0.005922970469716555,0.029376567000082916,0.005788361380118446,0.024661262947211902,0.00588456691704295,0.02246058733963537,0.009430062906442516,0.021075388132782952,0.014857096735589003,0.01564505119656142,0.002652198930608734,0.041296992445430086,-0.0019334693904761576,0.05458834882277922,-0.00026835655422351986,0.04735934137918215,0.005489218965056001,0.031973918869535586,0.0015747277296365508,0.01244814103116076,0.00406096376891919,0.016460122420201433,0.0052699712456264905,0.02001081066784381,0.0034626412905589144,0.01340198431569879,0.0028689572778632403,0.012460398716411752,0.0003374511563275723,0.026663845741535876,0.003300220171236788,0.01346525440599758,0.002630295196772998,0.014306993800385368,0.0055274961354999695,0.017679300125469675,0.019948949512206746,0.00935123852595972,-0.010677648381155183,0.07751347986532994,-0.0022297679283055775,0.040144877553714084,0.0017083273055182857,-0.0017690548034313626,0.0014296652496987624,0.010270381515499041,0.0007117086897045741,0.0030223571485385875
30.0,-0.00012790677431642107,-0.017902778949432232,-0.0002943122998163925,-0.0385205442763141,-0.004724004889169907,-0.02682801653603554,-0.006021823879522067,-0.019078080725333388,-0.005541585520886039,-0.016473407965520062,-0.005405555138878633,-0.016186613911829534,-0.005578926840852417,-0.015367887956331282,-0.005517132556751973,-0.01504547486396672,-0.002567853633752242,-0.009276531435761516,-0.005252055410380574,-0.01630787540347916,-0.005339267573495843,-0.016269602826995418,-0.005874794380699077,-0.016378744344998197,-0.005583273281358111,-0.01662276026895846,-0.0062938316632038934,-0.01742776066192464,-0.008152531463060372,-0.016252363526221718,-0.00845637655327281,-0.016001170346943712,-0.007276861222785094,-0.020716653113992782,-0.006470338572599313,-0.02297597102697481,-0.013371389207674297,-0.008664865397610516,-0.020704304589033058,-0.003506319829676182,-0.007036528529904922,-0.01437635425800018,-0.004968405522756098,-0.012857013488710038,-0.005090931950268381,-0.012885460952903674,-0.008236392354602488,-0.015633546904531732,-0.002314478028383158,-0.04498493968533351,-0.0053376050378974044,-0.029196941662867078,-0.00665632895245203,-0.02502444959462476,-0.004733870239449023,-0.02387757242257831,-0.0038575752246656917,-0.02227294642256629,0.0028521144892529765,-0.04970681217837814,-0.003514195527758283,-0.013712537590781207,-0.002962675350307646,-0.013658693870660118,-0.008061092299057788,-0.007339459323919941,-0.02946776849055801,0.004647323356898932,-0.0025799166362188474,-0.010738108528721325,-0.0021755144596273075,-0.010810535075980919,0.007708655591076278,-0.06981012177031574,-0.001722999516926651,-0.01855298479631121,-0.0005740500349138339,-0.0050807979630405516
31.0,0.0027138045905534688,-0.01814906649078475,0.005720711685703105,-0.03835577643425831,0.0045397324346704475,-0.03204768213418485,0.003368802845794775,-0.026023396012795817,0.002701039106999552,-0.02286668111326286,0.0026994900348157854,-0.0226200768820576,0.0022378814683048837,-0.02115758095184081,0.002127598493108786,-0.02060110632064201,0.0011381011776069557,-0.011876003513211815,0.003276855261869948,-0.023816679108198964,0.0030687062342290706,-0.023418729599700896,0.00291159087754011,-0.02368897832518014,0.0034431985805025438,-0.02454835453065401,0.003954451951113061,-0.026473472179711896,0.006035305515357897,-0.031182555620434087,0.007228193435928773,-0.03408399204429369,0.005734546305129215,-0.03318420964631933,0.005139430110704311,-0.03257194264713209,0.01567333723371977,-0.035862455209013384,0.025587273686735943,-0.03777779886051978,0.00749555738534384,-0.037879282283905615,0.008539438287579186,-0.04293121349332754,0.007305727820324981,-0.039340108946087825,0.0067740971901528385,-0.034674239015020585,0.004717006199164645,-0.04171298877877708,0.003360120772582894,-0.032945025728850205,0.004076958886331431,-0.03255278245928211,0.0016201996650229203,-0.02675631480865983,0.0016679818214681875,-0.02503886111780161,0.007500665900686141,-0.04812207704695423,0.002409000448287716,-0.019561006188226066,0.0031104669145863204,-0.020555615357722053,0.009999604916363668,-0.03051798514345508,0.04197139696601853,-0.04777947079182138,0.011911839446208229,-0.052299430574685814,0.00578983957738195,-0.03439172715167144,0.01023186285864488,-0.05516927647029907,0.0018340409542453543,-0.021179819443015085,0.00030472028824709766,-0.005656184683186493
32.0,0.0006127827009277173,-0.0003385314997431663,0.0018968050484018013,-0.0008027044670882213,0.002310593466962844,-0.0007950601271246904,0.0034607074488877602,-0.0013406117128526179,0.004500532584423762,-0.0017992027979715592,0.004738597036876068,-0.00193949621030398,0.004445939311446152,-0.001661997389214045,0.004273042806954476,-0.0015589346717940478,0.001656819196662775,-0.0006697845966424595,0.0030707131221695133,-0.001833239874010963,0.003629099927911789,-0.0018613215114498059,0.003386718433631302,-0.0017007982490640644,0.0030524398054961608,-0.0016923315623560708,0.002931572127748421,-0.0013557939763684421,0.0017551370028274242,-0.0006299927068581829,0.0012075716268492417,-0.0003509540818332755,0.0015096021758029075,-0.000463100610746908,0.0018235387380027047,-0.0005781220434484063,0.00044215142468268816,7.683766701052481e-5,0.00045884462471712734,6.882063717252006e-5,0.0008248010027232999,-0.0002615931685186608,0.00040856714949641946,-0.000197470340748461,0.00010223114025724156,-0.00011465862301658494,0.0010478834715263144,-0.00030287419101218265,0.0018636128778613194,-0.000756158553974921,0.0013162868356664343,-0.0004660784534898077,0.0014255785586508932,-0.0004403202237501862,0.0006879115083671299,-0.0003137034680291998,0.00047892946918084094,-0.00028270651217675253,0.0020126769060306153,-0.001012048349559513,0.010187177760831261,-0.0033727553365189536,0.00025187415804254587,-0.0025150425398809324,-0.00023679429271007698,0.00038846334573694604,0.00047287400130850563,1.882099068318208e-5,0.00043286649987700054,-0.00024674863767601326,-0.0015109745099575298,0.00018587885037646147,0.00207531295696969,-0.000975081164415248,1.971161669137685e-5,-0.00023471876955510806,-0.00018878071047444343,-8.570773763485059e-5
33.0,0.0006127827009277173,-0.0003385314997431663,0.0018968050484018013,-0.0008027044670882213,0.002310593466962844,-0.0007950601271246904,0.0034607074488877602,-0.0013406117128526179,0.004500532584423762,-0.0017992027979715592,0.004738597036876068,-0.00193949621030398,0.004445939311446152,-0.001661997389214045,0.004273042806954476,-0.0015589346717940478,0.001656819196662775,-0.0006697845966424595,0.0030707131221695133,-0.001833239874010963,0.003629099927911789,-0.0018613215114498059,0.003386718433631302,-0.0017007982490640644,0.0030524398054961608,-0.0016923315623560708,0.002931572127748421,-0.0013557939763684421,0.0017551370028274242,-0.0006299927068581829,0.0012075716268492417,-0.0003509540818332755,0.0015096021758029075,-0.000463100610746908,0.0018235387380027047,-0.0005781220434484063,0.00044215142468268816,7.683766701052481e-5,0.00045884462471712734,6.882063717252006e-5,0.0008248010027232999,-0.0002615931685186608,0.00040856714949641946,-0.000197470340748461,0.00010223114025724156,-0.00011465862301658494,0.0010478834715263144,-0.00030287419101218265,0.0018636128778613194,-0.000756158553974921,0.0013162868356664343,-0.0004660784534898077,0.0014255785586508932,-0.0004403202237501862,0.0006879115083671299,-0.0003137034680291998,0.00047892946918084094,-0.00028270651217675253,0.0020126769060306153,-0.001012048349559513,0.010187177760831261,-0.0033727553365189536,0.00025187415804254587,-0.0025150425398809324,-0.00023679429271007698,0.00038846334573694604,0.00047287400130850563,1.882099068318208e-5,0.00043286649987700054,-0.00024674863767601326,-0.0015109745099575298,0.00018587885037646147,0.00207531295696969,-0.000975081164415248,1.971161669137685e-5,-0.00023471876955510806,-0.00018878071047444343,-8.570773763485059e-5
34.0,0.0014333036804181779,-0.0022018884491355846,-0.00015227590742088746,-0.0021220042139975578,-0.0007952625044975923,-0.0019566883872227992,-0.0012412549191621943,-0.001703946102113264,-0.0014763194411433985,-0.0015015548771436526,-0.0015708835368986975,-0.001444022280841885,-0.0013596356113469558,-0.0014999502425415685,-0.001233648700477063,-0.0015342231834778726,0.0009084854704917918,-0.001952268605272644,-0.00095907323248569,-0.0016442683897331656,-0.0011681262770801518,-0.0015776623075526106,-0.0011487945235264126,-0.0016309023675382312,-0.0010220310757028924,-0.001678097885774315,-0.0011408918972321696,-0.0017708347224450049,-0.0012187574667445289,-0.0020754142128071437,-0.0011856994713283946,-0.0022386551605585903,-0.001009385160407412,-0.0021518571733994043,-0.0009446439885339627,-0.002072782127798265,-0.0012743539918420766,-0.0032581297227621464,-0.0021667355488382578,-0.002883056965134566,-0.0011800516303665837,-0.002036955209686551,-0.0010839322738347263,-0.0018469475989749018,-0.0011068239128560126,-0.001738214979881098,-0.0012116606560869329,-0.0021793652103418814,-0.00021514347636423506,-0.0021101579728779987,-0.0005328042730219735,-0.0021694585397418614,-0.0007961674334721733,-0.0021395061007699807,-0.0002808640362805887,-0.002220985654917466,-0.00014110381269586482,-0.002249486049429738,3.5004080666300536e-5,-0.002156348265688077,-0.003911720664292414,-0.000489417839774753,0.0004623247725466824,-0.001571007637333374,-0.00022867442098224827,-0.004028667091706325,-0.0029699610104500836,-0.0025608600239158644,-0.0009198642821661243,-0.0017551074631055033,-0.0009781020970525364,-0.0010746197916373633,-1.130392419554354e-5,-0.002099548646768237,0.00019026661141776722,-0.002276572941088581,0.002371904022071883,-0.002166142794731722
35.0,0.0014333036804181779,-0.0022018884491355846,-0.00015227590742088746,-0.0021220042139975578,-0.0007952625044975923,-0.0019566883872227992,-0.0012412549191621943,-0.001703946102113264,-0.0014763194411433985,-0.0015015548771436526,-0.0015708835368986975,-0.001444022280841885,-0.0013596356113469558,-0.0014999502425415685,-0.001233648700477063,-0.0015342231834778726,0.0009084854704917918,-0.001952268605272644,-0.00095907323248569,-0.0016442683897331656,-0.0011681262770801518,-0.0015776623075526106,-0.0011487945235264126,-0.0016309023675382312,-0.0010220310757028924,-0.001678097885774315,-0.0011408918972321696,-0.0017708347224450049,-0.0012187574667445289,-0.0020754142128071437,-0.0011856994713283946,-0.0022386551605585903,-0.001009385160407412,-0.0021518571733994043,-0.0009446439885339627,-0.002072782127798265,-0.0012743539918420766,-0.0032581297227621464,-0.0021667355488382578,-0.002883056965134566,-0.0011800516303665837,-0.002036955209686551,-0.0010839322738347263,-0.0018469475989749018,-0.0011068239128560126,-0.001738214979881098,-0.0012116606560869329,-0.0021793652103418814,-0.00021514347636423506,-0.0021101579728779987,-0.0005328042730219735,-0.0021694585397418614,-0.0007961674334721733,-0.0021395061007699807,-0.0002808640362805887,-0.002220985654917466,-0.00014110381269586482,-0.002249486049429738,3.5004080666300536e-5,-0.002156348265688077,-0.003911720664292414,-0.000489417839774753,0.0004623247725466824,-0.001571007637333374,-0.00022867442098224827,-0.004028667091706325,-0.0029699610104500836,-0.0025608600239158644,-0.0009198642821661243,-0.0017551074631055033,-0.0009781020970525364,-0.0010746197916373633,-1.130392419554354e-5,-0.002099548646768237,0.00019026661141776722,-0.002276572941088581,0.002371904022071883,-0.002166142794731722
36.0,-0.001249753454881623,0.001980871568858151,0.00017626726554962997,0.0021245993872618324,0.0008513160182868377,0.002061606561776049,0.0021712597839103807,0.0019911262349242083,0.002507334903309928,0.0019799094998425946,0.0026216234117490095,0.00196934258339111,0.0023924260973695317,0.001964800821566935,0.002244959437787254,0.001966667052435812,-0.00032617143523341744,0.001925752882038139,0.003840810318283663,0.0017224234378053513,0.0034285809761336722,0.0018111677231164645,0.0035385872998900908,0.0018458231168476346,0.003427438619261844,0.0017963214643237058,0.0024303164945537483,0.001956357043869637,0.0007031419288661808,0.002206385777796672,-9.99247840588989e-5,0.00236698609272709,0.00021336210848229724,0.002250355749393028,0.0004711330709053923,0.002170300535376927,-0.0003948623655767406,0.0025488911548348517,4.5773199385562175e-5,0.0023041804050208847,-0.0009554148648346043,0.002541827472261208,-0.0018794813316623477,0.002807911460834294,-0.002299403143262635,0.002759389759607532,-0.0003843508152441157,0.00240991508282836,0.00017136613250107592,0.0021434151260995783,0.00026327945052635494,0.0021654299739390986,0.00027593784572989266,0.002177705885237111,0.00026276301459696844,0.002127683445317611,0.00020570569842621626,0.0021272204989790247,7.798539863936492e-8,0.002156605010880254,0.0016634273669613613,0.0020412796661267115,0.007731755607118351,0.0011835048155953163,-0.0010368027101141433,0.0026137840281799784,0.0003468714331273398,0.0022947797040493525,-0.0021737080990878762,0.0030666301307401855,-0.005031179937512584,0.0029735006103186364,-2.3316577555443725e-5,0.0021370031133929207,4.8953821126012397e-5,0.00209905561686994,-0.0020887347864980174,0.0018181147250281408
37.0,-0.001249753454881623,0.001980871568858151,0.00017626726554962997,0.0021245993872618324,0.0008513160182868377,0.002061606561776049,0.0021712597839103807,0.0019911262349242083,0.002507334903309928,0.0019799094998425946,0.0026216234117490095,0.00196934258339111,0.0023924260973695317,0.001964800821566935,0.002244959437787254,0.001966667052435812,-0.00032617143523341744,0.001925752882038139,0.003840810318283663,0.0017224234378053513,0.0034285809761336722,0.0018111677231164645,0.0035385872998900908,0.0018458231168476346,0.003427438619261844,0.0017963214643237058,0.0024303164945537483,0.001956357043869637,0.0007031419288661808,0.002206385777796672,-9.99247840588989e-5,0.00236698609272709,0.00021336210848229724,0.002250355749393028,0.0004711330709053923,0.002170300535376927,-0.0003948623655767406,0.0025488911548348517,4.5773199385562175e-5,0.0023041804050208847,-0.0009554148648346043,0.002541827472261208,-0.0018794813316623477,0.002807911460834294,-0.002299403143262635,0.002759389759607532,-0.0003843508152441157,0.00240991508282836,0.00017136613250107592,0.0021434151260995783,0.00026327945052635494,0.0021654299739390986,0.00027593784572989266,0.002177705885237111,0.00026276301459696844,0.002127683445317611,0.00020570569842621626,0.0021272204989790247,7.798539863936492e-8,0.002156605010880254,0.0016634273669613613,0.0020412796661267115,0.007731755607118351,0.0011835048155953163,-0.0010368027101141433,0.0026137840281799784,0.0003468714331273398,0.0022947797040493525,-0.0021737080990878762,0.0030666301307401855,-0.005031179937512584,0.0029735006103186364,-2.3316577555443725e-5,0.0021370031133929207,4.8953821126012397e-5,0.00209905561686994,-0.0020887347864980174,0.0018181147250281408
38.0,0.00045404333726183543,0.020963029224831745,0.005689452542161112,0.01971860251603883,0.008886301233750362,0.018759296581177556,0.011542483574538166,0.018534698095323918,0.0118439152109798,0.018676152466817277,0.011953636208892419,0.018603674145345764,0.01167007070882052,0.018596329400425625,0.01131558010772399,0.018675283115911195,0.0030283593309324407,0.020485355708142118,0.012614561032530888,0.01817336033118907,0.012423080485169562,0.018319617115330998,0.012983432703128725,0.018329977368729412,0.012333142488819717,0.018269917042477445,0.011521541621122457,0.018491214608650424,0.009643223430450768,0.018754542999415414,0.008251271860804333,0.01918556744557823,0.008159123631644978,0.019164901884265572,0.008591992195794686,0.018965895681460104,0.0030964960410009715,0.020387308959947833,0.0008231575354791942,0.019406248850447665,0.008367340723875722,0.018964763827186464,0.007726290149103224,0.018982061489736895,0.008178968891083235,0.01894927505919762,0.00855520651939062,0.01923519934625279,0.005497857391313458,0.019803770015487474,0.005310617124168394,0.020033742723420067,0.007014677881225145,0.01944003222672012,0.0018452542657030953,0.020758982425004152,0.00020377367998542442,0.02112113058611858,0.0042252183938730255,0.019604372881187684,0.01105500164792505,0.016858130152394214,0.014214383681844148,0.015975095679593036,0.001027553880716126,0.019633506892478652,-0.004071259470593169,0.020615774239136044,0.006151275576340143,0.018444379790534888,0.00780600152510039,0.018740023130731674,0.0040812905582618825,0.019284436697359405,-0.0035535188384018825,0.021567171301291634,-0.0027756969449999496,0.021195031190976585
39.0,-0.0065435319184419345,-0.004401900722878408,-0.006242519742421875,-0.003095765371886188,-0.006303618753275068,-0.003143236802740272,-0.007607036902419711,-0.0029131946580514254,-0.008498996185170842,-0.0027599068931158507,-0.008581689602294428,-0.0026482873447695897,-0.008727472602896096,-0.0029322319204061263,-0.008709376956544227,-0.003045295048210843,-0.007543520329938242,-0.004336817526726681,-0.007874213770884547,-0.0023766082625653008,-0.008116469071720346,-0.002476930115130671,-0.008094426442068476,-0.0026043762096641084,-0.007622380684906979,-0.002505947913122008,-0.0069205981292987185,-0.002790936248168393,-0.004196901360537578,-0.0031955726693205753,-0.002844638798317328,-0.0033991007432309485,-0.0040216526391024425,-0.003370996758164229,-0.004941089639686004,-0.0032928935798067025,-0.0008511700716973159,-0.0035315535894244994,0.00030838317718679705,-0.0034911198239440714,-0.0014496077128643033,-0.0034479157901054986,0.00013327412698971536,-0.003542056864750441,0.0010658237904870521,-0.003482153971861571,-0.002340203507071916,-0.0034319259000622692,-0.006004154777910574,-0.00312936030087751,-0.00438854430656489,-0.0035029169881664415,-0.004347607336148501,-0.003453708984760986,-0.003021462270075921,-0.003731023007996731,-0.0024255175605164946,-0.003767596959788542,-0.006216653458454465,-0.0025356360046624466,-0.00939779332314603,-0.0013294542515353966,-0.007499461620218871,-0.001088656650342514,-0.0003951657870006497,-0.003180870820519103,0.0021215316751352744,-0.003925690246361135,0.0003744296447985142,-0.003627815076508505,0.006480515795834865,-0.0032693161602624994,-0.0062569381986050665,-0.002445382019187562,-0.001011919913608946,-0.0037369337085569527,-0.006568627380270119,-0.0051265893785392026
40.0,-0.0065435319184419345,-0.004401900722878408,-0.006242519742421875,-0.003095765371886188,-0.006303618753275068,-0.003143236802740272,-0.007607036902419711,-0.0029131946580514254,-0.008498996185170842,-0.0027599068931158507,-0.008581689602294428,-0.0026482873447695897,-0.008727472602896096,-0.0029322319204061263,-0.008709376956544227,-0.003045295048210843,-0.007543520329938242,-0.004336817526726681,-0.007874213770884547,-0.0023766082625653008,-0.008116469071720346,-0.002476930115130671,-0.008094426442068476,-0.0026043762096641084,-0.007622380684906979,-0.002505947913122008,-0.0069205981292987185,-0.002790936248168393,-0.004196901360537578,-0.0031955726693205753,-0.002844638798317328,-0.0033991007432309485,-0.0040216526391024425,-0.003370996758164229,-0.004941089639686004,-0.0032928935798067025,-0.0008511700716973159,-0.0035315535894244994,0.00030838317718679705,-0.0034911198239440714,-0.0014496077128643033,-0.0034479157901054986,0.00013327412698971536,-0.003542056864750441,0.0010658237904870521,-0.003482153971861571,-0.002340203507071916,-0.0034319259000622692,-0.006004154777910574,-0.00312936030087751,-0.00438854430656489,-0.0035029169881664415,-0.004347607336148501,-0.003453708984760986,-0.003021462270075921,-0.003731023007996731,-0.0024255175605164946,-0.003767596959788542,-0.006216653458454465,-0.0025356360046624466,-0.00939779332314603,-0.0013294542515353966,-0.007499461620218871,-0.001088656650342514,-0.0003951657870006497,-0.003180870820519103,0.0021215316751352744,-0.003925690246361135,0.0003744296447985142,-0.003627815076508505,0.006480515795834865,-0.0032693161602624994,-0.0062569381986050665,-0.002445382019187562,-0.001011919913608946,-0.0037369337085569527,-0.006568627380270119,-0.0051265893785392026
41.0,-0.00498093142193432,0.01501519660744948,-0.011974516182447114,0.017285891894648506,-0.011973909085742097,0.015953956234315902,-0.014233998625414409,0.01687442914377537,-0.01530478465117546,0.01780288758747719,-0.015693538029884928,0.01812463419557396,-0.014719207019577995,0.01709500618727557,-0.014213622451746176,0.016790132993077325,-0.006231498611849435,0.014975341052333866,-0.01675264314015183,0.019062652657571923,-0.016380687479376647,0.018700984041288685,-0.01623563566599944,0.018159470941107963,-0.01599565042088935,0.01855326653330963,-0.014156443171942765,0.01745446217616303,-0.009948345015535947,0.015956618975812225,-0.008092936438356476,0.0158230207359139,-0.009364666762259364,0.015773745543938712,-0.010342604356432247,0.0157176273221278,0.004234470075521291,0.013605839294760166,0.014177556588902154,0.011271544097112566,-0.010797732756597503,0.017094840318501656,-0.013713545573956397,0.019103539184737468,-0.014144866732236293,0.01883240281495468,-0.008773948390586246,0.016089475156580782,-0.012369472233919028,0.017724869033507888,-0.01011018946177547,0.016342578985565754,-0.009733868551369953,0.015724837766097934,-0.008915248620529758,0.016228355396807677,-0.008709148569792272,0.016523517587279553,-0.013945347979361535,0.01891020736195566,-0.018159847698782712,0.01970514650443089,-0.02160062427057488,0.021565484354626727,0.0030036235686411207,0.012883831774405831,0.02533996422271087,0.008330859226458823,-0.01586711975703891,0.020951524732458086,-0.020027314736469383,0.021224640789317732,-0.01527062190064532,0.01929295149543424,-0.0081158998389011,0.017111542610404755,-0.0006019218228698731,0.013554473931635131
42.0,-0.015854341421023467,-0.034568764832880274,0.005771322367699762,-0.04117117236748186,0.0007025519037796233,-0.0386588563504892,-0.007297200868608642,-0.03741829185016798,-0.011074170004300585,-0.03712669306914364,-0.011096747328983563,-0.03714465615379582,-0.013224282956690838,-0.03618007950160298,-0.013949332203531702,-0.03588404050159408,-0.023021973600384178,-0.03300895320255553,-0.008685772199025341,-0.03769725324583558,-0.009526146311020476,-0.037492552878740704,-0.009720155245212313,-0.03739453288104292,-0.008190172571113628,-0.037731993615234286,-0.006676255021670456,-0.03791147472328039,-0.002322321972486339,-0.038855271838997736,0.00024298429809171702,-0.04019419690430325,0.004388162512153797,-0.04101509815199206,0.0027896598567732278,-0.039914011986541466,-0.005516837060886435,-0.03968454571945366,-0.012070386529002658,-0.03614450455337832,0.002586211299811433,-0.041170532308503364,0.006017650940119946,-0.04324824593830042,0.005587861150243449,-0.04280676686252998,0.00043389539186037776,-0.04047478074326982,0.010869424248653396,-0.046615842142388994,0.026097766848305632,-0.049519148753192625,0.015835459042666807,-0.04465886836660449,0.053804868834297706,-0.058639486161426,0.0627455008709098,-0.06324636786522325,0.009594963429623477,-0.04273108456778499,-0.009157477520498399,-0.03490493324862855,-0.006324851399057,-0.03585261363628249,-0.002494655727316784,-0.038080853513196164,-0.01636435742482859,-0.035155415109426304,0.010251849870985996,-0.044647774527934773,0.010498165250282366,-0.04468909395197389,0.016546933796301757,-0.04820515824169221,0.07981178553517192,-0.07256047617766039,-0.028826326436883553,-0.030543268667794693
43.0,-0.015854341421023467,-0.034568764832880274,0.005771322367699762,-0.04117117236748186,0.0007025519037796233,-0.0386588563504892,-0.007297200868608642,-0.03741829185016798,-0.011074170004300585,-0.03712669306914364,-0.011096747328983563,-0.03714465615379582,-0.013224282956690838,-0.03618007950160298,-0.013949332203531702,-0.03588404050159408,-0.023021973600384178,-0.03300895320255553,-0.008685772199025341,-0.03769725324583558,-0.009526146311020476,-0.037492552878740704,-0.009720155245212313,-0.03739453288104292,-0.008190172571113628,-0.037731993615234286,-0.006676255021670456,-0.03791147472328039,-0.002322321972486339,-0.038855271838997736,0.00024298429809171702,-0.04019419690430325,0.004388162512153797,-0.04101509815199206,0.0027896598567732278,-0.039914011986541466,-0.005516837060886435,-0.03968454571945366,-0.012070386529002658,-0.03614450455337832,0.002586211299811433,-0.041170532308503364,0.006017650940119946,-0.04324824593830042,0.005587861150243449,-0.04280676686252998,0.00043389539186037776,-0.04047478074326982,0.010869424248653396,-0.046615842142388994,0.026097766848305632,-0.049519148753192625,0.015835459042666807,-0.04465886836660449,0.053804868834297706,-0.058639486161426,0.0627455008709098,-0.06324636786522325,0.009594963429623477,-0.04273108456778499,-0.009157477520498399,-0.03490493324862855,-0.006324851399057,-0.03585261363628249,-0.002494655727316784,-0.038080853513196164,-0.01636435742482859,-0.035155415109426304,0.010251849870985996,-0.044647774527934773,0.010498165250282366,-0.04468909395197389,0.016546933796301757,-0.04820515824169221,0.07981178553517192,-0.07256047617766039,-0.028826326436883553,-0.030543268667794693
44.0,-0.00011875353907528997,-0.0011610046260319463,0.0017587875112137364,-0.0018476186733586435,0.0023448186577394413,-0.0018830910005593752,0.0043064486743776085,-0.0026218010396227,0.006669465259443245,-0.0035151179126775983,0.007198143522791843,-0.003769240801509773,0.006617815002462877,-0.0033090722178590166,0.006293435967580677,-0.003137131328087152,0.0018448924347279749,-0.0017163501134223422,0.002392147494786617,-0.002521537670184829,0.00400128488282837,-0.0029368131731742704,0.003329391521896005,-0.002630102940546812,0.002600249765273471,-0.0024926350655008734,0.002922140056395257,-0.002382565832347004,0.001268643904972626,-0.00167120018759813,0.0005448361200224531,-0.0014135605056700064,0.001055008639204566,-0.001521825066053888,0.0015479562042097974,-0.0016447924855692978,-0.0017602732095413204,-0.0007379280046180219,-0.0010735918761837465,-0.0008301515605556934,0.0004801821006113299,-0.0014219102024695673,0.0004353573298800239,-0.0014777846334176321,0.0002905999488191062,-0.001435597223252705,0.0004899199187396735,-0.0014072352585827233,0.0016983088838330729,-0.0017805921613531098,0.0009578647417873403,-0.0014919409380554952,0.001000641271562335,-0.001471964962865728,0.00032701016323378145,-0.00131287948913288,0.00014959869575837333,-0.001273498785063676,0.001996353227185367,-0.0020610884044073097,0.021559110546952292,-0.007768789518630498,-0.006911766108800825,-0.0012803398857986253,-0.004059305133486557,-8.325490715224857e-5,-0.00013376684098954437,-0.0009371039380847964,0.0006040551957595539,-0.0015483471172352296,-0.00021085111515188235,-0.0014173759927178387,0.0020288511124545157,-0.001980644872325992,-0.0002160518638449558,-0.0011918169755602021,-0.0012721828756214323,-0.0007752142473043483
45.0,-0.00011875353907528997,-0.0011610046260319463,0.0017587875112137364,-0.0018476186733586435,0.0023448186577394413,-0.0018830910005593752,0.0043064486743776085,-0.0026218010396227,0.006669465259443245,-0.0035151179126775983,0.007198143522791843,-0.003769240801509773,0.006617815002462877,-0.0033090722178590166,0.006293435967580677,-0.003137131328087152,0.0018448924347279749,-0.0017163501134223422,0.002392147494786617,-0.002521537670184829,0.00400128488282837,-0.0029368131731742704,0.003329391521896005,-0.002630102940546812,0.002600249765273471,-0.0024926350655008734,0.002922140056395257,-0.002382565832347004,0.001268643904972626,-0.00167120018759813,0.0005448361200224531,-0.0014135605056700064,0.001055008639204566,-0.001521825066053888,0.0015479562042097974,-0.0016447924855692978,-0.0017602732095413204,-0.0007379280046180219,-0.0010735918761837465,-0.0008301515605556934,0.0004801821006113299,-0.0014219102024695673,0.0004353573298800239,-0.0014777846334176321,0.0002905999488191062,-0.001435597223252705,0.0004899199187396735,-0.0014072352585827233,0.0016983088838330729,-0.0017805921613531098,0.0009578647417873403,-0.0014919409380554952,0.001000641271562335,-0.001471964962865728,0.00032701016323378145,-0.00131287948913288,0.00014959869575837333,-0.001273498785063676,0.001996353227185367,-0.0020610884044073097,0.021559110546952292,-0.007768789518630498,-0.006911766108800825,-0.0012803398857986253,-0.004059305133486557,-8.325490715224857e-5,-0.00013376684098954437,-0.0009371039380847964,0.0006040551957595539,-0.0015483471172352296,-0.00021085111515188235,-0.0014173759927178387,0.0020288511124545157,-0.001980644872325992,-0.0002160518638449558,-0.0011918169755602021,-0.0012721828756214323,-0.0007752142473043483
46.0,0.0004579672805316812,0.0009998867543635859,0.001642045553914427,0.0005561983567099555,0.002037105762505439,0.0005157222110773443,0.0008225730644420676,0.000865789337493774,0.00012245504995023922,0.001063682031300321,-5.532753407961286e-6,0.0010991166879435778,4.1570304400288027e-5,0.0010727246989361136,5.8179210967155034e-5,0.0010672650807776022,-0.00014270174635398406,0.0011726796958488831,-0.0011856979724247604,0.0014800206768148041,-0.0007749495493625901,0.0013434644769773595,-0.0006923933652884193,0.0012963217903835093,-0.0006238148005346863,0.0012998300411741644,0.0007128815241659402,0.0008820204713007938,0.0033987565404737345,2.7536445194005784e-5,0.004458816650188354,-0.00040922571126425787,0.0035050331534065204,-2.6272819354484643e-5,0.002965463286571468,0.00019578371108464792,0.010371371838263655,-0.0024205121138285105,0.007551347270066282,-0.00181258425995828,0.0038213291799784506,-0.0004779932363794129,0.0030525101350369534,-0.0006611313195512169,0.0025428570490886797,-0.0005557393698187456,0.004195016390606733,-0.0003722378009169286,0.001704032445142675,0.0004697543856862715,0.00205293237826544,0.0004480970855936498,0.0027732835672353994,0.0002563970130536508,0.0010496237636417967,0.0006978300465160208,0.0006885839531888027,0.0007602880261819735,0.0014749877488834727,0.0004378809629556715,0.000904368242712348,0.0007757942507157087,-0.006050671265551624,0.0024973124958618947,0.01663472145312759,-0.004154263730305427,0.004254057386054971,-0.0021017079571949994,0.0029619455678332567,-0.0009916735560910987,-0.0002596699059487823,-0.0006734820849471355,0.0015413298804781562,0.0003336162950359639,-0.00011550066092044297,0.0008516503339685231,-0.0002806423418389232,0.0012186742101412459
47.0,0.0004579672805316812,0.0009998867543635859,0.001642045553914427,0.0005561983567099555,0.002037105762505439,0.0005157222110773443,0.0008225730644420676,0.000865789337493774,0.00012245504995023922,0.001063682031300321,-5.532753407961286e-6,0.0010991166879435778,4.1570304400288027e-5,0.0010727246989361136,5.8179210967155034e-5,0.0010672650807776022,-0.00014270174635398406,0.0011726796958488831,-0.0011856979724247604,0.0014800206768148041,-0.0007749495493625901,0.0013434644769773595,-0.0006923933652884193,0.0012963217903835093,-0.0006238148005346863,0.0012998300411741644,0.0007128815241659402,0.0008820204713007938,0.0033987565404737345,2.7536445194005784e-5,0.004458816650188354,-0.00040922571126425787,0.0035050331534065204,-2.6272819354484643e-5,0.002965463286571468,0.00019578371108464792,0.010371371838263655,-0.0024205121138285105,0.007551347270066282,-0.00181258425995828,0.0038213291799784506,-0.0004779932363794129,0.0030525101350369534,-0.0006611313195512169,0.0025428570490886797,-0.0005557393698187456,0.004195016390606733,-0.0003722378009169286,0.001704032445142675,0.0004697543856862715,0.00205293237826544,0.0004480970855936498,0.0027732835672353994,0.0002563970130536508,0.0010496237636417967,0.0006978300465160208,0.0006885839531888027,0.0007602880261819735,0.0014749877488834727,0.0004378809629556715,0.000904368242712348,0.0007757942507157087,-0.006050671265551624,0.0024973124958618947,0.01663472145312759,-0.004154263730305427,0.004254057386054971,-0.0021017079571949994,0.0029619455678332567,-0.0009916735560910987,-0.0002596699059487823,-0.0006734820849471355,0.0015413298804781562,0.0003336162950359639,-0.00011550066092044297,0.0008516503339685231,-0.0002806423418389232,0.0012186742101412459
48.0,-0.004699006033392489,-0.0002230315065744436,-0.004853004823210466,-3.329978547775504e-5,-0.006532533310215303,-2.9838381450721807e-5,-0.009438215402355492,0.0006122870598799846,-0.010453348469495263,0.0009823539054859757,-0.010634615829767644,0.0011227740746851539,-0.010470152772063578,0.0007788695902775846,-0.010303891560644741,0.0006719958021214928,-0.006961360807515635,4.850232765697464e-5,-0.01177110698864086,0.0018666573823863958,-0.011388181612701607,0.0015945846595182692,-0.01149925444349454,0.0013711767037986107,-0.011146193003161482,0.0015732395536846183,-0.009593869870897968,0.0009322727156402601,-0.006433180492580548,0.00010802014272444646,-0.0048805144178685625,-0.0001655563957480101,-0.00514657263881394,-0.00026777837167725043,-0.005712765624524524,-0.00020469470580437217,-0.004816307154631846,0.0005360661459172215,-0.0036104164227543354,0.0004347310868414372,-0.0034118406858316096,-0.0003481593597643876,-0.0017718269066617526,-0.0004545761978267305,-0.0008290639765580774,-0.0006380949604431509,-0.004318017359483766,-0.0002890611984360891,-0.004374433612700113,-0.00047334476401882363,-0.0036789022957731065,-0.0007821744377263304,-0.004441797294517158,-0.0005896869300226951,-0.0017618427588146758,-0.0012362266155252098,-0.0010800724266121237,-0.0013528524754389444,-0.003798321992937474,0.00028467241713078074,-0.009480851108753184,0.0017962233948863775,-0.01621494853309129,0.004069205829658381,-0.005427466905066114,0.0011184198958422203,-0.002164747460998841,0.0007518655918748151,-0.0014563660690235889,-0.0002657785413368895,0.004642771288019431,-0.0011616230915032916,-0.003217698091456081,-0.00023213976010167105,0.00042674764774246004,-0.0015261822811785397,-0.004515261643847276,-0.00033316472678144096
49.0,-0.004699006033392489,-0.0002230315065744436,-0.004853004823210466,-3.329978547775504e-5,-0.006532533310215303,-2.9838381450721807e-5,-0.009438215402355492,0.0006122870598799846,-0.010453348469495263,0.0009823539054859757,-0.010634615829767644,0.0011227740746851539,-0.010470152772063578,0.0007788695902775846,-0.010303891560644741,0.0006719958021214928,-0.006961360807515635,4.850232765697464e-5,-0.01177110698864086,0.0018666573823863958,-0.011388181612701607,0.0015945846595182692,-0.01149925444349454,0.0013711767037986107,-0.011146193003161482,0.0015732395536846183,-0.009593869870897968,0.0009322727156402601,-0.006433180492580548,0.00010802014272444646,-0.0048805144178685625,-0.0001655563957480101,-0.00514657263881394,-0.00026777837167725043,-0.005712765624524524,-0.00020469470580437217,-0.004816307154631846,0.0005360661459172215,-0.0036104164227543354,0.0004347310868414372,-0.0034118406858316096,-0.0003481593597643876,-0.0017718269066617526,-0.0004545761978267305,-0.0008290639765580774,-0.0006380949604431509,-0.004318017359483766,-0.0002890611984360891,-0.004374433612700113,-0.00047334476401882363,-0.0036789022957731065,-0.0007821744377263304,-0.004441797294517158,-0.0005896869300226951,-0.0017618427588146758,-0.0012362266155252098,-0.0010800724266121237,-0.0013528524754389444,-0.003798321992937474,0.00028467241713078074,-0.009480851108753184,0.0017962233948863775,-0.01621494853309129,0.004069205829658381,-0.005427466905066114,0.0011184198958422203,-0.002164747460998841,0.0007518655918748151,-0.0014563660690235889,-0.0002657785413368895,0.004642771288019431,-0.0011616230915032916,-0.003217698091456081,-0.00023213976010167105,0.00042674764774246004,-0.0015261822811785397,-0.004515261643847276,-0.00033316472678144096
50.0,0.012108048497662947,0.034426237175309515,0.009550781096992785,0.03656320853130272,0.011397766491068235,0.03561988034084031,0.011323289721170766,0.03619944484023958,0.010631787453707069,0.03684196171804335,0.010135660809238698,0.0370029200694484,0.011493925269393513,0.03610126680239128,0.011850183647165504,0.03585450394354789,0.01296405447954041,0.034302968722127,0.008622822970290465,0.03735718976001184,0.009194808475578737,0.03721082695226579,0.010021072094762986,0.0369687777258031,0.009124664956758049,0.037143034632359566,0.010099701533235982,0.03670177024842457,0.010059432437096684,0.03639279513832087,0.009170242743924953,0.03698644843471978,0.009871420728633892,0.03690600788314841,0.010714231524929405,0.036300976891066726,0.0062258808758041675,0.03801658938617141,0.006668777131194425,0.03562582866302126,0.007512238125637505,0.037177188452390646,0.004579439170264813,0.03808340763129485,0.0046354375809675745,0.037803694575148754,0.009090638487848609,0.03715278191962023,0.009181780110386067,0.03739668880963672,0.007696646185851184,0.03938737598380113,0.009380737596425633,0.03782791366259753,0.0028823793783439946,0.04262250602845023,0.00026779444989329343,0.04394121532761408,0.007000097584870492,0.036422549426714336,0.003874057663804527,0.03586860009058288,0.002581473309367325,0.03614092822571053,0.0026593248393474776,0.03641523584046126,0.0034228182449089605,0.03656756156268028,0.0012266047429665432,0.038222321985476225,-0.0009032598187915178,0.03812883563599269,0.006598032355816026,0.036518729345056775,-0.005927654136125087,0.04612173815007598,0.013471703579393894,0.03258643179569089
51.0,0.000795441794573946,8.936245355600778e-6,0.0021779311490377233,-0.0008927034677139957,0.002523293532539794,-0.0010214003013003575,0.0028030262474504283,-0.001183441986957368,0.002789528306096242,-0.001212430373543173,0.002815041487369875,-0.001262767976876116,0.002682531312090265,-0.0010641828432268196,0.002600976382678369,-0.0009873642524062974,0.001032313731475616,-8.194644992729403e-5,0.002903881025871778,-0.0014857444689562553,0.00287666280046929,-0.001406048731900206,0.0029244265031585564,-0.0013617066045916602,0.002889143722127906,-0.0014464597929344045,0.0028454875038047694,-0.0013736332406640876,0.0027955844083040393,-0.0015278451244513868,0.0027154218898420854,-0.0016743164942146348,0.0024841866806270783,-0.0013398822591241045,0.002508997061553691,-0.0011998896484031072,9.396173565212517e-5,-0.0016440897640382865,-0.0017099090957723702,-0.0014845243512216627,0.0038192166157230037,-0.002184368891104272,0.004901787747764989,-0.0028628117962514344,0.005638120152134268,-0.0029307491391986746,0.003125655251661131,-0.001802638749362106,0.002137960936635423,-0.0008800591161896507,0.0014972714103850594,-0.0007381042094907294,0.001971146044791386,-0.000979412330481304,0.00020604190970658102,-0.0002719196761556384,-0.00020349874290766636,-0.00012940240570061113,0.0023870218970314543,-0.0010666089808935382,0.002930048438417924,-0.0016350566393784792,0.002970997654717684,-0.001954026681458272,-8.200951641945094e-5,-0.0016421036806186719,-0.003793413939721037,-0.0012980559880904406,0.00481023460870494,-0.0033938379552731894,0.009638892123123825,-0.004203342924846,0.002430694006085868,-0.0010627074705396205,-0.001063976393122409,0.00014795418388741408,-8.127715698679718e-5,0.0005179979011914408
52.0,0.000795441794573946,8.936245355600778e-6,0.0021779311490377233,-0.0008927034677139957,0.002523293532539794,-0.0010214003013003575,0.0028030262474504283,-0.001183441986957368,0.002789528306096242,-0.001212430373543173,0.002815041487369875,-0.001262767976876116,0.002682531312090265,-0.0010641828432268196,0.002600976382678369,-0.0009873642524062974,0.001032313731475616,-8.194644992729403e-5,0.002903881025871778,-0.0014857444689562553,0.00287666280046929,-0.001406048731900206,0.0029244265031585564,-0.0013617066045916602,0.002889143722127906,-0.0014464597929344045,0.0028454875038047694,-0.0013736332406640876,0.0027955844083040393,-0.0015278451244513868,0.0027154218898420854,-0.0016743164942146348,0.0024841866806270783,-0.0013398822591241045,0.002508997061553691,-0.0011998896484031072,9.396173565212517e-5,-0.0016440897640382865,-0.0017099090957723702,-0.0014845243512216627,0.0038192166157230037,-0.002184368891104272,0.004901787747764989,-0.0028628117962514344,0.005638120152134268,-0.0029307491391986746,0.003125655251661131,-0.001802638749362106,0.002137960936635423,-0.0008800591161896507,0.0014972714103850594,-0.0007381042094907294,0.001971146044791386,-0.000979412330481304,0.00020604190970658102,-0.0002719196761556384,-0.00020349874290766636,-0.00012940240570061113,0.0023870218970314543,-0.0010666089808935382,0.002930048438417924,-0.0016350566393784792,0.002970997654717684,-0.001954026681458272,-8.200951641945094e-5,-0.0016421036806186719,-0.003793413939721037,-0.0012980559880904406,0.00481023460870494,-0.0033938379552731894,0.009638892123123825,-0.004203342924846,0.002430694006085868,-0.0010627074705396205,-0.001063976393122409,0.00014795418388741408,-8.127715698679718e-5,0.0005179979011914408
53.0,-0.0017265679264420544,-0.0014417903932856988,-0.0020940238935647695,-0.0007070779653579143,-0.0033722357318729497,-0.000469877013811979,-0.0043051036362486824,-0.0003317846246641944,-0.004346924617219994,-0.000359111647805537,-0.004356326593190406,-0.0003173355458840926,-0.0043023179603522334,-0.0004935165760151763,-0.004236375534765676,-0.0005611948273549948,-0.0026252119150278314,-0.0013560372783415512,-0.004545315828567196,-3.453486557790409e-5,-0.0044893167831760025,-0.00013438238398952597,-0.004625720944382702,-0.0001763140507274344,-0.004550279504849611,-6.210656709156937e-5,-0.004543536651114422,-0.00010157216868179737,-0.004888655730236678,0.00020787081365441912,-0.004896787678760889,0.0004239435049302252,-0.0037724059554111174,-9.418002052294499e-5,-0.0036446918040276555,-0.0002553669463115048,-0.0077336808586162,0.001623396610155145,-0.009155474396425832,0.0016880060663127872,-0.004608493914510193,0.000787856479723394,-0.004185715678963252,0.0013041720874601927,-0.004549262443089116,0.0011584711770664176,-0.004861496125310654,0.00045967040305001797,-0.0016129409932713,-0.001090261390358121,-0.00011915792253181029,-0.0013294390349687206,-0.0018373483840922879,-0.0007573507124892566,0.003803862004114439,-0.0023480450094923865,0.005018766841962575,-0.0027793548287170645,-0.0016594010147912269,-0.0005333416998634285,-0.003769444649664647,2.165432808308119e-5,-0.004551161758354864,0.0005730466044963971,-0.007513426675422094,0.002212946707667095,-0.011114165098500592,0.0029634140549236123,-0.0031206274930447265,0.0020883135428807842,-0.005214708677338223,0.0015319051354206552,-0.0012543119085428418,-0.0009498714094934505,0.007406053556066959,-0.0036452788424671772,-0.0014515614478331702,-0.0018521103615226175
54.0,-0.0017265679264420544,-0.0014417903932856988,-0.0020940238935647695,-0.0007070779653579143,-0.0033722357318729497,-0.000469877013811979,-0.0043051036362486824,-0.0003317846246641944,-0.004346924617219994,-0.000359111647805537,-0.004356326593190406,-0.0003173355458840926,-0.0043023179603522334,-0.0004935165760151763,-0.004236375534765676,-0.0005611948273549948,-0.0026252119150278314,-0.0013560372783415512,-0.004545315828567196,-3.453486557790409e-5,-0.0044893167831760025,-0.00013438238398952597,-0.004625720944382702,-0.0001763140507274344,-0.004550279504849611,-6.210656709156937e-5,-0.004543536651114422,-0.00010157216868179737,-0.004888655730236678,0.00020787081365441912,-0.004896787678760889,0.0004239435049302252,-0.0037724059554111174,-9.418002052294499e-5,-0.0036446918040276555,-0.0002553669463115048,-0.0077336808586162,0.001623396610155145,-0.009155474396425832,0.0016880060663127872,-0.004608493914510193,0.000787856479723394,-0.004185715678963252,0.0013041720874601927,-0.004549262443089116,0.0011584711770664176,-0.004861496125310654,0.00045967040305001797,-0.0016129409932713,-0.001090261390358121,-0.00011915792253181029,-0.0013294390349687206,-0.0018373483840922879,-0.0007573507124892566,0.003803862004114439,-0.0023480450094923865,0.005018766841962575,-0.0027793548287170645,-0.0016594010147912269,-0.0005333416998634285,-0.003769444649664647,2.165432808308119e-5,-0.004551161758354864,0.0005730466044963971,-0.007513426675422094,0.002212946707667095,-0.011114165098500592,0.0029634140549236123,-0.0031206274930447265,0.0020883135428807842,-0.005214708677338223,0.0015319051354206552,-0.0012543119085428418,-0.0009498714094934505,0.007406053556066959,-0.0036452788424671772,-0.0014515614478331702,-0.0018521103615226175
55.0,0.02124879867700591,-0.08387710016867236,0.08769030851657841,-0.10648946979873515,0.04907007386809657,-0.08796206027969779,0.014213094945408828,-0.07899108216414343,0.00015825821442148208,-0.07678321577142667,-0.001657358474339489,-0.07645495310001028,-0.003662736594058163,-0.07462107781666026,-0.00417481449425047,-0.07425157341697979,-0.013703549199880352,-0.07275540066749353,-0.0002884913887238147,-0.07722580703969234,-0.0007461857285907585,-0.07692260612015335,-0.0005769150510846388,-0.07646875834638787,0.0022592983010860834,-0.07757206790263074,0.008890467282365262,-0.07866268780045774,0.014173204302004251,-0.07959491637865229,0.017302751741699065,-0.0821737901531606,0.029436472174773416,-0.08514818163718704,0.0367041176410257,-0.0856460032533706,-0.0013835232191809397,-0.07972361425446899,-0.007162070328184378,-0.07367184374300575,0.02086750444704623,-0.08431171166567894,0.026124491465609752,-0.08911545637520929,0.018369707124732446,-0.08691717239971268,0.01633966841972449,-0.08245469544542028,0.09969702678987057,-0.11989363154888259,0.045417136399996325,-0.09663731772159274,0.03758847874862042,-0.08950818064936064,0.017754620552534423,-0.09073434681274893,0.010682184506857128,-0.0899766164468604,0.13460362030704578,-0.1242308787861452,-0.01473887468128058,-0.07001845007327832,-0.010601563089349267,-0.07280002925049134,-0.009778631637564105,-0.07448366716209748,-0.006478444602750265,-0.07495591736735911,0.04317834596952953,-0.09395951913142729,0.001894009846588312,-0.08837832198795897,0.17709718305937186,-0.144696970516008,-0.00351755538466662,-0.08811703272506652,-0.019952134315835614,-0.07045273590480061
56.0,-0.028518400367272382,0.0028556109269805923,-0.008537099909883711,-0.0035035462416393,-0.006263012196244819,-0.005123944971194781,-0.005129863029608013,-0.006173457261226301,-0.005767279410091627,-0.006254311278820932,-0.005094464327165647,-0.006484935561654653,-0.007822999230759605,-0.005649817731254121,-0.009077936606163418,-0.005201418775298818,-0.027828412942803957,0.0017010034424875264,-0.0020497519308467316,-0.00739758046561504,-0.0030875578572952763,-0.007080510700991668,-0.0029579589624687042,-0.0071182826482892375,-0.002450917645523142,-0.007200691533628719,-0.0032784816568552253,-0.006768394330849622,-0.0019355410397403343,-0.006870309840664276,-0.0011884402227878114,-0.0070586600116292865,-0.0029398548515945457,-0.006472930683921237,-0.004265541386463979,-0.005950643544770456,0.0012613206549307516,-0.0078093645157564775,0.0019161577334626625,-0.007321256069128468,0.00023830956487573898,-0.0074251537069669905,0.001905990369597463,-0.00798921653286653,0.0022527379778818904,-0.00800809149023751,-0.0007982248740955886,-0.007187353660787095,-0.006975078853283807,-0.00519634025391884,-0.003736522903783539,-0.0063864233875578795,-0.0035242736234657427,-0.00638733703013662,-0.0014243928843117788,-0.007080059433250572,-0.0004858414239019537,-0.007328709954369718,-0.005802700663766792,-0.003185329696413727,0.002544723546132971,-0.007798412798823601,0.005423394639403279,-0.008777521967085158,0.002345309749502183,-0.007850481652292346,0.0035139002896560152,-0.007868991630657388,0.0030981405909813065,-0.008261969053123439,0.005971201202484691,-0.008885453476593391,-0.003892425237135148,-0.005042676300197737,0.0016222270146816135,-0.007713212542193446,-0.04028512758301181,0.0060916705463563555
57.0,-0.028518400367272382,0.0028556109269805923,-0.008537099909883711,-0.0035035462416393,-0.006263012196244819,-0.005123944971194781,-0.005129863029608013,-0.006173457261226301,-0.005767279410091627,-0.006254311278820932,-0.005094464327165647,-0.006484935561654653,-0.007822999230759605,-0.005649817731254121,-0.009077936606163418,-0.005201418775298818,-0.027828412942803957,0.0017010034424875264,-0.0020497519308467316,-0.00739758046561504,-0.0030875578572952763,-0.007080510700991668,-0.0029579589624687042,-0.0071182826482892375,-0.002450917645523142,-0.007200691533628719,-0.0032784816568552253,-0.006768394330849622,-0.0019355410397403343,-0.006870309840664276,-0.0011884402227878114,-0.0070586600116292865,-0.0029398548515945457,-0.006472930683921237,-0.004265541386463979,-0.005950643544770456,0.0012613206549307516,-0.0078093645157564775,0.0019161577334626625,-0.007321256069128468,0.00023830956487573898,-0.0074251537069669905,0.001905990369597463,-0.00798921653286653,0.0022527379778818904,-0.00800809149023751,-0.0007982248740955886,-0.007187353660787095,-0.006975078853283807,-0.00519634025391884,-0.003736522903783539,-0.0063864233875578795,-0.0035242736234657427,-0.00638733703013662,-0.0014243928843117788,-0.007080059433250572,-0.0004858414239019537,-0.007328709954369718,-0.005802700663766792,-0.003185329696413727,0.002544723546132971,-0.007798412798823601,0.005423394639403279,-0.008777521967085158,0.002345309749502183,-0.007850481652292346,0.0035139002896560152,-0.007868991630657388,0.0030981405909813065,-0.008261969053123439,0.005971201202484691,-0.008885453476593391,-0.003892425237135148,-0.005042676300197737,0.0016222270146816135,-0.007713212542193446,-0.04028512758301181,0.0060916705463563555
58.0,0.013791612952904474,0.007136771078036735,0.030066214813365404,0.017778296403874086,0.03616038818780521,0.020907490296136717,0.03574808373446245,0.014703468872812327,0.03299740380177291,0.007615812364334905,0.032617706509072204,0.006311859873027468,0.0319677223793819,0.006805925703922313,0.0313259047224496,0.006928296403132411,0.01525752328215683,0.0030789083716918843,0.031972280068875016,0.010862222329670983,0.03227787036803025,0.009426584328900076,0.0336209849118093,0.011550154902252537,0.033069662464540704,0.012750643900992467,0.03552053025623296,0.01748205235887288,0.04016409296655685,0.03225558370713164,0.04057316931044773,0.03880199416081084,0.03895129346001065,0.03134453459409589,0.038270980916981806,0.02743509342716552,0.024040277275609027,0.1634406068598786,0.034397278720023836,0.12108488743991284,0.04759972547408788,0.0035099241013825558,0.05336956485768557,-0.0342142703512971,0.05568705772337876,-0.057616839373363524,0.043445206816972254,0.025495892880917772,0.031087870562877,0.017756159804217245,0.03330173917209672,0.01929632293656463,0.036990418062546715,0.024952482512554032,0.02721266981043503,0.010595039872204368,0.024368996988737145,0.007304930437053172,0.02745992266341421,0.017046465067079207,0.030155375982406845,-0.015314998214708168,0.023116241091204935,0.00725666981086438,-0.005833377160059714,0.2831763867966454,0.03440209258399342,0.08054293332247589,0.05441688955953793,-0.03692018723950257,0.07833048260378996,-0.1920062089364059,0.028669433393591136,0.01655887574794434,0.017529982961040514,-0.00022916013947844204,0.003965298382554569,0.0001254690658045054
59.0,0.013791612952904474,0.007136771078036735,0.030066214813365404,0.017778296403874086,0.03616038818780521,0.020907490296136717,0.03574808373446245,0.014703468872812327,0.03299740380177291,0.007615812364334905,0.032617706509072204,0.006311859873027468,0.0319677223793819,0.006805925703922313,0.0313259047224496,0.006928296403132411,0.01525752328215683,0.0030789083716918843,0.031972280068875016,0.010862222329670983,0.03227787036803025,0.009426584328900076,0.0336209849118093,0.011550154902252537,0.033069662464540704,0.012750643900992467,0.03552053025623296,0.01748205235887288,0.04016409296655685,0.03225558370713164,0.04057316931044773,0.03880199416081084,0.03895129346001065,0.03134453459409589,0.038270980916981806,0.02743509342716552,0.024040277275609027,0.1634406068598786,0.034397278720023836,0.12108488743991284,0.04759972547408788,0.0035099241013825558,0.05336956485768557,-0.0342142703512971,0.05568705772337876,-0.057616839373363524,0.043445206816972254,0.025495892880917772,0.031087870562877,0.017756159804217245,0.03330173917209672,0.01929632293656463,0.036990418062546715,0.024952482512554032,0.02721266981043503,0.010595039872204368,0.024368996988737145,0.007304930437053172,0.02745992266341421,0.017046465067079207,0.030155375982406845,-0.015314998214708168,0.023116241091204935,0.00725666981086438,-0.005833377160059714,0.2831763867966454,0.03440209258399342,0.08054293332247589,0.05441688955953793,-0.03692018723950257,0.07833048260378996,-0.1920062089364059,0.028669433393591136,0.01655887574794434,0.017529982961040514,-0.00022916013947844204,0.003965298382554569,0.0001254690658045054
60.0,0.0037564606715906716,0.001609898234824275,0.004420814599062942,-0.0012809781470883043,0.006349232817600249,-0.0014539980910542917,0.00758597090328468,-0.0014179770433281154,0.007653769918659804,-0.0012024751001308706,0.007664100821856958,-0.001281258101524899,0.007582813669156613,-0.0008161473056863417,0.007485164219580642,-0.0006329795192204087,0.005031905569188337,0.00174893988427839,0.007939290761159883,-0.0019268836864103618,0.007856789009755309,-0.0017010219732784186,0.008036513654110643,-0.001643489888447479,0.007915535256263054,-0.0018974394329136174,0.007829704014278672,-0.0018857685674718411,0.007983040511549968,-0.002639698208264042,0.007853437449144981,-0.0031538156954748343,0.007119249115783589,-0.0023515130575097205,0.0068595835541121215,-0.0019641310985545747,0.009743917107918396,-0.004442447632294075,0.010113843886055605,-0.004162551148991938,0.007506971415166613,-0.0041422432822695015,0.007021923136766987,-0.005462949051404537,0.0075529605816577,-0.005189109851768046,0.007797659221805793,-0.003329062754855338,0.004063134363898173,-0.0012717730569440334,0.00526993143067032,-0.0011276318100864621,0.006207430870902421,-0.0015937236094117275,0.004446328992642661,-0.00032601475566245255,0.004086633769316273,-0.00017215469065504023,0.002779631164271517,-0.0021324678436038668,0.006662565439328935,-0.0018409255083734282,0.00804897121652241,-0.0030087416941643828,0.009629214157230356,-0.005124818648813825,0.011032109286788648,-0.0054345153067700035,0.005618922083518024,-0.007186156917959012,0.00886332924534289,-0.006348038461796363,0.0023657979358091942,-0.002051687411741431,0.003128079661884587,7.874701973911413e-5,0.003205868136477169,0.0033170756632660277
61.0,0.0037564606715906716,0.001609898234824275,0.004420814599062942,-0.0012809781470883043,0.006349232817600249,-0.0014539980910542917,0.00758597090328468,-0.0014179770433281154,0.007653769918659804,-0.0012024751001308706,0.007664100821856958,-0.001281258101524899,0.007582813669156613,-0.0008161473056863417,0.007485164219580642,-0.0006329795192204087,0.005031905569188337,0.00174893988427839,0.007939290761159883,-0.0019268836864103618,0.007856789009755309,-0.0017010219732784186,0.008036513654110643,-0.001643489888447479,0.007915535256263054,-0.0018974394329136174,0.007829704014278672,-0.0018857685674718411,0.007983040511549968,-0.002639698208264042,0.007853437449144981,-0.0031538156954748343,0.007119249115783589,-0.0023515130575097205,0.0068595835541121215,-0.0019641310985545747,0.009743917107918396,-0.004442447632294075,0.010113843886055605,-0.004162551148991938,0.007506971415166613,-0.0041422432822695015,0.007021923136766987,-0.005462949051404537,0.0075529605816577,-0.005189109851768046,0.007797659221805793,-0.003329062754855338,0.004063134363898173,-0.0012717730569440334,0.00526993143067032,-0.0011276318100864621,0.006207430870902421,-0.0015937236094117275,0.004446328992642661,-0.00032601475566245255,0.004086633769316273,-0.00017215469065504023,0.002779631164271517,-0.0021324678436038668,0.006662565439328935,-0.0018409255083734282,0.00804897121652241,-0.0030087416941643828,0.009629214157230356,-0.005124818648813825,0.011032109286788648,-0.0054345153067700035,0.005618922083518024,-0.007186156917959012,0.00886332924534289,-0.006348038461796363,0.0023657979358091942,-0.002051687411741431,0.003128079661884587,7.874701973911413e-5,0.003205868136477169,0.0033170756632660277
62.0,-0.001625875720354567,0.0011584603827083247,-0.0035655850908708087,0.002887813410412465,-0.0039866145811873616,0.00311352528659263,-0.0027779364154111924,-0.0010371612200989707,-0.0017228552232455654,-0.004038718586453164,-0.001523239388835789,-0.004674267722643013,-0.0016363729291327383,-0.004109134034325663,-0.0016482640384525749,-0.0038480073548974015,-0.0008824960625159301,-0.001508757696097201,-0.0013496401462562437,-0.005442707390288428,-0.0014258086169500923,-0.0051384508085890145,-0.001733376074809564,-0.004550513073854742,-0.001806663936711609,-0.003996552739085826,-0.0029033168723206024,-0.00047684469898592744,-0.0054743495936378835,0.00801668107327871,-0.00650901757406885,0.011992076663698528,-0.005445291813460173,0.008341060445429127,-0.004890041865879909,0.006291618807611848,-0.003837514570703403,0.007558575676924988,-0.0008940399848403854,0.00039372630919077417,-0.009924205090923729,0.01966879401546965,-0.013685775696866492,0.028357388614312334,-0.014158833924390067,0.03387777431759422,-0.0074585317554995215,0.014998536910786796,-0.0036238312787249703,0.0030634012294936956,-0.003806024128307002,0.003355256375228833,-0.004543237264895518,0.005517000717963173,-0.0026600889162208133,0.00010587584610522805,-0.002236397149091692,-0.0008698376753389272,-0.0035792316123181038,0.0030914492732962255,0.0007639341680503713,-0.009643302117258674,0.0021749618411192858,-0.01347003972266828,-0.004231551809778749,0.010661790816479961,0.0027234995614770895,-0.008352592808223935,-0.016507056520810026,0.028065917537388057,-0.023287016111362156,0.06549102955725922,-0.0036991791262757164,0.003217816340489038,-0.0011299844781792457,-0.002868335279697124,-0.00037474436205030227,0.000141299851278841
63.0,-0.0016258757203545672,0.0011584603827083243,-0.003565585090870811,0.002887813410412465,-0.00398661458118736,0.0031135252865926296,-0.002777936415411192,-0.0010371612200989688,-0.0017228552232455652,-0.0040387185864531674,-0.0015232393888357898,-0.0046742677226430124,-0.0016363729291327368,-0.004109134034325662,-0.0016482640384525734,-0.0038480073548973993,-0.0008824960625159307,-0.0015087576960972023,-0.001349640146256243,-0.005442707390288428,-0.0014258086169500917,-0.005138450808589012,-0.0017333760748095629,-0.004550513073854741,-0.001806663936711609,-0.003996552739085826,-0.0029033168723206033,-0.0004768446989859276,-0.005474349593637884,0.008016681073278709,-0.006509017574068849,0.011992076663698524,-0.005445291813460173,0.008341060445429128,-0.004890041865879908,0.006291618807611847,-0.003837514570703403,0.007558575676924988,-0.0008940399848403854,0.0003937263091907766,-0.009924205090923727,0.019668794015469643,-0.01368577569686649,0.02835738861431233,-0.014158833924390065,0.03387777431759421,-0.007458531755499522,0.0149985369107868,-0.0036238312787249707,0.003063401229493694,-0.003806024128307002,0.0033552563752288324,-0.004543237264895519,0.005517000717963173,-0.0026600889162208138,0.0001058758461052293,-0.0022363971490916915,-0.0008698376753389262,-0.0035792316123181046,0.0030914492732962285,0.0007639341680503728,-0.009643302117258678,0.002174961841119286,-0.013470039722668282,-0.004231551809778748,0.01066179081647996,0.0027234995614770895,-0.008352592808223931,-0.016507056520810037,0.02806591753738806,-0.02328701611136215,0.06549102955725923,-0.0036991791262757164,0.003217816340489038,-0.001129984478179246,-0.002868335279697124,-0.00037474436205030227,0.000141299851278841
64.0,-0.0010616050163669935,-0.005067771712256035,-0.0041648633554514985,-0.011316091324260313,-0.005364667482576503,-0.015139464102993569,-0.003418537662334683,-0.030524826611344424,0.0026853287044525426,-0.05756891467333019,0.004004607787155333,-0.06372304779673724,0.002427781396954266,-0.05656476192406965,0.0020278142586866825,-0.05342618559300854,0.0015231285248331634,-0.0226865785443128,-0.01063452666502148,0.001676294500735414,-0.005824542049824805,-0.020302763479169376,-0.008075487296002699,-0.01188497835532109,-0.00955671375903905,-0.003433375261431238,-0.007221329919337916,-0.013449639165712525,-0.007819982911761803,-0.005939102054063754,-0.0077153910481886105,-0.00270295037246716,-0.00684964520552813,-0.006261601174257773,-0.006380774579520554,-0.009637093252449961,-0.005646468258393431,-0.0052344615308910405,-0.005635280653416043,-0.004253766405638498,-0.009165135433834185,0.0036964814584692324,-0.010490429224337277,0.010655968578800617,-0.010838105339614126,0.014861534384391415,-0.00823024015386338,-0.00029288343850417223,-0.003730892065045071,-0.009924010578187687,-0.00521523347082406,-0.005864786215130014,-0.006166538226757405,-0.006036743235989153,-0.00444993392941318,-0.002470349581420051,-0.004039536669545369,-0.0013100526585883255,-0.003203972927829727,-0.011318756292320813,0.06086215617813394,-0.24238513973776676,-0.05140611423465377,0.13251871659751532,-0.0032701523802887147,-0.007505737408101018,-0.005175662477404041,-0.002986344469710779,-0.011070143782907353,0.011182088526692254,-0.015248151053736884,0.039341441879122724,-0.0028903992392857545,-0.00971298111115348,-0.0030974977331587037,0.0012365266411302248,0.0006713140950306728,-0.0011059712388463284
65.0,-0.0010616050163669935,-0.005067771712256035,-0.0041648633554514985,-0.011316091324260313,-0.005364667482576503,-0.015139464102993569,-0.003418537662334683,-0.030524826611344424,0.0026853287044525426,-0.05756891467333019,0.004004607787155333,-0.06372304779673724,0.002427781396954266,-0.05656476192406965,0.0020278142586866825,-0.05342618559300854,0.0015231285248331634,-0.0226865785443128,-0.01063452666502148,0.001676294500735414,-0.005824542049824805,-0.020302763479169376,-0.008075487296002699,-0.01188497835532109,-0.00955671375903905,-0.003433375261431238,-0.007221329919337916,-0.013449639165712525,-0.007819982911761803,-0.005939102054063754,-0.0077153910481886105,-0.00270295037246716,-0.00684964520552813,-0.006261601174257773,-0.006380774579520554,-0.009637093252449961,-0.005646468258393431,-0.0052344615308910405,-0.005635280653416043,-0.004253766405638498,-0.009165135433834185,0.0036964814584692324,-0.010490429224337277,0.010655968578800617,-0.010838105339614126,0.014861534384391415,-0.00823024015386338,-0.00029288343850417223,-0.003730892065045071,-0.009924010578187687,-0.00521523347082406,-0.005864786215130014,-0.006166538226757405,-0.006036743235989153,-0.00444993392941318,-0.002470349581420051,-0.004039536669545369,-0.0013100526585883255,-0.003203972927829727,-0.011318756292320813,0.06086215617813394,-0.24238513973776676,-0.05140611423465377,0.13251871659751532,-0.0032701523802887147,-0.007505737408101018,-0.005175662477404041,-0.002986344469710779,-0.011070143782907353,0.011182088526692254,-0.015248151053736884,0.039341441879122724,-0.0028903992392857545,-0.00971298111115348,-0.0030974977331587037,0.0012365266411302248,0.0006713140950306728,-0.0011059712388463284
66.0,-0.012860170869032293,-0.04318783536674395,-0.014176799498962521,-0.043016098485330785,-0.0054944125147513975,-0.04493490970163022,-0.0037457567141175856,-0.046518436130027575,-0.005473794408333231,-0.046920295398484024,-0.005368803665012477,-0.047054079647745176,-0.006838793394928448,-0.04585204987113843,-0.007231263544625086,-0.045558089078418615,-0.010060294405326442,-0.04422222115511856,-0.0027804867119154363,-0.04800405851369483,-0.003668045950889311,-0.04765465024643579,-0.0036553617933452976,-0.047440627084727606,-0.0018414539878268221,-0.04807875628284897,0.0007773733932718275,-0.04842226927817293,0.01398091609781961,-0.05213501372449551,0.020101257559950732,-0.05529503819658963,0.009235125327808767,-0.05079838365845922,0.003385353482160746,-0.0483104721626606,0.0044639975553756326,-0.05334188541545663,-0.0014919378009008082,-0.048817436231229576,0.04863655919063998,-0.06453427084770802,0.07840616188839891,-0.07688255642292215,0.05257904311078775,-0.07125117390547901,0.024082342871369174,-0.05708629417474768,-0.01765949047030264,-0.03909505383930516,-0.005795969167829239,-0.0448508943111844,0.00044526266299833357,-0.046991052180431224,-0.006150723726715014,-0.04487534195872369,-0.00504988977943349,-0.04511318911283359,-0.016412835152259355,-0.04148153915260505,-0.004824165295247093,-0.044727148778656176,-0.0027221336876655645,-0.04616777709509399,-0.0021077649954240538,-0.050161944719231334,-0.0036753974460724853,-0.04937903884803743,0.1478582636648885,-0.09197942255401649,0.0031803294575415025,-0.07331043296999566,-0.03503863746685592,-0.03265734095233004,-0.001895345876617442,-0.04503860125299301,-0.011793511395984974,-0.04248323153226797
67.0,-0.00526634623744531,0.0016900267757199512,-0.009292928872819602,0.011986701818203955,-0.010029036870122021,0.01851982014463878,-0.013136977480134064,0.03568637065395352,-0.014746736225141957,0.04460521304005999,-0.015273583164415112,0.047278442677727434,-0.013954210928933293,0.042043030251626985,-0.013475198411943732,0.03982194821517507,-0.00727027933807257,0.013680156217802289,-0.01678434257700301,0.05365077049837319,-0.016234595032578833,0.051328409705604996,-0.01553192222337862,0.04947280837203375,-0.01584720090006485,0.049174012281636564,-0.0136867367404376,0.03861261717165107,-0.009655189097936175,0.020618371913600803,-0.00804945621366809,0.013440745921581697,-0.008427094429703807,0.013220460333218642,-0.009012233243230042,0.015126020580454197,-0.001367938699339543,-0.006046261749320014,0.0031147298911279185,-0.01897276452478766,-0.009504896484989351,0.015524003638659589,-0.011126536553101503,0.018305107523482255,-0.01056648274985055,0.02032476196976557,-0.008250527243645937,0.014282172353766753,-0.01016196447373281,0.010073375368775145,-0.007379782151414781,0.005293453524979701,-0.0078474456707076,0.00871513883187281,-0.004378487034675131,-0.0036410323709968762,-0.0032372713936134655,-0.006421613024869376,-0.010478182033709165,0.011542645465667883,-0.02048190349204571,0.06677390021997726,-0.026117168089417015,0.08292193563970474,-0.00018336842823685792,-0.006836223840454542,0.010723879100876313,-0.037811383274075905,-0.0133371016742954,0.017480112734631303,-0.01190917515700926,0.0318209655544159,-0.011183020539425343,0.009409298633764962,-0.000318641235000664,-0.012122773776397476,-0.002451497468053224,-0.004473856596013049
68.0,-0.00526634623744531,0.0016900267757199512,-0.009292928872819602,0.011986701818203955,-0.010029036870122021,0.01851982014463878,-0.013136977480134064,0.03568637065395352,-0.014746736225141957,0.04460521304005999,-0.015273583164415112,0.047278442677727434,-0.013954210928933293,0.042043030251626985,-0.013475198411943732,0.03982194821517507,-0.00727027933807257,0.013680156217802289,-0.01678434257700301,0.05365077049837319,-0.016234595032578833,0.051328409705604996,-0.01553192222337862,0.04947280837203375,-0.01584720090006485,0.049174012281636564,-0.0136867367404376,0.03861261717165107,-0.009655189097936175,0.020618371913600803,-0.00804945621366809,0.013440745921581697,-0.008427094429703807,0.013220460333218642,-0.009012233243230042,0.015126020580454197,-0.001367938699339543,-0.006046261749320014,0.0031147298911279185,-0.01897276452478766,-0.009504896484989351,0.015524003638659589,-0.011126536553101503,0.018305107523482255,-0.01056648274985055,0.02032476196976557,-0.008250527243645937,0.014282172353766753,-0.01016196447373281,0.010073375368775145,-0.007379782151414781,0.005293453524979701,-0.0078474456707076,0.00871513883187281,-0.004378487034675131,-0.0036410323709968762,-0.0032372713936134655,-0.006421613024869376,-0.010478182033709165,0.011542645465667883,-0.02048190349204571,0.06677390021997726,-0.026117168089417015,0.08292193563970474,-0.00018336842823685792,-0.006836223840454542,0.010723879100876313,-0.037811383274075905,-0.0133371016742954,0.017480112734631303,-0.01190917515700926,0.0318209655544159,-0.011183020539425343,0.009409298633764962,-0.000318641235000664,-0.012122773776397476,-0.002451497468053224,-0.004473856596013049
69.0,-0.09915519842480043,-0.10580624763001505,-0.041788749162595715,-0.12425465500979824,-0.04995994073216309,-0.12392771608328057,-0.05728858375248863,-0.1256184782050103,-0.0611268161059908,-0.12638899424454694,-0.059031963810227225,-0.1268966114854355,-0.06846961047376121,-0.1232770412518247,-0.07182604095366185,-0.12194172283381055,-0.10898322756988302,-0.10643353593466418,-0.04841832953625242,-0.12892229626101623,-0.052189888280779966,-0.12817748124445402,-0.05415243362076231,-0.12800729240976783,-0.04928478157310039,-0.12860665315881087,-0.050206167688277084,-0.12809178923173867,-0.039902481117846375,-0.13050302533645222,-0.03221571131663192,-0.1341551053899119,-0.038126375039490464,-0.13239668818672629,-0.04359810024785068,-0.1287850640456941,-0.02599421613025219,-0.1369583874237719,-0.028596396463814216,-0.12832418639960153,-0.01572690559103962,-0.13794137208254176,0.005497075607360891,-0.14478734732474102,-0.0030848669493672375,-0.14213968650711947,-0.03008869690923364,-0.1354207141794317,-0.01814779022527465,-0.15030623382376132,-0.032777067902474345,-0.14146100381811802,-0.037768686005736955,-0.1358570414603305,-0.03175874186436244,-0.14159989935285297,-0.02731091265338309,-0.14209531880548731,-0.06212096631418231,-0.11673788345525479,-0.029952543276987535,-0.12218379148690836,-0.021804340401045615,-0.12339059245673353,-0.015080078080830972,-0.13061571540427241,-0.018161051610550562,-0.13120054360672295,0.04120569241282625,-0.14987745405430147,0.0013845237397789201,-0.14363179655833114,0.07440547806302149,-0.1682363463017351,-0.014814960601213028,-0.14111230668725602,-0.1325472923810362,-0.09434765901735599
70.0,-0.001094813724640794,-0.0017028687827991434,0.008595270332162891,-0.004747525459946966,0.013942592020390823,-0.004790691052125821,0.023275157035464487,-0.007824528172062655,0.026403768333054804,-0.009599316451871048,0.027367605359930096,-0.010232951808179201,0.02545514783969639,-0.00874291577780372,0.0243410141710539,-0.008193598982141974,0.005867782768771049,-0.003258783725171317,0.02792508443287973,-0.011308924740090572,0.02773908344650078,-0.010888042529848242,0.027799810206192915,-0.010128653587356626,0.02697383052805969,-0.010538380699879077,0.024541754009742976,-0.008823154909618484,0.021220317787930897,-0.006818666023452157,0.019277699886236562,-0.006421693339254984,0.010733776526137481,-0.0031206041704273965,0.012014119961473918,-0.003680513651357153,0.08447897966356416,-0.028929977414013305,0.10946384909778344,-0.031109321547046168,-0.0028488046998764384,-0.0008126184777255452,-0.02569303224860518,0.005008915977797935,-0.02123841470995747,0.00405057521203342,0.013408477870139726,-0.0047697839158835405,-0.0004954607380602815,0.005572778155877491,-0.02484096293771516,0.01147481064869005,-0.00865612119557366,0.004409275187609393,-0.06830721335242697,0.026636361753392897,-0.08115944815033305,0.03323998235933565,0.028926524480811094,-0.00987676504143994,0.036980865475537764,-0.01561577167151175,0.032212757750560955,-0.015908021903373662,0.09907712981930214,-0.038878912542232594,0.14396595001253804,-0.049515313567441044,-0.05603575406331516,0.010617502746055996,-0.03502556461679969,0.008802170266334352,-0.011540941157710692,0.008177047502619616,-0.10536172678764949,0.04703580483389247,-0.007028492669938416,-9.217005798330047e-5
71.0,0.03635283771985572,-0.005808166195534148,0.014992232095152625,0.001231419532133032,0.02459232451784523,0.001815412417431979,0.047684345404476594,-0.005028374127825716,0.06107960170354412,-0.010454363787593592,0.06308822875931501,-0.011775985550723744,0.06309620450440268,-0.009833837402023976,0.06262340232553865,-0.009306612068461803,0.0550924939271932,-0.00940246154120134,0.05866300244059632,-0.012270659759111924,0.0600946671406594,-0.01197239005715943,0.058644541217067796,-0.009960739215167122,0.054929911807994,-0.010180138612112522,0.0452925541197517,-0.005311011602063134,0.02016615940744282,0.004692549749034623,0.008660961721974312,0.008973273110299742,0.011742954581120032,0.008583664658128192,0.01677969246681107,0.006052410488444575,6.379389899482736e-5,0.011243806750834365,-0.003807827774121129,0.011324497642730825,-0.0018840834818267336,0.011676666376320236,-0.013071449958355312,0.014790119339798225,-0.0088744072018583,0.01385973682351172,0.006292740087847168,0.009722426126479146,-0.006163695141285281,0.024938999603062246,0.0024681874400835015,0.017077432376031966,0.0070005424801299005,0.013036148887398897,0.0011158133149965135,0.017555048081739234,0.00024098003759603296,0.017827012424180798,0.04547604001352808,-0.006610140279489668,0.0831225010336286,-0.02409968849870962,0.06718547491275284,-0.022178861363991925,-0.00266177593898462,0.011289646545997218,-0.009830394472839538,0.01329682434794295,-0.031042334853303537,0.01797956601461463,-0.009184380736488047,0.015289802479182756,-0.08049862781282159,0.042947689582964764,-0.00186194018406537,0.01816620501225544,0.04883417773272741,-0.009359775052310986
72.0,0.03635283771985572,-0.005808166195534148,0.014992232095152625,0.001231419532133032,0.02459232451784523,0.001815412417431979,0.047684345404476594,-0.005028374127825716,0.06107960170354412,-0.010454363787593592,0.06308822875931501,-0.011775985550723744,0.06309620450440268,-0.009833837402023976,0.06262340232553865,-0.009306612068461803,0.0550924939271932,-0.00940246154120134,0.05866300244059632,-0.012270659759111924,0.0600946671406594,-0.01197239005715943,0.058644541217067796,-0.009960739215167122,0.054929911807994,-0.010180138612112522,0.0452925541197517,-0.005311011602063134,0.02016615940744282,0.004692549749034623,0.008660961721974312,0.008973273110299742,0.011742954581120032,0.008583664658128192,0.01677969246681107,0.006052410488444575,6.379389899482736e-5,0.011243806750834365,-0.003807827774121129,0.011324497642730825,-0.0018840834818267336,0.011676666376320236,-0.013071449958355312,0.014790119339798225,-0.0088744072018583,0.01385973682351172,0.006292740087847168,0.009722426126479146,-0.006163695141285281,0.024938999603062246,0.0024681874400835015,0.017077432376031966,0.0070005424801299005,0.013036148887398897,0.0011158133149965135,0.017555048081739234,0.00024098003759603296,0.017827012424180798,0.04547604001352808,-0.006610140279489668,0.0831225010336286,-0.02409968849870962,0.06718547491275284,-0.022178861363991925,-0.00266177593898462,0.011289646545997218,-0.009830394472839538,0.01329682434794295,-0.031042334853303537,0.01797956601461463,-0.009184380736488047,0.015289802479182756,-0.08049862781282159,0.042947689582964764,-0.00186194018406537,0.01816620501225544,0.04883417773272741,-0.009359775052310986
73.0,-0.05452293627734793,0.01819235805880234,-0.008142896312175702,0.003811800197021806,0.00043240928323978316,-0.0008702385665184711,0.006146118925965575,-0.0034818512473442412,0.002103303942284384,-0.0025702183713391643,0.00302305768650787,-0.0029408242826192044,-0.0026525806471348803,-0.0010936711409027888,-0.005444600347584743,-0.00010059796792998376,-0.051276358326015584,0.015575113356570237,0.022761138064694365,-0.009902172524961094,0.016116469763289964,-0.007493990827620092,0.018261332267164723,-0.00771974005327007,0.019860561658450637,-0.008735458849384937,0.013400259102951983,-0.0062771818446929065,0.011521372336454134,-0.005991776209136068,0.010465678311066444,-0.0061794682895032465,0.006928772129411111,-0.004920077953617926,0.004464162395924799,-0.0033326850660511296,0.014009879258961555,-0.008329484511303695,-0.014926322053323948,-0.00187783090131611,0.013703630590949705,-0.007423520858842838,0.01682660617005338,-0.009241625695429898,0.00493934521542581,-0.006926589254272485,0.009621540698052444,-0.0061448582901926,0.00380824029757562,-0.009617478061595828,0.0037583818826093717,-0.006730967474684735,0.0052428755893246986,-0.005762373187123372,0.0012639224118924629,-0.006156296290112423,0.0005859920633456846,-0.006050329650349975,-0.027168497265746414,0.008618255381277758,-0.011742154773401006,0.0005447562222005007,0.06997409081347815,-0.02249653696007687,0.045109511452613146,-0.015514110797043831,-0.05067825162675286,0.007456244200213508,0.03802840167322225,-0.013088363692108102,-0.03236563828252389,-0.003085751300996414,0.042040311012281686,-0.018995970213200625,-0.0007917166486834835,-0.005821050348170677,-0.08204493327548887,0.02527250917406052
74.0,-0.07455786027494571,0.026033083565166742,-0.012592022826678331,0.0069590459876478356,-0.004427651385157048,0.0011426520665299598,0.004012412941102304,-0.0026578906055027014,0.000918176385922817,-0.0020725018757883655,0.0025850314625689066,-0.0026894204624647302,-0.005181575964827659,-0.0002172814764758111,-0.008996681281380474,0.0011330232182205995,-0.07022162051071634,0.022297913550401397,0.026623626824977063,-0.011093508253988684,0.018501940170413195,-0.008177978203431188,0.020655569810895225,-0.008350487610962513,0.022178855259847852,-0.009408673600877692,0.0120703739871126,-0.005756846560690745,0.0036946244300663394,-0.003500613636994958,2.222256646927575e-5,-0.002617571831427072,-0.000738383086595645,-0.0026504649115723497,-0.002163546011772591,-0.001206849205676972,-0.007251814806872806,-0.00035688490979319745,0.006418500400624538,-0.0031483356219181567,0.0008956358197524672,-0.002866618489618682,0.0018488635098828456,-0.003215979334248061,0.0006656196998909404,-0.0029681522428115256,7.73433479845523e-5,-0.0026606668263513935,0.00690126366051668,-0.01487786688849787,0.0022169714331239346,-0.008527456271616152,0.0008235778890827926,-0.005718875278304673,0.0010558843990084283,-0.00832884201080472,0.0008591968636500474,-0.0083566920868724,-0.0425842373230079,0.014518417933936812,-0.008262132827173594,-0.00015287792824751406,0.08895535212173715,-0.02728111114319793,-0.02624663378801427,0.004139432680719679,0.023738922490824658,-0.007695477164781574,0.004636504063247114,-0.003699322021407566,-0.0021076520781020533,-0.002748681425907545,0.07254959785225312,-0.03104396735105055,0.0005195561968232593,-0.008358660483915079,-0.1112949405882585,0.0353757159827463
75.0,-0.05053384824228006,0.02195425947176505,-0.009916838343484004,0.00956762994467423,-0.00814128160727608,0.006098620858832448,-0.004998785055418573,0.004350358352976773,-0.005369289298030754,0.004451601253574293,-0.004012025480506702,0.004035223304270794,-0.008992692248022372,0.005369865689354187,-0.011424539709238785,0.006186948112258048,-0.049287989708476525,0.01967613153397134,0.003830130186937036,0.0015072378187662601,0.0011638880747000973,0.002380513259696348,0.0016105139971926503,0.002250142600562553,0.0019077816271760957,0.0021105504576172693,-0.0025441096676636315,0.0034741217038312027,-0.008001415452175442,0.004754684091966066,-0.010201817792595248,0.00557788489441269,-0.008123689057777906,0.004300638551397585,-0.008155368053386031,0.004921496119379825,0.0012887406663566895,0.0028757895508501052,-0.000297566345888491,0.003030672496002191,-0.022868085626213806,0.009461339870858764,-0.03553763558884315,0.014282228660872991,-0.015255841146580157,0.010315170927409488,-0.01089508624331285,0.006084735711546725,0.007158292950818946,-0.009517394903484907,-0.00035131689768333317,-0.002695456110128669,-0.003956910486969371,0.0004996508650611292,-3.0190452588378595e-6,-0.0028158446021188193,0.0001749599955494961,-0.002877433371115238,-0.035741778666718176,0.01601004545295476,0.006211629281749404,0.0017791132838574772,0.02689163971689578,-0.003773197742341069,0.011771207393285157,0.0005449773763915698,-0.0025914995649557815,0.0036464680813360403,-0.07928815851201557,0.022268612212153285,0.03909071199997415,0.005863986762880791,0.06695470739755031,-0.024394301793710993,0.0005831308368522741,-0.002969802284979102,-0.074584322627401,0.027918117355860576
76.0,-0.004842671270349675,0.003145938265907069,-0.0050941120263289,0.010198721855755754,-0.006422532169417924,0.010661882666849531,-0.0077502733649511425,0.010721455930219689,-0.008057854269030919,0.010307232699625204,-0.008131567624946875,0.01048573796345048,-0.007933245370082482,0.009361272855947688,-0.007831421609812603,0.00891649784163919,-0.005930318647516038,0.002952567601404433,-0.008546431323278132,0.011810916580688901,-0.00840499933508125,0.011349479514504334,-0.008400228944907776,0.011292301376497714,-0.00841185345422548,0.011758163997167078,-0.00809415616233053,0.01174483058844349,-0.00790283330839519,0.013365015157855998,-0.007790973512205737,0.014511474037622474,-0.006952825234271972,0.012933539265900745,-0.006731466709339438,0.011976247547705031,-0.009817650890199453,0.0176502939130111,-0.010004116571979258,0.017214479555437444,-0.007940462714335503,0.016076726157434516,-0.008270668812782999,0.018296593519714237,-0.008657906456806499,0.017974924377120484,-0.007738485521141248,0.014868374892313352,-0.004481190356150551,0.010538932139946802,-0.004882036546337644,0.011300775027502761,-0.005770068579132086,0.01181759596974893,-0.0037327056002497954,0.010934732050372558,-0.0035383423231158057,0.010990442631760472,-0.004066859873832036,0.011482632801426354,-0.007759544135075546,0.011306831354890573,-0.009571835403037828,0.0134301672570962,-0.01003753754495559,0.01825760395762937,-0.012089215349173232,0.019974479528518243,-0.007960805567045896,0.020614084041251056,-0.011153304425936253,0.020343932471989977,-0.0036904390919043333,0.011539722299544983,-0.003114983804733709,0.01105947606400453,-0.0044125604114781634,-0.0011813170816589301
77.0,-0.004842671270349675,0.003145938265907069,-0.0050941120263289,0.010198721855755754,-0.006422532169417924,0.010661882666849531,-0.0077502733649511425,0.010721455930219689,-0.008057854269030919,0.010307232699625204,-0.008131567624946875,0.01048573796345048,-0.007933245370082482,0.009361272855947688,-0.007831421609812603,0.00891649784163919,-0.005930318647516038,0.002952567601404433,-0.008546431323278132,0.011810916580688901,-0.00840499933508125,0.011349479514504334,-0.008400228944907776,0.011292301376497714,-0.00841185345422548,0.011758163997167078,-0.00809415616233053,0.01174483058844349,-0.00790283330839519,0.013365015157855998,-0.007790973512205737,0.014511474037622474,-0.006952825234271972,0.012933539265900745,-0.006731466709339438,0.011976247547705031,-0.009817650890199453,0.0176502939130111,-0.010004116571979258,0.017214479555437444,-0.007940462714335503,0.016076726157434516,-0.008270668812782999,0.018296593519714237,-0.008657906456806499,0.017974924377120484,-0.007738485521141248,0.014868374892313352,-0.004481190356150551,0.010538932139946802,-0.004882036546337644,0.011300775027502761,-0.005770068579132086,0.01181759596974893,-0.0037327056002497954,0.010934732050372558,-0.0035383423231158057,0.010990442631760472,-0.004066859873832036,0.011482632801426354,-0.007759544135075546,0.011306831354890573,-0.009571835403037828,0.0134301672570962,-0.01003753754495559,0.01825760395762937,-0.012089215349173232,0.019974479528518243,-0.007960805567045896,0.020614084041251056,-0.011153304425936253,0.020343932471989977,-0.0036904390919043333,0.011539722299544983,-0.003114983804733709,0.01105947606400453,-0.0044125604114781634,-0.0011813170816589301
78.0,0.0022918440814584766,-0.04559691501628492,0.0121485589602518,-0.04990483531401572,0.001331692293928084,-0.0422642802874679,-0.004393968495649109,-0.040809127932752605,-0.00551866316951237,-0.041411954847127556,-0.005487359847627617,-0.04147893478606007,-0.006324012588019528,-0.04074170773559294,-0.006439059523188165,-0.04064980172411443,-0.00497213939618787,-0.04220908250609412,-0.004715403818490958,-0.04145000592558589,-0.005029330665998358,-0.041422281795178886,-0.005803405419585133,-0.040958172168142994,-0.004904618148658324,-0.04113832653578947,-0.005145236702989669,-0.04046705481772568,-0.006861732725127058,-0.038132342216936135,-0.00678928600753805,-0.03792905938000186,-0.0052624154692811915,-0.03787754872201633,-0.0029780832558673584,-0.039387184104612144,-0.004813571896869888,-0.03897972916830103,-0.005662433605705652,-0.03647010158640921,-0.007815307360429524,-0.037486517127239063,-0.007649299529470031,-0.037741657229554124,-0.006082173886906012,-0.037785891179482084,-0.007266581627275889,-0.037934836206982486,-0.009163516382548373,-0.0259626347582871,-0.007491360105760859,-0.03222281465435196,-0.007101922999535583,-0.03444326001056688,-0.0060167938811942125,-0.03265426112636768,-0.004627354132031972,-0.03292577563605504,0.08324579358967951,-0.06647245589585497,-0.0036867049556958778,-0.03967207291105441,-0.0017612604514361423,-0.040117359788685414,-0.0017560680483924111,-0.03741984310755653,-0.002828946028709261,-0.037481586730640164,-0.009637168008612348,-0.0370371636431462,0.0015798699368126498,-0.038237918194778356,-0.07669300209091409,-0.00834130715204466,-0.0010446782863322347,-0.03302654772139401,-0.0038067884068257703,-0.04242796617140541
79.0,0.0006361327416720295,0.005862083799398485,0.002485586621046031,0.018257473664564157,0.005257873608056783,0.010887056562086207,0.00580016275414987,0.004765434339166168,0.0052258026816569825,0.0035887928955434275,0.005147324171062476,0.003453685577718142,0.0050369881387828126,0.003199078412539367,0.004915758063902063,0.0030688483060393305,0.0019021197402529484,0.0002111411582850167,0.005378588853892857,0.0028850121550695147,0.005320223674722419,0.0030720869019166906,0.005647048302547547,0.002954459382254741,0.005620638947946867,0.002702711599040275,0.006182224391376923,0.002219598556746466,0.007901973889563962,-0.003124436937308352,0.008436395973692026,-0.00564811423601005,0.007301186149398292,0.007421634448052841,0.006612680008424345,0.008738289125367412,0.012374651530450765,-0.037166473548026935,0.015028895182749313,-0.052384303876598724,0.00836260264913345,-0.006936494456027826,0.008207342225715356,-0.008657861472857993,0.008156591424276886,-0.008730210472445274,0.008349395725787839,-0.005960998165554787,0.006398700363772138,0.02552090558588434,0.00511924211099331,0.049891915310652006,0.006446152348933158,0.030016606296949924,0.001109259285159256,0.09879862373925616,-0.00251494895921354,0.11516886903150543,0.0011942169234885507,0.018391122096460925,0.0036982935661607793,0.0035194442993198016,0.004114208664699507,0.002583908233506287,0.01189031965442624,-0.041055283187883554,0.02395776052402977,-0.0796756992017742,0.007991565187276721,-0.010109449974004843,0.008105982559633561,-0.011769883608401638,0.004347743195073386,0.024938285239762274,-0.013222012111762965,0.148465686264084,-0.00016227902582010773,-0.0018050350931495273
80.0,0.0006361327416720295,0.005862083799398485,0.002485586621046031,0.018257473664564157,0.005257873608056783,0.010887056562086207,0.00580016275414987,0.004765434339166168,0.0052258026816569825,0.0035887928955434275,0.005147324171062476,0.003453685577718142,0.0050369881387828126,0.003199078412539367,0.004915758063902063,0.0030688483060393305,0.0019021197402529484,0.0002111411582850167,0.005378588853892857,0.0028850121550695147,0.005320223674722419,0.0030720869019166906,0.005647048302547547,0.002954459382254741,0.005620638947946867,0.002702711599040275,0.006182224391376923,0.002219598556746466,0.007901973889563962,-0.003124436937308352,0.008436395973692026,-0.00564811423601005,0.007301186149398292,0.007421634448052841,0.006612680008424345,0.008738289125367412,0.012374651530450765,-0.037166473548026935,0.015028895182749313,-0.052384303876598724,0.00836260264913345,-0.006936494456027826,0.008207342225715356,-0.008657861472857993,0.008156591424276886,-0.008730210472445274,0.008349395725787839,-0.005960998165554787,0.006398700363772138,0.02552090558588434,0.00511924211099331,0.049891915310652006,0.006446152348933158,0.030016606296949924,0.001109259285159256,0.09879862373925616,-0.00251494895921354,0.11516886903150543,0.0011942169234885507,0.018391122096460925,0.0036982935661607793,0.0035194442993198016,0.004114208664699507,0.002583908233506287,0.01189031965442624,-0.041055283187883554,0.02395776052402977,-0.0796756992017742,0.007991565187276721,-0.010109449974004843,0.008105982559633561,-0.011769883608401638,0.004347743195073386,0.024938285239762274,-0.013222012111762965,0.148465686264084,-0.00016227902582010773,-0.0018050350931495273
81.0,-0.06587889182328695,-0.3250146872883254,-0.06999231325522319,-0.3238446343670973,-0.08980183555553882,-0.31318151468703576,-0.08936388480942128,-0.32070757936729805,-0.08249742661607791,-0.3286481312175145,-0.07900594074939774,-0.32998302907099664,-0.08752780595613059,-0.32346847268527545,-0.08904629928696652,-0.3221701525024935,-0.07401889918757391,-0.32465840877035285,-0.06755936384234192,-0.3320483565145749,-0.07195711027656435,-0.3310876041104303,-0.07932077476099839,-0.3283768671207613,-0.07181383834571542,-0.32969875164275275,-0.08010292860923769,-0.32466881802279934,-0.0817231766887826,-0.3186393074091331,-0.07496098133073589,-0.32248209331725153,-0.08255489820751448,-0.3194026371030565,-0.08755421459631277,-0.3160076299316636,-0.04910131898319736,-0.33301266278146774,-0.0536853330358062,-0.3122333324603798,-0.06010849831152435,-0.3246913991768428,-0.03428098529891999,-0.3333108668093718,-0.03518488129381844,-0.33087697359216034,-0.07421123984117631,-0.32404232331879806,-0.06912389872512517,-0.32366642708993565,-0.0782020974331855,-0.3247500401198564,-0.08618035148615759,-0.31892704475821787,-0.06323258266930575,-0.32912349656709566,-0.04913273703654088,-0.3318102187026617,-0.045117099427151176,-0.32434166221819305,-0.037592765533183074,-0.31820359775905804,-0.018824328255275836,-0.32216980699625003,-0.017724730140900615,-0.3199841721558961,-0.026102065735088643,-0.32121176433836723,-0.004261499899315203,-0.33517434212294067,0.011965595475258693,-0.33498779757667835,-0.044153283938522137,-0.3175992385331107,-0.012711529829450058,-0.33268278086707265,-0.06192604641711296,-0.31977361485807676
82.0,-0.06587889182329,-0.32501468728832317,-0.06999231325522287,-0.32384463436709615,-0.0898018355555384,-0.3131815146870348,-0.08936388480942088,-0.320707579367297,-0.08249742661607762,-0.32864813121751346,-0.07900594074939739,-0.3299830290709955,-0.08752780595613059,-0.3234684726852743,-0.08904629928696668,-0.3221701525024923,-0.074018899187577,-0.32465840877035074,-0.06755936384234126,-0.3320483565145741,-0.07195711027656379,-0.33108760411042937,-0.07932077476099775,-0.32837686712076036,-0.07181383834571481,-0.3296987516427518,-0.08010292860923712,-0.32466881802279857,-0.08172317668878207,-0.31863930740913216,-0.07496098133073537,-0.3224820933172506,-0.08255489820751402,-0.3194026371030555,-0.08755421459631232,-0.31600762993166276,-0.04910131898319714,-0.3330126627814667,-0.05368533303580596,-0.3122333324603788,-0.06010849831152373,-0.3246913991768419,-0.03428098529891933,-0.33331086680937083,-0.03518488129381799,-0.3308769735921594,-0.0742112398411758,-0.32404232331879707,-0.06912389872512481,-0.3236664270899346,-0.07820209743318512,-0.32475004011985537,-0.08618035148615716,-0.31892704475821676,-0.0632325826693055,-0.3291234965670946,-0.04913273703654074,-0.33181021870266064,-0.04511709942714986,-0.32434166221819216,-0.0375927655331819,-0.3182035977590573,-0.01882432825527454,-0.3221698069962494,-0.017724730140900615,-0.31998417215589503,-0.026102065735088498,-0.3212117643383662,-0.004261499899314176,-0.3351743421229398,0.011965595475258457,-0.3349877975766773,-0.04415328393852147,-0.3175992385331098,-0.012711529829450102,-0.33268278086707165,-0.061926046417118,-0.319773614858074
