1.0,5.724086600358858e-7,-9.531095239607756e-7,-4.202448609029817e-5,-1.8472073629571317e-5,0.007215538706420406,1.9069423513794823e-6,2.5480019635205462e-6,-3.596769829143127e-6,5.988930320471153e-6,-8.128886022353535e-5,-0.00018773534966767352,0.004253611748327238,-8.64444973176223e-6,-1.1550467099436883e-5,-6.666785569956619e-6,1.1100769895334517e-5,-8.62795345587568e-5,-0.0002901249970951004,0.0034299532373311048,-1.8931350294485105e-5,-2.5295530138944988e-5,-1.7842735822024552e-6,2.970968581294738e-6,-0.00012173101031521253,-0.0003406590656447361,0.0032473006148052144,-4.047711555803217e-6,-5.408436696847207e-6,-5.00701364274379e-6,8.33710725019351e-6,-0.0001155062951734424,-0.0011598800050623534,0.009441212229449982,-1.0326049457726457e-5,-1.379737267606588e-5,0.006782969166248382,0.18704372823261575,0.004408538537464567,-0.034024234285064625,5.618454862176701e-5,-0.00010625587496569506,-0.29242661709197926,-0.5530354470340695,-0.00278722909548387,-0.00527119078370914,0.0004158648951106704,-2.1846671367067165e-5,3.637658197943979e-5,-0.00012242251508030305,-0.000706093147776587,0.012986323322770187,-4.574791239126866e-5,-6.112705531756388e-5,0.005179627738911422,0.14283079568809248,0.0025908588017415925,-0.03922425953962094,3.3019158408209154e-5,-0.00013860831762657695,-0.17185653146336952,-0.7214218776539738,-0.001638029840179353,-0.006876145775173017,0.0004589537535084185,-2.6712352614453617e-6,4.447835866699018e-6,-7.419141090688165e-5,-9.772275104394243e-5,0.005882851868811574,-7.309931581770496e-6,-9.767322022147002e-6,1.1355804252815224e-6,-1.8908388257601317e-6,-1.276208011195005e-5,2.7318390832437765e-5,0.00037917767987769095,4.503705460200833e-5,6.017722742082158e-5
2.0,3.669844959144926e-6,-6.0940946438341775e-6,9.348126586012215e-6,1.676222616751155e-5,-0.0017436348881069794,1.2192826559001971e-5,1.6291800940966603e-5,-7.560661696232599e-7,1.2555132017951588e-6,-5.332867116277548e-6,-1.8128157681722243e-5,0.0003248031068649494,-1.8122154271344973e-6,-2.4214445156017013e-6,-1.3717302141882425e-6,2.2778765436055036e-6,-6.0873736770691065e-6,-3.339051227852171e-5,0.0003278766347236376,-3.884714620396602e-6,-5.190674779273905e-6,-4.070350838766668e-6,6.759169262281482e-6,-2.2186328402193322e-5,-0.00011890344186274824,0.0008329946012346585,-9.208847185749039e-6,-1.2304669841712941e-5,-2.8220979141559653e-6,4.686337426942382e-6,-1.9734578285057516e-5,-0.0003609424844015556,0.0023803463810280127,-5.804339604329383e-6,-7.755637707939806e-6,0.00975931133106993,0.2691498711349943,0.009061207843358371,-0.034742496403516766,0.00011579331375240433,-0.00022879181139110133,-0.30716948007156836,-0.6069250505338321,-0.0029277334126575683,-0.0057848024131556975,0.00027336739371450436,-2.053211689478016e-5,3.409535416037316e-5,-2.9747283362052072e-5,-0.00041567238169581917,0.0061119794177435455,-4.2879039036620894e-5,-5.729407903434722e-5,-0.006886133316431871,-0.18991113531089987,-0.004172631458680099,0.034430474286535236,-5.332212129068273e-5,0.00024020034061860722,0.14144969630576026,0.6371889052638222,0.0013482036109037628,0.006073257173283115,-0.0002538085726914562,2.2162669275277628e-6,-3.680302727438506e-6,3.0568626726641878e-6,2.170491931806328e-5,-0.0005498494991062413,6.0485120411481144e-6,8.081895833294662e-6,8.212426187609128e-8,-1.363744327086466e-7,1.2749395434930651e-6,3.162514533970224e-6,-3.885655397444647e-5,3.248245700847748e-6,4.340238262997429e-6
3.0,2.2123166127762935e-5,-3.652584161415066e-5,-1.079384289564408e-5,6.805653400154322e-5,0.0010552444829137531,7.307963845574485e-5,9.764869840675797e-5,5.671741234518272e-6,-9.364171511925317e-6,-2.565957447948112e-5,1.657573789083328e-5,0.0007456125447809696,1.3516332169028288e-5,1.806046487679758e-5,4.688309582589034e-6,-7.740503880054462e-6,-3.2345807980192554e-5,-5.870368048058331e-6,0.0006019100181747231,1.3200765840584008e-5,1.7638806506767575e-5,5.972082156982911e-6,-9.860041085974531e-6,-3.1675616751797715e-5,8.524668283653298e-6,0.0004325273541862419,1.3433575666746873e-5,1.7949885994590838e-5,1.966300425990929e-6,-3.246405939848231e-6,-3.231319330036134e-5,-4.6073880471038855e-5,0.0013284626652320035,4.020897853141195e-6,5.372706407456281e-6,0.00030486167007264897,0.008409858174499045,0.006222541466020923,0.005105738530003614,7.997858507136149e-5,6.394882552970332e-5,-0.1034061207759217,0.08268088225191055,-0.0009855865766865792,0.0007880497506727919,-2.1286769810812642e-6,3.0302974309249848e-6,-5.003088769733795e-6,-1.8998343683705945e-5,-6.652016751051e-6,0.0007685516150680241,6.292004197202581e-6,8.407348930697681e-6,-0.02556256760515243,-0.7051643064348779,-0.04174119839962984,-0.007829515816730623,-0.0005365013644962226,-2.9060203183416787e-5,0.6936547416353438,-0.03757259366219218,0.006611376551564687,-0.0003581126889436255,9.093439722540858e-5,7.545443382635802e-6,-1.245769562592616e-5,-3.7021387385889524e-5,2.5440399597993482e-5,0.0016446239143705036,2.0474046200033376e-5,2.7357332422543037e-5,1.503230413002111e-6,-2.481867001205258e-6,-1.951356473298856e-6,4.389535853195096e-5,5.1406521312246804e-5,5.911468465691744e-5,7.898878723886363e-5
4.0,-1.6878210182205577e-5,2.7848676819514362e-5,1.3864824503789509e-5,-4.915615946851608e-5,-0.0017747099525587617,-5.5718681251699215e-5,-7.445116325918876e-5,-9.254321783924798e-6,1.5269428082873558e-5,5.540835464064915e-5,-2.432829149627188e-6,-0.001872655566293828,-2.2040039711179206e-5,-2.9449846225949857e-5,-7.827918425639871e-6,1.2915893809363573e-5,7.09905245565331e-5,4.808912552397393e-5,-0.0015550195809065743,-2.2026955058159347e-5,-2.943236254514027e-5,-1.9841619675016272e-5,3.2738237522860556e-5,0.00011180324676373546,-1.1228466174280017e-5,-0.0016067105949332766,-4.460343457394932e-5,-5.959899830333669e-5,-6.307560098677046e-6,1.0407335897083174e-5,0.0001136169657850624,0.00021226880869722406,-0.004907931943494462,-1.28902070400238e-5,-1.722386257574727e-5,0.025292699021475903,0.6977393327920861,0.038079059255518785,0.022602606393396004,0.0004897414969456204,0.0001402735533990251,-0.5994179537709332,0.17168748620716964,-0.005713177779686695,0.0016363893091541951,-0.00019111602569676098,-3.365810258831836e-5,5.553513146372383e-5,0.0001890925335291797,1.0740068380204242e-5,-0.006977668549282952,-6.984232760478714e-5,-9.33231443761943e-5,0.010938979803597862,0.30176915730139225,0.009976938308260979,-0.0019176570923568298,0.00012831516317643305,-6.168364145992646e-5,-0.15705104247322904,-0.07549754802776666,-0.0014968863052800484,-0.0007195829072238433,-4.703533725236934e-5,-7.771441329181297e-6,1.2822707838225395e-5,4.6354376466394554e-5,-1.782346525014698e-5,-0.0023031948246018783,-2.1073943701687988e-5,-2.8158951141737457e-5,-1.7054312414761925e-6,2.813924164300111e-6,4.172576272147834e-6,-4.870393342914964e-5,-0.00011739356129583953,-6.702384931508512e-5,-8.955710069793294e-5
5.0,-0.00010082306344679816,8.56714273706679e-6,-1.2744091219236585e-5,-2.1557302602273636e-5,0.0016189892154121,-1.726259221960183e-5,-2.4016420793450257e-5,-0.00011216572379735038,9.53095187871844e-6,-1.7955178770008006e-5,-9.188120449338523e-5,0.0011194406209252493,-1.3854779675894708e-5,-1.927533330239456e-5,-0.00013029057458158012,1.1071057668489678e-5,-1.3417977267653588e-5,-0.00012138266492155302,0.0008873766180419325,-1.901484800186974e-5,-2.6454230345437095e-5,-0.00021192347345533577,1.8007572715557974e-5,-1.7857404886582824e-5,-0.00020658003067083563,0.0009540565084865271,-2.4708246694615153e-5,-3.43751182985108e-5,-0.00012543713551146292,1.0658650984358674e-5,-2.1308526773321655e-5,-0.0007245204109438139,0.0025564018918744946,-1.3295243875924196e-5,-1.8496884327367008e-5,0.004467076824845879,0.6727497356160643,-0.5274815090541131,0.45568878233715404,-0.13173160843573897,0.11391698912054217,-0.027436896413928193,-0.023726489607132837,-0.00022506100111766405,-0.0001946250677962296,0.00020887479912845412,-0.000615029435307092,5.2260314055455345e-5,-1.2586392900655727e-5,-0.0004934260153047013,0.004664093945311332,-6.619065224563909e-5,-9.208712901895545e-5,0.0008988110250820113,0.13536254315775562,-0.06707024066993426,0.07930995620757121,-0.016749915456534543,0.019845062525019334,-0.003488651668056002,-0.004133305079680716,-2.8616919099078032e-5,-3.39049221223402e-5,7.001307336143296e-5,-6.895392654545511e-5,5.859156732599437e-6,-1.786939733153312e-5,-4.098520294705296e-5,0.0012243592564645884,-9.697838091477256e-6,-1.349202700436734e-5,-4.737465401178798e-6,4.025521633286596e-7,-3.3897412605967013e-6,-9.336013397684673e-6,8.468082101876249e-5,-9.656347534921216e-6,-1.343430365362316e-5
6.0,0.00022025518922065606,-1.8565640891161612e-5,2.4140957150557423e-5,4.557467662562253e-5,-0.0030830024891541534,3.741159398676491e-5,5.2066789142094484e-5,6.183601186127956e-5,-5.212250364787419e-6,1.6280974172271734e-5,6.026381477429296e-5,-0.0008720656823909514,7.577306822666189e-6,1.0545555389536674e-5,6.566563353663586e-5,-5.535054930820817e-6,1.404971690440532e-5,7.551365961934411e-5,-0.0006468548874218278,9.507184852471214e-6,1.3231422035235382e-5,1.5241209595346853e-5,-1.2847044607630046e-6,1.3851502839215497e-5,4.461188629615837e-5,-0.00034919826667093506,1.7628535782051925e-6,2.453413922354561e-6,1.6984574983999925e-5,-1.4316553492377657e-6,1.6664688674339125e-5,0.0001810915377023954,-0.0009665677701313708,1.7859068562128427e-6,2.4854978310362026e-6,0.0008796953562524978,0.1377108734814743,-0.1318142604760701,0.1504551283237612,-0.03318466739322444,0.037894135159036786,-0.007129888266062901,-0.008141740495088931,-5.816877622737325e-5,-6.642391747034319e-5,3.0291076214138203e-5,-7.340452972010723e-5,6.187378119836529e-6,1.3100872916113328e-5,-2.59184519518825e-5,-0.00018629938875704645,-7.837139195861365e-6,-1.0907171561087726e-5,-0.003912322935488276,-0.6124499861881875,0.4202269038708028,-0.5929476546136759,0.10579348534934033,-0.14942259315922599,0.022730248317487715,0.03210417582045438,0.00018544340314858467,0.00026192005617489445,-0.0002670970521788509,0.00010789058243293231,-9.094259327463495e-6,1.955287999694123e-5,5.772529701864691e-5,-0.0014842252945072459,1.5053358532344941e-5,2.095019113217084e-5,7.171425668667157e-6,-6.044902465799001e-7,4.5793214139450025e-6,1.3765871789353167e-5,-0.00011323784796614568,1.4501278006321711e-5,2.0181844818254353e-5
7.0,-0.00035463876051098535,2.9069725862345245e-5,3.696851550318806e-5,-4.7390462851075025e-5,-0.004077019191739082,-5.859088640888226e-5,-8.164388923959926e-5,-7.228122068730194e-5,5.924888941486814e-6,4.336311337924468e-5,2.7257177575169677e-5,-0.0014996837603230323,-8.615146845963532e-6,-1.2004837919052498e-5,-4.781801985641262e-5,3.9196412893593875e-6,4.806628706303122e-5,6.352255085535874e-5,-0.0011486708193604873,-6.73393922169335e-6,-9.383455715729768e-6,-7.790187527104761e-5,6.385613786341542e-6,3.791772520567646e-5,3.165171322476079e-5,-0.0006497434988212178,-8.764124189243913e-6,-1.2212431462376035e-5,-1.7532411314916887e-5,1.4371310961497498e-6,4.5940614977928415e-5,0.00019778818286797726,-0.001847688440147983,-1.793120915559243e-6,-2.498637149836333e-6,-0.0004724286537624318,-0.08594732520407922,0.13401065351247934,0.20478936919098345,0.03469312792296572,0.05304681249530248,0.008229306264600106,-0.012582851229683122,6.568693581910013e-5,-0.00010043726155852252,5.604255675490454e-5,-9.852484448948703e-6,8.076077797477166e-7,3.0724340809632924e-6,-3.84567992066287e-7,-9.245158919970152e-5,-1.0231616709904736e-6,-1.4257319399051897e-6,0.0038115211160757536,0.693416968418486,-0.4781755418885056,-0.4350997805271239,-0.12379168976050405,-0.11282153027098257,-0.02936373249455272,0.02676158027649567,-0.00023438349944838189,0.0002136129396851576,-0.00033610738808525814,-9.584800572394396e-5,7.856657424676886e-6,7.336156943154587e-5,1.4070595404637216e-5,-0.0032154000788023806,-1.3007587433031452e-5,-1.8125515634712632e-5,-3.17497440746029e-5,2.6025253277973347e-6,6.297481488454212e-6,-4.627182765114271e-5,-0.0002109899245293383,-6.244602676515786e-5,-8.701586211008984e-5
8.0,0.00041422800966734667,-3.269988668552716e-5,-5.3255527433452034e-5,4.987870916136192e-5,0.005900105640413278,6.592721883356505e-5,9.20259370437045e-5,0.00018038489874591839,-1.4239900757791888e-5,-0.00012919477116135107,-0.00010295246286983475,0.004577656301996073,2.0711845995909908e-5,2.891107905663622e-5,0.00011627329618766251,-9.17881823813967e-6,-0.00014982880213105685,-0.00022271149212810772,0.0036996575470196694,1.5773897473282783e-5,2.201833660658834e-5,0.00042065654896942476,-3.320736686989359e-5,-0.00021627217986593095,-0.00020824693396984147,0.0037873306837616144,4.5590010316209755e-5,6.363780383005898e-5,8.306848557814928e-5,-6.557572163508579e-6,-0.0002638823436775802,-0.0012311540098272206,0.010722800014627443,8.184377327940558e-6,1.1424340447702576e-5,-0.003113666685327735,-0.7317016489200687,0.3024489262314548,0.4297010635238113,0.08130254297380005,0.11578117212541549,0.02163602940266809,-0.030811396030725496,0.00016598029002575694,-0.00023636891268100736,0.0005123367274654974,0.0004296916827940134,-3.3920616204454616e-5,-0.00038363510197409985,-0.0005403994851571531,0.01643123912823301,4.2986974234284694e-5,6.000429950761631e-5,-0.0016579404316284158,-0.38961066492751506,0.09246748040472347,0.07166161729077324,0.024856564686435403,0.01938121830162008,0.006614766827228967,-0.005157681354530277,5.074502759122955e-5,-3.956703335607526e-5,0.00022188409442383254,0.00017437629712495795,-1.3765571191574388e-5,-0.00012842373537011903,-2.3586637232026173e-5,0.005555553317259361,2.2797254576771832e-5,3.182204181482029e-5,5.5114775014680654e-5,-4.350857150203455e-6,-1.2791387770255526e-5,7.64099415658707e-5,0.000414874335714739,0.00010442729919803829,0.0001457671085129105
9.0,-2.702770142244801e-5,4.643372544637474e-6,1.362373622009748e-5,-3.977259108950432e-6,-0.0018794883310285961,-9.320833499015985e-6,-1.2679724127478505e-5,2.568324593797163e-7,2.4522960569409594e-7,2.7278256772890926e-5,4.413337116133302e-5,-0.0011973396651306588,-3.5358120872067454e-7,-4.688709035903847e-7,9.765187218335306e-6,-1.2528376473624422e-6,2.988865295760732e-5,7.438005170348878e-5,-0.0009626745020538731,2.146316453969941e-6,2.9408097812523786e-6,-1.022131694096187e-5,2.0900786345835527e-6,4.174440728110504e-5,8.410207099585846e-5,-0.0009310812125138241,-2.8552487044252705e-6,-3.870960789849554e-6,8.004220112612478e-6,-1.2246781930606493e-6,4.5253437227168555e-5,0.0003310059269196869,-0.0026862930338758186,1.5225249856218055e-6,2.0765989896247768e-6,0.010837491517528169,0.5262821070662247,-5.1457225173474334e-5,0.0045054694518036585,-0.0002540055685256949,-0.0014523661214574629,-0.00025810454125142215,0.00239738072100341,-2.481252100173329e-6,2.2736342462992383e-5,-0.00012171065183762451,3.9220628819229116e-5,-5.529408345823927e-6,5.447097029963774e-5,0.00018764028763725178,-0.0037900872675045577,6.982409156345657e-6,9.54275832633937e-6,0.015833329015411315,0.8477822621360649,0.0012381232621037055,0.004678641004720358,-0.0003181231582302736,-0.0008062021282117122,-0.0005891191489469226,0.001761012125652245,-5.573827406040508e-6,1.6611887004195477e-5,-0.00010604868907401463,-3.0653858708223785e-6,7.778403280214704e-7,2.765057603111868e-5,1.934679510158529e-5,-0.0016138680795516475,-1.2810401341776707e-6,-1.7306918868481038e-6,-4.630222256576069e-6,7.959456332327018e-7,3.5238876525855597e-6,-1.2852544308552815e-5,-0.0001054158199614655,-1.9020607732794784e-5,-2.5874619624455647e-5
10.0,-2.702770142244801e-5,4.643372544637474e-6,1.362373622009748e-5,-3.977259108950432e-6,-0.0018794883310285961,-9.320833499015985e-6,-1.2679724127478505e-5,2.568324593797163e-7,2.4522960569409594e-7,2.7278256772890926e-5,4.413337116133302e-5,-0.0011973396651306588,-3.5358120872067454e-7,-4.688709035903847e-7,9.765187218335306e-6,-1.2528376473624422e-6,2.988865295760732e-5,7.438005170348878e-5,-0.0009626745020538731,2.146316453969941e-6,2.9408097812523786e-6,-1.022131694096187e-5,2.0900786345835527e-6,4.174440728110504e-5,8.410207099585846e-5,-0.0009310812125138241,-2.8552487044252705e-6,-3.870960789849554e-6,8.004220112612478e-6,-1.2246781930606493e-6,4.5253437227168555e-5,0.0003310059269196869,-0.0026862930338758186,1.5225249856218055e-6,2.0765989896247768e-6,0.010837491517528169,0.5262821070662247,-5.1457225173474334e-5,0.0045054694518036585,-0.0002540055685256949,-0.0014523661214574629,-0.00025810454125142215,0.00239738072100341,-2.481252100173329e-6,2.2736342462992383e-5,-0.00012171065183762451,3.9220628819229116e-5,-5.529408345823927e-6,5.447097029963774e-5,0.00018764028763725178,-0.0037900872675045577,6.982409156345657e-6,9.54275832633937e-6,0.015833329015411315,0.8477822621360649,0.0012381232621037055,0.004678641004720358,-0.0003181231582302736,-0.0008062021282117122,-0.0005891191489469226,0.001761012125652245,-5.573827406040508e-6,1.6611887004195477e-5,-0.00010604868907401463,-3.0653858708223785e-6,7.778403280214704e-7,2.765057603111868e-5,1.934679510158529e-5,-0.0016138680795516475,-1.2810401341776707e-6,-1.7306918868481038e-6,-4.630222256576069e-6,7.959456332327018e-7,3.5238876525855597e-6,-1.2852544308552815e-5,-0.0001054158199614655,-1.9020607732794784e-5,-2.5874619624455647e-5
11.0,7.147692036512437e-6,-8.465027564135118e-7,-7.889450968710022e-7,1.4815993142614945e-6,7.537986302542647e-5,1.7020466928738444e-6,2.337370661776514e-6,-4.2009601761543e-6,4.644252848693829e-7,-9.976260565411969e-6,-1.94672092844536e-5,0.0004514105425763051,-6.739348435230666e-7,-9.275023825296054e-7,-9.438219609881204e-6,1.1228329289267784e-6,-1.1016519465286598e-5,-3.2673370607257716e-5,0.00038010963438525077,-1.924338590235644e-6,-2.6422747681529797e-6,-6.637234461798045e-6,7.054383176927917e-7,-2.0817355681666558e-5,-5.728996335743629e-5,0.0005157121478701594,-9.664612292626493e-7,-1.3318280997380948e-6,-1.1093775204042169e-5,1.4878423883514537e-6,-2.319837664297703e-5,-0.00021250457026085324,0.0014711463688718337,-1.8507686207703142e-6,-2.532549301613341e-6,-0.011247898804564699,-0.6703023125271846,0.0005562606705954224,-0.008430330743541964,0.00012810459271390409,0.001151192827044562,2.2141407389918793e-5,-0.0028878346269556312,2.516199211650624e-7,-2.720982756710828e-5,0.00011514880498859251,-7.012124839058715e-5,8.858565119240964e-6,-3.619577496220914e-5,-0.000168688559961239,0.0028870357333861695,-1.1192205768242372e-5,-1.534064324311993e-5,0.01392745143075917,0.7375193523114143,0.0005251207020977652,0.0037207285006786374,-0.00018375780292641117,-0.0007682237388398019,-0.000300519433534702,0.0015483246109696822,-2.854618680416684e-6,1.4643099271413342e-5,-3.994624724025646e-5,3.862229331477855e-6,-6.010661404000093e-7,-5.8959271571382255e-6,-1.645765586829965e-6,0.00028668590562308706,9.914691286177415e-7,1.3516333357385403e-6,1.351379773545731e-6,-1.6630246964345645e-7,-7.151731722018753e-7,2.731816466183238e-6,2.152919846313972e-5,3.979926187059641e-6,5.4592513654025245e-6
12.0,7.147692036512437e-6,-8.465027564135118e-7,-7.889450968710022e-7,1.4815993142614945e-6,7.537986302542647e-5,1.7020466928738444e-6,2.337370661776514e-6,-4.2009601761543e-6,4.644252848693829e-7,-9.976260565411969e-6,-1.94672092844536e-5,0.0004514105425763051,-6.739348435230666e-7,-9.275023825296054e-7,-9.438219609881204e-6,1.1228329289267784e-6,-1.1016519465286598e-5,-3.2673370607257716e-5,0.00038010963438525077,-1.924338590235644e-6,-2.6422747681529797e-6,-6.637234461798045e-6,7.054383176927917e-7,-2.0817355681666558e-5,-5.728996335743629e-5,0.0005157121478701594,-9.664612292626493e-7,-1.3318280997380948e-6,-1.1093775204042169e-5,1.4878423883514537e-6,-2.319837664297703e-5,-0.00021250457026085324,0.0014711463688718337,-1.8507686207703142e-6,-2.532549301613341e-6,-0.011247898804564699,-0.6703023125271846,0.0005562606705954224,-0.008430330743541964,0.00012810459271390409,0.001151192827044562,2.2141407389918793e-5,-0.0028878346269556312,2.516199211650624e-7,-2.720982756710828e-5,0.00011514880498859251,-7.012124839058715e-5,8.858565119240964e-6,-3.619577496220914e-5,-0.000168688559961239,0.0028870357333861695,-1.1192205768242372e-5,-1.534064324311993e-5,0.01392745143075917,0.7375193523114143,0.0005251207020977652,0.0037207285006786374,-0.00018375780292641117,-0.0007682237388398019,-0.000300519433534702,0.0015483246109696822,-2.854618680416684e-6,1.4643099271413342e-5,-3.994624724025646e-5,3.862229331477855e-6,-6.010661404000093e-7,-5.8959271571382255e-6,-1.645765586829965e-6,0.00028668590562308706,9.914691286177415e-7,1.3516333357385403e-6,1.351379773545731e-6,-1.6630246964345645e-7,-7.151731722018753e-7,2.731816466183238e-6,2.152919846313972e-5,3.979926187059641e-6,5.4592513654025245e-6
13.0,-0.0004147320610740617,2.6319125935756997e-5,-2.7225949515766402e-5,-6.180171515503431e-5,0.003151260393314594,-5.3167380183374326e-5,-7.507384760794053e-5,-0.00038929647243290586,2.4704969415119243e-5,-2.6373464446356005e-5,-0.0002057144493870359,0.0019399759458554604,-3.600405840557702e-5,-5.083875084090869e-5,-0.0004326827753143033,2.7458288187889094e-5,-1.21679692597849e-5,-0.00025776921712361155,0.001503734079279017,-4.7280383872623455e-5,-6.676124197687878e-5,-0.0007302828835174902,4.6344155622407426e-5,-1.2422848409272585e-5,-0.00045319233409329155,0.0015714408378686335,-6.375078185657538e-5,-9.001791070921207e-5,-0.0004230106600418514,2.684449040417382e-5,-1.4632830821136125e-5,-0.0017108515353483158,0.003960274445859222,-3.357012980235571e-5,-4.74019746745014e-5,-0.003739640629707926,0.9487201764780301,-0.139337565790467,0.0868410167583212,-0.04659327474378633,0.029224830709464425,-0.0475356745506746,-0.02981593185021144,-0.007225338959111452,-0.004531968931468724,0.00040080277222677066,-0.0019177278827352607,0.0001217000719102682,4.809311658957243e-6,-0.0010644811467363756,0.00797205339080964,-0.0001545323005922658,-0.00021820398795576923,-0.0010064377312662318,0.2553260798474079,-0.02431958663710748,0.023486850139729974,-0.00813225906021399,0.007925809547549132,-0.008296742463358724,-0.008086116884334743,-0.0012610902276842968,-0.001229075470491675,0.0001552159072660639,-0.0002644216759901478,1.6780345779161084e-5,-2.7525963359933135e-5,-9.831482111933199e-5,0.0020482863582255914,-2.7844826059198563e-5,-3.931768353130947e-5,-2.8463276398639526e-5,1.8062952599805025e-6,-6.380770412036197e-6,-3.799193695993965e-5,0.0001250466060575106,-4.343934369482851e-5,-6.133758438892272e-5
14.0,0.000740416252390721,-4.697774730728944e-5,5.1757677666571315e-5,0.00011122060460230363,-0.005965600072501079,9.490014305861674e-5,0.0001340032871210642,0.0001781041144547093,-1.1300305816126593e-5,2.663384736966859e-5,0.00011569976536574698,-0.0014429808460258787,1.6468658141737288e-5,2.3254488922102973e-5,0.00017718183054110323,-1.1241788974416398e-5,2.102009489277815e-5,0.0001369562150149853,-0.0010397122661585673,1.9357258267099084e-5,2.7333322731057957e-5,7.351546630864284e-6,-4.664391129092923e-7,2.0369522595228198e-5,5.155524806871364e-5,-0.00044802024721629104,6.416325433199231e-7,9.060141234481106e-7,2.1218768361560754e-5,-1.3462831684819375e-6,2.5912024699449475e-5,0.00024169790239532193,-0.0012184622238736505,1.6835854095322698e-6,2.3772986188908482e-6,-0.001128310460744314,0.28563326253273996,-0.05874884412612284,0.04356181986620266,-0.01964906775463896,0.014617216979981076,-0.018456972189829886,-0.013730399102968409,-0.0026483300264042863,-0.001970129516529153,0.0001025787554853709,-0.00039816027964149014,2.5262374974073798e-5,2.506016358009538e-5,-0.00017082446725450319,0.0005545887599535133,-3.207772007693021e-5,-4.5295189186389366e-5,0.0036606380375916255,-0.9266952864548249,0.1455176620346079,-0.15024825489726096,0.04866966224305772,-0.050497740249953335,0.045716904805796106,0.0474340722593329,0.00655976756030416,0.006806158003691693,-0.0005300842594569199,0.0003423830831935998,-2.1723437205259997e-5,2.9758114608431393e-5,0.00012344959377876173,-0.002386834179527127,3.6047323758443986e-5,5.090044882821534e-5,3.212546402970254e-5,-2.0382884984550414e-6,8.67273111159503e-6,4.3595055517620264e-5,-0.00017910002368131414,4.9018616256152185e-5,6.921649954087973e-5
15.0,-0.000983568030197712,6.234505942319595e-5,7.568462473267608e-5,-0.00010607553935774194,-0.0076686834049524985,-0.00012594500083315627,-0.00017785015286737312,-0.00022186388161554339,1.4063203010370547e-5,9.146506211348705e-5,4.0752665167222774e-5,-0.002955892974231326,-2.0495403583117703e-5,-2.8942082942693703e-5,-0.0001604503202244168,1.017040452896053e-5,0.0001024530262645463,0.00011405388312312629,-0.002270987576601249,-1.7512609106228998e-5,-2.473000266819539e-5,-0.00023219296627029846,1.471792884205323e-5,8.368624496577116e-5,5.947662226262539e-5,-0.0013716683531209103,-2.0246144493237307e-5,-2.8590097814724286e-5,-6.104125694954564e-5,3.869199358807314e-6,0.0001069031819904058,0.00042834896872864797,-0.003843460942615834,-4.83864828661605e-6,-6.8327788459462885e-6,0.00038153072532804544,-0.09560919704142547,0.05275595480429134,0.0678198696159182,0.01766170866175577,0.02273966161033774,0.0130002019341912,-0.016737915091517598,0.0014788172361865808,-0.0019039947346945862,7.515030017873839e-5,-3.40850936417501e-5,2.1605391018105806e-6,2.437561049552249e-5,3.170527740368062e-5,-0.0009686524147333298,-2.7434412069589968e-6,-3.874083407934145e-6,-0.003799388267932807,0.9521027729362784,-0.20490694462888917,-0.1494984829583254,-0.06859901924243815,-0.05032336907378472,-0.05049347967565219,0.037041372581653687,-0.005743805437564435,0.004213582033091188,-0.0005912444442484783,-0.00030114354254715035,1.9088473271379563e-5,0.0001575922269434021,1.1078271774337902e-5,-0.006173121942154956,-3.1675238181989266e-5,-4.47294129620701e-5,-8.8726017000457e-5,5.624042905466292e-6,1.242203569287815e-5,-0.00010244394203016036,-0.00044427623445806365,-0.00013525341194567413,-0.0001909947979771483
16.0,0.0008291888560657412,-5.245998491202573e-5,-8.516408283484608e-5,8.310625953848993e-5,0.008765209418703944,0.00010597790785122024,0.0001496708862786884,0.00040658168003634407,-2.57230528897853e-5,-0.00020456189298044108,-0.00012967213513103348,0.006824717184347357,3.7488928625586384e-5,5.2945007943629684e-5,0.0002962885279236037,-1.874517679629552e-5,-0.00023881250802037263,-0.000308013247744184,0.00550517086095925,3.2278285415167884e-5,4.5586100760091074e-5,0.000909460804598709,-5.753852061360333e-5,-0.00033996785701125227,-0.00026208229582985715,0.005634262563389595,7.915213149842328e-5,0.00011178527593561415,0.0002285283945040707,-1.445822147746996e-5,-0.00043441139643215674,-0.0018171053401704435,0.015764565592606427,1.808115258208037e-5,2.55357195360183e-5,0.0035211066889707546,-0.8651591797167154,0.16376760908578286,0.19342042674291504,0.05493032546670712,0.06522062003541695,0.032925789439331395,-0.0390938941984452,0.0027040387800101465,-0.0032105957258296153,0.0007436838832697978,0.0011069853932520399,-7.00352357644435e-5,-0.0006369695808055928,-0.0007080329836654146,0.024382296083393134,8.893207218079062e-5,0.00012559732808273895,0.0016942634694998718,-0.41629172955426286,0.04313192764676068,0.02632928921316805,0.014467151574401134,0.008972681840417147,0.00867175624227159,-0.005378315545392883,0.0007121701925163574,-0.00044169549396559323,0.0003054807827217383,0.0003771878110189443,-2.386340184180646e-5,-0.00020762905851874413,-2.067043479449939e-5,0.008188865266580601,3.959946691470882e-5,5.592568705559274e-5,0.00011100783342317771,-7.023091571833358e-6,-1.9615447595617198e-5,0.00012593343626398433,0.0006608774375097473,0.0001689025573896647,0.00023853835173612072
17.0,-0.007354919372858621,0.00020818001828363695,0.00041135164039348007,-0.00037250735512676426,-0.029825187489488644,-0.0004258623132881676,-0.0006488981519314845,-0.005342315881563625,0.00015121354314294298,0.0008672259223330589,-8.47642658739924e-6,-0.02202421573946898,-0.00022315889087723274,-0.00034003335669521834,-0.00501615018480039,0.00014198146631472355,0.0010312231481390119,0.0005313276286481719,-0.01767044484640448,-0.00024756859946618,-0.00037722710288601405,-0.010013074968225453,0.00028341876019098727,0.0013136958779455539,6.014233243218411e-5,-0.01776167654967146,-0.0003947985083618352,-0.0006015653756339973,-0.004904789764563533,0.0001388294243757579,0.0021375710160281714,0.004818550362844015,-0.046025183183308796,-0.00017580683156976872,-0.0002678817179708279,-0.049533286754265535,0.8867784848606962,-0.18059537109033258,-0.11193839379524397,-0.1353955393672012,-0.08401211512366881,-0.10114008751312534,0.06275681396222905,-0.001047892950700302,0.0006502112511175545,-0.0019324522385592727,-0.015805746507121857,0.00044737956054027595,0.0029203057320654744,0.0008055380086987892,-0.07296569085426757,-0.0005752557144787412,-0.000876532997558452,-0.01883993016856434,0.3372852040415183,-0.029517998236073293,-0.005233810011377308,-0.022130164621868936,-0.003955312214217499,-0.0165311707979648,0.002954607111442251,-0.00017127627421285307,3.0612114692824774e-5,-0.0006754755361888665,-0.004746217786215977,0.00013434106554024156,0.0009846344259286154,-0.00018827180157125122,-0.025399445492822637,-0.00022574012428573228,-0.00034396645322973696,-0.0012802236827083777,3.6236561702747015e-5,9.60147801464115e-5,-0.0007287548618507319,-0.0039101716470227085,-0.0008824657597717652,-0.0013446374163468338
18.0,-0.015152113532589821,0.00036531928901368757,0.0004973671622155388,-0.0007183428893473003,-0.03336336569271292,-0.0007502925734519628,-0.0011723677860329528,-0.005606169442899798,0.00013516542299959,0.0006418217894477654,-0.0002338207503804441,-0.014915070521897587,-0.00020027050362939769,-0.00031293217506760265,-0.00515097757135351,0.00012419069194836432,0.0007482773441473138,0.00013436901801797214,-0.011693455370538236,-0.00021741065630700982,-0.00033971447780953686,-0.005635894122630383,0.00013588208862133045,0.0006316509307855313,-2.7142620691750332e-5,-0.00830523021929428,-0.0001900364900409121,-0.00029694104270503997,-0.0029825521115993798,7.190969197216294e-5,0.0010802282362872794,0.0028879273534592894,-0.02026313115745422,-9.142596015655176e-5,-0.00014285740561378543,-0.0009903492437897377,0.013723912114327759,0.044800053854937884,0.02593363584403181,0.03943102043779494,0.02282840129579537,0.03095279098139796,-0.017919970771303115,0.0003180319087986347,-0.00018412305715705859,-3.2702786267482234e-5,-0.0033996944525173886,8.196704424012974e-5,0.0006451962234688851,0.00027335378208568777,-0.015287970644893928,-0.0001058161497185542,-0.00016534276035981267,-0.06665270468745846,0.92364978016795,-0.23766342429757872,-0.04959417248219863,-0.2091808052519859,-0.043522203218823184,-0.16420396100470924,0.034164311354106955,-0.0016871531626694593,0.0003510294482348873,-0.0015183684069593085,-0.007865889249413185,0.0001896475407127508,0.0012486441321635446,-0.00038393325372040795,-0.028806384898975662,-0.0003199448058116763,-0.0004999289569351173,-0.0021162835312007002,5.102385177531621e-5,0.00011791931750844234,-0.0010734168949169804,-0.005442860200120394,-0.0012475328727513618,-0.0019493293733418697
19.0,0.005679798416472646,-0.00013004473766381036,-0.0001632478922708028,0.00026081123674438035,0.010699314523476843,0.0002674673365743768,0.00042177528544624937,0.007350995277804961,-0.00016830848251537451,-0.00040540702987165944,0.0007803228422259696,0.007633495843822857,0.0002497337925691326,0.0003938108592830779,0.007670678131961897,-0.0001756279452596712,-0.0005607135509802227,0.0006842383077537714,0.006672069282134003,0.0003078969074025591,0.0004855295890375303,0.011873349125870635,-0.00027185235444027016,-0.0011384201034525577,0.0003632049661420901,0.014506573013155673,0.00038073939154413273,0.0006003965478782097,0.020196206329982657,-0.0004624126001318977,-0.0032424190406915494,0.08745980223658689,0.12834604110516706,0.0005887510399098176,0.0009284148154147542,0.07200601143369112,-0.9231975446779029,0.21359150916423356,-0.02479268852643739,0.19796252837397102,-0.022836695141312174,0.15756838377404225,0.01817688010736999,0.0016155699861815907,0.00018637001392611473,-0.001079062005680881,0.0298536094474844,-0.00068352862623706,-0.0010796788153771117,0.0050142608234055,0.011051001084594423,0.0008836683782064354,0.001393476628705452,0.0011767464217697446,-0.015087204327150697,-0.044498973393797554,0.0006460591177213784,-0.04124288141167609,0.0005883163853054819,-0.03282729423363224,-0.0004682707517360929,-0.00033658269513122026,-4.80124345011597e-6,7.963606870327318e-5,0.005169871528030831,-0.00011836944506135072,-0.0004430246107777131,0.0003982508904467963,0.008890217889035674,0.00019998037865776827,0.0003153535768982407,0.0013366633230458465,-3.060426065230559e-5,-6.584171037533967e-5,0.0006549249379943519,0.003233619584637679,0.0007493428645749761,0.001181655691688087
20.0,-0.017912447087634002,0.0003957639040089434,-0.00019890455111446197,-0.0009076083914741588,0.010867253477330216,-0.0008148194285349436,-0.0012934812772323148,-0.007830017211516471,0.00017299915332206692,0.0003456802758931201,-0.0009004951695250141,-0.0059179851370266216,-0.00025695821696664815,-0.00040790711541381826,-0.007617234218684697,0.00016829785106349727,0.0005031907361252027,-0.0007314474266134207,-0.005735493074816201,-0.0002953503577141081,-0.00046885253903919275,-0.00524200171561656,0.00011581862900387886,0.001117976795625136,0.0011692616116480892,-0.01587535188467477,-0.00016237544590414158,-0.0002577621394434077,-0.01802747379564929,0.0003983053445394722,0.0033650218133494092,-0.09607746545745934,-0.14635950417646015,-0.0005076511633425055,-0.0008058684564371248,-0.013771129125946057,0.16753220051726597,-0.000813380841106347,0.009442248061834435,-0.0007812167490321246,0.009072268992593623,-0.0006274598325235694,-0.007286690138870889,-6.424913588297156e-6,-7.461251126670849e-5,-2.058836059952375e-5,-0.008767308461219753,0.0001937079957466259,0.0008117507583449893,-0.0006143609131387481,-0.016158943806992575,-0.0002506844401464998,-0.0003979478378489463,-0.0735575878905778,0.8948623203913835,-0.21499112424587816,0.08099346912497578,-0.20648957863842246,0.0774784945199028,-0.1658488717320963,-0.06222939183738587,-0.0016982197112005598,-0.0006372016802451204,0.0018891167851439433,-0.010879943903891784,0.00024038530602417217,0.0006195416192541359,-0.0009417980386279402,-0.010795415284396875,-0.00040653965669494796,-0.0006453594698062034,-0.0025412376188098207,5.614699745457421e-5,7.618017854845988e-5,-0.0012330458892439865,-0.005136745249473706,-0.0013761711367520468,-0.0021845964115705676
21.0,-0.01371615004636955,0.0002886583089825462,-0.0005534943098450952,-0.0007268121900295306,0.031803058998377404,-0.0005951779815640975,-0.0009538758517678285,-0.01192996100036942,0.000251067709011068,-0.0006044119578926208,-0.0026106937966692595,0.020015710109720475,-0.0003734624920871381,-0.0005985383595787869,-0.013021813803185992,0.00027404590498104463,-0.0004272298374509991,-0.0033255406529323433,0.013852677586666334,-0.0004816370040243711,-0.000771906760141666,-0.03054207436495363,0.0006427622553851948,-0.002662210454768962,-0.012338660612078077,0.04633285759190598,-0.0009024640317109064,-0.0014463549956536931,0.036648871304154305,-0.0007712806568178253,-0.009751616414331869,0.3465590600819679,0.527779236023223,0.0009844627554399454,0.00157777215970168,-0.05414542351956248,0.6139955509425207,-0.10439794770005259,-0.009910868808533684,-0.10526863552879218,-0.010336918672175503,-0.08554539334929472,0.008400182726551787,-0.0008744935471429095,8.587143383523406e-5,0.0016092862233393459,-0.02967191437595742,0.0006244496158967952,-0.0008272415172181853,-0.007796944324578245,0.03355114792645361,-0.0008093098616278876,-0.0012970592957352093,-0.03609030309337646,0.40925500422941463,-0.06896071307075397,0.020464352173645534,-0.06953585132574974,0.020345840917276557,-0.0565075411455167,-0.016533822781132648,-0.0005776521462960948,-0.0001690181171030599,0.0013552501929611246,-0.010444288445298709,0.0002198015209044525,-0.0003480537193065189,-0.0012655013499010966,0.012109258906010029,-0.0003722745016921288,-0.0005966343991085415,-0.002290608683226685,4.820618226000825e-5,6.912907392999899e-6,-0.0010990430077809526,-0.0033941873306298793,-0.0011832765164272088,-0.0018964056634253271
22.0,0.0017493012693131336,-6.607045136991202e-6,-0.005871325156862018,-0.0007996279855363892,0.08755617948425475,1.58474933023286e-5,0.0001322460980521151,-0.09296493286958457,0.0003908087779922682,0.06549703525087393,-0.09924013728857106,-0.6786777557604736,-0.0006631544194510072,-0.0038447286491350664,0.0811263839422373,-0.00038004777223589595,-0.05156683092601177,0.09885267615586,0.5452143220855241,0.0007482841677574546,0.002540865970387902,-0.02616064594120924,0.0001183465898595909,0.014905458398564848,-0.0279385819695956,-0.15711283553735725,-0.00018720861666018118,-0.0007771839103009785,-0.0016732066693478478,5.3029484279804475e-6,0.0027187844510627624,-0.001005330471312281,-0.011726174520193986,-8.162007443515647e-6,-0.00010524766683714052,0.00040532466349833184,-0.000264594279558471,-3.8057331389791854e-5,9.331989468584157e-5,-0.00017716849205746423,4.056752381721797e-5,-0.00017004616998377578,-3.879114379827173e-5,-1.7063676309596047e-6,-3.89387884939883e-7,0.00010132777556165102,0.005708230016723677,-1.3457392750205605e-5,-0.0051930413334173664,0.0018969434321503146,0.026338726514377523,2.2620027293575593e-5,0.0004892686807969102,0.0006062858194077576,-0.000635395421300262,4.034398832176568e-5,-0.0002220433953726813,0.0001966345558610279,-0.00023003990328861502,0.00018908512087113932,0.0002209912519617549,1.8971028849223497e-6,2.2174110719761125e-6,-0.0002077066160520457,0.0006275690802974162,-1.6647855985362201e-6,-0.00023016471055981017,-0.00010043327099455625,0.0011388730367819845,3.5452656301359964e-6,6.378016605074758e-5,0.0008331327136951327,-2.1508695699775002e-6,-0.0018810479052014304,0.0001361392098441749,0.016443668625570118,6.684217561909013e-5,0.0012573083017639883
23.0,0.0017493012693131336,-6.607045136991202e-6,-0.005871325156862018,-0.0007996279855363892,0.08755617948425475,1.58474933023286e-5,0.0001322460980521151,-0.09296493286958457,0.0003908087779922682,0.06549703525087393,-0.09924013728857106,-0.6786777557604736,-0.0006631544194510072,-0.0038447286491350664,0.0811263839422373,-0.00038004777223589595,-0.05156683092601177,0.09885267615586,0.5452143220855241,0.0007482841677574546,0.002540865970387902,-0.02616064594120924,0.0001183465898595909,0.014905458398564848,-0.0279385819695956,-0.15711283553735725,-0.00018720861666018118,-0.0007771839103009785,-0.0016732066693478478,5.3029484279804475e-6,0.0027187844510627624,-0.001005330471312281,-0.011726174520193986,-8.162007443515647e-6,-0.00010524766683714052,0.00040532466349833184,-0.000264594279558471,-3.8057331389791854e-5,9.331989468584157e-5,-0.00017716849205746423,4.056752381721797e-5,-0.00017004616998377578,-3.879114379827173e-5,-1.7063676309596047e-6,-3.89387884939883e-7,0.00010132777556165102,0.005708230016723677,-1.3457392750205605e-5,-0.0051930413334173664,0.0018969434321503146,0.026338726514377523,2.2620027293575593e-5,0.0004892686807969102,0.0006062858194077576,-0.000635395421300262,4.034398832176568e-5,-0.0002220433953726813,0.0001966345558610279,-0.00023003990328861502,0.00018908512087113932,0.0002209912519617549,1.8971028849223497e-6,2.2174110719761125e-6,-0.0002077066160520457,0.0006275690802974162,-1.6647855985362201e-6,-0.00023016471055981017,-0.00010043327099455625,0.0011388730367819845,3.5452656301359964e-6,6.378016605074758e-5,0.0008331327136951327,-2.1508695699775002e-6,-0.0018810479052014304,0.0001361392098441749,0.016443668625570118,6.684217561909013e-5,0.0012573083017639883
24.0,0.0033225707577494903,-1.5135098915431688e-5,0.00040645167796724853,0.0003182916151906644,0.003833816900706346,3.512703252831891e-5,0.00012484632073946628,-0.02323929453744891,0.00010850473273972266,0.012706849792802065,-0.038514006985265074,-0.166660214496534,-0.00018094036924496884,-0.0004601500402921605,-0.12942917424522613,0.0005338329886567016,0.097922363565103,-0.11727692604703831,-0.8381108939780684,-0.0010744076151869664,-0.008375495425094817,0.0006074447617795774,4.7072999281149134e-7,0.0006685745440485788,-0.004497008657071513,-0.015222990354560281,1.0658960791142448e-7,0.00021181257164744265,0.0007677007914523327,-4.978119525354483e-6,0.002904885094856829,-0.0014091367266291664,-0.016894066510339437,6.79860380455412e-6,-6.376058432066394e-5,0.003763036962336693,-0.0066332945251197355,0.00016963155918170664,-0.0005551464082955466,0.0008753993577699284,-0.0002877446571950691,0.0008436600127695631,0.00027715305247333225,8.462851521837921e-6,2.7802946078658967e-6,-0.0005873176182701038,0.04136765883074407,-0.0001607161646914194,-0.02908453026723601,0.029077405683897294,0.23155677228544028,0.00024118338541247416,0.002528327359335601,0.0032639485462027007,-0.005824736130892969,4.208451973578275e-5,-0.0001312059623873257,0.0001667926052960682,-0.0001404692982864807,0.00015891389438121004,0.00013299821913591276,1.5956996893518675e-6,1.3362190208421847e-6,-0.00011829346573122224,0.003382149900973205,-1.5030146201398346e-5,-0.00022733766443977364,0.00012273448523495814,0.001920223107300901,2.8773520080876372e-5,0.00013191140059987564,0.005266360499135152,-2.2564264582212377e-5,-0.004101047663909964,0.0026206578650672385,0.04409035806069197,0.0006299904613254057,0.0038662088171039326
25.0,0.0033225707577494903,-1.5135098915431688e-5,0.00040645167796724853,0.0003182916151906644,0.003833816900706346,3.512703252831891e-5,0.00012484632073946628,-0.02323929453744891,0.00010850473273972266,0.012706849792802065,-0.038514006985265074,-0.166660214496534,-0.00018094036924496884,-0.0004601500402921605,-0.12942917424522613,0.0005338329886567016,0.097922363565103,-0.11727692604703831,-0.8381108939780684,-0.0010744076151869664,-0.008375495425094817,0.0006074447617795774,4.7072999281149134e-7,0.0006685745440485788,-0.004497008657071513,-0.015222990354560281,1.0658960791142448e-7,0.00021181257164744265,0.0007677007914523327,-4.978119525354483e-6,0.002904885094856829,-0.0014091367266291664,-0.016894066510339437,6.79860380455412e-6,-6.376058432066394e-5,0.003763036962336693,-0.0066332945251197355,0.00016963155918170664,-0.0005551464082955466,0.0008753993577699284,-0.0002877446571950691,0.0008436600127695631,0.00027715305247333225,8.462851521837921e-6,2.7802946078658967e-6,-0.0005873176182701038,0.04136765883074407,-0.0001607161646914194,-0.02908453026723601,0.029077405683897294,0.23155677228544028,0.00024118338541247416,0.002528327359335601,0.0032639485462027007,-0.005824736130892969,4.208451973578275e-5,-0.0001312059623873257,0.0001667926052960682,-0.0001404692982864807,0.00015891389438121004,0.00013299821913591276,1.5956996893518675e-6,1.3362190208421847e-6,-0.00011829346573122224,0.003382149900973205,-1.5030146201398346e-5,-0.00022733766443977364,0.00012273448523495814,0.001920223107300901,2.8773520080876372e-5,0.00013191140059987564,0.005266360499135152,-2.2564264582212377e-5,-0.004101047663909964,0.0026206578650672385,0.04409035806069197,0.0006299904613254057,0.0038662088171039326
26.0,-0.0029716761761590226,1.1014214766947577e-5,0.0017246612584434526,3.710552771619455e-5,-0.03215234137024183,-2.651339089590444e-5,-0.00020598882784590754,-0.0024304764070016372,2.667159956028826e-5,-0.0062065953589441995,-0.011599420251875821,0.007026270279135819,-4.031897189370784e-5,0.00048434716722715605,-0.01820486808104413,7.597259696877745e-5,0.011992973237236897,-0.01526547737323283,-0.10749217541751245,-0.0001524739214601266,-0.0007312144200062685,0.13853530947469103,-0.0005752247307017198,-0.08916901048493978,0.13064094864180056,0.8204230971914542,0.0009231011945910592,0.004539551919572105,0.007904845932310558,-1.1687379184006078e-5,-0.01171432515953111,0.0028575921043526454,0.02550558705604078,2.254905614377228e-5,0.0008575727067380331,-0.002065653644649932,0.0023606661705131374,0.00014601361229376212,-0.0002943181393950194,0.0006437813463845989,-0.00010627983397716223,0.0006164529308962711,0.00010062717388312495,6.187213939554291e-6,1.0109877352348196e-6,-0.00032671383595600474,-0.06041619866417899,0.00025265986585498463,0.04111824611848573,-0.053753123145751314,-0.37570418826619095,-0.0003737951657842251,-0.00177363371796243,-0.002493663423164019,0.0033876635732374557,-5.543244363350479e-5,0.0003502279037157872,-0.00028855211060372277,0.0003627181474585138,-0.0002781810674126397,-0.00034925052993069433,-2.790380135150454e-6,-3.5036440693276407e-6,0.00032909495834289527,-0.002908260559102282,1.012533644975919e-5,0.0004368998486115704,-0.00016446646250199264,-0.003385815397538044,-2.0274105604212372e-5,-0.0001911310574652266,-0.003469191032305047,1.294738622796773e-5,0.0032251699003352304,-0.0013608321680612437,-0.03283530327008312,-0.0003705348538369764,-0.002812319094792141
27.0,-0.0029716761761590226,1.1014214766947577e-5,0.0017246612584434526,3.710552771619455e-5,-0.03215234137024183,-2.651339089590444e-5,-0.00020598882784590754,-0.0024304764070016372,2.667159956028826e-5,-0.0062065953589441995,-0.011599420251875821,0.007026270279135819,-4.031897189370784e-5,0.00048434716722715605,-0.01820486808104413,7.597259696877745e-5,0.011992973237236897,-0.01526547737323283,-0.10749217541751245,-0.0001524739214601266,-0.0007312144200062685,0.13853530947469103,-0.0005752247307017198,-0.08916901048493978,0.13064094864180056,0.8204230971914542,0.0009231011945910592,0.004539551919572105,0.007904845932310558,-1.1687379184006078e-5,-0.01171432515953111,0.0028575921043526454,0.02550558705604078,2.254905614377228e-5,0.0008575727067380331,-0.002065653644649932,0.0023606661705131374,0.00014601361229376212,-0.0002943181393950194,0.0006437813463845989,-0.00010627983397716223,0.0006164529308962711,0.00010062717388312495,6.187213939554291e-6,1.0109877352348196e-6,-0.00032671383595600474,-0.06041619866417899,0.00025265986585498463,0.04111824611848573,-0.053753123145751314,-0.37570418826619095,-0.0003737951657842251,-0.00177363371796243,-0.002493663423164019,0.0033876635732374557,-5.543244363350479e-5,0.0003502279037157872,-0.00028855211060372277,0.0003627181474585138,-0.0002781810674126397,-0.00034925052993069433,-2.790380135150454e-6,-3.5036440693276407e-6,0.00032909495834289527,-0.002908260559102282,1.012533644975919e-5,0.0004368998486115704,-0.00016446646250199264,-0.003385815397538044,-2.0274105604212372e-5,-0.0001911310574652266,-0.003469191032305047,1.294738622796773e-5,0.0032251699003352304,-0.0013608321680612437,-0.03283530327008312,-0.0003705348538369764,-0.002812319094792141
28.0,0.0002523762649927609,-2.5153204060121892e-6,0.009199096587575615,0.001947993992728602,-0.1089181826173272,5.2969207202163405e-6,-0.0003015043756153498,0.003804415086595606,-1.1391470331345994e-5,-0.003189970107073578,-0.002163975156940503,0.017731196497930223,2.0754191246239258e-5,0.0008037728555800707,-0.016045548543366907,6.719161657326488e-5,0.012843696144598028,-0.01811162653384344,-0.11229597813359327,-0.00013484988821428813,-0.000523438388147714,-0.023114225344970516,9.045385324574119e-5,0.016652571167078252,-0.020730029410487825,-0.14109900311754875,-0.00014687675735894877,-0.001523199500968632,0.005199650498069577,-2.477503650312421e-5,-0.004287855298345975,0.0026556515903360728,0.030385084111370867,3.53143264199856e-5,-0.0002731871112611824,0.0006846764551643727,-0.001125222159476462,-0.0006915569228001875,0.002123224739166063,-0.003487377606260995,0.0010471300960653686,-0.0033579758437605038,-0.0010072239264020222,-3.3686848521648434e-5,-1.0105286749616909e-5,0.0022622655654762442,-0.14679380284206156,0.0005727045352804167,0.11140658241873126,-0.11846795252885359,-0.9066532095731978,-0.0008589141969497701,-0.009164060738512163,0.0013151472539148109,-0.0024968902295851164,-9.679520644394092e-5,0.0008672070504403802,-0.0005852244043022155,0.0008884874193425456,-0.0005671199463787265,-0.000860571391843133,-5.6861067129161545e-6,-8.628710843654463e-6,0.000824873304667918,0.0013192945027201896,-6.175805984412843e-6,-0.00046318517603503243,-0.0006830410166347047,0.0010093737701205034,1.171504010096949e-5,-7.264523426416629e-5,0.00713635929292077,-2.7604044489444042e-5,-0.011284499899591946,0.005046624934913838,0.10537266975880284,0.0007853792309297774,0.00904191730377155
29.0,0.0002523762649927609,-2.5153204060121892e-6,0.009199096587575615,0.001947993992728602,-0.1089181826173272,5.2969207202163405e-6,-0.0003015043756153498,0.003804415086595606,-1.1391470331345994e-5,-0.003189970107073578,-0.002163975156940503,0.017731196497930223,2.0754191246239258e-5,0.0008037728555800707,-0.016045548543366907,6.719161657326488e-5,0.012843696144598028,-0.01811162653384344,-0.11229597813359327,-0.00013484988821428813,-0.000523438388147714,-0.023114225344970516,9.045385324574119e-5,0.016652571167078252,-0.020730029410487825,-0.14109900311754875,-0.00014687675735894877,-0.001523199500968632,0.005199650498069577,-2.477503650312421e-5,-0.004287855298345975,0.0026556515903360728,0.030385084111370867,3.53143264199856e-5,-0.0002731871112611824,0.0006846764551643727,-0.001125222159476462,-0.0006915569228001875,0.002123224739166063,-0.003487377606260995,0.0010471300960653686,-0.0033579758437605038,-0.0010072239264020222,-3.3686848521648434e-5,-1.0105286749616909e-5,0.0022622655654762442,-0.14679380284206156,0.0005727045352804167,0.11140658241873126,-0.11846795252885359,-0.9066532095731978,-0.0008589141969497701,-0.009164060738512163,0.0013151472539148109,-0.0024968902295851164,-9.679520644394092e-5,0.0008672070504403802,-0.0005852244043022155,0.0008884874193425456,-0.0005671199463787265,-0.000860571391843133,-5.6861067129161545e-6,-8.628710843654463e-6,0.000824873304667918,0.0013192945027201896,-6.175805984412843e-6,-0.00046318517603503243,-0.0006830410166347047,0.0010093737701205034,1.171504010096949e-5,-7.264523426416629e-5,0.00713635929292077,-2.7604044489444042e-5,-0.011284499899591946,0.005046624934913838,0.10537266975880284,0.0007853792309297774,0.00904191730377155
30.0,0.01716956962438868,-6.357146228368565e-5,-0.030359833757808517,-0.004927401881000982,0.38417786495905726,0.00015329054464446282,0.004564574306124724,0.03729729896814633,-0.00013809570574609944,-0.024872550363428038,0.009437025771647182,0.21902170506895768,0.0002402296884046912,0.007153384873208802,0.04144275728900738,-0.00015344453818968138,-0.026939721913371666,0.002278245081487467,0.2102425031251072,0.00031538304120519884,0.009391246732266333,-0.02160860874952577,8.000729698966574e-5,0.022406317879114967,-0.018309254340777,-0.17476214467089507,-0.00013137100035044155,-0.003911870064545743,-0.11569028831195254,0.0004283509115781402,0.13036345095873675,-0.03786794821218979,-0.8049790311038989,-0.0006394063118140416,-0.01903977592919788,0.012482277422849833,-0.018395239605921838,0.0011687778532126997,-0.0049797269066293665,0.006698661769990618,-0.002824317892712904,0.006480023221512429,0.0027321345901718122,6.498058087412082e-5,2.739738522952726e-5,-0.005184719258190325,0.0390794272054591,-0.00014469415291171758,-0.024777913272199917,0.010402447814710763,0.1901165727057831,0.00021931017634772222,0.006530458863950073,0.012461106051658335,-0.01836403917409836,0.0012821065791596314,-0.010393986711840312,0.007348187085496157,-0.010682402589325717,0.007108348590324775,0.010333738172945951,7.128132164366946e-5,0.00010362498494087176,-0.009856673612102032,0.017694628793035093,-6.551552843481981e-5,-0.004277066057268586,0.004134646586072031,0.03912223718625361,0.00012976788277672832,0.0038641335958429306,0.0007018206736351342,-2.59853726447128e-6,-0.0010390464759113924,-0.008441084696047667,0.01324710819756776,7.459381672462583e-5,0.0022212004009019414
31.0,-0.0228990478653971,9.319539244626364e-5,0.05408457633880656,0.0012583786131990544,-0.9079864495639551,-0.0002190777738089796,-0.0004449835505028296,0.01683032351158018,-9.942701777185695e-5,-0.017560661894606013,0.019703137687400188,0.24977732967595387,0.00015942267573079575,4.944294942803097e-5,0.020805133409438716,-8.752295216851505e-5,-0.023327543172386753,0.012130262295127935,0.18176281327982477,0.00017437093758650694,0.0003243120062060757,0.017135979856030933,-7.790928974443026e-5,-0.01510632626710726,0.015863857914443436,0.1460235529240544,0.0001224204717905622,0.00018026099692740568,0.009511409246668722,-2.4099284442892912e-5,-0.01359625247617317,0.00457787158746746,0.040088374546428905,3.879652611769245e-5,0.00019001443168605177,-0.0038787761082870287,0.003538011544714252,-0.0001613491111083502,0.001337924700251807,-0.0015509374163816243,0.0007909687570937529,-0.0015208266179062848,-0.000760019286481727,-1.5232374384640684e-5,-7.625673168397536e-6,0.0013485500095607383,0.0076890466414781256,1.3228135886328471e-6,-0.012558438360124637,0.0018536642256279828,0.02456128587091125,6.4929726009829335e-6,0.0002652723776940051,-0.006639605476144674,0.010275453992314078,-0.001485108656971109,0.005309979598346915,-0.007016295612122273,0.005628538923708108,-0.0067385090598826875,-0.005310569023604428,-6.761386113874396e-5,-5.336964970134947e-5,0.004810687810149268,-0.0014036991759027043,7.155229027837426e-6,-0.005965385717781873,-0.0015205020744924855,0.02661053831197809,-1.3328268202438386e-5,-1.2503383256392887e-5,-0.0030954223484150898,1.2613922855594233e-5,-0.000758490427040646,-0.0003418607216422613,-0.0003026288665198414,-0.0003529212744287024,-0.0007144914269790617
32.0,-0.0228990478653971,9.319539244626364e-5,0.05408457633880656,0.0012583786131990544,-0.9079864495639551,-0.0002190777738089796,-0.0004449835505028296,0.01683032351158018,-9.942701777185695e-5,-0.017560661894606013,0.019703137687400188,0.24977732967595387,0.00015942267573079575,4.944294942803097e-5,0.020805133409438716,-8.752295216851505e-5,-0.023327543172386753,0.012130262295127935,0.18176281327982477,0.00017437093758650694,0.0003243120062060757,0.017135979856030933,-7.790928974443026e-5,-0.01510632626710726,0.015863857914443436,0.1460235529240544,0.0001224204717905622,0.00018026099692740568,0.009511409246668722,-2.4099284442892912e-5,-0.01359625247617317,0.00457787158746746,0.040088374546428905,3.879652611769245e-5,0.00019001443168605177,-0.0038787761082870287,0.003538011544714252,-0.0001613491111083502,0.001337924700251807,-0.0015509374163816243,0.0007909687570937529,-0.0015208266179062848,-0.000760019286481727,-1.5232374384640684e-5,-7.625673168397536e-6,0.0013485500095607383,0.0076890466414781256,1.3228135886328471e-6,-0.012558438360124637,0.0018536642256279828,0.02456128587091125,6.4929726009829335e-6,0.0002652723776940051,-0.006639605476144674,0.010275453992314078,-0.001485108656971109,0.005309979598346915,-0.007016295612122273,0.005628538923708108,-0.0067385090598826875,-0.005310569023604428,-6.761386113874396e-5,-5.336964970134947e-5,0.004810687810149268,-0.0014036991759027043,7.155229027837426e-6,-0.005965385717781873,-0.0015205020744924855,0.02661053831197809,-1.3328268202438386e-5,-1.2503383256392887e-5,-0.0030954223484150898,1.2613922855594233e-5,-0.000758490427040646,-0.0003418607216422613,-0.0003026288665198414,-0.0003529212744287024,-0.0007144914269790617
33.0,-0.0022956276490523546,1.411207939594655e-6,0.029007717298027865,0.005963588852981964,-0.33340582497741,-6.917006395201768e-6,-0.0034110328157980585,-0.00029997535717938325,-8.261873220355917e-6,0.005169559067866696,0.005027226456155304,-0.03963852240380118,1.1016473552906946e-5,-0.00309743257164109,0.013945992700526813,-6.134193416771982e-5,-0.007479595536270824,0.018103960068388162,0.05609812130885772,0.00012195077049782103,-0.002827329097231845,0.04506619926611114,-0.00017484523558338816,-0.027434504368411675,0.038273719847274575,0.21507170343888976,0.000284337555478331,-4.621936286801384e-5,0.02187779980446243,-7.982432756089047e-5,-0.021067910091028406,0.0076073378480873595,0.10424749433450023,0.0001194922092228875,0.001405415823484841,0.002046421216579325,-0.006269858993040139,-0.00013236721760972073,0.002188597353402979,-0.0016697109994213942,0.0015381396977200144,-0.0016450129715328502,-0.0015004048993650868,-1.6469870608768902e-5,-1.503490793000565e-5,0.0021825192936911738,0.12633981603384545,-0.0004716380920939847,-0.09506365590497705,0.09911910837599534,0.7121946213978325,0.000713501131797217,0.005185813322068271,0.0013236936098402206,-0.004492794527301542,-0.0008872364192846027,0.008078449918345184,-0.005383793484270368,0.008280191230273137,-0.005217844192451787,-0.008022771203470896,-5.231510384791566e-5,-8.043975073212987e-5,0.007686745799210633,-0.0034868199784209904,6.236873482013717e-6,0.0030566009692303306,-0.003398500819211214,-0.028651829357666546,-1.5069001000325908e-5,-0.0027240533772610862,-0.010556309239271441,4.067901629694404e-5,-0.0014454367477891533,-0.01824848878655638,-0.013879709688816794,-0.0011580835084591767,-0.001311575045945493
34.0,-0.0022956276490523546,1.411207939594655e-6,0.029007717298027865,0.005963588852981964,-0.33340582497741,-6.917006395201768e-6,-0.0034110328157980585,-0.00029997535717938325,-8.261873220355917e-6,0.005169559067866696,0.005027226456155304,-0.03963852240380118,1.1016473552906946e-5,-0.00309743257164109,0.013945992700526813,-6.134193416771982e-5,-0.007479595536270824,0.018103960068388162,0.05609812130885772,0.00012195077049782103,-0.002827329097231845,0.04506619926611114,-0.00017484523558338816,-0.027434504368411675,0.038273719847274575,0.21507170343888976,0.000284337555478331,-4.621936286801384e-5,0.02187779980446243,-7.982432756089047e-5,-0.021067910091028406,0.0076073378480873595,0.10424749433450023,0.0001194922092228875,0.001405415823484841,0.002046421216579325,-0.006269858993040139,-0.00013236721760972073,0.002188597353402979,-0.0016697109994213942,0.0015381396977200144,-0.0016450129715328502,-0.0015004048993650868,-1.6469870608768902e-5,-1.503490793000565e-5,0.0021825192936911738,0.12633981603384545,-0.0004716380920939847,-0.09506365590497705,0.09911910837599534,0.7121946213978325,0.000713501131797217,0.005185813322068271,0.0013236936098402206,-0.004492794527301542,-0.0008872364192846027,0.008078449918345184,-0.005383793484270368,0.008280191230273137,-0.005217844192451787,-0.008022771203470896,-5.231510384791566e-5,-8.043975073212987e-5,0.007686745799210633,-0.0034868199784209904,6.236873482013717e-6,0.0030566009692303306,-0.003398500819211214,-0.028651829357666546,-1.5069001000325908e-5,-0.0027240533772610862,-0.010556309239271441,4.067901629694404e-5,-0.0014454367477891533,-0.01824848878655638,-0.013879709688816794,-0.0011580835084591767,-0.001311575045945493
35.0,-0.002828379960214196,1.006157118489245e-5,-0.04311387834134339,-0.011877419689416049,0.47386557342352503,-2.4466892509690776e-5,-0.0036728859341459853,-0.018194546306608373,6.475605510305145e-5,0.015881863510154637,0.03172842002940057,-0.16289669813164834,-0.000113590314304008,-0.016616309620943757,-0.01819889311486508,6.475688531985471e-5,0.011660866282470561,0.045768472407570364,-0.11890634825491646,-0.00013421726767577015,-0.019872963690885707,-0.026853414476941447,9.555736176209015e-5,0.028085756874991083,0.03957050479445504,-0.2196120559282848,-0.00015822113937866917,-0.02335913371862972,-0.026080661911657567,9.267588947238804e-5,-0.001447660701738633,0.029468812316213677,-0.11376303825177042,-0.00013954271657550443,-0.022164390847623668,-0.032073024373890265,0.045496571009373286,-0.006895757631771395,0.03205850907402473,-0.04098803046828523,0.018654364839505666,-0.03969816749928915,-0.01806729455414606,-0.0003980446653360088,-0.00018115675712535733,0.033225864556040534,-0.04033092248815066,0.00014355352184506479,0.032088187644179755,0.05795009551406072,-0.2578533357713491,-0.00021939574714100092,-0.03194824788618852,-0.007610257142609938,0.010818991000199795,-0.001201260184085834,0.010532956731417704,-0.007134307078431145,0.010807426010216637,-0.006909608971095079,-0.010467033026718626,-6.928126959150979e-5,-0.00010495085781544876,0.010011764348734327,-0.015049198699743456,5.447173614738633e-5,-0.005433129361081425,-0.015825805867719957,-0.008369043949284529,-0.00010840373249247864,-0.0015204357352285142,-0.00024311416601339176,8.630359298287012e-7,0.0030239361497261872,0.0036254180474815253,-0.032294269327525695,-2.4995309491541133e-5,-0.004165341395463563
36.0,-0.002828379960214196,1.006157118489245e-5,-0.04311387834134339,-0.011877419689416049,0.47386557342352503,-2.4466892509690776e-5,-0.0036728859341459853,-0.018194546306608373,6.475605510305145e-5,0.015881863510154637,0.03172842002940057,-0.16289669813164834,-0.000113590314304008,-0.016616309620943757,-0.01819889311486508,6.475688531985471e-5,0.011660866282470561,0.045768472407570364,-0.11890634825491646,-0.00013421726767577015,-0.019872963690885707,-0.026853414476941447,9.555736176209015e-5,0.028085756874991083,0.03957050479445504,-0.2196120559282848,-0.00015822113937866917,-0.02335913371862972,-0.026080661911657567,9.267588947238804e-5,-0.001447660701738633,0.029468812316213677,-0.11376303825177042,-0.00013954271657550443,-0.022164390847623668,-0.032073024373890265,0.045496571009373286,-0.006895757631771395,0.03205850907402473,-0.04098803046828523,0.018654364839505666,-0.03969816749928915,-0.01806729455414606,-0.0003980446653360088,-0.00018115675712535733,0.033225864556040534,-0.04033092248815066,0.00014355352184506479,0.032088187644179755,0.05795009551406072,-0.2578533357713491,-0.00021939574714100092,-0.03194824788618852,-0.007610257142609938,0.010818991000199795,-0.001201260184085834,0.010532956731417704,-0.007134307078431145,0.010807426010216637,-0.006909608971095079,-0.010467033026718626,-6.928126959150979e-5,-0.00010495085781544876,0.010011764348734327,-0.015049198699743456,5.447173614738633e-5,-0.005433129361081425,-0.015825805867719957,-0.008369043949284529,-0.00010840373249247864,-0.0015204357352285142,-0.00024311416601339176,8.630359298287012e-7,0.0030239361497261872,0.0036254180474815253,-0.032294269327525695,-2.4995309491541133e-5,-0.004165341395463563
37.0,0.00041175322052492704,-7.234248976157755e-6,0.00293262960005128,0.001014552243964146,-0.006546849412113773,1.4088089500910706e-5,-7.563821862538963e-5,0.1209880384193264,-0.0003869489505315569,-0.11404378934031445,0.07925445717825642,0.793661354418549,0.0006839732858504815,-0.0006807541552992114,-0.08143694949085692,0.0002947055993577383,0.07169265693071669,-0.05488911396577912,-0.5174009719488527,-0.0005975371143567899,0.000898722295881394,-0.020313894104699207,3.775624692467844e-5,0.017567107058128403,-0.011219373376703977,-0.06356763850884203,-7.438279879804752e-5,-0.0001189211094924193,0.005621353922342004,-2.1327264982173567e-5,-0.0062039483919380245,0.002678795101852591,0.025935828797724943,3.107415268644602e-5,-5.251449003973251e-5,0.0006332109809837848,-0.002234174599471188,3.0570418147785346e-5,-0.00035153678126089696,0.000310357593501661,-0.0002383295376636483,0.00030464685548289497,0.00023181932801250127,3.0511015960545614e-6,2.3235171916124112e-6,-0.00035221397266862434,-0.002805652010281007,8.571901119057592e-7,0.003001971549442328,-0.0019468252277896263,-0.009337817242351814,-4.455572738414571e-6,-4.8686003924758834e-5,0.00044434737960693155,-0.002208672039006218,4.342519333073534e-5,2.2037277191396866e-5,0.00019988857599001538,9.832232647518734e-6,0.00019176724469878898,-1.867484370003714e-5,1.924349565148226e-6,-1.793950314108415e-7,3.5398601074460884e-5,-0.00022005928149148796,-4.2764812817681714e-6,0.0006655157297448119,-0.00014376519286208895,-0.0015810991654079654,6.092588408037982e-6,-4.866221499621065e-5,-0.0006653876459293809,-2.251352855081724e-6,0.0017151898733288097,-0.0006786805623219674,-0.01116042439192583,3.3624980397660274e-5,-0.0005763494144777024
38.0,0.00041175322052492704,-7.234248976157755e-6,0.00293262960005128,0.001014552243964146,-0.006546849412113773,1.4088089500910706e-5,-7.563821862538963e-5,0.1209880384193264,-0.0003869489505315569,-0.11404378934031445,0.07925445717825642,0.793661354418549,0.0006839732858504815,-0.0006807541552992114,-0.08143694949085692,0.0002947055993577383,0.07169265693071669,-0.05488911396577912,-0.5174009719488527,-0.0005975371143567899,0.000898722295881394,-0.020313894104699207,3.775624692467844e-5,0.017567107058128403,-0.011219373376703977,-0.06356763850884203,-7.438279879804752e-5,-0.0001189211094924193,0.005621353922342004,-2.1327264982173567e-5,-0.0062039483919380245,0.002678795101852591,0.025935828797724943,3.107415268644602e-5,-5.251449003973251e-5,0.0006332109809837848,-0.002234174599471188,3.0570418147785346e-5,-0.00035153678126089696,0.000310357593501661,-0.0002383295376636483,0.00030464685548289497,0.00023181932801250127,3.0511015960545614e-6,2.3235171916124112e-6,-0.00035221397266862434,-0.002805652010281007,8.571901119057592e-7,0.003001971549442328,-0.0019468252277896263,-0.009337817242351814,-4.455572738414571e-6,-4.8686003924758834e-5,0.00044434737960693155,-0.002208672039006218,4.342519333073534e-5,2.2037277191396866e-5,0.00019988857599001538,9.832232647518734e-6,0.00019176724469878898,-1.867484370003714e-5,1.924349565148226e-6,-1.793950314108415e-7,3.5398601074460884e-5,-0.00022005928149148796,-4.2764812817681714e-6,0.0006655157297448119,-0.00014376519286208895,-0.0015810991654079654,6.092588408037982e-6,-4.866221499621065e-5,-0.0006653876459293809,-2.251352855081724e-6,0.0017151898733288097,-0.0006786805623219674,-0.01116042439192583,3.3624980397660274e-5,-0.0005763494144777024
39.0,-0.0026357372558730883,1.1338153325806442e-6,0.004469944062632468,0.0004061149230116219,-0.022502061076652802,-6.955627120998065e-6,-5.449811104620435e-5,0.0006148705259202367,2.3376730236021555e-5,-0.004225340598401021,-0.0022238752309195683,-0.05326936528586325,-3.05883823102666e-5,0.00013834199110238148,-0.032931069213793206,0.00010335893083427519,0.028278122825472124,-0.01575200001279779,-0.17654048780754367,-0.00021564418666820297,-4.599926157337829e-6,0.13077225631773118,-0.000478170641504355,-0.10100853544134114,0.0868206974362634,0.7858821671783071,0.0007699901408715741,-0.00033466919528548115,-0.024931081577776838,0.00020820739508807396,0.03101499965271865,-0.01808849644326462,-0.42266727745971816,-0.0002683727912839241,0.0006067614321616671,0.00031289206534331724,-0.002811773087518295,0.00040604724236487934,7.138688850621256e-5,0.002029744508442888,0.0006196066514342457,0.001953825657001479,-0.0006410205295704322,1.9600478812728007e-5,-6.392169028158351e-6,-1.8062921118722313e-5,-0.027819886764290556,8.994953744837645e-5,0.02249508008240452,-0.020713409516192112,-0.1600643846593218,-0.0001374224662515066,9.66779839885763e-6,-0.0014254375095771321,-7.828427088684477e-5,6.275982104364968e-5,0.0008670990185846958,4.333833380318167e-5,0.0008558614044341447,3.1592532617769176e-5,-0.0008549259184007417,3.256623502328229e-7,-8.549687391806311e-6,0.0008680007370613316,-0.003553173375568232,5.351291761897086e-6,0.0017926793351749444,-0.001618930326314256,-0.009451129637381307,-1.3549624531680286e-5,-3.6566128781512644e-5,-0.0018143941477123042,2.8654171675683598e-6,0.00031920764969482713,-0.0002053265652399751,-0.004721912805578953,-0.00010321975040335026,-0.00025863460725693966
40.0,-0.0026357372558730883,1.1338153325806442e-6,0.004469944062632468,0.0004061149230116219,-0.022502061076652802,-6.955627120998065e-6,-5.449811104620435e-5,0.0006148705259202367,2.3376730236021555e-5,-0.004225340598401021,-0.0022238752309195683,-0.05326936528586325,-3.05883823102666e-5,0.00013834199110238148,-0.032931069213793206,0.00010335893083427519,0.028278122825472124,-0.01575200001279779,-0.17654048780754367,-0.00021564418666820297,-4.599926157337829e-6,0.13077225631773118,-0.000478170641504355,-0.10100853544134114,0.0868206974362634,0.7858821671783071,0.0007699901408715741,-0.00033466919528548115,-0.024931081577776838,0.00020820739508807396,0.03101499965271865,-0.01808849644326462,-0.42266727745971816,-0.0002683727912839241,0.0006067614321616671,0.00031289206534331724,-0.002811773087518295,0.00040604724236487934,7.138688850621256e-5,0.002029744508442888,0.0006196066514342457,0.001953825657001479,-0.0006410205295704322,1.9600478812728007e-5,-6.392169028158351e-6,-1.8062921118722313e-5,-0.027819886764290556,8.994953744837645e-5,0.02249508008240452,-0.020713409516192112,-0.1600643846593218,-0.0001374224662515066,9.66779839885763e-6,-0.0014254375095771321,-7.828427088684477e-5,6.275982104364968e-5,0.0008670990185846958,4.333833380318167e-5,0.0008558614044341447,3.1592532617769176e-5,-0.0008549259184007417,3.256623502328229e-7,-8.549687391806311e-6,0.0008680007370613316,-0.003553173375568232,5.351291761897086e-6,0.0017926793351749444,-0.001618930326314256,-0.009451129637381307,-1.3549624531680286e-5,-3.6566128781512644e-5,-0.0018143941477123042,2.8654171675683598e-6,0.00031920764969482713,-0.0002053265652399751,-0.004721912805578953,-0.00010321975040335026,-0.00025863460725693966
41.0,-0.0034535274799345613,-9.720124133799306e-6,0.008411880594949211,0.0007195710053841493,0.05640050881526904,1.3473510375314596e-5,-6.052842243639009e-5,0.015211281869923888,-0.00021526623969951933,-0.012021015871617816,0.010426441665261164,0.5120856557826894,0.00031641922319905133,-1.860538337444859e-5,0.04675433436521063,-0.00032668702075035547,-0.04248856187519963,0.015102986440777967,0.5822323501950668,0.0005982112920553242,0.0002559139401710299,0.011722255387430743,-2.906067606776676e-5,-0.011245906767645657,0.0030276730086953867,0.06164237211235474,5.0387130437198054e-5,9.202873503955322e-5,-0.005785915318378852,0.0001995739426653243,0.00895663076444317,-0.007664951125645222,-0.3991124401591392,-0.00024384988688396503,8.861673133453969e-5,-0.0004170800627638403,-0.0004786381662313726,0.00041922239136830166,0.0012931270626777326,0.0012068625435374116,0.0014921822271700106,0.001128492663389746,-0.0014875908151974863,1.1348994471453027e-5,-1.4878727799079874e-5,0.0011722357377124345,-0.03865984382389883,0.00015977483583299017,0.03235743546804099,-0.023684066710143368,-0.3046753085180001,-0.00023093043414691608,-0.00023463331664760827,-0.0015255154069313795,-0.000296449829405657,0.0006045389391081507,0.004491440334357547,0.0007579934105750525,0.00441701294544357,0.0006449119320132625,-0.004429713138192989,6.54221022582829e-6,-4.4283718585390135e-5,0.004541241432689478,-0.00606205604798369,2.8376974094567863e-5,0.0033890564993075654,-0.0037296722304944506,-0.05007243390583189,-5.2588603499020524e-5,-4.4987065973723326e-5,-0.0010811560555515766,6.33156808170235e-6,-0.004240937797315676,-0.0004698753950620604,-0.0036890925580767243,-0.0001651133340775394,-9.914345163981262e-5
42.0,-0.0034535274799345613,-9.720124133799306e-6,0.008411880594949211,0.0007195710053841493,0.05640050881526904,1.3473510375314596e-5,-6.052842243639009e-5,0.015211281869923888,-0.00021526623969951933,-0.012021015871617816,0.010426441665261164,0.5120856557826894,0.00031641922319905133,-1.860538337444859e-5,0.04675433436521063,-0.00032668702075035547,-0.04248856187519963,0.015102986440777967,0.5822323501950668,0.0005982112920553242,0.0002559139401710299,0.011722255387430743,-2.906067606776676e-5,-0.011245906767645657,0.0030276730086953867,0.06164237211235474,5.0387130437198054e-5,9.202873503955322e-5,-0.005785915318378852,0.0001995739426653243,0.00895663076444317,-0.007664951125645222,-0.3991124401591392,-0.00024384988688396503,8.861673133453969e-5,-0.0004170800627638403,-0.0004786381662313726,0.00041922239136830166,0.0012931270626777326,0.0012068625435374116,0.0014921822271700106,0.001128492663389746,-0.0014875908151974863,1.1348994471453027e-5,-1.4878727799079874e-5,0.0011722357377124345,-0.03865984382389883,0.00015977483583299017,0.03235743546804099,-0.023684066710143368,-0.3046753085180001,-0.00023093043414691608,-0.00023463331664760827,-0.0015255154069313795,-0.000296449829405657,0.0006045389391081507,0.004491440334357547,0.0007579934105750525,0.00441701294544357,0.0006449119320132625,-0.004429713138192989,6.54221022582829e-6,-4.4283718585390135e-5,0.004541241432689478,-0.00606205604798369,2.8376974094567863e-5,0.0033890564993075654,-0.0037296722304944506,-0.05007243390583189,-5.2588603499020524e-5,-4.4987065973723326e-5,-0.0010811560555515766,6.33156808170235e-6,-0.004240937797315676,-0.0004698753950620604,-0.0036890925580767243,-0.0001651133340775394,-9.914345163981262e-5
43.0,0.037246709810027874,-7.404340446097949e-5,0.00013111874191250477,0.003655106844732637,-0.00047262246309498935,0.0002170415214578371,-0.0003714225567772061,0.04068684006621445,-8.088210128165716e-5,-0.0073978020095272125,0.0047316405093152355,0.021589976714477977,0.00017104178086406593,-0.0002927033276270202,0.03550252436475579,-7.057610683826509e-5,-0.0017736455179901368,0.001463931726485787,0.0033530455396733514,0.00017633879965398748,-0.0003017681012665521,0.03167315433361825,-6.296363326697339e-5,0.0022096376947775176,-0.0013489632910315737,-0.008394552367393174,0.0001256790732293198,-0.0002150742512255135,0.034294404541128164,-6.817446370803585e-5,-0.0004574395515152683,0.00027897640780331706,-0.0015927087948842437,0.00012370926708339097,-0.00021170332740192617,0.03443923821553908,-0.026563343066913842,-2.9206279591649313e-5,0.000518786794734064,-0.0003117716654428883,0.00038456523686555296,-0.00030631356498607524,-0.00037783275945578676,-3.067585581154006e-6,-3.783816526235629e-6,0.000519066244508004,0.03384463260812308,-6.728035399150627e-5,0.0004115964873554365,1.0575072723597075e-5,-0.002709164990938723,0.00012396507582136104,-0.00021214109219059297,0.03502783831457136,-0.027017336452676965,-1.769926322898033e-5,0.0005549399732397108,-0.00018893638118970766,0.0005544658982418694,-0.00018562872413399904,-0.0005447590168714062,-1.8589839310955779e-6,-5.455504085782202e-6,0.0005408252829324067,-0.41647158314531385,0.0008279113520261294,0.20122351874378924,-0.4797723763527385,-0.7361284217092766,-0.001993471762599793,0.0034114227266336906,0.02875041893225325,-5.7153474985621113e-5,0.007519395702372539,-0.002217045158494986,-0.030556036106386877,0.001994434605768998,-0.0034130704374919353
44.0,0.4201451614487059,-0.0007789160866536999,-0.10800961445315069,0.43976412297826056,0.7315684475752916,0.0023627345673085547,-0.0034705494768492904,-0.04174332011310341,7.738883255111449e-5,0.030785638466074978,-0.018247896070073558,-0.08532800902834616,-0.0001693541701838095,0.000248759227906541,-0.0348076005923803,6.453055402506319e-5,0.021152669540820148,-0.012342757029841292,-0.056245584542631906,-0.0001668489169642879,0.000245079337078691,-0.040260804800965576,7.464036575589808e-5,0.02325900680475883,-0.018127530709610082,-0.06275312717101376,-0.00015417528630302574,0.00022646342360739262,-0.01715307512296599,3.180045225987872e-5,0.005795841620706647,-0.0024139835375495714,-0.009552214982265595,-5.9714749667838154e-5,8.771319304006381e-5,-0.010279455224831117,0.007379691252944107,0.0003033367948558838,-0.006237694923722306,0.003472103439233543,-0.004808195941129417,0.003415419921280253,0.004729700163066314,3.4200371515321346e-5,4.7360941342585486e-5,-0.006221342041795751,-0.035321970589526325,6.548415554669582e-5,0.021299617255450147,-0.016338120879093577,-0.058397122799516935,-0.0001248576423037931,0.00018339962141460458,-0.0069220936407517406,0.004969418396083499,0.0008086409136637238,-0.02958211941125053,0.009255998431477458,-0.029762182082200397,0.00910489044676023,0.029276302207931676,9.11719910284179e-5,0.0002931588015809943,-0.028854370990847433,-0.11516039961000119,0.00021349832398981673,0.05304857925696197,-0.10522553461993174,-0.1561297121343602,-0.0005319717092114467,0.0007813971838119883,-0.011279214543145982,2.0910776699623943e-5,-0.0008317852815251455,0.00010694889570295081,0.006517144937089698,-0.0007551185518995114,0.0011091708443882915
45.0,0.0011370133942690853,-1.0504083009337873e-5,-0.0019072083367238446,9.759954391381485e-5,0.006847004477908656,2.2156720831783083e-5,2.1263491564353346e-5,0.0044263911560666865,2.765395206801191e-6,-0.0035204807843956147,0.0003780705973834948,-0.02676741926064342,4.882683461539687e-7,3.3567773654825356e-5,0.004787262884276279,1.2480272197133954e-5,-0.002768500150975601,8.526803584174872e-5,-0.03610294208896854,-1.5231588975141426e-5,3.617839771359069e-5,0.0015009503967097755,6.421200676263382e-5,0.0006367318185642922,0.0006229918411248197,-0.12791683863711104,-8.430370498492541e-5,-2.5031135182210018e-5,-0.021813972830211192,0.000432003635587567,0.026215950768786536,-0.010875074399714794,-0.7870417675256881,-0.0005428282912604736,-0.0003710042617000488,0.002898578546034397,-0.007143189265804651,0.0004973034407116645,0.0005739742922508208,0.003327981969089184,0.001503949010102454,0.003235333837128164,-0.0015526697792388245,3.242603466453588e-5,-1.548510952183393e-5,0.00047975575463939395,0.041601281277213194,-0.00027843035780131416,-0.03396939507369575,0.01903082480051594,0.5347822340522096,0.00037908875391673034,0.0004337570266837553,0.0004041432298594024,-0.0040024044837945905,-0.00013786802664742602,-0.001164468380041631,0.0005570126070247409,-0.0011983357483907704,0.0005828620929636557,0.0011634113549144408,5.806804413579787e-6,1.1661574946036952e-5,-0.001136092384822283,-0.0012137048323808868,-2.5818134269396622e-5,0.0023326922368137894,0.000991320250338004,0.030674071894181854,4.019868261756318e-5,6.611659710508434e-6,-0.0010382656077776245,-1.1477191511939752e-5,0.0004955672312158742,-4.681067983836829e-5,-0.016633818553961847,0.0002508054832284203,-2.289455553158922e-5
46.0,0.0011370133942690853,-1.0504083009337873e-5,-0.0019072083367238446,9.759954391381485e-5,0.006847004477908656,2.2156720831783083e-5,2.1263491564353346e-5,0.0044263911560666865,2.765395206801191e-6,-0.0035204807843956147,0.0003780705973834948,-0.02676741926064342,4.882683461539687e-7,3.3567773654825356e-5,0.004787262884276279,1.2480272197133954e-5,-0.002768500150975601,8.526803584174872e-5,-0.03610294208896854,-1.5231588975141426e-5,3.617839771359069e-5,0.0015009503967097755,6.421200676263382e-5,0.0006367318185642922,0.0006229918411248197,-0.12791683863711104,-8.430370498492541e-5,-2.5031135182210018e-5,-0.021813972830211192,0.000432003635587567,0.026215950768786536,-0.010875074399714794,-0.7870417675256881,-0.0005428282912604736,-0.0003710042617000488,0.002898578546034397,-0.007143189265804651,0.0004973034407116645,0.0005739742922508208,0.003327981969089184,0.001503949010102454,0.003235333837128164,-0.0015526697792388245,3.242603466453588e-5,-1.548510952183393e-5,0.00047975575463939395,0.041601281277213194,-0.00027843035780131416,-0.03396939507369575,0.01903082480051594,0.5347822340522096,0.00037908875391673034,0.0004337570266837553,0.0004041432298594024,-0.0040024044837945905,-0.00013786802664742602,-0.001164468380041631,0.0005570126070247409,-0.0011983357483907704,0.0005828620929636557,0.0011634113549144408,5.806804413579787e-6,1.1661574946036952e-5,-0.001136092384822283,-0.0012137048323808868,-2.5818134269396622e-5,0.0023326922368137894,0.000991320250338004,0.030674071894181854,4.019868261756318e-5,6.611659710508434e-6,-0.0010382656077776245,-1.1477191511939752e-5,0.0004955672312158742,-4.681067983836829e-5,-0.016633818553961847,0.0002508054832284203,-2.289455553158922e-5
47.0,0.0011570036832372,4.278020418298267e-6,-0.0003215309110554463,2.1836560768226897e-5,-0.03717823188134765,-6.9322350450784355e-6,5.477110019569904e-6,-0.0012942530988997285,5.850367585715267e-5,0.002075777982280089,0.001277906823775438,-0.08977464759146278,-8.469386898052199e-5,-7.809699798423206e-5,-0.0033415587653016095,7.74442116683636e-5,0.0037113237382915163,0.0023794741017261665,-0.0830137493243993,-0.00013429633425785157,-0.00013699762823626575,-0.004908415829820337,0.00010800247919670867,0.006315704930054792,0.004395488529929752,-0.12587500699742515,-0.000149844019393191,-0.00015443976106612646,-0.027253424714713915,0.0003485698416085495,0.02524285237666459,-0.004133287989912008,-0.4873961770173746,-0.00044897172448556035,-0.0005287222052214266,-0.0018838919151023448,0.025888197768457563,-0.00342970973643179,-0.007143230130884047,-0.005651602714305775,-0.0075469223586974435,-0.005011283763790449,0.007389748775820718,-5.062710821560579e-5,7.401307047444594e-5,-0.006065487721020237,-0.015092245034198383,0.0004010269393780777,0.012589428373039346,-0.006761571876435347,-0.6900356892320351,-0.0005109906580505995,-0.0005082680655293796,0.0012332622333024574,-0.0027751854032485564,-0.0002988708392129182,-0.0008500791312025783,-0.000669574549436853,-0.0008111173592500883,-0.0006138093542649388,0.0008338069347557858,-6.182574524529369e-6,8.318097461747139e-6,-0.0008993658287191028,0.01628473036547588,-0.0002701727386059558,-0.014271442703391462,0.005965098303870622,0.4445033464068037,0.00045651267190498815,0.0005012486103423403,0.00222071122596284,-1.1925315550087699e-5,0.0007701020623133059,0.00033987086241440664,-0.0050819199757039584,0.00031563683879230894,0.0005119715905630394
48.0,0.0011570036832372,4.278020418298267e-6,-0.0003215309110554463,2.1836560768226897e-5,-0.03717823188134765,-6.9322350450784355e-6,5.477110019569904e-6,-0.0012942530988997285,5.850367585715267e-5,0.002075777982280089,0.001277906823775438,-0.08977464759146278,-8.469386898052199e-5,-7.809699798423206e-5,-0.0033415587653016095,7.74442116683636e-5,0.0037113237382915163,0.0023794741017261665,-0.0830137493243993,-0.00013429633425785157,-0.00013699762823626575,-0.004908415829820337,0.00010800247919670867,0.006315704930054792,0.004395488529929752,-0.12587500699742515,-0.000149844019393191,-0.00015443976106612646,-0.027253424714713915,0.0003485698416085495,0.02524285237666459,-0.004133287989912008,-0.4873961770173746,-0.00044897172448556035,-0.0005287222052214266,-0.0018838919151023448,0.025888197768457563,-0.00342970973643179,-0.007143230130884047,-0.005651602714305775,-0.0075469223586974435,-0.005011283763790449,0.007389748775820718,-5.062710821560579e-5,7.401307047444594e-5,-0.006065487721020237,-0.015092245034198383,0.0004010269393780777,0.012589428373039346,-0.006761571876435347,-0.6900356892320351,-0.0005109906580505995,-0.0005082680655293796,0.0012332622333024574,-0.0027751854032485564,-0.0002988708392129182,-0.0008500791312025783,-0.000669574549436853,-0.0008111173592500883,-0.0006138093542649388,0.0008338069347557858,-6.182574524529369e-6,8.318097461747139e-6,-0.0008993658287191028,0.01628473036547588,-0.0002701727386059558,-0.014271442703391462,0.005965098303870622,0.4445033464068037,0.00045651267190498815,0.0005012486103423403,0.00222071122596284,-1.1925315550087699e-5,0.0007701020623133059,0.00033987086241440664,-0.0050819199757039584,0.00031563683879230894,0.0005119715905630394
49.0,-0.002590636658258683,-2.634477279154901e-5,0.0036924457361640203,0.0012089411903873188,0.18710981159548565,4.666028355940813e-5,-2.666165513571607e-5,0.013193426463855679,-0.00018117285992055887,-0.009421435973919434,0.0027911580234820294,0.45111960794495326,0.00026341477900384115,4.638668167693014e-5,0.02563498946531032,-0.0002524681955667816,-0.020500244880222736,0.0030106508081335017,0.4675660566735668,0.00044252211103098545,0.0001257257949511614,-0.010066588855917602,-1.0856953683646925e-5,0.0024219939084433066,-0.0008487194849884216,0.03255594551491561,4.350346498140546e-6,-5.6421246414761155e-5,-0.06614351867955752,0.0001988304419618992,0.059718248427841555,-0.019851575253112017,-0.3246923252134798,-0.00029369801383026387,-0.0002991074355580892,-0.006331018123073941,-0.0018969030674354896,0.0005531166172802206,0.0031514669679240373,0.0016457065971922711,0.003345814744236625,0.0015423952825777004,-0.003339523806765692,1.5507586343876022e-5,-3.339879333325969e-5,0.0029848840183646056,-0.05074311923386271,6.116015285363279e-5,0.040896698560876216,-0.01963500159720797,-0.10514127446571679,-0.00011899482360651638,-0.0002460154421221062,-0.004354114983875462,-0.0022932649460982125,0.0006882836797764426,0.0030472331894689057,0.004984298532327646,0.002697918038574777,0.004855892566450421,-0.0029276661299924888,4.866148196903264e-5,-2.908766185791552e-5,0.003337605638142988,-0.018514886112027767,1.6513853398511572e-5,0.012493825110821574,-0.004069391465541236,-0.0252821887914397,-4.7629938261856366e-5,-0.00011838667077227888,0.00739475474197728,5.542853769358191e-6,-0.052715096973660266,0.0013658033861159958,-0.03802144370434013,-5.164589187938737e-7,0.0007180185620558153
50.0,-0.002590636658258683,-2.634477279154901e-5,0.0036924457361640203,0.0012089411903873188,0.18710981159548565,4.666028355940813e-5,-2.666165513571607e-5,0.013193426463855679,-0.00018117285992055887,-0.009421435973919434,0.0027911580234820294,0.45111960794495326,0.00026341477900384115,4.638668167693014e-5,0.02563498946531032,-0.0002524681955667816,-0.020500244880222736,0.0030106508081335017,0.4675660566735668,0.00044252211103098545,0.0001257257949511614,-0.010066588855917602,-1.0856953683646925e-5,0.0024219939084433066,-0.0008487194849884216,0.03255594551491561,4.350346498140546e-6,-5.6421246414761155e-5,-0.06614351867955752,0.0001988304419618992,0.059718248427841555,-0.019851575253112017,-0.3246923252134798,-0.00029369801383026387,-0.0002991074355580892,-0.006331018123073941,-0.0018969030674354896,0.0005531166172802206,0.0031514669679240373,0.0016457065971922711,0.003345814744236625,0.0015423952825777004,-0.003339523806765692,1.5507586343876022e-5,-3.339879333325969e-5,0.0029848840183646056,-0.05074311923386271,6.116015285363279e-5,0.040896698560876216,-0.01963500159720797,-0.10514127446571679,-0.00011899482360651638,-0.0002460154421221062,-0.004354114983875462,-0.0022932649460982125,0.0006882836797764426,0.0030472331894689057,0.004984298532327646,0.002697918038574777,0.004855892566450421,-0.0029276661299924888,4.866148196903264e-5,-2.908766185791552e-5,0.003337605638142988,-0.018514886112027767,1.6513853398511572e-5,0.012493825110821574,-0.004069391465541236,-0.0252821887914397,-4.7629938261856366e-5,-0.00011838667077227888,0.00739475474197728,5.542853769358191e-6,-0.052715096973660266,0.0013658033861159958,-0.03802144370434013,-5.164589187938737e-7,0.0007180185620558153
51.0,0.10209704799354234,0.00033402209250222345,-0.0003611788407359558,-0.00026724132976392606,0.06783431412534129,-0.0005383958559896757,0.0002579240660846711,0.041564510004198696,-0.00020562938230755105,-0.001020764230913021,0.0012302809501688605,0.022045733387324563,0.00033443184108110396,0.0007159271322047522,0.007852884587389171,-0.0002239010485964413,-0.0011168101233232136,0.00034090398530831436,0.009407139134838944,0.0003899047756554003,0.0005695435411172195,-0.6562481546108618,0.000733773696551042,0.0008831552438024541,-0.01760552927518733,-0.14418309192826192,-0.0015640911359822212,-0.006224531202968145,0.20153935587359767,-0.0008817937196312162,-0.00442386784045075,0.06761544216304212,0.1317356270026429,0.0012488600526524142,0.0027934120943906523,0.03682717238886272,0.17948711511114843,-0.015228476359718968,-0.00624889596262687,0.009596120754005477,0.003134137003825727,0.01247080374006782,-0.004936755416155396,0.00012226498253177588,-4.79032313897662e-5,0.0002534702239940069,0.4004480769345749,5.267341182568509e-5,-0.006086541733493079,0.005721126419735458,0.23942251069800075,0.0002523280604338199,0.002688999963841567,0.009181119080989026,0.08722193610440566,-0.0036744592958018875,1.6907359106945904e-5,0.001960490292907207,-0.00030666622321986716,0.002653067532868925,6.640635044942085e-5,2.5950331211333696e-5,8.422411671981645e-7,5.2871841753014163e-5,0.003927754692756249,-0.00011682654839829491,-0.0011063889439641872,0.0003354332069268868,0.009055259718077227,0.00019587956713393314,0.0002848469506087611,-0.00016841978242545375,-1.3489445059923152e-5,-3.36042151501026e-5,0.00021462901870009378,-0.0002512971375093323,0.00031841896349790527,0.0003950402524854185
52.0,0.10209704799354234,0.00033402209250222345,-0.0003611788407359558,-0.00026724132976392606,0.06783431412534129,-0.0005383958559896757,0.0002579240660846711,0.041564510004198696,-0.00020562938230755105,-0.001020764230913021,0.0012302809501688605,0.022045733387324563,0.00033443184108110396,0.0007159271322047522,0.007852884587389171,-0.0002239010485964413,-0.0011168101233232136,0.00034090398530831436,0.009407139134838944,0.0003899047756554003,0.0005695435411172195,-0.6562481546108618,0.000733773696551042,0.0008831552438024541,-0.01760552927518733,-0.14418309192826192,-0.0015640911359822212,-0.006224531202968145,0.20153935587359767,-0.0008817937196312162,-0.00442386784045075,0.06761544216304212,0.1317356270026429,0.0012488600526524142,0.0027934120943906523,0.03682717238886272,0.17948711511114843,-0.015228476359718968,-0.00624889596262687,0.009596120754005477,0.003134137003825727,0.01247080374006782,-0.004936755416155396,0.00012226498253177588,-4.79032313897662e-5,0.0002534702239940069,0.4004480769345749,5.267341182568509e-5,-0.006086541733493079,0.005721126419735458,0.23942251069800075,0.0002523280604338199,0.002688999963841567,0.009181119080989026,0.08722193610440566,-0.0036744592958018875,1.6907359106945904e-5,0.001960490292907207,-0.00030666622321986716,0.002653067532868925,6.640635044942085e-5,2.5950331211333696e-5,8.422411671981645e-7,5.2871841753014163e-5,0.003927754692756249,-0.00011682654839829491,-0.0011063889439641872,0.0003354332069268868,0.009055259718077227,0.00019587956713393314,0.0002848469506087611,-0.00016841978242545375,-1.3489445059923152e-5,-3.36042151501026e-5,0.00021462901870009378,-0.0002512971375093323,0.00031841896349790527,0.0003950402524854185
53.0,0.0023294119162187293,5.631629958120974e-5,-0.0015494803528129804,0.00019917730180886323,-0.12892851697640148,-0.00010889746033150536,-9.205574207965842e-5,-0.0008113501301109042,0.0001514584865522535,0.0022136386386509594,0.0032586368929030853,-0.15576851337580633,-0.00021783087776009802,-0.00023068783550078686,-0.0031922544000343557,0.00020193651637437712,0.004228495209946796,0.005382517875764168,-0.13896124337138455,-0.00034545409881087244,-0.00038175344128666154,-0.0020710502830512075,0.00022899527486478326,0.005581215791505992,0.007780093911818661,-0.15309202401647956,-0.00031160495368721226,-0.00033508156942881935,-0.01457577113149163,0.0005581173684659822,0.013105822469497784,0.0013498832412828397,-0.5560878304351138,-0.0006979779334928273,-0.0008026053608702968,-0.003293991388911629,0.061157481433841955,-0.0063479459523113155,-0.010052828678893209,-0.009989483809353264,-0.010838707408758589,-0.008806219535069932,0.010531824596085154,-8.899327260923208e-5,0.00010553679897831465,-0.008051503631688784,-0.007740884383483002,0.0004918301211285867,0.007432786589532677,0.002925111266274828,-0.5996746067596469,-0.000620429293933797,-0.0006854341321202283,0.0009863742272241908,0.02178989820046887,-0.0025876573416356297,-0.0054024855442155436,-0.0037557500204329977,-0.005242845034416485,-0.003273309795717022,0.005331918678034662,-3.311359816223096e-5,5.323243506591983e-5,-0.005721757473466969,0.000887965091870294,0.00042725353104788974,0.0026183618529973035,-0.0016967523602957864,-0.458023680084772,-0.0006963159271839503,-0.0007143365938863273,0.0036116541055854416,-9.980055489215179e-5,0.0016337886564740183,0.0017672354741165106,-0.024547279726559002,0.002415534097075827,0.002882069209652068
54.0,0.0023294119162187293,5.631629958120974e-5,-0.0015494803528129804,0.00019917730180886323,-0.12892851697640148,-0.00010889746033150536,-9.205574207965842e-5,-0.0008113501301109042,0.0001514584865522535,0.0022136386386509594,0.0032586368929030853,-0.15576851337580633,-0.00021783087776009802,-0.00023068783550078686,-0.0031922544000343557,0.00020193651637437712,0.004228495209946796,0.005382517875764168,-0.13896124337138455,-0.00034545409881087244,-0.00038175344128666154,-0.0020710502830512075,0.00022899527486478326,0.005581215791505992,0.007780093911818661,-0.15309202401647956,-0.00031160495368721226,-0.00033508156942881935,-0.01457577113149163,0.0005581173684659822,0.013105822469497784,0.0013498832412828397,-0.5560878304351138,-0.0006979779334928273,-0.0008026053608702968,-0.003293991388911629,0.061157481433841955,-0.0063479459523113155,-0.010052828678893209,-0.009989483809353264,-0.010838707408758589,-0.008806219535069932,0.010531824596085154,-8.899327260923208e-5,0.00010553679897831465,-0.008051503631688784,-0.007740884383483002,0.0004918301211285867,0.007432786589532677,0.002925111266274828,-0.5996746067596469,-0.000620429293933797,-0.0006854341321202283,0.0009863742272241908,0.02178989820046887,-0.0025876573416356297,-0.0054024855442155436,-0.0037557500204329977,-0.005242845034416485,-0.003273309795717022,0.005331918678034662,-3.311359816223096e-5,5.323243506591983e-5,-0.005721757473466969,0.000887965091870294,0.00042725353104788974,0.0026183618529973035,-0.0016967523602957864,-0.458023680084772,-0.0006963159271839503,-0.0007143365938863273,0.0036116541055854416,-9.980055489215179e-5,0.0016337886564740183,0.0017672354741165106,-0.024547279726559002,0.002415534097075827,0.002882069209652068
55.0,-0.039048744732709736,3.3870385130914376e-5,0.07579795257163088,-0.03470640823498781,-0.041511930673549025,-0.00024916236142719637,0.0001079499214048577,-0.03566611637859487,3.0936336267239765e-5,0.05011189584666272,-0.025778813047503513,0.0037208154172743524,-0.00016418161424466257,7.113190071944648e-5,-0.04633178304811913,4.0187600046632235e-5,0.05503775144180098,-0.028259950201319894,-0.014387306178271124,-0.00025199278786889543,0.00010917620739392954,-0.053992762481277705,4.683263628671685e-5,0.057878834616076014,-0.041009358100562394,-0.00903488095180105,-0.00023459980777226026,0.00010164067584988898,-0.029424714819425407,2.552262384161339e-5,0.04667770215104307,-0.018556774239287657,0.011087933503163432,-0.00011622824519166116,5.0356040384315335e-5,0.02887043930802645,-0.009558887128192967,0.0015460890823064423,-0.16911172293648913,0.037825120852681984,-0.14725152671204042,0.03753637292687752,0.1461274437755999,0.000375597417037256,0.0014621841696709373,-0.16773919693354467,-0.1290532244528273,0.00011193912748079163,0.1386194541474124,-0.08962187220571288,-0.054981873945118505,-0.0005176054702532764,0.00022425325203828913,0.04933799251484051,-0.016335612234732802,0.0023523429009652173,-0.45112893841383644,0.057550147357961,-0.44867216031884605,0.05711082329716331,0.44524710435688897,0.0005714637774989456,0.00445524297693153,-0.44511929962314534,-0.041643752449232734,3.612126185885215e-5,0.051726724081527155,-0.046401851099127825,0.005710974870313338,-0.000218270489177856,9.456597705218826e-5,0.0047663507832977625,-4.13427212078658e-6,0.004228762185927248,-0.0009918272861071517,0.0037371305544760557,0.0003620612748753485,-0.00015686352442818662
56.0,0.09739890782368332,0.0007045829073304367,7.409605338834616e-5,-0.0009865294534056846,0.056342823263865145,-0.0012849672521743954,-0.0007587060683466549,-0.7869928173290478,0.0006172811728221259,0.003599767541511065,-0.0169267898540035,-0.22797922156346115,-0.0016079322402910462,-0.007383067759097949,0.46644657999143524,-0.0008708612562221791,-0.0032143296021048553,0.010833347601875477,0.13477637894412448,0.0019862771453508974,0.0062864860237083296,0.0018587475650855695,0.0001943462529117151,0.00026389627160947277,-0.0010798265241563215,0.0035839226666148334,-0.00026288590757221327,-0.0003293069613860429,-0.0007063096801018237,-5.845015294166604e-5,-8.955626056443276e-5,0.0005703331103591963,0.012364258870335687,7.176073835151933e-5,8.90361126848441e-5,0.002884659052987193,-0.007768388112898414,0.0019520897886304788,0.0009147824650911463,0.0007793565277059568,0.0006204955548751981,0.0004168044146916636,-0.00047405808784311854,4.430584525455743e-6,-4.839917311520637e-6,0.00032429777729413,0.010982925252282803,-0.00034865530833847597,-0.0005482778508776885,0.0011062808071738636,0.027166815740137802,0.0004467168036132814,0.00064405335248536,0.017137619914279364,0.10312689673042846,0.00023093599841119184,-0.00018642749649416186,0.00010473306759966836,2.3033159471839333e-5,6.187719248103647e-5,-6.31090663427611e-5,6.495292436183466e-7,-5.996750351227132e-7,7.567165413833204e-5,-0.0072079543855842546,-9.238820549480124e-5,0.00013444096519786924,0.00020944769589897736,0.003982241850355966,0.0001441820417907121,0.00013185181381318223,0.001822976248121649,-1.7741056345026584e-5,5.431242083616093e-5,0.00043566391114396787,0.0029670781467841857,0.00044953802459961133,0.0007857704106678957
57.0,0.09739890782368332,0.0007045829073304367,7.409605338834616e-5,-0.0009865294534056846,0.056342823263865145,-0.0012849672521743954,-0.0007587060683466549,-0.7869928173290478,0.0006172811728221259,0.003599767541511065,-0.0169267898540035,-0.22797922156346115,-0.0016079322402910462,-0.007383067759097949,0.46644657999143524,-0.0008708612562221791,-0.0032143296021048553,0.010833347601875477,0.13477637894412448,0.0019862771453508974,0.0062864860237083296,0.0018587475650855695,0.0001943462529117151,0.00026389627160947277,-0.0010798265241563215,0.0035839226666148334,-0.00026288590757221327,-0.0003293069613860429,-0.0007063096801018237,-5.845015294166604e-5,-8.955626056443276e-5,0.0005703331103591963,0.012364258870335687,7.176073835151933e-5,8.90361126848441e-5,0.002884659052987193,-0.007768388112898414,0.0019520897886304788,0.0009147824650911463,0.0007793565277059568,0.0006204955548751981,0.0004168044146916636,-0.00047405808784311854,4.430584525455743e-6,-4.839917311520637e-6,0.00032429777729413,0.010982925252282803,-0.00034865530833847597,-0.0005482778508776885,0.0011062808071738636,0.027166815740137802,0.0004467168036132814,0.00064405335248536,0.017137619914279364,0.10312689673042846,0.00023093599841119184,-0.00018642749649416186,0.00010473306759966836,2.3033159471839333e-5,6.187719248103647e-5,-6.31090663427611e-5,6.495292436183466e-7,-5.996750351227132e-7,7.567165413833204e-5,-0.0072079543855842546,-9.238820549480124e-5,0.00013444096519786924,0.00020944769589897736,0.003982241850355966,0.0001441820417907121,0.00013185181381318223,0.001822976248121649,-1.7741056345026584e-5,5.431242083616093e-5,0.00043566391114396787,0.0029670781467841857,0.00044953802459961133,0.0007857704106678957
58.0,-0.04143953287000701,-0.0017738180838500692,0.00024998593608747103,0.0032481477342983433,-0.043503983114515275,0.0034920343659518363,0.0041183041853838824,0.028002802862617693,0.0025793624556146575,0.003552828514343571,-0.008204351092657962,-0.06385937100085087,-0.0036927535308529523,-0.004574766625461929,0.039782486740170875,0.0045986063605459,0.009577290080239938,-0.013308228338147512,-0.0670241931848783,-0.00778959013982386,-0.009731117830797846,-0.007431108876657744,-0.0027789992986430303,-0.0042599291952276925,0.012057762254771088,0.003551881884622665,0.0037749283245284335,0.00482162461327143,0.03750965656710496,0.0026487050917841106,0.009928430897187555,-0.02133219398015582,-0.03417220217770676,-0.0032470316234246032,-0.0039718175336144025,-0.025718750232806828,-0.7728987030366422,0.00877671453374497,0.006061316970877413,0.0038799969755262983,0.0047285377226291775,0.00224903874942991,-0.0037988058604758496,2.3688092999011206e-5,-3.862466827710102e-5,0.0019008374337898966,-0.08200925156321401,-0.006451148160525758,-0.008274713399841623,0.020418920450601112,0.12694513876198346,0.008037523894373424,0.009886784847502255,-0.012094264442708764,-0.24489981566059227,0.0001041224568463267,2.5931608370468246e-5,-0.0008125459518941591,0.00011390321306861075,-0.0008338397302164357,-3.330071460078487e-5,-8.306932883860963e-6,-3.9362551536256795e-7,-0.00024069393005624542,0.01068158336566924,0.0008765853834419418,0.0008893694100491218,-0.002695592724012771,-0.03551545863544985,-0.0014277121078562522,-0.0017597562892700024,0.0006719943033558211,2.624943231017186e-5,4.432649900133488e-5,-0.00037182894923719773,-0.0006247264994941383,-0.0006143063791979355,-0.0007178716660372563
59.0,-0.04143953287000701,-0.0017738180838500692,0.00024998593608747103,0.0032481477342983433,-0.043503983114515275,0.0034920343659518363,0.0041183041853838824,0.028002802862617693,0.0025793624556146575,0.003552828514343571,-0.008204351092657962,-0.06385937100085087,-0.0036927535308529523,-0.004574766625461929,0.039782486740170875,0.0045986063605459,0.009577290080239938,-0.013308228338147512,-0.0670241931848783,-0.00778959013982386,-0.009731117830797846,-0.007431108876657744,-0.0027789992986430303,-0.0042599291952276925,0.012057762254771088,0.003551881884622665,0.0037749283245284335,0.00482162461327143,0.03750965656710496,0.0026487050917841106,0.009928430897187555,-0.02133219398015582,-0.03417220217770676,-0.0032470316234246032,-0.0039718175336144025,-0.025718750232806828,-0.7728987030366422,0.00877671453374497,0.006061316970877413,0.0038799969755262983,0.0047285377226291775,0.00224903874942991,-0.0037988058604758496,2.3688092999011206e-5,-3.862466827710102e-5,0.0019008374337898966,-0.08200925156321401,-0.006451148160525758,-0.008274713399841623,0.020418920450601112,0.12694513876198346,0.008037523894373424,0.009886784847502255,-0.012094264442708764,-0.24489981566059227,0.0001041224568463267,2.5931608370468246e-5,-0.0008125459518941591,0.00011390321306861075,-0.0008338397302164357,-3.330071460078487e-5,-8.306932883860963e-6,-3.9362551536256795e-7,-0.00024069393005624542,0.01068158336566924,0.0008765853834419418,0.0008893694100491218,-0.002695592724012771,-0.03551545863544985,-0.0014277121078562522,-0.0017597562892700024,0.0006719943033558211,2.624943231017186e-5,4.432649900133488e-5,-0.00037182894923719773,-0.0006247264994941383,-0.0006143063791979355,-0.0007178716660372563
60.0,0.05151760106812315,-3.847693866526546e-5,-0.00942427727073841,0.004010616713973268,-0.0009351588512216177,0.0004984671498474188,-0.0001779223357401234,0.028711615995163826,-2.1443837925734e-5,0.021339007851932625,-0.010815622896226925,0.008740483613791103,0.0002004157673543995,-7.15361914128024e-5,0.0183283325500243,-1.3688877446625253e-5,0.029565412708761424,-0.015009882436334266,0.0008520969193801159,0.00015116025068130355,-5.395497953487882e-5,-0.016482280545214903,1.2310117017393506e-5,0.059492604428713396,-0.0420947400273193,0.009910306226724362,-0.00010859628174444834,3.8762241615623985e-5,0.0030442741814899377,-2.273676346213822e-6,0.053981278253230305,-0.021397242493107982,0.026115815376802878,1.823428477177155e-5,-6.508526265052375e-6,0.08541722633526315,-0.024309472496166017,0.002942137736816143,-0.450023794470508,0.08359436236626698,-0.39722010493591825,0.08304492633780507,0.3946093183856802,0.0008308935842472514,0.003948204474818915,-0.4463799915724966,-0.198875133436874,0.00014853382441447252,0.24804436752472236,-0.158183571141377,-0.026181099666854345,-0.0012095282922277109,0.00043172774565284846,0.03331289488225631,-0.00948074453666243,-0.0006383553947800169,0.17102825909392055,-0.01813746226812705,0.16985269383385798,-0.018018251175858032,-0.16873631245468956,-0.0001802789135053951,-0.0016882659199690935,0.16896278153374553,0.04112279237184577,-3.071337032458262e-5,0.0020472222834151564,-0.0015897840138361942,0.00032111656053107244,0.00032683857820656653,-0.00011666141541993028,0.04463425115929302,-3.333597272819822e-5,0.004247791373289817,-0.0005160306235104323,-0.0032617937264386118,0.005141263675829723,-0.0018351172029970326
61.0,0.03702074792359073,0.0017186591934653212,-0.0004682696557420329,-0.0029901651820303725,-0.005150963963975864,-0.0033862559344940923,-0.003972452924259368,0.10497314615259616,0.0050565832805073525,0.0059842453786452515,-0.014439004457678453,-0.12053201120641502,-0.007191146902679708,-0.008462687280480625,0.12827114560474992,0.006496492781466821,0.01309599575291961,-0.015096587341372494,-0.10864490631875408,-0.010923030115819032,-0.012907058534463325,-0.01389725306571845,0.0006964437130223357,0.001534123815149068,-0.0023007334290576767,-0.012941146100618188,-0.000959292550193787,-0.001309663568870407,-0.11207859375547671,-0.005597598393451482,-0.01883599979856839,0.03319573398764638,0.042537694267852,0.006834060412506158,0.008066369828402545,0.016931466219364012,0.5247246994288367,-0.00884318819430571,-0.006424859939521614,-0.006216138377955366,-0.005575559712444611,-0.0045743958520560206,0.004791880161354371,-4.69488261122195e-5,4.8458115440863794e-5,-0.002781825467426866,0.038079370444006666,0.002948481588038092,0.0038349756493697663,-0.0063043840313818595,-0.14772369493446944,-0.003671820405190773,-0.004457173130456117,0.014788346490114469,0.29363685498730324,-0.003588498037001276,-0.0017778066857472446,-0.00237607669818041,-0.0018508554374543568,-0.0017096281714941044,0.0017799512431103913,-1.7587408560468635e-5,1.782981457356867e-5,-0.0018707503638735504,-0.023002064240762912,-0.002667936308703296,-0.0014705241002074857,0.008917285817008763,0.049223911160597864,0.004353739729998327,0.005372580272259209,-0.0060200227265693775,-0.0003075534797564928,0.0006345516983543605,0.004978365832260372,-0.025926768411628266,0.007223028870441134,0.00854084869666411
62.0,0.03702074792359073,0.0017186591934653212,-0.0004682696557420329,-0.0029901651820303725,-0.005150963963975864,-0.0033862559344940923,-0.003972452924259368,0.10497314615259616,0.0050565832805073525,0.0059842453786452515,-0.014439004457678453,-0.12053201120641502,-0.007191146902679708,-0.008462687280480625,0.12827114560474992,0.006496492781466821,0.01309599575291961,-0.015096587341372494,-0.10864490631875408,-0.010923030115819032,-0.012907058534463325,-0.01389725306571845,0.0006964437130223357,0.001534123815149068,-0.0023007334290576767,-0.012941146100618188,-0.000959292550193787,-0.001309663568870407,-0.11207859375547671,-0.005597598393451482,-0.01883599979856839,0.03319573398764638,0.042537694267852,0.006834060412506158,0.008066369828402545,0.016931466219364012,0.5247246994288367,-0.00884318819430571,-0.006424859939521614,-0.006216138377955366,-0.005575559712444611,-0.0045743958520560206,0.004791880161354371,-4.69488261122195e-5,4.8458115440863794e-5,-0.002781825467426866,0.038079370444006666,0.002948481588038092,0.0038349756493697663,-0.0063043840313818595,-0.14772369493446944,-0.003671820405190773,-0.004457173130456117,0.014788346490114469,0.29363685498730324,-0.003588498037001276,-0.0017778066857472446,-0.00237607669818041,-0.0018508554374543568,-0.0017096281714941044,0.0017799512431103913,-1.7587408560468635e-5,1.782981457356867e-5,-0.0018707503638735504,-0.023002064240762912,-0.002667936308703296,-0.0014705241002074857,0.008917285817008763,0.049223911160597864,0.004353739729998327,0.005372580272259209,-0.0060200227265693775,-0.0003075534797564928,0.0006345516983543605,0.004978365832260372,-0.025926768411628266,0.007223028870441134,0.00854084869666411
63.0,-0.17296500431625692,0.00011020064245649655,-0.025109225617127837,0.00621188569023283,0.023234290728052106,-0.025257939294441985,0.007399749219381928,-0.22913434373031896,0.00014598763482677007,0.05383688974529031,-0.03590563979533006,0.08273424610633799,-0.024139218161860865,0.007072000556623157,-0.20874363099877874,0.0001329961649508525,0.02647819795563312,-0.02504109656979897,0.04932771355929302,-0.025982841452930925,0.007612121817109401,-0.1614863271916273,0.0001028872694497816,-0.02958627291282327,0.01193556258848847,0.010268477474930727,-0.01605802661397031,0.004704476026971736,-0.17454473896054823,0.00011120713376036373,-0.017229192146294856,0.001432682767956293,0.01755301349937562,-0.015778673646628612,0.004622634754097759,-0.20622931056883775,0.04998900299428784,-0.0009458053506777779,0.20768016640894382,-0.03150175506988372,0.18556608460862134,-0.03132513974893682,-0.18452570404798066,-0.0003133941231352102,-0.0018460977804661122,0.2060272051058928,-0.10042704885835836,6.398476586617656e-5,-0.09282456449370735,0.05358673631427371,-0.002444676093859592,-0.009218176317603417,0.002700623840094132,-0.21284126501756237,0.051591709272280205,-0.0008029030159105733,0.3085942688297268,-0.026742134767778515,0.30607736429001625,-0.026592204368344283,-0.30436133444255353,-0.0002660432002718959,-0.003045000082333184,0.3052094481515276,-0.17030533084341876,0.0001085060931655492,-0.025102540609403444,0.01150208379631438,0.003920339336004865,-0.020428558378914448,0.005984898734417153,-0.1420984529109594,9.053473484285079e-5,-0.16485800752318833,0.01413608914773276,0.07883427743045039,-0.24703002172067617,0.07237170812234997
64.0,0.16882439621502646,-0.0001064998314900938,-0.27563743938538793,0.08098623915987815,0.1081776934425736,-0.18275391046210435,0.05289709389011559,-0.00643561095481657,4.059789329044771e-6,0.009053460754238766,-0.0028324336299555665,-0.0012196914427088101,0.005025908649736033,-0.0014547210566196065,-0.0019238892714273153,1.2136509166168557e-6,0.0035089414582286636,-0.0010116563403476451,-0.0014808132517521947,0.0017751917740399014,-0.0005138192977996124,0.015539824736930831,-9.803018716258396e-6,-0.013821262127048607,0.00340693409864378,0.009985644334504782,-0.01145497984001853,0.0033155796369814913,0.0252194057391806,-1.5909208157797896e-5,-0.02319464466728719,0.0033899017302660467,0.013862617144805366,-0.016900143015528127,0.004891651563505732,-0.0015657828952094128,0.00037575441164915525,-0.0001289920212846327,0.028979187335825225,-0.0043391833454183935,0.025910791776222956,-0.004315096058961555,-0.02576695810653639,-4.317042512415852e-5,-0.00025778580952811117,0.028748886566452785,-0.009858844260406294,6.219274441243377e-6,0.008711715273560919,-0.002104013810356502,-0.006689630678758411,0.006708294383411061,-0.00194167816680278,-0.02831105510747622,0.006794047811032309,-0.0011652216184341985,0.4581646871803421,-0.039197077385911626,0.4543899384054501,-0.03897949007575914,-0.45186756962280683,-0.0003899707226804564,-0.004520713960757413,0.45316823840152676,0.03018154289234716,-1.9039483061713163e-5,-0.033469368750157984,0.015406603873246742,0.003594348844460053,-0.026837540661985803,0.007767975550220879,-0.0028908804372100964,1.8236598875882687e-6,0.02630011446465052,-0.0024515682649666978,-0.008157871628896127,0.03725480698023516,-0.010783194831283817
65.0,0.06338080617486579,-3.997838806044392e-5,-0.10307086030981243,0.031080067407770685,0.03269539121099463,-0.06285921733652415,0.01819189250725035,-0.11487539931950287,7.245937011157975e-5,0.11675652601113742,-0.030403975094252148,-0.04464108980797096,0.08219238441151501,-0.023787044851739797,-0.07476545282143021,4.7159423598441765e-5,0.05970873522638768,-0.0027015772873184686,-0.07537637717945926,0.06320419605766699,-0.018291731736535793,-0.19338818224345902,0.00012198247801876904,0.17170091007164326,-0.04885459118653722,-0.10690958631880608,0.13060442196017566,-0.037797823548320925,-0.3296154474787915,0.00020790985576407984,0.3092248681711952,-0.053070957734622136,-0.14264627641898162,0.20236845912414855,-0.058566832538430515,0.009394594956596435,-0.0022542599191468994,0.0008072662152415045,-0.1814038094604325,0.027158646680584,-0.16219746930385498,0.027007902071533765,0.16129718902129703,0.0002702008348674477,0.001613699384327271,-0.17996219621212878,0.0753195883320404,-4.750895283002891e-5,-0.06772019439999082,0.018955325020058745,0.04567224097715738,-0.046954128216506574,0.013588849646559634,-0.0088861238111427,0.0021322508141197443,-0.0005969449721448498,0.23477577080316028,-0.020082863967265302,0.23284122882899044,-0.019971393630883773,-0.23154883895273853,-0.00019980401012912956,-0.002316532737731257,0.23221561712623423,0.27418859052560435,-0.00017294853971310716,-0.23842723099931765,0.09624325805108269,0.05665467177585446,-0.22337285457632625,0.0646456499408213,-0.0022909907866539582,1.445076581373809e-6,0.0157135185547619,-0.0009983336302650451,-0.011994613982403151,0.027049252446763712,-0.007828240849368279
66.0,0.014701909661079877,-9.282024934945292e-6,-0.02624397779559816,0.006844086116885352,0.01876564298478179,-0.02337007420529077,0.006767386685995046,0.30068641574490806,-0.00018964599420376123,-0.30864693324142506,0.08717100664170935,0.0857247509127676,-0.19799276048327008,0.05729280965924567,0.18403180218363957,-0.00011607023534456991,-0.1496105167762779,0.01365753625025105,0.16497274312411842,-0.14272127008415084,0.041298777214817374,0.0016911403158487047,-1.0816023628225489e-6,-0.0046263772054344465,-0.003348578922738986,0.015143882198754881,-0.011874653992680841,0.0034414010164450426,-0.018049419373639918,1.1357931528819006e-5,0.019280126169946878,-0.010007922620543326,0.026996072797331083,-0.006890682512046465,0.002002239358388828,-0.011411537712892897,0.0027374867949365965,-0.0006504439037717151,0.1461718216733579,-0.021883257960631227,0.13069602338553318,-0.021761797518902674,-0.1299706104896074,-0.00021771612529431435,-0.001300292292961489,0.14501019799004086,-0.045756309964947554,2.8866357621759508e-5,0.036898102933304526,-0.00752884125808942,-0.031694763759487245,0.031175952183439683,-0.009023719806905002,-0.01790547352356128,0.004295881071371054,-0.0005615004639336364,0.2208181067194474,-0.01888975719076548,0.21899875857075293,-0.018784905572435198,-0.21778315927037128,-0.0001879337812889345,-0.002178813888484929,0.2184101046114807,-0.00405386916798719,2.546447681808672e-6,-0.003358435173428898,0.00016385238957780608,0.0036060513000261453,-0.005996419840612125,0.0017395591675383262,0.005295458481751156,-3.3385829219908662e-6,-0.021245102053099842,0.000926651484249369,0.022587533859527584,-0.04090879159004226,0.011829631091388668
67.0,0.014701909661079877,-9.282024934945292e-6,-0.02624397779559816,0.006844086116885352,0.01876564298478179,-0.02337007420529077,0.006767386685995046,0.30068641574490806,-0.00018964599420376123,-0.30864693324142506,0.08717100664170935,0.0857247509127676,-0.19799276048327008,0.05729280965924567,0.18403180218363957,-0.00011607023534456991,-0.1496105167762779,0.01365753625025105,0.16497274312411842,-0.14272127008415084,0.041298777214817374,0.0016911403158487047,-1.0816023628225489e-6,-0.0046263772054344465,-0.003348578922738986,0.015143882198754881,-0.011874653992680841,0.0034414010164450426,-0.018049419373639918,1.1357931528819006e-5,0.019280126169946878,-0.010007922620543326,0.026996072797331083,-0.006890682512046465,0.002002239358388828,-0.011411537712892897,0.0027374867949365965,-0.0006504439037717151,0.1461718216733579,-0.021883257960631227,0.13069602338553318,-0.021761797518902674,-0.1299706104896074,-0.00021771612529431435,-0.001300292292961489,0.14501019799004086,-0.045756309964947554,2.8866357621759508e-5,0.036898102933304526,-0.00752884125808942,-0.031694763759487245,0.031175952183439683,-0.009023719806905002,-0.01790547352356128,0.004295881071371054,-0.0005615004639336364,0.2208181067194474,-0.01888975719076548,0.21899875857075293,-0.018784905572435198,-0.21778315927037128,-0.0001879337812889345,-0.002178813888484929,0.2184101046114807,-0.00405386916798719,2.546447681808672e-6,-0.003358435173428898,0.00016385238957780608,0.0036060513000261453,-0.005996419840612125,0.0017395591675383262,0.005295458481751156,-3.3385829219908662e-6,-0.021245102053099842,0.000926651484249369,0.022587533859527584,-0.04090879159004226,0.011829631091388668
68.0,0.004251769688730912,-2.6777216099246006e-6,-0.009118328597229206,0.003281417945504799,-0.0023089086741332095,-0.001897676189049325,0.0005481677801010933,-0.11505503003038792,7.246049593526476e-5,0.1328581577628373,-0.05450605745634864,0.04397659021977175,0.03704685307413151,-0.010701452295526052,0.3909709232448885,-0.0002462295389181711,-0.3677072130384814,0.12249929977086674,0.09644966661514663,-0.14874095679438606,0.0429657075147755,0.2441704467617012,-0.00015377608141443764,-0.2177852524198427,0.11300976502826629,0.0012998455043772568,-0.07420996303963277,0.021436486865218894,-0.32219166213543066,0.00020291305489534992,0.34698766402635106,-0.10696438602832455,0.09412396025605006,0.08902064384551282,-0.02571473942802825,0.011234879634527815,-0.0026916366082765965,0.0006758665067948637,-0.15241757125521632,0.022773202155575385,-0.13629491586252596,0.022646994501839983,0.1355395780125673,0.0002265719306383534,0.0013560061460320093,-0.1512065827003126,-0.21129693709645297,0.00013307267702738525,0.20468901340075504,-0.09866485804783671,-0.036989076826594906,0.059278910475370546,-0.01712346339683715,0.005145348145080575,-0.0012327152476153394,0.00016335929271554846,-0.06447709524923703,0.005504362414156102,-0.06394509993424725,0.005473857583887009,0.0635907202129326,5.476322516864427e-5,0.0006361935657951825,-0.0637746200754415,-0.005742650060508488,3.6166630111992677e-6,0.007576547865803762,-0.005149680252690349,0.0030565027988833145,0.002105399586603666,-0.0006081713119861435,-0.031134979187289507,1.9608495449950126e-5,0.11098466166864301,-0.009536032904605108,-0.045813854831505824,0.1654328188345629,-0.04778736308127915
69.0,0.003986778121542663,-2.5106630401942574e-6,-0.010704489367454545,0.003923792172395869,-0.003400990836578508,-0.0017375845253908098,0.0005018820396687248,-0.08029719256792471,5.056694590590232e-5,0.09275935418894761,-0.03827305880841185,0.0317491295648756,0.02524745287926412,-0.007292447050638169,0.41785426555092703,-0.000263142625127473,-0.3951119848683504,0.13365100799452098,0.09659058653961518,-0.15523242681240662,0.044837166683097854,-0.31378476295063706,0.00019760512947970208,0.2832262610451834,-0.148854082706531,0.003275018905855059,0.09312632491059664,-0.026898507214905294,0.3346973336492605,-0.00021077476589482583,-0.3578634518523844,0.11083466592737586,-0.09989205040915336,-0.0903025849675839,0.02608290121624801,-0.0020022223926378225,0.00047965692797768457,-0.00017411350083630547,0.03927123143384513,-0.005867119758450817,0.035117284124113135,-0.0058346067463939215,-0.03492267949193641,-5.83723405043163e-5,-0.00034938404905480097,0.03895921723297859,0.05388698834496734,-3.393518923307075e-5,-0.051377813456463264,0.02482379148798488,0.009134342026065086,-0.014762585286519803,0.004264009207078141,0.007237872497826047,-0.001733921117045999,0.0002862269298682657,-0.11298983035040694,0.00964501700065708,-0.112057480186052,0.009591568534060404,0.11143650663248071,9.595887418957272e-5,0.0011148668563650743,-0.1117588597060398,0.002265139858459912,-1.4264658704774226e-6,7.286996625682807e-5,-0.00039827875951611467,0.0008298859253961531,-0.0008109399560812185,0.00023423102200645336,-0.03474694823058664,2.188179929312882e-5,0.12075357571868346,-0.010346612368257563,-0.05024169153233595,0.18028568876609288,-0.05207352383629883
70.0,-0.0020581185139986148,1.2955161298827319e-6,-0.005603884137123973,0.002300437636120169,-0.004153283135145469,0.0007762848268300436,-0.00022409950486153548,0.03956612712229959,-2.4905541414529836e-5,-0.049399738408885126,0.02132686490649875,-0.021419365394392344,-0.010766327855418369,0.003108045730470273,0.12343961432188884,-7.770107034189132e-5,-0.12244754404020562,0.045125089818709316,0.01701393759444525,-0.03968615397292874,0.011456680780187698,0.09462321552196275,-5.956212003449046e-5,-0.08970752838539467,0.0500442681937999,-0.008682971521528304,-0.024303295402229728,0.007015925441400941,-0.02447212129023556,1.5404374262148227e-5,0.02112796851915696,-0.006411660117777672,0.00523306446785803,0.005714081045906594,-0.0016495527014220145,-0.026470592515585974,0.006338498530489694,-0.001762160630550733,0.39786270066556034,-0.05940621973324752,0.35578961427088496,-0.059077163455301666,-0.35381886429270004,-0.0005910375371191853,-0.0035397811436766384,0.3947018407830711,0.3556617419156999,-0.0002238770606853216,-0.3472593760741538,0.17551477637963436,0.04270915786605078,-0.08432231249364655,0.024342339082448775,0.003929285790951189,-0.0009408845757763208,0.00030078234286157863,-0.11885741325379316,0.010140018816639638,-0.11787620281674813,0.010083852360175042,0.11722327615781108,0.00010088390862970298,0.00117276037100734,-0.11756285314685022,0.0026998124143441113,-1.6994407789314498e-6,-0.003835239848631796,0.0027024751983312266,-0.001772137437643836,-0.0008364772168220336,0.00024147596815666346,-0.02585560450074004,1.62752302417831e-5,0.07711957225879625,-0.006512816649008561,-0.0333512689547475,0.11609837251454769,-0.03351551762627981
71.0,-0.10639706171844715,-0.007712941493722942,0.0006295974041710089,0.01437017943637653,-0.11582366403675423,0.015279134896647657,0.018795520699481875,0.01146196775364502,-0.0006944537240418995,-0.0001289183069223321,0.00486660785211747,-0.0444149944087977,0.0010116509347842266,0.0013866486836354292,-0.0037738856231287064,0.002091860082188692,0.005065147927035155,-0.004825175300409093,-0.06428507796911198,-0.003567350823615104,-0.004648846382621169,0.031682435035155485,0.0005649344935370334,0.0020370211686107703,0.0015343456790832288,-0.03457664266779705,-0.0007415077931313322,-0.0007598023678291887,-0.026815185062737217,-0.00039719445969785836,-0.0006027206128643703,0.0024164055640025486,-0.13542704097199,0.0004703932321632341,0.0004549473751230679,0.024178682626774126,0.36557017095425365,-0.016728248006477615,-0.009894923559677192,-0.009863744576757698,-0.0072754221569468975,-0.006764482711773878,0.0058411410470580035,-6.983751580041794e-5,5.937109465139184e-5,-0.003587294446430368,0.10856574679708744,0.004877891428335216,0.006753978546819891,-0.011404848039215546,-0.18177910702346847,-0.0060410783389330995,-0.00718838906944274,-0.024056271736972158,-0.6877719367980443,-0.0006517757062298096,0.00020074117869009361,-0.0008791619303020453,0.00048779001961676946,-0.0007596731054232118,-0.00037571201150758405,-7.671136090052786e-6,-3.833751563106947e-6,-0.00043067327502383044,0.009358989684881315,0.0009688542721298738,0.0010555041128934629,-0.002638381868648293,-0.0731713129924521,-0.0015807061523447526,-0.0019753139222126615,0.0022460984247513424,0.00017590096771681623,-9.786618664403175e-5,-0.0028740019963727596,0.004421369500211213,-0.004150990368795641,-0.005126424489481548
72.0,-0.10639706171844715,-0.007712941493722942,0.0006295974041710089,0.01437017943637653,-0.11582366403675423,0.015279134896647657,0.018795520699481875,0.01146196775364502,-0.0006944537240418995,-0.0001289183069223321,0.00486660785211747,-0.0444149944087977,0.0010116509347842266,0.0013866486836354292,-0.0037738856231287064,0.002091860082188692,0.005065147927035155,-0.004825175300409093,-0.06428507796911198,-0.003567350823615104,-0.004648846382621169,0.031682435035155485,0.0005649344935370334,0.0020370211686107703,0.0015343456790832288,-0.03457664266779705,-0.0007415077931313322,-0.0007598023678291887,-0.026815185062737217,-0.00039719445969785836,-0.0006027206128643703,0.0024164055640025486,-0.13542704097199,0.0004703932321632341,0.0004549473751230679,0.024178682626774126,0.36557017095425365,-0.016728248006477615,-0.009894923559677192,-0.009863744576757698,-0.0072754221569468975,-0.006764482711773878,0.0058411410470580035,-6.983751580041794e-5,5.937109465139184e-5,-0.003587294446430368,0.10856574679708744,0.004877891428335216,0.006753978546819891,-0.011404848039215546,-0.18177910702346847,-0.0060410783389330995,-0.00718838906944274,-0.024056271736972158,-0.6877719367980443,-0.0006517757062298096,0.00020074117869009361,-0.0008791619303020453,0.00048779001961676946,-0.0007596731054232118,-0.00037571201150758405,-7.671136090052786e-6,-3.833751563106947e-6,-0.00043067327502383044,0.009358989684881315,0.0009688542721298738,0.0010555041128934629,-0.002638381868648293,-0.0731713129924521,-0.0015807061523447526,-0.0019753139222126615,0.0022460984247513424,0.00017590096771681623,-9.786618664403175e-5,-0.0028740019963727596,0.004421369500211213,-0.004150990368795641,-0.005126424489481548
73.0,0.021171747211395118,-0.0008315841796198677,0.0006673129572601911,0.001305790985256601,0.10625452907785049,0.0016844533368569991,0.002177296709561513,0.027299165773011586,-0.0009593403372445242,-0.003271237182606036,-0.00016426035073436446,0.13725882111990956,0.0014045300849489174,0.0018334673336135683,0.0330755937257462,-0.0011440524718389447,-0.005318198047341885,-0.0022695800017547628,0.11895118861832239,0.0019795560425022924,0.0025879439065591295,0.04120000358160193,-0.0016047984665576245,-0.006560197249090111,-0.0024943372651983664,0.11906918251553388,0.0022138486191734864,0.0028636084159871598,0.07335296070763145,-0.0025931376488606355,-0.01646283640652937,0.011029207330219911,0.4716913082383679,0.003257383599339229,0.0042498267410175485,0.031955655922956516,-0.41415061668587067,0.0072275094153253965,0.008757139121230717,0.014042073570357574,0.011074062334533306,0.012700808155664418,-0.010754575468545094,0.0001280059101729954,-0.00010774220107632409,0.006341626489850731,0.04216968540100768,-0.0016861635991087048,-0.0066954261776419905,-0.0020531100183923184,0.38480626093688775,0.002146272846528161,0.002770096173839845,0.019435714787160926,-0.26914052381119324,0.002559292416455543,0.0036182161079229163,0.005029154956810083,0.0035166415280665137,0.004554241941269932,-0.003650845476132598,4.589542401947773e-5,-3.638235796677322e-5,0.0039358788771866795,0.035584133300357555,-0.0019945501539729567,-0.0012223558068835993,0.005422562045329505,0.26499752791733255,0.003302901236680891,0.004160970482051681,-0.016889185209410403,0.0006030081327865137,-0.0036407285432049357,-0.01080869385996549,0.03362144000084908,-0.014564231142186466,-0.018984232982275983
74.0,0.021171747211395118,-0.0008315841796198677,0.0006673129572601911,0.001305790985256601,0.10625452907785049,0.0016844533368569991,0.002177296709561513,0.027299165773011586,-0.0009593403372445242,-0.003271237182606036,-0.00016426035073436446,0.13725882111990956,0.0014045300849489174,0.0018334673336135683,0.0330755937257462,-0.0011440524718389447,-0.005318198047341885,-0.0022695800017547628,0.11895118861832239,0.0019795560425022924,0.0025879439065591295,0.04120000358160193,-0.0016047984665576245,-0.006560197249090111,-0.0024943372651983664,0.11906918251553388,0.0022138486191734864,0.0028636084159871598,0.07335296070763145,-0.0025931376488606355,-0.01646283640652937,0.011029207330219911,0.4716913082383679,0.003257383599339229,0.0042498267410175485,0.031955655922956516,-0.41415061668587067,0.0072275094153253965,0.008757139121230717,0.014042073570357574,0.011074062334533306,0.012700808155664418,-0.010754575468545094,0.0001280059101729954,-0.00010774220107632409,0.006341626489850731,0.04216968540100768,-0.0016861635991087048,-0.0066954261776419905,-0.0020531100183923184,0.38480626093688775,0.002146272846528161,0.002770096173839845,0.019435714787160926,-0.26914052381119324,0.002559292416455543,0.0036182161079229163,0.005029154956810083,0.0035166415280665137,0.004554241941269932,-0.003650845476132598,4.589542401947773e-5,-3.638235796677322e-5,0.0039358788771866795,0.035584133300357555,-0.0019945501539729567,-0.0012223558068835993,0.005422562045329505,0.26499752791733255,0.003302901236680891,0.004160970482051681,-0.016889185209410403,0.0006030081327865137,-0.0036407285432049357,-0.01080869385996549,0.03362144000084908,-0.014564231142186466,-0.018984232982275983
75.0,0.03005931445113687,-0.0003968160313825929,0.00023496973421922447,0.000857373287196628,0.008352415901689746,0.0008302651092336323,0.0013126605516930478,0.0030848916820460782,0.0005487706421905129,0.0015142023323551853,-0.0006085459984076213,-0.04492675410088797,-0.0007876225058445359,-0.0009657642882173129,0.00014344760448394675,0.0007155214833353611,0.0025598267030418143,-6.877949579513884e-5,-0.04067048577708877,-0.0012175412383943244,-0.0015230861800512516,-0.05928179397470098,0.002144578117238356,0.006783438860413231,-0.0025712878591812025,-0.09107327814248273,-0.0029667170920911357,-0.004080931748788638,-0.2724869966358575,0.00641329079261912,0.032663135597369414,-0.08132718508400039,-0.539413615655188,-0.008139839863624623,-0.011723538602270092,-0.010113647332615067,0.23401445771082924,-0.0035288980919071836,-0.0038997760807817972,-0.010218491087585005,-0.0063311991097349425,-0.00957149731460419,0.0062472868028086515,-9.612464645383637e-5,6.247605995846364e-5,-0.0027466083238048764,-0.020169007610173345,0.0012251494533702886,0.004684725484055492,-0.0001171947744304834,-0.16380359394997726,-0.00155356472187359,-0.0020601113038340047,0.02647521008820615,-0.13460947570438486,-0.00015164100462237366,-0.00028553866576955456,-0.0007984757396977284,2.2753126523104365e-5,-0.0007710983996847735,7.557905673223191e-6,-7.724666996909497e-6,5.183727584175913e-8,-0.00032530488928771877,0.20400327607550608,-0.005227437789309724,-0.005937125384863107,0.01832001131047347,0.3127878754708585,0.008784993623693008,0.012521108271182831,-0.004488560697416206,9.803937564483358e-6,-3.481177808389538e-5,-0.00043600754960834546,-0.00840825166937006,-0.00030057320998067244,-0.000862076818165856
76.0,0.03005931445113687,-0.0003968160313825929,0.00023496973421922447,0.000857373287196628,0.008352415901689746,0.0008302651092336323,0.0013126605516930478,0.0030848916820460782,0.0005487706421905129,0.0015142023323551853,-0.0006085459984076213,-0.04492675410088797,-0.0007876225058445359,-0.0009657642882173129,0.00014344760448394675,0.0007155214833353611,0.0025598267030418143,-6.877949579513884e-5,-0.04067048577708877,-0.0012175412383943244,-0.0015230861800512516,-0.05928179397470098,0.002144578117238356,0.006783438860413231,-0.0025712878591812025,-0.09107327814248273,-0.0029667170920911357,-0.004080931748788638,-0.2724869966358575,0.00641329079261912,0.032663135597369414,-0.08132718508400039,-0.539413615655188,-0.008139839863624623,-0.011723538602270092,-0.010113647332615067,0.23401445771082924,-0.0035288980919071836,-0.0038997760807817972,-0.010218491087585005,-0.0063311991097349425,-0.00957149731460419,0.0062472868028086515,-9.612464645383637e-5,6.247605995846364e-5,-0.0027466083238048764,-0.020169007610173345,0.0012251494533702886,0.004684725484055492,-0.0001171947744304834,-0.16380359394997726,-0.00155356472187359,-0.0020601113038340047,0.02647521008820615,-0.13460947570438486,-0.00015164100462237366,-0.00028553866576955456,-0.0007984757396977284,2.2753126523104365e-5,-0.0007710983996847735,7.557905673223191e-6,-7.724666996909497e-6,5.183727584175913e-8,-0.00032530488928771877,0.20400327607550608,-0.005227437789309724,-0.005937125384863107,0.01832001131047347,0.3127878754708585,0.008784993623693008,0.012521108271182831,-0.004488560697416206,9.803937564483358e-6,-3.481177808389538e-5,-0.00043600754960834546,-0.00840825166937006,-0.00030057320998067244,-0.000862076818165856
77.0,-0.316227766017234,2.064934628855616e-8,-8.707016408192623e-12,3.190231798075201e-12,-2.1938253799352848e-11,4.284336008068186e-12,-2.4310643677596907e-15,-0.31622776596980606,2.0649346222822445e-8,-6.656551104711841e-11,3.59943662145615e-11,-1.7592992863886645e-10,3.0788414159183387e-12,1.022175233187189e-15,-0.316227765949461,2.064934623437629e-8,-7.899305994485249e-11,4.1125138097104046e-11,-1.6409022515172376e-10,3.640949101439955e-12,-3.9147136590147665e-16,-0.3162277660229436,2.0649346255559217e-8,-3.600557887878831e-12,6.40129381471553e-12,-2.895576678595157e-11,2.907782127968558e-12,-9.786784147536916e-17,-0.31622776597084185,2.0649346253172516e-8,-5.057751020905188e-11,2.135024817609971e-11,-9.148463987343496e-11,2.643574690065635e-12,-1.111207783418254e-16,-0.3162277660296169,7.784627363884648e-6,5.980812534605892e-16,-1.827182269850764e-11,-4.739229834311111e-12,-1.811747967539868e-11,-4.73891504520251e-12,1.8117969144029268e-11,-4.741085245472414e-14,3.4692703979817747e-13,-1.8096226276117102e-11,-0.316227766014819,2.0649346253724725e-8,-1.236764136341475e-11,1.1628576726844376e-11,-3.559518639686827e-11,2.6840791801312105e-12,-7.340088110652687e-17,-0.31622776602702996,7.784627365064499e-6,6.633264811108354e-16,-8.812116955008138e-12,-7.485041258082316e-13,-8.517256950221421e-12,-7.498669057666228e-13,8.566203999616504e-12,-7.56300930512436e-15,1.31155236631243e-13,-8.795970120440279e-12,-0.31622776597302676,2.0649346237643143e-8,-3.9086309008119566e-11,2.7337607661517633e-11,-6.751258630472902e-11,3.5080073625475098e-12,-1.0602349493164992e-16,-0.3162277660019593,2.0649346252259256e-8,8.577841731649744e-12,5.822536787436533e-12,9.85465005849778e-12,5.0836850474032574e-11,-7.625535981622514e-16
78.0,0.31622776601723335,2.0649353897223893e-8,8.706645204639506e-12,-3.189891519852014e-12,2.194113929960781e-11,-4.283452845715868e-12,2.2201605731856105e-15,0.3162277659698105,2.0649353957274866e-8,6.655989926574638e-11,-3.5991475779984855e-11,1.7594202777005405e-10,-3.0782076427745793e-12,-1.1779162353694126e-15,0.3162277659494667,2.064935394310116e-8,7.898728180030134e-11,-4.1122369133738174e-11,1.6410681044509808e-10,-3.640198572882608e-12,2.0723696772928582e-16,0.31622776602294217,2.0649353931850643e-8,3.601041987367981e-12,-6.401411957503739e-12,2.8957801430897884e-11,-2.9071839648802058e-12,-4.7282950130115975e-17,0.31622776597084123,2.0649353926652544e-8,5.0577173802023735e-11,-2.1350023184110112e-11,9.149779049872271e-11,-2.643029679069702e-12,-1.8220618806456892e-17,0.3162277660296158,7.784615809928563e-6,-7.48469643862686e-16,1.8268466209501363e-11,4.739715053104905e-12,1.81144094756355e-11,4.739374780352921e-12,-1.8114884465770214e-11,4.7416785864057354e-14,-3.4689051889235453e-13,1.809279874175243e-11,0.3162277660148164,2.0649353932499814e-8,1.2369239587380236e-11,-1.162918358524959e-11,3.560147070040166e-11,-2.6835268877449838e-12,-5.92225961172017e-17,0.31622776602702835,7.784615795718515e-6,-7.012706845147671e-16,8.809304485182937e-12,7.486388455633282e-13,8.514450957410106e-12,7.500035554562995e-13,-8.563392775252101e-12,7.56198758548904e-15,-1.3112610167851727e-13,8.793128854216023e-12,0.3162277659730273,2.0649353942663995e-8,3.908559019767731e-11,-2.733577871082092e-11,6.752174221079822e-11,-3.507284593286528e-12,-6.772681798977436e-17,0.31622776600195707,2.064935393179719e-8,-8.572455070073269e-12,-5.82272564813595e-12,-9.850933767651696e-12,-5.082637553480353e-11,-1.7368788773707563e-15
