branch,tau_ms,real,imag,f_hz,PLL_part,MAC_prev,hidden_block_cond,residual,Kp_lo,Kp_hi,Ki_lo,Ki_hi
R0,40.0,-0.8015607744813384,30.850471693240458,4.910005066695813,0.9795780366423326,1.0,9692292.107214622,4.790171492891529e-19,7.853981633974483,125.66370614359172,61.68502750680849,986.9604401089358
R0,40.1,-0.7511669330094365,30.808136499035918,4.903267211271405,0.9796188202865974,0.9999992280838002,9690312.525132878,2.289726584497006e-19,7.853981633974483,125.66370614359172,61.68502750680849,986.9604401089358
R0,40.2,-0.7011224871462844,30.765865711533596,4.8965396064920235,0.9796593796820767,0.9999992329481321,9688357.892670423,1.231666737676835e-19,7.853981633974483,125.66370614359172,61.68502750680849,986.9604401089358
R0,40.3,-0.6514244173983076,30.723659928340044,4.889822347469705,0.9796997167433698,0.9999992377393704,9686427.934315097,1.6570718533918758e-19,7.853981633974483,125.66370614359172,61.68502750680849,986.9604401089358
R0,40.4,-0.6020697367189565,30.68151972970763,4.883115526554482,0.9797398345419588,0.99999924249579,9684522.379718367,2.733112657485148e-19,7.853981633974483,125.66370614359172,61.68502750680849,986.9604401089358
R0,40.5,-0.5530554900907201,30.639445678909816,4.8764192333941105,0.9797797344169298,0.9999992471796115,9682640.961634122,4.093452807873624e-19,7.853981633974483,125.66370614359172,61.68502750680849,986.9604401089358
R0,40.6,-0.5043787541118281,30.5974383226071,4.869733554992311,0.9798194181772664,0.9999992518519933,9680783.416572755,2.321671800920487e-19,7.853981633974483,125.66370614359172,61.68502750680849,986.9604401089358
R0,40.7,-0.4560366365902843,30.55549819120461,4.863058575765681,0.9798588896444923,0.9999992564200461,9678949.484819256,2.1707597117921754e-19,7.853981633974483,125.66370614359172,61.68502750680849,986.9604401089358
R0,40.8,-0.40802627614282394,30.513625799203336,4.856394377599597,0.9798981485731919,0.9999992609630763,9677138.910072308,1.7733770490768245e-19,7.853981633974483,125.66370614359172,61.68502750680849,986.9604401089358
R0,40.9,-0.3603448418012492,30.47182164554146,4.849741039902536,0.9799371968736509,0.9999992654877518,9675351.438870048,1.6037519253700636e-19,7.853981633974483,125.66370614359172,61.68502750680849,986.9604401089358
R0,41.0,-0.31298953262335044,30.430086213930053,4.843098639659507,0.979976039687635,0.9999992699075755,9673586.822175499,8.469595770855976e-20,7.853981633974483,125.66370614359172,61.68502750680849,986.9604401089358
R0,41.1,-0.2659575773106859,30.388419973179904,4.836467251484064,0.980014674350214,0.9999992743162704,9671844.814133845,3.4003796726299784e-19,7.853981633974483,125.66370614359172,61.68502750680849,986.9604401089358
R0,41.2,-0.21924623383093775,30.34682337752205,4.829846947669321,0.9800531072989838,0.9999992786430125,9670125.171830986,1.5862478154583683e-19,7.853981633974483,125.66370614359172,61.68502750680849,986.9604401089358
R0,41.3,-0.1728527890471948,30.30529686692079,4.8232377982377725,0.9800913355809504,0.9999992830012934,9668427.655487578,6.770375471299021e-19,7.853981633974483,125.66370614359172,61.68502750680849,986.9604401089358
R0,41.4,-0.12677455835177415,30.26384086738016,4.816639870990066,0.980129366329341,0.9999992872607231,9666752.028606586,4.969284562323508e-19,7.853981633974483,125.66370614359172,61.68502750680849,986.9604401089358
R0,41.5,-0.08100888530500952,30.222455791243434,4.810053231552671,0.980167196590579,0.9999992914805989,9665098.058367942,5.37391413829711e-19,7.853981633974483,125.66370614359172,61.68502750680849,986.9604401089358
R0,41.6,-0.03555314128109531,30.181142037486506,4.803477943424575,0.9802048303754104,0.9999992956693126,9663465.51475008,4.927193544752527e-19,7.853981633974483,125.66370614359172,61.68502750680849,986.9604401089358
R0,41.7,0.009595274882486212,30.139899992003492,4.7969140680227325,0.9802422710864617,0.9999992997534639,9661854.170274217,6.747714336782779e-19,7.853981633974483,125.66370614359172,61.68502750680849,986.9604401089358
R0,41.8,0.05443893722971212,30.098730027888937,4.790361664726985,0.9802795154276571,0.9999993039031582,9660263.8011424,1.6004182073618425e-19,7.853981633974483,125.66370614359172,61.68502750680849,986.9604401089358
R0,41.9,0.09898039302582715,30.05763250571035,4.783820790923435,0.9803165703526698,0.9999993079159958,9658694.185827382,2.7619426920588983e-19,7.853981633974483,125.66370614359172,61.68502750680849,986.9604401089358
R0,42.0,0.14322216309238253,30.01660777377777,4.777291502047344,0.9803534349069858,0.9999993119506341,9657145.106615439,3.7052688859437493e-19,7.853981633974483,125.66370614359172,61.68502750680849,986.9604401089358
R0,42.1,0.18716674213659884,29.975656168405756,4.770773851624839,0.9803901120011002,0.9999993158997341,9655616.34745768,7.689059990471971e-19,7.853981633974483,125.66370614359172,61.68502750680849,986.9604401089358
R0,42.2,0.2308165990771152,29.934778014170778,4.76426789131387,0.980426602592569,0.9999993198274283,9654107.696750069,2.243846688534527e-19,7.853981633974483,125.66370614359172,61.68502750680849,986.9604401089358
R0,42.3,0.2741741773642773,29.893973624161966,4.757773670944118,0.9804629073536925,0.9999993237282458,9652618.943267329,2.0232886842929772e-19,7.853981633974483,125.66370614359172,61.68502750680849,986.9604401089358
R0,42.4,0.317241895295832,29.853243300227497,4.751291238556213,0.9804990283953545,0.9999993275759195,9651149.880967021,6.245586618491074e-19,7.853981633974483,125.66370614359172,61.68502750680849,986.9604401089358
R0,42.5,0.3600221463275124,29.81258733321516,4.744820640440018,0.9805349710362877,0.9999993313508991,9649700.30507821,3.161878828957518e-19,7.853981633974483,125.66370614359172,61.68502750680849,986.9604401089358
R0,42.6,0.402517299381219,29.772006003207938,4.7383619211721255,0.9805707305606851,0.9999993351577835,9648270.013543544,7.886178181237373e-19,7.853981633974483,125.66370614359172,61.68502750680849,986.9604401089358
R0,42.7,0.44472969914582683,29.73149957975416,4.731915123652484,0.9806063126093575,0.9999993388950195,9646858.807323849,3.98697573854132e-19,7.853981633974483,125.66370614359172,61.68502750680849,986.9604401089358
R0,42.8,0.48666166637611974,29.691068322093308,4.725480289140337,0.9806417180763146,0.9999993425692822,9645466.489665668,4.642864643777912e-19,7.853981633974483,125.66370614359172,61.68502750680849,986.9604401089358
R0,42.9,0.5283154981857457,29.650712479376885,4.719057457289379,0.9806769469505726,0.9999993462627472,9644092.86631392,4.90274343693543e-19,7.853981633974483,125.66370614359172,61.68502750680849,986.9604401089358
R0,43.0,0.5696934683374091,29.610432290883864,4.712646666182041,0.9807120039174234,0.9999993498450717,9642737.745573958,1.034593920785827e-18,7.853981633974483,125.66370614359172,61.68502750680849,986.9604401089358
R0,43.1,0.610797827527158,29.57022798623258,4.706247952363217,0.9807468872955138,0.9999993534504764,9641400.938178495,4.9251412506808324e-20,7.853981633974483,125.66370614359172,61.68502750680849,986.9604401089358
R0,43.2,0.6516308036669695,29.53009978558784,4.699861350873223,0.980781599215298,0.9999993570119778,9640082.257240282,8.191304745252606e-19,7.853981633974483,125.66370614359172,61.68502750680849,986.9604401089358
R0,43.3,0.6921946021610083,29.49004789986266,4.693486895279909,0.9808161415702057,0.9999993605303741,9638781.51766302,5.700993844303171e-19,7.853981633974483,125.66370614359172,61.68502750680849,986.9604401089358
R0,43.4,0.732491406179033,29.450072530917396,4.6871246177103485,0.9808505157082998,0.9999993640182737,9637498.537915751,1.3983519329708973e-19,7.853981633974483,125.66370614359172,61.68502750680849,986.9604401089358
R0,43.5,0.77252337692616,29.410173871753532,4.680774548881681,0.9808847256880385,0.9999993674381996,9636233.137715977,6.395798874604718e-19,7.853981633974483,125.66370614359172,61.68502750680849,986.9604401089358
R0,43.6,0.812292653908488,29.3703521067032,4.674436718131276,0.9809187671690651,0.9999993708842442,9634985.139381798,3.114920697900976e-19,7.853981633974483,125.66370614359172,61.68502750680849,986.9604401089358
R0,43.7,0.8518013551944864,29.330607411615954,4.6681111534464605,0.9809526456711201,0.9999993742428388,9633754.367064815,1.452686660836241e-19,7.853981633974483,125.66370614359172,61.68502750680849,986.9604401089358
R0,43.8,0.8910515776737543,29.29093995404019,4.66179788149339,0.9809863627798358,0.9999993776135985,9632540.647860227,4.699246356169057e-19,7.853981633974483,125.66370614359172,61.68502750680849,986.9604401089358
R0,43.9,0.9300453973112941,29.251349893401756,4.655496927645475,0.9810199168575701,0.999999380918326,9631343.810273414,9.094502534604661e-19,7.853981633974483,125.66370614359172,61.68502750680849,986.9604401089358
R0,44.0,0.9687848693981508,29.211837381178224,4.649208316011121,0.9810533112936105,0.9999993842236143,9630163.685281118,2.6195127383407943e-19,7.853981633974483,125.66370614359172,61.68502750680849,986.9604401089358
R0,44.1,1.0072720287997878,29.17240256106992,4.642932069460945,0.9810865484626855,0.9999993874884819,9629000.106036406,3.837369247899135e-19,7.853981633974483,125.66370614359172,61.68502750680849,986.9604401089358
R0,44.2,1.0455088901990592,29.13304556916714,4.63666820965439,0.9811196265368101,0.9999993906776536,9627852.907193094,4.442685948884979e-19,7.853981633974483,125.66370614359172,61.68502750680849,986.9604401089358
R0,44.3,1.0834974483373252,29.093766534113964,4.630416757065797,0.9811525498951358,0.9999993938952187,9626721.926361077,1.8312497528551045e-19,7.853981633974483,125.66370614359172,61.68502750680849,986.9604401089358
R0,44.4,1.1212396782516123,29.054565577268484,4.624177731009907,0.9811853185731957,0.999999397052511,9625607.002141222,9.181922591468264e-20,7.853981633974483,125.66370614359172,61.68502750680849,986.9604401089358
R0,44.5,1.158737535508783,29.01544281286022,4.6179511496669114,0.9812179329286118,0.9999994001877809,9624507.975678286,3.4875522473410303e-19,7.853981633974483,125.66370614359172,61.68502750680849,986.9604401089358
R0,44.6,1.1959929564358078,28.976398348143352,4.611737030106846,0.9812503961551305,0.9999994032844011,9623424.68976549,4.703200729603336e-19,7.853981633974483,125.66370614359172,61.68502750680849,986.9604401089358
R0,44.7,1.2330078583471904,28.937432283547974,4.605535388313653,0.9812827066930558,0.9999994063856265,9622356.989451038,3.379607600353417e-19,7.853981633974483,125.66370614359172,61.68502750680849,986.9604401089358
R0,44.8,1.2697841397701648,28.89854471282697,4.599346239208569,0.9813148689169588,0.9999994094111563,9621304.720781267,4.2920439935032378e-19,7.853981633974483,125.66370614359172,61.68502750680849,986.9604401089358
R0,44.9,1.3063236806650385,28.85973572320067,4.593169596673142,0.9813468825769831,0.9999994124443365,9620267.733227115,2.0193423908367134e-19,7.853981633974483,125.66370614359172,61.68502750680849,986.9604401089358
R0,45.0,1.3426283426439205,28.82100539549826,4.587005473571734,0.9813787450530684,0.9999994154447975,9619245.876594536,3.3087112391019034e-19,7.853981633974483,125.66370614359172,61.68502750680849,986.9604401089358
R0,45.1,1.3786999691856316,28.782353804296502,4.580853881773607,0.9814104660400781,0.9999994183909385,9618239.003204456,2.6318601485907113e-19,7.853981633974483,125.66370614359172,61.68502750680849,986.9604401089358
R0,45.2,1.41454038584841,28.743781018054985,4.574714832174442,0.9814420401861645,0.9999994213184856,9617246.966717953,1.6987843867411436e-19,7.853981633974483,125.66370614359172,61.68502750680849,986.9604401089358
R0,45.3,1.4501514004786058,28.705287099249215,4.568588334717527,0.9814734698688182,0.9999994242625867,9616269.62297287,4.35422823067611e-19,7.853981633974483,125.66370614359172,61.68502750680849,986.9604401089358
R0,45.4,1.4855348034183726,28.666872104500925,4.562474398414487,0.9815047570629861,0.9999994271021292,9615306.829196434,1.1983587413099306e-18,7.853981633974483,125.66370614359172,61.68502750680849,986.9604401089358
R0,45.5,1.5206923677074695,28.628536084705356,4.5563730313655535,0.9815359043857318,0.999999429986486,9614358.444525357,2.822135972101081e-19,7.853981633974483,125.66370614359172,61.68502750680849,986.9604401089358
R0,45.6,1.5556258492862927,28.590279085155792,4.5502842407793755,0.981566908223943,0.9999994328442263,9613424.329626575,3.90943734984145e-19,7.853981633974483,125.66370614359172,61.68502750680849,986.9604401089358
R0,45.7,1.5903369871929012,28.55210114566658,4.5442080329926045,0.9815977727658362,0.9999994356118366,9612504.346849928,2.0912632068673766e-19,7.853981633974483,125.66370614359172,61.68502750680849,986.9604401089358
R0,45.8,1.6248275037582611,28.51400230069222,4.538144413488843,0.981628499901501,0.9999994383887503,9611598.360034812,1.1395425023963845e-19,7.853981633974483,125.66370614359172,61.68502750680849,986.9604401089358
R0,45.9,1.659099104800241,28.47598257944518,4.532093386917401,0.9816590908059881,0.9999994411466583,9610706.234975554,9.68255336875706e-19,7.853981633974483,125.66370614359172,61.68502750680849,986.9604401089358
R0,46.0,1.6931534798125865,28.43804200601051,4.526054957111532,0.981689543177442,0.9999994438688434,9609827.83836969,6.967493156987313e-19,7.853981633974483,125.66370614359172,61.68502750680849,986.9604401089358
R0,46.1,1.7269923021540354,28.400180599458636,4.5200291271063895,0.9817198611373233,0.9999994466134975,9608963.039432475,3.155148892200486e-19,7.853981633974483,125.66370614359172,61.68502750680849,986.9604401089358
R0,46.2,1.760617229232053,28.362398373956015,4.514015899156634,0.9817500440789712,0.999999449268344,9608111.707741532,6.401659653929927e-19,7.853981633974483,125.66370614359172,61.68502750680849,986.9604401089358
R0,46.3,1.7940299026865798,28.324695338872168,4.508015274753473,0.9817800959136573,0.9999994519343123,9607273.715221075,1.061637045471463e-18,7.853981633974483,125.66370614359172,61.68502750680849,986.9604401089358
R0,46.4,1.8272319485696986,28.28707149888686,4.502027254641713,0.9818100139244751,0.9999994545902087,9606448.935498167,8.257987618366e-19,7.853981633974483,125.66370614359172,61.68502750680849,986.9604401089358
R0,46.5,1.8602249775239759,28.24952685409287,4.49605183883612,0.9818397998901462,0.999999457171334,9605637.242349746,3.0745477304779835e-19,7.853981633974483,125.66370614359172,61.68502750680849,986.9604401089358
R0,46.6,1.8930105849575787,28.212061400097987,4.490089026637652,0.9818694570747333,0.9999994597748302,9604838.512445254,4.643061158299599e-19,7.853981633974483,125.66370614359172,61.68502750680849,986.9604401089358
R0,46.7,1.9255903512174113,28.174675128124637,4.484138816649316,0.9818989847222952,0.9999994623267335,9604052.623028144,6.551039334714447e-19,7.853981633974483,125.66370614359172,61.68502750680849,986.9604401089358
R0,46.8,1.9579658417600199,28.137368025107175,4.478201206791648,0.9819283845954518,0.9999994648724542,9603279.453199916,1.937215741641829e-19,7.853981633974483,125.66370614359172,61.68502750680849,986.9604401089358
R0,46.9,1.9901386073204035,28.100140073787667,4.472276194317964,0.9819576559482127,0.999999467418361,9602518.883064134,8.40844599978647e-19,7.853981633974483,125.66370614359172,61.68502750680849,986.9604401089358
R0,47.0,2.022110184077887,28.062991252809528,4.466363775829257,0.981986802233052,0.9999994698996261,9601770.794292996,2.0932609023097185e-19,7.853981633974483,125.66370614359172,61.68502750680849,986.9604401089358
R0,47.1,2.0538820938207816,28.025921536809516,4.460463947288843,0.9820158218636351,0.9999994723760998,9601035.069843322,5.177226223145657e-19,7.853981633974483,125.66370614359172,61.68502750680849,986.9604401089358
R0,47.2,2.0854558441076256,27.98893089650694,4.454576704036553,0.982044716859717,0.9999994748336015,9600311.594047206,4.933611073036427e-19,7.853981633974483,125.66370614359172,61.68502750680849,986.9604401089358
R0,47.3,2.116832928428201,27.952019298792518,4.448702040802884,0.9820734889744508,0.9999994772853221,9599600.25241091,5.229759027197072e-19,7.853981633974483,125.66370614359172,61.68502750680849,986.9604401089358
R0,47.4,2.148014826359986,27.9151867068144,4.442839951722679,0.9821021381916697,0.9999994797031406,9598900.93176744,7.895510618689539e-19,7.853981633974483,125.66370614359172,61.68502750680849,986.9604401089358
R0,47.5,2.179003003724655,27.878433080062546,4.436990430348567,0.9821306663226324,0.9999994820835076,9598213.520641843,2.303182692331757e-19,7.853981633974483,125.66370614359172,61.68502750680849,986.9604401089358
R0,47.6,2.209798912741536,27.841758374452183,4.431153469664237,0.9821590730508992,0.9999994844503132,9597537.90804631,4.9867747254843e-19,7.853981633974483,125.66370614359172,61.68502750680849,986.9604401089358
R0,47.7,2.2404039921791816,27.805162542404528,4.425329062097292,0.9821873595390466,0.999999486807141,9596873.984844929,5.790574325758352e-19,7.853981633974483,125.66370614359172,61.68502750680849,986.9604401089358
R0,47.8,2.270819667505028,27.76864553292686,4.419517199531988,0.9822155275745587,0.999999489145069,9596221.642650807,6.687485577315582e-19,7.853981633974483,125.66370614359172,61.68502750680849,986.9604401089358
R0,47.9,2.301047351033227,27.732207291689672,4.413717873321515,0.9822435762680722,0.9999994914645063,9595580.774938341,3.3894902161965e-19,7.853981633974483,125.66370614359172,61.68502750680849,986.9604401089358
R0,48.0,2.3310884420703832,27.69584776110436,4.407931074300362,0.9822715085175758,0.9999994937597797,9594951.27555794,9.10641586704578e-19,7.853981633974483,125.66370614359172,61.68502750680849,986.9604401089358
R0,48.1,2.360944327059091,27.659566880397307,4.402156792796107,0.9822993233875574,0.9999994960134506,9594333.040303482,6.130601047439257e-19,7.853981633974483,125.66370614359172,61.68502750680849,986.9604401089358
R0,48.2,2.3906163797207207,27.62336458568339,4.396395018641117,0.9823270227033354,0.9999994983271407,9593725.96561038,3.2952595031708613e-19,7.853981633974483,125.66370614359172,61.68502750680849,986.9604401089358
R0,48.3,2.420105961195152,27.587240810038303,4.390645741184059,0.9823546068659547,0.9999995005160495,9593129.949008815,4.675458370516093e-19,7.853981633974483,125.66370614359172,61.68502750680849,986.9604401089358
R0,48.4,2.449414420179,27.55119548356874,4.3849089493010664,0.9823820779217382,0.9999995027567113,9592544.889518246,1.670206430430615e-19,7.853981633974483,125.66370614359172,61.68502750680849,986.9604401089358
R0,48.5,2.478543093063057,27.51522853348151,4.379184631406744,0.9824094349082045,0.9999995049294135,9591970.686750636,1.3068679585696354e-18,7.853981633974483,125.66370614359172,61.68502750680849,986.9604401089358
R0,48.6,2.507493304065703,27.47933988415184,4.373472775465036,0.9824366789657449,0.9999995071538595,9591407.242474923,4.0868762311868067e-19,7.853981633974483,125.66370614359172,61.68502750680849,986.9604401089358
R0,48.7,2.5362663653678257,27.44352945718886,4.3677733689996465,0.9824638136740667,0.9999995092943457,9590854.458210146,1.0277760264292412e-18,7.853981633974483,125.66370614359172,61.68502750680849,986.9604401089358
R0,48.8,2.5648635772429014,27.407797171501624,4.362086399104551,0.9824908353377454,0.9999995114451703,9590312.2372522,8.266661437399289e-19,7.853981633974483,125.66370614359172,61.68502750680849,986.9604401089358
R0,48.9,2.59328622818728,27.372142943362057,4.356411852454013,0.9825177465446133,0.9999995135851307,9589780.483959792,8.502247762155861e-19,7.853981633974483,125.66370614359172,61.68502750680849,986.9604401089358
R0,49.0,2.6215355950483596,27.33656668646803,4.350749715312621,0.9825445494402286,0.9999995156583964,9589259.103374442,1.0251265869494273e-18,7.853981633974483,125.66370614359172,61.68502750680849,986.9604401089358
R0,49.1,2.649612943150609,27.30106831200466,4.345099973545048,0.9825712434007203,0.9999995178085439,9588748.002137206,1.0131857204355568e-19,7.853981633974483,125.66370614359172,61.68502750680849,986.9604401089358
R0,49.2,2.6775195264214773,27.265647728703833,4.339462612625524,0.9825978304885441,0.9999995198558937,9588247.087451175,1.0394634485700111e-18,7.853981633974483,125.66370614359172,61.68502750680849,986.9604401089358
R0,49.3,2.70525658751298,27.230304842903625,4.333837617647289,0.9826243088987824,0.999999521950279,9587756.267229583,5.778926306262029e-19,7.853981633974483,125.66370614359172,61.68502750680849,986.9604401089358
R0,49.4,2.732825357925379,27.195039558605878,4.3282249733317615,0.9826506803340926,0.9999995239553912,9587275.451222626,9.599455301392593e-19,7.853981633974483,125.66370614359172,61.68502750680849,986.9604401089358
R0,49.5,2.760227058125664,27.15985177753245,4.322624664037489,0.9826769490521275,0.9999995259846024,9586804.549573204,6.6308005738710625e-19,7.853981633974483,125.66370614359172,61.68502750680849,986.9604401089358
R0,49.6,2.787462897667363,27.12474139918102,4.317036673769032,0.982703110636585,0.9999995280397014,9586343.473447554,3.022292391659485e-19,7.853981633974483,125.66370614359172,61.68502750680849,986.9604401089358
R0,49.7,2.814534075307303,27.08970832087923,4.311460986185577,0.9827291686858228,0.9999995299879932,9585892.134876385,1.1606610207499069e-18,7.853981633974483,125.66370614359172,61.68502750680849,986.9604401089358
R0,49.8,2.8414417791213515,27.05475243783819,4.305897584609454,0.9827551237936852,0.9999995320221811,9585450.447140308,1.036522369398385e-18,7.853981633974483,125.66370614359172,61.68502750680849,986.9604401089358
R0,49.9,2.868187186618682,27.01987364320448,4.300346452034412,0.9827809751662374,0.9999995339510765,9585018.324169658,6.376737790776651e-19,7.853981633974483,125.66370614359172,61.68502750680849,986.9604401089358
R0,50.0,2.894771464854464,26.985071828111064,4.294807571133725,0.9828067245664988,0.9999995359092855,9584595.68072087,7.327142413909326e-19,7.853981633974483,125.66370614359172,61.68502750680849,986.9604401089358
R1,40.0,-0.858168521284897,31.092589310680626,4.948539282321049,0.9891426555708646,1.0,9658812.795509782,2.7961294918298236e-16,7.853981633974483,125.66370614359172,61.68502750680849,986.9604401089358
R1,40.1,-0.8072775830244497,31.048988311149078,4.941599967721855,0.9891639623151843,0.9999994076650123,9657069.378050322,2.059412386919143e-15,7.853981633974483,125.66370614359172,61.68502750680849,986.9604401089358
R1,40.2,-0.7567412106807456,31.005461899423775,4.93467252414072,0.9891851409862131,0.9999994116318782,9655348.404180696,2.013469329752504e-15,7.853981633974483,125.66370614359172,61.68502750680849,986.9604401089358
R1,40.3,-0.7065563178438008,30.962010558750954,4.927757028488671,0.9892061928279778,0.9999994155551446,9653649.634479228,1.969149137706001e-15,7.853981633974483,125.66370614359172,61.68502750680849,986.9604401089358
R1,40.4,-0.6567198513587109,30.91863475634302,4.920853555124871,0.9892271190945772,0.9999994194350836,9651972.833331684,1.9255359399116536e-15,7.853981633974483,125.66370614359172,61.68502750680849,986.9604401089358
R1,40.5,-0.6072287911598512,30.875334944089477,4.913962175969768,0.9892479209991346,0.9999994232717243,9650317.767386194,1.8832611711518374e-15,7.853981633974483,125.66370614359172,61.68502750680849,986.9604401089358
R1,40.6,-0.5580801498366367,30.83211155889281,4.9070829605585535,0.9892685997580647,0.9999994270667268,9648684.207323397,1.843236870868535e-15,7.853981633974483,125.66370614359172,61.68502750680849,986.9604401089358
R1,40.7,-0.5092709722072996,30.788965022996866,4.900215976093422,0.989289156556239,0.9999994308200575,9647071.925920798,1.802439804050917e-15,7.853981633974483,125.66370614359172,61.68502750680849,986.9604401089358
R1,40.8,-0.4607983348997585,30.745895744308942,4.893361287494837,0.9893095925666745,0.9999994345327303,9645480.699175974,1.7638526118612733e-15,7.853981633974483,125.66370614359172,61.68502750680849,986.9604401089358
R1,40.9,-0.4126593459372526,30.702904116713313,4.886518957451426,0.9893299089477314,0.9999994382048015,9643910.306561481,1.7260984507111785e-15,7.853981633974483,125.66370614359172,61.68502750680849,986.9604401089358
R1,41.0,-0.36485114433144306,30.659990520378457,4.879689046468884,0.9893501068486443,0.9999994418374516,9642360.529006824,1.6886307154264531e-15,7.853981633974483,125.66370614359172,61.68502750680849,986.9604401089358
R1,41.1,-0.31737089968196186,30.61715532205823,4.872871612917899,0.9893701874094547,0.9999994454321092,9640831.15201019,1.652669066393942e-15,7.853981633974483,125.66370614359172,61.68502750680849,986.9604401089358
R1,41.2,-0.2702158117808515,30.57439887538463,4.86606671308075,0.9893901517211804,0.9999994489867428,9639321.962691698,1.6176486123148628e-15,7.853981633974483,125.66370614359172,61.68502750680849,986.9604401089358
R1,41.3,-0.22338311022385104,30.53172152115587,4.859274401197159,0.9894100008871628,0.999999452503746,9637832.751364319,1.5836724107436682e-15,7.853981633974483,125.66370614359172,61.68502750680849,986.9604401089358
R1,41.4,-0.17687005402800562,30.489123587616895,4.852494729508931,0.989429736007387,0.9999994559846577,9636363.311030198,1.5500648527512927e-15,7.853981633974483,125.66370614359172,61.68502750680849,986.9604401089358
R1,41.5,-0.13067393125368082,30.44660539073485,4.845727748303799,0.9894493581394376,0.9999994594280527,9634913.43698979,1.517276274560321e-15,7.853981633974483,125.66370614359172,61.68502750680849,986.9604401089358
R1,41.6,-0.08479205863339803,30.404167234467266,4.838973505958107,0.9894688683490023,0.9999994628348461,9633482.92733254,1.4859873539500952e-15,7.853981633974483,125.66370614359172,61.68502750680849,986.9604401089358
R1,41.7,-0.03922178120595775,30.36180941102501,4.832232048978658,0.9894882676726079,0.9999994662067591,9632071.582778202,1.4546565564186647e-15,7.853981633974483,125.66370614359172,61.68502750680849,986.9604401089358
R1,41.8,0.006039528044300173,30.31953220113015,4.825503422043758,0.989507557133651,0.9999994695424248,9630679.20692613,1.42516370296378e-15,7.853981633974483,125.66370614359172,61.68502750680849,986.9604401089358
R1,41.9,0.05099446854213126,30.277335874266438,4.818787668043076,0.9895267377562236,0.9999994728444528,9629305.604898961,1.3955671081359087e-15,7.853981633974483,125.66370614359172,61.68502750680849,986.9604401089358
R1,42.0,0.09564561247165243,30.23522068892659,4.812084828117008,0.9895458105493351,0.9999994761121598,9627950.585307427,1.3668229582255568e-15,7.853981633974483,125.66370614359172,61.68502750680849,986.9604401089358
R1,42.1,0.1399955051206319,30.19318689285217,4.805394941694848,0.9895647764915548,0.9999994793458913,9626613.958559526,1.3391452303529764e-15,7.853981633974483,125.66370614359172,61.68502750680849,986.9604401089358
R1,42.2,0.18404666521986726,30.15123472326937,4.798718046532315,0.9895836365694441,0.9999994825470736,9625295.537301494,1.3116126495517185e-15,7.853981633974483,125.66370614359172,61.68502750680849,986.9604401089358
R1,42.3,0.22780158527788097,30.109364407119784,4.792054178748288,0.9896023917463388,0.999999485714623,9623995.137411239,1.2851066159131447e-15,7.853981633974483,125.66370614359172,61.68502750680849,986.9604401089358
R1,42.4,0.27126273191025535,30.067576161285338,4.785403372860597,0.989621042976596,0.9999994888502297,9622712.57584267,1.2591659935002599e-15,7.853981633974483,125.66370614359172,61.68502750680849,986.9604401089358
R1,42.5,0.31443254616388816,30.025870192809073,4.778765661821165,0.9896395911991017,0.9999994919546756,9621447.672938569,1.2342310135760127e-15,7.853981633974483,125.66370614359172,61.68502750680849,986.9604401089358
R1,42.6,0.3573134438376259,29.98424669911104,4.772141077050368,0.9896580373420699,0.999999495027049,9620200.250455882,1.2097929080107915e-15,7.853981633974483,125.66370614359172,61.68502750680849,986.9604401089358
R1,42.7,0.39990781579664647,29.94270586819948,4.765529648470649,0.9896763823345002,0.9999994980689438,9618970.132498814,1.1852217052834695e-15,7.853981633974483,125.66370614359172,61.68502750680849,986.9604401089358
R1,42.8,0.44221802828309864,29.90124787887752,4.758931404539408,0.9896946270642771,0.9999995010802704,9617757.14587499,1.161972581490895e-15,7.853981633974483,125.66370614359172,61.68502750680849,986.9604401089358
R1,42.9,0.4842464232230362,29.859872900945124,4.752346372281149,0.9897127724396355,0.9999995040613212,9616561.118786465,1.1389818460512115e-15,7.853981633974483,125.66370614359172,61.68502750680849,986.9604401089358
R1,43.0,0.5259953185258668,29.818581095397317,4.745774577319026,0.989730819346699,0.9999995070133704,9615381.882422898,1.1172953054616277e-15,7.853981633974483,125.66370614359172,61.68502750680849,986.9604401089358
R1,43.1,0.5674670083840692,29.777372614617438,4.739216043905601,0.9897487686509544,0.999999509935367,9614219.269000337,1.0951441532451457e-15,7.853981633974483,125.66370614359172,61.68502750680849,986.9604401089358
R1,43.2,0.6086637635637022,29.736247602567133,4.732670794953082,0.9897666212161192,0.9999995128290191,9613073.113343263,1.0736211985130483e-15,7.853981633974483,125.66370614359172,61.68502750680849,986.9604401089358
R1,43.3,0.6495878316944514,29.695206194971554,4.726138852062796,0.9897843778941892,0.9999995156940729,9611943.252147492,1.0527382179829913e-15,7.853981633974483,125.66370614359172,61.68502750680849,986.9604401089358
R1,43.4,0.6902414375533457,29.654248519501,4.719620235554103,0.9898020395317332,0.9999995185313861,9610829.524537198,1.0332884385057763e-15,7.853981633974483,125.66370614359172,61.68502750680849,986.9604401089358
R1,43.5,0.7306267833452227,29.61337469594815,4.713114964492601,0.9898196069562153,0.9999995213409685,9609731.770786187,1.012267456184174e-15,7.853981633974483,125.66370614359172,61.68502750680849,986.9604401089358
R1,43.6,0.7707460489789419,29.57258483640301,4.7066230567179685,0.9898370809909682,0.9999995241230302,9608649.833621696,9.935553820216385e-16,7.853981633974483,125.66370614359172,61.68502750680849,986.9604401089358
R1,43.7,0.8106013923397241,29.53187904542183,4.700144528870848,0.9898544624497094,0.9999995268788371,9607583.557733562,9.745048337761058e-16,7.853981633974483,125.66370614359172,61.68502750680849,986.9604401089358
R1,43.8,0.8501949495576903,29.491257420194803,4.69367939641954,0.9898717521279986,0.9999995296074828,9606532.788864251,9.569424655073826e-16,7.853981633974483,125.66370614359172,61.68502750680849,986.9604401089358
R1,43.9,0.8895288352717285,29.450720050708338,4.687227673685826,0.9898889508168852,0.9999995323102066,9605497.375999363,9.384746382010814e-16,7.853981633974483,125.66370614359172,61.68502750680849,986.9604401089358
R1,44.0,0.9286051428913361,29.41026701990539,4.680789373870489,0.9899060593053346,0.9999995349859062,9604477.168600308,9.211247827724544e-16,7.853981633974483,125.66370614359172,61.68502750680849,986.9604401089358
R1,44.1,0.9674259448524647,29.36989840384113,4.6743645090780825,0.9899230783724984,0.9999995376388137,9603472.018777117,9.036426553268686e-16,7.853981633974483,125.66370614359172,61.68502750680849,986.9604401089358
R1,44.2,1.0059932928719288,29.32961427183664,4.667953090341402,0.9899400087684137,0.9999995402639013,9602481.779885303,8.872514382727759e-16,7.853981633974483,125.66370614359172,61.68502750680849,986.9604401089358
R1,44.3,1.0443092181968965,29.289414686627744,4.661555127645162,0.9899568512528709,0.9999995428653358,9601506.30706465,8.706887988859668e-16,7.853981633974483,125.66370614359172,61.68502750680849,986.9604401089358
R1,44.4,1.082375731850498,29.249299704512758,4.655170629949519,0.9899736065697142,0.9999995454425227,9600545.457558932,8.545022598598497e-16,7.853981633974483,125.66370614359172,61.68502750680849,986.9604401089358
R1,44.5,1.1201948248757632,29.209269375495076,4.64879960521276,0.9899902754699442,0.9999995479952422,9599599.089799194,8.389456549684214e-16,7.853981633974483,125.66370614359172,61.68502750680849,986.9604401089358
R1,44.6,1.1577684685740541,29.169323743424282,4.642442060413763,0.9900068586753249,0.9999995505237235,9598667.06429248,8.234379901214141e-16,7.853981633974483,125.66370614359172,61.68502750680849,986.9604401089358
R1,44.7,1.1950986147415068,29.129462846133677,4.6360980015738855,0.9900233568924427,0.9999995530290668,9597749.24262706,8.092251069317382e-16,7.853981633974483,125.66370614359172,61.68502750680849,986.9604401089358
R1,44.8,1.2321871959016757,29.08968671557468,4.629767433778352,0.9900397708506964,0.9999995555110764,9596845.488519305,7.942476698635674e-16,7.853981633974483,125.66370614359172,61.68502750680849,986.9604401089358
R1,44.9,1.2690361255348845,29.049995377949273,4.62345036119734,0.9900561012542625,0.9999995579705248,9595955.66766592,7.798032444064088e-16,7.853981633974483,125.66370614359172,61.68502750680849,986.9604401089358
R1,45.0,1.3056472983044036,29.0103888538388,4.61714678710647,0.9900723487827667,0.9999995604062009,9595079.645970143,7.659262156486232e-16,7.853981633974483,125.66370614359172,61.68502750680849,986.9604401089358
R1,45.1,1.3420225902797362,28.9708671583306,4.6108567139069665,0.9900885141391025,0.9999995628210662,9594217.292038351,7.522854660596305e-16,7.853981633974483,125.66370614359172,61.68502750680849,986.9604401089358
R1,45.2,1.3781638591563905,28.931430301141816,4.604580143145363,0.9901045979977493,0.9999995652125455,9593368.475364434,7.385963808909803e-16,7.853981633974483,125.66370614359172,61.68502750680849,986.9604401089358
R1,45.3,1.4140729444728934,28.892078286740723,4.598317075532805,0.9901206010308808,0.9999995675831957,9592533.067402648,7.258998293067687e-16,7.853981633974483,125.66370614359172,61.68502750680849,986.9604401089358
R1,45.4,1.4497516678244866,28.852811114465524,4.5920675109639655,0.9901365239045542,0.9999995699316846,9591710.941188214,7.12924374915741e-16,7.853981633974483,125.66370614359172,61.68502750680849,986.9604401089358
R1,45.5,1.4852018330746577,28.81362877864043,4.585831448535516,0.9901523672719584,0.9999995722590158,9590901.970608223,7.005994490974968e-16,7.853981633974483,125.66370614359172,61.68502750680849,986.9604401089358
R1,45.6,1.5204252265624225,28.77453126868991,4.579608886564306,0.9901681317858483,0.9999995745660306,9590106.030853406,6.886165448468102e-16,7.853981633974483,125.66370614359172,61.68502750680849,986.9604401089358
R1,45.7,1.5554236173079312,28.735518569249848,4.573399822605062,0.9901838180811845,0.9999995768513988,9589323.000130013,6.7620898998969e-16,7.853981633974483,125.66370614359172,61.68502750680849,986.9604401089358
R1,45.8,1.590198757214718,28.696590660277288,4.567204253467847,0.9901994268039528,0.9999995791167863,9588552.755775383,6.645371050963669e-16,7.853981633974483,125.66370614359172,61.68502750680849,986.9604401089358
R1,45.9,1.6247523812696636,28.657747517156853,4.561022175235004,0.9902149585755267,0.9999995813617447,9587795.178322084,6.534693873773113e-16,7.853981633974483,125.66370614359172,61.68502750680849,986.9604401089358
R1,46.0,1.659086207739103,28.618989110805817,4.554853583277873,0.9902304140203882,0.9999995835871722,9587050.148817414,6.422634620356633e-16,7.853981633974483,125.66370614359172,61.68502750680849,986.9604401089358
R1,46.1,1.693201938363361,28.580315407776872,4.548698472273148,0.9902457937462709,0.9999995857927864,9586317.54928843,6.313847616486287e-16,7.853981633974483,125.66370614359172,61.68502750680849,986.9604401089358
R1,46.2,1.7271012585487182,28.541726370358298,4.542556836218823,0.9902610983620347,0.9999995879786663,9585597.264264137,6.204744301776326e-16,7.853981633974483,125.66370614359172,61.68502750680849,986.9604401089358
R1,46.3,1.7607858375556469,28.5032219566725,4.536428668449874,0.9902763284787032,0.9999995901458966,9584889.17856909,6.098603298716637e-16,7.853981633974483,125.66370614359172,61.68502750680849,986.9604401089358
R1,46.4,1.7942573286853887,28.46480212077274,4.530313961653648,0.9902914846752292,0.9999995922935089,9584193.17854465,5.999839215472445e-16,7.853981633974483,125.66370614359172,61.68502750680849,986.9604401089358
R1,46.5,1.8275173694639766,28.426466812736944,4.5242127078848,0.990306567541559,0.9999995944226341,9583509.152103726,5.899999345268725e-16,7.853981633974483,125.66370614359172,61.68502750680849,986.9604401089358
R1,46.6,1.8605675818232037,28.388215978761025,4.518124898580145,0.9903215776676337,0.9999995965330727,9582836.988230009,5.803082297350858e-16,7.853981633974483,125.66370614359172,61.68502750680849,986.9604401089358
R1,46.7,1.8934095722799258,28.35004956124866,4.512050524572943,0.9903365156214282,0.9999995986260376,9582176.576665187,5.704246651512218e-16,7.853981633974483,125.66370614359172,61.68502750680849,986.9604401089358
R1,46.8,1.9260449321123334,28.31196749890062,4.505989576107119,0.9903513819609092,0.9999996006993471,9581527.809699632,5.609175373525901e-16,7.853981633974483,125.66370614359172,61.68502750680849,986.9604401089358
R1,46.9,1.9584752375339793,28.273969726801656,4.49994204285109,0.9903661772651532,0.9999996027563928,9580890.579062881,5.5162065688907945e-16,7.853981633974483,125.66370614359172,61.68502750680849,986.9604401089358
R1,47.0,1.9907020498658556,28.236056176505226,4.493907913911249,0.9903809020981283,0.9999996047951378,9580264.7791841,5.427534677782444e-16,7.853981633974483,125.66370614359172,61.68502750680849,986.9604401089358
R1,47.1,2.022726915705583,28.198226776117462,4.487887177845334,0.9903955569726351,0.9999996068165986,9579650.304768974,5.342214237168631e-16,7.853981633974483,125.66370614359172,61.68502750680849,986.9604401089358
R1,47.2,2.0545513670947604,28.16048145037837,4.481879822675344,0.9904101424664145,0.9999996088203308,9579047.051811745,5.248834159224306e-16,7.853981633974483,125.66370614359172,61.68502750680849,986.9604401089358
R1,47.3,2.08617692168407,28.12282012074253,4.475885835900387,0.9904246591006671,0.9999996108076049,9578454.917878931,5.165222858027916e-16,7.853981633974483,125.66370614359172,61.68502750680849,986.9604401089358
R1,47.4,2.117605082895818,28.085242705456874,4.4699052045090575,0.9904391074159792,0.9999996127776627,9577873.801135318,5.090107325331314e-16,7.853981633974483,125.66370614359172,61.68502750680849,986.9604401089358
R1,47.5,2.1488373400847545,28.0477491196379,4.463937914991727,0.990453487940698,0.999999614731969,9577303.600980045,5.001521135377461e-16,7.853981633974483,125.66370614359172,61.68502750680849,986.9604401089358
R1,47.6,2.1798751686966455,28.010339275346738,4.457983953352491,0.9904678011860901,0.9999996166683559,9576744.21835586,4.926499408678752e-16,7.853981633974483,125.66370614359172,61.68502750680849,986.9604401089358
R1,47.7,2.2107200304244627,27.97301308166298,4.452043305120916,0.990482047680998,0.999999618589539,9576195.554559294,4.843307346390903e-16,7.853981633974483,125.66370614359172,61.68502750680849,986.9604401089358
R1,47.8,2.241373373362979,27.935770444756916,4.446115955363538,0.9904962279203228,0.9999996204943923,9575657.51233507,4.766244743657945e-16,7.853981633974483,125.66370614359172,61.68502750680849,986.9604401089358
R1,47.9,2.2718366321609906,27.89861126796029,4.44020188869513,0.99051034242956,0.9999996223841913,9575129.99604675,4.692880334403385e-16,7.853981633974483,125.66370614359172,61.68502750680849,986.9604401089358
R1,48.0,2.3021112281715337,27.861535451835532,4.434301089289709,0.9905243916830613,0.999999624257487,9574612.910010135,4.618192674313074e-16,7.853981633974483,125.66370614359172,61.68502750680849,986.9604401089358
R1,48.1,2.3321985696003993,27.82454289424396,4.428413540891398,0.990538376194535,0.9999996261148761,9574106.160009066,4.551152266552974e-16,7.853981633974483,125.66370614359172,61.68502750680849,986.9604401089358
R1,48.2,2.3621000516524138,27.78763349041184,4.4225392268249415,0.9905522964467915,0.9999996279585578,9573609.653001253,4.475939737812502e-16,7.853981633974483,125.66370614359172,61.68502750680849,986.9604401089358
R1,48.3,2.3918170566760892,27.75080713299611,4.416678130006159,0.990566152923321,0.9999996297851929,9573123.29692891,4.407927118191733e-16,7.853981633974483,125.66370614359172,61.68502750680849,986.9604401089358
R1,48.4,2.4213509543060105,27.714063712147826,4.4108302329520495,0.9905799461007927,0.9999996315979565,9572647.000433354,4.3366781118423666e-16,7.853981633974483,125.66370614359172,61.68502750680849,986.9604401089358
R1,48.5,2.4507031016038017,27.677403115575068,4.4049955177907965,0.9905936764538353,0.999999633395592,9572180.673682457,4.272029362209638e-16,7.853981633974483,125.66370614359172,61.68502750680849,986.9604401089358
R1,48.6,2.4798748431970252,27.640825228604136,4.399173966271516,0.9906073444565765,0.9999996351791675,9571724.226786584,4.206395315031769e-16,7.853981633974483,125.66370614359172,61.68502750680849,986.9604401089358
R1,48.7,2.5088675114160677,27.604329934239527,4.393365559773795,0.990620950575012,0.9999996369480961,9571277.572196342,4.1430892200278183e-16,7.853981633974483,125.66370614359172,61.68502750680849,986.9604401089358
R1,48.8,2.53768242642985,27.567917113222816,4.387570279317065,0.9906344952686407,0.9999996387017294,9570840.622260137,4.0746078301303537e-16,7.853981633974483,125.66370614359172,61.68502750680849,986.9604401089358
R1,48.9,2.5663208963793043,27.531586644090613,4.381788105569827,0.9906479789821703,0.9999996404427102,9570413.29041992,4.0188800718799715e-16,7.853981633974483,125.66370614359172,61.68502750680849,986.9604401089358
R1,49.0,2.5947842175089466,27.49533840323063,4.3760190188585755,0.9906614021690096,0.9999996421687855,9569995.491296263,3.9595240474334885e-16,7.853981633974483,125.66370614359172,61.68502750680849,986.9604401089358
R1,49.1,2.6230736742976757,27.459172264937365,4.370262999176657,0.9906747652857222,0.9999996438811808,9569587.14020113,3.897273963556355e-16,7.853981633974483,125.66370614359172,61.68502750680849,986.9604401089358
R1,49.2,2.651190539586733,27.423088101466284,4.364520026192899,0.9906880687594928,0.9999996455804901,9569188.153662317,3.837911274933461e-16,7.853981633974483,125.66370614359172,61.68502750680849,986.9604401089358
R1,49.3,2.679136074706942,27.387085783086746,4.358790079260027,0.9907013130360036,0.9999996472653558,9568798.448139956,3.7831426347576675e-16,7.853981633974483,125.66370614359172,61.68502750680849,986.9604401089358
R1,49.4,2.7069115296036004,27.351165178134472,4.353073137423022,0.9907144985536279,0.999999648938054,9568417.94228054,3.7285866116814804e-16,7.853981633974483,125.66370614359172,61.68502750680849,986.9604401089358
R1,49.5,2.734518142960631,27.315326153062305,4.347369179427192,0.9907276257194579,0.999999650595978,9568046.5547475,3.675557398342566e-16,7.853981633974483,125.66370614359172,61.68502750680849,986.9604401089358
R1,49.6,2.761957142322162,27.279568572490124,4.341678183726122,0.990740694986677,0.9999996522421483,9567684.205493564,3.615506101046529e-16,7.853981633974483,125.66370614359172,61.68502750680849,986.9604401089358
R1,49.7,2.789229744213412,27.243892299254313,4.3360001284895455,0.9907537067483558,0.9999996538750029,9567330.81439213,3.5655627809230497e-16,7.853981633974483,125.66370614359172,61.68502750680849,986.9604401089358
R1,49.8,2.816337154259356,27.208297194455024,4.330334991610865,0.9907666614288639,0.9999996554952127,9566986.303422445,3.515198956954739e-16,7.853981633974483,125.66370614359172,61.68502750680849,986.9604401089358
R1,49.9,2.8432805673026667,27.17278311750389,4.3246827507147465,0.9907795594529,0.999999657102233,9566650.594574276,3.469551170099975e-16,7.853981633974483,125.66370614359172,61.68502750680849,986.9604401089358
R1,50.0,2.8700611675191303,27.137349926169723,4.319043383164392,0.9907924012054216,0.9999996586972326,9566323.610756109,3.4076187495958537e-16,7.853981633974483,125.66370614359172,61.68502750680849,986.9604401089358
R2,40.0,-1.145299382905717,31.347275790110416,4.989073894460972,0.9873893121541155,1.0,9666452.034690386,1.6411996076582174e-19,7.853981633974483,125.66370614359172,61.68502750680849,986.9604401089358
R2,40.1,-1.0934013540084435,31.302057808147588,4.981877229114947,0.9874115364873759,0.9999995411574827,9664998.171984188,2.255590007066384e-19,7.853981633974483,125.66370614359172,61.68502750680849,986.9604401089358
R2,40.2,-1.0418646569843966,31.256929148191375,4.974694779807803,0.9874336271474076,0.999999543497666,9663562.732089054,1.2771671826217114e-19,7.853981633974483,125.66370614359172,61.68502750680849,986.9604401089358
R2,40.3,-0.9906861426789465,31.211890111721136,4.967526594521468,0.9874555855087012,0.9999995458214155,9662145.538853174,2.0996140448099098e-19,7.853981633974483,125.66370614359172,61.68502750680849,986.9604401089358
R2,40.4,-0.9398626961746095,31.166940987385445,4.9603727191957905,0.9874774123870648,0.9999995481192108,9660746.415014885,5.649061707366984e-20,7.853981633974483,125.66370614359172,61.68502750680849,986.9604401089358
R2,40.5,-0.88939123634228,31.122082051292068,4.953233197774686,0.9874991094027505,0.9999995504022189,9659365.188463679,2.0317114639385584e-19,7.853981633974483,125.66370614359172,61.68502750680849,986.9604401089358
R2,40.6,-0.839268715398966,31.077313567291416,4.946108072251253,0.9875206775105501,0.9999995526560365,9658001.687034452,2.7127719430007814e-19,7.853981633974483,125.66370614359172,61.68502750680849,986.9604401089358
R2,40.7,-0.7894921184729228,31.032635787253785,4.938997382711891,0.9875421176712962,0.9999995548937071,9656655.741152987,3.4106714320441807e-20,7.853981633974483,125.66370614359172,61.68502750680849,986.9604401089358
R2,40.8,-0.740058463174541,30.988048951340517,4.9319011673794675,0.987563431122473,0.9999995571113618,9655327.183834646,2.718626800693298e-19,7.853981633974483,125.66370614359172,61.68502750680849,986.9604401089358
R2,40.9,-0.6909647991747659,30.943553288268863,4.924819462655462,0.9875846191057039,0.999999559309405,9654015.848702768,1.880141967070422e-19,7.853981633974483,125.66370614359172,61.68502750680849,986.9604401089358
R2,41.0,-0.6422082077893667,30.899149015571336,4.91775230316125,0.9876056826064831,0.9999995614829994,9652721.572604867,1.1223681055696135e-19,7.853981633974483,125.66370614359172,61.68502750680849,986.9604401089358
R2,41.1,-0.5937858015695751,30.85483633984882,4.910699721778383,0.9876266224317352,0.9999995636379726,9651444.193651754,8.380416877103795e-20,7.853981633974483,125.66370614359172,61.68502750680849,986.9604401089358
R2,41.2,-0.5456947238988716,30.81061545701855,4.903661749688058,0.9876474400545631,0.9999995657811009,9650183.551120348,9.136599337704846e-20,7.853981633974483,125.66370614359172,61.68502750680849,986.9604401089358
R2,41.3,-0.4979321485960522,30.7664865525566,4.896638416409709,0.9876681361070159,0.9999995678910538,9648939.48748427,1.8512745304176522e-19,7.853981633974483,125.66370614359172,61.68502750680849,986.9604401089358
R2,41.4,-0.45049527952451746,30.72244980173429,4.889629749838632,0.9876887122206163,0.9999995700000208,9647711.846255567,1.128082210076114e-19,7.853981633974483,125.66370614359172,61.68502750680849,986.9604401089358
R2,41.5,-0.403381350206491,30.67850536985072,4.882635776282997,0.9877091686766182,0.9999995720716499,9646500.472214004,6.796349863610798e-20,7.853981633974483,125.66370614359172,61.68502750680849,986.9604401089358
R2,41.6,-0.3565876234441877,30.634653412458686,4.8756565204998,0.9877295071569501,0.9999995741401283,9645305.213002453,1.0978694030993863e-19,7.853981633974483,125.66370614359172,61.68502750680849,986.9604401089358
R2,41.7,-0.3101113909459331,30.590894075586952,4.86869200573024,0.9877497282402272,0.9999995761795415,9644125.917005386,5.653169847794473e-20,7.853981633974483,125.66370614359172,61.68502750680849,986.9604401089358
R2,41.8,-0.26394997295804346,30.54722749595667,4.861742253734164,0.9877698330410349,0.9999995782039789,9642962.43505066,1.0831449683321166e-19,7.853981633974483,125.66370614359172,61.68502750680849,986.9604401089358
R2,41.9,-0.21810071790242605,30.503653801193682,4.854807284823858,0.9877898225365217,0.9999995802159496,9641814.619309172,2.0654894351181604e-19,7.853981633974483,125.66370614359172,61.68502750680849,986.9604401089358
R2,42.0,-0.1725610020190364,30.460173110035974,4.847887117897057,0.9878096977202482,0.9999995822036786,9640682.323441666,3.2072457444439146e-19,7.853981633974483,125.66370614359172,61.68502750680849,986.9604401089358
R2,42.1,-0.1273282290143786,30.41678553253638,4.840981770469213,0.987829459502657,0.999999584179356,9639565.402842276,7.774469935283008e-20,7.853981633974483,125.66370614359172,61.68502750680849,986.9604401089358
R2,42.2,-0.08239982971450406,30.373491170261282,4.83409125870512,0.9878491088138885,0.9999995861242217,9638463.71467696,1.5340961477946179e-19,7.853981633974483,125.66370614359172,61.68502750680849,986.9604401089358
R2,42.3,-0.03777326172364926,30.33029011648479,4.827215597449812,0.9878686466063084,0.9999995880733803,9637377.117545165,1.6076879968813014e-19,7.853981633974483,125.66370614359172,61.68502750680849,986.9604401089358
R2,42.4,0.006553990912261895,30.287182456378588,4.8203548002587855,0.9878880737885901,0.9999995899909274,9636305.471828202,6.119331950640405e-20,7.853981633974483,125.66370614359172,61.68502750680849,986.9604401089358
R2,42.5,0.050584418037476035,30.244168267197715,4.813508879427559,0.987907391352083,0.9999995918967429,9635248.63922532,1.665392771271756e-19,7.853981633974483,125.66370614359172,61.68502750680849,986.9604401089358
R2,42.6,0.09432048371265411,30.20124761846273,4.806677846020675,0.987926600127103,0.9999995937845438,9634206.482848376,4.816836353713018e-19,7.853981633974483,125.66370614359172,61.68502750680849,986.9604401089358
R2,42.7,0.13776462653696692,30.15842057213703,4.799861709899915,0.9879457009685202,0.9999995956591003,9633178.867427824,7.356969730308345e-20,7.853981633974483,125.66370614359172,61.68502750680849,986.9604401089358
R2,42.8,0.1809192599654999,30.11568718280131,4.793060479752064,0.9879646949254431,0.9999995975173711,9632165.659658827,1.7866738513391346e-19,7.853981633974483,125.66370614359172,61.68502750680849,986.9604401089358
R2,42.9,0.22378677262145763,30.07304749782365,4.786274163115989,0.987983582554837,0.999999599355855,9631166.726856094,2.353042778042404e-19,7.853981633974483,125.66370614359172,61.68502750680849,986.9604401089358
R2,43.0,0.26636952860434154,30.030501557526048,4.7795027664091325,0.9880023650230625,0.9999996011814497,9630181.938546877,3.3826633822493303e-19,7.853981633974483,125.66370614359172,61.68502750680849,986.9604401089358
R2,43.1,0.3086698677933886,29.98804939534775,4.772746294953518,0.9880210429106,0.9999996029904921,9629211.16504336,2.284994354707123e-19,7.853981633974483,125.66370614359172,61.68502750680849,986.9604401089358
R2,43.2,0.35069010614696305,29.945691038004178,4.766004753001035,0.9880396174118928,0.9999996047891846,9628254.278473541,9.383445141224413e-20,7.853981633974483,125.66370614359172,61.68502750680849,986.9604401089358
R2,43.3,0.39243253599692834,29.903426505643637,4.7592781437583875,0.9880580889787651,0.9999996065598279,9627311.151982889,1.809234425633394e-19,7.853981633974483,125.66370614359172,61.68502750680849,986.9604401089358
R2,43.4,0.4338994263395988,29.861255811999488,4.752566469411308,0.9880764586667776,0.9999996083294455,9626381.661117371,3.3640844197414034e-19,7.853981633974483,125.66370614359172,61.68502750680849,986.9604401089358
R2,43.5,0.47509302312169976,29.819178964540132,4.745869731148427,0.9880947272858236,0.999999610081233,9625465.681087187,2.759675063951767e-19,7.853981633974483,125.66370614359172,61.68502750680849,986.9604401089358
R2,43.6,0.5160155495230645,29.777195964614595,4.739187929184451,0.9881128955744661,0.9999996118174738,9624563.090111956,1.6410301251085477e-19,7.853981633974483,125.66370614359172,61.68502750680849,986.9604401089358
R2,43.7,0.5566692062342937,29.735306807596288,4.732521062783035,0.9881309643310643,0.9999996135355156,9623673.766452556,7.851618932151785e-20,7.853981633974483,125.66370614359172,61.68502750680849,986.9604401089358
R2,43.8,0.5970561717313903,29.69351148302272,4.725869130279022,0.9881489343634161,0.9999996152433582,9622797.590798348,1.0104968690427598e-19,7.853981633974483,125.66370614359172,61.68502750680849,986.9604401089358
R2,43.9,0.6371786025458398,29.65180997473264,4.719232129100268,0.9881668064386759,0.999999616936242,9621934.443467183,1.2808462704141895e-19,7.853981633974483,125.66370614359172,61.68502750680849,986.9604401089358
R2,44.0,0.6770386335310284,29.610202261000172,4.712610055788993,0.9881845813240903,0.9999996186201963,9621084.208152615,2.738582599565999e-19,7.853981633974483,125.66370614359172,61.68502750680849,986.9604401089358
R2,44.1,0.7166383781248595,29.568688314666165,4.706002906022684,0.9882022597929112,0.9999996202784472,9620246.768465819,1.504637263804474e-19,7.853981633974483,125.66370614359172,61.68502750680849,986.9604401089358
R2,44.2,0.755979928609029,29.52726810326664,4.699410674634539,0.9882198426488967,0.999999621935886,9619422.009470794,4.0397515697430144e-19,7.853981633974483,125.66370614359172,61.68502750680849,986.9604401089358
R2,44.3,0.7950653563636592,29.485941589158482,4.692833355633469,0.988237330437878,0.9999996235700525,9618609.817227382,2.4402171084085105e-19,7.853981633974483,125.66370614359172,61.68502750680849,986.9604401089358
R2,44.4,0.8338967121192155,29.44470872964281,4.686270942223735,0.9882547241267426,0.999999625199882,9617810.079839598,2.6175953556199627e-19,7.853981633974483,125.66370614359172,61.68502750680849,986.9604401089358
R2,44.5,0.8724760262048915,29.403569477085217,4.679723426824088,0.9882720243276679,0.9999996268063605,9617022.685721448,1.7740400464241262e-19,7.853981633974483,125.66370614359172,61.68502750680849,986.9604401089358
R2,44.6,0.9108053087926562,29.362523779033527,4.673190801086505,0.9882892318186577,0.9999996284100275,9616247.524975745,2.1641512213452282e-19,7.853981633974483,125.66370614359172,61.68502750680849,986.9604401089358
R2,44.7,0.9488865501387251,29.321571578333803,4.666673055914652,0.9883063472924943,0.9999996299942686,9615484.488726856,1.5710432874023129e-19,7.853981633974483,125.66370614359172,61.68502750680849,986.9604401089358
R2,44.8,0.9867217208213108,29.280712813242804,4.6601701814817895,0.9883233714601646,0.9999996315715174,9614733.46887309,8.19358411680745e-20,7.853981633974483,125.66370614359172,61.68502750680849,986.9604401089358
R2,44.9,1.0243127719749294,29.239947417538698,4.653682167248384,0.9883403050210802,0.9999996331309468,9613994.359299965,2.1778813449910714e-19,7.853981633974483,125.66370614359172,61.68502750680849,986.9604401089358
R2,45.0,1.0616616355217836,29.199275320629674,4.6472090019794,0.9883571486505544,0.9999996346777175,9613267.054130025,1.9863590043757248e-19,7.853981633974483,125.66370614359172,61.68502750680849,986.9604401089358
R2,45.1,1.098770224399442,29.158696447659416,4.640750673761085,0.9883739030598409,0.9999996362200445,9612551.448897183,2.3440168897183762e-19,7.853981633974483,125.66370614359172,61.68502750680849,986.9604401089358
R2,45.2,1.1356404327858354,29.118210719611156,4.6343071700175305,0.9883905688731065,0.9999996377411897,9611847.440621294,3.5799486089603196e-20,7.853981633974483,125.66370614359172,61.68502750680849,986.9604401089358
R2,45.3,1.172274136320824,29.077818053409214,4.6278784775268305,0.988407146836806,0.9999996392559997,9611154.926792955,1.4294030981821178e-19,7.853981633974483,125.66370614359172,61.68502750680849,986.9604401089358
R2,45.4,1.208673192324791,29.037518362018258,4.621464582436881,0.9884236374326493,0.9999996407538642,9610473.806286704,1.7666322968137856e-19,7.853981633974483,125.66370614359172,61.68502750680849,986.9604401089358
R2,45.5,1.2448394400142735,28.99731155454099,4.61506547028093,0.9884400415347453,0.9999996422448812,9609803.979062011,4.50702810045601e-19,7.853981633974483,125.66370614359172,61.68502750680849,986.9604401089358
R2,45.6,1.280774700714345,28.957197536312904,4.608681125992653,0.988456359848659,0.999999643724355,9609145.345997408,1.4431983671824863e-19,7.853981633974483,125.66370614359172,61.68502750680849,986.9604401089358
R2,45.7,1.3164807780685872,28.917176208996025,4.602311533921072,0.9884725927545414,0.9999996451870133,9608497.808959639,5.089664183588416e-20,7.853981633974483,125.66370614359172,61.68502750680849,986.9604401089358
R2,45.8,1.3519594582456815,28.877247470670035,4.595956677845068,0.9884887411094498,0.9999996466481996,9607861.271001363,1.4510277958830932e-19,7.853981633974483,125.66370614359172,61.68502750680849,986.9604401089358
R2,45.9,1.3872125101433845,28.837411215921556,4.5896165409875795,0.9885048053047253,0.9999996480847754,9607235.63567933,1.0775016318614126e-19,7.853981633974483,125.66370614359172,61.68502750680849,986.9604401089358
R2,46.0,1.42224168558976,28.79766733593207,4.583291106029602,0.9885207861779488,0.9999996495224133,9606620.808714736,1.4427027892611478e-19,7.853981633974483,125.66370614359172,61.68502750680849,986.9604401089358
R2,46.1,1.4570487195415376,28.75801571856316,4.576980355123752,0.9885366842792376,0.9999996509428527,9606016.69520418,1.1202097910942505e-19,7.853981633974483,125.66370614359172,61.68502750680849,986.9604401089358
R2,46.2,1.4916353302797833,28.7184562484408,4.570684269907681,0.9885525003251662,0.9999996523581247,9605423.202175058,1.7127871622959294e-19,7.853981633974483,125.66370614359172,61.68502750680849,986.9604401089358
R2,46.3,1.5260032196030775,28.678988807037157,4.564402831517103,0.9885682346350873,0.9999996537543281,9604840.237975096,1.6258767549347325e-19,7.853981633974483,125.66370614359172,61.68502750680849,986.9604401089358
R2,46.4,1.5601540730178858,28.63961327275131,4.558136020598625,0.9885838880567334,0.9999996551429142,9604267.7107244,2.0857409418691772e-19,7.853981633974483,125.66370614359172,61.68502750680849,986.9604401089358
R2,46.5,1.5940895599264056,28.600329520987845,4.551883817322275,0.9885994611519336,0.9999996565267583,9603705.530562468,1.755534648115798e-19,7.853981633974483,125.66370614359172,61.68502750680849,986.9604401089358
R2,46.6,1.6278113338117046,28.561137424233955,4.545646201393757,0.9886149542925056,0.9999996578883866,9603153.607794935,2.1533899903916243e-19,7.853981633974483,125.66370614359172,61.68502750680849,986.9604401089358
R2,46.7,1.6613210324210892,28.52203685213493,4.539423152066477,0.9886303683752801,0.9999996592526016,9602611.854110051,2.880845930050449e-19,7.853981633974483,125.66370614359172,61.68502750680849,986.9604401089358
R2,46.8,1.6946202779457065,28.483027671568234,4.533214648153322,0.9886457038205273,0.9999996606017637,9602080.181617904,6.939293935406213e-20,7.853981633974483,125.66370614359172,61.68502750680849,986.9604401089358
R2,46.9,1.727710677199012,28.444109746715487,4.527020668038129,0.9886609612671284,0.9999996619441364,9601558.504020574,2.1492249622092878e-19,7.853981633974483,125.66370614359172,61.68502750680849,986.9604401089358
R2,47.0,1.7605938217922341,28.405282939133848,4.520841189687033,0.9886761410996431,0.9999996632674424,9601046.735285804,9.625504650749391e-20,7.853981633974483,125.66370614359172,61.68502750680849,986.9604401089358
R2,47.1,1.793271288307337,28.366547107824932,4.514676190659445,0.9886912439830504,0.9999996645837388,9600544.7901164,1.35593007464115e-19,7.853981633974483,125.66370614359172,61.68502750680849,986.9604401089358
R2,47.2,1.825744638468209,28.327902109303004,4.508525648118901,0.9887062706359129,0.999999665900244,9600052.584820518,3.853734472524675e-19,7.853981633974483,125.66370614359172,61.68502750680849,986.9604401089358
R2,47.3,1.8580154193090852,28.289347797661375,4.502389538843631,0.9887212211846357,0.9999996671944107,9599570.035868606,1.9280772935974838e-19,7.853981633974483,125.66370614359172,61.68502750680849,986.9604401089358
R2,47.4,1.8900851633408822,28.250884024637614,4.496267839236935,0.9887360965113562,0.9999996684865056,9599097.061035037,8.67811382278972e-20,7.853981633974483,125.66370614359172,61.68502750680849,986.9604401089358
R2,47.5,1.9219553887154914,28.21251063967732,4.490160525337336,0.9887508972621176,0.9999996697703467,9598633.5785475,1.7291421082014275e-19,7.853981633974483,125.66370614359172,61.68502750680849,986.9604401089358
R2,47.6,1.9536275993876362,28.174227489996426,4.484067572828494,0.9887656236236584,0.9999996710375428,9598179.507436324,2.2849304055298654e-19,7.853981633974483,125.66370614359172,61.68502750680849,986.9604401089358
R2,47.7,1.9851032852748713,28.136034420642627,4.477988957048986,0.9887802761939511,0.9999996723002686,9597734.767893363,8.376868115078423e-20,7.853981633974483,125.66370614359172,61.68502750680849,986.9604401089358
R2,47.8,2.0163839224151774,28.097931274554995,4.471924653001786,0.9887948557388513,0.9999996735541166,9597299.280644998,1.193324605857032e-19,7.853981633974483,125.66370614359172,61.68502750680849,986.9604401089358
R2,47.9,2.047470973122576,28.059917892622646,4.465874635363613,0.9888093625718323,0.9999996748001574,9596872.967368552,7.572846562698123e-20,7.853981633974483,125.66370614359172,61.68502750680849,986.9604401089358
R2,48.0,2.0783658861408965,28.021994113742252,4.459838878494074,0.9888237972088911,0.9999996760340906,9596455.750123682,1.652474150869078e-19,7.853981633974483,125.66370614359172,61.68502750680849,986.9604401089358
R2,48.1,2.1090700967952007,27.98415977487422,4.453817356444613,0.988838160176739,0.9999996772605545,9596047.5520363,1.210411204820887e-19,7.853981633974483,125.66370614359172,61.68502750680849,986.9604401089358
R2,48.2,2.1395850271415697,27.94641471109764,4.447810042967252,0.9888524520257662,0.9999996784792485,9595648.297176512,1.7006107166075435e-19,7.853981633974483,125.66370614359172,61.68502750680849,986.9604401089358
R2,48.3,2.169912086114624,27.90875875566429,4.441816911523186,0.9888666732884666,0.9999996796917635,9595257.910175528,8.702799193797124e-20,7.853981633974483,125.66370614359172,61.68502750680849,986.9604401089358
R2,48.4,2.2000526696733025,27.871191740051344,4.435837935291175,0.9888808242587025,0.9999996808879846,9594876.316208115,2.0129207855816661e-19,7.853981633974483,125.66370614359172,61.68502750680849,986.9604401089358
R2,48.5,2.2300081609445406,27.833713494013132,4.429873087175779,0.9888949055141476,0.9999996820785602,9594503.441254666,8.877544539332185e-20,7.853981633974483,125.66370614359172,61.68502750680849,986.9604401089358
R2,48.6,2.2597799303655193,27.796323845631612,4.423922339815393,0.9889089176292933,0.999999683266992,9594139.212436821,3.8212311951002643e-19,7.853981633974483,125.66370614359172,61.68502750680849,986.9604401089358
R2,48.7,2.289369335823679,27.759022621366107,4.417985665590158,0.9889228610071282,0.999999684438015,9593783.55682069,1.9832144095749193e-19,7.853981633974483,125.66370614359172,61.68502750680849,986.9604401089358
R2,48.8,2.3187777227948407,27.72180964610146,4.412063036629633,0.9889367360692086,0.999999685606625,9593436.403153906,1.1267788183788083e-19,7.853981633974483,125.66370614359172,61.68502750680849,986.9604401089358
R2,48.9,2.348006424479865,27.684684743196044,4.406154424820429,0.9889505433816701,0.9999996867647295,9593097.679808386,1.4734301945538692e-19,7.853981633974483,125.66370614359172,61.68502750680849,986.9604401089358
R2,49.0,2.377056761939567,27.647647734527908,4.400259801813559,0.9889642833673563,0.9999996879172947,9592767.316873467,5.959908356187283e-20,7.853981633974483,125.66370614359172,61.68502750680849,986.9604401089358
R2,49.1,2.4059300442274414,27.610698440540414,4.394379139031693,0.9889779564167338,0.9999996890565994,9592445.244204102,2.03639984217518e-19,7.853981633974483,125.66370614359172,61.68502750680849,986.9604401089358
R2,49.2,2.434627568521215,27.573836680286863,4.388512407676272,0.988991563176161,0.9999996902010335,9592131.393000245,1.322440478882705e-19,7.853981633974483,125.66370614359172,61.68502750680849,986.9604401089358
R2,49.3,2.4631506202523736,27.53706227147426,4.382659578734464,0.9890051038920563,0.9999996913182653,9591825.695025317,1.525363090176993e-19,7.853981633974483,125.66370614359172,61.68502750680849,986.9604401089358
R2,49.4,2.491500473234173,27.50037503050588,4.376820622985942,0.989018579132018,0.9999996924435638,9591528.08221679,2.3878163312330218e-20,7.853981633974483,125.66370614359172,61.68502750680849,986.9604401089358
R2,49.5,2.5196783897879618,27.463774772523244,4.370995511009568,0.9890319892690628,0.9999996935556122,9591238.487489378,6.093802371021049e-20,7.853981633974483,125.66370614359172,61.68502750680849,986.9604401089358
R2,49.6,2.547685620867917,27.42726131144712,4.365184213189909,0.9890453348955153,0.9999996946622348,9590956.844556497,1.2084097898951445e-19,7.853981633974483,125.66370614359172,61.68502750680849,986.9604401089358
R2,49.7,2.5755234061842445,27.39083446001774,4.3593866997236494,0.9890586162035178,0.9999996957544348,9590683.087941706,7.07335425254104e-20,7.853981633974483,125.66370614359172,61.68502750680849,986.9604401089358
R2,49.8,2.603192974324694,27.35449402983381,4.353602940625791,0.9890718337143147,0.9999996968410761,9590417.15198501,1.897550122717139e-19,7.853981633974483,125.66370614359172,61.68502750680849,986.9604401089358
R2,49.9,2.6306955428746432,27.318239831391388,4.347832905735845,0.9890849878332921,0.9999996979300277,9590158.972387547,2.1866620494554363e-19,7.853981633974483,125.66370614359172,61.68502750680849,986.9604401089358
R2,50.0,2.658032318535532,27.282071674121344,4.342076564723793,0.9890980793087552,0.9999996990082931,9589908.485105995,7.17510954217972e-20,7.853981633974483,125.66370614359172,61.68502750680849,986.9604401089358
R3,40.0,-1.5909550444880656,30.247326651879128,4.814011551961792,0.9884929320398624,1.0,9964008.144814072,1.6385504073841849e-15,7.853981633974483,125.66370614359172,61.68502750680849,986.9604401089358
R3,40.1,-1.5385045414189564,30.207342413385614,4.807647862759784,0.988514754204219,0.9999992223479179,9961207.745738849,6.589268396840659e-19,7.853981633974483,125.66370614359172,61.68502750680849,986.9604401089358
R3,40.2,-1.4864149515740142,30.167405725725523,4.8012917415079635,0.9885364425583133,0.9999992283751961,9958437.928524133,7.726777511033224e-19,7.853981633974483,125.66370614359172,61.68502750680849,986.9604401089358
R3,40.3,-1.4346831545501721,30.12751736403688,4.794943311573379,0.9885579983763817,0.9999992343281718,9955698.359985381,6.39898795606502e-19,7.853981633974483,125.66370614359172,61.68502750680849,986.9604401089358
R3,40.4,-1.3833060639460082,30.087678083543146,4.788602693153576,0.9885794229732905,0.9999992402081963,9952988.711013684,3.258558084220928e-19,7.853981633974483,125.66370614359172,61.68502750680849,986.9604401089358
R3,40.5,-1.3322806265907716,30.047888620050074,4.782270003355679,0.9886007176609937,0.9999992460164252,9950308.657860965,4.07598884377895e-19,7.853981633974483,125.66370614359172,61.68502750680849,986.9604401089358
R3,40.6,-1.2816038221133277,30.00814969035335,4.775945356261264,0.9886218837255019,0.9999992517541464,9947657.880603146,4.137349758295908e-19,7.853981633974483,125.66370614359172,61.68502750680849,986.9604401089358
R3,40.7,-1.2312726625160297,29.96846199263945,4.76962886299016,0.9886429225253803,0.9999992574224177,9945036.063255068,7.403995930716424e-19,7.853981633974483,125.66370614359172,61.68502750680849,986.9604401089358
R3,40.8,-1.1812841917574974,29.928826206875662,4.763320631762522,0.9886638351915034,0.999999263022472,9942442.895439636,7.090832200612943e-19,7.853981633974483,125.66370614359172,61.68502750680849,986.9604401089358
R3,40.9,-1.1316354853393529,29.889242995193445,4.757020767959844,0.9886846230101118,0.9999992685553359,9939878.069762353,3.6630060783542363e-19,7.853981633974483,125.66370614359172,61.68502750680849,986.9604401089358
R3,41.0,-1.0823236499007198,29.849713002262153,4.750729374184441,0.9887052872142202,0.9999992740221385,9937341.283655839,7.129689953083048e-19,7.853981633974483,125.66370614359172,61.68502750680849,986.9604401089358
R3,41.1,-1.0333458228175436,29.81023685565441,4.7444465503175985,0.9887258290114218,0.9999992794240258,9934832.238219481,4.988385179148473e-19,7.853981633974483,125.66370614359172,61.68502750680849,986.9604401089358
R3,41.2,-0.9846991718102113,29.770815166204596,4.738172393576627,0.9887462496159695,0.9999992847619124,9932350.639532207,2.8633124873282513e-19,7.853981633974483,125.66370614359172,61.68502750680849,986.9604401089358
R3,41.3,-0.936380894553504,29.731448528358552,4.731906998570521,0.9887665501013849,0.9999992900369491,9929896.19616731,1.9131168486980384e-19,7.853981633974483,125.66370614359172,61.68502750680849,986.9604401089358
R3,41.4,-0.8883882182964297,29.692137520515892,4.725650457354437,0.9887867317265995,0.99999929525006,9927468.621388596,5.958759365464278e-19,7.853981633974483,125.66370614359172,61.68502750680849,986.9604401089358
R3,41.5,-0.8407183994844275,29.652882705365123,4.719402859483034,0.988806795606158,0.9999993004021608,9925067.632492898,6.369249328948805e-19,7.853981633974483,125.66370614359172,61.68502750680849,986.9604401089358
R3,41.6,-0.7933687233895508,29.613684630211228,4.713164292062603,0.9888267428758053,0.9999993054944796,9922692.949874297,7.178339544662445e-20,7.853981633974483,125.66370614359172,61.68502750680849,986.9604401089358
R3,41.7,-0.7463365037436773,29.57454382729578,4.706934839802025,0.9888465746061583,0.9999993105276497,9920344.298392028,2.1066029405743013e-19,7.853981633974483,125.66370614359172,61.68502750680849,986.9604401089358
R3,41.8,-0.6996190823804256,29.53546081411134,4.700714585062795,0.9888662919547706,0.9999993155028714,9918021.40591741,1.2433301303004857e-19,7.853981633974483,125.66370614359172,61.68502750680849,986.9604401089358
R3,41.9,-0.6532138288794311,29.496436093708,4.694503607907825,0.9888858959055336,0.9999993204208557,9915724.003970172,1.0946800892110834e-18,7.853981633974483,125.66370614359172,61.68502750680849,986.9604401089358
R3,42.0,-0.6071181402175141,29.457470154993075,4.688301986149129,0.9889053876848454,0.9999993252825766,9913451.828245174,1.0650225418128371e-19,7.853981633974483,125.66370614359172,61.68502750680849,986.9604401089358
R3,42.1,-0.56132944042421,29.418563473026268,4.6821097953948065,0.9889247681806788,0.9999993300888996,9911204.616903577,3.4321418484605177e-19,7.853981633974483,125.66370614359172,61.68502750680849,986.9604401089358
R3,42.2,-0.5158451802429129,29.379716509305684,4.675927109094564,0.9889440385729508,0.9999993348406969,9908982.112137074,2.1243204360886647e-19,7.853981633974483,125.66370614359172,61.68502750680849,986.9604401089358
R3,42.3,-0.4706628367967959,29.340929712050116,4.669753998584637,0.9889631998509564,0.999999339538771,9906784.059511108,8.897443287291006e-19,7.853981633974483,125.66370614359172,61.68502750680849,986.9604401089358
R3,42.4,-0.4257799132595064,29.302203516474357,4.663590533131612,0.9889822529903551,0.9999993441840349,9904610.207459876,4.392663118930935e-19,7.853981633974483,125.66370614359172,61.68502750680849,986.9604401089358
R3,42.5,-0.38119393853075934,29.263538345057835,4.657436779975177,0.9890011990340988,0.9999993487771736,9902460.308265584,4.803195651068933e-19,7.853981633974483,125.66370614359172,61.68502750680849,986.9604401089358
R3,42.6,-0.33690246691673653,29.22493460781014,4.651292804370386,0.9890200389131838,0.9999993533190827,9900334.11676222,7.71549686712961e-19,7.853981633974483,125.66370614359172,61.68502750680849,986.9604401089358
R3,42.7,-0.2929030778152314,29.18639270252694,4.645158669628385,0.9890387737153975,0.9999993578104599,9898231.391096683,7.990326110803738e-19,7.853981633974483,125.66370614359172,61.68502750680849,986.9604401089358
R3,42.8,-0.24919337540507658,29.147913015044562,4.6390344371569325,0.9890574043014184,0.9999993622521761,9896151.893021252,5.492747134530808e-19,7.853981633974483,125.66370614359172,61.68502750680849,986.9604401089358
R3,42.9,-0.20577098833991816,29.109495919486303,4.632920166499602,0.9890759317025989,0.9999993666448176,9894095.386793835,1.3174447489771278e-19,7.853981633974483,125.66370614359172,61.68502750680849,986.9604401089358
R3,43.0,-0.16263356944748092,29.07114177850477,4.6268159153743476,0.9890943568341947,0.9999993709893221,9892061.63979971,5.018708246078246e-19,7.853981633974483,125.66370614359172,61.68502750680849,986.9604401089358
R3,43.1,-0.11977879543161535,29.032850943519428,4.620721739711315,0.9891126806335988,0.9999993752862445,9890050.42247469,5.819585106379632e-19,7.853981633974483,125.66370614359172,61.68502750680849,986.9604401089358
R3,43.2,-0.07720436658031542,28.994623754947746,4.614637693689625,0.9891309040059267,0.9999993795363674,9888061.507695433,6.528347422530586e-19,7.853981633974483,125.66370614359172,61.68502750680849,986.9604401089358
R3,43.3,-0.03490800647604506,28.95646054243288,4.608563829773618,0.9891490278762777,0.9999993837403776,9886094.671967188,5.246709091691453e-19,7.853981633974483,125.66370614359172,61.68502750680849,986.9604401089358
R3,43.4,0.007112538287798304,28.91836162506643,4.602500198748298,0.9891670531145459,0.9999993878989415,9884149.69417972,6.237380224723478e-19,7.853981633974483,125.66370614359172,61.68502750680849,986.9604401089358
R3,43.5,0.04885949550666476,28.880327311470737,4.596446849732436,0.9891849806654771,0.9999993920139325,9882226.356585091,1.5267395138761163e-14,7.853981633974483,125.66370614359172,61.68502750680849,986.9604401089358
R3,43.6,0.09033507925318894,28.842357900557896,4.59040383029937,0.9892028113198315,0.9999993960823886,9880324.441913553,1.4844215781436302e-14,7.853981633974483,125.66370614359172,61.68502750680849,986.9604401089358
R3,43.7,0.13154147259826524,28.804453680910655,4.584371186378471,0.9892205459862301,0.9999994001086152,9878443.738857197,1.4433348230914668e-14,7.853981633974483,125.66370614359172,61.68502750680849,986.9604401089358
R3,43.8,0.17248083967112296,28.766614931545305,4.57834896237656,0.9892381855185448,0.9999994040920065,9876584.036178418,1.4034793002799714e-14,7.853981633974483,125.66370614359172,61.68502750680849,986.9604401089358
R3,43.9,0.2131553229533011,28.728841921970776,4.572337201187316,0.9892557307610963,0.9999994080331485,9874745.126796577,1.3648105507541356e-14,7.853981633974483,125.66370614359172,61.68502750680849,986.9604401089358
R3,44.0,0.2535670435399277,28.691134912384516,4.566335944222449,0.9892731825470195,0.9999994119327523,9872926.805374365,1.3272054413316864e-14,7.853981633974483,125.66370614359172,61.68502750680849,986.9604401089358
R3,44.1,0.29371810139628785,28.653494153864703,4.560345231442293,0.9892905417023137,0.9999994157912665,9871128.869310683,1.2907283665914207e-14,7.853981633974483,125.66370614359172,61.68502750680849,986.9604401089358
R3,44.2,0.33361057561232804,28.615919888557137,4.554365101385547,0.9893078090386236,0.9999994196094818,9869351.118733939,1.2553299561460453e-14,7.853981633974483,125.66370614359172,61.68502750680849,986.9604401089358
R3,44.3,0.3732465246521365,28.57841234986183,4.548395591198978,0.9893249853623987,0.9999994233877344,9867593.355950447,1.2208937327818847e-14,7.853981633974483,125.66370614359172,61.68502750680849,986.9604401089358
R3,44.4,0.41262798660132743,28.540971762610297,4.542436736665634,0.9893420714686184,0.9999994271267515,9865855.385425996,1.1874803995931479e-14,7.853981633974483,125.66370614359172,61.68502750680849,986.9604401089358
R3,44.5,0.45175697940950377,28.50359834324472,4.536488572233356,0.9893590681422018,0.9999994308270995,9864137.014522148,1.1551149691622624e-14,7.853981633974483,125.66370614359172,61.68502750680849,986.9604401089358
R3,44.6,0.4906355011305351,28.466292299989686,4.530551131042117,0.9893759761600751,0.9999994344892185,9862438.052665252,1.1236731525625037e-14,7.853981633974483,125.66370614359172,61.68502750680849,986.9604401089358
R3,44.7,0.5292655301587397,28.429053833021623,4.524624444950986,0.9893927962887877,0.9999994381137635,9860758.311617764,1.0930731816632222e-14,7.853981633974483,125.66370614359172,61.68502750680849,986.9604401089358
R3,44.8,0.5676490254621063,28.391883134635965,4.51870854456473,0.9894095292876713,0.9999994417011215,9859097.605648028,1.0633762974121281e-14,7.853981633974483,125.66370614359172,61.68502750680849,986.9604401089358
R3,44.9,0.6057879268121183,28.354780389408155,4.512803459259445,0.989426175905246,0.9999994452520019,9857455.750818944,1.0344977662002085e-14,7.853981633974483,125.66370614359172,61.68502750680849,986.9604401089358
R3,45.0,0.6436841550104516,28.317745774354066,4.506909217208081,0.9894427368832165,0.9999994487666832,9855832.565733045,1.0064841073131629e-14,7.853981633974483,125.66370614359172,61.68502750680849,986.9604401089358
R3,45.1,0.6813396121126378,28.280779459085924,4.5010258454052625,0.9894592129540194,0.9999994522458686,9854227.871115193,9.793377040741396e-15,7.853981633974483,125.66370614359172,61.68502750680849,986.9604401089358
R3,45.2,0.7187561816485643,28.243881605964834,4.495153369691563,0.9894756048404818,0.9999994556899706,9852641.489539647,9.529992599720244e-15,7.853981633974483,125.66370614359172,61.68502750680849,986.9604401089358
R3,45.3,0.7559357288400196,28.20705237025093,4.489291814777399,0.9894919132583851,0.999999459099464,9851073.246030655,9.2720904415718e-15,7.853981633974483,125.66370614359172,61.68502750680849,986.9604401089358
R3,45.4,0.7928801008144839,28.17029190024962,4.483441204266309,0.9895081389148217,0.9999994624747822,9849522.967449136,9.02320157755844e-15,7.853981633974483,125.66370614359172,61.68502750680849,986.9604401089358
R3,45.5,0.8295911268175562,28.133600337456265,4.4776015606779795,0.9895242825094259,0.9999994658164847,9847990.482943652,8.780634801326038e-15,7.853981633974483,125.66370614359172,61.68502750680849,986.9604401089358
R3,45.6,0.8660706184208403,28.096977816696157,4.471772905470523,0.9895403447331227,0.9999994691249856,9846475.623646053,8.545775422508949e-15,7.853981633974483,125.66370614359172,61.68502750680849,986.9604401089358
R3,45.7,0.9023203697282188,28.060424466262962,4.465955259062509,0.9895563262700732,0.999999472400706,9844978.222653512,8.317415454544327e-15,7.853981633974483,125.66370614359172,61.68502750680849,986.9604401089358
R3,45.8,0.9383421575783745,28.023940408054035,4.460148640854507,0.9895722277951988,0.9999994756441494,9843498.114537787,8.094984381329898e-15,7.853981633974483,125.66370614359172,61.68502750680849,986.9604401089358
R3,45.9,0.974137741745163,27.987525757702706,4.454353069250129,0.9895880499766783,0.9999994788557207,9842035.136458004,7.879648724366723e-15,7.853981633974483,125.66370614359172,61.68502750680849,986.9604401089358
R3,46.0,1.009708865135159,27.951180624708464,4.448568561676764,0.9896037934749056,0.9999994820358202,9840589.12720752,7.669873144149313e-15,7.853981633974483,125.66370614359172,61.68502750680849,986.9604401089358
R3,46.1,1.0450572539822567,27.91490511256397,4.4427951346057775,0.9896194589431877,0.9999994851849209,9839159.92771989,7.46583031091886e-15,7.853981633974483,125.66370614359172,61.68502750680849,986.9604401089358
R3,46.2,1.0801846180399974,27.878699318879814,4.437032803572378,0.9896350470275793,0.9999994883033936,9837747.380273173,7.267341147233554e-15,7.853981633974483,125.66370614359172,61.68502750680849,986.9604401089358
R3,46.3,1.1150926507706844,27.8425633355069,4.4312815831950925,0.9896505583666629,0.9999994913916702,9836351.329321926,7.0754002751584085e-15,7.853981633974483,125.66370614359172,61.68502750680849,986.9604401089358
R3,46.4,1.1497830295330798,27.806497248656058,4.425541487194799,0.9896659935920716,0.9999994944501629,9834971.621087348,6.88841054692057e-15,7.853981633974483,125.66370614359172,61.68502750680849,986.9604401089358
R3,46.5,1.184257415766525,27.77050113901565,4.41981252841345,0.9896813533275179,0.9999994974792111,9833608.103232415,6.7062809008127646e-15,7.853981633974483,125.66370614359172,61.68502750680849,986.9604401089358
R3,46.6,1.2185174551725424,27.734575081866158,4.414094718832307,0.9896966381920095,0.9999995004792348,9832260.625573432,6.529381231942439e-15,7.853981633974483,125.66370614359172,61.68502750680849,986.9604401089358
R3,46.7,1.252564777894902,27.698719147193653,4.408388069589998,0.9897118487960919,0.9999995034506485,9830929.039808527,6.358257924047764e-15,7.853981633974483,125.66370614359172,61.68502750680849,986.9604401089358
R3,46.8,1.286400998696912,27.662933399799364,4.402692590999958,0.9897269857434483,0.9999995063937687,9829613.198640885,6.191552954926476e-15,7.853981633974483,125.66370614359172,61.68502750680849,986.9604401089358
R3,46.9,1.3200277171357655,27.62721789940945,4.397008292567904,0.989742049631912,0.99999950930902,9828312.956730071,6.029502634350504e-15,7.853981633974483,125.66370614359172,61.68502750680849,986.9604401089358
R3,47.0,1.3534465177351043,27.591572700779412,4.39133518300844,0.9897570410530165,0.999999512196694,9827028.170998605,5.8711415401543816e-15,7.853981633974483,125.66370614359172,61.68502750680849,986.9604401089358
R3,47.1,1.3866589701553476,27.55599785379958,4.385673270261862,0.9897719605908695,0.9999995150572246,9825758.69926072,5.717483051144171e-15,7.853981633974483,125.66370614359172,61.68502750680849,986.9604401089358
R3,47.2,1.419666629361498,27.5204934035964,4.380022561510266,0.9897868088236811,0.9999995178908557,9824504.4009889,5.56931528166188e-15,7.853981633974483,125.66370614359172,61.68502750680849,986.9604401089358
R3,47.3,1.4524710357890156,27.485059390632806,4.374383063193528,0.9898015863246367,0.9999995206980946,9823265.137669617,5.423935051460727e-15,7.853981633974483,125.66370614359172,61.68502750680849,986.9604401089358
R3,47.4,1.4850737155069593,27.449695850805686,4.368754781024815,0.9898162936591755,0.9999995234790925,9822040.771777991,5.283661580553077e-15,7.853981633974483,125.66370614359172,61.68502750680849,986.9604401089358
R3,47.5,1.5174761803797305,27.41440281554327,4.363137720006084,0.9898309313861264,0.9999995262343494,9820831.1680698,5.1459736383087465e-15,7.853981633974483,125.66370614359172,61.68502750680849,986.9604401089358
R3,47.6,1.5496799282260232,27.379180311897446,4.357531884442779,0.9898455000616803,0.9999995289640449,9819636.191929368,5.012701363503722e-15,7.853981633974483,125.66370614359172,61.68502750680849,986.9604401089358
R3,47.7,1.5816864429757735,27.344028362637946,4.351937277958815,0.989860000231584,0.9999995316686352,9818455.711032733,4.88327151794315e-15,7.853981633974483,125.66370614359172,61.68502750680849,986.9604401089358
R3,47.8,1.6134971948259933,27.308946986341684,4.346353903510797,0.9898744324388887,0.9999995343483601,9817289.594088683,4.7572653391367725e-15,7.853981633974483,125.66370614359172,61.68502750680849,986.9604401089358
R3,47.9,1.645113640392871,27.273936197481753,4.340781763402193,0.9898887972204601,0.9999995370035514,9816137.711505413,4.635358636256459e-15,7.853981633974483,125.66370614359172,61.68502750680849,986.9604401089358
R3,48.0,1.6765372228635715,27.23899600651513,4.33522085929728,0.989903095106237,0.9999995396345228,9814999.93462287,4.51600109307049e-15,7.853981633974483,125.66370614359172,61.68502750680849,986.9604401089358
R3,48.1,1.7077693721446567,27.204126419967103,4.329671192234591,0.9899173266215426,0.9999995422415526,9813876.136799857,4.400356796081859e-15,7.853981633974483,125.66370614359172,61.68502750680849,986.9604401089358
R3,48.2,1.7388115050097166,27.169327440515506,4.324132762640316,0.989931492286642,0.9999995448249682,9812766.192956489,4.287676729809652e-15,7.853981633974483,125.66370614359172,61.68502750680849,986.9604401089358
R3,48.3,1.769665025244456,27.13459906707258,4.318605570341333,0.9899455926152686,0.9999995473850686,9811669.978041027,4.177668858276286e-15,7.853981633974483,125.66370614359172,61.68502750680849,986.9604401089358
R3,48.4,1.8003313237897411,27.099941294864887,4.313089614577926,0.9899596281164614,0.9999995499220616,9810587.370210154,4.071303437091303e-15,7.853981633974483,125.66370614359172,61.68502750680849,986.9604401089358
R3,48.5,1.8308117788835199,27.065354115513433,4.307584894016536,0.989973599292703,0.9999995524363823,9809518.247868586,3.967423613414159e-15,7.853981633974483,125.66370614359172,61.68502750680849,986.9604401089358
R3,48.6,1.86110775620035,27.030837517109568,4.302091406761843,0.9899875066439607,0.9999995549281924,9808462.490541132,3.865922587721156e-15,7.853981633974483,125.66370614359172,61.68502750680849,986.9604401089358
R3,48.7,1.8912206089888932,26.9963914842915,4.296609150368941,0.9900013506626558,0.9999995573977877,9807419.979772465,3.76840508886832e-15,7.853981633974483,125.66370614359172,61.68502750680849,986.9604401089358
R3,48.8,1.921151678208533,26.962015998319085,4.291138121855246,0.9900151318362436,0.9999995598454148,9806390.598145958,3.673216431392187e-15,7.853981633974483,125.66370614359172,61.68502750680849,986.9604401089358
R3,48.9,1.9509022926635866,26.927711037145635,4.285678317711915,0.9900288506493782,0.9999995622714571,9805374.229214052,3.579780131188449e-15,7.853981633974483,125.66370614359172,61.68502750680849,986.9604401089358
R3,49.0,1.980473769135334,26.893476575489977,4.280229733915328,0.9900425075781853,0.9999995646760217,9804370.758299587,3.4898434481449467e-15,7.853981633974483,125.66370614359172,61.68502750680849,986.9604401089358
R3,49.1,2.009867412514021,26.859312584906938,4.274792365938292,0.9900561030966242,0.9999995670595148,9803380.071599461,3.4017545505324173e-15,7.853981633974483,125.66370614359172,61.68502750680849,986.9604401089358
R3,49.2,2.03908451592699,26.82521903385546,4.269366208760894,0.9900696376740075,0.9999995694220493,9802402.056551296,3.3162074506379486e-15,7.853981633974483,125.66370614359172,61.68502750680849,986.9604401089358
R3,49.3,2.068126360867093,26.791195887766033,4.2639512568812235,0.9900831117735928,0.9999995717639764,9801436.60182575,3.233012803664422e-15,7.853981633974483,125.66370614359172,61.68502750680849,986.9604401089358
R3,49.4,2.0969942173181266,26.75724310910735,4.258547504325989,0.9900965258519752,0.9999995740855518,9800483.597468603,3.1525752110437976e-15,7.853981633974483,125.66370614359172,61.68502750680849,986.9604401089358
R3,49.5,2.1256893438798445,26.72336065745051,4.25315494466073,0.9901098803663773,0.9999995763869003,9799542.934436835,3.073411486805033e-15,7.853981633974483,125.66370614359172,61.68502750680849,986.9604401089358
R3,49.6,2.154212987889979,26.689548489533152,4.24777357100003,0.9901231757656654,0.9999995786684037,9798614.50496855,2.9971579340294774e-15,7.853981633974483,125.66370614359172,61.68502750680849,986.9604401089358
R3,49.7,2.1825663855460786,26.65580655932121,4.242403376017338,0.9901364124944845,0.9999995809302278,9797698.2027503,2.92262729874917e-15,7.853981633974483,125.66370614359172,61.68502750680849,986.9604401089358
R3,49.8,2.2107507620251243,26.622134818070556,4.237044351954785,0.9901495909928294,0.9999995831726086,9796793.921842279,2.8497132675015593e-15,7.853981633974483,125.66370614359172,61.68502750680849,986.9604401089358
R3,49.9,2.2387673316014505,26.588533214386754,4.231696490632693,0.9901627116982981,0.9999995853957553,9795901.558279753,2.779165237201274e-15,7.853981633974483,125.66370614359172,61.68502750680849,986.9604401089358
R3,50.0,2.266617297763895,26.555001694284282,4.226359783458999,0.9901757750419349,0.9999995875999663,9795021.008557726,2.7098053799325526e-15,7.853981633974483,125.66370614359172,61.68502750680849,986.9604401089358
R4,40.0,-1.9191416350517365,30.79499660067642,4.901175931495766,0.9743131908260263,1.0,9921460.335345417,7.642264437436561e-16,7.853981633974483,125.66370614359172,61.68502750680849,986.9604401089358
R4,40.1,-1.8650209555038328,30.752045432756223,4.894340040809697,0.9743501331494595,0.9999994371128854,9919243.324638044,7.743402043422729e-15,7.853981633974483,125.66370614359172,61.68502750680849,986.9604401089358
R4,40.2,-1.8112759437579145,30.70916844932353,4.887515956951515,0.9743868352940116,0.9999994407933783,9917049.437590713,7.666502219871072e-15,7.853981633974483,125.66370614359172,61.68502750680849,986.9604401089358
R4,40.3,-1.7579033051990445,30.666366092053035,4.88070375021593,0.9744232994313928,0.9999994444351733,9914878.458052404,7.589490719460695e-15,7.853981633974483,125.66370614359172,61.68502750680849,986.9604401089358
R4,40.4,-1.7048997822831384,30.623638789360047,4.873903488787357,0.9744595277423095,0.9999994480366825,9912730.173283856,7.515700854658553e-15,7.853981633974483,125.66370614359172,61.68502750680849,986.9604401089358
R4,40.5,-1.6522621532113437,30.580986955445887,4.867115238587984,0.9744955218949826,0.9999994516033687,9910604.3724695,7.448127469659449e-15,7.853981633974483,125.66370614359172,61.68502750680849,986.9604401089358
R4,40.6,-1.599987231455248,30.53841099060409,4.860339063326505,0.9745312843256565,0.9999994551296115,9908500.846907709,7.375905588964994e-15,7.853981633974483,125.66370614359172,61.68502750680849,986.9604401089358
R4,40.7,-1.548071865291896,30.49591128151957,4.853575024545736,0.9745668167850949,0.9999994586205587,9906419.390518231,7.299523639341162e-15,7.853981633974483,125.66370614359172,61.68502750680849,986.9604401089358
R4,40.8,-1.4965129373370767,30.453488201564483,4.846823181669701,0.9746021213434922,0.9999994620731826,9904359.7999974,7.227969857898294e-15,7.853981633974483,125.66370614359172,61.68502750680849,986.9604401089358
R4,40.9,-1.4453073640945757,30.4111421110861,4.84008359204945,0.9746371997057974,0.9999994654932325,9902321.873255428,7.15946629852372e-15,7.853981633974483,125.66370614359172,61.68502750680849,986.9604401089358
R4,41.0,-1.39445209551259,30.36887335769078,4.833356311008253,0.9746720539600912,0.9999994688744607,9900305.410995752,7.09240274387131e-15,7.853981633974483,125.66370614359172,61.68502750680849,986.9604401089358
R4,41.1,-1.3439441145361457,30.326682276517534,4.826641391885139,0.974706686077919,0.9999994722229123,9898310.215311665,7.020973286899191e-15,7.853981633974483,125.66370614359172,61.68502750680849,986.9604401089358
R4,41.2,-1.2937804366813204,30.284569190504,4.819938886077232,0.9747410978894573,0.9999994755373217,9896336.092266949,6.9552529583258445e-15,7.853981633974483,125.66370614359172,61.68502750680849,986.9604401089358
R4,41.3,-1.2439581096036372,30.242534410660266,4.813248843083321,0.9747752912140116,0.9999994788157693,9894382.847884756,6.8888063165441115e-15,7.853981633974483,125.66370614359172,61.68502750680849,986.9604401089358
R4,41.4,-1.1944742126815877,30.20057823631627,4.806571310543249,0.9748092679554281,0.9999994820623572,9892450.29163161,6.8231678487388634e-15,7.853981633974483,125.66370614359172,61.68502750680849,986.9604401089358
R4,41.5,-1.145325856602045,30.15870095538334,4.799906334279525,0.9748430299572058,0.9999994852752981,9890538.234644705,6.752662929654449e-15,7.853981633974483,125.66370614359172,61.68502750680849,986.9604401089358
R4,41.6,-1.0965101829530894,30.11690284459256,4.79325395833527,0.9748765788750153,0.9999994884570732,9888646.490088576,6.691426805597517e-15,7.853981633974483,125.66370614359172,61.68502750680849,986.9604401089358
R4,41.7,-1.0480243638224729,30.075184169746024,4.7866142250142,0.9749099164747822,0.9999994916051207,9886774.873602925,6.628058590459713e-15,7.853981633974483,125.66370614359172,61.68502750680849,986.9604401089358
R4,41.8,-0.9998656014073555,30.033545185945965,4.779987174917097,0.9749430446627624,0.999999494722268,9884923.202014005,6.5664739371551905e-15,7.853981633974483,125.66370614359172,61.68502750680849,986.9604401089358
R4,41.9,-0.9520311276191213,29.99198613783088,4.773372846979388,0.9749759651677415,0.9999994978085266,9883091.294701774,6.504013446874432e-15,7.853981633974483,125.66370614359172,61.68502750680849,986.9604401089358
R4,42.0,-0.9045182037057239,29.950507259798844,4.766771278506683,0.9750086797172698,0.9999995008636245,9881278.972634917,6.444485233913189e-15,7.853981633974483,125.66370614359172,61.68502750680849,986.9604401089358
R4,42.1,-0.8573241198736202,29.909108776232834,4.760182505210644,0.975041189788438,0.9999995038891132,9879486.05896477,6.381296714925567e-15,7.853981633974483,125.66370614359172,61.68502750680849,986.9604401089358
R4,42.2,-0.8104461949146066,29.867790901714677,4.753606561243029,0.9750734974124564,0.9999995068833596,9877712.378770338,6.322309245373392e-15,7.853981633974483,125.66370614359172,61.68502750680849,986.9604401089358
R4,42.3,-0.7638817758437183,29.82655384123936,4.747043479229803,0.9751056040082824,0.9999995098491422,9875957.758625321,6.261396922564519e-15,7.853981633974483,125.66370614359172,61.68502750680849,986.9604401089358
R4,42.4,-0.7176282375360225,29.785397790422174,4.740493290304106,0.9751375113409616,0.9999995127848406,9874222.027609268,6.202284606954206e-15,7.853981633974483,125.66370614359172,61.68502750680849,986.9604401089358
R4,42.5,-0.6716829823727299,29.744322935703178,4.733956024138797,0.9751692208561263,0.9999995156935063,9872505.015897,6.143198374552901e-15,7.853981633974483,125.66370614359172,61.68502750680849,986.9604401089358
R4,42.6,-0.6260434398932433,29.703329454544665,4.727431708977875,0.9752007345393653,0.9999995185720031,9870806.55603551,6.081821234719662e-15,7.853981633974483,125.66370614359172,61.68502750680849,986.9604401089358
R4,42.7,-0.5807070664520584,29.66241751562817,4.720920371667841,0.9752320535124716,0.99999952142436,9869126.482174413,6.027335313544361e-15,7.853981633974483,125.66370614359172,61.68502750680849,986.9604401089358
R4,42.8,-0.5356713448760103,29.621587279042572,4.714422037687632,0.9752631798044773,0.9999995242479778,9867464.629884647,5.971254016510186e-15,7.853981633974483,125.66370614359172,61.68502750680849,986.9604401089358
R4,42.9,-0.49093378413289485,29.58083889647567,4.707936731179109,0.975294114755711,0.9999995270434647,9865820.837003915,5.919300507882094e-15,7.853981633974483,125.66370614359172,61.68502750680849,986.9604401089358
R4,43.0,-0.44649191900215174,29.540172511392456,4.701464474975437,0.9753248598184829,0.9999995298138973,9864194.942716181,5.863338407583251e-15,7.853981633974483,125.66370614359172,61.68502750680849,986.9604401089358
R4,43.1,-0.40234330975036925,29.499588259215443,4.695005290629778,0.9753554167602695,0.9999995325572368,9862586.788141623,5.809650064698433e-15,7.853981633974483,125.66370614359172,61.68502750680849,986.9604401089358
R4,43.2,-0.35848554181464004,29.45908626750188,4.688559198443498,0.9753857869211582,0.9999995352741309,9860996.216360133,5.753328562214119e-15,7.853981633974483,125.66370614359172,61.68502750680849,986.9604401089358
R4,43.3,-0.3149162254835955,29.418666656111625,4.682126217492884,0.9754159719904776,0.9999995379658827,9859423.071107253,5.701396224955203e-15,7.853981633974483,125.66370614359172,61.68502750680849,986.9604401089358
R4,43.4,-0.2716329955902486,29.37832953738085,4.675706365656797,0.9754459731617167,0.99999954063069,9857867.198776277,5.6466545140106504e-15,7.853981633974483,125.66370614359172,61.68502750680849,986.9604401089358
R4,43.5,-0.22863351120780606,29.338075016279298,4.6692996596416885,0.9754757921364031,0.9999995432713593,9856328.446752215,5.59213757108688e-15,7.853981633974483,125.66370614359172,61.68502750680849,986.9604401089358
R4,43.6,-0.1859154553435659,29.29790319057729,4.662906115008187,0.9755054302921653,0.999999545886922,9854806.664306121,5.54277499057744e-15,7.853981633974483,125.66370614359172,61.68502750680849,986.9604401089358
R4,43.7,-0.14347653465110652,29.257814151002655,4.656525746196078,0.9755348890334413,0.9999995484792742,9853301.702181078,5.493497412471994e-15,7.853981633974483,125.66370614359172,61.68502750680849,986.9604401089358
R4,43.8,-0.10131447912891149,29.217807981389416,4.650158566547958,0.9755641698747523,0.9999995510448978,9851813.412877895,5.4428112912990476e-15,7.853981633974483,125.66370614359172,61.68502750680849,986.9604401089358
R4,43.9,-0.059427041838938835,29.177884758839227,4.6438045883349375,0.9755932740930418,0.9999995535889669,9850341.649966622,5.3910171715962824e-15,7.853981633974483,125.66370614359172,61.68502750680849,986.9604401089358
R4,44.0,-0.01781199861994574,29.138044553858766,4.6374638227785026,0.9756222032615195,0.9999995561079932,9848886.269321404,5.343272938961721e-15,7.853981633974483,125.66370614359172,61.68502750680849,986.9604401089358
R4,44.1,0.02353285219242489,29.098287430511878,4.631136280074731,0.9756509585150522,0.9999995586047439,9847447.127532652,5.2924426028273966e-15,7.853981633974483,125.66370614359172,61.68502750680849,986.9604401089358
R4,44.2,0.06460969003598303,29.058613446559693,4.624821969416593,0.9756795414633035,0.9999995610776187,9846024.08301346,5.243245070370508e-15,7.853981633974483,125.66370614359172,61.68502750680849,986.9604401089358
R4,44.3,0.10542067240347236,29.019022653597286,4.618520899015698,0.9757079533716408,0.999999563528929,9844616.99521686,5.192019628182683e-15,7.853981633974483,125.66370614359172,61.68502750680849,986.9604401089358
R4,44.4,0.14596793509996858,28.979515097192127,4.612233076124335,0.9757361955812677,0.9999995659565868,9843225.726023078,5.146112267321406e-15,7.853981633974483,125.66370614359172,61.68502750680849,986.9604401089358
R4,44.5,0.18625359251364892,28.940090817018394,4.605958507056846,0.9757642693166059,0.9999995683619873,9841850.138291754,5.101452030358761e-15,7.853981633974483,125.66370614359172,61.68502750680849,986.9604401089358
R4,44.6,0.22627973787293568,28.900749846986276,4.599697197210204,0.9757921759032545,0.999999570746959,9840490.095493106,5.0560574156257174e-15,7.853981633974483,125.66370614359172,61.68502750680849,986.9604401089358
R4,44.7,0.26604844350188467,28.861492215368095,4.59344915108409,0.9758199168509825,0.9999995731098821,9839145.463763794,5.009898822740398e-15,7.853981633974483,125.66370614359172,61.68502750680849,986.9604401089358
R4,44.8,0.3055617610752229,28.82231794492696,4.587214372301364,0.975847493390405,0.9999995754505133,9837816.109722793,4.966455403165488e-15,7.853981633974483,125.66370614359172,61.68502750680849,986.9604401089358
R4,44.9,0.3448217218665636,28.783227053036864,4.580992863627184,0.9758749066882081,0.9999995777706303,9836501.901483348,4.916801102787369e-15,7.853981633974483,125.66370614359172,61.68502750680849,986.9604401089358
R4,45.0,0.3838303369941097,28.74421955180377,4.574784626988275,0.9759021579544603,0.9999995800698711,9835202.70881449,4.874425018640582e-15,7.853981633974483,125.66370614359172,61.68502750680849,986.9604401089358
R4,45.1,0.4225895976611905,28.705295448184874,4.568589663491906,0.9759292483695668,0.9999995823496061,9833918.402889859,4.825704164242573e-15,7.853981633974483,125.66370614359172,61.68502750680849,986.9604401089358
R4,45.2,0.46110147539464835,28.66645474409933,4.562407973443522,0.975956179727878,0.999999584607445,9832648.856010005,4.786731935688089e-15,7.853981633974483,125.66370614359172,61.68502750680849,986.9604401089358
R4,45.3,0.49936792228611787,28.62769743654823,4.556239556365832,0.975982952509559,0.9999995868472167,9831393.94122871,4.7408458231991454e-15,7.853981633974483,125.66370614359172,61.68502750680849,986.9604401089358
R4,45.4,0.5373908712161075,28.58902351771754,4.550084411015193,0.9760095683360133,0.9999995890643638,9830153.533844804,4.695669319614575e-15,7.853981633974483,125.66370614359172,61.68502750680849,986.9604401089358
R4,45.5,0.5751722360850449,28.55043297509156,4.54394253539967,0.9760360283925945,0.9999995912648294,9828927.509821538,4.659697505353671e-15,7.853981633974483,125.66370614359172,61.68502750680849,986.9604401089358
R4,45.6,0.6127139120413535,28.51192579155886,4.537813926795893,0.9760623337836856,0.9999995934439614,9827715.746464007,4.614047265408515e-15,7.853981633974483,125.66370614359172,61.68502750680849,986.9604401089358
R4,45.7,0.6500177757010005,28.47350194551295,4.5316985817650846,0.9760884856988933,0.9999995956053772,9826518.122592013,4.575240038114689e-15,7.853981633974483,125.66370614359172,61.68502750680849,986.9604401089358
R4,45.8,0.6870856853680961,28.435161410956844,4.525596496169695,0.9761144852342026,0.9999995977470758,9825334.51783505,4.5333099024509596e-15,7.853981633974483,125.66370614359172,61.68502750680849,986.9604401089358
R4,45.9,0.7239194812516618,28.396904157603668,4.519507665189418,0.9761403337335556,0.9999995998703665,9824164.81351532,4.491177240918188e-15,7.853981633974483,125.66370614359172,61.68502750680849,986.9604401089358
R4,46.0,0.7605209856767082,28.358730150970235,4.513432083336085,0.9761660322003225,0.9999996019750269,9823008.891422762,4.452291614796964e-15,7.853981633974483,125.66370614359172,61.68502750680849,986.9604401089358
R4,46.1,0.7968920032940403,28.32063935247837,4.507369744469787,0.9761915818408103,0.9999996040622106,9821866.635485431,4.416322238762016e-15,7.853981633974483,125.66370614359172,61.68502750680849,986.9604401089358
R4,46.2,0.8330343212918802,28.282631719543318,4.501320641812951,0.9762169837670649,0.9999996061305578,9820737.929938288,4.372697015933524e-15,7.853981633974483,125.66370614359172,61.68502750680849,986.9604401089358
R4,46.3,0.8689497095953025,28.24470720566948,4.495284767965573,0.9762422391116407,0.999999608182444,9819622.660529697,4.3348312784230284e-15,7.853981633974483,125.66370614359172,61.68502750680849,986.9604401089358
R4,46.4,0.9046399210717496,28.206865760540552,4.489262114919563,0.976267348602125,0.9999996102143955,9818520.714467604,4.294918568120527e-15,7.853981633974483,125.66370614359172,61.68502750680849,986.9604401089358
R4,46.5,0.9401066917260558,28.16910733010343,4.483252674072103,0.9762923138513109,0.9999996122315672,9817431.97936089,4.256255318271524e-15,7.853981633974483,125.66370614359172,61.68502750680849,986.9604401089358
R4,46.6,0.9753517408998614,28.131431856658878,4.477256436240076,0.9763171358150466,0.999999614230552,9816356.344433011,4.219055935272974e-15,7.853981633974483,125.66370614359172,61.68502750680849,986.9604401089358
R4,46.7,1.010376771463446,28.09383927894606,4.471273391673514,0.9763418154149139,0.9999996162124021,9815293.69999986,4.185897211862315e-15,7.853981633974483,125.66370614359172,61.68502750680849,986.9604401089358
R4,46.8,1.0451834700078042,28.056329532222662,4.46530353006836,0.9763663537762464,0.9999996181771058,9814243.937406128,4.150081467629014e-15,7.853981633974483,125.66370614359172,61.68502750680849,986.9604401089358
R4,46.9,1.0797735070302656,28.01890254835101,4.459346840580166,0.9763907519202172,0.9999996201262721,9813206.94897931,4.10916324485486e-15,7.853981633974483,125.66370614359172,61.68502750680849,986.9604401089358
R4,47.0,1.1141485371213424,27.981558255869945,4.453403311835536,0.9764150111679597,0.9999996220588434,9812182.628023565,4.069267902211804e-15,7.853981633974483,125.66370614359172,61.68502750680849,986.9604401089358
R4,47.1,1.1483101991508733,27.944296580080515,4.44747293194576,0.9764391320447425,0.9999996239745794,9811170.869368937,4.040203084407853e-15,7.853981633974483,125.66370614359172,61.68502750680849,986.9604401089358
R4,47.2,1.1822601164427886,27.907117443120267,4.441555688518646,0.9764631159218538,0.9999996258747214,9810171.568269318,4.001627968827074e-15,7.853981633974483,125.66370614359172,61.68502750680849,986.9604401089358
R4,47.3,1.2159998969587755,27.870020764035523,4.435651568670015,0.9764869636567526,0.9999996277594139,9809184.621375313,3.970147711061095e-15,7.853981633974483,125.66370614359172,61.68502750680849,986.9604401089358
R4,47.4,1.2495311334707568,27.83300645885712,4.429760559035761,0.9765106763984577,0.9999996296282976,9808209.926227236,3.933786717320676e-15,7.853981633974483,125.66370614359172,61.68502750680849,986.9604401089358
R4,47.5,1.2828554037354774,27.796074440673593,4.423882645783492,0.9765342551013888,0.9999996314818855,9807247.381235871,3.894475744346581e-15,7.853981633974483,125.66370614359172,61.68502750680849,986.9604401089358
R4,47.6,1.3159742706650812,27.75922461969691,4.418017814623002,0.9765577004708133,0.9999996333187056,9806296.88644021,3.8634163000727754e-15,7.853981633974483,125.66370614359172,61.68502750680849,986.9604401089358
R4,47.7,1.3488892824952268,27.72245690333874,4.412166050818398,0.9765810138539165,0.9999996351423257,9805358.342190119,3.822912194293295e-15,7.853981633974483,125.66370614359172,61.68502750680849,986.9604401089358
R4,47.8,1.3816019729550402,27.685771196270153,4.406327339197611,0.9766041960607666,0.9999996369503125,9804431.649689218,3.792995669878522e-15,7.853981633974483,125.66370614359172,61.68502750680849,986.9604401089358
R4,47.9,1.4141138614269966,27.649167400494658,4.400501664164016,0.9766272480677171,0.9999996387443572,9803516.711542403,3.763902111871906e-15,7.853981633974483,125.66370614359172,61.68502750680849,986.9604401089358
R4,48.0,1.4464264531114963,27.61264541540979,4.39468900970623,0.976650170939401,0.9999996405221843,9802613.431364251,3.7279213532326335e-15,7.853981633974483,125.66370614359172,61.68502750680849,986.9604401089358
R4,48.1,1.4785412391853383,27.576205137870396,4.388889359408195,0.9766729653460677,0.9999996422864761,9801721.713430028,3.696282780409444e-15,7.853981633974483,125.66370614359172,61.68502750680849,986.9604401089358
R4,48.2,1.5104596969630113,27.53984646225382,4.383102696459542,0.9766956323333698,0.9999996440365898,9800841.463170202,3.664873030894907e-15,7.853981633974483,125.66370614359172,61.68502750680849,986.9604401089358
R4,48.3,1.542183290047043,27.503569280518764,4.377329003664965,0.9767181730886902,0.999999645772978,9799972.586436,3.6351589951818094e-15,7.853981633974483,125.66370614359172,61.68502750680849,986.9604401089358
R4,48.4,1.5737134684864504,27.467373482265877,4.371568263453861,0.9767405879980117,0.9999996474939201,9799114.990418376,3.6031245369225006e-15,7.853981633974483,125.66370614359172,61.68502750680849,986.9604401089358
R4,48.5,1.6050516689255707,27.43125895479535,4.365820457889498,0.9767628784581261,0.9999996492029352,9798268.58321892,3.574041860220131e-15,7.853981633974483,125.66370614359172,61.68502750680849,986.9604401089358
R4,48.6,1.6361993147549334,27.39522558316881,4.360085568678867,0.9767850450746414,0.9999996508966538,9797433.273902914,3.5409845817164542e-15,7.853981633974483,125.66370614359172,61.68502750680849,986.9604401089358
R4,48.7,1.667157816258791,27.359273250259342,4.35436357718064,0.9768070890499203,0.9999996525777879,9796608.971856862,3.5108998351614577e-15,7.853981633974483,125.66370614359172,61.68502750680849,986.9604401089358
R4,48.8,1.6979285707599068,27.323401836811687,4.348654464414753,0.9768290107942728,0.9999996542454338,9795795.587852307,3.480299740598595e-15,7.853981633974483,125.66370614359172,61.68502750680849,986.9604401089358
R4,48.9,1.7285129627658118,27.287611221494743,4.34295821107076,0.976850811584168,0.9999996559004499,9794993.033275576,3.4519572970526467e-15,7.853981633974483,125.66370614359172,61.68502750680849,986.9604401089358
R4,49.0,1.7589123641085158,27.251901280954364,4.337274797516241,0.9768724920590477,0.9999996575410812,9794201.220552469,3.418771894328318e-15,7.853981633974483,125.66370614359172,61.68502750680849,986.9604401089358
R4,49.1,1.7891281340848508,27.216271889865695,4.331604203805125,0.9768940531796129,0.9999996591695466,9793420.062849972,3.3893610604547978e-15,7.853981633974483,125.66370614359172,61.68502750680849,986.9604401089358
R4,49.2,1.819161619594114,27.180722920984778,4.3259464096859075,0.9769154959942782,0.9999996607855265,9792649.473894583,3.3653327609509017e-15,7.853981633974483,125.66370614359172,61.68502750680849,986.9604401089358
R4,49.3,1.849014155279133,27.145254245196938,4.320301394609349,0.9769368208382083,0.9999996623886261,9791889.368758392,3.3345895993718885e-15,7.853981633974483,125.66370614359172,61.68502750680849,986.9604401089358
R4,49.4,1.8786870636551454,27.10986573156876,4.314669137736749,0.9769580289958886,0.9999996639785513,9791139.66299543,3.3058451787890992e-15,7.853981633974483,125.66370614359172,61.68502750680849,986.9604401089358
R4,49.5,1.908181655245268,27.07455724739208,4.309049617946949,0.9769791211032083,0.9999996655575867,9790400.272831727,3.2785197343029577e-15,7.853981633974483,125.66370614359172,61.68502750680849,986.9604401089358
R4,49.6,1.9374992287118702,27.03932865823521,4.303442813844479,0.9770000980689107,0.9999996671221274,9789671.115690092,3.2496324489831e-15,7.853981633974483,125.66370614359172,61.68502750680849,986.9604401089358
R4,49.7,1.966641070987319,27.00417982798512,4.29784870376628,0.9770209605990551,0.9999996686769866,9788952.10920203,3.2191126316130354e-15,7.853981633974483,125.66370614359172,61.68502750680849,986.9604401089358
R4,49.8,1.9956084573982573,26.969110618894856,4.292267265789241,0.9770417096262486,0.9999996702189303,9788243.172340564,3.194266225694552e-15,7.853981633974483,125.66370614359172,61.68502750680849,986.9604401089358
R4,49.9,2.0244026517961884,26.93412089162827,4.286698477737327,0.9770623457565946,0.9999996717485039,9787544.224538803,3.16767538279798e-15,7.853981633974483,125.66370614359172,61.68502750680849,986.9604401089358
R4,50.0,2.053024906679408,26.899210505302904,4.281142317188397,0.9770828701390414,0.9999996732662246,9786855.186106246,3.13821085149024e-15,7.853981633974483,125.66370614359172,61.68502750680849,986.9604401089358
R5,40.0,-1.9073119298304877,29.581978131785284,4.70811804610998,0.9794565123951385,1.0,10165097.671005,6.079997793508363e-16,7.853981633974483,125.66370614359172,61.68502750680849,986.9604401089358
R5,40.1,-1.8545936381627712,29.545048784233707,4.7022405579019875,0.9794990001495438,0.9999994884193645,10161433.901385715,2.6597993093525813e-18,7.853981633974483,125.66370614359172,61.68502750680849,986.9604401089358
R5,40.2,-1.8022336813230297,29.508142883887658,4.6963668014326565,0.9795412224146264,0.9999994916950166,10157808.533556119,9.945664322977008e-19,7.853981633974483,125.66370614359172,61.68502750680849,986.9604401089358
R5,40.3,-1.750229004144343,29.47126148099843,4.690496943854672,0.9795831822027649,0.9999994949384967,10154221.129138375,2.062607676032073e-18,7.853981633974483,125.66370614359172,61.68502750680849,986.9604401089358
R5,40.4,-1.6985765836486977,29.43440560180714,4.68463114849938,0.9796248812716613,0.9999994981474308,10150671.2577343,4.307758398010664e-18,7.853981633974483,125.66370614359172,61.68502750680849,986.9604401089358
R5,40.5,-1.6472734287561142,29.397576249055884,4.678769574958143,0.9796663235345892,0.999999501323452,10147158.494235156,3.0892292196210217e-18,7.853981633974483,125.66370614359172,61.68502750680849,986.9604401089358
R5,40.6,-1.5963165798900136,29.36077440247587,4.672912379160024,0.9797075115170614,0.999999504464378,10143682.420120487,4.3450165950248465e-18,7.853981633974483,125.66370614359172,61.68502750680849,986.9604401089358
R5,40.7,-1.5457031085761663,29.324001019260088,4.667059713447021,0.979748446598282,0.9999995075719708,10140242.62299402,8.745773595813363e-19,7.853981633974483,125.66370614359172,61.68502750680849,986.9604401089358
R5,40.8,-1.4954301170583018,29.28725703452988,4.661211726648315,0.9797891329138197,0.9999995106477854,10136838.696214277,6.167423824143723e-18,7.853981633974483,125.66370614359172,61.68502750680849,986.9604401089358
R5,40.9,-1.4454947379062504,29.25054336178764,4.655368564152329,0.9798295705590282,0.999999513690082,10133470.238898939,2.5945677196287692e-18,7.853981633974483,125.66370614359172,61.68502750680849,986.9604401089358
R5,41.0,-1.3958941336465729,29.213860893361094,4.649530367977432,0.9798697654051031,0.9999995166970179,10130136.856584946,1.947481041447977e-18,7.853981633974483,125.66370614359172,61.68502750680849,986.9604401089358
R5,41.1,-1.346625496382353,29.17721050084329,4.643697276841965,0.9799097171949261,0.9999995196779057,10126838.159335861,2.7999112394927178e-18,7.853981633974483,125.66370614359172,61.68502750680849,986.9604401089358
R5,41.2,-1.2976860474254888,29.140593035506804,4.637869426230167,0.9799494289238184,0.9999995226273724,10123573.763912655,2.9320647366995173e-18,7.853981633974483,125.66370614359172,61.68502750680849,986.9604401089358
R5,41.3,-1.2490730369407168,29.1040093287292,4.632046948459887,0.9799889029066237,0.9999995255490299,10120343.291605327,5.315890850400742e-19,7.853981633974483,125.66370614359172,61.68502750680849,986.9604401089358
R5,41.4,-1.2007837435793995,29.067460192394986,4.6262299727465575,0.9800281426080338,0.99999952843218,10117146.369500821,3.912908232337389e-18,7.853981633974483,125.66370614359172,61.68502750680849,986.9604401089358
R5,41.5,-1.1528154741324002,29.030946419293276,4.620418625266484,0.9800671481001889,0.9999995312944555,10113982.63018824,2.6182620854741817e-18,7.853981633974483,125.66370614359172,61.68502750680849,986.9604401089358
R5,41.6,-1.1051655631825688,28.994468783509863,4.614613029219248,0.9801059231810104,0.9999995341268936,10110851.711008148,3.476449722050806e-18,7.853981633974483,125.66370614359172,61.68502750680849,986.9604401089358
R5,41.7,-1.0578313727596353,28.95802804080494,4.6088133048878195,0.9801444705424356,0.9999995369203013,10107753.254297921,5.49205930890444e-19,7.853981633974483,125.66370614359172,61.68502750680849,986.9604401089358
R5,41.8,-1.0108102920026028,28.921624928984958,4.603019569697743,0.9801827919770636,0.9999995396977716,10104686.907782098,3.815900708922646e-18,7.853981633974483,125.66370614359172,61.68502750680849,986.9604401089358
R5,41.9,-0.9640997368345012,28.885260168269717,4.597231938275558,0.9802208878767336,0.9999995424485079,10101652.323891265,1.5250441349739116e-18,7.853981633974483,125.66370614359172,61.68502750680849,986.9604401089358
R5,42.0,-0.9176971496212113,28.848934461647243,4.591450522505285,0.9802587629166715,0.9999995451596484,10098649.159786025,1.1815120935169311e-18,7.853981633974483,125.66370614359172,61.68502750680849,986.9604401089358
R5,42.1,-0.8715999988600337,28.812648495222625,4.585675431583941,0.9802964174572788,0.9999995478530517,10095677.077251673,6.864286387438619e-19,7.853981633974483,125.66370614359172,61.68502750680849,986.9604401089358
R5,42.2,-0.8258057788528653,28.77640293855986,4.579906772075944,0.9803338548795832,0.9999995505130653,10092735.743005794,1.642093759643227e-18,7.853981633974483,125.66370614359172,61.68502750680849,986.9604401089358
R5,42.3,-0.7803120093966536,28.740198445015743,4.57414464796626,0.980371076603462,0.9999995531539205,10089824.82843757,3.99999049709459e-18,7.853981633974483,125.66370614359172,61.68502750680849,986.9604401089358
R5,42.4,-0.7351162354699988,28.704035652064974,4.568389160712136,0.9804080836778275,0.9999995557696704,10086944.008654166,4.617900879994757e-18,7.853981633974483,125.66370614359172,61.68502750680849,986.9604401089358
R5,42.5,-0.6902160269319536,28.66791518162457,4.56264040929474,0.9804448805822699,0.9999995583514417,10084092.964137133,1.800914140542383e-18,7.853981633974483,125.66370614359172,61.68502750680849,986.9604401089358
R5,42.6,-0.6456089782142277,28.631837640361155,4.5568984902680665,0.9804814668901114,0.9999995609138372,10081271.379503058,2.282643829469808e-18,7.853981633974483,125.66370614359172,61.68502750680849,986.9604401089358
R5,42.7,-0.6012927080291869,28.595803620003263,4.551163497808634,0.980517844926368,0.9999995634477005,10078478.942872344,2.200179286957564e-18,7.853981633974483,125.66370614359172,61.68502750680849,986.9604401089358
R5,42.8,-0.5572648590757641,28.559813697637725,4.545435523762666,0.9805540178332735,0.999999565965422,10075715.347516512,3.295358743962455e-18,7.853981633974483,125.66370614359172,61.68502750680849,986.9604401089358
R5,42.9,-0.5135230977485007,28.52386843600243,4.539714657692676,0.9805899860208852,0.9999995684483834,10072980.290409908,9.12201491296135e-19,7.853981633974483,125.66370614359172,61.68502750680849,986.9604401089358
R5,43.0,-0.47006511385617666,28.48796838377865,4.5340009869240046,0.9806257534796078,0.9999995709087284,10070273.472423602,4.3142462652654645e-18,7.853981633974483,125.66370614359172,61.68502750680849,986.9604401089358
R5,43.1,-0.42688862033741776,28.452114075867293,4.528294596588774,0.9806613189392659,0.9999995733591609,10067594.598990636,8.404664647154379e-19,7.853981633974483,125.66370614359172,61.68502750680849,986.9604401089358
R5,43.2,-0.38399135298494136,28.416306033668015,4.522595569670315,0.9806966872874179,0.9999995757718118,10064943.37843421,5.153366902269216e-18,7.853981633974483,125.66370614359172,61.68502750680849,986.9604401089358
R5,43.3,-0.34137107017415996,28.380544765346198,4.516903987045662,0.9807318589862705,0.9999995781617316,10062319.52415526,8.661960064827571e-18,7.853981633974483,125.66370614359172,61.68502750680849,986.9604401089358
R5,43.4,-0.2990255525893783,28.344830766100298,4.5112199275280975,0.9807668356957058,0.999999580534848,10059722.75247596,2.6190924671711698e-18,7.853981633974483,125.66370614359172,61.68502750680849,986.9604401089358
R5,43.5,-0.25695260296399386,28.309164518417973,4.505543467907915,0.9808016192438546,0.9999995828857964,10057152.783784863,2.261286130820012e-18,7.853981633974483,125.66370614359172,61.68502750680849,986.9604401089358
R5,43.6,-0.21515004581376337,28.27354649233097,4.499874682992992,0.9808362117074871,0.9999995852137603,10054609.341922961,1.7276875574475904e-18,7.853981633974483,125.66370614359172,61.68502750680849,986.9604401089358
R5,43.7,-0.17361572718015184,28.237977145660572,4.49421364564785,0.9808706137820284,0.9999995875186202,10052092.15509101,8.003321863262096e-19,7.853981633974483,125.66370614359172,61.68502750680849,986.9604401089358
R5,43.8,-0.13234751437425307,28.20245692426347,4.488560426832782,0.9809048286998343,0.9999995898049089,10049600.953692377,1.85408339871614e-18,7.853981633974483,125.66370614359172,61.68502750680849,986.9604401089358
R5,43.9,-0.09134329572813844,28.166986262269187,4.48291509564165,0.9809388576175184,0.9999995920622223,10047135.47297058,3.4472863920967e-18,7.853981633974483,125.66370614359172,61.68502750680849,986.9604401089358
R5,44.0,-0.05060098034276346,28.13156558231068,4.477277719338578,0.9809727013288423,0.9999995943116927,10044695.45088731,1.2591738972658628e-18,7.853981633974483,125.66370614359172,61.68502750680849,986.9604401089358
R5,44.1,-0.010118497847798062,28.096195295754846,4.47164836339464,0.9810063617340583,0.9999995965316499,10042280.628606342,4.253964231278866e-18,7.853981633974483,125.66370614359172,61.68502750680849,986.9604401089358
R5,44.2,0.030106201841342103,28.060875802926194,4.466027091523461,0.9810398420078683,0.9999995987259411,10039890.751268053,2.96402150406944e-18,7.853981633974483,125.66370614359172,61.68502750680849,986.9604401089358
R5,44.3,0.070075148764301,28.025607493323115,4.460413965715636,0.9810731418044262,0.9999996009127713,10037525.567095,2.6734284319901123e-18,7.853981633974483,125.66370614359172,61.68502750680849,986.9604401089358
R5,44.4,0.10979035314631604,27.990390745835313,4.454809046273334,0.9811062630785055,0.9999996030771484,10035184.82693518,2.228792060169159e-18,7.853981633974483,125.66370614359172,61.68502750680849,986.9604401089358
R5,44.5,0.14925380563080715,27.955225928950554,4.4492123918432025,0.9811392080494055,0.9999996052135461,10032868.28569767,2.8493835273201694e-18,7.853981633974483,125.66370614359172,61.68502750680849,986.9604401089358
R5,44.6,0.18846747751035497,27.920113400965437,4.443624059449919,0.9811719777597978,0.999999607333026,10030575.7008782,4.388039076220919e-18,7.853981633974483,125.66370614359172,61.68502750680849,986.9604401089358
R5,44.7,0.22743332094789492,27.885053510181294,4.438044104527361,0.9812045742276586,0.9999996094434588,10028306.83253657,1.4378679822403466e-18,7.853981633974483,125.66370614359172,61.68502750680849,986.9604401089358
R5,44.8,0.26615326920156523,27.8500465951053,4.432472580950618,0.9812369981136121,0.9999996115269989,10026061.44541647,3.933995989558503e-18,7.853981633974483,125.66370614359172,61.68502750680849,986.9604401089358
R5,44.9,0.30462923684574944,27.81509298464299,4.426909541066633,0.9812692516879364,0.9999996135948477,10023839.305437699,2.0817077048084332e-18,7.853981633974483,125.66370614359172,61.68502750680849,986.9604401089358
R5,45.0,0.34286311998147595,27.780192998286253,4.421355035724118,0.9813013349559381,0.9999996156395677,10021640.1825686,3.6008555092497315e-18,7.853981633974483,125.66370614359172,61.68502750680849,986.9604401089358
R5,45.1,0.38085679645717635,27.745346946302895,4.4158091143037295,0.9813332517866082,0.9999996176691718,10019463.849105457,2.3101354529713e-18,7.853981633974483,125.66370614359172,61.68502750680849,986.9604401089358
R5,45.2,0.4186121260723289,27.710555129915917,4.410271824746596,0.9813650017579835,0.9999996196800809,10017310.080418492,3.734654695700821e-18,7.853981633974483,125.66370614359172,61.68502750680849,986.9604401089358
R5,45.3,0.4561309507908321,27.67581784147903,4.404743213582257,0.9813965870527734,0.9999996216772433,10015178.654491924,2.285649092227401e-18,7.853981633974483,125.66370614359172,61.68502750680849,986.9604401089358
R5,45.4,0.4934150949426382,27.641135364657693,4.399223325957471,0.9814280088874654,0.9999996236517524,10013069.352467962,1.9685146047958763e-18,7.853981633974483,125.66370614359172,61.68502750680849,986.9604401089358
R5,45.5,0.5304663654264017,27.60650797459731,4.39371220566299,0.9814592677224253,0.9999996256143866,10010981.957575884,4.957914622860809e-19,7.853981633974483,125.66370614359172,61.68502750680849,986.9604401089358
R5,45.6,0.5672865519110765,27.57193593808821,4.388209895159813,0.9814903663413284,0.9999996275500938,10008916.256401932,2.0269921502661107e-18,7.853981633974483,125.66370614359172,61.68502750680849,986.9604401089358
R5,45.7,0.6038774270291978,27.537419513736225,4.382716435606337,0.9815213054384485,0.9999996294812133,10006872.037638701,1.3141377767083667e-18,7.853981633974483,125.66370614359172,61.68502750680849,986.9604401089358
R5,45.8,0.6402407465754447,27.502958952116852,4.377231866882891,0.9815520857968725,0.9999996313928274,10004849.093184985,3.2080118496744303e-18,7.853981633974483,125.66370614359172,61.68502750680849,986.9604401089358
R5,45.9,0.6763782496935035,27.468554495940303,4.371756227618005,0.981582709651629,0.9999996332776843,10002847.21598791,1.8164942229434188e-18,7.853981633974483,125.66370614359172,61.68502750680849,986.9604401089358
R5,46.0,0.712291659071006,27.43420638020003,4.366289555212048,0.9816131774065027,0.9999996351626217,10000866.20359671,2.7770806663842575e-18,7.853981633974483,125.66370614359172,61.68502750680849,986.9604401089358
R5,46.1,0.747982681120236,27.399914832328403,4.360831885862006,0.9816434913931871,0.9999996370202145,9998905.854484385,4.174419226967223e-19,7.853981633974483,125.66370614359172,61.68502750680849,986.9604401089358
R5,46.2,0.7834530061660935,27.36568007234568,4.355383254585191,0.9816736526164666,0.9999996388622403,9996965.97045451,2.1140081171323013e-18,7.853981633974483,125.66370614359172,61.68502750680849,986.9604401089358
R5,46.3,0.8187043086269651,27.331502313002083,4.349943695241852,0.9817036615168089,0.9999996406914075,9995046.354822967,1.820884464220047e-18,7.853981633974483,125.66370614359172,61.68502750680849,986.9604401089358
R5,46.4,0.853738247193987,27.29738175992359,4.34451324055838,0.9817335202278472,0.9999996425071314,9993146.814159255,3.44079719955746e-18,7.853981633974483,125.66370614359172,61.68502750680849,986.9604401089358
R5,46.5,0.8885564650088238,27.263318611753547,4.339091922149847,0.9817632283611907,0.9999996443075266,9991267.15691681,2.476225011009228e-18,7.853981633974483,125.66370614359172,61.68502750680849,986.9604401089358
R5,46.6,0.9231605898364027,27.229313060285566,4.333679770541152,0.9817927890380856,0.9999996460890528,9989407.193730367,2.7994257146598215e-18,7.853981633974483,125.66370614359172,61.68502750680849,986.9604401089358
R5,46.7,0.9575522342398742,27.195365290603455,4.328276815189299,0.9818222030534716,0.9999996478583386,9987566.737913266,7.77231170345188e-18,7.853981633974483,125.66370614359172,61.68502750680849,986.9604401089358
R5,46.8,0.9917329957476108,27.1614754812057,4.322883084503204,0.9818514700575683,0.9999996496111826,9985745.604550984,1.5855532171212383e-18,7.853981633974483,125.66370614359172,61.68502750680849,986.9604401089358
R5,46.9,1.0257044570268097,27.127643804145727,4.31749860586602,0.9818805937888807,0.9999996513483123,9983943.611260228,1.4273750261896336e-18,7.853981633974483,125.66370614359172,61.68502750680849,986.9604401089358
R5,47.0,1.0594681860424082,27.09387042514886,4.312123405653753,0.9819095734990257,0.9999996530762599,9982160.577564666,3.652971713560366e-18,7.853981633974483,125.66370614359172,61.68502750680849,986.9604401089358
R5,47.1,1.0930257362244726,27.060155503740887,4.3067575092557195,0.9819384104462874,0.9999996547879715,9980396.325115325,3.48095936696726e-18,7.853981633974483,125.66370614359172,61.68502750680849,986.9604401089358
R5,47.2,1.1263786466313084,27.026499193369503,4.3014009410938785,0.9819671063557944,0.9999996564778888,9978650.67797723,3.23696252572173e-18,7.853981633974483,125.66370614359172,61.68502750680849,986.9604401089358
R5,47.3,1.1595284421045249,26.992901641526586,4.2960537246422925,0.9819956619014085,0.9999996581646181,9976923.462381698,2.557346916384041e-19,7.853981633974483,125.66370614359172,61.68502750680849,986.9604401089358
R5,47.4,1.1924766334293664,26.959362989860278,4.290715882444962,0.9820240784521356,0.9999996598397004,9975214.505615473,4.44064141141442e-18,7.853981633974483,125.66370614359172,61.68502750680849,986.9604401089358
R5,47.5,1.2252247174902047,26.92588337429532,4.285387436134982,0.9820523570320029,0.9999996614903072,9973523.638045765,2.2040651099703828e-18,7.853981633974483,125.66370614359172,61.68502750680849,986.9604401089358
R5,47.6,1.2577741774231164,26.89246292514085,4.280068406451697,0.9820804987339965,0.9999996631261412,9971850.691842288,1.6998614885394756e-18,7.853981633974483,125.66370614359172,61.68502750680849,986.9604401089358
R5,47.7,1.290126482765377,26.859101767204447,4.274758813258849,0.9821085044615843,0.9999996647622595,9970195.50043694,1.2012989250160962e-18,7.853981633974483,125.66370614359172,61.68502750680849,986.9604401089358
R5,47.8,1.322283089609447,26.82580001990094,4.269458675561899,0.9821363757381717,0.9999996663753078,9968557.899892591,1.3236206225541978e-18,7.853981633974483,125.66370614359172,61.68502750680849,986.9604401089358
R5,47.9,1.354245440745332,26.7925577973553,4.2641680115244,0.9821641132716927,0.9999996679773744,9966937.727886904,1.0798532825921084e-18,7.853981633974483,125.66370614359172,61.68502750680849,986.9604401089358
R5,48.0,1.386014965811433,26.75937520851105,4.258886838485251,0.9821917179308319,0.9999996695744706,9965334.824191783,6.666874052411734e-19,7.853981633974483,125.66370614359172,61.68502750680849,986.9604401089358
R5,48.1,1.4175930814336097,26.726252357229708,4.253615172974528,0.9822191903233554,0.9999996711472092,9963749.029787213,5.1366977012290194e-18,7.853981633974483,125.66370614359172,61.68502750680849,986.9604401089358
R5,48.2,1.4489811913705906,26.693189342392312,4.2483530307296355,0.9822465318312521,0.9999996727068136,9962180.18837826,1.170280125744909e-18,7.853981633974483,125.66370614359172,61.68502750680849,986.9604401089358
R5,48.3,1.480180686651404,26.660186257998497,4.243100426711081,0.9822737443786952,0.9999996742628491,9960628.14503176,3.254896656682628e-18,7.853981633974483,125.66370614359172,61.68502750680849,986.9604401089358
R5,48.4,1.5111929457164208,26.627243193259343,4.237857375117248,0.9823008273399141,0.999999675808101,9959092.746063482,3.896216003185078e-18,7.853981633974483,125.66370614359172,61.68502750680849,986.9604401089358
R5,48.5,1.5420193345518454,26.59436023269844,4.232623889400484,0.9823277839198545,0.9999996773319144,9957573.840577666,3.3320167073238383e-18,7.853981633974483,125.66370614359172,61.68502750680849,986.9604401089358
R5,48.6,1.572661206826131,26.56153745624043,4.2273999822811925,0.9823546127998367,0.9999996788476173,9956071.278577732,2.540626177833816e-18,7.853981633974483,125.66370614359172,61.68502750680849,986.9604401089358
R5,48.7,1.6031199040219573,26.528774939301066,4.222185665762161,0.9823813158454717,0.9999996803516275,9954584.91177932,2.898787383433833e-18,7.853981633974483,125.66370614359172,61.68502750680849,986.9604401089358
R5,48.8,1.6333967570390022,26.496072750685624,4.216980950794089,0.9824078937566412,0.9999996818463396,9953114.59429817,1.6002949298245892e-14,7.853981633974483,125.66370614359172,61.68502750680849,986.9604401089358
R5,48.9,1.663493080413014,26.463430961467804,4.211785848688709,0.9824343481925017,0.9999996833256192,9951660.18078108,1.5865551922897343e-14,7.853981633974483,125.66370614359172,61.68502750680849,986.9604401089358
R5,49.0,1.6934101813539284,26.4308496318635,4.206600369029678,0.9824606787479178,0.9999996847936897,9950221.528800366,1.5730563423860003e-14,7.853981633974483,125.66370614359172,61.68502750680849,986.9604401089358
R5,49.1,1.7231493539027247,26.398328820139756,4.201424521090484,0.9824868879628782,0.9999996862553759,9948798.496095503,1.5594379949040447e-14,7.853981633974483,125.66370614359172,61.68502750680849,986.9604401089358
R5,49.2,1.7527118805565007,26.365868580484786,4.196258313495448,0.9825129762887497,0.9999996877008748,9947390.943568358,1.5461995532521988e-14,7.853981633974483,125.66370614359172,61.68502750680849,986.9604401089358
R5,49.3,1.7820990323921255,26.333468963093395,4.191101754233322,0.9825389432829948,0.9999996891350413,9945998.73214855,1.5329800362329643e-14,7.853981633974483,125.66370614359172,61.68502750680849,986.9604401089358
R5,49.4,1.811312069187935,26.301130014242744,4.1859548506693445,0.9825647913591256,0.9999996905647892,9944621.725257676,1.5194417750632743e-14,7.853981633974483,125.66370614359172,61.68502750680849,986.9604401089358
R5,49.5,1.840352239544045,26.268851776371918,4.180817609557907,0.9825905209381899,0.9999996919714239,9943259.787407756,1.506851348355077e-14,7.853981633974483,125.66370614359172,61.68502750680849,986.9604401089358
R5,49.6,1.869220781002512,26.23663428816171,4.175690037055247,0.9826161324282021,0.9999996933799438,9941912.785125237,1.494167514322405e-14,7.853981633974483,125.66370614359172,61.68502750680849,986.9604401089358
R5,49.7,1.8979189201627664,26.204477584605524,4.170572138730739,0.9826416282327926,0.9999996947748275,9940580.585518055,1.480561661284472e-14,7.853981633974483,125.66370614359172,61.68502750680849,986.9604401089358
R5,49.8,1.926447872798902,26.17238169708265,4.165463919578552,0.9826670068430863,0.9999996961538387,9939263.05816589,1.4681367374667203e-14,7.853981633974483,125.66370614359172,61.68502750680849,986.9604401089358
R5,49.9,1.954808843974698,26.14034665343642,4.16036538403009,0.9826922707802144,0.9999996975252915,9937960.073158728,1.4557518233279437e-14,7.853981633974483,125.66370614359172,61.68502750680849,986.9604401089358
R5,50.0,1.9830030281543514,26.108372478040096,4.155276535964478,0.9827174204023948,0.9999996988884694,9936671.502780996,1.4426409474868073e-14,7.853981633974483,125.66370614359172,61.68502750680849,986.9604401089358
R8,40.0,-0.12229688588654601,0.3240837854785042,0.051579536434837356,0.04106000299799853,1.0,257175964.34561273,1.2118879183531916e-16,7.853981633974483,125.66370614359172,61.68502750680849,986.9604401089358
R8,40.1,-0.12229711343723133,0.32408353240127225,0.051579496156344905,0.04105936927582537,0.9999999999999893,257176183.90139255,5.472332258141445e-17,7.853981633974483,125.66370614359172,61.68502750680849,986.9604401089358
R8,40.2,-0.12229734096264451,0.32408327932236947,0.051579455877586534,0.041058751372444906,0.9999999999999897,257176403.4728571,6.589346170537798e-17,7.853981633974483,125.66370614359172,61.68502750680849,986.9604401089358
R8,40.3,-0.12229756845835887,0.3240830262430963,0.05157941559876922,0.041058108677117545,0.9999999999999897,257176623.059125,3.0989889633184897e-16,7.853981633974483,125.66370614359172,61.68502750680849,986.9604401089358
R8,40.4,-0.12229779592023193,0.3240827731720577,0.05157937532126247,0.04105749113634499,0.9999999999999897,257176842.65492374,1.1375102405347685e-16,7.853981633974483,125.66370614359172,61.68502750680849,986.9604401089358
R8,40.5,-0.12229802337064169,0.3240825200701744,0.05157933503884664,0.04105685334377861,0.9999999999999902,257177062.28783667,2.799190102759355e-16,7.853981633974483,125.66370614359172,61.68502750680849,986.9604401089358
R8,40.6,-0.12229825081189655,0.3240822669536991,0.05157929475410842,0.04105620056166468,0.9999999999999889,257177281.9462104,1.4534676744455908e-16,7.853981633974483,125.66370614359172,61.68502750680849,986.9604401089358
R8,40.7,-0.12229847820992429,0.32408201385402796,0.05157925447204466,0.04105559053762972,0.9999999999999896,257177501.608985,6.082469456411844e-17,7.853981633974483,125.66370614359172,61.68502750680849,986.9604401089358
R8,40.8,-0.12229870559420794,0.3240817607375363,0.05157921418730383,0.04105497324443027,0.9999999999999893,257177721.29631454,2.585171133197805e-16,7.853981633974483,125.66370614359172,61.68502750680849,986.9604401089358
R8,40.9,-0.12229893296231016,0.3240815076027009,0.051579173899643505,0.04105433759326853,0.9999999999999893,257177941.02346936,3.88973723913599e-16,7.853981633974483,125.66370614359172,61.68502750680849,986.9604401089358
R8,41.0,-0.12229916027829735,0.32408125449765673,0.05157913361672461,0.041053754145575015,0.9999999999999898,257178160.7251571,4.462616573284267e-16,7.853981633974483,125.66370614359172,61.68502750680849,986.9604401089358
R8,41.1,-0.12229938761016701,0.324081001341458,0.05157909332566421,0.041053108579250146,0.9999999999999896,257178380.49380895,3.4926140309873707e-16,7.853981633974483,125.66370614359172,61.68502750680849,986.9604401089358
R8,41.2,-0.12229961488150824,0.32408074822234173,0.05157905304050566,0.04105244738050378,0.9999999999999891,257178600.2459296,5.160263678999604e-16,7.853981633974483,125.66370614359172,61.68502750680849,986.9604401089358
R8,41.3,-0.12229984216773794,0.32408049504862235,0.05157901274665676,0.04105189128369886,0.9999999999999898,257178820.05293384,5.502018070166179e-16,7.853981633974483,125.66370614359172,61.68502750680849,986.9604401089358
R8,41.4,-0.12230006938529245,0.32408024193036483,0.05157897246163489,0.04105124682589373,0.9999999999999902,257179039.83850306,1.0812836888669274e-16,7.853981633974483,125.66370614359172,61.68502750680849,986.9604401089358
R8,41.5,-0.12230029660442379,0.3240799887674772,0.051578932169509914,0.0410506259946245,0.99999999999999,257179259.65774682,1.121341712700155e-16,7.853981633974483,125.66370614359172,61.68502750680849,986.9604401089358
R8,41.6,-0.12230052379465185,0.32407973561237424,0.05157889187862391,0.04104997584694852,0.9999999999999893,257179479.49749845,4.306473283967455e-17,7.853981633974483,125.66370614359172,61.68502750680849,986.9604401089358
R8,41.7,-0.1223007509653214,0.3240794824423041,0.05157885158535581,0.04104933831316195,0.9999999999999897,257179699.3651822,1.5425210847207832e-16,7.853981633974483,125.66370614359172,61.68502750680849,986.9604401089358
R8,41.8,-0.12230097811778458,0.3240792292585151,0.051578811289904276,0.041048716276264004,0.9999999999999899,257179919.25385743,8.663977315532106e-17,7.853981633974483,125.66370614359172,61.68502750680849,986.9604401089358
R8,41.9,-0.12230120523901565,0.32407897608377284,0.05157877099589258,0.04104808152233479,0.9999999999999898,257180139.14403355,1.3613011264482925e-16,7.853981633974483,125.66370614359172,61.68502750680849,986.9604401089358
R8,42.0,-0.12230143233415595,0.324078722905302,0.051578730701287455,0.04104742362424711,0.9999999999999889,257180359.07036304,2.1739119113932824e-16,7.853981633974483,125.66370614359172,61.68502750680849,986.9604401089358
R8,42.1,-0.12230165939947968,0.3240784697220688,0.05157869040592438,0.041046845806311794,0.9999999999999898,257180578.99096647,3.638204804678732e-16,7.853981633974483,125.66370614359172,61.68502750680849,986.9604401089358
R8,42.2,-0.1223018864700664,0.32407821650337454,0.051578650104917516,0.041046193129756575,0.9999999999999896,257180798.98225424,2.0540284009044517e-16,7.853981633974483,125.66370614359172,61.68502750680849,986.9604401089358
R8,42.3,-0.12230211351060148,0.32407796328782157,0.05157860980441059,0.04104561716630897,0.99999999999999,257181018.97306117,4.254764266659156e-16,7.853981633974483,125.66370614359172,61.68502750680849,986.9604401089358
R8,42.4,-0.12230234049590434,0.324077710098047,0.051578569508006426,0.041044954220923566,0.9999999999999893,257181238.95751947,4.453332160198836e-17,7.853981633974483,125.66370614359172,61.68502750680849,986.9604401089358
R8,42.5,-0.12230256748335733,0.3240774568802173,0.051578529207137146,0.041044303659065036,0.9999999999999896,257181458.97066292,8.794865092093068e-17,7.853981633974483,125.66370614359172,61.68502750680849,986.9604401089358
R8,42.6,-0.12230279443900748,0.3240772036605901,0.051578488905981795,0.04104373733573674,0.9999999999999897,257181679.00386605,3.5055117805645216e-16,7.853981633974483,125.66370614359172,61.68502750680849,986.9604401089358
R8,42.7,-0.12230302138789058,0.32407695040983925,0.051578448599872956,0.04104309143802534,0.9999999999999897,257181899.09209627,3.9347873703201075e-16,7.853981633974483,125.66370614359172,61.68502750680849,986.9604401089358
R8,42.8,-0.1223032482851057,0.32407669719787063,0.0515784082999365,0.04104246204739313,0.9999999999999893,257182119.13616517,2.4831697995289653e-16,7.853981633974483,125.66370614359172,61.68502750680849,986.9604401089358
R8,42.9,-0.12230347518678904,0.32407644394322116,0.051578367993207176,0.04104183971704978,0.9999999999999902,257182339.2520584,3.4716303638712266e-16,7.853981633974483,125.66370614359172,61.68502750680849,986.9604401089358
R8,43.0,-0.12230370203827745,0.3240761907157008,0.05157832769079559,0.04104122379076411,0.9999999999999901,257182559.3537725,5.4588000216958806e-17,7.853981633974483,125.66370614359172,61.68502750680849,986.9604401089358
R8,43.1,-0.12230392888305944,0.3240759374595296,0.05157828738382407,0.04104054605991785,0.9999999999999893,257182779.48848757,5.830574107476038e-16,7.853981633974483,125.66370614359172,61.68502750680849,986.9604401089358
R8,43.2,-0.12230415572717789,0.32407568416627897,0.051578247070951176,0.04103994932036637,0.9999999999999897,257182999.6715405,5.675430898315766e-16,7.853981633974483,125.66370614359172,61.68502750680849,986.9604401089358
R8,43.3,-0.12230438249782297,0.324075430932258,0.05157820676750498,0.04103933195789701,0.99999999999999,257183219.82517815,6.970029645992994e-17,7.853981633974483,125.66370614359172,61.68502750680849,986.9604401089358
R8,43.4,-0.12230460927203098,0.32407517765684607,0.05157816645747121,0.04103870604778916,0.9999999999999898,257183440.0149778,2.760162888465401e-16,7.853981633974483,125.66370614359172,61.68502750680849,986.9604401089358
R8,43.5,-0.12230483603360152,0.3240749243636709,0.05157812614461033,0.041038079243042154,0.9999999999999893,257183660.2524842,2.0845822954077768e-16,7.853981633974483,125.66370614359172,61.68502750680849,986.9604401089358
R8,43.6,-0.12230506276880583,0.3240746710683196,0.05157808583140311,0.04103743207329232,0.9999999999999891,257183880.49601188,5.057502159936774e-16,7.853981633974483,125.66370614359172,61.68502750680849,986.9604401089358
R8,43.7,-0.12230528944909609,0.3240744178070394,0.05157804552361847,0.041036817846988705,0.99999999999999,257184100.716663,2.6924591759565597e-16,7.853981633974483,125.66370614359172,61.68502750680849,986.9604401089358
R8,43.8,-0.12230551614030458,0.324074164496206,0.0515780052079472,0.04103617806451052,0.9999999999999896,257184320.99335608,2.476773024851978e-16,7.853981633974483,125.66370614359172,61.68502750680849,986.9604401089358
R8,43.9,-0.12230574278510904,0.32407391120808304,0.0515779648958904,0.04103557014130718,0.9999999999999897,257184541.2895827,1.9174384656422574e-16,7.853981633974483,125.66370614359172,61.68502750680849,986.9604401089358
R8,44.0,-0.12230596942740526,0.3240736578904466,0.05157792457913639,0.04103494862442749,0.9999999999999898,257184761.60826242,2.506879475211386e-16,7.853981633974483,125.66370614359172,61.68502750680849,986.9604401089358
R8,44.1,-0.12230619602485285,0.3240734045899501,0.051577884265110285,0.041034284485106924,0.9999999999999893,257184981.9204323,3.651112194802117e-17,7.853981633974483,125.66370614359172,61.68502750680849,986.9604401089358
R8,44.2,-0.12230642261150726,0.32407315126873126,0.05157784394778611,0.0410336863370191,0.9999999999999893,257185202.28002724,8.91936222920408e-17,7.853981633974483,125.66370614359172,61.68502750680849,986.9604401089358
R8,44.3,-0.12230664917011926,0.32407289794760635,0.0515778036304769,0.04103309321329052,0.99999999999999,257185422.63949093,8.70337868448879e-17,7.853981633974483,125.66370614359172,61.68502750680849,986.9604401089358
R8,44.4,-0.12230687571102043,0.32407264461065255,0.05157776331064843,0.041032437978899924,0.9999999999999895,257185643.03971297,5.4524963304067854e-17,7.853981633974483,125.66370614359172,61.68502750680849,986.9604401089358
R8,44.5,-0.1223071022269789,0.32407239127019377,0.05157772299026213,0.04103183264199673,0.9999999999999893,257185863.44708398,2.5249217857061205e-17,7.853981633974483,125.66370614359172,61.68502750680849,986.9604401089358
R8,44.6,-0.12230732872256446,0.32407213792733736,0.05157768266949424,0.041031147336022825,0.9999999999999886,257186083.87255585,1.484639217331246e-16,7.853981633974483,125.66370614359172,61.68502750680849,986.9604401089358
R8,44.7,-0.12230755518364447,0.3240718845837388,0.051577642348608226,0.04103060930171352,0.9999999999999898,257186304.32186115,9.496643225890231e-17,7.853981633974483,125.66370614359172,61.68502750680849,986.9604401089358
R8,44.8,-0.12230778163317733,0.3240716312226415,0.0515776020249372,0.041029924441854035,0.9999999999999893,257186524.7809994,2.8443377578687153e-16,7.853981633974483,125.66370614359172,61.68502750680849,986.9604401089358
R8,44.9,-0.12230800806546324,0.3240713778434029,0.051577561698378904,0.04102928111940695,0.9999999999999893,257186745.2947115,2.5577365648160093e-16,7.853981633974483,125.66370614359172,61.68502750680849,986.9604401089358
R8,45.0,-0.12230823445264714,0.3240711244894699,0.05157752137584811,0.04102868880287023,0.9999999999999898,257186965.77748168,1.3774974158062543e-16,7.853981633974483,125.66370614359172,61.68502750680849,986.9604401089358
R8,45.1,-0.12230846083364523,0.32407087110771293,0.051577481048889005,0.04102803381912773,0.9999999999999893,257187186.3216641,2.4109523098041617e-17,7.853981633974483,125.66370614359172,61.68502750680849,986.9604401089358
R8,45.2,-0.12230868718543571,0.32407061772921164,0.05157744072244805,0.041027412546829074,0.9999999999999893,257187406.8535584,1.0011783519975367e-16,7.853981633974483,125.66370614359172,61.68502750680849,986.9604401089358
R8,45.3,-0.12230891351732431,0.3240703643374713,0.05157740039390003,0.04102680054969882,0.9999999999999897,257187627.43522364,3.0034127045977376e-16,7.853981633974483,125.66370614359172,61.68502750680849,986.9604401089358
R8,45.4,-0.1223091398103947,0.3240701109633157,0.051577360068150724,0.04102612634838374,0.9999999999999895,257187847.99061403,1.1142130948936425e-16,7.853981633974483,125.66370614359172,61.68502750680849,986.9604401089358
R8,45.5,-0.12230936609675859,0.32406985755913925,0.05157731973762344,0.04102554451435802,0.9999999999999898,257188068.59442776,1.9751812138256637e-16,7.853981633974483,125.66370614359172,61.68502750680849,986.9604401089358
R8,45.6,-0.12230959236225356,0.32406960414333547,0.051577279405245605,0.04102494395418559,0.9999999999999897,257188289.23125106,1.2298922304747496e-16,7.853981633974483,125.66370614359172,61.68502750680849,986.9604401089358
R8,45.7,-0.12230981859265419,0.324069350740824,0.051577239074983315,0.04102425980942658,0.9999999999999896,257188509.8612142,6.684332319683434e-17,7.853981633974483,125.66370614359172,61.68502750680849,986.9604401089358
R8,45.8,-0.122310044801622,0.32406909732824324,0.051577198743118446,0.04102362321403809,0.9999999999999896,257188730.51898146,7.742644698777498e-17,7.853981633974483,125.66370614359172,61.68502750680849,986.9604401089358
R8,45.9,-0.12231027098627048,0.3240688439093768,0.05157715841025318,0.0410230448206243,0.9999999999999898,257188951.20364812,1.8230196621445764e-16,7.853981633974483,125.66370614359172,61.68502750680849,986.9604401089358
R8,46.0,-0.12231049714355964,0.3240685904919426,0.051577118077615856,0.04102240975118492,0.9999999999999895,257189171.88782138,3.455916121491426e-16,7.853981633974483,125.66370614359172,61.68502750680849,986.9604401089358
R8,46.1,-0.12231072329885528,0.32406833703769833,0.051577077739120035,0.04102180543413635,0.9999999999999899,257189392.62482604,6.594182577837354e-17,7.853981633974483,125.66370614359172,61.68502750680849,986.9604401089358
R8,46.2,-0.12231094941633898,0.32406808360319234,0.05157703740376566,0.04102115493251261,0.9999999999999897,257189613.36075836,1.5968048204208974e-16,7.853981633974483,125.66370614359172,61.68502750680849,986.9604401089358
R8,46.3,-0.12231117550320515,0.32406783016490687,0.05157699706780976,0.041020503379293895,0.9999999999999892,257189834.10902244,1.7552543570601959e-16,7.853981633974483,125.66370614359172,61.68502750680849,986.9604401089358
R8,46.4,-0.12231140157898074,0.32406757670204045,0.05157695672794168,0.041019857593389865,0.9999999999999896,257190054.90083158,1.2859954989074293e-16,7.853981633974483,125.66370614359172,61.68502750680849,986.9604401089358
R8,46.5,-0.12231162763521579,0.32406732323903437,0.05157691638805137,0.04101920155830547,0.9999999999999902,257190275.70149806,9.169255738989549e-17,7.853981633974483,125.66370614359172,61.68502750680849,986.9604401089358
R8,46.6,-0.12231185365548745,0.3240670697791566,0.051576876048658946,0.041018582159365664,0.9999999999999898,257190496.51066372,3.933076460735703e-17,7.853981633974483,125.66370614359172,61.68502750680849,986.9604401089358
R8,46.7,-0.12231207965811493,0.3240668163078628,0.05157683570744961,0.04101803638862515,0.9999999999999902,257190717.35496983,1.1446827893190115e-16,7.853981633974483,125.66370614359172,61.68502750680849,986.9604401089358
R8,46.8,-0.12231230563123763,0.3240665628385061,0.051576795366548564,0.04101739037844968,0.9999999999999896,257190938.1927124,2.0657181305218934e-16,7.853981633974483,125.66370614359172,61.68502750680849,986.9604401089358
R8,46.9,-0.12231253157715542,0.32406630936876535,0.051576755025586396,0.041016774237076795,0.9999999999999893,257191159.05501112,2.56055466263949e-16,7.853981633974483,125.66370614359172,61.68502750680849,986.9604401089358
R8,47.0,-0.12231275751887112,0.3240660558663677,0.05157671467942673,0.041016122012705984,0.9999999999999889,257191379.97417274,1.0031051522373205e-16,7.853981633974483,125.66370614359172,61.68502750680849,986.9604401089358
R8,47.1,-0.12231298342197519,0.32406580237743715,0.05157667433541041,0.04101547251053977,0.9999999999999896,257191600.87440535,4.5217363507563234e-17,7.853981633974483,125.66370614359172,61.68502750680849,986.9604401089358
R8,47.2,-0.12231320930644905,0.32406554887636607,0.05157663398946187,0.04101486188834014,0.9999999999999896,257191821.81197175,1.64211008037586e-16,7.853981633974483,125.66370614359172,61.68502750680849,986.9604401089358
R8,47.3,-0.12231343517622031,0.3240652953627386,0.051576593641514915,0.04101423628602431,0.9999999999999896,257192042.7662717,2.119990792436743e-16,7.853981633974483,125.66370614359172,61.68502750680849,986.9604401089358
R8,47.4,-0.12231366100481234,0.3240650418633031,0.05157655329582669,0.04101362240040974,0.9999999999999905,257192263.7302444,1.6123264850026293e-16,7.853981633974483,125.66370614359172,61.68502750680849,986.9604401089358
R8,47.5,-0.12231388681134414,0.32406478835383123,0.05157651294854112,0.041012968280306136,0.9999999999999893,257192484.7097456,1.0705353887324967e-16,7.853981633974483,125.66370614359172,61.68502750680849,986.9604401089358
R8,47.6,-0.1223141126063697,0.3240645348245113,0.05157647259809663,0.041012352364452,0.99999999999999,257192705.72631264,2.3184620720961345e-16,7.853981633974483,125.66370614359172,61.68502750680849,986.9604401089358
R8,47.7,-0.12231433838598471,0.32406428128355036,0.05157643224579942,0.04101173019405732,0.9999999999999897,257192926.76054198,1.968559903288908e-16,7.853981633974483,125.66370614359172,61.68502750680849,986.9604401089358
R8,47.8,-0.12231456412084857,0.32406402775840654,0.051576391896019584,0.04101112609396684,0.99999999999999,257193147.79807857,2.178911226623773e-16,7.853981633974483,125.66370614359172,61.68502750680849,986.9604401089358
R8,47.9,-0.12231478985038938,0.32406377420461063,0.051576351541679624,0.04101046096221653,0.9999999999999893,257193368.87442312,1.5522834531767206e-16,7.853981633974483,125.66370614359172,61.68502750680849,986.9604401089358
R8,48.0,-0.12231501554018848,0.3240635206647858,0.05157631118956323,0.04100984595193734,0.9999999999999899,257193589.96557316,3.090095749314922e-16,7.853981633974483,125.66370614359172,61.68502750680849,986.9604401089358
R8,48.1,-0.12231524120231578,0.3240632671304717,0.0515762708383239,0.04100923805355158,0.9999999999999897,257193811.0447556,1.904475469061571e-16,7.853981633974483,125.66370614359172,61.68502750680849,986.9604401089358
R8,48.2,-0.12231546686110897,0.32406301356075945,0.051576230481450776,0.04100860805567536,0.9999999999999891,257194032.1765071,7.452021071089508e-17,7.853981633974483,125.66370614359172,61.68502750680849,986.9604401089358
R8,48.3,-0.12231569249192,0.3240627599921528,0.05157619012475362,0.04100797038910748,0.9999999999999899,257194253.331214,1.126603314022889e-16,7.853981633974483,125.66370614359172,61.68502750680849,986.9604401089358
R8,48.4,-0.12231591809862487,0.3240625064146701,0.05157614976664379,0.04100731965382497,0.9999999999999898,257194474.49832913,1.110192346994672e-16,7.853981633974483,125.66370614359172,61.68502750680849,986.9604401089358
R8,48.5,-0.1223161436767946,0.3240622528460198,0.05157610940993968,0.04100671525399105,0.9999999999999897,257194695.6731248,8.117585689468838e-17,7.853981633974483,125.66370614359172,61.68502750680849,986.9604401089358
R8,48.6,-0.12231636923016351,0.3240619992659939,0.05157606905142509,0.041006105536572156,0.9999999999999899,257194916.86134648,1.6075525541561027e-16,7.853981633974483,125.66370614359172,61.68502750680849,986.9604401089358
R8,48.7,-0.12231659476860547,0.3240617456675977,0.05157602868998678,0.04100545253122567,0.9999999999999898,257195138.09340236,3.117679122271736e-17,7.853981633974483,125.66370614359172,61.68502750680849,986.9604401089358
R8,48.8,-0.12231682027875988,0.3240614920749808,0.05157598832946826,0.04100482938605488,0.9999999999999896,257195359.34087777,6.980127737588028e-17,7.853981633974483,125.66370614359172,61.68502750680849,986.9604401089358
R8,48.9,-0.12231704576750828,0.3240612384709455,0.051575947967132454,0.04100422983178175,0.9999999999999898,257195580.59970033,8.324744170241932e-17,7.853981633974483,125.66370614359172,61.68502750680849,986.9604401089358
R8,49.0,-0.12231727122980135,0.32406098487095375,0.0515759076054402,0.04100356457059304,0.9999999999999896,257195801.87954286,4.224385131819337e-17,7.853981633974483,125.66370614359172,61.68502750680849,986.9604401089358
R8,49.1,-0.12231749666936287,0.32406073125874785,0.051575867241804005,0.04100292961952802,0.9999999999999898,257196023.19218898,1.8065486991743791e-16,7.853981633974483,125.66370614359172,61.68502750680849,986.9604401089358
R8,49.2,-0.12231772209363363,0.3240604776302296,0.05157582687557161,0.041002285558388064,0.9999999999999898,257196244.5039545,2.90989993223928e-16,7.853981633974483,125.66370614359172,61.68502750680849,986.9604401089358
R8,49.3,-0.12231794747527006,0.3240602240230935,0.0515757865127423,0.04100166592164241,0.9999999999999905,257196465.82215366,1.0125026144238715e-17,7.853981633974483,125.66370614359172,61.68502750680849,986.9604401089358
R8,49.4,-0.1223181728470656,0.3240599703939493,0.05157574614641029,0.04100103113956961,0.9999999999999893,257196687.18771645,1.283900380330511e-16,7.853981633974483,125.66370614359172,61.68502750680849,986.9604401089358
R8,49.5,-0.12231839818877649,0.3240597167653024,0.051575705780157424,0.041000441174911736,0.9999999999999891,257196908.55409807,8.250233741694348e-17,7.853981633974483,125.66370614359172,61.68502750680849,986.9604401089358
R8,49.6,-0.12231862350837985,0.32405946312519057,0.05157566541207986,0.04099975983163339,0.9999999999999898,257197129.94372514,2.9594155594564706e-16,7.853981633974483,125.66370614359172,61.68502750680849,986.9604401089358
R8,49.7,-0.12231884882264664,0.32405920946159417,0.05157562504026461,0.04099917494705465,0.99999999999999,257197351.37191582,1.1113937079116742e-16,7.853981633974483,125.66370614359172,61.68502750680849,986.9604401089358
R8,49.8,-0.12231907409475759,0.3240589558138005,0.051575584670964444,0.04099857585998561,0.9999999999999893,257197572.795671,4.249968789217906e-17,7.853981633974483,125.66370614359172,61.68502750680849,986.9604401089358
R8,49.9,-0.12231929935111109,0.3240587021529147,0.051575544299580604,0.04099789465809096,0.99999999999999,257197794.25239095,4.598034098796643e-17,7.853981633974483,125.66370614359172,61.68502750680849,986.9604401089358
R8,50.0,-0.12231952458302885,0.324058448485771,0.051575503927200776,0.04099723723678304,0.9999999999999893,257198015.72308335,5.939339267849953e-17,7.853981633974483,125.66370614359172,61.68502750680849,986.9604401089358
R17,40.0,-0.2779078523955542,0.3787619028857388,0.06028182909915775,0.16605833813985255,1.0,228369290.5617819,1.8621612559641008e-16,7.853981633974483,125.66370614359172,61.68502750680849,986.9604401089358
R17,40.1,-0.27791428292160647,0.37876323017742464,0.06028204034419048,0.16605531339063684,0.9999999999973954,228369630.18331158,8.568390694778459e-17,7.853981633974483,125.66370614359172,61.68502750680849,986.9604401089358
R17,40.2,-0.2779207136619754,0.3787645568224799,0.060282251486308745,0.16605226444817012,0.9999999999973956,228369970.23154816,2.7982042623648297e-16,7.853981633974483,125.66370614359172,61.68502750680849,986.9604401089358
R17,40.3,-0.27792714495172477,0.378765882528682,0.0602824624790039,0.1660492474717123,0.9999999999973941,228370310.98426795,1.9769373822934826e-16,7.853981633974483,125.66370614359172,61.68502750680849,986.9604401089358
R17,40.4,-0.277933576735379,0.3787672073619155,0.060282673332761785,0.1660462057766678,0.9999999999973956,228370652.38371685,2.921944347530645e-16,7.853981633974483,125.66370614359172,61.68502750680849,986.9604401089358
R17,40.5,-0.27794000875931324,0.378768531555639,0.06028288408473849,0.16604315386866494,0.9999999999973945,228370994.21096817,1.6800927800215873e-16,7.853981633974483,125.66370614359172,61.68502750680849,986.9604401089358
R17,40.6,-0.27794644136079494,0.37876985474163344,0.06028309467633013,0.16604014723611218,0.9999999999973943,228371336.79580468,2.697248931402644e-16,7.853981633974483,125.66370614359172,61.68502750680849,986.9604401089358
R17,40.7,-0.2779528742843476,0.3787711772175714,0.060283305154912786,0.1660371122352482,0.9999999999973946,228371679.87407959,6.625909137903453e-17,7.853981633974483,125.66370614359172,61.68502750680849,986.9604401089358
R17,40.8,-0.27795930766804466,0.3787724988437841,0.06028351549825745,0.16603407512626878,0.9999999999973949,228372023.57403627,2.1120994703659302e-17,7.853981633974483,125.66370614359172,61.68502750680849,986.9604401089358
R17,40.9,-0.27796574151897996,0.3787738196133934,0.06028372570526946,0.1660310293372798,0.9999999999973932,228372367.90554112,2.8494756036853833e-16,7.853981633974483,125.66370614359172,61.68502750680849,986.9604401089358
R17,41.0,-0.27797217578417327,0.3787751395486442,0.060283935779489185,0.16602798815866024,0.999999999997394,228372712.83829728,7.710443104243356e-17,7.853981633974483,125.66370614359172,61.68502750680849,986.9604401089358
R17,41.1,-0.27797861040223887,0.37877645872915977,0.06028414573358907,0.16602496499910746,0.9999999999973938,228373058.30209616,1.808751600865152e-16,7.853981633974483,125.66370614359172,61.68502750680849,986.9604401089358
R17,41.2,-0.2779850454898437,0.3787777770683037,0.06028435555378049,0.16602189908448023,0.9999999999973939,228373404.38258243,6.895036580368196e-17,7.853981633974483,125.66370614359172,61.68502750680849,986.9604401089358
R17,41.3,-0.27799148102824844,0.37877909452669223,0.06028456523379535,0.16601888946785162,0.999999999997392,228373751.1089296,1.1398244035472655e-16,7.853981633974483,125.66370614359172,61.68502750680849,986.9604401089358
R17,41.4,-0.27799791696169135,0.37878041119259875,0.06028477478768277,0.16601583216263352,0.9999999999973939,228374098.40071693,2.837319469873221e-16,7.853981633974483,125.66370614359172,61.68502750680849,986.9604401089358
R17,41.5,-0.2780043532478657,0.37878172708674407,0.06028498421874059,0.1660127989751864,0.9999999999973928,228374446.2383636,1.4053247822075158e-16,7.853981633974483,125.66370614359172,61.68502750680849,986.9604401089358
R17,41.6,-0.27801079010521806,0.37878304202970126,0.060285193498412104,0.16600977890729438,0.999999999997393,228374794.79356274,5.075366739357914e-17,7.853981633974483,125.66370614359172,61.68502750680849,986.9604401089358
R17,41.7,-0.2780172273244458,0.37878435617992173,0.06028540265191566,0.1660067156993443,0.9999999999973923,228375143.90841645,6.050003309278778e-17,7.853981633974483,125.66370614359172,61.68502750680849,986.9604401089358
R17,41.8,-0.27802366485843505,0.37878566963556054,0.060285611694873106,0.16600367449672565,0.9999999999973925,228375493.5064471,2.4960553410951517e-16,7.853981633974483,125.66370614359172,61.68502750680849,986.9604401089358
R17,41.9,-0.27803010295534336,0.3787869821274995,0.06028582058445296,0.1660006326853066,0.9999999999973923,228375843.82877508,2.6804754099183766e-16,7.853981633974483,125.66370614359172,61.68502750680849,986.9604401089358
R17,42.0,-0.27803654153876095,0.3787882937623484,0.0602860293376227,0.16599757677343346,0.9999999999973914,228376194.78309476,1.654680814671658e-16,7.853981633974483,125.66370614359172,61.68502750680849,986.9604401089358
R17,42.1,-0.278042980375768,0.3787896047026075,0.060286237980245024,0.16599456989762382,0.9999999999973921,228376546.20719066,5.747917725287234e-17,7.853981633974483,125.66370614359172,61.68502750680849,986.9604401089358
R17,42.2,-0.27804941961654145,0.3787909148224394,0.06028644649229231,0.165991496695432,0.9999999999973914,228376898.22139984,2.2041645144870135e-16,7.853981633974483,125.66370614359172,61.68502750680849,986.9604401089358
R17,42.3,-0.2780558593617267,0.3787922240213694,0.06028665485777352,0.16598846314967933,0.9999999999973912,228377250.91632482,7.314582141870745e-17,7.853981633974483,125.66370614359172,61.68502750680849,986.9604401089358
R17,42.4,-0.2780622996373655,0.37879353231436846,0.06028686307907133,0.16598541978299228,0.9999999999973905,228377604.29044333,1.7767928431395278e-16,7.853981633974483,125.66370614359172,61.68502750680849,986.9604401089358
R17,42.5,-0.27806874019525224,0.37879483991396873,0.060287071190011296,0.16598236780741052,0.9999999999973899,228377958.13823095,2.5192044515102084e-16,7.853981633974483,125.66370614359172,61.68502750680849,986.9604401089358
R17,42.6,-0.27807518120756386,0.37879614664178346,0.06028727916220229,0.1659793236260565,0.9999999999973912,228378312.62079918,6.496702162234021e-17,7.853981633974483,125.66370614359172,61.68502750680849,986.9604401089358
R17,42.7,-0.27808162259717983,0.3787974525921137,0.060287487010652785,0.16597625277574454,0.9999999999973896,228378667.65753573,2.1509449047669633e-16,7.853981633974483,125.66370614359172,61.68502750680849,986.9604401089358
R17,42.8,-0.27808806453569973,0.3787987575902636,0.06028769470755906,0.16597323769978908,0.9999999999973899,228379023.4080376,9.880666240088147e-17,7.853981633974483,125.66370614359172,61.68502750680849,986.9604401089358
R17,42.9,-0.27809450672092134,0.37880006192943483,0.06028790229958563,0.1659701852680135,0.9999999999973912,228379379.60078934,6.535686031477893e-17,7.853981633974483,125.66370614359172,61.68502750680849,986.9604401089358
R17,43.0,-0.2781009494809134,0.37880136528294717,0.06028810973473971,0.16596714739899857,0.9999999999973899,228379736.53602272,7.064772715131271e-17,7.853981633974483,125.66370614359172,61.68502750680849,986.9604401089358
R17,43.1,-0.2781073925639343,0.37880266793395284,0.06028831705808639,0.1659640953532114,0.9999999999973893,228380093.96145374,9.242508585888771e-17,7.853981633974483,125.66370614359172,61.68502750680849,986.9604401089358
R17,43.2,-0.27811383609196694,0.3788039696986205,0.06028852424036799,0.16596106096223284,0.9999999999973888,228380452.03233448,2.1249425664563778e-16,7.853981633974483,125.66370614359172,61.68502750680849,986.9604401089358
R17,43.3,-0.2781202800633821,0.378805270636259,0.060288731291023814,0.16595797829044565,0.9999999999973888,228380810.70446312,8.921273680458351e-17,7.853981633974483,125.66370614359172,61.68502750680849,986.9604401089358
R17,43.4,-0.27812672442038044,0.3788065707666396,0.06028893821320055,0.16595495127906296,0.9999999999973888,228381169.9538061,1.064305570747112e-16,7.853981633974483,125.66370614359172,61.68502750680849,986.9604401089358
R17,43.5,-0.2781331692829011,0.3788078699873093,0.060289144990592305,0.16595187306503223,0.9999999999973888,228381529.8754265,1.3479821668349673e-16,7.853981633974483,125.66370614359172,61.68502750680849,986.9604401089358
R17,43.6,-0.27813961441671836,0.37880916849410345,0.06028935165436723,0.1659488586139243,0.9999999999973883,228381890.28525,1.9958093519103685e-16,7.853981633974483,125.66370614359172,61.68502750680849,986.9604401089358
R17,43.7,-0.27814606010261717,0.37881046605421476,0.060289558167472904,0.16594578360453213,0.9999999999973881,228382251.40671948,2.0288850677220884e-16,7.853981633974483,125.66370614359172,61.68502750680849,986.9604401089358
R17,43.8,-0.278152506204643,0.3788117628009369,0.06028976455112367,0.1659427379879139,0.9999999999973882,228382613.11326316,8.768687991375578e-17,7.853981633974483,125.66370614359172,61.68502750680849,986.9604401089358
R17,43.9,-0.2781589526789261,0.37881305876040033,0.06028997080947832,0.16593966457410989,0.9999999999973879,228382975.38129628,2.0114486406523004e-16,7.853981633974483,125.66370614359172,61.68502750680849,986.9604401089358
R17,44.0,-0.27816539951946107,0.37881435396851726,0.060290176948252464,0.16593663209848686,0.9999999999973881,228383338.18057418,2.1355168913919962e-16,7.853981633974483,125.66370614359172,61.68502750680849,986.9604401089358
R17,44.1,-0.278171846956178,0.37881564811488944,0.06029038291804468,0.16593356785520555,0.9999999999973874,228383701.78119507,2.0856181669679395e-16,7.853981633974483,125.66370614359172,61.68502750680849,986.9604401089358
R17,44.2,-0.27817829466039307,0.37881694161279955,0.06029058878463095,0.1659305368307578,0.9999999999973883,228384065.82159722,8.584345927372885e-17,7.853981633974483,125.66370614359172,61.68502750680849,986.9604401089358
R17,44.3,-0.27818474283871625,0.37881823423203176,0.060290794511371294,0.1659274550568652,0.9999999999973874,228384430.5070516,2.6102136089153347e-16,7.853981633974483,125.66370614359172,61.68502750680849,986.9604401089358
R17,44.4,-0.2781911914714373,0.37881952598657265,0.06029100010049174,0.16592439038985177,0.9999999999973864,228384795.82416895,1.5055443593741075e-16,7.853981633974483,125.66370614359172,61.68502750680849,986.9604401089358
R17,44.5,-0.27819764041436695,0.3788208169862919,0.06029120556947858,0.16592135280815223,0.999999999997387,228385161.66615847,1.0966656635863088e-16,7.853981633974483,125.66370614359172,61.68502750680849,986.9604401089358
R17,44.6,-0.27820408980620903,0.37882210714953346,0.06029141090533588,0.1659182970014224,0.9999999999973863,228385528.11728963,1.5595966698871788e-16,7.853981633974483,125.66370614359172,61.68502750680849,986.9604401089358
R17,44.7,-0.27821053971782933,0.37882339636277423,0.06029161608999584,0.16591523333570632,0.9999999999973871,228385895.275774,2.578144339555863e-17,7.853981633974483,125.66370614359172,61.68502750680849,986.9604401089358
R17,44.8,-0.2782169899109189,0.37882468489349214,0.06029182116602893,0.16591220419826783,0.9999999999973865,228386262.89959538,2.413364295987297e-16,7.853981633974483,125.66370614359172,61.68502750680849,986.9604401089358
R17,44.9,-0.27822344062728105,0.37882597249110744,0.060292026093554114,0.16590913538598706,0.9999999999973853,228386631.21806195,1.2429423116232674e-16,7.853981633974483,125.66370614359172,61.68502750680849,986.9604401089358
R17,45.0,-0.27822989164491,0.3788272593432173,0.06029223090242843,0.16590605009052767,0.9999999999973863,228387000.05158168,2.897770812272638e-17,7.853981633974483,125.66370614359172,61.68502750680849,986.9604401089358
R17,45.1,-0.2782363431845539,0.378828545282573,0.0602924355660334,0.16590300899914656,0.999999999997385,228387369.5646686,1.6591732602193546e-16,7.853981633974483,125.66370614359172,61.68502750680849,986.9604401089358
R17,45.2,-0.27824279514495515,0.37882983037875045,0.06029264009544239,0.16589993261206032,0.9999999999973861,228387739.68740457,2.3634329457168645e-16,7.853981633974483,125.66370614359172,61.68502750680849,986.9604401089358
R17,45.3,-0.2782492474335786,0.3788311147389178,0.06029284450771173,0.16589689831215268,0.9999999999973859,228388110.32578292,2.859521630994681e-16,7.853981633974483,125.66370614359172,61.68502750680849,986.9604401089358
R17,45.4,-0.27825570025836993,0.37883239812451597,0.060293048764873576,0.16589381612029513,0.9999999999973848,228388481.68872264,4.320321733552084e-17,7.853981633974483,125.66370614359172,61.68502750680849,986.9604401089358
R17,45.5,-0.2782621534040758,0.3788336808019283,0.06029325290932414,0.1658907672300274,0.9999999999973848,228388853.54499304,1.0505209015610282e-16,7.853981633974483,125.66370614359172,61.68502750680849,986.9604401089358
R17,45.6,-0.27826860702584627,0.3788349625487528,0.06029345690566706,0.16588769560720734,0.9999999999973843,228389226.08581218,2.553443317614427e-16,7.853981633974483,125.66370614359172,61.68502750680849,986.9604401089358
R17,45.7,-0.2782750611097719,0.37883624347698314,0.06029366077172666,0.16588466001056396,0.9999999999973848,228389599.22367376,1.7416976057471946e-16,7.853981633974483,125.66370614359172,61.68502750680849,986.9604401089358
R17,45.8,-0.27828151540102414,0.37883752370044177,0.060293864525618364,0.16588158214294976,0.9999999999973839,228389972.83152136,3.4189281726533254e-17,7.853981633974483,125.66370614359172,61.68502750680849,986.9604401089358
R17,45.9,-0.27828797022652707,0.3788388030220367,0.060294068135974,0.16587851813279406,0.9999999999973841,228390347.11408058,2.133268205167349e-16,7.853981633974483,125.66370614359172,61.68502750680849,986.9604401089358
R17,46.0,-0.2782944255947374,0.37884008139586095,0.060294271595487246,0.16587545281380545,0.9999999999973838,228390722.1044171,2.6125219192384657e-16,7.853981633974483,125.66370614359172,61.68502750680849,986.9604401089358
R17,46.1,-0.27830088127335245,0.3788413590124693,0.060294474934485844,0.1658723809444533,0.9999999999973832,228391097.62160924,9.326660187811694e-17,7.853981633974483,125.66370614359172,61.68502750680849,986.9604401089358
R17,46.2,-0.278307337396971,0.37884263575869787,0.060294678134959194,0.16586932381099984,0.9999999999973828,228391473.76933846,7.337884210343073e-17,7.853981633974483,125.66370614359172,61.68502750680849,986.9604401089358
R17,46.3,-0.27831379392784295,0.3788439117143729,0.060294881209612045,0.1658662657200597,0.9999999999973843,228391850.48738956,2.544742609371246e-16,7.853981633974483,125.66370614359172,61.68502750680849,986.9604401089358
R17,46.4,-0.278320250867705,0.3788451868019161,0.06029508414609742,0.16586318162146027,0.9999999999973832,228392227.83315566,1.7516396684579304e-16,7.853981633974483,125.66370614359172,61.68502750680849,986.9604401089358
R17,46.5,-0.27832670818453936,0.3788464611089214,0.06029528695835633,0.16586010676196394,0.999999999997381,228392605.73198903,1.9783533097309388e-16,7.853981633974483,125.66370614359172,61.68502750680849,986.9604401089358
R17,46.6,-0.278333165870599,0.378847734622835,0.06029548964439077,0.16585706857523969,0.9999999999973839,228392984.1946745,1.1547453036374226e-16,7.853981633974483,125.66370614359172,61.68502750680849,986.9604401089358
R17,46.7,-0.2783396240785325,0.37884900719807213,0.06029569218103022,0.1658539809334449,0.9999999999973821,228393363.35686937,1.3158373263698543e-16,7.853981633974483,125.66370614359172,61.68502750680849,986.9604401089358
R17,46.8,-0.2783460827126467,0.378850278925828,0.060295894582788834,0.1658509084736303,0.9999999999973821,228393743.13034979,1.4956937775601467e-16,7.853981633974483,125.66370614359172,61.68502750680849,986.9604401089358
R17,46.9,-0.2783525417142193,0.37885154983841784,0.060296096854809744,0.16584785544914504,0.9999999999973828,228394123.48351008,1.3693566304642685e-16,7.853981633974483,125.66370614359172,61.68502750680849,986.9604401089358
R17,47.0,-0.27835900110503453,0.3788528199709641,0.06029629900268286,0.16584479936130275,0.9999999999973821,228394504.39428374,9.944824907092e-17,7.853981633974483,125.66370614359172,61.68502750680849,986.9604401089358
R17,47.1,-0.2783654608557486,0.37885408930917636,0.0602965010241338,0.16584171072242315,0.999999999997381,228394885.86807236,2.823655313868438e-16,7.853981633974483,125.66370614359172,61.68502750680849,986.9604401089358
R17,47.2,-0.27837192125622773,0.37885535761103817,0.06029670288064444,0.1658386380688321,0.999999999997381,228395268.13540184,1.4159190394724483e-16,7.853981633974483,125.66370614359172,61.68502750680849,986.9604401089358
R17,47.3,-0.27837838196214665,0.3788566251287771,0.060296904612358045,0.16583555280011664,0.999999999997381,228395650.94647485,2.587183981581227e-16,7.853981633974483,125.66370614359172,61.68502750680849,986.9604401089358
R17,47.4,-0.27838484294200294,0.3788578919644191,0.06029710623551256,0.16583247975366436,0.9999999999973812,228396034.2225197,7.877295614121746e-17,7.853981633974483,125.66370614359172,61.68502750680849,986.9604401089358
R17,47.5,-0.2783913044639353,0.3788591578659991,0.06029730771000648,0.16582940639575897,0.99999999999738,228396418.19779006,2.032378576041127e-16,7.853981633974483,125.66370614359172,61.68502750680849,986.9604401089358
R17,47.6,-0.2783977663856448,0.37886042291871613,0.06029750904939967,0.16582635557131312,0.9999999999973807,228396802.78210074,1.3881104457769827e-16,7.853981633974483,125.66370614359172,61.68502750680849,986.9604401089358
R17,47.7,-0.2784042286821385,0.3788616871688496,0.060297710261057715,0.16582327078625986,0.9999999999973805,228397187.93593225,1.661663598514425e-16,7.853981633974483,125.66370614359172,61.68502750680849,986.9604401089358
R17,47.8,-0.27841069144939656,0.3788629505293311,0.060297911331123256,0.16582018628476614,0.9999999999973803,228397573.74489933,1.227165581418498e-16,7.853981633974483,125.66370614359172,61.68502750680849,986.9604401089358
R17,47.9,-0.2784171546181613,0.37886421306333645,0.060298112269651025,0.16581712862077705,0.9999999999973797,228397960.14557323,2.3435654220790296e-16,7.853981633974483,125.66370614359172,61.68502750680849,986.9604401089358
R17,48.0,-0.27842361819033007,0.37886547476547683,0.06029831307578338,0.16581402325171204,0.9999999999973794,228398347.14504844,1.4529069512881518e-16,7.853981633974483,125.66370614359172,61.68502750680849,986.9604401089358
R17,48.1,-0.2784300821241595,0.3788667356475116,0.06029851375139186,0.16581099200822097,0.9999999999973792,228398734.72490525,6.390531416044972e-17,7.853981633974483,125.66370614359172,61.68502750680849,986.9604401089358
R17,48.2,-0.2784365465158754,0.3788679956972389,0.060298714294534504,0.16580789629852832,0.9999999999973794,228399122.91513184,2.9118500528539895e-16,7.853981633974483,125.66370614359172,61.68502750680849,986.9604401089358
R17,48.3,-0.2784430113770877,0.37886925484965533,0.06029891469486569,0.16580483218974135,0.9999999999973791,228399511.76248688,2.6932457171031384e-17,7.853981633974483,125.66370614359172,61.68502750680849,986.9604401089358
R17,48.4,-0.2784494765510184,0.37887051323471094,0.0602991149730676,0.16580173727615524,0.9999999999973791,228399901.14377582,2.2541092843549815e-16,7.853981633974483,125.66370614359172,61.68502750680849,986.9604401089358
R17,48.5,-0.2784559420005238,0.37887177085569657,0.060299315129664,0.16579864408593495,0.9999999999973788,228400291.048519,2.5609842642333123e-16,7.853981633974483,125.66370614359172,61.68502750680849,986.9604401089358
R17,48.6,-0.2784624082417689,0.37887302738627204,0.06029951511271623,0.16579557760097285,0.9999999999973791,228400681.8129748,3.6617046984920346e-17,7.853981633974483,125.66370614359172,61.68502750680849,986.9604401089358
R17,48.7,-0.2784688746507356,0.3788742832547086,0.060299714990385785,0.1657925030796682,0.9999999999973777,228401073.0084889,1.3289190673329445e-16,7.853981633974483,125.66370614359172,61.68502750680849,986.9604401089358
R17,48.8,-0.2784753415683043,0.3788755381827455,0.06029991471838608,0.16578943500035476,0.9999999999973787,228401464.90072072,1.2265037798513953e-16,7.853981633974483,125.66370614359172,61.68502750680849,986.9604401089358
R17,48.9,-0.27848180881567747,0.37887679237098226,0.06030011432864353,0.16578635500529088,0.9999999999973783,228401857.3069251,2.155461696014062e-16,7.853981633974483,125.66370614359172,61.68502750680849,986.9604401089358
R17,49.0,-0.27848827658529274,0.3788780456218466,0.060300313789713525,0.16578324742404907,0.9999999999973775,228402250.41276178,1.1401469571045668e-16,7.853981633974483,125.66370614359172,61.68502750680849,986.9604401089358
R17,49.1,-0.27849474469095903,0.37887929805853116,0.06030051312120278,0.16578015752556535,0.9999999999973773,228402644.08921677,1.7177513842028374e-16,7.853981633974483,125.66370614359172,61.68502750680849,986.9604401089358
R17,49.2,-0.27850121310904125,0.3788805497874326,0.06030071234004485,0.16577708601128907,0.9999999999973777,228403038.2575358,1.6294183491530526e-16,7.853981633974483,125.66370614359172,61.68502750680849,986.9604401089358
R17,49.3,-0.27850768211602395,0.37888180048879133,0.060300911395348426,0.16577401663202315,0.9999999999973779,228403433.20004287,1.2260083103200485e-16,7.853981633974483,125.66370614359172,61.68502750680849,986.9604401089358
R17,49.4,-0.2785141514238739,0.3788830504489259,0.06030111033268251,0.16577092278892416,0.9999999999973768,228403828.6564679,1.3766364994419952e-16,7.853981633974483,125.66370614359172,61.68502750680849,986.9604401089358
R17,49.5,-0.27852062117957926,0.3788842995514996,0.060301309133531544,0.16576783422441219,0.9999999999973768,228404224.73773438,2.919625220453469e-16,7.853981633974483,125.66370614359172,61.68502750680849,986.9604401089358
R17,49.6,-0.27852709130650566,0.37888554782060013,0.06030150780172921,0.16576474632319593,0.9999999999973759,228404621.41053194,2.6839693755292304e-16,7.853981633974483,125.66370614359172,61.68502750680849,986.9604401089358
R17,49.7,-0.2785335619504281,0.3788867951583578,0.060301706321699046,0.1657616608259672,0.9999999999973761,228405018.77495557,1.164000934092269e-16,7.853981633974483,125.66370614359172,61.68502750680849,986.9604401089358
R17,49.8,-0.27854003284926143,0.3788880418164402,0.060301904733495205,0.16575856371423642,0.9999999999973758,228405416.59993652,4.296889950224242e-17,7.853981633974483,125.66370614359172,61.68502750680849,986.9604401089358
R17,49.9,-0.278546504192267,0.3788892875857569,0.06030210300383991,0.16575550180153062,0.9999999999973761,228405815.07144144,9.697333797524874e-17,7.853981633974483,125.66370614359172,61.68502750680849,986.9604401089358
R17,50.0,-0.2785529760690603,0.37889053240829584,0.060302301123500254,0.16575242455236863,0.9999999999973762,228406214.24942285,5.886728523175102e-17,7.853981633974483,125.66370614359172,61.68502750680849,986.9604401089358
R21,40.0,-2.3334291033214227,29.862623754333185,4.75278418419558,0.97265724279345,1.0,10197233.250163242,4.9362754865234646e-15,7.853981633974483,125.66370614359172,61.68502750680849,986.9604401089358
R21,40.1,-2.278917240889042,29.824221776345013,4.746672319574256,0.9726930311781278,0.9999989846033052,10193767.231976982,5.963482307462247e-18,7.853981633974483,125.66370614359172,61.68502750680849,986.9604401089358
R21,40.2,-2.224779315491824,29.78585646701525,4.740566290951175,0.9727285222671102,0.9999989921280283,10190336.07336065,4.801552943958438e-18,7.853981633974483,125.66370614359172,61.68502750680849,986.9604401089358
R21,40.3,-2.171012080848783,29.747528713630825,4.734466239542437,0.9727637192393311,0.9999989995617331,10186939.401712043,7.241979063672808e-18,7.853981633974483,125.66370614359172,61.68502750680849,986.9604401089358
R21,40.4,-2.11761232524332,29.709239381276895,4.72837230303062,0.9727986246800339,0.9999990069083099,10183576.850159848,5.930325889231959e-18,7.853981633974483,125.66370614359172,61.68502750680849,986.9604401089358
R21,40.5,-2.0645768718678648,29.670989314099558,4.72228461576575,0.9728332416837927,0.9999990141659334,10180248.05538022,2.1242517163545905e-18,7.853981633974483,125.66370614359172,61.68502750680849,986.9604401089358
R21,40.6,-2.0119025783513522,29.63277933571245,4.716203308830007,0.9728675734501605,0.9999990213375228,10176952.659857336,5.464696083872735e-18,7.853981633974483,125.66370614359172,61.68502750680849,986.9604401089358
R21,40.7,-1.9595863363114479,29.594610249641985,4.710128510108593,0.9729016228647254,0.9999990284249074,10173690.311305529,1.6371183647344991e-18,7.853981633974483,125.66370614359172,61.68502750680849,986.9604401089358
R21,40.8,-1.9076250709122198,29.55648283973923,4.704060344355278,0.9729353926312284,0.9999990354288738,10170460.661318837,4.971566426638493e-18,7.853981633974483,125.66370614359172,61.68502750680849,986.9604401089358
R21,40.9,-1.8560157404203421,29.518397870589293,4.697998933257564,0.9729688852531763,0.9999990423521351,10167263.366078813,7.168369806476668e-18,7.853981633974483,125.66370614359172,61.68502750680849,986.9604401089358
R21,41.0,-1.8047553357763497,29.480356087910863,4.691944395500264,0.9730021039307687,0.9999990491925409,10164098.087233938,4.091338392410917e-18,7.853981633974483,125.66370614359172,61.68502750680849,986.9604401089358
R21,41.1,-1.7538408801636096,29.442358218943852,4.685896846827206,0.9730350513550367,0.9999990559556484,10160964.490491837,1.140536400582844e-17,7.853981633974483,125.66370614359172,61.68502750680849,986.9604401089358
R21,41.2,-1.7032694285983894,29.40440497283435,4.679856400102495,0.9730677300777366,0.9999990626394707,10157862.245612046,6.8053432728139124e-18,7.853981633974483,125.66370614359172,61.68502750680849,986.9604401089358
R21,41.3,-1.6530380675073615,29.366497041009747,4.673823165370219,0.9731001427639886,0.9999990692479481,10154791.02719119,2.089437537638834e-18,7.853981633974483,125.66370614359172,61.68502750680849,986.9604401089358
R21,41.4,-1.6031439143290938,29.32863509754274,4.667797249912379,0.9731322922183584,0.9999990757781914,10151750.513944041,2.057613282686431e-19,7.853981633974483,125.66370614359172,61.68502750680849,986.9604401089358
R21,41.5,-1.5535841171122189,29.29081979950752,4.661778758305581,0.9731641809121975,0.9999990822365027,10148740.388734907,2.778395127202673e-18,7.853981633974483,125.66370614359172,61.68502750680849,986.9604401089358
R21,41.6,-1.5043558541166961,29.25305178733196,4.655767792477085,0.9731958115079357,0.9999990886214043,10145760.338338742,2.8845544168062054e-18,7.853981633974483,125.66370614359172,61.68502750680849,986.9604401089358
R21,41.7,-1.455456333431504,29.215331685134217,4.649764451758383,0.9732271863392165,0.9999990949323566,10142810.054745594,1.0136008243276418e-17,7.853981633974483,125.66370614359172,61.68502750680849,986.9604401089358
R21,41.8,-1.4068827925917329,29.177660101070558,4.64376883294055,0.9732583081121697,0.9999991011744237,10139889.232112829,1.0810736561096298e-17,7.853981633974483,125.66370614359172,61.68502750680849,986.9604401089358
R21,41.9,-1.3586324981992657,29.14003762764883,4.637781030324138,0.9732891792440108,0.9999991073446031,10136997.57056836,6.8648339358896835e-18,7.853981633974483,125.66370614359172,61.68502750680849,986.9604401089358
R21,42.0,-1.3107027455532,29.10246484205694,4.6318011357714575,0.9733198020969998,0.9999991134477864,10134134.772381527,8.284995517659827e-18,7.853981633974483,125.66370614359172,61.68502750680849,986.9604401089358
R21,42.1,-1.2630908582852227,29.064942306472478,4.625829238755848,0.9733501790426491,0.9999991194816897,10131300.544591658,6.012607106373874e-18,7.853981633974483,125.66370614359172,61.68502750680849,986.9604401089358
R21,42.2,-1.2157941880060061,29.027470568376373,4.619865426411608,0.9733803124707221,0.9999991254505443,10128494.59776935,4.630532201948858e-18,7.853981633974483,125.66370614359172,61.68502750680849,986.9604401089358
R21,42.3,-1.1688101139369726,28.990050160849187,4.613909783581144,0.97341020517784,0.9999991313515212,10125716.646313654,2.9189302944515996e-18,7.853981633974483,125.66370614359172,61.68502750680849,986.9604401089358
R21,42.4,-1.1221360425743645,28.95268160285908,4.607962392860802,0.9734398586302788,0.9999991371889789,10122966.407849597,9.022826449240501e-18,7.853981633974483,125.66370614359172,61.68502750680849,986.9604401089358
R21,42.5,-1.0757694073374662,28.915365399563505,4.602023334648889,0.9734692756325363,0.9999991429634382,10120243.604452029,5.282649703956057e-18,7.853981633974483,125.66370614359172,61.68502750680849,986.9604401089358
R21,42.6,-1.0297076682376147,28.878102042577346,4.596092687188344,0.9734984586607591,0.9999991486737554,10117547.960814457,5.6466480214526695e-18,7.853981633974483,125.66370614359172,61.68502750680849,986.9604401089358
R21,42.7,-0.9839483115372143,28.84089201025797,4.5901705266121064,0.9735274091894484,0.9999991543231443,10114879.205517832,6.49225408297281e-18,7.853981633974483,125.66370614359172,61.68502750680849,986.9604401089358
R21,42.8,-0.9384888494256584,28.803735767972398,4.5842569269856375,0.9735561302350838,0.9999991599112219,10112237.070242675,3.85357392491579e-18,7.853981633974483,125.66370614359172,61.68502750680849,986.9604401089358
R21,42.9,-0.8933268196885974,28.766633768356137,4.578351960348116,0.9735846233127716,0.9999991654391536,10109621.290927352,6.291439542464913e-18,7.853981633974483,125.66370614359172,61.68502750680849,986.9604401089358
R21,43.0,-0.8484597854013274,28.72958645158462,4.572455696755638,0.9736128910304115,0.9999991709072655,10107031.605766283,4.668774768744887e-18,7.853981633974483,125.66370614359172,61.68502750680849,986.9604401089358
R21,43.1,-0.8038853346028108,28.6925942456114,4.566568204319126,0.9736409354615729,0.999999176318302,10104467.75669591,6.860609078678683e-18,7.853981633974483,125.66370614359172,61.68502750680849,986.9604401089358
R21,43.2,-0.7596010799929642,28.65565756642602,4.560689549245373,0.9736687582125332,0.9999991816718402,10101929.489009965,8.349027952328596e-18,7.853981633974483,125.66370614359172,61.68502750680849,986.9604401089358
R21,43.3,-0.7156046586176692,28.61877681829773,4.5548197958758285,0.9736963618589601,0.999999186968151,10099416.550919255,8.522949476614817e-18,7.853981633974483,125.66370614359172,61.68502750680849,986.9604401089358
R21,43.4,-0.671893731586791,28.581952394002602,4.548959006722746,0.9737237484118267,0.9999991922084454,10096928.693825714,8.359843020296832e-18,7.853981633974483,125.66370614359172,61.68502750680849,986.9604401089358
R21,43.5,-0.628465983753585,28.54518467506575,4.543107242507733,0.9737509197519112,0.9999991973950496,10094465.671949327,4.356269266210758e-18,7.853981633974483,125.66370614359172,61.68502750680849,986.9604401089358
R21,43.6,-0.5853191234448395,28.508474031990705,4.537264562198256,0.9737778776669477,0.9999992025263831,10092027.243162112,2.120661406062655e-18,7.853981633974483,125.66370614359172,61.68502750680849,986.9604401089358
R21,43.7,-0.5424508821569273,28.471820824475714,4.531431023042073,0.9738046246841279,0.9999992076042326,10089613.167856082,5.03725062778031e-18,7.853981633974483,125.66370614359172,61.68502750680849,986.9604401089358
R21,43.8,-0.4998590142799936,28.435225401631783,4.525606680601923,0.9738311621163249,0.9999992126300663,10087223.209280327,7.220189160546735e-18,7.853981633974483,125.66370614359172,61.68502750680849,986.9604401089358
R21,43.9,-0.4575412968161787,28.398688102205828,4.519791588791054,0.9738574921398387,0.9999992176048044,10084857.133756481,7.507691794576064e-18,7.853981633974483,125.66370614359172,61.68502750680849,986.9604401089358
R21,44.0,-0.4154955291048267,28.362209254781508,4.5139857999051785,0.9738836167102759,0.9999992225263818,10082514.710435905,1.4254518569450958e-17,7.853981633974483,125.66370614359172,61.68502750680849,986.9604401089358
R21,44.1,-0.37371953255296353,28.325789177988224,4.508189364655741,0.9739095378104152,0.9999992273995473,10080195.711087344,9.998619286941374e-18,7.853981633974483,125.66370614359172,61.68502750680849,986.9604401089358
R21,44.2,-0.33221115036095944,28.2894281807013,4.502402332201775,0.9739352572092521,0.999999232221701,10077899.910926785,6.6915208729586096e-18,7.853981633974483,125.66370614359172,61.68502750680849,986.9604401089358
R21,44.3,-0.29096824726256637,28.25312656223699,4.496624750180945,0.9739607767531518,0.9999992369939251,10075627.086844893,6.985056025587161e-18,7.853981633974483,125.66370614359172,61.68502750680849,986.9604401089358
R21,44.4,-0.2499887092669996,28.216884612554114,4.490856664741627,0.9739860977586852,0.9999992417204174,10073377.019074718,3.668330323732752e-18,7.853981633974483,125.66370614359172,61.68502750680849,986.9604401089358
R21,44.5,-0.20927044339934553,28.18070261242664,4.485098120570388,0.9740112229546812,0.9999992463973338,10071149.490758946,8.93354338201467e-18,7.853981633974483,125.66370614359172,61.68502750680849,986.9604401089358
R21,44.6,-0.16881137744763525,28.144580833649655,4.479349160924759,0.9740361532636488,0.9999992510279246,10068944.286169032,6.806467323710634e-18,7.853981633974483,125.66370614359172,61.68502750680849,986.9604401089358
R21,44.7,-0.1286094597205351,28.108519539200977,4.47360982765896,0.9740608909708809,0.9999992556122603,10066761.19436778,1.0962277158778972e-17,7.853981633974483,125.66370614359172,61.68502750680849,986.9604401089358
R21,44.8,-0.08866265878390667,28.072518983427564,4.467880161253565,0.9740854375074117,0.9999992601511721,10064600.005012723,4.477191789651594e-18,7.853981633974483,125.66370614359172,61.68502750680849,986.9604401089358
R21,44.9,-0.048968963241418625,28.03657941222744,4.462160200844463,0.9741097946789974,0.9999992646441078,10062460.51133135,4.137092766706154e-18,7.853981633974483,125.66370614359172,61.68502750680849,986.9604401089358
R21,45.0,-0.00952638148001732,28.000701063204833,4.456449984247539,0.9741339640524773,0.9999992690938614,10060342.508435925,1.6904111587927717e-18,7.853981633974483,125.66370614359172,61.68502750680849,986.9604401089358
R21,45.1,0.02966705856302703,27.964884165847035,4.45074954798683,0.974157947672206,0.9999992734986726,10058245.794103922,2.617957368555368e-18,7.853981633974483,125.66370614359172,61.68502750680849,986.9604401089358
R21,45.2,0.06861330962556575,27.929128941684375,4.445058927319984,0.9741817465136565,0.9999992778602611,10056170.16890242,1.937376070742699e-18,7.853981633974483,125.66370614359172,61.68502750680849,986.9604401089358
R21,45.3,0.10731430535633395,27.893435604451483,4.439378156263923,0.9742053631568636,0.9999992821790982,10054115.435019638,6.436015212421371e-18,7.853981633974483,125.66370614359172,61.68502750680849,986.9604401089358
R21,45.4,0.14577196054124056,27.85780436025159,4.433707267620996,0.9742287984354175,0.9999992864570653,10052081.39722264,5.995780695511177e-18,7.853981633974483,125.66370614359172,61.68502750680849,986.9604401089358
R21,45.5,0.18398817131809195,27.82223540769123,4.428046293000413,0.9742520539641297,0.999999290692618,10050067.86225237,5.659455836563847e-18,7.853981633974483,125.66370614359172,61.68502750680849,986.9604401089358
R21,45.6,0.2219648154077224,27.78672893805301,4.422395262845749,0.9742751319200733,0.999999294886829,10048074.6401901,1.6633458995957676e-18,7.853981633974483,125.66370614359172,61.68502750680849,986.9604401089358
R21,45.7,0.25970375231720494,27.751285135434056,4.416754206456968,0.9742980332426736,0.9999992990411436,10046101.542031644,8.180427609283847e-18,7.853981633974483,125.66370614359172,61.68502750680849,986.9604401089358
R21,45.8,0.2972068235661262,27.715904176884532,4.4111231520124825,0.9743207598287397,0.9999993031557974,10044148.381555973,6.643788827082807e-18,7.853981633974483,125.66370614359172,61.68502750680849,986.9604401089358
R21,45.9,0.33447585288844983,27.68058623256141,4.405502126593613,0.9743433131143889,0.9999993072307051,10042214.974869188,4.9886106542115095e-18,7.853981633974483,125.66370614359172,61.68502750680849,986.9604401089358
R21,46.0,0.37151264644008236,27.645331465861766,4.399891156205813,0.9743656946381589,0.9999993112664101,10040301.13955524,9.181640432426176e-18,7.853981633974483,125.66370614359172,61.68502750680849,986.9604401089358
R21,46.1,0.4083189930138356,27.610140033556725,4.394290265799982,0.9743879056503467,0.9999993152646234,10038406.696225157,7.355641748960511e-18,7.853981633974483,125.66370614359172,61.68502750680849,986.9604401089358
R21,46.2,0.4448966642291492,27.57501208593068,4.3886994792946235,0.9744099480530221,0.9999993192250634,10036531.46654913,4.70649739791051e-18,7.853981633974483,125.66370614359172,61.68502750680849,986.9604401089358
R21,46.3,0.48124741473464544,27.539947766908554,4.383118819596101,0.9744318228701973,0.9999993231469386,10034675.27495105,6.339012897131294e-18,7.853981633974483,125.66370614359172,61.68502750680849,986.9604401089358
R21,46.4,0.5173729824126545,27.504947214188313,4.377548308619726,0.974453531743957,0.9999993270337171,10032837.947091563,1.0493039459701445e-17,7.853981633974483,125.66370614359172,61.68502750680849,986.9604401089358
R21,46.5,0.5532750885565734,27.470010559356936,4.371987967308217,0.9744750762236654,0.99999933088183,10031019.311841782,4.070672552078565e-18,7.853981633974483,125.66370614359172,61.68502750680849,986.9604401089358
R21,46.6,0.5889554380828821,27.43513792802909,4.366437815653769,0.9744964572748082,0.9999993346962145,10029219.198799308,8.255937930400003e-18,7.853981633974483,125.66370614359172,61.68502750680849,986.9604401089358
R21,46.7,0.6244157197029834,27.40032943995558,4.360897872715315,0.9745176769859821,0.9999993384737293,10027437.44036889,5.650119334351995e-18,7.853981633974483,125.66370614359172,61.68502750680849,986.9604401089358
R21,46.8,0.6596576061145987,27.36558520914679,4.35536815663817,0.9745387361089679,0.9999993422176371,10025673.870114097,8.459323705369213e-18,7.853981633974483,125.66370614359172,61.68502750680849,986.9604401089358
R21,46.9,0.6946827541886618,27.330905343987524,4.349848684672312,0.9745596366076623,0.9999993459259918,10023928.324122546,2.6180340560799097e-18,7.853981633974483,125.66370614359172,61.68502750680849,986.9604401089358
R21,47.0,0.7294928051451411,27.296289947352253,4.344339473190723,0.9745803791216294,0.9999993496006995,10022200.639640022,1.7925171615905395e-18,7.853981633974483,125.66370614359172,61.68502750680849,986.9604401089358
R21,47.1,0.7640893847352715,27.261739116720506,4.33884053770775,0.9746009654935819,0.999999353240839,10020490.65633018,6.551355568318384e-18,7.853981633974483,125.66370614359172,61.68502750680849,986.9604401089358
R21,47.2,0.7984741034186347,27.22725294427271,4.333351892894363,0.9746213968999244,0.9999993568486755,10018798.215329027,8.832068998956481e-18,7.853981633974483,125.66370614359172,61.68502750680849,986.9604401089358
R21,47.3,0.8326485565295788,27.192831517018405,4.327873552598562,0.9746416746547635,0.9999993604238393,10017123.159798795,8.978367018575467e-18,7.853981633974483,125.66370614359172,61.68502750680849,986.9604401089358
R21,47.4,0.8666143244570053,27.158474916883307,4.32240552985923,0.9746618000887977,0.9999993639663,10015465.3342607,4.075177496434259e-18,7.853981633974483,125.66370614359172,61.68502750680849,986.9604401089358
R21,47.5,0.9003729728128004,27.124183220819976,4.316947836923746,0.9746817744161028,0.9999993674759086,10013824.58533883,4.25717757261681e-18,7.853981633974483,125.66370614359172,61.68502750680849,986.9604401089358
R21,47.6,0.9339260525931313,27.089956500911306,4.311500485264459,0.9747015991476051,0.9999993709551829,10012200.760975912,6.80970774795138e-18,7.853981633974483,125.66370614359172,61.68502750680849,986.9604401089358
R21,47.7,0.9672751003484602,27.055794824464954,4.306063485593716,0.9747212750936984,0.9999993744031721,10010593.711040035,3.819613603007093e-18,7.853981633974483,125.66370614359172,61.68502750680849,986.9604401089358
R21,47.8,1.0004216383427644,27.021698254113616,4.3006368478798205,0.9747408038158271,0.9999993778193397,10009003.287239017,5.6656567343330096e-18,7.853981633974483,125.66370614359172,61.68502750680849,986.9604401089358
R21,47.9,1.0333671747198596,26.9876668479091,4.2952205813620035,0.9747601863666944,0.9999993812056389,10007429.342498135,3.1960480580585767e-18,7.853981633974483,125.66370614359172,61.68502750680849,986.9604401089358
R21,48.0,1.066113203650747,26.95370065941506,4.289814694565186,0.9747794240996892,0.9999993845621721,10005871.731363961,5.0741577759689595e-18,7.853981633974483,125.66370614359172,61.68502750680849,986.9604401089358
R21,48.1,1.098661205501317,26.919799737801913,4.284419195315083,0.9747985182769947,0.9999993878886516,10004330.310496625,1.0594556327049278e-17,7.853981633974483,125.66370614359172,61.68502750680849,986.9604401089358
R21,48.2,1.1310126469813253,26.885964127938603,4.279034090752808,0.9748174697111179,0.9999993911854194,10002804.937417287,5.310896432417083e-18,7.853981633974483,125.66370614359172,61.68502750680849,986.9604401089358
R21,48.3,1.1631689812944677,26.852193870469073,4.273659387347046,0.9748362801449801,0.9999993944544925,10001295.471686283,5.921673598436652e-18,7.853981633974483,125.66370614359172,61.68502750680849,986.9604401089358
R21,48.4,1.195131648294787,26.818489001912344,4.26829509090998,0.9748549504383904,0.999999397693608,9999801.774280924,5.40759533780168e-18,7.853981633974483,125.66370614359172,61.68502750680849,986.9604401089358
R21,48.5,1.226902074625502,26.78484955474281,4.26294120661007,0.974873481654664,0.9999994009043891,9998323.707367938,3.598185525246156e-18,7.853981633974483,125.66370614359172,61.68502750680849,986.9604401089358
R21,48.6,1.2584816738761118,26.751275557468908,4.2575977389845745,0.9748918750396033,0.9999994040890166,9996861.135036038,3.052990277691681e-18,7.853981633974483,125.66370614359172,61.68502750680849,986.9604401089358
R21,48.7,1.2898718467201202,26.717767034719074,4.252264691953232,0.974910131705998,0.9999994072435731,9995413.922652597,1.1028418443672496e-17,7.853981633974483,125.66370614359172,61.68502750680849,986.9604401089358
R21,48.8,1.321073981056214,26.684324007326918,4.246942068831812,0.9749282529135332,0.9999994103733242,9993981.937187225,8.23861346982794e-18,7.853981633974483,125.66370614359172,61.68502750680849,986.9604401089358
R21,48.9,1.3520894521539488,26.650946492395764,4.241629872342395,0.9749462394415425,0.9999994134743712,9992565.046390304,5.5551711116997504e-18,7.853981633974483,125.66370614359172,61.68502750680849,986.9604401089358
R21,49.0,1.3829196227861804,26.61763450339305,4.236328104628391,0.9749640928075336,0.9999994165495112,9991163.120456444,1.47171011137729e-17,7.853981633974483,125.66370614359172,61.68502750680849,986.9604401089358
R21,49.1,1.413565843379948,26.58438805020507,4.231036767263251,0.9749818138306151,0.9999994195978541,9989776.029864313,8.11949731436338e-18,7.853981633974483,125.66370614359172,61.68502750680849,986.9604401089358
R21,49.2,1.444029452126494,26.551207139234904,4.225755861266056,0.974999403869448,0.9999994226206524,9988403.647614209,4.319379902056139e-18,7.853981633974483,125.66370614359172,61.68502750680849,986.9604401089358
R21,49.3,1.474311775143127,26.518091773456312,4.220485387110098,0.9750168634214027,0.9999994256179455,9987045.847001106,5.745007664574344e-18,7.853981633974483,125.66370614359172,61.68502750680849,986.9604401089358
R21,49.4,1.5044141265844222,26.485041952492768,4.2152253447354475,0.975034194255725,0.9999994285892481,9985702.503142193,5.726401259050977e-18,7.853981633974483,125.66370614359172,61.68502750680849,986.9604401089358
R21,49.5,1.5343378087828436,26.45205767268837,4.209975733560251,0.9750513967876465,0.9999994315357728,9984373.49266322,7.089125869721993e-18,7.853981633974483,125.66370614359172,61.68502750680849,986.9604401089358
R21,49.6,1.5640841123739617,26.41913892717286,4.204736552491074,0.9750684723138693,0.9999994344576107,9983058.692953544,5.357311113718249e-18,7.853981633974483,125.66370614359172,61.68502750680849,986.9604401089358
R21,49.7,1.593654316422695,26.386285705929993,4.199507799933779,0.9750854220811424,0.999999437354828,9981757.983263703,4.973707393599744e-18,7.853981633974483,125.66370614359172,61.68502750680849,986.9604401089358
R21,49.8,1.6230496885475887,26.353497995865094,4.194289473804287,0.9751022467415422,0.999999440228067,9980471.243681036,4.629567339957172e-18,7.853981633974483,125.66370614359172,61.68502750680849,986.9604401089358
R21,49.9,1.6522714850482132,26.320775780868463,4.189081571538657,0.9751189473059179,0.9999994430768486,9979198.355898242,3.283487438591361e-18,7.853981633974483,125.66370614359172,61.68502750680849,986.9604401089358
R21,50.0,1.6813209510248748,26.288119041880293,4.183884090103429,0.9751355250318051,0.9999994459021321,9977939.202259725,3.647949124110988e-18,7.853981633974483,125.66370614359172,61.68502750680849,986.9604401089358
R22,40.0,-0.45527574374210783,0.36607859665293496,0.05826321821745877,0.0781699837173598,1.0,247284034.04444948,1.1133793980123461e-16,7.853981633974483,125.66370614359172,61.68502750680849,986.9604401089358
R22,40.1,-0.45527522473220294,0.36607819569831623,0.05826315440354925,0.07816695533438321,0.9999999999964957,247284268.14896876,1.2174213568167482e-16,7.853981633974483,125.66370614359172,61.68502750680849,986.9604401089358
R22,40.2,-0.4552747056631757,0.3660777948889494,0.05826309061275728,0.07816392967705009,0.9999999999964564,247284502.14248946,1.3500400546940196e-16,7.853981633974483,125.66370614359172,61.68502750680849,986.9604401089358
R22,40.3,-0.4552741865178459,0.3660773942383917,0.058263026847240565,0.07816089382801011,0.9999999999965142,247284736.01341102,1.0951236204027744e-16,7.853981633974483,125.66370614359172,61.68502750680849,986.9604401089358
R22,40.4,-0.45527366729109014,0.3660769937399774,0.058262963105938224,0.07815784852043091,0.999999999996496,247284969.76669347,1.6423106497150476e-16,7.853981633974483,125.66370614359172,61.68502750680849,986.9604401089358
R22,40.5,-0.45527314799933327,0.36607659339551235,0.05826289938913768,0.07815480879729297,0.9999999999964835,247285203.40158188,3.961198274333969e-17,7.853981633974483,125.66370614359172,61.68502750680849,986.9604401089358
R22,40.6,-0.4552726286294844,0.3660761931934863,0.058262835695006995,0.07815179349456759,0.9999999999964965,247285436.9261572,1.6028197067405806e-16,7.853981633974483,125.66370614359172,61.68502750680849,986.9604401089358
R22,40.7,-0.4552721091938917,0.3660757931495148,0.05826277202603148,0.0781487253566243,0.9999999999964865,247285670.32993066,1.0386677817294217e-16,7.853981633974483,125.66370614359172,61.68502750680849,986.9604401089358
R22,40.8,-0.4552715896789416,0.3660753932566455,0.05826270838110462,0.07814570239460768,0.9999999999964893,247285903.6167575,9.665155234409115e-17,7.853981633974483,125.66370614359172,61.68502750680849,986.9604401089358
R22,40.9,-0.4552710700931256,0.3660749935128037,0.05826264475989623,0.07814266654384097,0.9999999999964935,247286136.78851727,1.4383270362123593e-16,7.853981633974483,125.66370614359172,61.68502750680849,986.9604401089358
R22,41.0,-0.4552705504292801,0.3660745939277395,0.05826258116395808,0.07813960870671642,0.9999999999964833,247286369.837677,1.1450931024697252e-16,7.853981633974483,125.66370614359172,61.68502750680849,986.9604401089358
R22,41.1,-0.4552700306978195,0.3660741944892521,0.058262517591348345,0.07813659048432321,0.9999999999964999,247286602.77425465,1.7769344975984242e-16,7.853981633974483,125.66370614359172,61.68502750680849,986.9604401089358
R22,41.2,-0.45526951089935075,0.366073795203025,0.0582624540429716,0.07813352984272098,0.9999999999965135,247286835.593763,5.812858480200499e-17,7.853981633974483,125.66370614359172,61.68502750680849,986.9604401089358
R22,41.3,-0.455268991019074,0.36607339606462574,0.058262390518122376,0.07813046636857889,0.999999999996481,247287068.29852873,1.637338052519975e-16,7.853981633974483,125.66370614359172,61.68502750680849,986.9604401089358
R22,41.4,-0.4552684710605449,0.36607299708848334,0.058262327019097136,0.0781274444700174,0.9999999999964948,247287300.87843612,1.6423889455575122e-16,7.853981633974483,125.66370614359172,61.68502750680849,986.9604401089358
R22,41.5,-0.4552679510422396,0.3660725982580227,0.058262263543257864,0.0781243837885648,0.999999999996485,247287533.34677908,5.5217771608768135e-17,7.853981633974483,125.66370614359172,61.68502750680849,986.9604401089358
R22,41.6,-0.45526743094292754,0.3660721995757249,0.05826220009099945,0.07812136786739754,0.9999999999965035,247287765.70019504,1.3892749916863705e-16,7.853981633974483,125.66370614359172,61.68502750680849,986.9604401089358
R22,41.7,-0.4552669107749067,0.3660718010509275,0.058262136663808,0.07811829947785483,0.9999999999964835,247287997.93237224,1.1902296512448402e-16,7.853981633974483,125.66370614359172,61.68502750680849,986.9604401089358
R22,41.8,-0.45526639053496626,0.36607140267512145,0.058262073260329256,0.07811524521961005,0.999999999996519,247288230.04999322,1.195490745999202e-16,7.853981633974483,125.66370614359172,61.68502750680849,986.9604401089358
R22,41.9,-0.4552658702119676,0.36607100445449137,0.05826200988154754,0.07811218357451727,0.999999999996491,247288462.04736668,1.55071475034445e-16,7.853981633974483,125.66370614359172,61.68502750680849,986.9604401089358
R22,42.0,-0.45526534983132577,0.36607060638090105,0.058261946526167924,0.07810913894046126,0.9999999999964924,247288693.9326135,1.4027963596442441e-16,7.853981633974483,125.66370614359172,61.68502750680849,986.9604401089358
R22,42.1,-0.4552648293748278,0.366070208462691,0.05826188319551785,0.07810609040757246,0.9999999999965157,247288925.6979568,1.3935409725415164e-16,7.853981633974483,125.66370614359172,61.68502750680849,986.9604401089358
R22,42.2,-0.4552643088441099,0.36606981069798367,0.05826181988929849,0.07810305826711275,0.9999999999964924,247289157.34490457,1.0696392452555413e-16,7.853981633974483,125.66370614359172,61.68502750680849,986.9604401089358
R22,42.3,-0.4552637882390701,0.36606941308345436,0.05826175660698071,0.07809998977185895,0.9999999999965015,247289388.87567517,8.718372919965768e-17,7.853981633974483,125.66370614359172,61.68502750680849,986.9604401089358
R22,42.4,-0.4552632675624743,0.36606901561843813,0.05826169334845867,0.07809695354171646,0.9999999999965117,247289620.29138553,9.233430830546984e-17,7.853981633974483,125.66370614359172,61.68502750680849,986.9604401089358
R22,42.5,-0.4552627468127536,0.3660686183067435,0.05826163011433851,0.07809389775391407,0.9999999999964659,247289851.58901533,1.6668836918882377e-16,7.853981633974483,125.66370614359172,61.68502750680849,986.9604401089358
R22,42.6,-0.4552622259979482,0.3660682211487058,0.05826156690467363,0.07809081944801187,0.9999999999965445,247290082.7692253,8.242213066220219e-17,7.853981633974483,125.66370614359172,61.68502750680849,986.9604401089358
R22,42.7,-0.45526170509854913,0.36606782414113787,0.05826150371895675,0.07808776891097964,0.9999999999964677,247290313.83218426,1.5968204057404288e-16,7.853981633974483,125.66370614359172,61.68502750680849,986.9604401089358
R22,42.8,-0.4552611841386661,0.36606742728771485,0.05826144055777279,0.07808471536062109,0.999999999996507,247290544.77743065,8.593610099299143e-17,7.853981633974483,125.66370614359172,61.68502750680849,986.9604401089358
R22,42.9,-0.45526066310129565,0.3660670305834272,0.05826137742032447,0.07808169390324966,0.9999999999964877,247290775.60689366,1.3450723600988309e-16,7.853981633974483,125.66370614359172,61.68502750680849,986.9604401089358
R22,43.0,-0.455260141991877,0.36606663403577305,0.05826131430780514,0.07807860049895618,0.9999999999965231,247291006.31641746,1.1170732457369215e-16,7.853981633974483,125.66370614359172,61.68502750680849,986.9604401089358
R22,43.1,-0.45525962081529003,0.366066237633419,0.05826125121841104,0.07807555947865537,0.999999999996479,247291236.91422886,1.1354926287078519e-16,7.853981633974483,125.66370614359172,61.68502750680849,986.9604401089358
R22,43.2,-0.45525909956076466,0.36606584138867554,0.058261188154101445,0.07807250788657197,0.9999999999964828,247291467.39021483,1.171930523609175e-16,7.853981633974483,125.66370614359172,61.68502750680849,986.9604401089358
R22,43.3,-0.4552585782395254,0.36606544529349605,0.05826112511359569,0.0780694162234052,0.9999999999965241,247291697.75172466,1.4923069906301383e-16,7.853981633974483,125.66370614359172,61.68502750680849,986.9604401089358
R22,43.4,-0.45525805684857895,0.36606504935230116,0.05826106209759735,0.07806637732089688,0.9999999999964813,247291927.9945183,1.0778550861404178e-16,7.853981633974483,125.66370614359172,61.68502750680849,986.9604401089358
R22,43.5,-0.45525753538010494,0.3660646535632393,0.058260999105811735,0.07806332904915449,0.9999999999965408,247292158.11921546,1.8670639710744407e-16,7.853981633974483,125.66370614359172,61.68502750680849,986.9604401089358
R22,43.6,-0.4552570138525004,0.366064257919877,0.058260936137214926,0.07806021816750848,0.9999999999965064,247292388.13358006,1.1824894089270716e-16,7.853981633974483,125.66370614359172,61.68502750680849,986.9604401089358
R22,43.7,-0.45525649223366144,0.3660638624350763,0.05826087319385398,0.07805718590983605,0.9999999999964797,247292618.0235699,1.66438562534427e-16,7.853981633974483,125.66370614359172,61.68502750680849,986.9604401089358
R22,43.8,-0.45525597055910155,0.36606346710242155,0.0582608102747078,0.07805411265429373,0.9999999999965276,247292847.7986391,7.24540851046453e-17,7.853981633974483,125.66370614359172,61.68502750680849,986.9604401089358
R22,43.9,-0.455255448807021,0.36606307191762166,0.05826074737909347,0.07805104712304535,0.9999999999965163,247293077.45904088,1.1013433003641347e-16,7.853981633974483,125.66370614359172,61.68502750680849,986.9604401089358
R22,44.0,-0.45525492698103626,0.3660626768898782,0.058260684508475435,0.07804799176268142,0.9999999999964768,247293306.99774843,1.571732499769874e-16,7.853981633974483,125.66370614359172,61.68502750680849,986.9604401089358
R22,44.1,-0.45525440509315185,0.36606228201231594,0.058260621661759486,0.07804491876310594,0.9999999999965079,247293536.4223605,1.231463051518002e-16,7.853981633974483,125.66370614359172,61.68502750680849,986.9604401089358
R22,44.2,-0.4552538831214257,0.3660618872899897,0.058260558839750114,0.07804182879442757,0.9999999999965217,247293765.7257522,1.8277238187176427e-16,7.853981633974483,125.66370614359172,61.68502750680849,986.9604401089358
R22,44.3,-0.45525336109455405,0.36606149271551913,0.05826049604127271,0.07803877439942077,0.9999999999964984,247293994.91771528,1.6307649430820852e-16,7.853981633974483,125.66370614359172,61.68502750680849,986.9604401089358
R22,44.4,-0.455252838994022,0.3660610982951717,0.05826043326732476,0.07803568863926025,0.9999999999965308,247294223.99008036,9.76210610743887e-17,7.853981633974483,125.66370614359172,61.68502750680849,986.9604401089358
R22,44.5,-0.45525231680826167,0.36606070402694346,0.05826037051758733,0.07803261785083955,0.9999999999964743,247294452.9446153,5.916755457767044e-17,7.853981633974483,125.66370614359172,61.68502750680849,986.9604401089358
R22,44.6,-0.4552517945587357,0.3660603099069739,0.058260307791446,0.07802957846476663,0.9999999999965137,247294681.78532296,1.6086983013638845e-16,7.853981633974483,125.66370614359172,61.68502750680849,986.9604401089358
R22,44.7,-0.4552512722444186,0.36605991594504167,0.0582602450904571,0.078026501869982,0.9999999999965097,247294910.50528675,1.3576813860328464e-16,7.853981633974483,125.66370614359172,61.68502750680849,986.9604401089358
R22,44.8,-0.45525074985553077,0.3660595221359859,0.05826018241379924,0.0780234313053508,0.9999999999964981,247295139.1071637,1.4460430817669449e-16,7.853981633974483,125.66370614359172,61.68502750680849,986.9604401089358
R22,44.9,-0.45525022740052745,0.36605912847580324,0.05826011976083527,0.07802036517212015,0.9999999999964895,247295367.59500062,8.009536861069099e-17,7.853981633974483,125.66370614359172,61.68502750680849,986.9604401089358
R22,45.0,-0.45524970486493016,0.3660587349683718,0.058260057132182415,0.07801728308313918,0.9999999999965195,247295595.9643629,1.2673379661218285e-16,7.853981633974483,125.66370614359172,61.68502750680849,986.9604401089358
R22,45.1,-0.455249182264684,0.3660583416152908,0.058259994528095195,0.07801421721579155,0.9999999999965083,247295824.2152799,1.1944070724786494e-16,7.853981633974483,125.66370614359172,61.68502750680849,986.9604401089358
R22,45.2,-0.45524865959488275,0.36605794841315975,0.058259931948032403,0.07801116021118312,0.999999999996502,247296052.35066065,9.452362943513398e-17,7.853981633974483,125.66370614359172,61.68502750680849,986.9604401089358
R22,45.3,-0.45524813685463317,0.36605755536042706,0.0582598693917471,0.07800805461818432,0.9999999999965629,247296280.37094915,1.329366377915909e-16,7.853981633974483,125.66370614359172,61.68502750680849,986.9604401089358
R22,45.4,-0.4552476140452249,0.36605716246360337,0.05825980686027548,0.0780049796338925,0.9999999999964946,247296508.27151528,1.2435091649468498e-16,7.853981633974483,125.66370614359172,61.68502750680849,986.9604401089358
R22,45.5,-0.45524709116518686,0.3660567697186245,0.05825974435297072,0.07800191518688153,0.9999999999964724,247296736.0556765,1.1240787578489392e-16,7.853981633974483,125.66370614359172,61.68502750680849,986.9604401089358
R22,45.6,-0.45524656821300513,0.3660563771264301,0.05825968186998236,0.0779988362618502,0.9999999999965479,247296963.72124773,1.0865412855505389e-16,7.853981633974483,125.66370614359172,61.68502750680849,986.9604401089358
R22,45.7,-0.455246045191082,0.3660559846860368,0.058259619411153894,0.07799577111427024,0.9999999999964964,247297191.27077994,1.2810673766199613e-16,7.853981633974483,125.66370614359172,61.68502750680849,986.9604401089358
R22,45.8,-0.4552455220954407,0.3660555924013258,0.05825955697710304,0.07799265074227396,0.9999999999965259,247297418.70030627,1.4569329991287966e-16,7.853981633974483,125.66370614359172,61.68502750680849,986.9604401089358
R22,45.9,-0.455244998940033,0.3660552002588164,0.05825949456568427,0.0779895929510854,0.9999999999965319,247297646.02111834,1.8537509458064676e-16,7.853981633974483,125.66370614359172,61.68502750680849,986.9604401089358
R22,46.0,-0.45524447570436605,0.36605480828366804,0.05825943218090185,0.07798649055783594,0.9999999999965108,247297873.21231169,1.0045259183688345e-16,7.853981633974483,125.66370614359172,61.68502750680849,986.9604401089358
R22,46.1,-0.45524395240457993,0.36605441645002434,0.058259369818640584,0.07798342682743317,0.9999999999965008,247298100.2956005,1.5488837546218121e-16,7.853981633974483,125.66370614359172,61.68502750680849,986.9604401089358
R22,46.2,-0.45524342903983606,0.36605402476892673,0.05825930748065778,0.07798034802859555,0.9999999999965083,247298327.2618908,1.1630064846627421e-16,7.853981633974483,125.66370614359172,61.68502750680849,986.9604401089358
R22,46.3,-0.4552429055901538,0.3660536332449927,0.05825924516768834,0.07797727579127699,0.9999999999964826,247298554.1061064,7.892607172320365e-17,7.853981633974483,125.66370614359172,61.68502750680849,986.9604401089358
R22,46.4,-0.45524238207976775,0.36605324186802907,0.058259182878109966,0.07797418890254333,0.9999999999965266,247298780.83780235,1.8359610843022838e-16,7.853981633974483,125.66370614359172,61.68502750680849,986.9604401089358
R22,46.5,-0.4552418585076387,0.3660528506469335,0.058259120613338766,0.07797104566318075,0.9999999999965798,247299007.4507537,1.0896352640428917e-16,7.853981633974483,125.66370614359172,61.68502750680849,986.9604401089358
R22,46.6,-0.4552413348513581,0.3660524595804229,0.058259058373170525,0.07796801263340122,0.9999999999964759,247299233.9436287,1.9416573305000665e-16,7.853981633974483,125.66370614359172,61.68502750680849,986.9604401089358
R22,46.7,-0.45524081113981185,0.3660520686668698,0.05825899615734623,0.07796490941947683,0.9999999999965141,247299460.32057208,7.998842565337378e-17,7.853981633974483,125.66370614359172,61.68502750680849,986.9604401089358
R22,46.8,-0.45524028734447475,0.36605167790295,0.058258933965336816,0.07796181923391984,0.9999999999965297,247299686.58023554,1.1571308412194994e-16,7.853981633974483,125.66370614359172,61.68502750680849,986.9604401089358
R22,46.9,-0.45523976348889106,0.36605128729109304,0.05825887179752894,0.07795872339386066,0.9999999999965232,247299912.72445482,1.5673695548492388e-16,7.853981633974483,125.66370614359172,61.68502750680849,986.9604401089358
R22,47.0,-0.4552392395676898,0.3660508968323638,0.058258809654092115,0.07795562238190143,0.9999999999965097,247300138.7514983,9.291143842611092e-17,7.853981633974483,125.66370614359172,61.68502750680849,986.9604401089358
R22,47.1,-0.45523871556714296,0.3660505065273244,0.05825874753511578,0.07795256296725286,0.9999999999964941,247300364.66002238,1.69639393479329e-16,7.853981633974483,125.66370614359172,61.68502750680849,986.9604401089358
R22,47.2,-0.4552381915074209,0.3660501163759809,0.05825868544060091,0.07794945669041774,0.9999999999965596,247300590.45042846,9.209018864693634e-17,7.853981633974483,125.66370614359172,61.68502750680849,986.9604401089358
R22,47.3,-0.4552376673745607,0.36604972637211003,0.05825862336955703,0.0779463887683005,0.9999999999964776,247300816.12741944,1.096687227424466e-16,7.853981633974483,125.66370614359172,61.68502750680849,986.9604401089358
R22,47.4,-0.45523714316846786,0.3660493365259227,0.05825856132360927,0.07794326320698251,0.9999999999965404,247301041.68289143,1.8516276794818388e-16,7.853981633974483,125.66370614359172,61.68502750680849,986.9604401089358
R22,47.5,-0.4552366189045108,0.36604894683055966,0.05825849930166595,0.0779401785564512,0.9999999999965378,247301267.12388736,1.1881247266124896e-16,7.853981633974483,125.66370614359172,61.68502750680849,986.9604401089358
R22,47.6,-0.45523609455458436,0.366048557289881,0.0582584373043414,0.0779370650729731,0.9999999999965435,247301492.4444324,1.3000391627198385e-16,7.853981633974483,125.66370614359172,61.68502750680849,986.9604401089358
R22,47.7,-0.45523557014897353,0.3660481678978594,0.05825837533067636,0.07793400270012889,0.9999999999964508,247301717.65194306,1.3750055396010025e-16,7.853981633974483,125.66370614359172,61.68502750680849,986.9604401089358
R22,47.8,-0.45523504567313006,0.3660477786615597,0.05825831338179523,0.07793091565802139,0.9999999999965578,247301942.7394204,1.1635460246479034e-16,7.853981633974483,125.66370614359172,61.68502750680849,986.9604401089358
R22,47.9,-0.45523452112306095,0.36604738957913185,0.05825825145740358,0.0779278212474802,0.9999999999965052,247302167.7088661,5.347722403324071e-17,7.853981633974483,125.66370614359172,61.68502750680849,986.9604401089358
R22,48.0,-0.45523399650396723,0.36604700064416124,0.05825818955648046,0.0779247152721338,0.9999999999965345,247302392.5641944,2.3641920440018345e-16,7.853981633974483,125.66370614359172,61.68502750680849,986.9604401089358
R22,48.1,-0.4552334718309759,0.3660466118677657,0.05825812768079536,0.07792160904445995,0.9999999999965143,247302617.3000816,2.019930614854409e-17,7.853981633974483,125.66370614359172,61.68502750680849,986.9604401089358
R22,48.2,-0.4552329470738292,0.36604622323569674,0.05825806582808053,0.0779185157812677,0.9999999999965292,247302841.92304793,1.4865306456108472e-16,7.853981633974483,125.66370614359172,61.68502750680849,986.9604401089358
R22,48.3,-0.455232422252464,0.36604583476584474,0.05825800400118335,0.07791541878453181,0.9999999999965318,247303066.42198458,8.61353311923769e-17,7.853981633974483,125.66370614359172,61.68502750680849,986.9604401089358
R22,48.4,-0.4552318973641862,0.36604544644073844,0.05825794219732315,0.07791232644292546,0.9999999999964923,247303290.81009796,9.234065860148129e-17,7.853981633974483,125.66370614359172,61.68502750680849,986.9604401089358
R22,48.5,-0.4552313724027764,0.3660450582726631,0.058257880418455206,0.07790920074131638,0.9999999999965434,247303515.07692167,1.5142644374971143e-16,7.853981633974483,125.66370614359172,61.68502750680849,986.9604401089358
R22,48.6,-0.45523084738047753,0.36604467025859216,0.05825781866409783,0.07790611660160601,0.9999999999965231,247303739.2263964,1.5115453947979465e-16,7.853981633974483,125.66370614359172,61.68502750680849,986.9604401089358
R22,48.7,-0.4552303222894292,0.36604428239781966,0.058257756934138656,0.07790301194897846,0.9999999999965553,247303963.25819036,1.2837041647536366e-16,7.853981633974483,125.66370614359172,61.68502750680849,986.9604401089358
R22,48.8,-0.45522979713122713,0.3660438946857984,0.05825769522785398,0.0778998975075109,0.9999999999965177,247304187.17571464,6.503811932760975e-17,7.853981633974483,125.66370614359172,61.68502750680849,986.9604401089358
R22,48.9,-0.45522927189552903,0.366043507126626,0.05825763354589594,0.07789680369267626,0.9999999999965212,247304410.97483498,1.5172043534506736e-16,7.853981633974483,125.66370614359172,61.68502750680849,986.9604401089358
R22,49.0,-0.45522874660344564,0.36604311972026865,0.05825757188825919,0.07789370487572896,0.9999999999965308,247304634.6583442,1.0560778548260626e-16,7.853981633974483,125.66370614359172,61.68502750680849,986.9604401089358
R22,49.1,-0.455228221232142,0.3660427324699621,0.05825751025545869,0.07789059938628212,0.9999999999964906,247304858.22104964,1.2940200490410886e-16,7.853981633974483,125.66370614359172,61.68502750680849,986.9604401089358
R22,49.2,-0.4552276957976086,0.36604234537344693,0.05825744864713485,0.07788747505270831,0.999999999996551,247305081.66616535,1.9162604051443443e-16,7.853981633974483,125.66370614359172,61.68502750680849,986.9604401089358
R22,49.3,-0.4552271703062307,0.3660419584231454,0.058257387062081625,0.07788436689657978,0.9999999999965217,247305304.99969748,1.135785124048059e-16,7.853981633974483,125.66370614359172,61.68502750680849,986.9604401089358
R22,49.4,-0.4552266447297916,0.36604157163165957,0.05825732550230471,0.07788125147767402,0.9999999999965588,247305528.20994905,1.1039031376063096e-16,7.853981633974483,125.66370614359172,61.68502750680849,986.9604401089358
R22,49.5,-0.4552261190950566,0.3660411849894075,0.05825726396627909,0.07787815741834198,0.9999999999965064,247305751.30653256,1.8057236865744713e-16,7.853981633974483,125.66370614359172,61.68502750680849,986.9604401089358
R22,49.6,-0.45522559339948154,0.3660407984991745,0.05825720245444804,0.07787502783086278,0.9999999999965514,247305974.28680557,1.2318203667404196e-16,7.853981633974483,125.66370614359172,61.68502750680849,986.9604401089358
R22,49.7,-0.45522506761899145,0.3660404121665954,0.058257140967708405,0.07787192633910366,0.999999999996545,247306197.14504498,1.4761635370469048e-16,7.853981633974483,125.66370614359172,61.68502750680849,986.9604401089358
R22,49.8,-0.4552245417847988,0.36604002598379043,0.05825707950480606,0.07786882234750092,0.9999999999965048,247306419.88957933,1.534463386801919e-16,7.853981633974483,125.66370614359172,61.68502750680849,986.9604401089358
R22,49.9,-0.4552240158835164,0.3660396399542996,0.058257018066304414,0.0778657054939821,0.9999999999965198,247306642.51662868,1.2481205922494732e-16,7.853981633974483,125.66370614359172,61.68502750680849,986.9604401089358
R22,50.0,-0.4552234899103209,0.3660392540792561,0.05825695665238382,0.07786257621496655,0.9999999999965279,247306865.0248743,8.212080059650561e-17,7.853981633974483,125.66370614359172,61.68502750680849,986.9604401089358
R25,40.0,-0.6735393432979614,0.4142458206493754,0.06592927001150682,0.23448125228497727,1.0,203877920.84184805,4.264924994532006e-17,7.853981633974483,125.66370614359172,61.68502750680849,986.9604401089358
R25,40.1,-0.6735682964947697,0.4142912059771597,0.06593649331076754,0.2344939780261755,0.9999999998160491,203851837.3174986,1.0188080410984312e-16,7.853981633974483,125.66370614359172,61.68502750680849,986.9604401089358
R25,40.2,-0.6735972554306683,0.41433660842287484,0.06594371933443156,0.2345067042182169,0.9999999998159261,203825751.41240457,7.394305767144131e-17,7.853981633974483,125.66370614359172,61.68502750680849,986.9604401089358
R25,40.3,-0.6736262199952132,0.41438202810257235,0.06595094810096908,0.2345194296766331,0.9999999998158084,203799663.09729493,5.473132184481695e-17,7.853981633974483,125.66370614359172,61.68502750680849,986.9604401089358
R25,40.4,-0.6736551902840896,0.4144274649273327,0.06595817959622809,0.23453216156553885,0.9999999998156872,203773572.4008373,1.312569997292749e-16,7.853981633974483,125.66370614359172,61.68502750680849,986.9604401089358
R25,40.5,-0.673684166152012,0.41447291902537764,0.06596541384061573,0.23454489354951025,0.9999999998155669,203747479.2937723,6.7615232948259e-17,7.853981633974483,125.66370614359172,61.68502750680849,986.9604401089358
R25,40.6,-0.6737131477805501,0.4145183902712482,0.06597265081416458,0.23455762803947722,0.9999999998154487,203721383.8070887,1.1158755862550817e-17,7.853981633974483,125.66370614359172,61.68502750680849,986.9604401089358
R25,40.7,-0.6737421351045525,0.4145638787399941,0.06597989052881917,0.23457036264961312,0.9999999998153282,203695285.92192262,1.2536998067575406e-16,7.853981633974483,125.66370614359172,61.68502750680849,986.9604401089358
R25,40.8,-0.6737711280560112,0.41460938440798534,0.06598713298081867,0.23458310191831064,0.9999999998152083,203669185.665838,1.5864426627421808e-16,7.853981633974483,125.66370614359172,61.68502750680849,986.9604401089358
R25,40.9,-0.6738001266993302,0.4146549074083717,0.06599437819135452,0.23459584871756403,0.9999999998150864,203643082.97060218,6.863512363575808e-17,7.853981633974483,125.66370614359172,61.68502750680849,986.9604401089358
R25,41.0,-0.6738291310355504,0.414700447578433,0.06600162613452903,0.2346085867273257,0.999999999814968,203616977.91570768,1.5914649615658762e-16,7.853981633974483,125.66370614359172,61.68502750680849,986.9604401089358
R25,41.1,-0.6738581410394773,0.41474600501063763,0.06600887682505897,0.23462133900545318,0.9999999998148468,203590870.46742246,6.017208895069641e-17,7.853981633974483,125.66370614359172,61.68502750680849,986.9604401089358
R25,41.2,-0.6738871566901652,0.41479157976504744,0.0660161302725035,0.23463408236446867,0.9999999998147269,203564760.60653937,1.6835964908120938e-17,7.853981633974483,125.66370614359172,61.68502750680849,986.9604401089358
R25,41.3,-0.6739161779993795,0.4148371717784622,0.06602338646680396,0.23464683021497018,0.9999999998146061,203538648.36467552,7.291700726789351e-17,7.853981633974483,125.66370614359172,61.68502750680849,986.9604401089358
R25,41.4,-0.6739452049687464,0.4148827811340655,0.06603064542119946,0.23465958653387162,0.9999999998144835,203512533.70750922,2.7705961472579152e-17,7.853981633974483,125.66370614359172,61.68502750680849,986.9604401089358
R25,41.5,-0.673974237662193,0.4149284077441678,0.06603790712173377,0.23467233937821186,0.9999999998143636,203486416.6692771,2.2018901061308603e-17,7.853981633974483,125.66370614359172,61.68502750680849,986.9604401089358
R25,41.6,-0.6740032759931913,0.4149740516804191,0.06604517157981034,0.23468509402793003,0.9999999998142435,203460297.23655713,1.0204221501312825e-16,7.853981633974483,125.66370614359172,61.68502750680849,986.9604401089358
R25,41.7,-0.6740323200034536,0.4150197129149279,0.0660524387909901,0.2346978574614132,0.9999999998141225,203434175.41960293,1.0680210413855154e-16,7.853981633974483,125.66370614359172,61.68502750680849,986.9604401089358
R25,41.8,-0.6740613695521085,0.4150653915931321,0.0660597087784202,0.23471061533936297,0.9999999998140003,203408051.18021032,3.3437219526226536e-17,7.853981633974483,125.66370614359172,61.68502750680849,986.9604401089358
R25,41.9,-0.6740904248885794,0.4151110875164335,0.06606698151049276,0.2347233743939467,0.9999999998138829,203381924.57145306,4.115386151622461e-17,7.853981633974483,125.66370614359172,61.68502750680849,986.9604401089358
R25,42.0,-0.6741194858514555,0.4151568008541229,0.06607425701415125,0.23473614441394314,0.9999999998137576,203355795.5480326,5.273989246235283e-17,7.853981633974483,125.66370614359172,61.68502750680849,986.9604401089358
R25,42.1,-0.6741485524624461,0.41520253154423126,0.066081535279533,0.23474891448090526,0.9999999998136369,203329664.1390988,9.521246338730173e-17,7.853981633974483,125.66370614359172,61.68502750680849,986.9604401089358
R25,42.2,-0.6741776246882377,0.41524827964423755,0.06608881631578607,0.2347616778812592,0.999999999813517,203303530.32894108,1.1220448551994306e-16,7.853981633974483,125.66370614359172,61.68502750680849,986.9604401089358
R25,42.3,-0.6742067025681563,0.41529404518733803,0.0660961001281938,0.234774456231876,0.9999999998133922,203277394.0996309,1.4774533805715317e-16,7.853981633974483,125.66370614359172,61.68502750680849,986.9604401089358
R25,42.4,-0.6742357860748145,0.41533982811654974,0.06610338670768706,0.23478722489096923,0.9999999998132716,203251255.48717955,1.6357109502737053e-16,7.853981633974483,125.66370614359172,61.68502750680849,986.9604401089358
R25,42.5,-0.6742648753002042,0.4153856283809373,0.06611067604615926,0.23479999522838096,0.9999999998131524,203225114.5035782,4.2991461062475806e-17,7.853981633974483,125.66370614359172,61.68502750680849,986.9604401089358
R25,42.6,-0.6742939701587146,0.4154314461294378,0.06611796816731445,0.23481277875359377,0.9999999998130285,203198971.09984693,1.0036490710702362e-16,7.853981633974483,125.66370614359172,61.68502750680849,986.9604401089358
R25,42.7,-0.6743230706224225,0.41547728132847545,0.0661252630658089,0.2348255561547836,0.9999999998129021,203172825.30076942,2.855423360724535e-17,7.853981633974483,125.66370614359172,61.68502750680849,986.9604401089358
R25,42.8,-0.6743521768393215,0.4155231339442149,0.06613256073625753,0.234838342967631,0.9999999998127871,203146677.10099864,1.184503544978629e-16,7.853981633974483,125.66370614359172,61.68502750680849,986.9604401089358
R25,42.9,-0.674381288593951,0.41556900404066915,0.06613986118884832,0.2348511245875508,0.9999999998126619,203120526.5131376,9.606949867226022e-17,7.853981633974483,125.66370614359172,61.68502750680849,986.9604401089358
R25,43.0,-0.6744104059987185,0.41561489163505644,0.06614716442632165,0.23486390899245851,0.99999999981254,203094373.51434726,1.0718801043463593e-16,7.853981633974483,125.66370614359172,61.68502750680849,986.9604401089358
R25,43.1,-0.6744395290063048,0.41566079675737466,0.06615447045345184,0.23487670127003707,0.9999999998124152,203068218.10357845,1.633942606494722e-16,7.853981633974483,125.66370614359172,61.68502750680849,986.9604401089358
R25,43.2,-0.6744686576778646,0.4157067193319326,0.06616177925819224,0.23488949720422792,0.9999999998122961,203042060.31008533,4.047255376231039e-17,7.853981633974483,125.66370614359172,61.68502750680849,986.9604401089358
R25,43.3,-0.6744977919416323,0.4157526594473295,0.06616909085464387,0.23490228392748355,0.99999999981217,203015900.10985693,1.4661796524436894e-16,7.853981633974483,125.66370614359172,61.68502750680849,986.9604401089358
R25,43.4,-0.674526931959353,0.4157986169963951,0.06617640522575005,0.23491508160199154,0.9999999998120517,202989737.528909,9.401719066637609e-18,7.853981633974483,125.66370614359172,61.68502750680849,986.9604401089358
R25,43.5,-0.674556077497152,0.41584459215044034,0.06618372239877576,0.2349278814326576,0.9999999998119276,202963572.5336879,1.277100329586022e-16,7.853981633974483,125.66370614359172,61.68502750680849,986.9604401089358
R25,43.6,-0.674585228779531,0.41589058478390184,0.06619104235373698,0.23494068077323907,0.9999999998118032,202937405.14782932,5.158605212399297e-17,7.853981633974483,125.66370614359172,61.68502750680849,986.9604401089358
R25,43.7,-0.6746143855443469,0.4159365950542941,0.06619836511570289,0.23495348130046825,0.999999999811682,202911235.34879345,1.0268388726493491e-17,7.853981633974483,125.66370614359172,61.68502750680849,986.9604401089358
R25,43.8,-0.67464354803303,0.41598262283731346,0.06620569066488999,0.23496628747591422,0.9999999998115565,202885063.15677652,1.8040368006838863e-16,7.853981633974483,125.66370614359172,61.68502750680849,986.9604401089358
R25,43.9,-0.6746727161302626,0.41602866820945206,0.06621301901347235,0.23497909054793473,0.9999999998114362,202858888.56117532,3.186545528566909e-17,7.853981633974483,125.66370614359172,61.68502750680849,986.9604401089358
R25,44.0,-0.6747018897800977,0.4160747312095558,0.0662203501676325,0.2349919030285564,0.999999999811308,202832711.55856436,7.595855293803535e-17,7.853981633974483,125.66370614359172,61.68502750680849,986.9604401089358
R25,44.1,-0.674731069084475,0.4161208117845896,0.06622768411892965,0.2350047130559023,0.9999999998111904,202806532.16027746,5.184526070646461e-17,7.853981633974483,125.66370614359172,61.68502750680849,986.9604401089358
R25,44.2,-0.6747602540708293,0.4161669099486033,0.06623502086959988,0.23501752338805557,0.9999999998110614,202780350.35974732,9.526390100812792e-17,7.853981633974483,125.66370614359172,61.68502750680849,986.9604401089358
R25,44.3,-0.6747894446085511,0.4162130257499613,0.06624236042734066,0.23503034119544874,0.9999999998109403,202754166.1622456,2.9547640373380285e-17,7.853981633974483,125.66370614359172,61.68502750680849,986.9604401089358
R25,44.4,-0.6748186407602439,0.4162591592107722,0.06624970279567066,0.23504315874234025,0.999999999810818,202727979.55144987,5.865749687329522e-17,7.853981633974483,125.66370614359172,61.68502750680849,986.9604401089358
R25,44.5,-0.6748478425698664,0.4163053102651946,0.06625704796411087,0.23505597126138048,0.9999999998106937,202701790.55459476,4.4100654244688656e-17,7.853981633974483,125.66370614359172,61.68502750680849,986.9604401089358
R25,44.6,-0.6748770499185762,0.4163514790191883,0.06626439594952536,0.23506879856135965,0.9999999998105669,202675599.14828995,1.1149449097106186e-16,7.853981633974483,125.66370614359172,61.68502750680849,986.9604401089358
R25,44.7,-0.6749062628965721,0.4163976654401957,0.06627174674673242,0.2350816231104975,0.9999999998104463,202649405.3366528,3.654107939519787e-17,7.853981633974483,125.66370614359172,61.68502750680849,986.9604401089358
R25,44.8,-0.6749354815126433,0.4164438695168715,0.06627910035392638,0.23509444865358667,0.9999999998103195,202623209.12796056,5.65114881515598e-17,7.853981633974483,125.66370614359172,61.68502750680849,986.9604401089358
R25,44.9,-0.674964705809201,0.41649009125846886,0.06628645677257991,0.2351072801892706,0.9999999998101949,202597010.51571736,7.7777909684897e-17,7.853981633974483,125.66370614359172,61.68502750680849,986.9604401089358
R25,45.0,-0.6749939355520298,0.4165363307707585,0.06629381601952697,0.2351201027343302,0.9999999998100719,202570809.49600244,4.975118139062356e-17,7.853981633974483,125.66370614359172,61.68502750680849,986.9604401089358
R25,45.1,-0.675023170883525,0.41658258803003817,0.0663011780909952,0.2351329382060124,0.9999999998099474,202544606.06043172,1.6891708557404644e-16,7.853981633974483,125.66370614359172,61.68502750680849,986.9604401089358
R25,45.2,-0.6750524120022169,0.41662886288254225,0.06630854296251208,0.23514578008304968,0.9999999998098212,202518400.24938312,1.5099840666287304e-16,7.853981633974483,125.66370614359172,61.68502750680849,986.9604401089358
R25,45.3,-0.6750816585327718,0.41667515559864415,0.06631591067710885,0.2351586105106244,0.9999999998096984,202492192.0088978,1.1701202430730522e-16,7.853981633974483,125.66370614359172,61.68502750680849,986.9604401089358
R25,45.4,-0.6751109107988901,0.4167214659807596,0.066323281203339,0.23517144713768995,0.9999999998095741,202465981.37809426,8.669909436420449e-17,7.853981633974483,125.66370614359172,61.68502750680849,986.9604401089358
R25,45.5,-0.675140168550865,0.4167677941610315,0.06633065456223372,0.23518428969368643,0.9999999998094482,202439768.34442398,1.6778823978198415e-16,7.853981633974483,125.66370614359172,61.68502750680849,986.9604401089358
R25,45.6,-0.6751694319089382,0.4168141401361278,0.06633803075326271,0.23519713669804876,0.9999999998093214,202413552.8930855,3.702517495534521e-17,7.853981633974483,125.66370614359172,61.68502750680849,986.9604401089358
R25,45.7,-0.6751987008407001,0.41686050387784407,0.06634540977193709,0.23520997494949183,0.9999999998092002,202387335.04779866,1.3177181948538278e-16,7.853981633974483,125.66370614359172,61.68502750680849,986.9604401089358
R25,45.8,-0.6752279754158688,0.41690688536262943,0.06635279161450862,0.2352228269336687,0.9999999998090741,202361114.8116744,1.3524953779341813e-16,7.853981633974483,125.66370614359172,61.68502750680849,986.9604401089358
R25,45.9,-0.6752572556005866,0.41695328469658405,0.06636017629786367,0.23523567693872224,0.9999999998089468,202334892.14693308,4.880958817461386e-17,7.853981633974483,125.66370614359172,61.68502750680849,986.9604401089358
R25,46.0,-0.6752865412842863,0.41699970186357477,0.06636756381943457,0.23524852645717242,0.9999999998088231,202308667.08484,1.198696265997367e-16,7.853981633974483,125.66370614359172,61.68502750680849,986.9604401089358
R25,46.1,-0.6753158326034217,0.41704613683889313,0.06637495417528884,0.2352613844878038,0.9999999998086957,202282439.61740932,2.3146540146370656e-17,7.853981633974483,125.66370614359172,61.68502750680849,986.9604401089358
R25,46.2,-0.6753451294719538,0.4170925896746195,0.06638234737371532,0.23527424076602743,0.9999999998085736,202256209.7410178,3.154895312781857e-17,7.853981633974483,125.66370614359172,61.68502750680849,986.9604401089358
R25,46.3,-0.6753744319289456,0.4171390603547746,0.06638974341217085,0.23528709821101132,0.9999999998084452,202229977.4606348,1.1471398872380998e-16,7.853981633974483,125.66370614359172,61.68502750680849,986.9604401089358
R25,46.4,-0.6754037399981402,0.41718554885389475,0.06639714228660275,0.23529995606801318,0.9999999998083202,202203742.78863832,1.5816154785729836e-16,7.853981633974483,125.66370614359172,61.68502750680849,986.9604401089358
R25,46.5,-0.6754330536333578,0.41723205526599383,0.06640454401197378,0.2353128183988483,0.9999999998081917,202177505.6947085,2.419167457374782e-17,7.853981633974483,125.66370614359172,61.68502750680849,986.9604401089358
R25,46.6,-0.6754623727936365,0.41727857956771436,0.0664119485845665,0.23532568551987557,0.99999999980807,202151266.20151076,6.230296383718056e-17,7.853981633974483,125.66370614359172,61.68502750680849,986.9604401089358
R25,46.7,-0.6754916975291719,0.41732512174518277,0.06641935600217286,0.23533855172393486,0.9999999998079394,202125024.31139645,5.1898388986728853e-17,7.853981633974483,125.66370614359172,61.68502750680849,986.9604401089358
R25,46.8,-0.6755210278238293,0.4173716818686864,0.06642676627597943,0.23535142307389648,0.9999999998078151,202098779.9997106,3.5745029415922316e-17,7.853981633974483,125.66370614359172,61.68502750680849,986.9604401089358
R25,46.9,-0.6755503637890525,0.4174182598541197,0.06643417939260039,0.23536429534429712,0.9999999998076898,202072533.29057923,9.028666411045456e-17,7.853981633974483,125.66370614359172,61.68502750680849,986.9604401089358
R25,47.0,-0.675579705125416,0.4174648558889997,0.06644159538188003,0.23537717219533558,0.9999999998075617,202046284.15478677,1.6684823619639632e-16,7.853981633974483,125.66370614359172,61.68502750680849,986.9604401089358
R25,47.1,-0.6756090522317019,0.41751146974290987,0.0664490142071464,0.23539004650888265,0.9999999998074354,202020032.6331164,7.03254090419606e-17,7.853981633974483,125.66370614359172,61.68502750680849,986.9604401089358
R25,47.2,-0.6756384047803283,0.41755810161667767,0.06645643590036218,0.2354029199805651,0.9999999998073106,201993778.69585612,1.3005575717959104e-16,7.853981633974483,125.66370614359172,61.68502750680849,986.9604401089358
R25,47.3,-0.6756677629277523,0.41760475144533704,0.06646386045118771,0.23541580322854685,0.9999999998071818,201967522.34985676,7.766598685529329e-17,7.853981633974483,125.66370614359172,61.68502750680849,986.9604401089358
R25,47.4,-0.6756971265619933,0.4176514192465869,0.06647128786243986,0.23542867926999284,0.9999999998070579,201941263.61135197,1.1953948162121586e-16,7.853981633974483,125.66370614359172,61.68502750680849,986.9604401089358
R25,47.5,-0.6757264957901917,0.41769810506626365,0.0664787181414137,0.2354415754977624,0.9999999998069289,201915002.4458603,7.663830671047218e-17,7.853981633974483,125.66370614359172,61.68502750680849,986.9604401089358
R25,47.6,-0.6757558706028725,0.4177448088766456,0.06648615128369723,0.23545445702925202,0.9999999998068005,201888738.87218532,1.1904693359683026e-17,7.853981633974483,125.66370614359172,61.68502750680849,986.9604401089358
R25,47.7,-0.6757852509106037,0.4177915306767701,0.0664935872891372,0.23546734434865071,0.9999999998066739,201862472.91113997,2.596574909385671e-17,7.853981633974483,125.66370614359172,61.68502750680849,986.9604401089358
R25,47.8,-0.675814636814233,0.4178382705197698,0.06650102616618993,0.2354802313763706,0.9999999998065477,201836204.5259454,6.735129278925937e-17,7.853981633974483,125.66370614359172,61.68502750680849,986.9604401089358
R25,47.9,-0.6758440282782018,0.4178850283751572,0.06650846791000321,0.23549313017895773,0.999999999806419,201809933.74124554,1.165079343648373e-16,7.853981633974483,125.66370614359172,61.68502750680849,986.9604401089358
R25,48.0,-0.6758734252189625,0.4179318043369218,0.06651591253553593,0.2355060175235309,0.9999999998062915,201783660.5337591,6.773594507766192e-17,7.853981633974483,125.66370614359172,61.68502750680849,986.9604401089358
R25,48.1,-0.6759028277200997,0.4179785983222671,0.0665233600296106,0.23551892602051397,0.999999999806163,201757384.93107298,9.289371445752667e-17,7.853981633974483,125.66370614359172,61.68502750680849,986.9604401089358
R25,48.2,-0.6759322358380166,0.4180254103484256,0.06653081039496987,0.2355318217960417,0.9999999998060378,201731106.9207032,5.821850767988275e-17,7.853981633974483,125.66370614359172,61.68502750680849,986.9604401089358
R25,48.3,-0.675961649302037,0.41807224057486153,0.06653826365699327,0.2355447216300737,0.9999999998059108,201704826.48155007,1.0870793330364234e-16,7.853981633974483,125.66370614359172,61.68502750680849,986.9604401089358
R25,48.4,-0.6759910684632199,0.41811908880417525,0.06654571978426364,0.235557631300478,0.9999999998057787,201678543.64776337,9.031818521103309e-17,7.853981633974483,125.66370614359172,61.68502750680849,986.9604401089358
R25,48.5,-0.6760204930618776,0.41816595521315564,0.06655317880491785,0.23557053479574583,0.9999999998056526,201652258.38828295,9.529596821909581e-17,7.853981633974483,125.66370614359172,61.68502750680849,986.9604401089358
R25,48.6,-0.6760499232679528,0.4182128396543431,0.06656064069548692,0.23558344253728283,0.9999999998055262,201625970.74583033,1.2679258061916163e-17,7.853981633974483,125.66370614359172,61.68502750680849,986.9604401089358
R25,48.7,-0.6760793589761456,0.4182597422899746,0.06656810548179172,0.23559636017316155,0.9999999998053948,201599680.66965944,1.1167972946551925e-16,7.853981633974483,125.66370614359172,61.68502750680849,986.9604401089358
R25,48.8,-0.6761088002156468,0.4183066630160142,0.06657557314727439,0.23560926707095836,0.9999999998052684,201573388.2066193,2.4935072579593885e-17,7.853981633974483,125.66370614359172,61.68502750680849,986.9604401089358
R25,48.9,-0.6761382469966688,0.41835360187455234,0.06658304369863381,0.23562217788860884,0.9999999998051392,201547093.34076563,4.8529421531987004e-17,7.853981633974483,125.66370614359172,61.68502750680849,986.9604401089358
R25,49.0,-0.676167699251443,0.418400558984356,0.06659051715477238,0.2356351021798068,0.9999999998050122,201520796.03470358,9.329559670578899e-17,7.853981633974483,125.66370614359172,61.68502750680849,986.9604401089358
R25,49.1,-0.6761971570865767,0.4184475342108015,0.06659799349426404,0.23564801693961734,0.9999999998048831,201494496.33591,1.285086502435812e-16,7.853981633974483,125.66370614359172,61.68502750680849,986.9604401089358
R25,49.2,-0.6762266202666118,0.4184945277325121,0.06660547274553759,0.23566093989408474,0.9999999998047545,201468194.20880014,8.104458986687159e-17,7.853981633974483,125.66370614359172,61.68502750680849,986.9604401089358
R25,49.3,-0.676256089170006,0.41854153934105015,0.06661295487541911,0.23567386146197664,0.9999999998046223,201441889.68744498,3.393486153566258e-17,7.853981633974483,125.66370614359172,61.68502750680849,986.9604401089358
R25,49.4,-0.6762855635218405,0.4185885692064675,0.06662043991097323,0.23568679120914196,0.9999999998044963,201415582.74700525,2.5451306988999665e-17,7.853981633974483,125.66370614359172,61.68502750680849,986.9604401089358
R25,49.5,-0.67631504334266,0.4186356172675949,0.06662792784246455,0.23569971707170884,0.9999999998043649,201389273.41630146,9.612111022453632e-17,7.853981633974483,125.66370614359172,61.68502750680849,986.9604401089358
R25,49.6,-0.6763445287100797,0.4186826835923054,0.06663541868069539,0.23571264717363188,0.9999999998042386,201362961.65636927,4.646045535100209e-17,7.853981633974483,125.66370614359172,61.68502750680849,986.9604401089358
R25,49.7,-0.6763740195807213,0.4187297681685146,0.06664291242374247,0.23572557848696105,0.9999999998041081,201336647.48467997,4.771578222395847e-17,7.853981633974483,125.66370614359172,61.68502750680849,986.9604401089358
R25,49.8,-0.676403515940744,0.4187768710364346,0.06665040907800573,0.23573851241250773,0.9999999998039799,201310330.89055267,1.1243629182841802e-16,7.853981633974483,125.66370614359172,61.68502750680849,986.9604401089358
R25,49.9,-0.6764330177802426,0.41882399212902144,0.06665790863281483,0.2357514517637298,0.9999999998038487,201284011.91031218,5.754892259473781e-17,7.853981633974483,125.66370614359172,61.68502750680849,986.9604401089358
R25,50.0,-0.6764625251349486,0.41887113153378563,0.06666541110209746,0.2357643868165018,0.999999999803721,201257690.50358808,4.25309588313818e-17,7.853981633974483,125.66370614359172,61.68502750680849,986.9604401089358
R26,40.0,-0.6819706981420163,8.370553451326643,1.33221495819356,0.0076767307093622015,1.0,327523847.2190684,1.953203071514028e-13,7.853981633974483,125.66370614359172,61.68502750680849,986.9604401089358
R26,40.1,-0.6819416680996955,8.370547984708585,1.3322140881542741,0.007675576018441086,0.9999999708790219,327512189.82138926,1.026991248265093e-16,7.853981633974483,125.66370614359172,61.68502750680849,986.9604401089358
R26,40.2,-0.6819126299703763,8.370542544610418,1.33221322233576,0.007674420965524276,0.9999999708806737,327500557.0627853,6.467721151896837e-17,7.853981633974483,125.66370614359172,61.68502750680849,986.9604401089358
R26,40.3,-0.6818835837205621,8.370537131403413,1.332212360797107,0.007673265131961293,0.9999999708764056,327488949.3230591,4.3153529042957446e-17,7.853981633974483,125.66370614359172,61.68502750680849,986.9604401089358
R26,40.4,-0.681854529385481,8.370531745113144,1.3322115035423858,0.007672108164960869,0.9999999708703053,327477366.62764,8.423672181539236e-17,7.853981633974483,125.66370614359172,61.68502750680849,986.9604401089358
R26,40.5,-0.6818254670004239,8.370526385765965,1.3322106505757905,0.007670949821462953,0.9999999708706404,327465809.0026966,1.3638949643962925e-17,7.853981633974483,125.66370614359172,61.68502750680849,986.9604401089358
R26,40.6,-0.6817963966007655,8.37052105338756,1.3322098019014088,0.007669790595562401,0.9999999708647387,327454276.47372645,7.918682864886158e-18,7.853981633974483,125.66370614359172,61.68502750680849,986.9604401089358
R26,40.7,-0.6817673182220509,8.37051574800374,1.3322089575233491,0.00766863099526279,0.9999999708611431,327442769.06650436,1.5227669910368777e-16,7.853981633974483,125.66370614359172,61.68502750680849,986.9604401089358
R26,40.8,-0.6817382318997854,8.370510469640644,1.332208117445771,0.007667469683950417,0.999999970863269,327431286.80704343,2.6369016673039556e-17,7.853981633974483,125.66370614359172,61.68502750680849,986.9604401089358
R26,40.9,-0.681709137669702,8.370505218323368,1.3322072816726687,0.007666307976881447,0.9999999708585476,327419829.72033995,4.522996042284605e-17,7.853981633974483,125.66370614359172,61.68502750680849,986.9604401089358
R26,41.0,-0.6816800355675209,8.370499994078024,1.3322064502081983,0.007665144694562379,0.9999999708557228,327408397.8325134,3.349175478799704e-17,7.853981633974483,125.66370614359172,61.68502750680849,986.9604401089358
R26,41.1,-0.6816509256291667,8.370494796929588,1.3322056230563346,0.0076639806065955185,0.9999999708521106,327396991.1685023,2.7407002823531876e-17,7.853981633974483,125.66370614359172,61.68502750680849,986.9604401089358
R26,41.2,-0.6816218078905125,8.370489626903982,1.3322048002212035,0.007662815487885579,0.9999999708475544,327385609.7542517,6.404141205169221e-18,7.853981633974483,125.66370614359172,61.68502750680849,986.9604401089358
R26,41.3,-0.6815926823876803,8.370484484026333,1.3322039817068039,0.007661649256488167,0.9999999708473433,327374253.614948,1.600853074529919e-17,7.853981633974483,125.66370614359172,61.68502750680849,986.9604401089358
R26,41.4,-0.6815635491567286,8.370479368322,1.332203167517172,0.007660481891776581,0.9999999708452396,327362922.77599686,1.1516626584158164e-17,7.853981633974483,125.66370614359172,61.68502750680849,986.9604401089358
R26,41.5,-0.6815344082339571,8.370474279816154,1.3322023576563136,0.007659314574752886,0.9999999708455551,327351617.26272887,1.3706431296290835e-16,7.853981633974483,125.66370614359172,61.68502750680849,986.9604401089358
R26,41.6,-0.681505259655668,8.370469218533792,1.3322015521282073,0.007658145643849398,0.9999999708392301,327340337.1001737,3.2951532881043784e-17,7.853981633974483,125.66370614359172,61.68502750680849,986.9604401089358
R26,41.7,-0.681476103458252,8.37046418450024,1.3322007509368836,0.007656975220820985,0.9999999708364642,327329082.3139325,2.8898280058995296e-17,7.853981633974483,125.66370614359172,61.68502750680849,986.9604401089358
R26,41.8,-0.68144693967819,8.370459177740353,1.332199954086299,0.007655804133164917,0.9999999708352797,327317852.9289305,8.758843758538456e-17,7.853981633974483,125.66370614359172,61.68502750680849,986.9604401089358
R26,41.9,-0.6814177683521264,8.37045419827899,1.3321991615804092,0.007654632104191041,0.9999999708320308,327306648.9702713,4.3603307167370123e-17,7.853981633974483,125.66370614359172,61.68502750680849,986.9604401089358
R26,42.0,-0.6813885895167452,8.370449246140884,1.3321983734231506,0.007653459200188833,0.9999999708305738,327295470.4629341,2.460324179995363e-17,7.853981633974483,125.66370614359172,61.68502750680849,986.9604401089358
R26,42.1,-0.6813594032087963,8.370444321351,1.332197589618497,0.00765228469402228,0.9999999708252718,327284317.4321903,3.992942954822631e-17,7.853981633974483,125.66370614359172,61.68502750680849,986.9604401089358
R26,42.2,-0.6813302094651635,8.370439423933826,1.3321968101703454,0.007651110130818681,0.9999999708253613,327273189.90278786,2.616889280102047e-17,7.853981633974483,125.66370614359172,61.68502750680849,986.9604401089358
R26,42.3,-0.6813010083227808,8.370434553913784,1.3321960350825826,0.007649933609245227,0.9999999708218008,327262087.899442,1.153415727224402e-17,7.853981633974483,125.66370614359172,61.68502750680849,986.9604401089358
R26,42.4,-0.6812717998187329,8.370429711315632,1.3321952643591493,0.007648756806716054,0.9999999708197103,327251011.4472797,1.3975852063244098e-16,7.853981633974483,125.66370614359172,61.68502750680849,986.9604401089358
R26,42.5,-0.6812425839901136,8.370424896163858,1.3321944980039429,0.007647578994763176,0.9999999708158258,327239960.5712024,3.107565235119111e-17,7.853981633974483,125.66370614359172,61.68502750680849,986.9604401089358
R26,42.6,-0.6812133608741621,8.37042010848247,1.332193736020784,0.007646399339377653,0.9999999708156178,327228935.29554665,1.52587522963403e-17,7.853981633974483,125.66370614359172,61.68502750680849,986.9604401089358
R26,42.7,-0.6811841305082015,8.370415348295742,1.3321929784135362,0.007645220129934853,0.9999999708143712,327217935.6450667,4.4918052908782616e-17,7.853981633974483,125.66370614359172,61.68502750680849,986.9604401089358
R26,42.8,-0.6811548929296402,8.37041061562818,1.3321922251860996,0.007644038810934861,0.999999970810397,327206961.6447741,1.6201461342419775e-17,7.853981633974483,125.66370614359172,61.68502750680849,986.9604401089358
R26,42.9,-0.6811256481759629,8.370405910503512,1.3321914763422509,0.007642856257263864,0.9999999708061951,327196013.31883454,4.8965538692666835e-18,7.853981633974483,125.66370614359172,61.68502750680849,986.9604401089358
R26,43.0,-0.6810963962847675,8.37040123294577,1.3321907318858146,0.00764167326442365,0.9999999708079328,327185090.6917798,7.145997368064505e-17,7.853981633974483,125.66370614359172,61.68502750680849,986.9604401089358
R26,43.1,-0.6810671372936686,8.370396582979161,1.3321899918206437,0.007640489720818391,0.9999999708032232,327174193.78839284,5.2032756208860315e-18,7.853981633974483,125.66370614359172,61.68502750680849,986.9604401089358
R26,43.2,-0.6810378712405006,8.370391960627156,1.3321892561504733,0.007639303867166422,0.9999999707984735,327163322.6327058,1.373575881846711e-17,7.853981633974483,125.66370614359172,61.68502750680849,986.9604401089358
R26,43.3,-0.6810085981630759,8.370387365913624,1.3321885248791026,0.007638118600178035,0.9999999708009113,327152477.24922115,7.834940797060714e-18,7.853981633974483,125.66370614359172,61.68502750680849,986.9604401089358
R26,43.4,-0.6809793180993151,8.370382798862343,1.3321877980103158,0.007636930737694327,0.9999999707971949,327141657.66233796,4.017091581789371e-17,7.853981633974483,125.66370614359172,61.68502750680849,986.9604401089358
R26,43.5,-0.6809500310872316,8.370378259496723,1.3321870755478389,0.00763574272537354,0.9999999707949194,327130863.8960672,7.446732940958502e-17,7.853981633974483,125.66370614359172,61.68502750680849,986.9604401089358
R26,43.6,-0.6809207371649804,8.370373747840219,1.3321863574954047,0.007634553549517793,0.9999999707905458,327120095.97461694,2.2669574685048682e-17,7.853981633974483,125.66370614359172,61.68502750680849,986.9604401089358
R26,43.7,-0.6808914363707055,8.37036926391644,1.332185643856771,0.007633363801105085,0.9999999707922291,327109353.92229986,4.3792250866430554e-17,7.853981633974483,125.66370614359172,61.68502750680849,986.9604401089358
R26,43.8,-0.6808621287427428,8.370364807748611,1.3321849346356338,0.007632172926786646,0.9999999707861488,327098637.7630766,2.423578189089807e-17,7.853981633974483,125.66370614359172,61.68502750680849,986.9604401089358
R26,43.9,-0.6808328143194161,8.37036037936001,1.3321842298356978,0.007630980249886856,0.9999999707882767,327087947.52102166,7.827177937152121e-17,7.853981633974483,125.66370614359172,61.68502750680849,986.9604401089358
R26,44.0,-0.6808034931391893,8.370355978773347,1.332183529460578,0.007629786861636451,0.9999999707809976,327077283.21963525,6.238113417344038e-17,7.853981633974483,125.66370614359172,61.68502750680849,986.9604401089358
R26,44.1,-0.6807741652406076,8.37035160601232,1.3321828335140458,0.007628593039414378,0.9999999707843233,327066644.88346255,3.48473218465468e-17,7.853981633974483,125.66370614359172,61.68502750680849,986.9604401089358
R26,44.2,-0.6807448306623121,8.370347261099633,1.3321821419997142,0.007627397825485067,0.9999999707770595,327056032.5359802,9.129305160705269e-17,7.853981633974483,125.66370614359172,61.68502750680849,986.9604401089358
R26,44.3,-0.6807154894429912,8.370342944057974,1.3321814549211946,0.00762620190533453,0.9999999707787715,327045446.200856,4.407256212678523e-17,7.853981633974483,125.66370614359172,61.68502750680849,986.9604401089358
R26,44.4,-0.6806861416214449,8.370338654910414,1.3321807722821588,0.007625004478142332,0.9999999707746292,327034885.9021039,3.605374377973845e-18,7.853981633974483,125.66370614359172,61.68502750680849,986.9604401089358
R26,44.5,-0.6806567872365664,8.370334393679551,1.3321800940862032,0.007623806615046882,0.9999999707740406,327024351.66319263,1.2756657994956199e-17,7.853981633974483,125.66370614359172,61.68502750680849,986.9604401089358
R26,44.6,-0.6806274263273207,8.370330160387944,1.3321794203369184,0.007622606724434337,0.9999999707726912,327013843.50772566,3.522654462630487e-17,7.853981633974483,125.66370614359172,61.68502750680849,986.9604401089358
R26,44.7,-0.6805980589327478,8.370325955058417,1.332178751037937,0.0076214066169660675,0.9999999707679377,327003361.4594787,6.900627073885369e-18,7.853981633974483,125.66370614359172,61.68502750680849,986.9604401089358
R26,44.8,-0.6805686850919593,8.370321777712855,1.3321780861927417,0.007620205785344309,0.9999999707691434,326992905.54137117,7.271381041844364e-18,7.853981633974483,125.66370614359172,61.68502750680849,986.9604401089358
R26,44.9,-0.6805393048442486,8.370317628374139,1.3321774258049743,0.007619003293538448,0.9999999707638887,326982475.7774144,6.368088136640706e-17,7.853981633974483,125.66370614359172,61.68502750680849,986.9604401089358
R26,45.0,-0.6805099182288543,8.370313507064216,1.3321767698781282,0.007617800288556425,0.9999999707624299,326972072.19057953,5.214161578417076e-17,7.853981633974483,125.66370614359172,61.68502750680849,986.9604401089358
R26,45.1,-0.6804805252851769,8.370309413805423,1.332176118415758,0.0076165959725079035,0.9999999707656726,326961694.8043476,2.093149830678044e-17,7.853981633974483,125.66370614359172,61.68502750680849,986.9604401089358
R26,45.2,-0.6804511260527181,8.370305348619691,1.3321754714213543,0.007615390480026416,0.9999999707572036,326951343.64182925,1.0254242977108429e-16,7.853981633974483,125.66370614359172,61.68502750680849,986.9604401089358
R26,45.3,-0.6804217205709772,8.370301311529078,1.3321748288984272,0.007614184664266288,0.9999999707566992,326941018.7261841,1.0441484392500582e-16,7.853981633974483,125.66370614359172,61.68502750680849,986.9604401089358
R26,45.4,-0.680392308879612,8.370297302555416,1.3321741908504523,0.007612977313056138,0.9999999707573685,326930720.0805429,3.7732184986605616e-17,7.853981633974483,125.66370614359172,61.68502750680849,986.9604401089358
R26,45.5,-0.6803628910183325,8.370293321720595,1.332173557280913,0.007611769089704405,0.9999999707561356,326920447.7280046,1.5225842322467238e-17,7.853981633974483,125.66370614359172,61.68502750680849,986.9604401089358
R26,45.6,-0.6803334670269662,8.37028936904621,1.3321729281932462,0.007610560479165156,0.9999999707500375,326910201.6914352,9.426800285165484e-17,7.853981633974483,125.66370614359172,61.68502750680849,986.9604401089358
R26,45.7,-0.6803040369453527,8.370285444554064,1.3321723035909219,0.007609349852734703,0.999999970752391,326899981.9939481,4.9886752017895566e-17,7.853981633974483,125.66370614359172,61.68502750680849,986.9604401089358
R26,45.8,-0.6802746008135026,8.370281548265664,1.3321716834773634,0.007608138922351989,0.9999999707490841,326889788.6583696,1.1200427573456542e-16,7.853981633974483,125.66370614359172,61.68502750680849,986.9604401089358
R26,45.9,-0.6802451586714173,8.370277680202152,1.3321710678559353,0.007606926807939485,0.9999999707473823,326879621.70716715,7.594693403281216e-17,7.853981633974483,125.66370614359172,61.68502750680849,986.9604401089358
R26,46.0,-0.6802157105592369,8.370273840385225,1.332170456730091,0.007605713184705289,0.9999999707460259,326869481.1634697,1.804291314160085e-17,7.853981633974483,125.66370614359172,61.68502750680849,986.9604401089358
R26,46.1,-0.6801862565171612,8.370270028835968,1.3321698501031856,0.0076044984143484465,0.9999999707435461,326859367.0497876,9.767008185929483e-17,7.853981633974483,125.66370614359172,61.68502750680849,986.9604401089358
R26,46.2,-0.6801567965854989,8.370266245575465,1.3321692479785756,0.007603283574918304,0.9999999707423548,326849279.38864344,1.5993215925340186e-17,7.853981633974483,125.66370614359172,61.68502750680849,986.9604401089358
R26,46.3,-0.6801273308045456,8.37026249062485,1.3321686503596242,0.007602067654976032,0.9999999707433131,326839218.2025871,7.676198313256699e-17,7.853981633974483,125.66370614359172,61.68502750680849,986.9604401089358
R26,46.4,-0.680097859214829,8.37025876400508,1.3321680572496666,0.007600849859367459,0.9999999707378022,326829183.5141762,4.7064996493227777e-17,7.853981633974483,125.66370614359172,61.68502750680849,986.9604401089358
R26,46.5,-0.6800683818568471,8.37025506573697,1.3321674686520162,0.0075996317038041225,0.9999999707388239,326819175.3457205,8.312918170785997e-18,7.853981633974483,125.66370614359172,61.68502750680849,986.9604401089358
R26,46.6,-0.680038898771197,8.370251395841368,1.3321668845699906,0.007598412557854342,0.9999999707328033,326809193.71963453,1.0338708600754879e-16,7.853981633974483,125.66370614359172,61.68502750680849,986.9604401089358
R26,46.7,-0.6800094099985549,8.370247754338932,1.3321663050068775,0.007597191969388833,0.9999999707368405,326799238.65815353,7.820487466023937e-17,7.853981633974483,125.66370614359172,61.68502750680849,986.9604401089358
R26,46.8,-0.6799799155796871,8.370244141250186,1.3321657299659437,0.007595970917099869,0.9999999707310883,326789310.18345714,1.9639704924372313e-17,7.853981633974483,125.66370614359172,61.68502750680849,986.9604401089358
R26,46.9,-0.6799504155554406,8.370240556595721,1.3321651594504664,0.007594748565594814,0.9999999707324978,326779408.317835,5.70660751385328e-17,7.853981633974483,125.66370614359172,61.68502750680849,986.9604401089358
R26,47.0,-0.679920909966737,8.370237000395964,1.3321645934636963,0.007593525815068632,0.9999999707328289,326769533.08331347,2.874180276977422e-17,7.853981633974483,125.66370614359172,61.68502750680849,986.9604401089358
R26,47.1,-0.6798913988545597,8.370233472670904,1.3321640320088153,0.007592300810509071,0.9999999707234268,326759684.50166076,7.194460672419106e-18,7.853981633974483,125.66370614359172,61.68502750680849,986.9604401089358
R26,47.2,-0.6798618822599773,8.370229973441106,1.3321634750890958,0.007591075676607624,0.9999999707292013,326749862.5951682,3.614971954931135e-17,7.853981633974483,125.66370614359172,61.68502750680849,986.9604401089358
R26,47.3,-0.6798323602241477,8.370226502726375,1.3321629227076903,0.0075898497954085785,0.9999999707254339,326740067.38544905,2.642834322684439e-17,7.853981633974483,125.66370614359172,61.68502750680849,986.9604401089358
R26,47.4,-0.6798028327883039,8.370223060546902,1.3321623748678122,0.007588622006243204,0.9999999707241403,326730298.8944342,4.618844735968759e-17,7.853981633974483,125.66370614359172,61.68502750680849,986.9604401089358
R26,47.5,-0.6797732999937516,8.370219646922394,1.3321618315725978,0.00758739420775894,0.9999999707213222,326720557.1437356,4.402246862753916e-17,7.853981633974483,125.66370614359172,61.68502750680849,986.9604401089358
R26,47.6,-0.679743761881856,8.37021626187272,1.3321612928252098,0.007586165153004633,0.9999999707236622,326710842.1550776,4.7021154729579067e-17,7.853981633974483,125.66370614359172,61.68502750680849,986.9604401089358
R26,47.7,-0.6797142184940973,8.370212905417672,1.3321607586287976,0.007584934903414107,0.9999999707193221,326701153.9500886,9.936047743404899e-17,7.853981633974483,125.66370614359172,61.68502750680849,986.9604401089358
R26,47.8,-0.6796846698719713,8.370209577577127,1.3321602289865249,0.007583703234236222,0.9999999707171738,326691492.5506799,5.594627526587268e-17,7.853981633974483,125.66370614359172,61.68502750680849,986.9604401089358
R26,47.9,-0.6796551160571257,8.370206278369889,1.3321597039013846,0.007582471235285141,0.9999999707185014,326681857.9775576,1.3483063801120882e-17,7.853981633974483,125.66370614359172,61.68502750680849,986.9604401089358
R26,48.0,-0.679625557091219,8.370203007815885,1.3321591833765485,0.007581237816181017,0.9999999707159399,326672250.2526547,5.911685917377887e-18,7.853981633974483,125.66370614359172,61.68502750680849,986.9604401089358
R26,48.1,-0.6795959930160117,8.370199765934293,1.332158667415068,0.007580003796996227,0.9999999707159586,326662669.3971806,3.737744989049042e-17,7.853981633974483,125.66370614359172,61.68502750680849,986.9604401089358
R26,48.2,-0.6795664238733451,8.370196552744236,1.3321581560199875,0.00757876802264456,0.9999999707123233,326653115.4322342,6.44289476770294e-17,7.853981633974483,125.66370614359172,61.68502750680849,986.9604401089358
R26,48.3,-0.6795368497051105,8.370193368264951,1.332157649194368,0.007577531886858068,0.9999999707115759,326643588.3792533,7.534606672380422e-18,7.853981633974483,125.66370614359172,61.68502750680849,986.9604401089358
R26,48.4,-0.6795072705532895,8.370190212515446,1.3321571469412352,0.007576294958197736,0.9999999707127806,326634088.259321,5.604821948126132e-17,7.853981633974483,125.66370614359172,61.68502750680849,986.9604401089358
R26,48.5,-0.6794776864599478,8.370187085514381,1.3321566492635586,0.00757505631477311,0.9999999707090245,326624615.0931755,1.3401062533558378e-17,7.853981633974483,125.66370614359172,61.68502750680849,986.9604401089358
R26,48.6,-0.6794480974672152,8.370183987280894,1.3321561561643844,0.0075738177123922815,0.9999999707093876,326615168.90219516,1.6809147677093833e-17,7.853981633974483,125.66370614359172,61.68502750680849,986.9604401089358
R26,48.7,-0.6794185036172482,8.370180917833583,1.3321556676466721,0.007572577096356632,0.9999999707085235,326605749.7071685,1.3998592134503967e-16,7.853981633974483,125.66370614359172,61.68502750680849,986.9604401089358
R26,48.8,-0.6793889049523635,8.370177877190661,1.332155183713321,0.007571335769691927,0.9999999707072565,326596357.52851224,7.45998130606462e-18,7.853981633974483,125.66370614359172,61.68502750680849,986.9604401089358
R26,48.9,-0.6793593015148977,8.370174865371077,1.3321547043673465,0.007570093843805495,0.9999999707060616,326586992.3874934,4.6832336637566697e-17,7.853981633974483,125.66370614359172,61.68502750680849,986.9604401089358
R26,49.0,-0.6793296933472612,8.370171882393256,1.3321542296116813,0.007568850069456288,0.9999999707001694,326577654.3047971,2.8192139545320264e-17,7.853981633974483,125.66370614359172,61.68502750680849,986.9604401089358
R26,49.1,-0.6793000804919306,8.370168928275104,1.3321537594491748,0.007567606253447145,0.9999999707043512,326568343.30069256,3.903726905840148e-17,7.853981633974483,125.66370614359172,61.68502750680849,986.9604401089358
R26,49.2,-0.6792704629914897,8.370166003035092,1.3321532938827672,0.0075663616915192175,0.9999999707040064,326559059.39598966,1.634633336763359e-17,7.853981633974483,125.66370614359172,61.68502750680849,986.9604401089358
R26,49.3,-0.6792408408885501,8.37016310669125,1.3321528329153278,0.007565115471291389,0.999999970703622,326549802.6110887,1.4778932248698108e-17,7.853981633974483,125.66370614359172,61.68502750680849,986.9604401089358
R26,49.4,-0.6792112142258199,8.370160239261548,1.3321523765497167,0.007563868526482615,0.999999970700125,326540572.96644884,2.788315705954253e-17,7.853981633974483,125.66370614359172,61.68502750680849,986.9604401089358
R26,49.5,-0.6791815830460644,8.370157400763691,1.3321519247887519,0.0075626202735489985,0.9999999706979552,326531370.4821176,5.820662446749572e-17,7.853981633974483,125.66370614359172,61.68502750680849,986.9604401089358
R26,49.6,-0.6791519473921156,8.370154591215742,1.332151477635308,0.00756137100858033,0.9999999706988831,326522195.17875177,5.906297107052559e-17,7.853981633974483,125.66370614359172,61.68502750680849,986.9604401089358
R26,49.7,-0.6791223073069103,8.370151810635372,1.3321510350921975,0.007560120827789441,0.9999999706970446,326513047.07647985,9.290733606284198e-17,7.853981633974483,125.66370614359172,61.68502750680849,986.9604401089358
R26,49.8,-0.6790926628334158,8.370149059039845,1.3321505971621679,0.007558870232717672,0.999999970696354,326503926.195139,1.1382491426079426e-17,7.853981633974483,125.66370614359172,61.68502750680849,986.9604401089358
R26,49.9,-0.6790630140146643,8.370146336446727,1.332150163848015,0.0075576178943036545,0.9999999706985486,326494832.554845,2.460383267992098e-18,7.853981633974483,125.66370614359172,61.68502750680849,986.9604401089358
R26,50.0,-0.6790333608937972,8.370143642873424,1.3321497351525093,0.007556364463904345,0.9999999706923093,326485766.1756035,5.832916675596819e-17,7.853981633974483,125.66370614359172,61.68502750680849,986.9604401089358
R27,40.0,-0.7443201951838545,9.086420272423052,1.4461487013665348,0.01899614770769052,1.0,219687374.4080657,6.69646049776832e-17,7.853981633974483,125.66370614359172,61.68502750680849,986.9604401089358
R27,40.1,-0.744252978421269,9.086331997512273,1.4461346519781335,0.019007485237125914,0.9999998398627409,219734894.64542362,8.994671153819133e-17,7.853981633974483,125.66370614359172,61.68502750680849,986.9604401089358
R27,40.2,-0.7441855290740323,9.086243826942251,1.4461206191960794,0.019018794836253225,0.9999998399836376,219782376.63239795,3.218736144070747e-17,7.853981633974483,125.66370614359172,61.68502750680849,986.9604401089358
R27,40.3,-0.7441178474193396,9.086155761543543,1.4461066031525596,0.019030080781444015,0.9999998401143763,219829819.80387104,5.632360635317334e-18,7.853981633974483,125.66370614359172,61.68502750680849,986.9604401089358
R27,40.4,-0.744049933737573,9.086067802145413,1.4460926039795559,0.019041341043015303,0.9999998402389733,219877223.59437412,5.373803749048852e-17,7.853981633974483,125.66370614359172,61.68502750680849,986.9604401089358
R27,40.5,-0.7439817883137586,9.0859799495754,1.4460786218087749,0.019052574620487418,0.9999998403644391,219924587.43835303,1.1181915961330567e-16,7.853981633974483,125.66370614359172,61.68502750680849,986.9604401089358
R27,40.6,-0.7439134114357723,9.085892204659594,1.446064656771693,0.019063783234645675,0.9999998404897127,219971910.76995486,5.649472562406675e-17,7.853981633974483,125.66370614359172,61.68502750680849,986.9604401089358
R27,40.7,-0.7438448033955704,9.08580456822209,1.4460507089994694,0.019074964886963117,0.9999998406194556,220019193.02337804,3.5663354767149175e-17,7.853981633974483,125.66370614359172,61.68502750680849,986.9604401089358
R27,40.8,-0.7437759644888631,9.08571704108493,1.4460367786229358,0.019086120685832264,0.9999998407428571,220066433.6328906,3.985507169113351e-17,7.853981633974483,125.66370614359172,61.68502750680849,986.9604401089358
R27,40.9,-0.7437068950149999,9.085629624068702,1.4460228657726926,0.019097247423607088,0.9999998408703071,220113632.03255004,5.997637924254364e-17,7.853981633974483,125.66370614359172,61.68502750680849,986.9604401089358
R27,41.0,-0.7436375952770832,9.085542317993694,1.4460089705792933,0.019108350299507366,0.9999998409980196,220160787.65551424,5.967727927062045e-17,7.853981633974483,125.66370614359172,61.68502750680849,986.9604401089358
R27,41.1,-0.7435680655815222,9.085455123675805,1.4459950931725918,0.01911942587163104,0.9999998411266059,220207899.93630877,6.912392028433309e-17,7.853981633974483,125.66370614359172,61.68502750680849,986.9604401089358
R27,41.2,-0.7434983062388787,9.085368041930932,1.4459812336824422,0.019130475397600127,0.9999998412537857,220254968.30847585,1.2347395535203536e-16,7.853981633974483,125.66370614359172,61.68502750680849,986.9604401089358
R27,41.3,-0.7434283175633278,9.085281073572522,1.4459673922383087,0.019141497628690222,0.9999998413822755,220301992.2058268,1.1705651198370206e-16,7.853981633974483,125.66370614359172,61.68502750680849,986.9604401089358
R27,41.4,-0.7433580998718594,9.085194219412454,1.4459535689694056,0.019152492596124775,0.9999998415062307,220348971.06208754,6.925596240601589e-17,7.853981633974483,125.66370614359172,61.68502750680849,986.9604401089358
R27,41.5,-0.7432876534858384,9.085107480261783,1.4459397640048168,0.01916346199514224,0.9999998416396618,220395904.3103887,1.3983352367318847e-16,7.853981633974483,125.66370614359172,61.68502750680849,986.9604401089358
R27,41.6,-0.7432169787303453,9.08502085692665,1.4459259774728432,0.01917440421206153,0.9999998417712426,220442791.38553354,6.980263150740216e-17,7.853981633974483,125.66370614359172,61.68502750680849,986.9604401089358
R27,41.7,-0.743146075933501,9.084934350214557,1.445912209502003,0.01918531918632931,0.9999998418934206,220489631.72062504,1.7033178685731524e-17,7.853981633974483,125.66370614359172,61.68502750680849,986.9604401089358
R27,41.8,-0.7430749454267955,9.084847960930047,1.445898460220343,0.019196206826503602,0.9999998420241798,220536424.7493709,6.454876493581159e-17,7.853981633974483,125.66370614359172,61.68502750680849,986.9604401089358
R27,41.9,-0.7430035875462189,9.084761689874579,1.4458847297554196,0.019207065999983407,0.9999998421539249,220583169.90623918,1.8819538821751975e-16,7.853981633974483,125.66370614359172,61.68502750680849,986.9604401089358
R27,42.0,-0.7429320026299531,9.084675537850293,1.445871018234897,0.01921789975188106,0.9999998422833862,220629866.624264,6.889010519052826e-17,7.853981633974483,125.66370614359172,61.68502750680849,986.9604401089358
R27,42.1,-0.7428601910207567,9.084589505654648,1.4458573257856953,0.01922870658483416,0.9999998424158825,220676514.33817038,8.666041649584027e-17,7.853981633974483,125.66370614359172,61.68502750680849,986.9604401089358
R27,42.2,-0.7427881530644315,9.084503594084513,1.4458436525346394,0.019239484713062947,0.9999998425425602,220723112.48195055,9.785751370868607e-17,7.853981633974483,125.66370614359172,61.68502750680849,986.9604401089358
R27,42.3,-0.7427158891102298,9.0844178039342,1.4458299986081484,0.01925023800290093,0.9999998426765659,220769660.490095,5.726782869725063e-17,7.853981633974483,125.66370614359172,61.68502750680849,986.9604401089358
R27,42.4,-0.7426433995108146,9.08433213599659,1.4458163641324133,0.01926096121675266,0.9999998428019172,220816157.7969253,1.0924637928663163e-16,7.853981633974483,125.66370614359172,61.68502750680849,986.9604401089358
R27,42.5,-0.7425706846224471,9.084246591063167,1.4458027492334025,0.01927165674579742,0.9999998429350884,220862603.83658105,1.664156989366437e-17,7.853981633974483,125.66370614359172,61.68502750680849,986.9604401089358
R27,42.6,-0.742497744804708,9.084161169921432,1.445789154036451,0.019282324624276082,0.9999998430635152,220908998.04443392,2.809438798555341e-17,7.853981633974483,125.66370614359172,61.68502750680849,986.9604401089358
R27,42.7,-0.7424245804203244,9.084075873358648,1.4457755786668551,0.019292966182597147,0.9999998432016836,220955339.8550853,3.829963651155762e-17,7.853981633974483,125.66370614359172,61.68502750680849,986.9604401089358
R27,42.8,-0.7423511918357575,9.083990702159072,1.4457620232494335,0.019303580457730007,0.999999843324376,221001628.70381615,3.790192663151201e-17,7.853981633974483,125.66370614359172,61.68502750680849,986.9604401089358
R27,42.9,-0.742277579420845,9.08390565710503,1.4457484879086973,0.019314164167324767,0.9999998434577759,221047864.026077,1.3782439316102145e-16,7.853981633974483,125.66370614359172,61.68502750680849,986.9604401089358
R27,43.0,-0.7422037435483708,9.083820738977582,1.445734972768956,0.019324722905564765,0.9999998435895897,221094045.25711805,4.4486611099606217e-17,7.853981633974483,125.66370614359172,61.68502750680849,986.9604401089358
R27,43.1,-0.7421296845942833,9.083735948554336,1.4457214779539693,0.019335250996144998,0.9999998437227885,221140171.83312628,9.492308916993554e-17,7.853981633974483,125.66370614359172,61.68502750680849,986.9604401089358
R27,43.2,-0.7420554029392047,9.083651286611245,1.4457080035872345,0.0193457532424451,0.9999998438548613,221186243.19036916,5.657493224277949e-17,7.853981633974483,125.66370614359172,61.68502750680849,986.9604401089358
R27,43.3,-0.7419808989649137,9.08356675392344,1.4456945497921176,0.01935622409091005,0.9999998439828245,221232258.76462242,5.030002782472197e-17,7.853981633974483,125.66370614359172,61.68502750680849,986.9604401089358
R27,43.4,-0.7419061730582156,9.083482351261347,1.4456811166912353,0.019366670285352123,0.9999998441190369,221278217.99336067,4.4023373517989415e-17,7.853981633974483,125.66370614359172,61.68502750680849,986.9604401089358
R27,43.5,-0.741831225608275,9.083398079395694,1.4456677044072532,0.019377085855854896,0.9999998442481918,221324120.31305653,1.8416077584003428e-17,7.853981633974483,125.66370614359172,61.68502750680849,986.9604401089358
R27,43.6,-0.7417560570081451,9.083313939093252,1.4456543130622062,0.019387474744073964,0.9999998443833925,221369965.16143593,9.204149873594584e-17,7.853981633974483,125.66370614359172,61.68502750680849,986.9604401089358
R27,43.7,-0.741680667652849,9.08322993112013,1.4456409427780246,0.019397833874443698,0.9999998445129943,221415751.97577488,1.7773993610646845e-17,7.853981633974483,125.66370614359172,61.68502750680849,986.9604401089358
R27,43.8,-0.7416050579419853,9.083146056238736,1.4456275936760496,0.01940816701180577,0.9999998446522601,221461480.19449547,1.448905320604485e-16,7.853981633974483,125.66370614359172,61.68502750680849,986.9604401089358
R27,43.9,-0.7415292282777086,9.083062315210297,1.445614265877434,0.019418469856980793,0.9999998447816427,221507149.25582314,1.5732537013998655e-16,7.853981633974483,125.66370614359172,61.68502750680849,986.9604401089358
R27,44.0,-0.7414531790650053,9.082978708793686,1.4456009595029562,0.019428742537544775,0.9999998449090406,221552758.59843066,6.01893979873934e-17,7.853981633974483,125.66370614359172,61.68502750680849,986.9604401089358
R27,44.1,-0.7413769107126911,9.082895237744685,1.4455876746729026,0.019438989283439057,0.9999998450473228,221598307.661897,4.398837652451547e-17,7.853981633974483,125.66370614359172,61.68502750680849,986.9604401089358
R27,44.2,-0.7413004236321588,9.08281190281794,1.445574411507379,0.019449206779221396,0.9999998451798565,221643795.88552916,5.4407162136133493e-17,7.853981633974483,125.66370614359172,61.68502750680849,986.9604401089358
R27,44.3,-0.741223718238249,9.082728704764705,1.445561170125951,0.019459394978049546,0.9999998453146266,221689222.70975727,7.147794646759052e-17,7.853981633974483,125.66370614359172,61.68502750680849,986.9604401089358
R27,44.4,-0.7411467949486316,9.082645644335479,1.4455479506480642,0.01946955185201177,0.9999998454443579,221734587.574566,1.2164640877819354e-16,7.853981633974483,125.66370614359172,61.68502750680849,986.9604401089358
R27,44.5,-0.7410696541842497,9.082562722277007,1.445534753192567,0.019479683949732762,0.9999998455816823,221779889.92118844,5.895962254836165e-17,7.853981633974483,125.66370614359172,61.68502750680849,986.9604401089358
R27,44.6,-0.7409922963686402,9.082479939334082,1.4455215778779968,0.01948978499186704,0.9999998457141177,221825129.19118503,4.178397492471825e-17,7.853981633974483,125.66370614359172,61.68502750680849,986.9604401089358
R27,44.7,-0.7409147219291214,9.082397296249736,1.4455084248226109,0.019499856271434864,0.9999998458458539,221870304.82628548,4.0639582105498705e-17,7.853981633974483,125.66370614359172,61.68502750680849,986.9604401089358
R27,44.8,-0.7408369312953602,9.082314793763434,1.4454952941440984,0.01950990162158286,0.9999998459845144,221915416.26933235,2.085402008774827e-17,7.853981633974483,125.66370614359172,61.68502750680849,986.9604401089358
R27,44.9,-0.7407589249000845,9.082232432613827,1.4454821859600198,0.019519914959591312,0.9999998461174345,221960462.96297038,8.479130601827325e-17,7.853981633974483,125.66370614359172,61.68502750680849,986.9604401089358
R27,45.0,-0.7406807031795638,9.082150213535941,1.4454691003873579,0.01952989967949888,0.9999998462487775,222005444.35094005,7.976186676914703e-17,7.853981633974483,125.66370614359172,61.68502750680849,986.9604401089358
R27,45.1,-0.7406022665720594,9.082068137264049,1.4454560375429757,0.019539856490336124,0.9999998463858834,222050359.8767577,1.8225153152041392e-16,7.853981633974483,125.66370614359172,61.68502750680849,986.9604401089358
R27,45.2,-0.7405236155196351,9.081986204527322,1.4454429975429244,0.019549781462693736,0.9999998465178205,222095208.98587817,1.2935530137960314e-16,7.853981633974483,125.66370614359172,61.68502750680849,986.9604401089358
R27,45.3,-0.7404447504669006,9.081904416055552,1.4454299805033544,0.019559677673848024,0.9999998466517901,222139991.12280542,4.426025851110588e-17,7.853981633974483,125.66370614359172,61.68502750680849,986.9604401089358
R27,45.4,-0.7403656718615104,9.081822772573954,1.4454169865396869,0.019569544795427385,0.9999998467861927,222184705.73371774,9.576369919398572e-17,7.853981633974483,125.66370614359172,61.68502750680849,986.9604401089358
R27,45.5,-0.7402863801535321,9.081741274805678,1.4454040157670147,0.019579383369540373,0.9999998469236082,222229352.2652493,9.475789123407002e-17,7.853981633974483,125.66370614359172,61.68502750680849,986.9604401089358
R27,45.6,-0.7402068757962537,9.08165992347352,1.4453910683003748,0.01958919171549753,0.9999998470596729,222273930.163567,1.4613210979109224e-16,7.853981633974483,125.66370614359172,61.68502750680849,986.9604401089358
R27,45.7,-0.7401271592460352,9.081578719294184,1.4453781442538336,0.01959897045889449,0.9999998471924096,222318438.87737554,7.660173543496591e-17,7.853981633974483,125.66370614359172,61.68502750680849,986.9604401089358
R27,45.8,-0.7400472309617492,9.081497662984916,1.4453652437415447,0.01960871996478729,0.9999998473247361,222362877.85446694,6.841790078155154e-17,7.853981633974483,125.66370614359172,61.68502750680849,986.9604401089358
R27,45.9,-0.7399670914047632,9.081416755259273,1.4453523668770745,0.019618438690919893,0.9999998474638732,222407246.54392853,4.8248407268687566e-17,7.853981633974483,125.66370614359172,61.68502750680849,986.9604401089358
R27,46.0,-0.7398867410398671,9.081335996828448,1.4453395137736122,0.019628129465660702,0.9999998475980636,222451544.39549074,8.615468084766416e-17,7.853981633974483,125.66370614359172,61.68502750680849,986.9604401089358
R27,46.1,-0.7398061803344862,9.081255388401145,1.445326684543952,0.01963778931467711,0.999999847732022,222495770.85957888,7.422886291598078e-17,7.853981633974483,125.66370614359172,61.68502750680849,986.9604401089358
R27,46.2,-0.7397254097579343,9.081174930684194,1.4453138793005895,0.019647420053219473,0.9999998478692713,222539925.38696855,8.230344051148639e-17,7.853981633974483,125.66370614359172,61.68502750680849,986.9604401089358
R27,46.3,-0.7396444297835593,9.081094624380786,1.4453010981554406,0.019657019354167225,0.9999998480025853,222584007.42979544,1.5045972642056865e-16,7.853981633974483,125.66370614359172,61.68502750680849,986.9604401089358
R27,46.4,-0.7395632408868326,9.081014470191986,1.4452883412200836,0.0196665910283312,0.9999998481392989,222628016.4406854,7.045180855138441e-17,7.853981633974483,125.66370614359172,61.68502750680849,986.9604401089358
R27,46.5,-0.7394818435455877,9.080934468817048,1.4452756086058083,0.019676130219957736,0.999999848275219,222671951.87270492,8.451452948761914e-17,7.853981633974483,125.66370614359172,61.68502750680849,986.9604401089358
R27,46.6,-0.7394002382405396,9.080854620951378,1.4452629004232913,0.019685641516712274,0.9999998484100794,222715813.18031454,2.033866667971745e-16,7.853981633974483,125.66370614359172,61.68502750680849,986.9604401089358
R27,46.7,-0.7393184254551485,9.080774927290182,1.445250216783179,0.019695118655069253,0.999999848540986,222759599.81749964,8.883095836540871e-17,7.853981633974483,125.66370614359172,61.68502750680849,986.9604401089358
R27,46.8,-0.7392364056755083,9.080695388523143,1.4452375577952372,0.019704569324333072,0.9999998486811841,222803311.24069095,2.9274503262376474e-17,7.853981633974483,125.66370614359172,61.68502750680849,986.9604401089358
R27,46.9,-0.7391541793902142,9.080616005339389,1.4452249235691443,0.019713990472957712,0.9999998488199734,222846946.90600055,4.5732778968522204e-17,7.853981633974483,125.66370614359172,61.68502750680849,986.9604401089358
R27,47.0,-0.7390717470908725,9.080536778424044,1.4452123142139413,0.019723379189834404,0.99999984895149,222890506.27115378,2.3926856650629815e-17,7.853981633974483,125.66370614359172,61.68502750680849,986.9604401089358
R27,47.1,-0.7389891092707486,9.080457708461347,1.4451997298385282,0.019732737681699364,0.9999998490851169,222933988.79376024,5.902072684742683e-17,7.853981633974483,125.66370614359172,61.68502750680849,986.9604401089358
R27,47.2,-0.7389062664267548,9.080378796131752,1.445187170551202,0.019742066084914568,0.9999998492229792,222977393.93298218,1.3025316392268546e-17,7.853981633974483,125.66370614359172,61.68502750680849,986.9604401089358
R27,47.3,-0.7388232190574493,9.080300042113706,1.4451746364599416,0.019751363881769495,0.9999998493601051,223020721.14846238,1.2266942181987988e-16,7.853981633974483,125.66370614359172,61.68502750680849,986.9604401089358
R27,47.4,-0.7387399676642605,9.080221447082804,1.4451621276722713,0.019760631299198323,0.9999998494927594,223063969.900891,3.048645081187424e-17,7.853981633974483,125.66370614359172,61.68502750680849,986.9604401089358
R27,47.5,-0.7386565127513532,9.08014301171155,1.445149644295223,0.019769867997618977,0.9999998496307619,223107139.65210906,1.1200793195130673e-16,7.853981633974483,125.66370614359172,61.68502750680849,986.9604401089358
R27,47.6,-0.7385728548253014,9.080064736669748,1.4451371864353992,0.019779073373068532,0.9999998497656699,223150229.86487427,7.114895602858558e-17,7.853981633974483,125.66370614359172,61.68502750680849,986.9604401089358
R27,47.7,-0.7384889943943883,9.079986622626256,1.445124754199253,0.019788251002935377,0.9999998499042488,223193240.00196633,3.2814849251705594e-17,7.853981633974483,125.66370614359172,61.68502750680849,986.9604401089358
R27,47.8,-0.7384049319704297,9.07990867024659,1.4451123476927032,0.019797394632521195,0.9999998500371979,223236169.5274332,1.0461158522890643e-16,7.853981633974483,125.66370614359172,61.68502750680849,986.9604401089358
R27,47.9,-0.738320668066862,9.079830880191096,1.445099967020848,0.019806511099071448,0.9999998501761377,223279017.9077327,7.098180460382383e-17,7.853981633974483,125.66370614359172,61.68502750680849,986.9604401089358
R27,48.0,-0.738236203200066,9.079753253120955,1.4450876122889174,0.019815593018177816,0.9999998503058631,223321784.60830274,1.8130262828229714e-16,7.853981633974483,125.66370614359172,61.68502750680849,986.9604401089358
R27,48.1,-0.738151537888369,9.079675789693741,1.4450752836015672,0.01982464777526724,0.9999998504515248,223364469.09607485,9.327013908768698e-17,7.853981633974483,125.66370614359172,61.68502750680849,986.9604401089358
R27,48.2,-0.7380666726529928,9.079598490562606,1.4450629810627504,0.01983366752431651,0.9999998505773393,223407070.83994347,4.3034178309669e-17,7.853981633974483,125.66370614359172,61.68502750680849,986.9604401089358
R27,48.3,-0.7379816080168766,9.079521356379994,1.4450507047763064,0.019842661224376335,0.9999998507217123,223449589.3087111,3.210650364919344e-17,7.853981633974483,125.66370614359172,61.68502750680849,986.9604401089358
R27,48.4,-0.7378963445057826,9.079444387795311,1.4450384548455912,0.019851620374008942,0.9999998508548129,223492023.97237608,1.0799554559563322e-17,7.853981633974483,125.66370614359172,61.68502750680849,986.9604401089358
R27,48.5,-0.737810882647346,9.079367585454216,1.445026231373365,0.019860549147688426,0.9999998509882841,223534374.30255538,4.4987378474430526e-17,7.853981633974483,125.66370614359172,61.68502750680849,986.9604401089358
R27,48.6,-0.737725222971981,9.079290950000804,1.4450140344621383,0.019869447559265403,0.9999998511243717,223576639.77129903,3.8211429261414215e-17,7.853981633974483,125.66370614359172,61.68502750680849,986.9604401089358
R27,48.7,-0.7376393660121549,9.079214482076432,1.4450018642139866,0.019878316054539418,0.9999998512627704,223618819.85166302,1.462699823814945e-16,7.853981633974483,125.66370614359172,61.68502750680849,986.9604401089358
R27,48.8,-0.7375533123026612,9.079138182318186,1.444989720730305,0.01988715037227797,0.9999998513985384,223660914.0186691,9.054571480230823e-17,7.853981633974483,125.66370614359172,61.68502750680849,986.9604401089358
R27,48.9,-0.7374670623800534,9.079062051363348,1.4449776041125202,0.019895956607141,0.9999998515367332,223702921.74680883,1.1877418912311532e-16,7.853981633974483,125.66370614359172,61.68502750680849,986.9604401089358
R27,49.0,-0.7373806167839487,9.07898608984338,1.4449655144611324,0.019904729633656106,0.999999851668026,223744842.51337695,4.815138218586749e-17,7.853981633974483,125.66370614359172,61.68502750680849,986.9604401089358
R27,49.1,-0.7372939760555498,9.07891029838934,1.444953451876578,0.01991347203205228,0.999999851803525,223786675.79545203,8.284197770026112e-17,7.853981633974483,125.66370614359172,61.68502750680849,986.9604401089358
R27,49.2,-0.7372071407386419,9.078834677628171,1.4449414164586376,0.019922181943737134,0.9999998519413419,223828421.0720173,5.595887026634342e-17,7.853981633974483,125.66370614359172,61.68502750680849,986.9604401089358
R27,49.3,-0.7371201113784127,9.0787592281851,1.4449294083068194,0.019930863850156764,0.9999998520813033,223870077.82260352,1.2274916491297496e-16,7.853981633974483,125.66370614359172,61.68502750680849,986.9604401089358
R27,49.4,-0.7370328885231673,9.078683950681262,1.4449174275199799,0.019939511307762142,0.9999998522131306,223911645.52863014,5.567294591881852e-17,7.853981633974483,125.66370614359172,61.68502750680849,986.9604401089358
R27,49.5,-0.7369454727227913,9.078608845736412,1.4449054741967562,0.019948129299864958,0.9999998523506463,223953123.67192054,5.179272641953538e-17,7.853981633974483,125.66370614359172,61.68502750680849,986.9604401089358
R27,49.6,-0.7368578645297855,9.078533913967288,1.4448935484353056,0.01995671412407319,0.9999998524819053,223994511.73557845,2.47534581300821e-17,7.853981633974483,125.66370614359172,61.68502750680849,986.9604401089358
R27,49.7,-0.7367700644976377,9.078459155987105,1.4448816503332238,0.019965270300735243,0.9999998526246073,224035809.20431548,9.707764797870893e-17,7.853981633974483,125.66370614359172,61.68502750680849,986.9604401089358
R27,49.8,-0.7366820731831071,9.078384572406582,1.4448697799877102,0.019973790999966688,0.9999998527568633,224077015.56391644,6.474593787291993e-17,7.853981633974483,125.66370614359172,61.68502750680849,986.9604401089358
R27,49.9,-0.7365938911445061,9.078310163834404,1.4448579374956396,0.019982282691111804,0.9999998528908026,224118130.3009215,8.89383739254654e-17,7.853981633974483,125.66370614359172,61.68502750680849,986.9604401089358
R27,50.0,-0.7365055189418641,9.078235930875763,1.4448461229533316,0.019990741816771317,0.9999998530287871,224159152.90345925,4.3229206549249796e-17,7.853981633974483,125.66370614359172,61.68502750680849,986.9604401089358
R28,40.0,-0.742669662897154,5.062577229733127,0.805734190896501,0.06393471829144728,1.0,76895580.90187962,7.96825321448898e-18,7.853981633974483,125.66370614359172,61.68502750680849,986.9604401089358
R28,40.1,-0.7428055868065954,5.062595404565267,0.8057370835108759,0.06393452862798234,0.9999999810110366,76897131.77688505,2.092581531106278e-18,7.853981633974483,125.66370614359172,61.68502750680849,986.9604401089358
R28,40.2,-0.7429415050544638,5.062613604468542,0.8057399801154459,0.06393434566479826,0.9999999810119721,76898682.99570358,3.0805185756621294e-17,7.853981633974483,125.66370614359172,61.68502750680849,986.9604401089358
R28,40.3,-0.7430774176532273,5.0626318294381445,0.8057428807094459,0.06393416898931914,0.999999981013039,76900234.5584745,9.310736469204507e-18,7.853981633974483,125.66370614359172,61.68502750680849,986.9604401089358
R28,40.4,-0.743213324614405,5.06265007947222,0.8057457852925806,0.06393399880680664,0.9999999810135759,76901786.46539918,2.1412879250662713e-17,7.853981633974483,125.66370614359172,61.68502750680849,986.9604401089358
R28,40.5,-0.7433492259498753,5.062668354568519,0.8057486938644921,0.06393383511900169,0.9999999810155568,76903338.71667321,2.477679117757785e-17,7.853981633974483,125.66370614359172,61.68502750680849,986.9604401089358
R28,40.6,-0.7434851216720861,5.062686654722587,0.8057516064244713,0.06393367800096159,0.9999999810153021,76904891.31244332,4.975574690218053e-17,7.853981633974483,125.66370614359172,61.68502750680849,986.9604401089358
R28,40.7,-0.743621011793462,5.0627049799306025,0.8057545229719102,0.0639335272491954,0.9999999810168864,76906444.25287184,7.208650079848019e-18,7.853981633974483,125.66370614359172,61.68502750680849,986.9604401089358
R28,40.8,-0.7437568963255373,5.062723330190766,0.8057574435065223,0.06393338285104459,0.9999999810178809,76907997.53816132,3.744183227440669e-17,7.853981633974483,125.66370614359172,61.68502750680849,986.9604401089358
R28,40.9,-0.7438927752803126,5.062741705499666,0.8057603680277645,0.06393324513908265,0.9999999810184799,76909551.16848022,8.073546649783132e-18,7.853981633974483,125.66370614359172,61.68502750680849,986.9604401089358
R28,41.0,-0.7440286486705664,5.062760105853594,0.8057632965350469,0.06393311369211595,0.9999999810195993,76911105.14399508,1.0622237147310902e-17,7.853981633974483,125.66370614359172,61.68502750680849,986.9604401089358
R28,41.1,-0.7441645165074291,5.06277853125008,0.805766229027976,0.06393298864857455,0.9999999810204804,76912659.46488978,1.1870333745546081e-17,7.853981633974483,125.66370614359172,61.68502750680849,986.9604401089358
R28,41.2,-0.7443003788032652,5.06279698168605,0.8057691655060628,0.06393287019303713,0.9999999810210771,76914214.131343,1.8582230000397648e-17,7.853981633974483,125.66370614359172,61.68502750680849,986.9604401089358
R28,41.3,-0.7444362355701117,5.062815457157908,0.8057721059687348,0.06393275813502687,0.9999999810228052,76915769.14351831,1.9270246086521152e-17,7.853981633974483,125.66370614359172,61.68502750680849,986.9604401089358
R28,41.4,-0.744572086820769,5.062833957661945,0.8057750504154021,0.06393265243946339,0.9999999810230508,76917324.50158285,4.124772706299623e-18,7.853981633974483,125.66370614359172,61.68502750680849,986.9604401089358
R28,41.5,-0.7447079325662121,5.062852483196392,0.8057779988457827,0.06393255311116953,0.99999998102414,76918880.20573491,3.0389147170368005e-17,7.853981633974483,125.66370614359172,61.68502750680849,986.9604401089358
R28,41.6,-0.744843772818736,5.062871033757457,0.8057809512592734,0.0639324603237309,0.9999999810251893,76920436.25613576,1.0122332555259633e-17,7.853981633974483,125.66370614359172,61.68502750680849,986.9604401089358
R28,41.7,-0.7449796075910892,5.062889609341385,0.8057839076552763,0.06393237382957172,0.9999999810256616,76921992.65294977,2.0515273095932345e-17,7.853981633974483,125.66370614359172,61.68502750680849,986.9604401089358
R28,41.8,-0.7451154368946731,5.062908209946246,0.8057868680334845,0.06393229369077028,0.9999999810271837,76923549.39637536,2.5740632347472934e-17,7.853981633974483,125.66370614359172,61.68502750680849,986.9604401089358
R28,41.9,-0.7452512607413377,5.062926835568044,0.8057898323932619,0.06393222010174214,0.999999981027415,76925106.48656456,2.718015846489229e-18,7.853981633974483,125.66370614359172,61.68502750680849,986.9604401089358
R28,42.0,-0.7453870791438112,5.062945486203819,0.8057928007341372,0.063932152918783,0.9999999810287826,76926663.92370082,7.500256710123629e-18,7.853981633974483,125.66370614359172,61.68502750680849,986.9604401089358
R28,42.1,-0.7455228921133704,5.06296416185053,0.8057957730556268,0.06393209186838582,0.999999981029637,76928221.70795447,1.4085855400039462e-17,7.853981633974483,125.66370614359172,61.68502750680849,986.9604401089358
R28,42.2,-0.745658699662599,5.062982862506181,0.8057987493574126,0.06393203738624702,0.9999999810303224,76929779.83953103,2.9212340971757383e-17,7.853981633974483,125.66370614359172,61.68502750680849,986.9604401089358
R28,42.3,-0.7457945018034982,5.063001588165219,0.8058017296386111,0.06393198916930261,0.9999999810317676,76931338.31854583,1.2055174302267744e-17,7.853981633974483,125.66370614359172,61.68502750680849,986.9604401089358
R28,42.4,-0.7459302985475296,5.063020338826512,0.8058047138990422,0.06393194734256663,0.9999999810325984,76932897.14521585,2.495480148291429e-17,7.853981633974483,125.66370614359172,61.68502750680849,986.9604401089358
R28,42.5,-0.7460660899076063,5.063039114486108,0.8058077021380767,0.06393191199308834,0.9999999810329927,76934456.31970231,1.6943271950639266e-17,7.853981633974483,125.66370614359172,61.68502750680849,986.9604401089358
R28,42.6,-0.7462018758950244,5.063057915141222,0.8058106943552714,0.06393188282036044,0.9999999810339921,76936015.84218122,1.0753647064563031e-17,7.853981633974483,125.66370614359172,61.68502750680849,986.9604401089358
R28,42.7,-0.7463376565220347,5.063076740788636,0.8058136905501143,0.063931860145402,0.999999981034717,76937575.71282542,5.742609156813228e-18,7.853981633974483,125.66370614359172,61.68502750680849,986.9604401089358
R28,42.8,-0.7464734318006401,5.06309559142518,0.8058166907221006,0.06393184371829479,0.9999999810361543,76939135.93180732,1.090670358860893e-17,7.853981633974483,125.66370614359172,61.68502750680849,986.9604401089358
R28,42.9,-0.746609201743181,5.06311446704775,0.8058196948707367,0.06393183373828026,0.9999999810363893,76940696.49930324,3.793185458010235e-18,7.853981633974483,125.66370614359172,61.68502750680849,986.9604401089358
R28,43.0,-0.7467449663613298,5.063133367653286,0.8058227029955352,0.06393183006786379,0.99999998103753,76942257.41548528,2.4497189585193287e-17,7.853981633974483,125.66370614359172,61.68502750680849,986.9604401089358
R28,43.1,-0.7468807256664753,5.063152293239447,0.8058257150961236,0.0639318325031024,0.9999999810384782,76943818.68054001,1.5007481174542792e-17,7.853981633974483,125.66370614359172,61.68502750680849,986.9604401089358
R28,43.2,-0.747016479672054,5.063171243801724,0.8058287311717843,0.06393184146151915,0.9999999810395542,76945380.2946191,2.4152378469073204e-17,7.853981633974483,125.66370614359172,61.68502750680849,986.9604401089358
R28,43.3,-0.7471522283888795,5.063190219337937,0.8058317512221704,0.06393185670794205,0.999999981039711,76946942.25790828,4.0386443108094176e-17,7.853981633974483,125.66370614359172,61.68502750680849,986.9604401089358
R28,43.4,-0.7472879718296849,5.063209219843991,0.8058347752466302,0.06393187833830656,0.9999999810413055,76948504.57056259,6.593303141515461e-18,7.853981633974483,125.66370614359172,61.68502750680849,986.9604401089358
R28,43.5,-0.7474237100059542,5.063228245319021,0.8058378032450259,0.06393190603092583,0.9999999810420362,76950067.23280516,3.8146136710022524e-17,7.853981633974483,125.66370614359172,61.68502750680849,986.9604401089358
R28,43.6,-0.7475594429297826,5.063247295757189,0.8058408352164284,0.06393194019287142,0.9999999810427785,76951630.24474427,1.0571001844115251e-17,7.853981633974483,125.66370614359172,61.68502750680849,986.9604401089358
R28,43.7,-0.7476951706134912,5.0632663711573525,0.8058438711606559,0.06393198062164898,0.999999981043557,76953193.60660233,2.540816671614106e-17,7.853981633974483,125.66370614359172,61.68502750680849,986.9604401089358
R28,43.8,-0.7478308930690198,5.0632854715150195,0.8058469110769934,0.06393202741511715,0.9999999810445349,76954757.31851825,2.0525647196059463e-17,7.853981633974483,125.66370614359172,61.68502750680849,986.9604401089358
R28,43.9,-0.7479666103078033,5.063304596828724,0.8058499549652076,0.06393208030504469,0.9999999810454295,76956321.38070025,1.1594774544689755e-17,7.853981633974483,125.66370614359172,61.68502750680849,986.9604401089358
R28,44.0,-0.7481023223422952,5.063323747094024,0.8058530028245917,0.06393213964716149,0.9999999810461254,76957885.7932919,4.513400634599471e-17,7.853981633974483,125.66370614359172,61.68502750680849,986.9604401089358
R28,44.1,-0.7482380291848518,5.063342922308622,0.8058560546547798,0.0639322050928293,0.9999999810470183,76959450.55648828,1.7600531253572608e-17,7.853981633974483,125.66370614359172,61.68502750680849,986.9604401089358
R28,44.2,-0.7483737308464359,5.063362122468839,0.8058591104551865,0.06393227704925929,0.9999999810478609,76961015.67043947,1.664150204047381e-17,7.853981633974483,125.66370614359172,61.68502750680849,986.9604401089358
R28,44.3,-0.7485094273401943,5.063381347571698,0.805862170225338,0.06393235500699437,0.9999999810486447,76962581.1353308,9.691608747885927e-18,7.853981633974483,125.66370614359172,61.68502750680849,986.9604401089358
R28,44.4,-0.7486451186771127,5.063400597615096,0.8058652339648994,0.06393243921623773,0.9999999810501009,76964146.95135,4.778258995806134e-17,7.853981633974483,125.66370614359172,61.68502750680849,986.9604401089358
R28,44.5,-0.7487808048695281,5.0634198725944914,0.8058683016731483,0.06393252976434552,0.999999981050031,76965713.1186376,1.0543242540710892e-17,7.853981633974483,125.66370614359172,61.68502750680849,986.9604401089358
R28,44.6,-0.74891648592947,5.0634391725080965,0.8058713733497997,0.06393262654233885,0.9999999810511967,76967279.63739797,3.003668855097719e-17,7.853981633974483,125.66370614359172,61.68502750680849,986.9604401089358
R28,44.7,-0.7490521618691068,5.063458497351874,0.8058744489942115,0.06393272960376245,0.9999999810519821,76968846.50778171,3.9832731151284655e-18,7.853981633974483,125.66370614359172,61.68502750680849,986.9604401089358
R28,44.8,-0.7491878327002209,5.06347784712329,0.80587752860598,0.06393283885849203,0.999999981052984,76970413.72997326,4.135463531133991e-17,7.853981633974483,125.66370614359172,61.68502750680849,986.9604401089358
R28,44.9,-0.7493234984346541,5.0634972218187215,0.8058806121845288,0.06393295422563425,0.9999999810539096,76971981.30413032,7.24725819197695e-19,7.853981633974483,125.66370614359172,61.68502750680849,986.9604401089358
R28,45.0,-0.7494591590848843,5.06351662143516,0.8058836997293791,0.0639330759329367,0.999999981054701,76973549.23043072,5.3930598572385415e-17,7.853981633974483,125.66370614359172,61.68502750680849,986.9604401089358
R28,45.1,-0.7495948146615856,5.063536045971563,0.8058867912403648,0.06393320383488933,0.9999999810552036,76975117.50908571,1.1997655835025535e-17,7.853981633974483,125.66370614359172,61.68502750680849,986.9604401089358
R28,45.2,-0.7497304651782237,5.063555495422127,0.8058898867165626,0.06393333799245997,0.999999981056024,76976686.14021367,1.8874492557365078e-17,7.853981633974483,125.66370614359172,61.68502750680849,986.9604401089358
R28,45.3,-0.7498661106462934,5.063574969784542,0.8058929861576044,0.06393347821618006,0.9999999810572128,76978255.12400086,5.094279019335276e-17,7.853981633974483,125.66370614359172,61.68502750680849,986.9604401089358
R28,45.4,-0.750001751077066,5.063594469057804,0.8058960895633308,0.06393362480176323,0.9999999810576092,76979824.4606636,3.4337753350661845e-17,7.853981633974483,125.66370614359172,61.68502750680849,986.9604401089358
R28,45.5,-0.7501373864832499,5.06361399323477,0.8058991969326048,0.06393377741006817,0.999999981058487,76981394.15028195,6.163796726639645e-18,7.853981633974483,125.66370614359172,61.68502750680849,986.9604401089358
R28,45.6,-0.7502730168768177,5.063633542316173,0.8059023082655429,0.06393393623721173,0.9999999810596661,76982964.19311917,2.4081232893695414e-17,7.853981633974483,125.66370614359172,61.68502750680849,986.9604401089358
R28,45.7,-0.750408642269085,5.063653116297957,0.8059054235614997,0.0639341013234224,0.9999999810602415,76984534.58931802,3.7514144612493926e-18,7.853981633974483,125.66370614359172,61.68502750680849,986.9604401089358
R28,45.8,-0.7505442626724873,5.063672715176155,0.8059085428198441,0.06393427262912917,0.9999999810610336,76986105.33903287,2.8644841993466384e-17,7.853981633974483,125.66370614359172,61.68502750680849,986.9604401089358
R28,45.9,-0.7506798780990973,5.063692338948045,0.8059116660401425,0.06393445010364046,0.9999999810619153,76987676.4424438,2.6294703529850047e-17,7.853981633974483,125.66370614359172,61.68502750680849,986.9604401089358
R28,46.0,-0.7508154885601833,5.063711987611374,0.8059147932220364,0.06393463350830281,0.9999999810628267,76989247.89973699,2.5908735395175647e-17,7.853981633974483,125.66370614359172,61.68502750680849,986.9604401089358
R28,46.1,-0.7509510940683424,5.063731661161694,0.8059179243648181,0.06393482322024685,0.9999999810632577,76990819.71105525,1.3690740312742229e-17,7.853981633974483,125.66370614359172,61.68502750680849,986.9604401089358
R28,46.2,-0.7510866946357817,5.063751359596714,0.8059210594681226,0.0639350190307309,0.9999999810642709,76992391.87659106,1.4450249494383803e-17,7.853981633974483,125.66370614359172,61.68502750680849,986.9604401089358
R28,46.3,-0.7512222902733615,5.063771082914377,0.8059241985316229,0.06393522111400668,0.9999999810649937,76993964.39653075,2.131812791757148e-17,7.853981633974483,125.66370614359172,61.68502750680849,986.9604401089358
R28,46.4,-0.751357880993893,5.063790831109912,0.8059273415545594,0.06393542910814204,0.9999999810659376,76995537.27101177,3.739860222499456e-17,7.853981633974483,125.66370614359172,61.68502750680849,986.9604401089358
R28,46.5,-0.7514934668084694,5.063810604182866,0.8059304885368601,0.06393564344440195,0.9999999810666526,76997110.50026107,2.0512103244621225e-17,7.853981633974483,125.66370614359172,61.68502750680849,986.9604401089358
R28,46.6,-0.7516290477302312,5.063830402126465,0.805933639477447,0.0639358638059325,0.9999999810674228,76998684.0843696,1.0904001627881431e-17,7.853981633974483,125.66370614359172,61.68502750680849,986.9604401089358
R28,46.7,-0.7517646237701501,5.06385022494059,0.8059367943763011,0.06393609044667084,0.9999999810679981,77000258.0235719,8.993276803026386e-18,7.853981633974483,125.66370614359172,61.68502750680849,986.9604401089358
R28,46.8,-0.7519001949407635,5.063870072620541,0.8059399532326742,0.06393632294343518,0.9999999810694308,77001832.31800345,2.1574294891945486e-17,7.853981633974483,125.66370614359172,61.68502750680849,986.9604401089358
R28,46.9,-0.7520357612530447,5.06388994516516,0.805943116046382,0.06393656179272472,0.9999999810696328,77003406.96787338,1.4479451712045188e-17,7.853981633974483,125.66370614359172,61.68502750680849,986.9604401089358
R28,47.0,-0.7521713227200195,5.063909842570222,0.8059462828167524,0.06393680663948809,0.9999999810699184,77004981.97333309,1.4428993943491735e-17,7.853981633974483,125.66370614359172,61.68502750680849,986.9604401089358
R28,47.1,-0.7523068793530083,5.063929764832103,0.8059494535432083,0.06393705773272504,0.999999981071589,77006557.33453465,4.598039416336395e-18,7.853981633974483,125.66370614359172,61.68502750680849,986.9604401089358
R28,47.2,-0.7524424311643423,5.063949711948488,0.8059526282253814,0.06393731457965586,0.9999999810720644,77008133.05166978,1.543758289823365e-17,7.853981633974483,125.66370614359172,61.68502750680849,986.9604401089358
R28,47.3,-0.7525779781655825,5.063969683917402,0.8059558068629573,0.06393757773760028,0.999999981072785,77009709.12493125,1.2226340821894175e-17,7.853981633974483,125.66370614359172,61.68502750680849,986.9604401089358
R28,47.4,-0.7527135203680327,5.063989680734401,0.8059589894552288,0.06393784702831225,0.999999981073223,77011285.55445184,3.303617591020636e-17,7.853981633974483,125.66370614359172,61.68502750680849,986.9604401089358
R28,47.5,-0.7528490577851524,5.064009702395842,0.8059621760016161,0.06393812238845788,0.9999999810746205,77012862.34039965,1.9572822618808264e-17,7.853981633974483,125.66370614359172,61.68502750680849,986.9604401089358
R28,47.6,-0.7529845904275008,5.064029748901286,0.8059653665020493,0.06393840367945468,0.9999999810751471,77014439.48299706,2.4611011806776224e-18,7.853981633974483,125.66370614359172,61.68502750680849,986.9604401089358
R28,47.7,-0.7531201183072584,5.064049820245327,0.8059685609556678,0.06393869103901667,0.9999999810758823,77016016.98235896,2.351234425158416e-17,7.853981633974483,125.66370614359172,61.68502750680849,986.9604401089358
R28,47.8,-0.7532556414367474,5.064069916425803,0.8059717593621278,0.06393898465653446,0.9999999810765311,77017594.83868068,1.8979890032256788e-17,7.853981633974483,125.66370614359172,61.68502750680849,986.9604401089358
R28,47.9,-0.7533911598277975,5.064090037440252,0.8059749617210374,0.06393928427130106,0.9999999810772048,77019173.05214532,2.8121394344160455e-18,7.853981633974483,125.66370614359172,61.68502750680849,986.9604401089358
R28,48.0,-0.7535266734917676,5.06411018328496,0.8059781680318054,0.06393958981728685,0.9999999810780827,77020751.62290256,1.6988431528913028e-17,7.853981633974483,125.66370614359172,61.68502750680849,986.9604401089358
R28,48.1,-0.7536621824413613,5.064130353957082,0.8059813782939792,0.0639399014314694,0.9999999810790775,77022330.5511333,2.174737445905516e-18,7.853981633974483,125.66370614359172,61.68502750680849,986.9604401089358
R28,48.2,-0.75379768668772,5.064150549454044,0.8059845925071488,0.06394021921381529,0.9999999810792831,77023909.83701223,3.095107115804988e-17,7.853981633974483,125.66370614359172,61.68502750680849,986.9604401089358
R28,48.3,-0.7539331862434396,5.064170769772199,0.8059878106707341,0.063940542996534,0.9999999810799255,77025489.48070046,3.1356681037829905e-17,7.853981633974483,125.66370614359172,61.68502750680849,986.9604401089358
R28,48.4,-0.7540686811198383,5.064191014908174,0.8059910327841983,0.06394087255455083,0.9999999810817325,77027069.48235472,1.7117674656719878e-17,7.853981633974483,125.66370614359172,61.68502750680849,986.9604401089358
R28,48.5,-0.7542041713287898,5.064211284860192,0.805994258847258,0.06394120855978781,0.9999999810811012,77028649.84217493,1.8925012279776174e-17,7.853981633974483,125.66370614359172,61.68502750680849,986.9604401089358
R28,48.6,-0.7543396568825435,5.064231579624347,0.8059974888592922,0.06394155026901943,0.9999999810831394,77030230.56031238,5.37635791953498e-17,7.853981633974483,125.66370614359172,61.68502750680849,986.9604401089358
R28,48.7,-0.7544751377927945,5.064251899198606,0.806000722819977,0.0639418980340758,0.9999999810830841,77031811.63695894,1.724070877345725e-17,7.853981633974483,125.66370614359172,61.68502750680849,986.9604401089358
R28,48.8,-0.754610614071596,5.064272243578966,0.8060039607286754,0.06394225187800816,0.9999999810840355,77033393.07226253,1.2252407698306446e-17,7.853981633974483,125.66370614359172,61.68502750680849,986.9604401089358
R28,48.9,-0.7547460857304525,5.064292612763538,0.8060072025850868,0.06394261168927189,0.9999999810845618,77034974.86641626,2.615295520744824e-17,7.853981633974483,125.66370614359172,61.68502750680849,986.9604401089358
R28,49.0,-0.7548815527814204,5.0643130067477236,0.8060104483884794,0.0639429774920418,0.9999999810850384,77036557.01955311,1.0629311906290278e-17,7.853981633974483,125.66370614359172,61.68502750680849,986.9604401089358
R28,49.1,-0.7550170152367047,5.064333425530055,0.8060136981386193,0.06394334935362042,0.9999999810862427,77038139.5318828,4.2128433793509196e-17,7.853981633974483,125.66370614359172,61.68502750680849,986.9604401089358
R28,49.2,-0.7551524731078662,5.064353869106865,0.8060169518349232,0.06394372713698236,0.9999999810871972,77039722.40355639,1.6412968517894417e-17,7.853981633974483,125.66370614359172,61.68502750680849,986.9604401089358
R28,49.3,-0.7552879264066363,5.06437433747531,0.8060202094769381,0.06394411098646796,0.9999999810872618,77041305.63474579,4.960332000247458e-18,7.853981633974483,125.66370614359172,61.68502750680849,986.9604401089358
R28,49.4,-0.7554233751450135,5.064394830632797,0.8060234710642518,0.06394450075143371,0.999999981088396,77042889.22563161,3.493010840299974e-17,7.853981633974483,125.66370614359172,61.68502750680849,986.9604401089358
R28,49.5,-0.755558819334929,5.0644153485752526,0.8060267365962156,0.0639448963161636,0.9999999810888477,77044473.17635766,7.266656283354223e-18,7.853981633974483,125.66370614359172,61.68502750680849,986.9604401089358
R28,49.6,-0.7556942589884339,5.0644358913006595,0.8060300060725087,0.06394529811386773,0.9999999810897277,77046057.48711869,6.9181389698341466e-18,7.853981633974483,125.66370614359172,61.68502750680849,986.9604401089358
R28,49.7,-0.7558296941172103,5.0644564588063785,0.806033279492711,0.06394570571843368,0.9999999810904442,77047642.15809117,3.097069030878232e-17,7.853981633974483,125.66370614359172,61.68502750680849,986.9604401089358
R28,49.8,-0.7559651247326588,5.0644770510879304,0.8060365568561095,0.06394611940997906,0.999999981091153,77049227.1894048,5.587364953021204e-18,7.853981633974483,125.66370614359172,61.68502750680849,986.9604401089358
R28,49.9,-0.7561005508474876,5.064497668143785,0.8060398381624607,0.06394653878702278,0.999999981092014,77050812.58127055,3.476060777308787e-17,7.853981633974483,125.66370614359172,61.68502750680849,986.9604401089358
R28,50.0,-0.7562359724726239,5.0645183099707,0.8060431234112487,0.06394696419752105,0.9999999810922898,77052398.33384465,2.2733667295940334e-17,7.853981633974483,125.66370614359172,61.68502750680849,986.9604401089358
R29,40.0,-0.8287545953073922,9.96995137895324,1.5867670443462665,0.002366710123571058,1.0,244322661.79324597,3.614539918741433e-15,7.853981633974483,125.66370614359172,61.68502750680849,986.9604401089358
R29,40.1,-0.8287530248296076,9.969953785246474,1.5867674273197292,0.0023671147428694075,0.9999999620234433,244321061.8834237,1.45140403635235e-14,7.853981633974483,125.66370614359172,61.68502750680849,986.9604401089358
R29,40.2,-0.8287514537944987,9.969956200650145,1.586767811743163,0.0023675174319162154,0.9999999620215873,244319455.2354691,1.4563996586525227e-14,7.853981633974483,125.66370614359172,61.68502750680849,986.9604401089358
R29,40.3,-0.8287498822214723,9.969958625183065,1.5867681976195618,0.0023679184583662205,0.9999999620206771,244317841.83303434,1.4644963622394585e-14,7.853981633974483,125.66370614359172,61.68502750680849,986.9604401089358
R29,40.4,-0.8287483101386303,9.969961058858809,1.5867685849510864,0.002368320106725162,0.9999999620182395,244316221.6625842,1.473180577636176e-14,7.853981633974483,125.66370614359172,61.68502750680849,986.9604401089358
R29,40.5,-0.828746737574162,9.969963501690948,1.5867689737398964,0.002368717555619708,0.9999999620190919,244314594.71054634,1.4761509387931225e-14,7.853981633974483,125.66370614359172,61.68502750680849,986.9604401089358
R29,40.6,-0.8287451645562431,9.96996595369294,1.586769363988134,0.0023691148623553038,0.9999999620157675,244312960.9634765,1.4890121293690486e-14,7.853981633974483,125.66370614359172,61.68502750680849,986.9604401089358
R29,40.7,-0.8287435911132635,9.969968414878117,1.5867697556979208,0.0023695151101003112,0.9999999620144587,244311320.40800056,1.4932073716176134e-14,7.853981633974483,125.66370614359172,61.68502750680849,986.9604401089358
R29,40.8,-0.828742017273553,9.969970885259844,1.586770148871384,0.002369911519138442,0.9999999620138315,244309673.0307074,1.5012571934852854e-14,7.853981633974483,125.66370614359172,61.68502750680849,986.9604401089358
R29,40.9,-0.8287404430655857,9.969973364851299,1.5867705435106207,0.00237030687882607,0.999999962012312,244308018.81828478,1.506518201660488e-14,7.853981633974483,125.66370614359172,61.68502750680849,986.9604401089358
R29,41.0,-0.8287388685178713,9.969975853665636,1.586770939617725,0.0023707013268884003,0.999999962009897,244306357.7575274,1.5191224526024215e-14,7.853981633974483,125.66370614359172,61.68502750680849,986.9604401089358
R29,41.1,-0.8287372936590773,9.969978351715891,1.5867713371947711,0.0023710934497561988,0.9999999620105312,244304689.83520883,1.5215231765199777e-14,7.853981633974483,125.66370614359172,61.68502750680849,986.9604401089358
R29,41.2,-0.8287357185177832,9.969980859015068,1.5867717362438292,0.002371485915206282,0.999999962008905,244303015.0381573,1.5319075969477236e-14,7.853981633974483,125.66370614359172,61.68502750680849,986.9604401089358
R29,41.3,-0.8287341431228061,9.969983375576037,1.5867721367669467,0.002371878936757991,0.9999999620061771,244301333.35332257,1.5401308019759237e-14,7.853981633974483,125.66370614359172,61.68502750680849,986.9604401089358
R29,41.4,-0.8287325675029479,9.969985901411624,1.586772538766166,0.002372267645160375,0.9999999620052936,244299644.76761663,1.5427358774424062e-14,7.853981633974483,125.66370614359172,61.68502750680849,986.9604401089358
R29,41.5,-0.8287309916870379,9.969988436534562,1.5867729422435128,0.0023726579750726687,0.9999999620061271,244297949.2680969,1.5553080420802387e-14,7.853981633974483,125.66370614359172,61.68502750680849,986.9604401089358
R29,41.6,-0.8287294157041206,9.96999098095746,1.5867733472009944,0.00237304642122908,0.9999999620027146,244296246.84184426,1.5634449298779827e-14,7.853981633974483,125.66370614359172,61.68502750680849,986.9604401089358
R29,41.7,-0.8287278395831876,9.969993534692899,1.5867737536406128,0.0023734347251741783,0.9999999620024322,244294537.47597626,1.5646374618718266e-14,7.853981633974483,125.66370614359172,61.68502750680849,986.9604401089358
R29,41.8,-0.8287262633532809,9.969996097753384,1.5867741615643585,0.002373819862165956,0.9999999620016087,244292821.1576544,1.579074106000918e-14,7.853981633974483,125.66370614359172,61.68502750680849,986.9604401089358
R29,41.9,-0.8287246870436815,9.969998670151258,1.5867745709741956,0.0023742065663550868,0.9999999620003314,244291097.8741534,1.5785641832168073e-14,7.853981633974483,125.66370614359172,61.68502750680849,986.9604401089358
R29,42.0,-0.8287231106834998,9.970001251898886,1.5867749818720924,0.002374590047215238,0.9999999619990768,244289367.6127526,1.5924812955996933e-14,7.853981633974483,125.66370614359172,61.68502750680849,986.9604401089358
R29,42.1,-0.8287215343021573,9.97000384300842,1.586775394259983,0.002374974901302689,0.9999999619974606,244287630.3608217,1.596676968688372e-14,7.853981633974483,125.66370614359172,61.68502750680849,986.9604401089358
R29,42.2,-0.8287199579289595,9.970006443492055,1.586775808139808,0.0023753571774563593,0.9999999619970658,244285886.105779,1.607502104863906e-14,7.853981633974483,125.66370614359172,61.68502750680849,986.9604401089358
R29,42.3,-0.8287183815933993,9.970009053361801,1.5867762235134788,0.002375737449047391,0.9999999619968457,244284134.83509454,1.611604893569173e-14,7.853981633974483,125.66370614359172,61.68502750680849,986.9604401089358
R29,42.4,-0.8287168053249421,9.970011672629663,1.5867766403829064,0.002376118666245485,0.9999999619945431,244282376.53625664,1.6217630379417764e-14,7.853981633974483,125.66370614359172,61.68502750680849,986.9604401089358
R29,42.5,-0.8287152291532192,9.97001430130749,1.5867770587499763,0.002376498434776372,0.9999999619944421,244280611.1969096,1.6282377079765054e-14,7.853981633974483,125.66370614359172,61.68502750680849,986.9604401089358
R29,42.6,-0.8287136531078488,9.970016939407088,1.5867774786165678,0.002376876381438564,0.9999999619932441,244278838.8046588,1.6361882299480066e-14,7.853981633974483,125.66370614359172,61.68502750680849,986.9604401089358
R29,42.7,-0.8287120772185668,9.970019586940163,1.5867778999845434,0.0023772552592502758,0.9999999619920305,244277059.3472366,1.6425321579488044e-14,7.853981633974483,125.66370614359172,61.68502750680849,986.9604401089358
R29,42.8,-0.8287105015151462,9.970022243918338,1.5867783228557537,0.0023776312573449043,0.9999999619918648,244275272.8123875,1.6560891164075575e-14,7.853981633974483,125.66370614359172,61.68502750680849,986.9604401089358
R29,42.9,-0.8287089260274879,9.970024910353095,1.5867787472320258,0.002378006038039902,0.9999999619900038,244273479.1879649,1.6563477914637632e-14,7.853981633974483,125.66370614359172,61.68502750680849,986.9604401089358
R29,43.0,-0.8287073507854341,9.970027586255975,1.5867791731151963,0.002378381864451015,0.9999999619893883,244271678.46180192,1.662668726468389e-14,7.853981633974483,125.66370614359172,61.68502750680849,986.9604401089358
R29,43.1,-0.8287057758189963,9.97003027163827,1.586779600507063,0.002378755057341467,0.9999999619885567,244269870.62185574,1.679712736539467e-14,7.853981633974483,125.66370614359172,61.68502750680849,986.9604401089358
R29,43.2,-0.8287042011583251,9.970032966511209,1.5867800294094119,0.002379126432227161,0.9999999619887051,244268055.6561724,1.683308324262504e-14,7.853981633974483,125.66370614359172,61.68502750680849,986.9604401089358
R29,43.3,-0.8287026268334239,9.970035670886015,1.5867804598240303,0.002379498795223277,0.9999999619866882,244266233.55279577,1.6876801157061867e-14,7.853981633974483,125.66370614359172,61.68502750680849,986.9604401089358
R29,43.4,-0.8287010528745075,9.970038384773801,1.5867808917526864,0.0023798686769154675,0.9999999619868513,244264404.29979274,1.6974808292509653e-14,7.853981633974483,125.66370614359172,61.68502750680849,986.9604401089358
R29,43.5,-0.8286994793118516,9.97004110818551,1.5867813251971221,0.0023802395501684175,0.9999999619861193,244262567.88544047,1.7068577143145694e-14,7.853981633974483,125.66370614359172,61.68502750680849,986.9604401089358
R29,43.6,-0.8286979061757773,9.970043841132059,1.5867817601590744,0.002380607727236394,0.9999999619852517,244260724.29794288,1.7112237310580256e-14,7.853981633974483,125.66370614359172,61.68502750680849,986.9604401089358
R29,43.7,-0.8286963334966444,9.970046583624308,1.5867821966402722,0.0023809760640278415,0.9999999619842567,244258873.5255731,1.7272202526941275e-14,7.853981633974483,125.66370614359172,61.68502750680849,986.9604401089358
R29,43.8,-0.8286947613049588,9.970049335672881,1.5867826346424063,0.0023813431467332603,0.9999999619839416,244257015.55680323,1.7251584387142073e-14,7.853981633974483,125.66370614359172,61.68502750680849,986.9604401089358
R29,43.9,-0.8286931896311418,9.97005209728857,1.586783074167194,0.00238170570537361,0.9999999619834011,244255150.3799367,1.733475185026564e-14,7.853981633974483,125.66370614359172,61.68502750680849,986.9604401089358
R29,44.0,-0.828691618505806,9.9700548684818,1.586783515216295,0.002382072347653591,0.9999999619822783,244253277.98355195,1.7501824707111632e-14,7.853981633974483,125.66370614359172,61.68502750680849,986.9604401089358
R29,44.1,-0.8286900479596815,9.970057649263012,1.5867839577913705,0.0023824357693222878,0.9999999619821821,244251398.35623085,1.752384755990604e-14,7.853981633974483,125.66370614359172,61.68502750680849,986.9604401089358
R29,44.2,-0.8286884780233539,9.970060439642632,1.5867844018940802,0.0023827982047879615,0.9999999619814647,244249511.4865303,1.7572956554997778e-14,7.853981633974483,125.66370614359172,61.68502750680849,986.9604401089358
R29,44.3,-0.8286869087276213,9.970063239630921,1.5867848475260569,0.0023831590484219675,0.9999999619812866,244247617.36314577,1.7692514930555603e-14,7.853981633974483,125.66370614359172,61.68502750680849,986.9604401089358
R29,44.4,-0.8286853401033731,9.97006604923802,1.586785294688915,0.0023835203255222403,0.9999999619798631,244245715.97486645,1.776631593920039e-14,7.853981633974483,125.66370614359172,61.68502750680849,986.9604401089358
R29,44.5,-0.8286837721814468,9.970068868474007,1.586785743384258,0.0023838788711546296,0.9999999619806935,244243807.31047428,1.7813257707596742e-14,7.853981633974483,125.66370614359172,61.68502750680849,986.9604401089358
R29,44.6,-0.8286822049928126,9.970071697348923,1.5867861936136842,0.002384238144254073,0.9999999619789784,244241891.35885164,1.7931782553705773e-14,7.853981633974483,125.66370614359172,61.68502750680849,986.9604401089358
R29,44.7,-0.828680638568507,9.970074535872575,1.5867866453787545,0.002384596349905277,0.9999999619795324,244239968.10898113,1.800943694575701e-14,7.853981633974483,125.66370614359172,61.68502750680849,986.9604401089358
R29,44.8,-0.8286790729396193,9.970077384054836,1.5867870986810402,0.002384951806273893,0.9999999619787122,244238037.54981908,1.810610012642883e-14,7.853981633974483,125.66370614359172,61.68502750680849,986.9604401089358
R29,44.9,-0.8286775081372812,9.970080241905366,1.5867875535220788,0.002385308060041734,0.9999999619778287,244236099.67045903,1.8127716735549378e-14,7.853981633974483,125.66370614359172,61.68502750680849,986.9604401089358
R29,45.0,-0.8286759441926371,9.970083109433812,1.5867880099034053,0.002385663557322722,0.9999999619775733,244234154.46002135,1.824803216912565e-14,7.853981633974483,125.66370614359172,61.68502750680849,986.9604401089358
R29,45.1,-0.828674381137051,9.970085986649664,1.5867884678265305,0.0023860156693802396,0.9999999619780823,244232201.90775177,1.832631274075679e-14,7.853981633974483,125.66370614359172,61.68502750680849,986.9604401089358
R29,45.2,-0.828672819001807,9.970088873562354,1.5867889272929554,0.002386368723732739,0.9999999619766299,244230242.0028927,1.8407767611306155e-14,7.853981633974483,125.66370614359172,61.68502750680849,986.9604401089358
R29,45.3,-0.828671257818288,9.970091770181194,1.586789388304162,0.002386719523432935,0.999999961977006,244228274.73479274,1.8492139301158138e-14,7.853981633974483,125.66370614359172,61.68502750680849,986.9604401089358
R29,45.4,-0.8286696976179607,9.970094676515432,1.5867898508616223,0.0023870703405734425,0.9999999619771441,244226300.09282863,1.85360611476411e-14,7.853981633974483,125.66370614359172,61.68502750680849,986.9604401089358
R29,45.5,-0.8286681384322983,9.970097592574218,1.5867903149667923,0.002387421777831393,0.9999999619759982,244224318.0664845,1.8635436200077177e-14,7.853981633974483,125.66370614359172,61.68502750680849,986.9604401089358
R29,45.6,-0.8286665802928858,9.970100518366529,1.5867907806211012,0.0023877686699341955,0.9999999619759711,244222328.6453392,1.873365493789793e-14,7.853981633974483,125.66370614359172,61.68502750680849,986.9604401089358
R29,45.7,-0.8286650232313691,9.970103453901329,1.5867912478259751,0.002388115385070891,0.9999999619761398,244220331.81893685,1.8816204471216448e-14,7.853981633974483,125.66370614359172,61.68502750680849,986.9604401089358
R29,45.8,-0.8286634672794218,9.97010639918747,1.5867917165828234,0.002388461940878421,0.9999999619755361,244218327.5769761,1.88851476538257e-14,7.853981633974483,125.66370614359172,61.68502750680849,986.9604401089358
R29,45.9,-0.828661912468775,9.970109354233701,1.5867921868930381,0.002388809027191825,0.9999999619750307,244216315.90920654,1.8918980117568097e-14,7.853981633974483,125.66370614359172,61.68502750680849,986.9604401089358
R29,46.0,-0.8286603588311927,9.970112319048672,1.5867926587579961,0.0023891531324386163,0.9999999619758565,244214296.80541357,1.9079069326444075e-14,7.853981633974483,125.66370614359172,61.68502750680849,986.9604401089358
R29,46.1,-0.8286588063986502,9.97011529364089,1.5867931321790512,0.0023894970915813545,0.9999999619753098,244212270.25551596,1.9182429251323882e-14,7.853981633974483,125.66370614359172,61.68502750680849,986.9604401089358
R29,46.2,-0.828657255203008,9.970118278018814,1.58679360715755,0.0023898390595733067,0.9999999619752921,244210236.24944073,1.9170898750653738e-14,7.853981633974483,125.66370614359172,61.68502750680849,986.9604401089358
R29,46.3,-0.8286557052761513,9.970121272190859,1.5867940836948313,0.0023901802784912947,0.9999999619749628,244208194.77717242,1.930038764104658e-14,7.853981633974483,125.66370614359172,61.68502750680849,986.9604401089358
R29,46.4,-0.828654156650225,9.970124276165205,1.5867945617921975,0.002390521459745779,0.9999999619755803,244206145.8288206,1.9363774394509258e-14,7.853981633974483,125.66370614359172,61.68502750680849,986.9604401089358
R29,46.5,-0.8286526093572694,9.970127289950044,1.586795041450952,0.002390861392702198,0.9999999619747418,244204089.3945771,1.9460748611620894e-14,7.853981633974483,125.66370614359172,61.68502750680849,986.9604401089358
R29,46.6,-0.8286510634294364,9.97013031355339,1.5867955226723705,0.0023911996748089996,0.9999999619748664,244202025.4646146,1.9516002760528157e-14,7.853981633974483,125.66370614359172,61.68502750680849,986.9604401089358
R29,46.7,-0.8286495188989308,9.97013334698326,1.5867960054577288,0.0023915364347581653,0.9999999619749499,244199954.02922538,1.964187692663092e-14,7.853981633974483,125.66370614359172,61.68502750680849,986.9604401089358
R29,46.8,-0.8286479757980127,9.970136390247413,1.5867964898082618,0.0023918736826725206,0.9999999619758843,244197875.07882798,1.973645012274621e-14,7.853981633974483,125.66370614359172,61.68502750680849,986.9604401089358
R29,46.9,-0.8286464341590029,9.970139443353654,1.5867969757252118,0.0023922090749311383,0.9999999619748295,244195788.60383943,1.9768345785902896e-14,7.853981633974483,125.66370614359172,61.68502750680849,986.9604401089358
R29,47.0,-0.8286448940142047,9.970142506309651,1.5867974632097994,0.002392542615799681,0.9999999619751782,244193694.59474608,1.9848590107083867e-14,7.853981633974483,125.66370614359172,61.68502750680849,986.9604401089358
R29,47.1,-0.828643355396089,9.970145579122942,1.5867979522632238,0.0023928776041551125,0.9999999619753538,244191593.04211065,1.9942020802275593e-14,7.853981633974483,125.66370614359172,61.68502750680849,986.9604401089358
R29,47.2,-0.828641818337158,9.97014866180099,1.5867984428866728,0.002393210104697979,0.9999999619756347,244189483.93661207,2.005990681417859e-14,7.853981633974483,125.66370614359172,61.68502750680849,986.9604401089358
R29,47.3,-0.8286402828698923,9.97015175435105,1.5867989350813019,0.002393541078720064,0.9999999619755316,244187367.2690099,2.0114180355567656e-14,7.853981633974483,125.66370614359172,61.68502750680849,986.9604401089358
R29,47.4,-0.8286387490268868,9.970154856780473,1.58679942884828,0.0023938727535525125,0.9999999619758585,244185243.03004298,2.0217370416769098e-14,7.853981633974483,125.66370614359172,61.68502750680849,986.9604401089358
R29,47.5,-0.8286372168407953,9.970157969096352,1.5867999241887367,0.002394202433769205,0.999999961976454,244183111.21059448,2.0258738646404617e-14,7.853981633974483,125.66370614359172,61.68502750680849,986.9604401089358
R29,47.6,-0.828635686344263,9.970161091305764,1.586800421103798,0.0023945301801458155,0.9999999619751935,244180971.8015946,2.0394302040576604e-14,7.853981633974483,125.66370614359172,61.68502750680849,986.9604401089358
R29,47.7,-0.8286341575700844,9.970164223415573,1.5868009195945565,0.002394857335757131,0.9999999619772916,244178824.79409245,2.043233514706786e-14,7.853981633974483,125.66370614359172,61.68502750680849,986.9604401089358
R29,47.8,-0.8286326305509936,9.970167365432683,1.5868014196621107,0.0023951855198012942,0.9999999619768872,244176670.17912,2.053654445103831e-14,7.853981633974483,125.66370614359172,61.68502750680849,986.9604401089358
R29,47.9,-0.8286311053198834,9.970170517363787,1.5868019213075262,0.0023955109371784624,0.9999999619767491,244174507.9478856,2.0627640863304063e-14,7.853981633974483,125.66370614359172,61.68502750680849,986.9604401089358
R29,48.0,-0.8286295819096327,9.970173679215508,1.586802424531857,0.0023958352434265417,0.9999999619768055,244172338.09159487,2.0678150672536144e-14,7.853981633974483,125.66370614359172,61.68502750680849,986.9604401089358
R29,48.1,-0.8286280603531648,9.970176850994399,1.5868029293361459,0.002396158956401786,0.9999999619790755,244170160.6015653,2.080063056547957e-14,7.853981633974483,125.66370614359172,61.68502750680849,986.9604401089358
R29,48.2,-0.828626540683536,9.97018003270684,1.5868034357214085,0.0023964825172976384,0.9999999619769843,244167975.46916655,2.0897234721907198e-14,7.853981633974483,125.66370614359172,61.68502750680849,986.9604401089358
R29,48.3,-0.8286250229337643,9.97018322435915,1.5868039436886503,0.002396803151422753,0.9999999619790386,244165782.68586618,2.0925338206085376e-14,7.853981633974483,125.66370614359172,61.68502750680849,986.9604401089358
R29,48.4,-0.8286235071369106,9.970186425957587,1.5868044532388672,0.0023971246541594814,0.9999999619788676,244163582.2431641,2.1072498795390446e-14,7.853981633974483,125.66370614359172,61.68502750680849,986.9604401089358
R29,48.5,-0.8286219933261733,9.970189637508147,1.5868049643730138,0.0023974435369374914,0.9999999619793803,244161374.13275003,2.1111287407500243e-14,7.853981633974483,125.66370614359172,61.68502750680849,986.9604401089358
R29,48.6,-0.8286204815347121,9.970192859016933,1.5868054770920612,0.002397762216364601,0.9999999619801806,244159158.3461881,2.1220095984822832e-14,7.853981633974483,125.66370614359172,61.68502750680849,986.9604401089358
R29,48.7,-0.8286189717958067,9.970196090489779,1.5868059913969381,0.002398079418910368,0.9999999619805214,244156934.87530774,2.1301875630013448e-14,7.853981633974483,125.66370614359172,61.68502750680849,986.9604401089358
R29,48.8,-0.8286174641427412,9.970199331932493,1.5868065072885689,0.0023983962628909773,0.9999999619800476,244154703.71192664,2.1384937628643215e-14,7.853981633974483,125.66370614359172,61.68502750680849,986.9604401089358
R29,48.9,-0.8286159586088384,9.970202583350734,1.5868070247678538,0.002398713304442987,0.9999999619811376,244152464.84795916,2.146539708534079e-14,7.853981633974483,125.66370614359172,61.68502750680849,986.9604401089358
R29,49.0,-0.8286144552275044,9.970205844750092,1.5868075438356832,0.002399027916496375,0.9999999619820141,244150218.27538243,2.1553957889898978e-14,7.853981633974483,125.66370614359172,61.68502750680849,986.9604401089358
R29,49.1,-0.8286129540321686,9.970209116136015,1.5868080644929237,0.002399341521664667,0.999999961982092,244147963.9862391,2.165158363794681e-14,7.853981633974483,125.66370614359172,61.68502750680849,986.9604401089358
R29,49.2,-0.828611455056341,9.970212397513874,1.58680858674043,0.0023996549358616935,0.9999999619827576,244145701.97268462,2.170706134756748e-14,7.853981633974483,125.66370614359172,61.68502750680849,986.9604401089358
R29,49.3,-0.8286099583335087,9.970215688888931,1.58680911057904,0.0023999678298921518,0.9999999619840785,244143432.22691774,2.1775900181755234e-14,7.853981633974483,125.66370614359172,61.68502750680849,986.9604401089358
R29,49.4,-0.828608463897263,9.970218990266325,1.5868096360095711,0.0024002778451666876,0.9999999619840386,244141154.74123397,2.1934932835095355e-14,7.853981633974483,125.66370614359172,61.68502750680849,986.9604401089358
R29,49.5,-0.828606971781286,9.970222301651031,1.5868101630328155,0.0024005865128291846,0.9999999619854821,244138869.5080595,2.1983046732993854e-14,7.853981633974483,125.66370614359172,61.68502750680849,986.9604401089358
R29,49.6,-0.8286054820191664,9.970225623048043,1.586810691649568,0.002400897408221463,0.9999999619853862,244136576.51975337,2.2027601414820356e-14,7.853981633974483,125.66370614359172,61.68502750680849,986.9604401089358
R29,49.7,-0.8286039946446361,9.970228954462199,1.5868112218605985,0.0024012049400109025,0.9999999619862247,244134275.76885813,2.220661126955493e-14,7.853981633974483,125.66370614359172,61.68502750680849,986.9604401089358
R29,49.8,-0.8286025096915235,9.970232295898104,1.5868117536666397,0.0024015108592462483,0.9999999619875369,244131967.2480462,2.2253992968450644e-14,7.853981633974483,125.66370614359172,61.68502750680849,986.9604401089358
R29,49.9,-0.8286010271935452,9.970235647360443,1.5868122870684376,0.0024018177785111606,0.999999961987237,244129650.9499232,2.2316985057775046e-14,7.853981633974483,125.66370614359172,61.68502750680849,986.9604401089358
R29,50.0,-0.8285995471845816,9.97023900885372,1.586812822066709,0.0024021215057424016,0.9999999619887382,244127326.86725608,2.2409342387916662e-14,7.853981633974483,125.66370614359172,61.68502750680849,986.9604401089358
R30,40.0,-0.8523423062490783,9.306560866211688,1.4811851650431815,0.025397554625599724,1.0,236756817.4792784,2.231085493813426e-17,7.853981633974483,125.66370614359172,61.68502750680849,986.9604401089358
R30,40.1,-0.8521818432573746,9.306586788729357,1.4811892907400057,0.02539329994451168,0.9999999034012438,236798350.26200593,2.3713676694748385e-17,7.853981633974483,125.66370614359172,61.68502750680849,986.9604401089358
R30,40.2,-0.8520214750816935,9.306612917466556,1.4811934492576877,0.025389043496808053,0.9999999033610317,236839972.5062574,4.4417107044922524e-17,7.853981633974483,125.66370614359172,61.68502750680849,986.9604401089358
R30,40.3,-0.8518612019887261,9.306639251936444,1.4811976405187441,0.025384785026200094,0.9999999033233721,236881684.0429,6.334800475570564e-17,7.853981633974483,125.66370614359172,61.68502750680849,986.9604401089358
R30,40.4,-0.8517010242442582,9.30666579165233,1.4812018644457157,0.025380521324334437,0.999999903283361,236923484.7029066,4.7634120052968633e-17,7.853981633974483,125.66370614359172,61.68502750680849,986.9604401089358
R30,40.5,-0.8515409421092196,9.306692536128311,1.4812061209612686,0.02537625646310063,0.9999999032432401,236965374.31839684,1.5468371471235602e-17,7.853981633974483,125.66370614359172,61.68502750680849,986.9604401089358
R30,40.6,-0.8513809558427511,9.306719484878402,1.4812104099880556,0.025371990050167888,0.9999999032056426,237007352.72161555,2.7310362000455643e-17,7.853981633974483,125.66370614359172,61.68502750680849,986.9604401089358
R30,40.7,-0.8512210657011974,9.306746637417156,1.4812147314488158,0.025367719333438246,0.9999999031662826,237049419.74545455,1.1187156654581312e-17,7.853981633974483,125.66370614359172,61.68502750680849,986.9604401089358
R30,40.8,-0.8510612719375156,9.306773993259606,1.481219085266364,0.025363446429554824,0.9999999031273165,237091575.22352827,9.113227337227209e-17,7.853981633974483,125.66370614359172,61.68502750680849,986.9604401089358
R30,40.9,-0.8509015748022049,9.306801551921694,1.4812234713636605,0.025359170109652232,0.9999999030887193,237133818.99027634,2.541506623791467e-17,7.853981633974483,125.66370614359172,61.68502750680849,986.9604401089358
R30,41.0,-0.8507419745427384,9.306829312919097,1.4812278896636224,0.025354891171838017,0.9999999030508525,237176150.88029516,2.2808779329737998e-17,7.853981633974483,125.66370614359172,61.68502750680849,986.9604401089358
R30,41.1,-0.8505824714042156,9.306857275768603,1.4812323400893441,0.025350610869039093,0.9999999030128038,237218570.729148,4.4513118784384136e-17,7.853981633974483,125.66370614359172,61.68502750680849,986.9604401089358
R30,41.2,-0.8504230656281737,9.306885439986475,1.4812368225638368,0.02534632846764419,0.9999999029763703,237261078.37246355,2.977013527863409e-17,7.853981633974483,125.66370614359172,61.68502750680849,986.9604401089358
R30,41.3,-0.8502637574545661,9.306913805090957,1.4812413370104265,0.025342043874611458,0.999999902938041,237303673.64726344,2.800809886963647e-17,7.853981633974483,125.66370614359172,61.68502750680849,986.9604401089358
R30,41.4,-0.8501045471193507,9.306942370600057,1.4812458833524016,0.025337754972196366,0.9999999028988599,237346356.3908478,8.27022761495905e-18,7.853981633974483,125.66370614359172,61.68502750680849,986.9604401089358
R30,41.5,-0.8499454348566207,9.30697113603232,1.4812504615131366,0.025333466429872793,0.9999999028643706,237389126.44108868,2.0168121126502527e-17,7.853981633974483,125.66370614359172,61.68502750680849,986.9604401089358
R30,41.6,-0.8497864208968374,9.307000100907056,1.4812550714161266,0.025329174025779045,0.9999999028256396,237431983.63666955,1.1921996324376368e-17,7.853981633974483,125.66370614359172,61.68502750680849,986.9604401089358
R30,41.7,-0.8496275054688517,9.307029264743845,1.4812597129849112,0.025324880225489066,0.9999999027882597,237474927.81657982,3.7997339498568774e-17,7.853981633974483,125.66370614359172,61.68502750680849,986.9604401089358
R30,41.8,-0.8494686887982538,9.307058627062968,1.4812643861431403,0.02532058459308319,0.9999999027534195,237517958.82062846,3.846768649048954e-17,7.853981633974483,125.66370614359172,61.68502750680849,986.9604401089358
R30,41.9,-0.849309971107503,9.307088187386013,1.4812690908146722,0.025316286178710328,0.9999999027168481,237561076.4897735,8.595539035109551e-17,7.853981633974483,125.66370614359172,61.68502750680849,986.9604401089358
R30,42.0,-0.8491513526174219,9.307117945234362,1.4812738269233328,0.025311986363097207,0.9999999026787173,237604280.66491848,5.710155620879053e-17,7.853981633974483,125.66370614359172,61.68502750680849,986.9604401089358
R30,42.1,-0.8489928335447592,9.30714790013041,1.4812785943931086,0.025307682985461516,0.9999999026436,237647571.1881151,3.3634218292728945e-17,7.853981633974483,125.66370614359172,61.68502750680849,986.9604401089358
R30,42.2,-0.8488344141049711,9.307178051597058,1.4812833931480671,0.0253033792205624,0.9999999026092006,237690947.90173304,6.030624522210978e-17,7.853981633974483,125.66370614359172,61.68502750680849,986.9604401089358
R30,42.3,-0.8486760945103612,9.307208399157979,1.4812882231123985,0.025299075046430714,0.9999999025733963,237734410.64898887,3.159817766470854e-17,7.853981633974483,125.66370614359172,61.68502750680849,986.9604401089358
R30,42.4,-0.8485178749704171,9.307238942337435,1.4812930842103866,0.025294766936396606,0.9999999025357784,237777959.27371988,8.017204296125886e-17,7.853981633974483,125.66370614359172,61.68502750680849,986.9604401089358
R30,42.5,-0.8483597556922451,9.307269680660875,1.4812979763665044,0.025290458622713494,0.9999999025028597,237821593.6207283,2.896783718005154e-17,7.853981633974483,125.66370614359172,61.68502750680849,986.9604401089358
R30,42.6,-0.8482017368799021,9.307300613654094,1.48130289950528,0.025286146555041022,0.999999902466825,237865313.53534803,3.6591548772916587e-17,7.853981633974483,125.66370614359172,61.68502750680849,986.9604401089358
R30,42.7,-0.8480438187357028,9.307331740843331,1.4813078535513116,0.02528183388545318,0.9999999024313114,237909118.86324066,5.5043241935239124e-17,7.853981633974483,125.66370614359172,61.68502750680849,986.9604401089358
R30,42.8,-0.8478860014587389,9.307363061756178,1.4813128384294132,0.025277520429484106,0.9999999023982399,237953009.45131612,2.2502081527748348e-17,7.853981633974483,125.66370614359172,61.68502750680849,986.9604401089358
R30,42.9,-0.8477282852455449,9.307394575920284,1.4813178540644083,0.025273205424538047,0.9999999023641785,237996985.1466649,5.535740385231978e-17,7.853981633974483,125.66370614359172,61.68502750680849,986.9604401089358
R30,43.0,-0.8475706702905096,9.307426282865226,1.481322900381426,0.025268889335219757,0.9999999023282389,238041045.79781818,4.9825979774738085e-17,7.853981633974483,125.66370614359172,61.68502750680849,986.9604401089358
R30,43.1,-0.8474131567852292,9.307458182120126,1.4813279773055243,0.025264570644552085,0.9999999022941287,238085191.2532097,4.6966940285901796e-17,7.853981633974483,125.66370614359172,61.68502750680849,986.9604401089358
R30,43.2,-0.8472557449189486,9.30749027321556,1.4813330847619919,0.02526024998690414,0.9999999022618953,238129421.36242646,6.015933006565981e-17,7.853981633974483,125.66370614359172,61.68502750680849,986.9604401089358
R30,43.3,-0.8470984348781027,9.307522555683121,1.4813382226762795,0.025255929101562897,0.9999999022267776,238173735.9759024,3.054586207626943e-17,7.853981633974483,125.66370614359172,61.68502750680849,986.9604401089358
R30,43.4,-0.8469412268468793,9.307555029054663,1.4813433909738793,0.02525160669611252,0.99999990219411,238218134.94441298,1.074565365551488e-17,7.853981633974483,125.66370614359172,61.68502750680849,986.9604401089358
R30,43.5,-0.8467841210069444,9.307587692863272,1.4813485895804797,0.025247283993597994,0.9999999021611192,238262618.11973295,1.0246628856258194e-17,7.853981633974483,125.66370614359172,61.68502750680849,986.9604401089358
R30,43.6,-0.8466271175377051,9.30762054664279,1.481353818421889,0.025242960389459834,0.9999999021290502,238307185.3542207,2.30803284410221e-17,7.853981633974483,125.66370614359172,61.68502750680849,986.9604401089358
R30,43.7,-0.8464702166156637,9.307653589927984,1.4813590774240637,0.025238634676005792,0.9999999020954182,238351836.5011346,3.7922002586668806e-17,7.853981633974483,125.66370614359172,61.68502750680849,986.9604401089358
R30,43.8,-0.846313418415129,9.307686822254544,1.4813643665131062,0.025234307946018837,0.9999999020620347,238396571.4144277,5.384581830030603e-17,7.853981633974483,125.66370614359172,61.68502750680849,986.9604401089358
R30,43.9,-0.8461567231087295,9.307720243158794,1.48136968561522,0.02522997861324103,0.999999902029741,238441389.94850206,1.7180894561696397e-17,7.853981633974483,125.66370614359172,61.68502750680849,986.9604401089358
R30,44.0,-0.8460001308649306,9.307753852178259,1.4813750346568004,0.025225651343175785,0.9999999019979016,238486291.95899776,6.639408792506846e-17,7.853981633974483,125.66370614359172,61.68502750680849,986.9604401089358
R30,44.1,-0.8458436418517368,9.307787648851646,1.48138041356443,0.025221320921881868,0.9999999019650818,238531277.30216002,3.666376085634859e-17,7.853981633974483,125.66370614359172,61.68502750680849,986.9604401089358
R30,44.2,-0.8456872562336682,9.307821632717603,1.4813858222646825,0.025216991111526622,0.9999999019338208,238576345.8345273,2.1254162857101163e-17,7.853981633974483,125.66370614359172,61.68502750680849,986.9604401089358
R30,44.3,-0.8455309741727977,9.307855803316787,1.481391260684451,0.025212659665837325,0.9999999019034143,238621497.41406474,1.396596881851165e-17,7.853981633974483,125.66370614359172,61.68502750680849,986.9604401089358
R30,44.4,-0.84537479583004,9.307890160190528,1.4813967287507361,0.025208326155469418,0.9999999018701868,238666731.89917982,7.075494671484169e-17,7.853981633974483,125.66370614359172,61.68502750680849,986.9604401089358
R30,44.5,-0.8452187213620534,9.30792470288073,1.4814022263906295,0.025203994524311664,0.9999999018398775,238712049.1490476,4.742748133819017e-17,7.853981633974483,125.66370614359172,61.68502750680849,986.9604401089358
R30,44.6,-0.8450627509252424,9.30795943093028,1.4814077535313792,0.02519965915611227,0.9999999018075296,238757449.0233161,7.692471111226295e-17,7.853981633974483,125.66370614359172,61.68502750680849,986.9604401089358
R30,44.7,-0.8449068846722709,9.30799434388418,1.4814133101005704,0.02519532634770744,0.9999999017789414,238802931.3833741,1.8831914910384858e-17,7.853981633974483,125.66370614359172,61.68502750680849,986.9604401089358
R30,44.8,-0.8447511227540188,9.308029441286882,1.4814188960257002,0.025190991526895908,0.9999999017468808,238848496.0902369,3.5671852053405215e-17,7.853981633974483,125.66370614359172,61.68502750680849,986.9604401089358
R30,44.9,-0.8445954653194735,9.308064722685007,1.481424511234611,0.025186655979379167,0.99999990171711,238894143.00647125,8.523449816248079e-18,7.853981633974483,125.66370614359172,61.68502750680849,986.9604401089358
R30,45.0,-0.8444399125145924,9.30810018762528,1.481430155655162,0.025182319842238027,0.9999999016858621,238939871.99490702,9.969693560255941e-18,7.853981633974483,125.66370614359172,61.68502750680849,986.9604401089358
R30,45.1,-0.8442844644837385,9.308135835656126,1.4814358292154823,0.02517798282710468,0.9999999016559478,238985682.91945502,2.6299450577894238e-17,7.853981633974483,125.66370614359172,61.68502750680849,986.9604401089358
R30,45.2,-0.844129121368669,9.308171666326913,1.4814415318438525,0.025173644887788678,0.9999999016264365,239031575.64487225,4.789571025524358e-17,7.853981633974483,125.66370614359172,61.68502750680849,986.9604401089358
R30,45.3,-0.8439738833091763,9.308207679188115,1.4814472634687277,0.025169307629200614,0.9999999015963477,239077550.03667593,5.2603016563642634e-17,7.853981633974483,125.66370614359172,61.68502750680849,986.9604401089358
R30,45.4,-0.8438187504423955,9.30824387379072,1.4814530240186456,0.025164970077332136,0.9999999015673908,239123605.96085235,2.2811795185097203e-17,7.853981633974483,125.66370614359172,61.68502750680849,986.9604401089358
R30,45.5,-0.8436637229041402,9.308280249687765,1.4814588134224698,0.025160631363972633,0.9999999015382303,239169743.2847601,1.3517309718076613e-17,7.853981633974483,125.66370614359172,61.68502750680849,986.9604401089358
R30,45.6,-0.843508800827271,9.308316806432288,1.4814646316090638,0.025156294543149573,0.9999999015090173,239215961.8758958,3.3122777135373306e-17,7.853981633974483,125.66370614359172,61.68502750680849,986.9604401089358
R30,45.7,-0.8433539843429633,9.308353543579214,1.481470478507592,0.025151955559412926,0.9999999014807661,239262261.60306156,3.447027322288485e-17,7.853981633974483,125.66370614359172,61.68502750680849,986.9604401089358
R30,45.8,-0.8431992735802367,9.308390460684036,1.4814763540473093,0.025147615649866808,0.9999999014499605,239308642.33547914,1.462128577571311e-17,7.853981633974483,125.66370614359172,61.68502750680849,986.9604401089358
R30,45.9,-0.8430446686656464,9.308427557303949,1.4814822581577403,0.025143276588400678,0.9999999014230747,239355103.9436378,6.357387416389253e-17,7.853981633974483,125.66370614359172,61.68502750680849,986.9604401089358
R30,46.0,-0.8428901697235363,9.30846483299692,1.481488190768534,0.025138938651343517,0.9999999013951022,239401646.2985949,4.629327701396743e-17,7.853981633974483,125.66370614359172,61.68502750680849,986.9604401089358
R30,46.1,-0.8427357768771824,9.308502287322199,1.4814941518095421,0.025134599544508234,0.999999901366192,239448269.27221596,9.842582930496243e-17,7.853981633974483,125.66370614359172,61.68502750680849,986.9604401089358
R30,46.2,-0.842581490246484,9.308539919839195,1.481500141210643,0.025130259028011085,0.9999999013376772,239494972.73666048,3.044145214173625e-17,7.853981633974483,125.66370614359172,61.68502750680849,986.9604401089358
R30,46.3,-0.8424273099499752,9.308577730110219,1.4815061589021763,0.025125921088062626,0.9999999013114031,239541756.5660136,2.24026072758679e-17,7.853981633974483,125.66370614359172,61.68502750680849,986.9604401089358
R30,46.4,-0.8422732361045508,9.308615717697613,1.4815122048144862,0.02512158091773802,0.9999999012832552,239588620.63434708,3.618222899899366e-17,7.853981633974483,125.66370614359172,61.68502750680849,986.9604401089358
R30,46.5,-0.8421192688240823,9.30865388216508,1.481518278878134,0.025117242905673607,0.9999999012557141,239635564.81685108,1.9819574593108353e-17,7.853981633974483,125.66370614359172,61.68502750680849,986.9604401089358
R30,46.6,-0.8419654082210017,9.308692223077417,1.481524381023855,0.025112904102844415,0.9999999012284775,239682588.98936552,7.925597761529909e-17,7.853981633974483,125.66370614359172,61.68502750680849,986.9604401089358
R30,46.7,-0.8418116544059493,9.308730740000911,1.4815305111826218,0.02510856529267456,0.9999999012026337,239729693.02876446,5.93571043059391e-17,7.853981633974483,125.66370614359172,61.68502750680849,986.9604401089358
R30,46.8,-0.8416580074868444,9.308769432502585,1.4815366692855239,0.025104225972336986,0.9999999011749297,239776876.81254292,5.842490543297627e-17,7.853981633974483,125.66370614359172,61.68502750680849,986.9604401089358
R30,46.9,-0.8415044675704357,9.30880830015099,1.4815428552638936,0.02509988756114378,0.9999999011475447,239824140.21912766,6.45605446053647e-17,7.853981633974483,125.66370614359172,61.68502750680849,986.9604401089358
R30,47.0,-0.8413510347612385,9.308847342516025,1.481549069049279,0.02509554936469734,0.9999999011211576,239871483.1279231,5.372471253231147e-17,7.853981633974483,125.66370614359172,61.68502750680849,986.9604401089358
R30,47.1,-0.8411977091615597,9.308886559168316,1.4815553105733428,0.02509121106324004,0.999999901096666,239918905.41884848,6.453520067161778e-17,7.853981633974483,125.66370614359172,61.68502750680849,986.9604401089358
R30,47.2,-0.841044490872389,9.308925949679862,1.4815615797679662,0.025086874798377175,0.9999999010706738,239966406.97270957,8.578127370303265e-17,7.853981633974483,125.66370614359172,61.68502750680849,986.9604401089358
R30,47.3,-0.8408913799914655,9.308965513624093,1.481567876565259,0.025082536023791978,0.9999999010438526,240013987.67146897,8.107850496015083e-17,7.853981633974483,125.66370614359172,61.68502750680849,986.9604401089358
R30,47.4,-0.8407383766169721,9.30900525057573,1.4815742008975352,0.025078200523332723,0.9999999010189882,240061647.3976081,6.744562644328003e-17,7.853981633974483,125.66370614359172,61.68502750680849,986.9604401089358
R30,47.5,-0.840585480842679,9.309045160110236,1.4815805526972283,0.025073864380069037,0.9999999009930136,240109386.03451568,5.406684691777359e-17,7.853981633974483,125.66370614359172,61.68502750680849,986.9604401089358
R30,47.6,-0.8404326927619223,9.309085241804828,1.4815869318970503,0.025069528889468392,0.9999999009674858,240157203.46652296,3.6885008732068993e-17,7.853981633974483,125.66370614359172,61.68502750680849,986.9604401089358
R30,47.7,-0.8402800124660063,9.309125495237948,1.4815933384299078,0.025065192063265296,0.9999999009424121,240205099.57882684,5.717530559035368e-17,7.853981633974483,125.66370614359172,61.68502750680849,986.9604401089358
R30,47.8,-0.8401274400446828,9.309165919988834,1.4815997722288343,0.02506085736817117,0.9999999009188039,240253074.2571134,5.2000059851292153e-17,7.853981633974483,125.66370614359172,61.68502750680849,986.9604401089358
R30,47.9,-0.8399749755852529,9.309206515638431,1.4816062332271358,0.02505652463068073,0.999999900892685,240301127.38829574,4.920285318640767e-17,7.853981633974483,125.66370614359172,61.68502750680849,986.9604401089358
R30,48.0,-0.8398226191731665,9.309247281768679,1.4816127213582755,0.025052190327406725,0.999999900868491,240349258.8599664,2.474635849892308e-17,7.853981633974483,125.66370614359172,61.68502750680849,986.9604401089358
R30,48.1,-0.8396703708927106,9.30928821796294,1.4816192365559435,0.025047858281876348,0.9999999008448778,240397468.56057242,8.65437923672012e-18,7.853981633974483,125.66370614359172,61.68502750680849,986.9604401089358
R30,48.2,-0.8395182308257909,9.309329323806192,1.4816257787540872,0.025043526086463416,0.9999999008197991,240445756.37968624,3.0100779505736833e-17,7.853981633974483,125.66370614359172,61.68502750680849,986.9604401089358
R30,48.3,-0.8393661990533323,9.309370598883664,1.4816323478866933,0.025039194112707705,0.9999999007968672,240494122.2069869,1.494688427794862e-17,7.853981633974483,125.66370614359172,61.68502750680849,986.9604401089358
R30,48.4,-0.8392142756533453,9.309412042783277,1.4816389438881776,0.02503486325484499,0.9999999007716249,240542565.93403703,6.169666109911812e-17,7.853981633974483,125.66370614359172,61.68502750680849,986.9604401089358
R30,48.5,-0.8390624607035243,9.30945365509309,1.481645566692978,0.025030532801148912,0.9999999007494629,240591087.45231465,5.2807872071318874e-17,7.853981633974483,125.66370614359172,61.68502750680849,986.9604401089358
R30,48.6,-0.8389107542782103,9.309495435402862,1.481652216235802,0.02502620520454927,0.999999900727466,240639686.65466225,7.838007577548093e-17,7.853981633974483,125.66370614359172,61.68502750680849,986.9604401089358
R30,48.7,-0.8387591564519813,9.309537383303715,1.481658892451575,0.025021877231328437,0.999999900702834,240688363.43448526,7.616759544184101e-17,7.853981633974483,125.66370614359172,61.68502750680849,986.9604401089358
R30,48.8,-0.8386076672961577,9.309579498388594,1.4816655952755122,0.025017550021006984,0.9999999006795126,240737117.68666625,5.030776136846817e-17,7.853981633974483,125.66370614359172,61.68502750680849,986.9604401089358
R30,48.9,-0.8384562868808225,9.309621780250334,1.4816723246428112,0.02501322258556244,0.999999900655518,240785949.3058673,6.583932219364173e-17,7.853981633974483,125.66370614359172,61.68502750680849,986.9604401089358
R30,49.0,-0.8383050152744707,9.30966422848471,1.4816790804891378,0.025008896807541852,0.9999999006338611,240834858.1887053,4.312688032573477e-17,7.853981633974483,125.66370614359172,61.68502750680849,986.9604401089358
R30,49.1,-0.8381538525442737,9.309706842687701,1.4816858627501897,0.025004572803516346,0.9999999006126732,240883844.2318961,5.540821984384121e-17,7.853981633974483,125.66370614359172,61.68502750680849,986.9604401089358
R30,49.2,-0.8380027987551528,9.3097496224572,1.4816926713619698,0.02500024884387764,0.9999999005892717,240932907.33340666,6.049034433893575e-18,7.853981633974483,125.66370614359172,61.68502750680849,986.9604401089358
R30,49.3,-0.8378518539711707,9.309792567392567,1.4816995062607141,0.024995926479261837,0.9999999005677112,240982047.3921164,6.784765426117393e-17,7.853981633974483,125.66370614359172,61.68502750680849,986.9604401089358
R30,49.4,-0.8377010182539849,9.309835677093528,1.4817063673827173,0.024991605998328628,0.9999999005461739,241031264.30719197,5.030831103550032e-17,7.853981633974483,125.66370614359172,61.68502750680849,986.9604401089358
R30,49.5,-0.8375502916640098,9.309878951162048,1.48171325466463,0.024987285047821505,0.999999900522025,241080557.97920552,3.1710198294207394e-17,7.853981633974483,125.66370614359172,61.68502750680849,986.9604401089358
R30,49.6,-0.8373996742605351,9.309922389201242,1.481720168043286,0.024982967659092668,0.9999999005044793,241129928.30941993,1.246930061990445e-17,7.853981633974483,125.66370614359172,61.68502750680849,986.9604401089358
R30,49.7,-0.8372491661006012,9.309965990815613,1.4817271074557399,0.024978649212614234,0.9999999004800113,241179375.20004678,3.13271978638585e-17,7.853981633974483,125.66370614359172,61.68502750680849,986.9604401089358
R30,49.8,-0.8370987672400777,9.310009755610755,1.4817340728392203,0.024974331606315858,0.9999999004599207,241228898.55395007,2.2464796253983407e-17,7.853981633974483,125.66370614359172,61.68502750680849,986.9604401089358
R30,49.9,-0.836948477733156,9.310053683194198,1.4817410641312632,0.024970016434668098,0.9999999004396314,241278498.27525932,4.339412447965935e-17,7.853981633974483,125.66370614359172,61.68502750680849,986.9604401089358
R30,50.0,-0.8367982976325554,9.310097773173739,1.481748081269448,0.024965703527293263,0.9999999004189033,241328174.26821014,3.4272851188037815e-17,7.853981633974483,125.66370614359172,61.68502750680849,986.9604401089358
R31,40.0,-0.8693205695957922,10.7045169178095,1.7036767808802018,0.003507081034142427,1.0,395133194.20838434,2.6176664291241757e-13,7.853981633974483,125.66370614359172,61.68502750680849,986.9604401089358
R31,40.1,-0.8693197014317902,10.704506747016028,1.7036751621481456,0.0035077865374201133,0.9999999173748723,395149644.69365203,1.0463150199566474e-12,7.853981633974483,125.66370614359172,61.68502750680849,986.9604401089358
R31,40.2,-0.869318810675598,10.704496576279535,1.703673543425158,0.0035084891102374624,0.9999999173777473,395166076.99167013,1.0464173798383377e-12,7.853981633974483,125.66370614359172,61.68502750680849,986.9604401089358
R31,40.3,-0.8693178976855163,10.704486405923404,1.7036719247627068,0.003509188785761697,0.9999999173810702,395182490.8524928,1.046546445385308e-12,7.853981633974483,125.66370614359172,61.68502750680849,986.9604401089358
R31,40.4,-0.869316962453625,10.704476236010125,1.7036703061707374,0.003509885537782904,0.9999999173841763,395198886.1563635,1.0466068329743326e-12,7.853981633974483,125.66370614359172,61.68502750680849,986.9604401089358
R31,40.5,-0.8693160049722444,10.704466066602317,1.7036686876592164,0.0035105793649510917,0.9999999173873525,395215262.783021,1.0467229918964164e-12,7.853981633974483,125.66370614359172,61.68502750680849,986.9604401089358
R31,40.6,-0.8693150252339081,10.704455897762546,1.7036670692381015,0.003511270275686918,0.9999999173906503,395231620.6128904,1.0468394818126293e-12,7.853981633974483,125.66370614359172,61.68502750680849,986.9604401089358
R31,40.7,-0.8693140232313072,10.70444572955359,1.7036654509173839,0.0035119582545885555,0.9999999173939115,395247959.5258409,1.0468446938106418e-12,7.853981633974483,125.66370614359172,61.68502750680849,986.9604401089358
R31,40.8,-0.8693129989574467,10.704435562038265,1.7036638327070608,0.003512643282091492,0.9999999173972581,395264279.4018982,1.046981119775727e-12,7.853981633974483,125.66370614359172,61.68502750680849,986.9604401089358
R31,40.9,-0.8693119524054351,10.704425395279372,1.7036622146171279,0.003513325361872971,0.9999999174005284,395280580.12148654,1.0470228056145495e-12,7.853981633974483,125.66370614359172,61.68502750680849,986.9604401089358
R31,41.0,-0.8693108835686998,10.704415229339862,1.7036605966576035,0.00351400449208096,0.9999999174040012,395296861.5646414,1.047101316599324e-12,7.853981633974483,125.66370614359172,61.68502750680849,986.9604401089358
R31,41.1,-0.8693097924408354,10.704405064282689,1.7036589788385077,0.0035146806912309076,0.9999999174075378,395313123.6116892,1.0471530323745258e-12,7.853981633974483,125.66370614359172,61.68502750680849,986.9604401089358
R31,41.2,-0.8693086790156475,10.70439490017095,1.7036573611698822,0.0035153539036873703,0.9999999174109101,395329366.14271617,1.0472428208623312e-12,7.853981633974483,125.66370614359172,61.68502750680849,986.9604401089358
R31,41.3,-0.8693075432871703,10.704384737067723,1.7036557436617665,0.0035160241625034473,0.9999999174145046,395345589.03820807,1.0473385251620075e-12,7.853981633974483,125.66370614359172,61.68502750680849,986.9604401089358
R31,41.4,-0.869306385249648,10.704374575036198,1.7036541263242175,0.003516691462609057,0.9999999174181781,395361792.17837924,1.0474197467595473e-12,7.853981633974483,125.66370614359172,61.68502750680849,986.9604401089358
R31,41.5,-0.8693052048975608,10.704364414139622,1.7036525091673012,0.0035173557317053194,0.9999999174215551,395377975.4436865,1.0474519495873567e-12,7.853981633974483,125.66370614359172,61.68502750680849,986.9604401089358
R31,41.6,-0.8693040022256417,10.70435425444129,1.7036508922010913,0.0035180170575527343,0.9999999174253119,395394138.71457326,1.0475179154509214e-12,7.853981633974483,125.66370614359172,61.68502750680849,986.9604401089358
R31,41.7,-0.8693027772287667,10.704344096004588,1.703649275435676,0.0035186753975151768,0.9999999174290953,395410281.87143,1.047626525253826e-12,7.853981633974483,125.66370614359172,61.68502750680849,986.9604401089358
R31,41.8,-0.8693015299020772,10.704333938892887,1.7036476588811413,0.0035193307013370416,0.999999917432601,395426404.7949147,1.0475877534360744e-12,7.853981633974483,125.66370614359172,61.68502750680849,986.9604401089358
R31,41.9,-0.8693002602409917,10.704323783169729,1.7036460425476,0.0035199830546515706,0.9999999174366435,395442507.36562616,1.0476981862929e-12,7.853981633974483,125.66370614359172,61.68502750680849,986.9604401089358
R31,42.0,-0.8692989682410035,10.704313628898628,1.703644426445161,0.0035206323798072023,0.9999999174403521,395458589.46401113,1.0477702086727674e-12,7.853981633974483,125.66370614359172,61.68502750680849,986.9604401089358
R31,42.1,-0.8692976538979647,10.704303476143142,1.7036428105839392,0.003521278701589471,0.9999999174442206,395474650.9709918,1.0478087301700103e-12,7.853981633974483,125.66370614359172,61.68502750680849,986.9604401089358
R31,42.2,-0.869296317207891,10.704293324966974,1.703641194974074,0.0035219220015295276,0.9999999174481037,395490691.76715237,1.0479017202432656e-12,7.853981633974483,125.66370614359172,61.68502750680849,986.9604401089358
R31,42.3,-0.8692949581670182,10.70428317543379,1.7036395796256976,0.0035225622939309745,0.9999999174520703,395506711.7334936,1.0479180353642636e-12,7.853981633974483,125.66370614359172,61.68502750680849,986.9604401089358
R31,42.4,-0.8692935767718601,10.704273027607368,1.7036379645489608,0.0035231995166651315,0.9999999174559494,395522710.75075155,1.0479457234719344e-12,7.853981633974483,125.66370614359172,61.68502750680849,986.9604401089358
R31,42.5,-0.8692921730190958,10.704262881551536,1.7036363497540223,0.0035238337352337607,0.9999999174601296,395538688.69996405,1.048037593743217e-12,7.853981633974483,125.66370614359172,61.68502750680849,986.9604401089358
R31,42.6,-0.8692907469056165,10.704252737330137,1.7036347352510428,0.003524464941291571,0.9999999174641107,395554645.4620575,1.0480729306274213e-12,7.853981633974483,125.66370614359172,61.68502750680849,986.9604401089358
R31,42.7,-0.8692892984286059,10.704242595007088,1.7036331210501952,0.003525093051849284,0.9999999174682145,395570580.91830605,1.0480961118858003e-12,7.853981633974483,125.66370614359172,61.68502750680849,986.9604401089358
R31,42.8,-0.8692878275854375,10.704232454646366,1.7036315071616617,0.0035257181592507777,0.9999999174724837,395586494.9496779,1.0481436603913705e-12,7.853981633974483,125.66370614359172,61.68502750680849,986.9604401089358
R31,42.9,-0.8692863343736924,10.70422231631199,1.7036298935956309,0.0035263401573483884,0.9999999174764308,395602387.43744415,1.0482028592591782e-12,7.853981633974483,125.66370614359172,61.68502750680849,986.9604401089358
R31,43.0,-0.8692848187911956,10.704212180068007,1.7036282803622966,0.0035269591421917914,0.9999999174808164,395618258.26303375,1.0481901149960038e-12,7.853981633974483,125.66370614359172,61.68502750680849,986.9604401089358
R31,43.1,-0.869283280836034,10.704202045978551,1.703626667471866,0.003527575048529648,0.9999999174850324,395634107.3076933,1.048280497780236e-12,7.853981633974483,125.66370614359172,61.68502750680849,986.9604401089358
R31,43.2,-0.8692817205064329,10.704191914107751,1.7036250549345453,0.003528187886805327,0.9999999174894479,395649934.4530026,1.0483169953307349e-12,7.853981633974483,125.66370614359172,61.68502750680849,986.9604401089358
R31,43.3,-0.8692801378009171,10.704181784519843,1.7036234427605583,0.0035287976459512566,0.9999999174936834,395665739.5804872,1.048318115620176e-12,7.853981633974483,125.66370614359172,61.68502750680849,986.9604401089358
R31,43.4,-0.8692785327182564,10.70417165727905,1.703621830960126,0.0035294043100758273,0.9999999174980615,395681522.5717777,1.0483509645478518e-12,7.853981633974483,125.66370614359172,61.68502750680849,986.9604401089358
R31,43.5,-0.8692769052573712,10.704161532449703,1.7036202195434877,0.0035300078920098114,0.9999999175025036,395697283.30863154,1.0483913042147593e-12,7.853981633974483,125.66370614359172,61.68502750680849,986.9604401089358
R31,43.6,-0.8692752554174813,10.704151410096074,1.703618608520872,0.0035306083911446247,0.9999999175070107,395713021.67280436,1.0484178904365125e-12,7.853981633974483,125.66370614359172,61.68502750680849,986.9604401089358
R31,43.7,-0.869273583197989,10.704141290282589,1.7036169979025326,0.0035312058059988553,0.9999999175116355,395728737.54638124,1.0484186617297934e-12,7.853981633974483,125.66370614359172,61.68502750680849,986.9604401089358
R31,43.8,-0.8692718885985455,10.704131173073694,1.7036153876987268,0.003531800090445636,0.9999999175160245,395744430.81111044,1.04851203829229e-12,7.853981633974483,125.66370614359172,61.68502750680849,986.9604401089358
R31,43.9,-0.8692701716190295,10.704121058533731,1.7036137779196945,0.003532391278738749,0.9999999175206854,395760101.3493707,1.0484641706533589e-12,7.853981633974483,125.66370614359172,61.68502750680849,986.9604401089358
R31,44.0,-0.8692684322595715,10.704110946727335,1.7036121685757228,0.0035329793528118946,0.9999999175252611,395775749.04316145,1.0485063219127405e-12,7.853981633974483,125.66370614359172,61.68502750680849,986.9604401089358
R31,44.1,-0.8692666705204789,10.70410083771899,1.703610559677075,0.003533564310719273,0.9999999175300199,395791373.7747966,1.0485205297889508e-12,7.853981633974483,125.66370614359172,61.68502750680849,986.9604401089358
R31,44.2,-0.8692648864023655,10.704090731573215,1.7036089512340193,0.003534146150141654,0.9999999175347526,395806975.4269114,1.0485274195081907e-12,7.853981633974483,125.66370614359172,61.68502750680849,986.9604401089358
R31,44.3,-0.8692630799060068,10.704080628354685,1.7036073432568493,0.0035347248322226744,0.9999999175393223,395822553.88179773,1.0485698100882242e-12,7.853981633974483,125.66370614359172,61.68502750680849,986.9604401089358
R31,44.4,-0.8692612510324328,10.704070528128002,1.7036057357558463,0.003535300423188533,0.9999999175443618,395838109.0221356,1.0485566897379475e-12,7.853981633974483,125.66370614359172,61.68502750680849,986.9604401089358
R31,44.5,-0.8692593997829238,10.704060430957885,1.7036041287413108,0.0035358728506359512,0.9999999175490676,395853640.7307008,1.048572740298576e-12,7.853981633974483,125.66370614359172,61.68502750680849,986.9604401089358
R31,44.6,-0.8692575261589718,10.704050336909019,1.703602522223538,0.003536442136225995,0.9999999175540272,395869148.8903022,1.0486005010096281e-12,7.853981633974483,125.66370614359172,61.68502750680849,986.9604401089358
R31,44.7,-0.8692556301623008,10.704040246046143,1.7036009162128312,0.0035370082636004725,0.9999999175588555,395884633.3838939,1.0485773035857108e-12,7.853981633974483,125.66370614359172,61.68502750680849,986.9604401089358
R31,44.8,-0.8692537117949054,10.704030158434035,1.7035993107195004,0.0035375712578087706,0.9999999175639077,395900094.0945991,1.0485875055697135e-12,7.853981633974483,125.66370614359172,61.68502750680849,986.9604401089358
R31,44.9,-0.8692517710589527,10.704020074137517,1.7035977057538618,0.0035381310819975584,0.9999999175688096,395915530.90558416,1.0485867512963564e-12,7.853981633974483,125.66370614359172,61.68502750680849,986.9604401089358
R31,45.0,-0.8692498079568945,10.704009993221392,1.7035961013262297,0.0035386877393338025,0.9999999175739444,395930943.7002053,1.048587458286653e-12,7.853981633974483,125.66370614359172,61.68502750680849,986.9604401089358
R31,45.1,-0.869247822491367,10.70399991575058,1.7035944974469361,0.0035392412255682223,0.9999999175789823,395946332.3618138,1.0485805944171394e-12,7.853981633974483,125.66370614359172,61.68502750680849,986.9604401089358
R31,45.2,-0.8692458146653118,10.703989841789886,1.703592894126295,0.0035397915595992563,0.9999999175841897,395961696.77413654,1.0485905866698809e-12,7.853981633974483,125.66370614359172,61.68502750680849,986.9604401089358
R31,45.3,-0.8692437844818228,10.703979771404287,1.703591291374648,0.0035403386670426374,0.9999999175892224,395977036.8207005,1.0485861708260522e-12,7.853981633974483,125.66370614359172,61.68502750680849,986.9604401089358
R31,45.4,-0.8692417319442953,10.703969704658684,1.7035896892023246,0.0035408826255793296,0.9999999175944899,395992352.38550895,1.048574271197437e-12,7.853981633974483,125.66370614359172,61.68502750680849,986.9604401089358
R31,45.5,-0.8692396570563223,10.703959641618075,1.7035880876196692,0.003541423372697363,0.9999999175997413,396007643.35242385,1.0485682897775298e-12,7.853981633974483,125.66370614359172,61.68502750680849,986.9604401089358
R31,45.6,-0.8692375598217493,10.703949582347423,1.7035864866370212,0.0035419609512657543,0.9999999176050013,396022909.6054972,1.0485324956310725e-12,7.853981633974483,125.66370614359172,61.68502750680849,986.9604401089358
R31,45.7,-0.8692354402446489,10.703939526911787,1.7035848862647347,0.003542495305164057,0.9999999176102959,396038151.0290456,1.0485562682637608e-12,7.853981633974483,125.66370614359172,61.68502750680849,986.9604401089358
R31,45.8,-0.8692332983293338,10.703929475376103,1.7035832865131448,0.0035430264832000753,0.9999999176157935,396053367.50744903,1.0485050083592967e-12,7.853981633974483,125.66370614359172,61.68502750680849,986.9604401089358
R31,45.9,-0.8692311340803531,10.703919427805529,1.703581687392622,0.0035435544301338075,0.9999999176211528,396068558.9251907,1.0485234133906179e-12,7.853981633974483,125.66370614359172,61.68502750680849,986.9604401089358
R31,46.0,-0.8692289475024808,10.703909384265053,1.703580088913509,0.003544079171033487,0.9999999176265494,396083725.1669135,1.048496050837915e-12,7.853981633974483,125.66370614359172,61.68502750680849,986.9604401089358
R31,46.1,-0.8692267386007463,10.703899344819812,1.7035784910861729,0.0035446006994609724,0.9999999176321038,396098866.1175098,1.0484573086270604e-12,7.853981633974483,125.66370614359172,61.68502750680849,986.9604401089358
R31,46.2,-0.8692245073804278,10.703889309534876,1.7035768939209701,0.0035451189860443615,0.9999999176376159,396113981.66192734,1.048437693719657e-12,7.853981633974483,125.66370614359172,61.68502750680849,986.9604401089358
R31,46.3,-0.8692222538469795,10.70387927847544,1.7035752974282765,0.003545634055244548,0.9999999176431505,396129071.68513036,1.048458429300827e-12,7.853981633974483,125.66370614359172,61.68502750680849,986.9604401089358
R31,46.4,-0.8692199780061557,10.703869251706521,1.7035737016184398,0.0035461458818618753,0.9999999176487543,396144136.0724961,1.0483283699482306e-12,7.853981633974483,125.66370614359172,61.68502750680849,986.9604401089358
R31,46.5,-0.8692176798639777,10.703859229293379,1.7035721065018463,0.0035466544875988677,0.9999999176544044,396159174.70949984,1.0483988594376463e-12,7.853981633974483,125.66370614359172,61.68502750680849,986.9604401089358
R31,46.6,-0.8692153594265403,10.70384921130115,1.7035705120888636,0.003547159853851352,0.9999999176602868,396174187.4816134,1.0483072729053257e-12,7.853981633974483,125.66370614359172,61.68502750680849,986.9604401089358
R31,46.7,-0.869213016700408,10.703839197794965,1.7035689183898564,0.003547661941122102,0.9999999176657691,396189174.2746066,1.048314075373905e-12,7.853981633974483,125.66370614359172,61.68502750680849,986.9604401089358
R31,46.8,-0.8692106516921928,10.703829188840043,1.7035673254152053,0.0035481607921162683,0.9999999176716136,396204134.97435135,1.0482400357855016e-12,7.853981633974483,125.66370614359172,61.68502750680849,986.9604401089358
R31,46.9,-0.86920826440887,10.703819184501578,1.7035657331752863,0.003548656402456336,0.9999999176775093,396219069.467034,1.0482575389622629e-12,7.853981633974483,125.66370614359172,61.68502750680849,986.9604401089358
R31,47.0,-0.8692058548575499,10.703809184844765,1.7035641416804752,0.0035491487313979737,0.999999917683326,396233977.63877535,1.0482005498244437e-12,7.853981633974483,125.66370614359172,61.68502750680849,986.9604401089358
R31,47.1,-0.8692034230456768,10.70379918993483,1.7035625509411534,0.0035496378007242213,0.9999999176891733,396248859.3760752,1.0481376508325358e-12,7.853981633974483,125.66370614359172,61.68502750680849,986.9604401089358
R31,47.2,-0.8692009689808909,10.703789199837008,1.703560960967703,0.0035501236002503838,0.9999999176951103,396263714.5653383,1.0480790109525215e-12,7.853981633974483,125.66370614359172,61.68502750680849,986.9604401089358
R31,47.3,-0.8691984926710715,10.703779214616524,1.703559371770505,0.0035506061185398667,0.9999999177011821,396278543.09346,1.0480609299043918e-12,7.853981633974483,125.66370614359172,61.68502750680849,986.9604401089358
R31,47.4,-0.8691959941243333,10.703769234338559,1.7035577833599336,0.003551085366420663,0.9999999177071269,396293344.8472884,1.0480160789952902e-12,7.853981633974483,125.66370614359172,61.68502750680849,986.9604401089358
R31,47.5,-0.8691934733490415,10.703759259068383,1.7035561957463763,0.003551561324049889,0.9999999177131605,396308119.7140201,1.0479688689559894e-12,7.853981633974483,125.66370614359172,61.68502750680849,986.9604401089358
R31,47.6,-0.8691909303537965,10.703749288871242,1.7035546089402178,0.003552033998286958,0.9999999177193136,396322867.58084095,1.0479521766971753e-12,7.853981633974483,125.66370614359172,61.68502750680849,986.9604401089358
R31,47.7,-0.86918836514744,10.70373932381232,1.703553022951832,0.0035525033883070023,0.9999999177255027,396337588.33524656,1.0478261354839044e-12,7.853981633974483,125.66370614359172,61.68502750680849,986.9604401089358
R31,47.8,-0.8691857777390909,10.70372936395695,1.7035514377916177,0.0035529694687050336,0.9999999177316469,396352281.8649813,1.0478157829007969e-12,7.853981633974483,125.66370614359172,61.68502750680849,986.9604401089358
R31,47.9,-0.8691831681380287,10.703719409370294,1.7035498534699447,0.003553432233327727,0.9999999177377646,396366948.05776155,1.0477522307316596e-12,7.853981633974483,125.66370614359172,61.68502750680849,986.9604401089358
R31,48.0,-0.8691805363538432,10.703709460117608,1.7035482699971998,0.0035538917025518695,0.9999999177441062,396381586.80164796,1.0477127240191554e-12,7.853981633974483,125.66370614359172,61.68502750680849,986.9604401089358
R31,48.1,-0.8691778823963265,10.703699516264125,1.7035466873837646,0.0035543478627312816,0.9999999177503677,396396197.9849322,1.0476032946782317e-12,7.853981633974483,125.66370614359172,61.68502750680849,986.9604401089358
R31,48.2,-0.8691752062755572,10.703689577875112,1.7035451056400268,0.0035548007024452538,0.9999999177567523,396410781.4959565,1.047568433553779e-12,7.853981633974483,125.66370614359172,61.68502750680849,986.9604401089358
R31,48.3,-0.8691725080018006,10.703679645015724,1.703543524776356,0.0035552502364038755,0.9999999177631859,396425337.2234104,1.0475230652296499e-12,7.853981633974483,125.66370614359172,61.68502750680849,986.9604401089358
R31,48.4,-0.8691697875855793,10.703669717751227,1.70354194480314,0.003555696444063483,0.9999999177695948,396439865.05599797,1.0474058973599803e-12,7.853981633974483,125.66370614359172,61.68502750680849,986.9604401089358
R31,48.5,-0.8691670450377132,10.70365979614682,1.703540365730755,0.003556139303206718,0.9999999177759183,396454364.88296276,1.0473954792653344e-12,7.853981633974483,125.66370614359172,61.68502750680849,986.9604401089358
R31,48.6,-0.8691642803691588,10.703649880267685,1.7035387875695758,0.0035565788463468597,0.9999999177824951,396468836.59328806,1.0473072357183415e-12,7.853981633974483,125.66370614359172,61.68502750680849,986.9604401089358
R31,48.7,-0.8691614935912116,10.703639970179044,1.703537210329982,0.0035570150293011034,0.9999999177889233,396483280.07656544,1.0472010609290281e-12,7.853981633974483,125.66370614359172,61.68502750680849,986.9604401089358
R31,48.8,-0.8691586847153725,10.703630065946111,1.7035356340223533,0.0035574479073089446,0.999999917795832,396497695.2223339,1.0471942112613824e-12,7.853981633974483,125.66370614359172,61.68502750680849,986.9604401089358
R31,48.9,-0.8691558537533397,10.703620167634,1.7035340586570524,0.0035578774169179052,0.9999999178021782,396512081.92041874,1.047072961757316e-12,7.853981633974483,125.66370614359172,61.68502750680849,986.9604401089358
R31,49.0,-0.8691530007171625,10.70361027530788,1.703532484244452,0.003558303584619716,0.9999999178088924,396526440.0610085,1.0470177620951488e-12,7.853981633974483,125.66370614359172,61.68502750680849,986.9604401089358
R31,49.1,-0.8691501256190161,10.703600389032943,1.7035309107949268,0.0035587263970422185,0.9999999178156692,396540769.53424937,1.0469004606557176e-12,7.853981633974483,125.66370614359172,61.68502750680849,986.9604401089358
R31,49.2,-0.869147228471413,10.703590508874292,1.703529338318839,0.0035591458320453876,0.9999999178222642,396555070.23075986,1.0468634896580864e-12,7.853981633974483,125.66370614359172,61.68502750680849,986.9604401089358
R31,49.3,-0.8691443092870257,10.703580634897012,1.703527766826547,0.0035595619376774293,0.999999917829227,396569342.0412545,1.0467283537517917e-12,7.853981633974483,125.66370614359172,61.68502750680849,986.9604401089358
R31,49.4,-0.869141368078852,10.70357076716626,1.7035261963284207,0.003559974663054612,0.9999999178359852,396583584.8565255,1.0466996401244613e-12,7.853981633974483,125.66370614359172,61.68502750680849,986.9604401089358
R31,49.5,-0.869138404860039,10.703560905747066,1.70352462683481,0.003560384006736145,0.9999999178428026,396597798.5678811,1.0465149160652314e-12,7.853981633974483,125.66370614359172,61.68502750680849,986.9604401089358
R31,49.6,-0.8691354196440989,10.703551050704577,1.7035230583560836,0.0035607899796620433,0.9999999178497502,396611983.06668687,1.0465151940243636e-12,7.853981633974483,125.66370614359172,61.68502750680849,986.9604401089358
R31,49.7,-0.8691324124446285,10.703541202103743,1.7035214909025782,0.003561192580312764,0.9999999178566564,396626138.2445161,1.0464236398763148e-12,7.853981633974483,125.66370614359172,61.68502750680849,986.9604401089358
R31,49.8,-0.8691293832755971,10.703531360009633,1.7035199244846502,0.0035615917941335972,0.9999999178636131,396640263.9932181,1.0462806477729404e-12,7.853981633974483,125.66370614359172,61.68502750680849,986.9604401089358
R31,49.9,-0.8691263321512077,10.703521524487234,1.7035183591126426,0.0035619876210593138,0.9999999178707005,396654360.2050299,1.0462406486973393e-12,7.853981633974483,125.66370614359172,61.68502750680849,986.9604401089358
R31,50.0,-0.8691232590858116,10.703511695601527,1.7035167947968972,0.003562380060578992,0.9999999178777926,396668426.7720156,1.046101762349682e-12,7.853981633974483,125.66370614359172,61.68502750680849,986.9604401089358
R35,40.0,-1.1586377182224044,10.74896052386899,1.7107502004733985,0.01609745441390749,1.0,275064992.3342101,3.656279191197156e-17,7.853981633974483,125.66370614359172,61.68502750680849,986.9604401089358
R35,40.1,-1.15887219919867,10.748913249527222,1.7107426765282248,0.01610857303365747,0.9999992913001183,274962507.00454456,2.33461889179653e-16,7.853981633974483,125.66370614359172,61.68502750680849,986.9604401089358
R35,40.2,-1.1591069444984934,10.748864897962312,1.710734981137663,0.01611966017637449,0.999999289004097,274860576.71513546,2.128437952524181e-16,7.853981633974483,125.66370614359172,61.68502750680849,986.9604401089358
R35,40.3,-1.1593419449180933,10.748815462200872,1.7107271131918644,0.016130715396191656,0.9999992867278484,274759209.06503457,2.1555654329657678e-16,7.853981633974483,125.66370614359172,61.68502750680849,986.9604401089358
R35,40.4,-1.1595771910789185,10.748764935375469,1.7107190715978429,0.016141737795232765,0.9999992844587017,274658411.66180986,2.1472344118720932e-16,7.853981633974483,125.66370614359172,61.68502750680849,986.9604401089358
R35,40.5,-1.1598126734301557,10.748713310731237,1.710710855280528,0.016152726934500213,0.9999992822215698,274558192.1160246,2.225399342677132e-16,7.853981633974483,125.66370614359172,61.68502750680849,986.9604401089358
R35,40.6,-1.1600483822492085,10.74866058162931,1.7107024631833114,0.01616368261642483,0.9999992800061711,274458558.0395258,2.470442787216858e-16,7.853981633974483,125.66370614359172,61.68502750680849,986.9604401089358
R35,40.7,-1.1602843076441918,10.74860674155359,1.7106938942691243,0.01617460384501818,0.9999992778046534,274359517.0402494,2.594294595276809e-16,7.853981633974483,125.66370614359172,61.68502750680849,986.9604401089358
R35,40.8,-1.1605204395538522,10.748551784114055,1.7106851475209626,0.016185490451972085,0.9999992756301332,274261076.7207997,2.3026368875644805e-16,7.853981633974483,125.66370614359172,61.68502750680849,986.9604401089358
R35,40.9,-1.1607567677508979,10.748495703053884,1.7106762219430225,0.01619634167030796,0.9999992734772358,274163244.6725771,2.387636731290298e-16,7.853981633974483,125.66370614359172,61.68502750680849,986.9604401089358
R35,41.0,-1.1609932818427795,10.748438492252497,1.7106671165611835,0.016207156906487403,0.9999992713454796,274066028.47419244,2.336083547284121e-16,7.853981633974483,125.66370614359172,61.68502750680849,986.9604401089358
R35,41.1,-1.1612299712737149,10.74838014573189,1.7106578304240168,0.01621793596948976,0.9999992692446344,273969435.6869188,2.3684836802997026e-16,7.853981633974483,125.66370614359172,61.68502750680849,986.9604401089358
R35,41.2,-1.1614668253276086,10.748320657661623,1.7106483626035787,0.016228678243253105,0.9999992671705146,273873473.85059214,2.511193221397562e-16,7.853981633974483,125.66370614359172,61.68502750680849,986.9604401089358
R35,41.3,-1.1617038331296066,10.748260022363224,1.7106387121961126,0.016239382783424898,0.9999992651169289,273778150.48076916,2.378429645108042e-16,7.853981633974483,125.66370614359172,61.68502750680849,986.9604401089358
R35,41.4,-1.1619409836492929,10.748198234315401,1.7106288783228776,0.016250049251115492,0.9999992630856759,273683473.0643732,2.28363824564944e-16,7.853981633974483,125.66370614359172,61.68502750680849,986.9604401089358
R35,41.5,-1.1621782657029964,10.748135288159746,1.7106188601310566,0.016260677501481788,0.9999992610968983,273589449.05543995,2.557491716927654e-16,7.853981633974483,125.66370614359172,61.68502750680849,986.9604401089358
R35,41.6,-1.1624156679570203,10.748071178704665,1.7106086567943815,0.016271266316619633,0.9999992591219105,273496085.87197095,2.533991319480152e-16,7.853981633974483,125.66370614359172,61.68502750680849,986.9604401089358
R35,41.7,-1.162653178930535,10.74800590093073,1.7105982675139857,0.01628181561715561,0.9999992571800721,273403390.8913464,2.581138883040828e-16,7.853981633974483,125.66370614359172,61.68502750680849,986.9604401089358
R35,41.8,-1.1628907869989586,10.74793944999548,1.7105876915191676,0.016292324844451995,0.999999255277661,273311371.44666636,2.3424090129112526e-16,7.853981633974483,125.66370614359172,61.68502750680849,986.9604401089358
R35,41.9,-1.1631284803975925,10.747871821238045,1.7105769280681264,0.016302793315922194,0.9999992533870133,273220034.8223969,2.4804893639306604e-16,7.853981633974483,125.66370614359172,61.68502750680849,986.9604401089358
R35,42.0,-1.1633662472249564,10.747803010184349,1.7105659764487915,0.016313220446829268,0.9999992515397321,273129388.2503309,2.5561332856242586e-16,7.853981633974483,125.66370614359172,61.68502750680849,986.9604401089358
R35,42.1,-1.1636040754472319,10.747733012551054,1.7105548359794478,0.016323605662895556,0.9999992497239698,273039438.90551496,2.569065297724879e-16,7.853981633974483,125.66370614359172,61.68502750680849,986.9604401089358
R35,42.2,-1.1638419529015092,10.747661824250338,1.7105435060094987,0.016333948581498475,0.999999247931106,272950193.9022441,2.6768469024720464e-16,7.853981633974483,125.66370614359172,61.68502750680849,986.9604401089358
R35,42.3,-1.1640798673004569,10.747589441394544,1.710531985920204,0.016344248728358213,0.9999992461897855,272861660.28981644,2.484111703374004e-16,7.853981633974483,125.66370614359172,61.68502750680849,986.9604401089358
R35,42.4,-1.164317806236887,10.747515860299456,1.7105202751252027,0.0163545054852097,0.999999244462961,272773845.04859054,2.6597509096921426e-16,7.853981633974483,125.66370614359172,61.68502750680849,986.9604401089358
R35,42.5,-1.1645557571873215,10.747441077489972,1.7105083730714148,0.01636471792968722,0.999999242777868,272686755.0857283,2.440503808367172e-16,7.853981633974483,125.66370614359172,61.68502750680849,986.9604401089358
R35,42.6,-1.1647937075185888,10.74736508970352,1.7104962792395864,0.016374886182783138,0.999999241129954,272600397.23018175,2.604680071229899e-16,7.853981633974483,125.66370614359172,61.68502750680849,986.9604401089358
R35,42.7,-1.1650316444906894,10.747287893893786,1.7104839931448812,0.016385009373711214,0.9999992395172163,272514778.2300174,2.4354320926329584e-16,7.853981633974483,125.66370614359172,61.68502750680849,986.9604401089358
R35,42.8,-1.1652695552632257,10.747209487234723,1.7104715143375202,0.016395087062520193,0.9999992379356415,272429904.74727523,2.332645520536488e-16,7.853981633974483,125.66370614359172,61.68502750680849,986.9604401089358
R35,42.9,-1.165507426899794,10.747129867123697,1.7104588424032807,0.016405118545755222,0.9999992363936278,272345783.3546946,2.5779688343639987e-16,7.853981633974483,125.66370614359172,61.68502750680849,986.9604401089358
R35,43.0,-1.1657452463740055,10.74704903118645,1.7104459769642884,0.016415103235320794,0.9999992348875955,272262420.53027904,2.592458150748267e-16,7.853981633974483,125.66370614359172,61.68502750680849,986.9604401089358
R35,43.1,-1.1659830005744627,10.746966977278591,1.7104329176792525,0.016425041005175656,0.9999992334257861,272179822.6548372,2.3601645530253406e-16,7.853981633974483,125.66370614359172,61.68502750680849,986.9604401089358
R35,43.2,-1.166220676310761,10.74688370348999,1.710419664244167,0.016434931234760614,0.9999992319995588,272097996.00706214,2.393684496573506e-16,7.853981633974483,125.66370614359172,61.68502750680849,986.9604401089358
R35,43.3,-1.1664582603193014,10.746799208147362,1.7104062163927194,0.016444773136403246,0.9999992306022188,272016946.75943595,2.6484108820048825e-16,7.853981633974483,125.66370614359172,61.68502750680849,986.9604401089358
R35,43.4,-1.1666957392690518,10.746713489817505,1.710392573896809,0.01645456649396581,0.9999992292588016,271936680.97472215,2.7803611877602076e-16,7.853981633974483,125.66370614359172,61.68502750680849,986.9604401089358
R35,43.5,-1.166933099767384,10.746626547309194,1.7103787365668466,0.016464310367578956,0.9999992279430732,271857204.6023667,2.546421068569449e-16,7.853981633974483,125.66370614359172,61.68502750680849,986.9604401089358
R35,43.6,-1.1671703283665753,10.746538379675465,1.710364704252118,0.016474004796134107,0.9999992266754801,271778523.4746185,2.431778661528735e-16,7.853981633974483,125.66370614359172,61.68502750680849,986.9604401089358
R35,43.7,-1.1674074115706403,10.746448986217876,1.7103504768414626,0.016483648934843702,0.9999992254527248,271700643.3013026,2.7135888320576727e-16,7.853981633974483,125.66370614359172,61.68502750680849,986.9604401089358
R35,43.8,-1.167644335840004,10.746358366485621,1.7103360542631325,0.016493242446056426,0.9999992242613731,271623569.6690724,2.5390608370266453e-16,7.853981633974483,125.66370614359172,61.68502750680849,986.9604401089358
R35,43.9,-1.1678810875999615,10.746266520279708,1.710321436485457,0.016502785009698633,0.9999992231222097,271547308.03496677,2.363308544879623e-16,7.853981633974483,125.66370614359172,61.68502750680849,986.9604401089358
R35,44.0,-1.168117653245438,10.746173447652364,1.7103066235167488,0.016512275623128955,0.9999992220078477,271471863.72585386,2.810249838297364e-16,7.853981633974483,125.66370614359172,61.68502750680849,986.9604401089358
R35,44.1,-1.1683540191493071,10.746079148911603,1.7102916154060293,0.016521714324377074,0.9999992209602274,271397241.9315358,2.740352188507848e-16,7.853981633974483,125.66370614359172,61.68502750680849,986.9604401089358
R35,44.2,-1.1685901716677711,10.745983624618829,1.7102764122426488,0.01653110032541378,0.9999992199364458,271323447.7048773,2.82023386154166e-16,7.853981633974483,125.66370614359172,61.68502750680849,986.9604401089358
R35,44.3,-1.1688260971477609,10.745886875592193,1.7102610141568204,0.01654043314777026,0.999999218959732,271250485.9565148,2.3856034350674376e-16,7.853981633974483,125.66370614359172,61.68502750680849,986.9604401089358
R35,44.4,-1.1690617819333275,10.745788902906073,1.7102454213195364,0.01654971268924519,0.9999992180326586,271178361.4530458,2.4025347769498263e-16,7.853981633974483,125.66370614359172,61.68502750680849,986.9604401089358
R35,44.5,-1.169297212373092,10.745689707892524,1.7102296339428,0.016558938302875192,0.999999217148378,271107078.81294155,2.498823385298442e-16,7.853981633974483,125.66370614359172,61.68502750680849,986.9604401089358
R35,44.6,-1.1695323748263762,10.745589292140325,1.7102136522794733,0.016568109281983504,0.9999992163026706,271036642.505062,2.5320984472163564e-16,7.853981633974483,125.66370614359172,61.68502750680849,986.9604401089358
R35,44.7,-1.1697672556706762,10.74548765749639,1.7101974766235017,0.01657722569611599,0.999999215507533,270967056.84452665,2.368532376957368e-16,7.853981633974483,125.66370614359172,61.68502750680849,986.9604401089358
R35,44.8,-1.1700018413080022,10.745384806063763,1.710181107309595,0.01658628648376629,0.9999992147511627,270898325.9919843,2.601408387360318e-16,7.853981633974483,125.66370614359172,61.68502750680849,986.9604401089358
R35,44.9,-1.1702361181725471,10.745280740203334,1.7101645447135008,0.016595291863966823,0.9999992140466506,270830453.94898164,2.6398612407341693e-16,7.853981633974483,125.66370614359172,61.68502750680849,986.9604401089358
R35,45.0,-1.1704700727365864,10.745175462531042,1.7101477892515582,0.016604241157146007,0.9999992133860772,270763444.5578649,2.6448343557224634e-16,7.853981633974483,125.66370614359172,61.68502750680849,986.9604401089358
R35,45.1,-1.170703691518336,10.745068975917999,1.7101308413807192,0.016613133787990255,0.9999992127634092,270697301.49827534,2.497068900723072e-16,7.853981633974483,125.66370614359172,61.68502750680849,986.9604401089358
R35,45.2,-1.170936961087675,10.74496128348929,1.7101137015983567,0.016621969396637418,0.9999992121919193,270632028.2857223,2.456820213631185e-16,7.853981633974483,125.66370614359172,61.68502750680849,986.9604401089358
R35,45.3,-1.1711698680739413,10.744852388622002,1.7100963704419505,0.016630747963175433,0.9999992116721556,270567628.2698078,2.626016207353698e-16,7.853981633974483,125.66370614359172,61.68502750680849,986.9604401089358
R35,45.4,-1.1714023991723053,10.744742294944642,1.7100788484889955,0.016639468563536503,0.9999992111807331,270504104.63173455,2.8788118810454936e-16,7.853981633974483,125.66370614359172,61.68502750680849,986.9604401089358
R35,45.5,-1.1716345411502453,10.744631006334055,1.7100611363565108,0.016648131312127317,0.9999992107528428,270441460.38395673,2.506282916669082e-16,7.853981633974483,125.66370614359172,61.68502750680849,986.9604401089358
R35,45.6,-1.1718662808538283,10.74451852691337,1.7100432347007124,0.01665673560086312,0.9999992103644655,270379698.36879194,2.312960126008958e-16,7.853981633974483,125.66370614359172,61.68502750680849,986.9604401089358
R35,45.7,-1.1720976052154835,10.744404861050848,1.7100251442168313,0.016665280816939895,0.9999992100146983,270318821.25579244,2.78731741792756e-16,7.853981633974483,125.66370614359172,61.68502750680849,986.9604401089358
R35,45.8,-1.1723285012589009,10.744290013356164,1.7100068656385197,0.01667376721843574,0.9999992097259327,270258831.5422795,2.5158654394946727e-16,7.853981633974483,125.66370614359172,61.68502750680849,986.9604401089358
R35,45.9,-1.17255895610657,10.744173988677902,1.7099883997374536,0.016682194051394827,0.9999992094661863,270199731.55180067,2.535199443380793e-16,7.853981633974483,125.66370614359172,61.68502750680849,986.9604401089358
R35,46.0,-1.1727889569851098,10.74405679210088,1.7099697473229072,0.01669056084420571,0.999999209259404,270141523.4333039,2.1433825573256302e-16,7.853981633974483,125.66370614359172,61.68502750680849,986.9604401089358
R35,46.1,-1.1730184912317836,10.743938428942203,1.7099509092411238,0.016698867642751133,0.9999992091023099,270084209.16135764,2.718031401754547e-16,7.853981633974483,125.66370614359172,61.68502750680849,986.9604401089358
R35,46.2,-1.1732475463008727,10.743818904749343,1.709931886375011,0.016707114039790184,0.9999992089884738,270027790.5341295,2.4531467556685817e-16,7.853981633974483,125.66370614359172,61.68502750680849,986.9604401089358
R35,46.3,-1.173476109768339,10.74369822529454,1.7099126796432496,0.016715299689402534,0.9999992089207695,269972269.1753643,2.8904589699678896e-16,7.853981633974483,125.66370614359172,61.68502750680849,986.9604401089358
R35,46.4,-1.1737041693388084,10.743576396572701,1.7098932899999582,0.01672342416485616,0.9999992088898121,269917646.5324916,2.5337758477256596e-16,7.853981633974483,125.66370614359172,61.68502750680849,986.9604401089358
R35,46.5,-1.1739317128503117,10.743453424796558,1.7098737184339243,0.016731487323553697,0.9999992089116309,269863923.8777758,2.150511442253915e-16,7.853981633974483,125.66370614359172,61.68502750680849,986.9604401089358
R35,46.6,-1.1741587282797148,10.743329316392122,1.709853965967879,0.016739488927008675,0.9999992089801407,269811102.3085937,2.6112730084642054e-16,7.853981633974483,125.66370614359172,61.68502750680849,986.9604401089358
R35,46.7,-1.1743852037487912,10.7432040779962,1.7098340336581033,0.01674742876437986,0.9999992090896427,269759182.7466109,2.526007209722622e-16,7.853981633974483,125.66370614359172,61.68502750680849,986.9604401089358
R35,46.8,-1.1746111275280449,10.743077716449697,1.7098139225933606,0.01675530614603745,0.9999992092389527,269708165.93998563,2.5024876594350915e-16,7.853981633974483,125.66370614359172,61.68502750680849,986.9604401089358
R35,46.9,-1.1748364880425977,10.74295023879443,1.7097936338943909,0.016763121450495577,0.9999992094456979,269658052.46318257,2.442394176857479e-16,7.853981633974483,125.66370614359172,61.68502750680849,986.9604401089358
R35,47.0,-1.175061273876036,10.7428216522674,1.7097731687129991,0.016770873980904946,0.9999992096849211,269608842.7184847,2.5811830125143016e-16,7.853981633974483,125.66370614359172,61.68502750680849,986.9604401089358
R35,47.1,-1.1752854737755267,10.74269196429695,1.7097525282314425,0.01677856353016127,0.9999992099667759,269560536.9362057,2.7915999754561966e-16,7.853981633974483,125.66370614359172,61.68502750680849,986.9604401089358
R35,47.2,-1.175509076656461,10.742561182497056,1.7097317136615229,0.016786190227826125,0.9999992102980717,269513135.1761576,2.455692155819041e-16,7.853981633974483,125.66370614359172,61.68502750680849,986.9604401089358
R35,47.3,-1.1757320716055957,10.742429314662003,1.7097107262437392,0.016793753750772612,0.9999992106734051,269466637.32962835,2.3972965983550127e-16,7.853981633974483,125.66370614359172,61.68502750680849,986.9604401089358
R35,47.4,-1.175954447885652,10.742296368761423,1.7096895672464982,0.01680125366752426,0.9999992110851043,269421043.12031794,2.4031753749556096e-16,7.853981633974483,125.66370614359172,61.68502750680849,986.9604401089358
R35,47.5,-1.1761761949389828,10.742162352934997,1.7096682379652701,0.01680868976413625,0.999999211541617,269376352.1058158,2.2214204425413544e-16,7.853981633974483,125.66370614359172,61.68502750680849,986.9604401089358
R35,47.6,-1.1763973023912027,10.742027275486908,1.7096467397217063,0.016816062141841757,0.9999992120393647,269332563.6794256,2.251782486052511e-16,7.853981633974483,125.66370614359172,61.68502750680849,986.9604401089358
R35,47.7,-1.1766177600542402,10.741891144880256,1.7096250738627516,0.016823370757203644,0.9999992125841298,269289677.0722588,2.3722651437174964e-16,7.853981633974483,125.66370614359172,61.68502750680849,986.9604401089358
R35,47.8,-1.176837557929569,10.741753969731281,1.709603241759723,0.016830614937422234,0.9999992131592299,269247691.35519487,2.325274283780876e-16,7.853981633974483,125.66370614359172,61.68502750680849,986.9604401089358
R35,47.9,-1.177056686211051,10.741615758803807,1.7095812448074261,0.016837794763838183,0.9999992137772995,269206605.4409628,2.288323752243384e-16,7.853981633974483,125.66370614359172,61.68502750680849,986.9604401089358
R35,48.0,-1.1772751352885311,10.741476521004431,1.70955908442339,0.01684491026759373,0.9999992144465228,269166418.0852721,1.5079338657262014e-16,7.853981633974483,125.66370614359172,61.68502750680849,986.9604401089358
R35,48.1,-1.177492895748094,10.741336265374118,1.7095367620465294,0.016851961396281544,0.9999992151445362,269127127.89208364,1.8537091636615326e-16,7.853981633974483,125.66370614359172,61.68502750680849,986.9604401089358
R35,48.2,-1.1777099583773465,10.741195001085975,1.709514279136789,0.016858947676733876,0.999999215884696,269088733.31205297,2.271586203061533e-16,7.853981633974483,125.66370614359172,61.68502750680849,986.9604401089358
R35,48.3,-1.1779263141650904,10.741052737436299,1.7094916371737208,0.016865869000514365,0.9999992166530547,269051232.64834285,1.9352199021640666e-16,7.853981633974483,125.66370614359172,61.68502750680849,986.9604401089358
R35,48.4,-1.1781419543042033,10.740909483840092,1.7094688376557687,0.016872725743400693,0.9999992174787201,269014624.05785435,2.1086842382449684e-16,7.853981633974483,125.66370614359172,61.68502750680849,986.9604401089358
R35,48.5,-1.1783568701935434,10.740765249825849,1.70944588209944,0.016879517360764682,0.9999992183274726,268978905.55338573,1.439641352122398e-16,7.853981633974483,125.66370614359172,61.68502750680849,986.9604401089358
R35,48.6,-1.1785710534383778,10.740620045027512,1.7094227720380242,0.016886243866540907,0.999999219216774,268944075.0082768,1.9985360504769086e-16,7.853981633974483,125.66370614359172,61.68502750680849,986.9604401089358
R35,48.7,-1.1787844958533238,10.740473879180941,1.709399509021031,0.016892905290437132,0.9999992201435489,268910130.1569145,1.7415113261965208e-16,7.853981633974483,125.66370614359172,61.68502750680849,986.9604401089358
R35,48.8,-1.1789971894611602,10.740326762116325,1.7093760946129843,0.016899501389066686,0.9999992211074633,268877068.6000161,2.7999311357806024e-16,7.853981633974483,125.66370614359172,61.68502750680849,986.9604401089358
R35,48.9,-1.179209126496291,10.74017870375383,1.7093525303927273,0.01690603236020371,0.999999222100551,268844887.80518097,1.9656402231887532e-16,7.853981633974483,125.66370614359172,61.68502750680849,986.9604401089358
R35,49.0,-1.17942029940274,10.74002971409585,1.7093288179521902,0.016912497987719956,0.999999223129805,268813585.1126329,2.3572732061375935e-16,7.853981633974483,125.66370614359172,61.68502750680849,986.9604401089358
R35,49.1,-1.1796307008369324,10.73987980322301,1.7093049588957543,0.016918898335721223,0.9999992242033539,268783157.73603207,2.0172202686945902e-16,7.853981633974483,125.66370614359172,61.68502750680849,986.9604401089358
R35,49.2,-1.1798403236666004,10.739728981287534,1.7092809548391967,0.016925233179329233,0.9999992252882045,268753602.7668168,1.6805026331006962e-16,7.853981633974483,125.66370614359172,61.68502750680849,986.9604401089358
R35,49.3,-1.180049160970821,10.739577258507522,1.709256807408778,0.016931502860373225,0.9999992264299924,268724917.1776815,1.98227159674896e-16,7.853981633974483,125.66370614359172,61.68502750680849,986.9604401089358
R35,49.4,-1.1802572060411545,10.739424645161412,1.709232518240363,0.01693770701576635,0.9999992275908135,268697097.82478005,2.23288843146672e-16,7.853981633974483,125.66370614359172,61.68502750680849,986.9604401089358
R35,49.5,-1.1804644523803365,10.739271151583035,1.7092080889786312,0.016943845708858766,0.9999992287777636,268670141.4514057,1.816650948505575e-16,7.853981633974483,125.66370614359172,61.68502750680849,986.9604401089358
R35,49.6,-1.1806708937018566,10.73911678815484,1.7091835212760014,0.016949919265048866,0.9999992300080086,268644044.6921137,2.3971332181893166e-16,7.853981633974483,125.66370614359172,61.68502750680849,986.9604401089358
R35,49.7,-1.1808765239301429,10.738961565303496,1.7091588167919292,0.016955927234172483,0.9999992312635485,268618804.0747271,1.9754541982168027e-16,7.853981633974483,125.66370614359172,61.68502750680849,986.9604401089358
R35,49.8,-1.1810813371990396,10.738805493493837,1.7091339771919447,0.016961870139364697,0.9999992325510313,268594416.0248666,1.6880434471334997e-16,7.853981633974483,125.66370614359172,61.68502750680849,986.9604401089358
R35,49.9,-1.1812853278509339,10.738648583224068,1.709109004146889,0.01696774761759354,0.9999992338588486,268570876.8687096,1.7079183464995693e-16,7.853981633974483,125.66370614359172,61.68502750680849,986.9604401089358
R35,50.0,-1.1814884904363316,10.738490845020335,1.7090838993320505,0.016973559781126482,0.999999235204611,268548182.83634,1.8135153873760924e-16,7.853981633974483,125.66370614359172,61.68502750680849,986.9604401089358
R36,40.0,-1.2214588222224134,10.87878951113785,1.7314131255538525,0.014831039261640668,1.0,218989041.0087352,2.394768443040242e-17,7.853981633974483,125.66370614359172,61.68502750680849,986.9604401089358
R36,40.1,-1.2212382176174899,10.87876844277127,1.7314097724191684,0.01483703591808077,0.9999991174134467,219080537.06968626,2.337644271670808e-16,7.853981633974483,125.66370614359172,61.68502750680849,986.9604401089358
R36,40.2,-1.221017232957006,10.87874844336147,1.7314065894142399,0.014842960344782502,0.9999991153911792,219172724.75105834,2.0628357759215445e-16,7.853981633974483,125.66370614359172,61.68502750680849,986.9604401089358
R36,40.3,-1.220795877471146,10.878729520197947,1.731403577699226,0.014848811647710325,0.9999991133885249,219265605.30352965,1.962063742333709e-16,7.853981633974483,125.66370614359172,61.68502750680849,986.9604401089358
R36,40.4,-1.220574160565732,10.87871168046246,1.7314007384171402,0.01485458994033709,0.999999111424581,219359179.87432224,2.388278789882687e-16,7.853981633974483,125.66370614359172,61.68502750680849,986.9604401089358
R36,40.5,-1.2203520918204194,10.87869493122446,1.7313980726931193,0.014860294937754249,0.999999109474732,219453449.50547573,2.771185765355723e-16,7.853981633974483,125.66370614359172,61.68502750680849,986.9604401089358
R36,40.6,-1.2201296809877358,10.878679279436543,1.731395581633704,0.014865925502300705,0.999999107570679,219548415.13166097,2.820468907257435e-16,7.853981633974483,125.66370614359172,61.68502750680849,986.9604401089358
R36,40.7,-1.2199069379914032,10.878664731928897,1.7313932663259524,0.014871482221830408,0.999999105681537,219644077.57787424,2.363156425239058e-16,7.853981633974483,125.66370614359172,61.68502750680849,986.9604401089358
R36,40.8,-1.2196838729248212,10.878651295404596,1.731391127836692,0.014876963325465451,0.9999991038305664,219740437.55738607,2.6780978980256497e-16,7.853981633974483,125.66370614359172,61.68502750680849,986.9604401089358
R36,40.9,-1.219460496049886,10.8786389764346,1.7313891672117232,0.014882370294715584,0.9999991020178567,219837495.66937155,2.911353961697081e-16,7.853981633974483,125.66370614359172,61.68502750680849,986.9604401089358
R36,41.0,-1.2192368177947661,10.878627781452373,1.7313873854749642,0.014887701158958485,0.999999100220364,219935252.39682743,2.6774211484635563e-16,7.853981633974483,125.66370614359172,61.68502750680849,986.9604401089358
R36,41.1,-1.219012848751826,10.878617716748511,1.7313857836275939,0.01489295622583096,0.9999990984741456,220033708.10434172,2.404430120059508e-16,7.853981633974483,125.66370614359172,61.68502750680849,986.9604401089358
R36,41.2,-1.2187885996754582,10.878608788466602,1.7313843626473946,0.014898135199223509,0.9999990967600277,220132863.03653327,2.752652072073737e-16,7.853981633974483,125.66370614359172,61.68502750680849,986.9604401089358
R36,41.3,-1.2185640814803544,10.878601002597176,1.731383123487789,0.014903236815032066,0.9999990950670052,220232717.31527004,2.3951663922620033e-16,7.853981633974483,125.66370614359172,61.68502750680849,986.9604401089358
R36,41.4,-1.2183393052374971,10.878594364973807,1.7313820670772195,0.01490826212606568,0.9999990934260742,220333270.93898445,2.6380294817666923e-16,7.853981633974483,125.66370614359172,61.68502750680849,986.9604401089358
R36,41.5,-1.2181142821731537,10.878588881266323,1.731381194318067,0.014913209774712203,0.999999091809932,220434523.7791625,2.913055011668135e-16,7.853981633974483,125.66370614359172,61.68502750680849,986.9604401089358
R36,41.6,-1.2178890236646436,10.878584556978371,1.7313805060862641,0.014918080399909394,0.9999990902378061,220536475.5803772,2.915012110514482e-16,7.853981633974483,125.66370614359172,61.68502750680849,986.9604401089358
R36,41.7,-1.2176635412375971,10.878581397439769,1.7313800032300777,0.014922872562726936,0.9999990887003962,220639125.9571067,2.61766552830339e-16,7.853981633974483,125.66370614359172,61.68502750680849,986.9604401089358
R36,41.8,-1.2174378465631064,10.87857940780434,1.7313796865697642,0.014927586335624845,0.999999087204797,220742474.39319336,2.517977041567027e-16,7.853981633974483,125.66370614359172,61.68502750680849,986.9604401089358
R36,41.9,-1.2172119514532138,10.878578593042894,1.7313795568964527,0.014932221782369701,0.9999990857458685,220846520.2397141,3.0515708869222836e-16,7.853981633974483,125.66370614359172,61.68502750680849,986.9604401089358
R36,42.0,-1.2169858678586556,10.878578957940363,1.7313796149716885,0.014936778664089111,0.9999990843237416,220951262.71377993,2.640211394925058e-16,7.853981633974483,125.66370614359172,61.68502750680849,986.9604401089358
R36,42.1,-1.2167596078637133,10.87858050708961,1.7313798615264488,0.014941256220552476,0.9999990829488978,221056700.8970032,2.5518819385668436e-16,7.853981633974483,125.66370614359172,61.68502750680849,986.9604401089358
R36,42.2,-1.2165331836829094,10.8785832448883,1.7313802972606436,0.014945653726369622,0.999999081616855,221162833.73460516,2.950749339647701e-16,7.853981633974483,125.66370614359172,61.68502750680849,986.9604401089358
R36,42.3,-1.2163066076566036,10.878587175533134,1.7313809228421984,0.014949972297672573,0.9999990803199096,221269660.03369388,3.4882990623251954e-16,7.853981633974483,125.66370614359172,61.68502750680849,986.9604401089358
R36,42.4,-1.216079892246379,10.87859230301646,1.7313817389065154,0.01495421063578181,0.9999990790663473,221377178.46278274,2.8222409466765387e-16,7.853981633974483,125.66370614359172,61.68502750680849,986.9604401089358
R36,42.5,-1.2158530500309144,10.878598631122623,1.7313827460558917,0.01495836875388859,0.9999990778600784,221485387.55089262,3.3367815700363207e-16,7.853981633974483,125.66370614359172,61.68502750680849,986.9604401089358
R36,42.6,-1.2156260937012644,10.87860616342153,1.7313839448584956,0.014962447052281988,0.9999990766954774,221594285.68559387,2.328868654962378e-16,7.853981633974483,125.66370614359172,61.68502750680849,986.9604401089358
R36,42.7,-1.2153990360550315,10.878614903267904,1.7313853358482478,0.014966444433530433,0.9999990755854,221703871.1142674,3.2155735508642713e-16,7.853981633974483,125.66370614359172,61.68502750680849,986.9604401089358
R36,42.8,-1.215171889992784,10.878624853794685,1.7313869195237714,0.014970361155024182,0.9999990745053636,221814141.94143808,2.9949643197356653e-16,7.853981633974483,125.66370614359172,61.68502750680849,986.9604401089358
R36,42.9,-1.2149446685116838,10.87863601791097,1.7313886963480636,0.014974196540413333,0.9999990734763441,221925096.12963328,2.143638979632144e-16,7.853981633974483,125.66370614359172,61.68502750680849,986.9604401089358
R36,43.0,-1.2147173847006605,10.878648398298434,1.7313906667479257,0.014977951400071047,0.9999990725016367,222036731.49871737,2.5105980939232705e-16,7.853981633974483,125.66370614359172,61.68502750680849,986.9604401089358
R36,43.1,-1.2144900517345132,10.878661997406686,1.7313928311132256,0.01498162454051378,0.9999990715676376,222149045.72518605,2.583751431922638e-16,7.853981633974483,125.66370614359172,61.68502750680849,986.9604401089358
R36,43.2,-1.214262682868538,10.878676817451938,1.7313951897966844,0.01498521609547071,0.9999990706774605,222262036.3428298,2.540867660227374e-16,7.853981633974483,125.66370614359172,61.68502750680849,986.9604401089358
R36,43.3,-1.2140352914328187,10.878692860412004,1.7313977431130807,0.014988726570846682,0.9999990698442043,222375700.74171802,2.604985800945376e-16,7.853981633974483,125.66370614359172,61.68502750680849,986.9604401089358
R36,43.4,-1.2138078908259835,10.878710128025645,1.731400491339147,0.014992154858370832,0.999999069050941,222490036.1695455,2.5880707154596803e-16,7.853981633974483,125.66370614359172,61.68502750680849,986.9604401089358
R36,43.5,-1.2135804945093198,10.878728621788158,1.7314034347128673,0.014995501842592584,0.9999990683124352,222605039.7309697,2.982006702475665e-16,7.853981633974483,125.66370614359172,61.68502750680849,986.9604401089358
R36,43.6,-1.2133531160008988,10.878748342949743,1.7314065734332171,0.014998767155821087,0.9999990676232244,222720708.38824365,2.9229137372165047e-16,7.853981633974483,125.66370614359172,61.68502750680849,986.9604401089358
R36,43.7,-1.213125768868195,10.87876929251304,1.7314099076597713,0.015001950028725352,0.9999990669774348,222837038.96218273,3.318650649015605e-16,7.853981633974483,125.66370614359172,61.68502750680849,986.9604401089358
R36,43.8,-1.2128984667238132,10.878791471231406,1.7314134375124308,0.015005050808091107,0.9999990663924624,222954028.13197464,3.2274027702042137e-16,7.853981633974483,125.66370614359172,61.68502750680849,986.9604401089358
R36,43.9,-1.2126712232162198,10.878814879606292,1.7314171630710036,0.015008069359371934,0.9999990658563821,223071672.4369388,2.1447659735585727e-16,7.853981633974483,125.66370614359172,61.68502750680849,986.9604401089358
R36,44.0,-1.2124440520257733,10.878839517887346,1.7314210843752227,0.015011006101671635,0.9999990653606444,223189968.27702984,2.934236571777162e-16,7.853981633974483,125.66370614359172,61.68502750680849,986.9604401089358
R36,44.1,-1.2122169668564433,10.87886538606819,1.7314252014240727,0.015013860354883847,0.9999990649277021,223308911.9133505,2.807587481770749e-16,7.853981633974483,125.66370614359172,61.68502750680849,986.9604401089358
R36,44.2,-1.2119899814303206,10.87889248388823,1.7314295141760792,0.015016633127433742,0.9999990645403217,223428499.47020546,2.2472225040323214e-16,7.853981633974483,125.66370614359172,61.68502750680849,986.9604401089358
R36,44.3,-1.211763109479416,10.878920810830069,1.7314340225488956,0.015019323528619314,0.9999990642091439,223548726.9363146,2.6701884026319384e-16,7.853981633974483,125.66370614359172,61.68502750680849,986.9604401089358
R36,44.4,-1.21153636474002,10.878950366119074,1.7314387264192352,0.01502193103097558,0.9999990639267803,223669590.1658978,3.239197327542335e-16,7.853981633974483,125.66370614359172,61.68502750680849,986.9604401089358
R36,44.5,-1.2113097609456889,10.87898114872215,1.7314436256226762,0.015024456772908368,0.9999990636984795,223791084.87991902,2.9407685724760234e-16,7.853981633974483,125.66370614359172,61.68502750680849,986.9604401089358
R36,44.6,-1.2110833118200106,10.879013157349966,1.7314487199540145,0.01502690050330204,0.9999990635217465,223913206.66927683,2.9201420582603728e-16,7.853981633974483,125.66370614359172,61.68502750680849,986.9604401089358
R36,44.7,-1.2108570310699842,10.879046390454182,1.7314540091668247,0.015029262126940906,0.9999990633945254,224035950.99509668,3.66134018786854e-16,7.853981633974483,125.66370614359172,61.68502750680849,986.9604401089358
R36,44.8,-1.2106309323789883,10.879080846228605,1.7314594929736424,0.015031541973986278,0.9999990633279232,224159313.19126588,2.7633855890111497e-16,7.853981633974483,125.66370614359172,61.68502750680849,986.9604401089358
R36,44.9,-1.2104050294001591,10.87911652261067,1.7314651710461995,0.015033739844424568,0.9999990633145674,224283288.46689755,2.9681532475420984e-16,7.853981633974483,125.66370614359172,61.68502750680849,986.9604401089358
R36,45.0,-1.2101793357489448,10.87915341728063,1.7314710430152975,0.015035855906990572,0.9999990633480622,224407871.90803686,3.3772488182034284e-16,7.853981633974483,125.66370614359172,61.68502750680849,986.9604401089358
R36,45.1,-1.2099538649969224,10.879191527663288,1.7314771084710805,0.015037889879363563,0.9999990634328922,224533058.48010284,2.939013346087e-16,7.853981633974483,125.66370614359172,61.68502750680849,986.9604401089358
R36,45.2,-1.2097286306646011,10.87923085092965,1.7314833669633005,0.015039842767652852,0.9999990635727202,224658843.03071845,3.2228415283791007e-16,7.853981633974483,125.66370614359172,61.68502750680849,986.9604401089358
R36,45.3,-1.2095036462146398,10.87927138399691,1.7314898180013136,0.015041714117217666,0.9999990637804432,224785220.29153696,2.7928335292731812e-16,7.853981633974483,125.66370614359172,61.68502750680849,986.9604401089358
R36,45.4,-1.2092789250451579,10.879313123531633,1.731496461054587,0.015043504629316428,0.9999990640202905,224912184.8817043,2.7395778441517646e-16,7.853981633974483,125.66370614359172,61.68502750680849,986.9604401089358
R36,45.5,-1.2090544804832883,10.879356065951058,1.731503295552907,0.01504521305647804,0.9999990643214063,225039731.31015238,3.0200149637254037e-16,7.853981633974483,125.66370614359172,61.68502750680849,986.9604401089358
R36,45.6,-1.2088303257781108,10.879400207423814,1.7315103208864915,0.015046840867414,0.9999990646782307,225167853.97804338,2.1918303482291257e-16,7.853981633974483,125.66370614359172,61.68502750680849,986.9604401089358
R36,45.7,-1.208606474094518,10.879445543875946,1.7315175364069504,0.015048387784463673,0.9999990650855776,225296547.1833675,3.042650183647967e-16,7.853981633974483,125.66370614359172,61.68502750680849,986.9604401089358
R36,45.8,-1.2083829385068114,10.879492070988709,1.7315249414269347,0.015049854577263521,0.9999990655476356,225425805.12157747,3.1634963015734247e-16,7.853981633974483,125.66370614359172,61.68502750680849,986.9604401089358
R36,45.9,-1.208159731992165,10.879539784204837,1.7315325352211322,0.015051241140479787,0.9999990660572113,225555621.8906031,2.5301411899945245e-16,7.853981633974483,125.66370614359172,61.68502750680849,986.9604401089358
R36,46.0,-1.2079368674240236,10.87958867873083,1.7315403170266341,0.015052547568294423,0.9999990666263688,225685991.49386302,1.9200259307964249e-16,7.853981633974483,125.66370614359172,61.68502750680849,986.9604401089358
R36,46.1,-1.2077143575672904,10.879638749538698,1.7315482860432108,0.015053773537816197,0.9999990672460131,225816907.84222355,1.9255579258243765e-16,7.853981633974483,125.66370614359172,61.68502750680849,986.9604401089358
R36,46.2,-1.2074922150709841,10.879689991372082,1.731556441434287,0.015054920025760221,0.9999990679053443,225948364.75936818,3.1523218210063537e-16,7.853981633974483,125.66370614359172,61.68502750680849,986.9604401089358
R36,46.3,-1.2072704524626885,10.879742398745657,1.731564782326846,0.015055987033208694,0.9999990686437179,226080355.98297065,2.4752871271921797e-16,7.853981633974483,125.66370614359172,61.68502750680849,986.9604401089358
R36,46.4,-1.2070490821441278,10.879795965953978,1.731573307812838,0.015056975600570352,0.9999990694016131,226212875.17011255,3.019525728264495e-16,7.853981633974483,125.66370614359172,61.68502750680849,986.9604401089358
R36,46.5,-1.2068281163831822,10.879850687070949,1.7315820169490952,0.015057884835354978,0.9999990702299354,226345915.8997145,2.1045903846383545e-16,7.853981633974483,125.66370614359172,61.68502750680849,986.9604401089358
R36,46.6,-1.2066075673111787,10.879906555957636,1.7315909087585766,0.015058715920446608,0.9999990711074854,226479471.67668796,2.2747682541482283e-16,7.853981633974483,125.66370614359172,61.68502750680849,986.9604401089358
R36,46.7,-1.2063874469153948,10.879963566263564,1.7315999822305723,0.015059468009416032,0.999999072034574,226613535.93511638,3.0454420166892665e-16,7.853981633974483,125.66370614359172,61.68502750680849,986.9604401089358
R36,46.8,-1.2061677670357678,10.88002171143301,1.7316092363217064,0.01506014315958366,0.9999990730024625,226748102.04198623,3.01953730141144e-16,7.853981633974483,125.66370614359172,61.68502750680849,986.9604401089358
R36,46.9,-1.205948539358633,10.880080984709094,1.7316186699565885,0.01506074038129795,0.9999990740232974,226883163.3012825,2.6819706806429024e-16,7.853981633974483,125.66370614359172,61.68502750680849,986.9604401089358
R36,47.0,-1.2057297754127845,10.880141379138426,1.7316282820285518,0.01506126050582351,0.9999990751048966,227018712.95723635,2.7633900206477627e-16,7.853981633974483,125.66370614359172,61.68502750680849,986.9604401089358
R36,47.1,-1.2055114865648924,10.880202887576203,1.731638071400466,0.015061702953875555,0.9999990762215811,227154744.19824365,2.630902405209699e-16,7.853981633974483,125.66370614359172,61.68502750680849,986.9604401089358
R36,47.2,-1.2052936840149462,10.880265502691369,1.731648036905557,0.015062069650635985,0.9999990773918862,227291250.16074005,3.228180730715679e-16,7.853981633974483,125.66370614359172,61.68502750680849,986.9604401089358
R36,47.3,-1.2050763787919991,10.880329216971056,1.7316581773481146,0.015062360175249787,0.999999078614707,227428223.93267938,2.388405103430742e-16,7.853981633974483,125.66370614359172,61.68502750680849,986.9604401089358
R36,47.4,-1.2048595817509122,10.88039402272703,1.7316684915045186,0.015062575271171495,0.9999990798641512,227565658.55758047,2.751201390213351e-16,7.853981633974483,125.66370614359172,61.68502750680849,986.9604401089358
R36,47.5,-1.2046433035675181,10.880459912100223,1.7316789781239597,0.01506271451633353,0.9999990811829064,227703547.0383586,3.5127493151622984e-16,7.853981633974483,125.66370614359172,61.68502750680849,986.9604401089358
R36,47.6,-1.2044275547360939,10.880526877065348,1.7316896359291731,0.015062778866254083,0.9999990825412525,227841882.34018508,2.1746502875404167e-16,7.853981633974483,125.66370614359172,61.68502750680849,986.9604401089358
R36,47.7,-1.2042123455656586,10.880594909439237,1.731700463617768,0.015062768889914948,0.9999990839495658,227980657.39583543,2.086447938656663e-16,7.853981633974483,125.66370614359172,61.68502750680849,986.9604401089358
R36,47.8,-1.203997686176416,10.880664000883593,1.7317114598626626,0.015062684160419608,0.9999990853845975,228119865.10817385,2.5015176110126186e-16,7.853981633974483,125.66370614359172,61.68502750680849,986.9604401089358
R36,47.9,-1.2037835864978819,10.88073414291166,1.7317226233131477,0.015062526375827261,0.9999990868809447,228259498.35380757,2.679563412694757e-16,7.853981633974483,125.66370614359172,61.68502750680849,986.9604401089358
R36,48.0,-1.20357005626458,10.880805326893741,1.7317339525957651,0.015062295396786659,0.9999990884090353,228399549.98745942,2.667274145275255e-16,7.853981633974483,125.66370614359172,61.68502750680849,986.9604401089358
R36,48.1,-1.2033571050151877,10.880877544064438,1.7317454463154576,0.015061990998461791,0.9999990899868074,228540012.84555686,2.689059693766408e-16,7.853981633974483,125.66370614359172,61.68502750680849,986.9604401089358
R36,48.2,-1.2031447420893397,10.880950785526315,1.7317571030561545,0.015061614704882707,0.9999990916040855,228680879.74915907,2.3963817109568187e-16,7.853981633974483,125.66370614359172,61.68502750680849,986.9604401089358
R36,48.3,-1.2029329766254995,10.881025042257068,1.7317689213819119,0.01506116573846332,0.9999990932672592,228822143.50821638,2.646749381528099e-16,7.853981633974483,125.66370614359172,61.68502750680849,986.9604401089358
R36,48.4,-1.2027218175594772,10.881100305115215,1.731780899837817,0.015060645639097179,0.9999990949682704,228963796.92481938,2.6597513405475375e-16,7.853981633974483,125.66370614359172,61.68502750680849,986.9604401089358
R36,48.5,-1.2025112736226515,10.881176564845301,1.7317930369508192,0.015060055008562829,0.9999990966993036,229105832.79635555,2.4742176725496266e-16,7.853981633974483,125.66370614359172,61.68502750680849,986.9604401089358
R36,48.6,-1.202301353340292,10.881253812084841,1.7318053312308321,0.015059393440909107,0.9999990984842467,229248243.91957045,2.4969018188057196e-16,7.853981633974483,125.66370614359172,61.68502750680849,986.9604401089358
R36,48.7,-1.2020920650303926,10.881332037369484,1.7318177811715578,0.015058661221470702,0.9999991003071665,229391023.09355074,2.5770967305275933e-16,7.853981633974483,125.66370614359172,61.68502750680849,986.9604401089358
R36,48.8,-1.201883416802828,10.88141123113906,1.7318303852514478,0.01505786011420201,0.9999991021546297,229534163.12293175,2.759006489611336e-16,7.853981633974483,125.66370614359172,61.68502750680849,986.9604401089358
R36,48.9,-1.2016754165578938,10.881491383742997,1.7318431419345661,0.015056989777466572,0.9999991040492345,229677656.8212641,2.334311625618711e-16,7.853981633974483,125.66370614359172,61.68502750680849,986.9604401089358
R36,49.0,-1.2014680719866673,10.881572485447554,1.7318560496717397,0.015056050542185869,0.9999991059719667,229821497.01439872,1.9041716443744807e-16,7.853981633974483,125.66370614359172,61.68502750680849,986.9604401089358
R36,49.1,-1.201261390569502,10.881654526440098,1.731869106901239,0.015055042750877998,0.9999991079414504,229965676.54325947,2.1273735315044209e-16,7.853981633974483,125.66370614359172,61.68502750680849,986.9604401089358
R36,49.2,-1.2010553795762302,10.881737496835553,1.7318823120498061,0.015053968142969897,0.9999991099401355,230110188.2670661,2.5027330848770007e-16,7.853981633974483,125.66370614359172,61.68502750680849,986.9604401089358
R36,49.3,-1.2008500460657405,10.881821386681167,1.7318956635334108,0.015052825655500797,0.9999991119694616,230255025.06587407,2.329479322367177e-16,7.853981633974483,125.66370614359172,61.68502750680849,986.9604401089358
R36,49.4,-1.2006453968866628,10.881906185964173,1.7319091597584717,0.015051616964460777,0.9999991140339237,230400179.84427562,2.2778161529417415e-16,7.853981633974483,125.66370614359172,61.68502750680849,986.9604401089358
R36,49.5,-1.2004414386771012,10.881991884615422,1.7319227991224344,0.015050342011954147,0.9999991161348188,230545645.5334035,2.643062288066202e-16,7.853981633974483,125.66370614359172,61.68502750680849,986.9604401089358
R36,49.6,-1.2002381778650357,10.882078472515378,1.7319365800147244,0.015049001422835741,0.9999991182585372,230691415.09387055,1.999272290913863e-16,7.853981633974483,125.66370614359172,61.68502750680849,986.9604401089358
R36,49.7,-1.2000356206692304,10.882165939501121,1.7319505008178626,0.015047595867757025,0.9999991204260026,230837481.5191463,2.3927081616022935e-16,7.853981633974483,125.66370614359172,61.68502750680849,986.9604401089358
R36,49.8,-1.1998337730995492,10.882254275368476,1.7319645599078046,0.015046125847573444,0.9999991226051236,230983837.83653116,2.069796019190078e-16,7.853981633974483,125.66370614359172,61.68502750680849,986.9604401089358
R36,49.9,-1.1996326409584668,10.882343469880876,1.7319787556553496,0.015044591450268346,0.9999991248253778,231130477.1112714,1.9487483624265367e-16,7.853981633974483,125.66370614359172,61.68502750680849,986.9604401089358
R36,50.0,-1.1994322298416447,10.882433512771897,1.731993086426546,0.015042993562346734,0.9999991270746855,231277392.4477442,2.193027985642225e-16,7.853981633974483,125.66370614359172,61.68502750680849,986.9604401089358
R38,40.0,-3.3508935528075483,28.471013575481837,4.531302545374391,0.9655203252372107,1.0,10740173.165720662,3.407575429813859e-16,7.853981633974483,125.66370614359172,61.68502750680849,986.9604401089358
R38,40.1,-3.294494667874731,28.439038443513823,4.526213545065667,0.9655655646712363,0.9999992126985797,10734409.243396608,5.645684282942329e-15,7.853981633974483,125.66370614359172,61.68502750680849,986.9604401089358
R38,40.2,-3.2384750300599636,28.407048919150963,4.521122254136158,0.965610380089788,0.9999992182749573,10728700.906710317,5.613004681199875e-15,7.853981633974483,125.66370614359172,61.68502750680849,986.9604401089358
R38,40.3,-3.182831398848105,28.375046481648074,4.516028908016584,0.9656547764558351,0.9999992237860691,10723047.508135559,5.543253746895616e-15,7.853981633974483,125.66370614359172,61.68502750680849,986.9604401089358
R38,40.4,-3.127560567366291,28.343032579176896,4.510933737190634,0.9656987569832448,0.9999992292333635,10717448.408997782,5.5070060399767265e-15,7.853981633974483,125.66370614359172,61.68502750680849,986.9604401089358
R38,40.5,-3.0726593629395724,28.311008629965613,4.505836967376335,0.9657423277196426,0.9999992346173071,10711902.980911048,5.457063333593979e-15,7.853981633974483,125.66370614359172,61.68502750680849,986.9604401089358
R38,40.6,-3.018124646655292,28.2789760229506,4.500738819629776,0.9657854925221001,0.9999992399390539,10706410.605112059,5.427233679466e-15,7.853981633974483,125.66370614359172,61.68502750680849,986.9604401089358
R38,40.7,-2.9639533129392377,28.24693611833406,4.49563951043386,0.9658282563534217,0.9999992452015045,10700970.671500467,5.389299524560252e-15,7.853981633974483,125.66370614359172,61.68502750680849,986.9604401089358
R38,40.8,-2.9101422891157087,28.214890248188166,4.49053925179446,0.9658706235678671,0.9999992503982996,10695582.57970111,5.313251074199327e-15,7.853981633974483,125.66370614359172,61.68502750680849,986.9604401089358
R38,40.9,-2.856688535009551,28.18283971703402,4.485438251332558,0.965912596994501,0.999999255549057,10690245.738192856,5.30040315277999e-15,7.853981633974483,125.66370614359172,61.68502750680849,986.9604401089358
R38,41.0,-2.8035890425022196,28.15078580236258,4.480336712367152,0.9659541830617683,0.9999992606274998,10684959.564118005,5.283955299917705e-15,7.853981633974483,125.66370614359172,61.68502750680849,986.9604401089358
R38,41.1,-2.750840835141633,28.118729755228387,4.4752348340097585,0.9659953852616762,0.9999992656532535,10679723.483159138,5.2252128215674886e-15,7.853981633974483,125.66370614359172,61.68502750680849,986.9604401089358
R38,41.2,-2.698440967746925,28.086672800733805,4.4701328112414735,0.9660362070445009,0.9999992706248328,10674536.929886395,5.180177075462279e-15,7.853981633974483,125.66370614359172,61.68502750680849,986.9604401089358
R38,41.3,-2.6463865259977823,28.05461613859788,4.465030835003514,0.9660766534899865,0.9999992755413347,10669399.346750027,5.140377831778846e-15,7.853981633974483,125.66370614359172,61.68502750680849,986.9604401089358
R38,41.4,-2.594674626060568,28.022560943628157,4.459929092272309,0.9661167284938817,0.9999992803989984,10664310.18498928,5.099040064763329e-15,7.853981633974483,125.66370614359172,61.68502750680849,986.9604401089358
R38,41.5,-2.5433024141868312,27.990508366232017,4.454827766140877,0.9661564339367045,0.9999992852137891,10659268.902759667,5.056308790820428e-15,7.853981633974483,125.66370614359172,61.68502750680849,986.9604401089358
R38,41.6,-2.4922670663487954,27.958459532907344,4.449727035896927,0.9661957773289949,0.9999992899605843,10654274.967270773,5.032029023809886e-15,7.853981633974483,125.66370614359172,61.68502750680849,986.9604401089358
R38,41.7,-2.4415657878548815,27.926415546721987,4.44462707709916,0.9662347587726388,0.9999992946700553,10649327.85269117,4.990406657738041e-15,7.853981633974483,125.66370614359172,61.68502750680849,986.9604401089358
R38,41.8,-2.3911958129994875,27.89437748777148,4.439528061650116,0.9662733851307883,0.9999992993166331,10644427.041730803,4.955586523784343e-15,7.853981633974483,125.66370614359172,61.68502750680849,986.9604401089358
R38,41.9,-2.3411544046832478,27.86234641363803,4.434430157869235,0.9663116589392103,0.9999993039201659,10639572.02296542,4.929548308492061e-15,7.853981633974483,125.66370614359172,61.68502750680849,986.9604401089358
R38,42.0,-2.2914388540636,27.830323359839262,4.429333530564263,0.9663495829832024,0.9999993084684934,10634762.293745596,4.868716610131965e-15,7.853981633974483,125.66370614359172,61.68502750680849,986.9604401089358
R38,42.1,-2.242046480207979,27.79830934026702,4.4242383411011,0.9663871627371975,0.9999993129734775,10629997.35776307,4.854704396409988e-15,7.853981633974483,125.66370614359172,61.68502750680849,986.9604401089358
R38,42.2,-2.1929746297355845,27.76630534760779,4.419144747470707,0.9664243988207506,0.9999993174317122,10625276.725888845,4.793504330499727e-15,7.853981633974483,125.66370614359172,61.68502750680849,986.9604401089358
R38,42.3,-2.14422067649457,27.734312353768715,4.41405290435691,0.9664612979578074,0.999999321834621,10620599.916550368,4.788950084250731e-15,7.853981633974483,125.66370614359172,61.68502750680849,986.9604401089358
R38,42.4,-2.0957820211987297,27.70233131027062,4.408962963198951,0.9664978629144726,0.9999993261967568,10615966.45442304,4.7226208002329704e-15,7.853981633974483,125.66370614359172,61.68502750680849,986.9604401089358
R38,42.5,-2.0476560911265143,27.670363148674973,4.403875072259443,0.9665340956262015,0.9999993305103804,10611375.87089325,4.70294719158014e-15,7.853981633974483,125.66370614359172,61.68502750680849,986.9604401089358
R38,42.6,-1.9998403397723428,27.638408780951636,4.398789376682898,0.9665700004515508,0.9999993347830711,10606827.703891821,4.658658576772671e-15,7.853981633974483,125.66370614359172,61.68502750680849,986.9604401089358
R38,42.7,-1.9523322465274995,27.606469099875056,4.393706018558782,0.9666055815077088,0.9999993390044182,10602321.49818664,4.630430522935803e-15,7.853981633974483,125.66370614359172,61.68502750680849,986.9604401089358
R38,42.8,-1.9051293163748066,27.57454497939799,4.388625136980996,0.9666408398365621,0.9999993431882165,10597856.804405516,4.578963093329329e-15,7.853981633974483,125.66370614359172,61.68502750680849,986.9604401089358
R38,42.9,-1.8582290795614136,27.542637275010257,4.383546868104973,0.9666757818474708,0.9999993473219108,10593433.179390047,4.577098815851089e-15,7.853981633974483,125.66370614359172,61.68502750680849,986.9604401089358
R38,43.0,-1.8116290912961501,27.51074682410734,4.378471345206345,0.9667104078417116,0.9999993514188575,10589050.186936816,4.531525736824207e-15,7.853981633974483,125.66370614359172,61.68502750680849,986.9604401089358
R38,43.1,-1.7653269314490427,27.47887444634241,4.373398698736963,0.9667447211072482,0.999999355475165,10584707.39561313,4.4947935832674484e-15,7.853981633974483,125.66370614359172,61.68502750680849,986.9604401089358
R38,43.2,-1.7193202042465687,27.447020943967477,4.368329056379204,0.9667787286161308,0.9999993594798477,10580404.3809852,4.4524660980955685e-15,7.853981633974483,125.66370614359172,61.68502750680849,986.9604401089358
R38,43.3,-1.6736065379819167,27.415187102171522,4.363262543099772,0.9668124282188216,0.9999993634552005,10576140.723820118,4.424021754395182e-15,7.853981633974483,125.66370614359172,61.68502750680849,986.9604401089358
R38,43.4,-1.6281835847066888,27.383373689406344,4.358199281201571,0.9668458263413174,0.9999993673834559,10571916.010701519,4.398283088954978e-15,7.853981633974483,125.66370614359172,61.68502750680849,986.9604401089358
R38,43.5,-1.5830490199732539,27.351581457724457,4.353139390377476,0.9668789252800206,0.9999993712729576,10567729.833749888,4.3433352539055046e-15,7.853981633974483,125.66370614359172,61.68502750680849,986.9604401089358
R38,43.6,-1.5382005425218142,27.319811143080706,4.348082987758338,0.9669117273169877,0.9999993751259592,10563581.791135307,4.309477386592398e-15,7.853981633974483,125.66370614359172,61.68502750680849,986.9604401089358
R38,43.7,-1.4936358740268287,27.288063465638025,4.343030187961649,0.9669442346875023,0.9999993789424863,10559471.485732367,4.307658517998952e-15,7.853981633974483,125.66370614359172,61.68502750680849,986.9604401089358
R38,43.8,-1.4493527587930022,27.256339130098976,4.337981103144303,0.9669764526132343,0.999999382713455,10555398.526402052,4.2828093679081404e-15,7.853981633974483,125.66370614359172,61.68502750680849,986.9604401089358
R38,43.9,-1.40534896350941,27.22463882597258,4.33293584304507,0.967008382797717,0.9999993864496081,10551362.526649825,4.234977384555714e-15,7.853981633974483,125.66370614359172,61.68502750680849,986.9604401089358
R38,44.0,-1.3616222769806552,27.192963227879446,4.327894515033156,0.9670400269859613,0.9999993901527433,10547363.10541471,4.2049906662717696e-15,7.853981633974483,125.66370614359172,61.68502750680849,986.9604401089358
R38,44.1,-1.318170509840219,27.161312995840056,4.322857224154082,0.96707138950525,0.999999393817009,10543399.88702572,4.1672914870905426e-15,7.853981633974483,125.66370614359172,61.68502750680849,986.9604401089358
R38,44.2,-1.2749914943163858,27.12968877553618,4.317824073171293,0.9671024721317216,0.9999993974438879,10539472.500036642,4.159122510566485e-15,7.853981633974483,125.66370614359172,61.68502750680849,986.9604401089358
R38,44.3,-1.2320830839595933,27.09809119861707,4.31279516261489,0.9671332770408336,0.9999994010379905,10535580.578502059,4.119495273211807e-15,7.853981633974483,125.66370614359172,61.68502750680849,986.9604401089358
R38,44.4,-1.189443153398081,27.066520882932622,4.3077705908187385,0.9671638090539612,0.9999994045938989,10531723.761471057,4.062875172482131e-15,7.853981633974483,125.66370614359172,61.68502750680849,986.9604401089358
R38,44.5,-1.14706959808265,27.034978432823326,4.302750453966614,0.9671940685650997,0.9999994081191595,10527901.691714156,4.045880905593224e-15,7.853981633974483,125.66370614359172,61.68502750680849,986.9604401089358
R38,44.6,-1.1049603340451923,27.00346443935133,4.29773484612898,0.9672240591682554,0.9999994116074133,10524114.0181519,4.019848909674937e-15,7.853981633974483,125.66370614359172,61.68502750680849,986.9604401089358
R38,44.7,-1.0631132976489752,26.971979480583293,4.292723859308003,0.9672537837634247,0.9999994150638978,10520360.393385662,3.9988819312251314e-15,7.853981633974483,125.66370614359172,61.68502750680849,986.9604401089358
R38,44.8,-1.0215264453613624,26.940524121809396,4.287717583472408,0.9672832444896211,0.9999994184861348,10516640.474225698,3.950043838121701e-15,7.853981633974483,125.66370614359172,61.68502750680849,986.9604401089358
R38,44.9,-0.9801977535086944,26.909098915804737,4.282716106599086,0.9673124424610464,0.9999994218761451,10512953.92265129,3.92183404317182e-15,7.853981633974483,125.66370614359172,61.68502750680849,986.9604401089358
R38,45.0,-0.9391252180428061,26.877704403048437,4.277719514707959,0.9673413821778782,0.999999425235637,10509300.404776497,3.8974432028381865e-15,7.853981633974483,125.66370614359172,61.68502750680849,986.9604401089358
R38,45.1,-0.89830685431455,26.846341111980383,4.272727891902848,0.9673700656020243,0.9999994285600887,10505679.590657586,3.8854310774568074e-15,7.853981633974483,125.66370614359172,61.68502750680849,986.9604401089358
R38,45.2,-0.8577406968551288,26.81500955920638,4.267741320404121,0.9673984952254078,0.9999994318554993,10502091.155228185,3.846495144662751e-15,7.853981633974483,125.66370614359172,61.68502750680849,986.9604401089358
R38,45.3,-0.8174247991383689,26.78371024972109,4.2627598805841735,0.9674266712631391,0.9999994351203235,10498534.777094722,3.825065375795434e-15,7.853981633974483,125.66370614359172,61.68502750680849,986.9604401089358
R38,45.4,-0.7773572333699362,26.752443677154783,4.257783651006705,0.9674545992771478,0.9999994383519915,10495010.139290702,3.813575029625995e-15,7.853981633974483,125.66370614359172,61.68502750680849,986.9604401089358
R38,45.5,-0.7375360902643102,26.721210323944863,4.252812708454011,0.9674822803037942,0.9999994415545786,10491516.928231804,3.7348278955248256e-15,7.853981633974483,125.66370614359172,61.68502750680849,986.9604401089358
R38,45.6,-0.6979594788355843,26.690010661601388,4.247847127969249,0.9675097153915726,0.9999994447324423,10488054.835377641,3.732172549946303e-15,7.853981633974483,125.66370614359172,61.68502750680849,986.9604401089358
R38,45.7,-0.6586255261920879,26.65884515083986,4.242886982877568,0.9675369083217084,0.9999994478737266,10484623.554989371,3.7106832900851725e-15,7.853981633974483,125.66370614359172,61.68502750680849,986.9604401089358
R38,45.8,-0.6195323773068309,26.627714241858833,4.237932344830294,0.9675638622002245,0.9999994509876128,10481222.78617702,3.6804029213693315e-15,7.853981633974483,125.66370614359172,61.68502750680849,986.9604401089358
R38,45.9,-0.5806781948347705,26.59661837448099,4.23298328382738,0.9675905762977643,0.9999994540765053,10477852.23095347,3.664533529845094e-15,7.853981633974483,125.66370614359172,61.68502750680849,986.9604401089358
R38,46.0,-0.542061158888114,26.565557978379488,4.2280398682534335,0.9676170552296707,0.9999994571333102,10474511.595212372,3.6246020121801664e-15,7.853981633974483,125.66370614359172,61.68502750680849,986.9604401089358
R38,46.1,-0.503679466866078,26.53453347324885,4.223102164904913,0.9676432995226827,0.9999994601651525,10471200.589555604,3.586880108089046e-15,7.853981633974483,125.66370614359172,61.68502750680849,986.9604401089358
R38,46.2,-0.46553133322443974,26.503545269008058,4.21817023902245,0.9676693128867385,0.9999994631681276,10467918.926364617,3.574400585811348e-15,7.853981633974483,125.66370614359172,61.68502750680849,986.9604401089358
R38,46.3,-0.42761498930113667,26.472593765968387,4.213244154317562,0.9676950955585265,0.9999994661460077,10464666.323481599,3.5397867354570878e-15,7.853981633974483,125.66370614359172,61.68502750680849,986.9604401089358
R38,46.4,-0.3899286831165372,26.44167935502381,4.208323973002958,0.9677206515149089,0.9999994690938673,10461442.500700489,3.512889718717599e-15,7.853981633974483,125.66370614359172,61.68502750680849,986.9604401089358
R38,46.5,-0.3524706791854615,26.410802417816804,4.203409755818925,0.9677459813942018,0.9999994720139451,10458247.18232494,3.492487486908282e-15,7.853981633974483,125.66370614359172,61.68502750680849,986.9604401089358
R38,46.6,-0.3152392583390811,26.379963326920514,4.1985015620623205,0.9677710875283637,0.9999994749171277,10455080.095267564,3.485564275202265e-15,7.853981633974483,125.66370614359172,61.68502750680849,986.9604401089358
R38,46.7,-0.27823271751640666,26.349162445993723,4.193599449611237,0.9677959727634924,0.9999994777826076,10451940.970572101,3.439071622075081e-15,7.853981633974483,125.66370614359172,61.68502750680849,986.9604401089358
R38,46.8,-0.2414493696079199,26.31840012996048,4.188703474953591,0.9678206382148686,0.9999994806313403,10448829.541738704,3.4426444138857973e-15,7.853981633974483,125.66370614359172,61.68502750680849,986.9604401089358
R38,46.9,-0.20488754325715577,26.287676725175338,4.1838136932134224,0.967845086862214,0.9999994834468756,10445745.54615421,3.4040084174370242e-15,7.853981633974483,125.66370614359172,61.68502750680849,986.9604401089358
R38,47.0,-0.16854558269759407,26.256992569558985,4.178930158172479,0.9678693188476806,0.9999994862472947,10442688.724234235,3.37700601310557e-15,7.853981633974483,125.66370614359172,61.68502750680849,986.9604401089358
R38,47.1,-0.13242184756912295,26.226347992781577,4.174052922299396,0.9678933368380395,0.9999994890181645,10439658.81918794,3.365721465155176e-15,7.853981633974483,125.66370614359172,61.68502750680849,986.9604401089358
R38,47.2,-0.09651471274051455,26.195743316394893,4.169182036770727,0.9679171433040112,0.9999994917650252,10436655.577764038,3.343281805691456e-15,7.853981633974483,125.66370614359172,61.68502750680849,986.9604401089358
R38,47.3,-0.06082256815228717,26.16517885399541,4.164317551496903,0.9679407398516167,0.9999994944839198,10433678.749468943,3.289926288466138e-15,7.853981633974483,125.66370614359172,61.68502750680849,986.9604401089358
R38,47.4,-0.025343818642564322,26.134654911374625,4.1594595151461515,0.9679641285181354,0.999999497186611,10430728.087348612,3.294645378972993e-15,7.853981633974483,125.66370614359172,61.68502750680849,986.9604401089358
R38,47.5,0.009923116227948612,26.1041717866447,4.154607975164497,0.9679873102792896,0.9999994998633402,10427803.346435882,3.2545706213867747e-15,7.853981633974483,125.66370614359172,61.68502750680849,986.9604401089358
R38,47.6,0.04497980232237429,26.073729770397744,4.14976297780111,0.9680102863198408,0.9999995025144256,10424904.285630437,3.237605559853769e-15,7.853981633974483,125.66370614359172,61.68502750680849,986.9604401089358
R38,47.7,0.07982779111203223,26.043329145839728,4.144924568129621,0.9680330605869377,0.9999995051440002,10422030.666019773,3.2145783195217304e-15,7.853981633974483,125.66370614359172,61.68502750680849,986.9604401089358
R38,47.8,0.11446861981338398,26.012970188928968,4.14009279007016,0.9680556343968945,0.9999995077584052,10419182.252086077,3.196255586002858e-15,7.853981633974483,125.66370614359172,61.68502750680849,986.9604401089358
R38,47.9,0.14890381156434032,25.982653168500313,4.135267686409121,0.9680780085423077,0.9999995103348691,10416358.810608493,3.1699750588647925e-15,7.853981633974483,125.66370614359172,61.68502750680849,986.9604401089358
R38,48.0,0.18313487555959693,25.952378346405947,4.130449298821575,0.9681001848240317,0.9999995129010284,10413560.111067155,3.1322845696960863e-15,7.853981633974483,125.66370614359172,61.68502750680849,986.9604401089358
R38,48.1,0.21716330721824967,25.922145977646025,4.1256376678920565,0.9681221647250341,0.9999995154451683,10410785.926593184,3.1374692640544932e-15,7.853981633974483,125.66370614359172,61.68502750680849,986.9604401089358
R38,48.2,0.25099058834370586,25.89195631048701,4.1208328331334005,0.9681439510685751,0.9999995179617864,10408036.031742346,3.1208066043875147e-15,7.853981633974483,125.66370614359172,61.68502750680849,986.9604401089358
R38,48.3,0.28461818725945154,25.861809586581227,4.116034833005768,0.9681655447114295,0.9999995204628883,10405310.204580817,3.0795510799329456e-15,7.853981633974483,125.66370614359172,61.68502750680849,986.9604401089358
R38,48.4,0.31804755894885894,25.83170604111308,4.1112437049399215,0.968186947638867,0.99999952294038,10402608.225311607,3.0498793282419784e-15,7.853981633974483,125.66370614359172,61.68502750680849,986.9604401089358
R38,48.5,0.35128014521853107,25.801645902887753,4.106459485351335,0.9682081610099127,0.9999995253973389,10399929.87665647,3.0492752355023744e-15,7.853981633974483,125.66370614359172,61.68502750680849,986.9604401089358
R38,48.6,0.3843173748435897,25.77162939446812,4.101682209661991,0.9682291857882765,0.999999527836273,10397274.944116225,3.0344886477936807e-15,7.853981633974483,125.66370614359172,61.68502750680849,986.9604401089358
R38,48.7,0.4171606636928513,25.741656732283865,4.096911912317743,0.9682500251909394,0.9999995302528352,10394643.215533094,3.0034348631966063e-15,7.853981633974483,125.66370614359172,61.68502750680849,986.9604401089358
R38,48.8,0.449811414875387,25.711728126733025,4.092148626804479,0.9682706799912314,0.9999995326486054,10392034.481479023,2.9820448408992578e-15,7.853981633974483,125.66370614359172,61.68502750680849,986.9604401089358
R38,48.9,0.4822710188922491,25.68184378231725,4.087392385669649,0.9682911512299501,0.9999995350258399,10389448.53429606,2.9489712240777436e-15,7.853981633974483,125.66370614359172,61.68502750680849,986.9604401089358
R38,49.0,0.5145408537598136,25.65200389773876,4.0826432205376895,0.9683114405242477,0.9999995373844293,10386885.169489523,2.9404265729836003e-15,7.853981633974483,125.66370614359172,61.68502750680849,986.9604401089358
R38,49.1,0.5466222851408695,25.622208665986033,4.077901162123675,0.9683315511732233,0.9999995397210634,10384344.183922127,2.9096492204895426e-15,7.853981633974483,125.66370614359172,61.68502750680849,986.9604401089358
R38,49.2,0.5785166664899515,25.59245827447284,4.073166240255431,0.9683514816957424,0.9999995420423806,10381825.377811257,2.8959056026325745e-15,7.853981633974483,125.66370614359172,61.68502750680849,986.9604401089358
R38,49.3,0.6102253391845913,25.56275290511914,4.068438483886419,0.9683712365194442,0.999999544339051,10379328.553069415,2.8664390581399254e-15,7.853981633974483,125.66370614359172,61.68502750680849,986.9604401089358
R38,49.4,0.6417496326420347,25.533092734459753,4.063717921113028,0.9683908149192066,0.9999995466260445,10376853.514186967,2.8601502708626826e-15,7.853981633974483,125.66370614359172,61.68502750680849,986.9604401089358
R38,49.5,0.6730908644588643,25.503477933737155,4.059004579189345,0.968410218973339,0.9999995488861234,10374400.067161437,2.8368771579395235e-15,7.853981633974483,125.66370614359172,61.68502750680849,986.9604401089358
R38,49.6,0.7042503405422132,25.47390866900593,4.054298484543778,0.9684294516754228,0.999999551132654,10371968.02093956,2.7999422048853603e-15,7.853981633974483,125.66370614359172,61.68502750680849,986.9604401089358
R38,49.7,0.735229355205992,25.444385101221712,4.049599662793211,0.9684485117452901,0.9999995533575451,10369557.186210623,2.8002785195331175e-15,7.853981633974483,125.66370614359172,61.68502750680849,986.9604401089358
R38,49.8,0.7660291913510467,25.414907386339433,4.044908138758643,0.9684674028847058,0.9999995555684423,10367167.376219908,2.7637515564172656e-15,7.853981633974483,125.66370614359172,61.68502750680849,986.9604401089358
R38,49.9,0.7966511205190812,25.385475675403036,4.040223936479464,0.9684861250980032,0.9999995577588621,10364798.405549593,2.748097338056793e-15,7.853981633974483,125.66370614359172,61.68502750680849,986.9604401089358
R38,50.0,0.8270964030622162,25.356090114631577,4.035547079227158,0.9685046795703273,0.9999995599351029,10362450.091453912,2.738036586300791e-15,7.853981633974483,125.66370614359172,61.68502750680849,986.9604401089358
R41,40.0,-1.4453725343254002,10.043110947314199,1.5984107512853825,0.010699368471779585,1.0,260716805.1475332,2.3725906384698668e-17,7.853981633974483,125.66370614359172,61.68502750680849,986.9604401089358
R41,40.1,-1.4453154370847212,10.043152299035002,1.5984173326161537,0.010698381615234825,0.9999999526585485,260740512.01976648,2.2436972682581915e-17,7.853981633974483,125.66370614359172,61.68502750680849,986.9604401089358
R41,40.2,-1.4452583897050193,10.04319373716311,1.5984239276990744,0.010697388852678468,0.9999999526815556,260764282.60562143,1.954202063199831e-17,7.853981633974483,125.66370614359172,61.68502750680849,986.9604401089358
R41,40.3,-1.4452013923672358,10.043235261645396,1.5984305365256897,0.010696390225381132,0.9999999527045184,260788116.9332246,1.038353469880647e-17,7.853981633974483,125.66370614359172,61.68502750680849,986.9604401089358
R41,40.4,-1.445144445251973,10.043276872428418,1.5984371590874935,0.010695385844837714,0.9999999527279814,260812015.03054455,3.937168512852866e-17,7.853981633974483,125.66370614359172,61.68502750680849,986.9604401089358
R41,40.5,-1.4450875485401293,10.043318569457895,1.598443795375847,0.010694375753971143,0.9999999527510204,260835976.92520842,8.12973867133987e-18,7.853981633974483,125.66370614359172,61.68502750680849,986.9604401089358
R41,40.6,-1.4450307024123745,10.043360352679432,1.598450445382093,0.010693359691339424,0.9999999527738379,260860002.64495188,4.733814791889393e-17,7.853981633974483,125.66370614359172,61.68502750680849,986.9604401089358
R41,40.7,-1.4449739070494356,10.043402222037747,1.5984571090974329,0.01069233795713909,0.9999999527970005,260884092.2169606,1.5958720154211572e-17,7.853981633974483,125.66370614359172,61.68502750680849,986.9604401089358
R41,40.8,-1.4449171626319544,10.043444177477278,1.5984637865130238,0.010691310391118043,0.9999999528200108,260908245.6684667,4.731171200049714e-18,7.853981633974483,125.66370614359172,61.68502750680849,986.9604401089358
R41,40.9,-1.444860469340671,10.043486218941839,1.5984704776199234,0.010690277017944614,0.9999999528430071,260932463.02640006,2.31551785387352e-17,7.853981633974483,125.66370614359172,61.68502750680849,986.9604401089358
R41,41.0,-1.444803827356143,10.043528346374726,1.5984771824091073,0.01068923781581908,0.9999999528657147,260956744.317513,5.576491166556403e-17,7.853981633974483,125.66370614359172,61.68502750680849,986.9604401089358
R41,41.1,-1.444747236859113,10.043570559718695,1.5984839008714644,0.010688192813200175,0.9999999528887348,260981089.56832275,3.1322546050224113e-17,7.853981633974483,125.66370614359172,61.68502750680849,986.9604401089358
R41,41.2,-1.4446906980300875,10.0436128589161,1.5984906329978203,0.010687142007269331,0.999999952911547,261005498.80524847,7.101883280859579e-19,7.853981633974483,125.66370614359172,61.68502750680849,986.9604401089358
R41,41.3,-1.4446342110495864,10.043655243908557,1.5984973787788825,0.010686085446955325,0.9999999529343989,261029972.05432224,1.1288716252352734e-17,7.853981633974483,125.66370614359172,61.68502750680849,986.9604401089358
R41,41.4,-1.4445777760981635,10.043697714637327,1.5985041382053031,0.01068502298320763,0.999999952957139,261054509.34153202,4.228307452044681e-18,7.853981633974483,125.66370614359172,61.68502750680849,986.9604401089358
R41,41.5,-1.4445213933563286,10.043740271043113,1.598510911267644,0.01068395487581916,0.9999999529801978,261079110.69262725,5.945377550961291e-18,7.853981633974483,125.66370614359172,61.68502750680849,986.9604401089358
R41,41.6,-1.4444650630044682,10.043782913066087,1.598517697956384,0.010682880834970316,0.9999999530026132,261103776.13311827,4.027089795049098e-17,7.853981633974483,125.66370614359172,61.68502750680849,986.9604401089358
R41,41.7,-1.44440878522309,10.0438256406458,1.5985244982619016,0.010681801108160981,0.9999999530254918,261128505.68828887,1.739772407645175e-17,7.853981633974483,125.66370614359172,61.68502750680849,986.9604401089358
R41,41.8,-1.444352560192488,10.043868453721453,1.5985313121745208,0.010680715554914776,0.9999999530482394,261153299.38329545,2.983604226867462e-17,7.853981633974483,125.66370614359172,61.68502750680849,986.9604401089358
R41,41.9,-1.4442963880930042,10.043911352231573,1.5985381396844576,0.010679624202994807,0.999999953070747,261178157.2430083,3.144136077085199e-17,7.853981633974483,125.66370614359172,61.68502750680849,986.9604401089358
R41,42.0,-1.4442402691049347,10.04395433611426,1.5985449807818604,0.010678527076524766,0.9999999530934421,261203079.29216218,1.0287690561489694e-17,7.853981633974483,125.66370614359172,61.68502750680849,986.9604401089358
R41,42.1,-1.444184203408468,10.04399740530709,1.5985518354567945,0.010677424189248823,0.999999953116039,261228065.55527693,1.1101836906650266e-17,7.853981633974483,125.66370614359172,61.68502750680849,986.9604401089358
R41,42.2,-1.444128191183833,10.044040559747069,1.5985587036992335,0.010676315557026087,0.9999999531388122,261253116.05661887,4.043658392431469e-17,7.853981633974483,125.66370614359172,61.68502750680849,986.9604401089358
R41,42.3,-1.4440722326110982,10.044083799370599,1.5985655854990557,0.01067520110139109,0.9999999531610773,261278230.82020047,3.12248960188256e-17,7.853981633974483,125.66370614359172,61.68502750680849,986.9604401089358
R41,42.4,-1.444016327870441,10.044127124113718,1.5985724808460813,0.010674080827804288,0.9999999531836222,261303409.86996263,1.2252056817284384e-17,7.853981633974483,125.66370614359172,61.68502750680849,986.9604401089358
R41,42.5,-1.443960477141786,10.044170533911812,1.5985793897300264,0.010672954838425763,0.9999999532062382,261328653.22948462,1.6270307029775524e-17,7.853981633974483,125.66370614359172,61.68502750680849,986.9604401089358
R41,42.6,-1.443904680605184,10.04421402869985,1.5985863121405415,0.01067182301750278,0.9999999532285887,261353960.92229652,1.8256456152619605e-17,7.853981633974483,125.66370614359172,61.68502750680849,986.9604401089358
R41,42.7,-1.4438489384404822,10.044257608412169,1.5985932480671754,0.010670685417562028,0.9999999532510245,261379332.97155493,4.1291057702597466e-17,7.853981633974483,125.66370614359172,61.68502750680849,986.9604401089358
R41,42.8,-1.4437932508275646,10.044301272982713,1.5986001974994155,0.010669542059169344,0.9999999532734379,261404769.4003824,1.9722714206001353e-17,7.853981633974483,125.66370614359172,61.68502750680849,986.9604401089358
R41,42.9,-1.4437376179461936,10.044345022344665,1.5986071604266274,0.010668392909999535,0.9999999532957021,261430270.23144153,2.7376209258129375e-17,7.853981633974483,125.66370614359172,61.68502750680849,986.9604401089358
R41,43.0,-1.4436820399760524,10.04438885643104,1.59861413683815,0.010667238085753046,0.9999999533183138,261455835.4874892,2.475664115465933e-17,7.853981633974483,125.66370614359172,61.68502750680849,986.9604401089358
R41,43.1,-1.443626517096923,10.04443277517401,1.598621126723188,0.01066607743610628,0.9999999533404197,261481465.19083872,1.8703868242383505e-17,7.853981633974483,125.66370614359172,61.68502750680849,986.9604401089358
R41,43.2,-1.4435710494882465,10.044476778505292,1.598628130070874,0.010664910959617406,0.9999999533626903,261507159.36360124,1.3500858725474304e-17,7.853981633974483,125.66370614359172,61.68502750680849,986.9604401089358
R41,43.3,-1.4435156373296028,10.044520866356201,1.5986351468702764,0.010663738859178708,0.9999999533851455,261532918.02783507,2.5772111752486333e-17,7.853981633974483,125.66370614359172,61.68502750680849,986.9604401089358
R41,43.4,-1.4434602808003862,10.044565038657407,1.5986421771103612,0.010662560839866041,0.9999999534070491,261558741.2051754,3.348837862928456e-17,7.853981633974483,125.66370614359172,61.68502750680849,986.9604401089358
R41,43.5,-1.4434049800800188,10.044609295339104,1.598649220780018,0.01066137719403661,0.9999999534293827,261584628.9172365,4.4829033960685835e-17,7.853981633974483,125.66370614359172,61.68502750680849,986.9604401089358
R41,43.6,-1.443349735347768,10.044653636331047,1.5986562778680673,0.010660187706044733,0.9999999534515133,261610581.18535805,1.8298637297714665e-17,7.853981633974483,125.66370614359172,61.68502750680849,986.9604401089358
R41,43.7,-1.443294546782797,10.04469806156216,1.5986633483631971,0.01065899247595506,0.9999999534737433,261636598.03045264,2.4816275306612587e-17,7.853981633974483,125.66370614359172,61.68502750680849,986.9604401089358
R41,43.8,-1.4432394145642575,10.04474257096123,1.598670432254073,0.010657791557972597,0.9999999534957796,261662679.4735721,1.5802300298343855e-17,7.853981633974483,125.66370614359172,61.68502750680849,986.9604401089358
R41,43.9,-1.4431843388712566,10.044787164456197,1.5986775295292268,0.010656584782976363,0.9999999535178251,261688825.53524807,2.1147280640517645e-17,7.853981633974483,125.66370614359172,61.68502750680849,986.9604401089358
R41,44.0,-1.4431293198827044,10.044831841974755,1.5986846401771504,0.010655372280988841,0.9999999535398479,261715036.23601294,8.766796483966645e-18,7.853981633974483,125.66370614359172,61.68502750680849,986.9604401089358
R41,44.1,-1.4430743577774217,10.04487660344389,1.5986917641862235,0.010654154110872944,0.9999999535620315,261741311.59605226,1.5912568238180135e-17,7.853981633974483,125.66370614359172,61.68502750680849,986.9604401089358
R41,44.2,-1.4430194527342912,10.044921448790056,1.5986989015447404,0.0106529301615699,0.9999999535838876,261767651.63533866,1.2341931416773372e-17,7.853981633974483,125.66370614359172,61.68502750680849,986.9604401089358
R41,44.3,-1.442964604931991,10.044966377939248,1.598706052240923,0.010651700382889205,0.9999999536056988,261794056.37365028,3.1999558416110205e-17,7.853981633974483,125.66370614359172,61.68502750680849,986.9604401089358
R41,44.4,-1.4429098145490302,10.045011390817036,1.5987132162629258,0.010650465024714211,0.9999999536278028,261820525.8306256,1.1954711748545413e-17,7.853981633974483,125.66370614359172,61.68502750680849,986.9604401089358
R41,44.5,-1.442855081763988,10.045056487348166,1.5987203935987715,0.01064922384095147,0.9999999536497498,261847060.02548656,2.489978340223657e-17,7.853981633974483,125.66370614359172,61.68502750680849,986.9604401089358
R41,44.6,-1.4428004067552658,10.045101667457132,1.5987275842364428,0.010647976918412565,0.9999999536715457,261873658.97738242,2.5787029570569984e-17,7.853981633974483,125.66370614359172,61.68502750680849,986.9604401089358
R41,44.7,-1.4427457897011482,10.04514693106791,1.5987347881638403,0.01064672418710335,0.999999953693255,261900322.70528382,4.091737358005862e-17,7.853981633974483,125.66370614359172,61.68502750680849,986.9604401089358
R41,44.8,-1.4426912307798703,10.045192278103693,1.5987420053687398,0.010645465842479081,0.9999999537152474,261927051.22775188,1.4344017439412383e-17,7.853981633974483,125.66370614359172,61.68502750680849,986.9604401089358
R41,44.9,-1.4426367301695566,10.045237708487463,1.5987492358388833,0.010644201637448975,0.9999999537368639,261953844.5633456,4.281016925213119e-17,7.853981633974483,125.66370614359172,61.68502750680849,986.9604401089358
R41,45.0,-1.4425822880481602,10.045283222141391,1.5987564795618843,0.010642931888657994,0.9999999537588601,261980702.73017672,1.4242177674562855e-17,7.853981633974483,125.66370614359172,61.68502750680849,986.9604401089358
R41,45.1,-1.4425279045935737,10.04532881898739,1.5987637365253142,0.010641656223262215,0.9999999537802856,262007625.74633035,2.4140452343851545e-17,7.853981633974483,125.66370614359172,61.68502750680849,986.9604401089358
R41,45.2,-1.4424735799836361,10.045374498946655,1.5987710067166316,0.010640375014691492,0.9999999538022778,262034613.62952942,2.8218350562758407e-17,7.853981633974483,125.66370614359172,61.68502750680849,986.9604401089358
R41,45.3,-1.4424193143959518,10.045420261939842,1.598778290123208,0.010639087941366148,0.999999953823603,262061666.39729506,2.5079006827905884e-17,7.853981633974483,125.66370614359172,61.68502750680849,986.9604401089358
R41,45.4,-1.442365108008243,10.045466107887357,1.5987855867323757,0.010637795193060186,0.9999999538454881,262088784.06707588,1.7380051839385126e-17,7.853981633974483,125.66370614359172,61.68502750680849,986.9604401089358
R41,45.5,-1.4423109609977163,10.045512036708745,1.59879289653133,0.010636496716849209,0.9999999538668346,262115966.65583646,1.60146167113928e-17,7.853981633974483,125.66370614359172,61.68502750680849,986.9604401089358
R41,45.6,-1.4422568735419032,10.045558048323162,1.5988002195072042,0.010635192528704493,0.9999999538886649,262143214.1804828,5.040745567818772e-17,7.853981633974483,125.66370614359172,61.68502750680849,986.9604401089358
R41,45.7,-1.442202845817953,10.045604142649367,1.598807555647068,0.01063388268891249,0.9999999539101945,262170526.65770724,3.531249759277733e-17,7.853981633974483,125.66370614359172,61.68502750680849,986.9604401089358
R41,45.8,-1.4421488780029135,10.045650319605418,1.5988149049378806,0.010632567035173828,0.9999999539315635,262197904.10389164,1.0077477019987545e-17,7.853981633974483,125.66370614359172,61.68502750680849,986.9604401089358
R41,45.9,-1.4420949702738124,10.045696579108938,1.5988222673665307,0.010631245748864827,0.9999999539530916,262225346.5352352,2.3964727806429254e-17,7.853981633974483,125.66370614359172,61.68502750680849,986.9604401089358
R41,46.0,-1.4420411228074812,10.045742921076899,1.5988296429198043,0.010629918708729326,0.9999999539744949,262252853.96763653,2.3522951687137434e-17,7.853981633974483,125.66370614359172,61.68502750680849,986.9604401089358
R41,46.1,-1.4419873357805948,10.045789345426003,1.5988370315844442,0.010628586099195892,0.9999999539961375,262280426.41690767,1.2544077427282694e-17,7.853981633974483,125.66370614359172,61.68502750680849,986.9604401089358
R41,46.2,-1.4419336093698025,10.045835852072202,1.5988444333470733,0.010627247650341405,0.9999999540173817,262308063.89849895,5.613482574027883e-18,7.853981633974483,125.66370614359172,61.68502750680849,986.9604401089358
R41,46.3,-1.4418799437515206,10.045882440931031,1.5988518481942489,0.01062590359642599,0.9999999540388639,262335766.4276957,3.4108328875936423e-17,7.853981633974483,125.66370614359172,61.68502750680849,986.9604401089358
R41,46.4,-1.4418263391021335,10.045929111917545,1.5988592761124516,0.01062455369379984,0.9999999540600774,262363534.01958054,1.3910131403640253e-17,7.853981633974483,125.66370614359172,61.68502750680849,986.9604401089358
R41,46.5,-1.441772795597847,10.045975864946035,1.5988667170880404,0.010623198193536479,0.9999999540812975,262391366.6888483,4.3998758526490414e-17,7.853981633974483,125.66370614359172,61.68502750680849,986.9604401089358
R41,46.6,-1.4417193134146216,10.046022699930589,1.5988741711073418,0.01062183707471375,0.999999954102785,262419264.4501415,3.762321817711301e-17,7.853981633974483,125.66370614359172,61.68502750680849,986.9604401089358
R41,46.7,-1.4416658927283876,10.046069616784635,1.5988816381565774,0.010620470242261853,0.9999999541240348,262447227.31780314,2.5566977832901645e-17,7.853981633974483,125.66370614359172,61.68502750680849,986.9604401089358
R41,46.8,-1.4416125337150085,10.046116615421022,1.598889118221877,0.010619097627134954,0.9999999541450857,262475255.30593964,2.9067017511505805e-17,7.853981633974483,125.66370614359172,61.68502750680849,986.9604401089358
R41,46.9,-1.4415592365500542,10.046163695752206,1.5988966112893073,0.010617719371949552,0.9999999541662642,262503348.42844263,2.4104672229018338e-17,7.853981633974483,125.66370614359172,61.68502750680849,986.9604401089358
R41,47.0,-1.4415060014090073,10.046210857690088,1.598904117344847,0.010616335516511125,0.9999999541876959,262531506.6989888,4.655277166308741e-17,7.853981633974483,125.66370614359172,61.68502750680849,986.9604401089358
R41,47.1,-1.4414528284673251,10.046258101145837,1.598911636374358,0.010614945887214197,0.9999999542085426,262559730.13084692,2.0896515179767993e-17,7.853981633974483,125.66370614359172,61.68502750680849,986.9604401089358
R41,47.2,-1.4413997179000593,10.046305426030441,1.5989191683636743,0.010613550565454427,0.9999999542298023,262588018.7373032,9.267234789085937e-18,7.853981633974483,125.66370614359172,61.68502750680849,986.9604401089358
R41,47.3,-1.4413466698823505,10.046352832254186,1.5989267132985165,0.01061214963397042,0.9999999542508268,262616372.53129888,3.6779997827160805e-17,7.853981633974483,125.66370614359172,61.68502750680849,986.9604401089358
R41,47.4,-1.4412936845890645,10.046400319726889,1.5989342711645322,0.010610743104028158,0.9999999542720498,262644791.5255235,2.6441420066407794e-17,7.853981633974483,125.66370614359172,61.68502750680849,986.9604401089358
R41,47.5,-1.4412407621949144,10.046447888357868,1.5989418419472885,0.010609330749260744,0.9999999542927315,262673275.73249483,2.6840111367715942e-17,7.853981633974483,125.66370614359172,61.68502750680849,986.9604401089358
R41,47.6,-1.4411879028745607,10.046495538055643,1.5989494256322263,0.010607912867493623,0.9999999543139172,262701825.16424847,2.1767854481588638e-17,7.853981633974483,125.66370614359172,61.68502750680849,986.9604401089358
R41,47.7,-1.4411351068022855,10.046543268728815,1.5989570222047989,0.010606489274562977,0.9999999543348795,262730439.83306074,1.7217785459183863e-17,7.853981633974483,125.66370614359172,61.68502750680849,986.9604401089358
R41,47.8,-1.4410823741525307,10.04659108028488,1.5989646316502835,0.010605059962267576,0.9999999543557844,262759119.75051126,1.605799383270329e-17,7.853981633974483,125.66370614359172,61.68502750680849,986.9604401089358
R41,47.9,-1.4410297050992973,10.046638972631088,1.5989722539539188,0.010603625113038775,0.9999999543767742,262787864.92813095,3.6964907685438487e-17,7.853981633974483,125.66370614359172,61.68502750680849,986.9604401089358
R41,48.0,-1.4409770998166036,10.04668694567415,1.598979889100857,0.010602184562794404,0.9999999543975892,262816675.3772364,2.2486801820625287e-17,7.853981633974483,125.66370614359172,61.68502750680849,986.9604401089358
R41,48.1,-1.4409245584781343,10.046734999320272,1.598987537076171,0.010600738292762188,0.9999999544184005,262845551.10887384,1.2463364105657498e-17,7.853981633974483,125.66370614359172,61.68502750680849,986.9604401089358
R41,48.2,-1.4408720812575448,10.046783133475166,1.598995197864854,0.010599286553663536,0.9999999544392723,262874492.13387355,2.1288863750356973e-17,7.853981633974483,125.66370614359172,61.68502750680849,986.9604401089358
R41,48.3,-1.4408196683282195,10.046831348043812,1.599002871451783,0.010597828934442874,0.9999999544599543,262903498.4626785,2.930904235964781e-17,7.853981633974483,125.66370614359172,61.68502750680849,986.9604401089358
R41,48.4,-1.4407673198635642,10.04687964293101,1.5990105578218068,0.010596365915433488,0.9999999544809033,262932570.10573658,8.605033439134988e-17,7.853981633974483,125.66370614359172,61.68502750680849,986.9604401089358
R41,48.5,-1.4407150360365146,10.046928018040935,1.5990182569596738,0.010594897049097766,0.9999999545013675,262961707.0731788,6.810654545543592e-17,7.853981633974483,125.66370614359172,61.68502750680849,986.9604401089358
R41,48.6,-1.4406628170200806,10.04697647327701,1.599025968850014,0.010593422650439515,0.9999999545221062,262990909.3746737,4.616760983693562e-17,7.853981633974483,125.66370614359172,61.68502750680849,986.9604401089358
R41,48.7,-1.4406106629869027,10.047025008542525,1.5990336934774347,0.010591942701807393,0.9999999545431223,263020177.01995152,1.9094142148273977e-17,7.853981633974483,125.66370614359172,61.68502750680849,986.9604401089358
R41,48.8,-1.4405585741097395,10.047073623739879,1.5990414308264032,0.010590456914987023,0.999999954563343,263049510.01829645,6.325727311653707e-17,7.853981633974483,125.66370614359172,61.68502750680849,986.9604401089358
R41,48.9,-1.440506550560718,10.047122318771386,1.5990491808813716,0.010588965662236018,0.9999999545841963,263078908.37893835,3.634629713881181e-17,7.853981633974483,125.66370614359172,61.68502750680849,986.9604401089358
R41,49.0,-1.440454592512203,10.047171093538447,1.5990569436266473,0.010587468710315816,0.9999999546047337,263108372.11065403,4.3694440276415674e-17,7.853981633974483,125.66370614359172,61.68502750680849,986.9604401089358
R41,49.1,-1.4404027001362623,10.047219947942054,1.5990647190464733,0.01058596629639016,0.9999999546253839,263137901.22205675,3.3196675404936117e-17,7.853981633974483,125.66370614359172,61.68502750680849,986.9604401089358
R41,49.2,-1.4403508736044957,10.047268881882946,1.5990725071250513,0.010584458131422983,0.9999999546456545,263167495.72159114,1.181380966303125e-17,7.853981633974483,125.66370614359172,61.68502750680849,986.9604401089358
R41,49.3,-1.440299113088708,10.047317895261084,1.5990803078464595,0.010582944259902577,0.9999999546661392,263197155.6174335,3.378392270630497e-17,7.853981633974483,125.66370614359172,61.68502750680849,986.9604401089358
R41,49.4,-1.4402474187603436,10.047366987975956,1.599088121194701,0.010581424889605517,0.9999999546868209,263226880.9174253,1.655295355697143e-17,7.853981633974483,125.66370614359172,61.68502750680849,986.9604401089358
R41,49.5,-1.4401957907905927,10.047416159926676,1.5990959471537198,0.010579900023671138,0.99999995470725,263256671.62927228,2.3955633603768197e-18,7.853981633974483,125.66370614359172,61.68502750680849,986.9604401089358
R41,49.6,-1.4401442293504938,10.04746541101173,1.5991037857073587,0.010578369379758349,0.9999999547276133,263286527.76035127,4.3913209202165946e-17,7.853981633974483,125.66370614359172,61.68502750680849,986.9604401089358
R41,49.7,-1.4400927346109884,10.047514741128968,1.5991116368393603,0.010576833155877994,0.9999999547478807,263316449.31776488,1.4078757490512614e-17,7.853981633974483,125.66370614359172,61.68502750680849,986.9604401089358
R41,49.8,-1.4400413067426288,10.04756415017618,1.5991195005334577,0.010575291469101834,0.9999999547684654,263346436.3086087,7.023822764360505e-17,7.853981633974483,125.66370614359172,61.68502750680849,986.9604401089358
R41,49.9,-1.4399899459160428,10.047613638050105,1.599127376773216,0.010573744013534869,0.9999999547886077,263376488.73938274,3.645450162216195e-17,7.853981633974483,125.66370614359172,61.68502750680849,986.9604401089358
R41,50.0,-1.4399386523013444,10.047663204647339,1.599135265542178,0.010572191127520647,0.999999954809026,263406606.61658415,1.1259961581986001e-17,7.853981633974483,125.66370614359172,61.68502750680849,986.9604401089358
R55,40.0,-5.160293741186565,29.102589129132785,4.631820916673941,0.8992851837978731,1.0,11007368.000762288,6.94898016639986e-17,7.853981633974483,125.66370614359172,61.68502750680849,986.9604401089358
R55,40.1,-5.094997938587125,29.065290590845855,4.625884669935473,0.8994703571310461,0.9999977725720683,11002020.251758505,1.0208107775193002e-15,7.853981633974483,125.66370614359172,61.68502750680849,986.9604401089358
R55,40.2,-5.030159372129494,29.028050686919265,4.619957755145289,0.8996539471416257,0.9999977928701654,10996704.840871016,1.0017257901663301e-15,7.853981633974483,125.66370614359172,61.68502750680849,986.9604401089358
R55,40.3,-4.965773954197048,28.990869654745847,4.614040210085631,0.8998359669083369,0.9999978128957988,10991421.730668634,1.0100688854222211e-15,7.853981633974483,125.66370614359172,61.68502750680849,986.9604401089358
R55,40.4,-4.901837640959831,28.95374772600856,4.608132071629987,0.9000164287635968,0.9999978326512011,10986170.87917527,1.0295787735165016e-15,7.853981633974483,125.66370614359172,61.68502750680849,986.9604401089358
R55,40.5,-4.838346432018003,28.916685126632533,4.602233375735457,0.9001953457015623,0.9999978521427646,10980952.238155901,1.0117839235536428e-15,7.853981633974483,125.66370614359172,61.68502750680849,986.9604401089358
R55,40.6,-4.7752963699217394,28.879682076789567,4.596344157443474,0.9003727307809469,0.9999978713733519,10975765.754370319,1.0450327835902626e-15,7.853981633974483,125.66370614359172,61.68502750680849,986.9604401089358
R55,40.7,-4.712683539661232,28.842738791043708,4.590464450902964,0.9005485966412224,0.9999978903494559,10970611.369745549,1.0364384480230649e-15,7.853981633974483,125.66370614359172,61.68502750680849,986.9604401089358
R55,40.8,-4.650504068205516,28.80585547839026,4.584594289376564,0.9007229553966657,0.9999979090717107,10965489.021020494,1.0585384482160638e-15,7.853981633974483,125.66370614359172,61.68502750680849,986.9604401089358
R55,40.9,-4.588754123982719,28.769032342356677,4.578733705256673,0.9008958198400439,0.9999979275487687,10960398.640604755,1.0520278438119045e-15,7.853981633974483,125.66370614359172,61.68502750680849,986.9604401089358
R55,41.0,-4.527429916474233,28.73226958105898,4.572882730074437,0.9010672026263317,0.9999979457825006,10955340.155651443,1.0477041098917057e-15,7.853981633974483,125.66370614359172,61.68502750680849,986.9604401089358
R55,41.1,-4.466527695659757,28.695567387284107,4.56704139451285,0.9012371153389532,0.9999979637776832,10950313.490075171,1.0615209654717425e-15,7.853981633974483,125.66370614359172,61.68502750680849,986.9604401089358
R55,41.2,-4.406043751614034,28.658925948564942,4.561209728418696,0.9014055709459191,0.9999979815353524,10945318.562861321,1.0717209195633077e-15,7.853981633974483,125.66370614359172,61.68502750680849,986.9604401089358
R55,41.3,-4.345974413998129,28.62234544725884,4.555387760815051,0.9015725813018625,0.9999979990656351,10940355.290089244,1.064882942964792e-15,7.853981633974483,125.66370614359172,61.68502750680849,986.9604401089358
R55,41.4,-4.2863160516476855,28.58582606058732,4.549575519907593,0.901738158586723,0.9999980163658784,10935423.582388878,1.064462438756106e-15,7.853981633974483,125.66370614359172,61.68502750680849,986.9604401089358
R55,41.5,-4.227065072069847,28.549367960731878,4.543773033099862,0.9019023142691428,0.9999980334444707,10930523.347794699,1.0738137455558652e-15,7.853981633974483,125.66370614359172,61.68502750680849,986.9604401089358
R55,41.6,-4.1682179210338814,28.51297131491851,4.5379803270067,0.9020650611550296,0.9999980503012877,10925654.49141524,1.0695553433601795e-15,7.853981633974483,125.66370614359172,61.68502750680849,986.9604401089358
R55,41.7,-4.109771082102123,28.476636285429525,4.532197427456138,0.9022264100833636,0.999998066943288,10920816.913682107,1.087336705844974e-15,7.853981633974483,125.66370614359172,61.68502750680849,986.9604401089358
R55,41.8,-4.051721076197581,28.44036302972252,4.526424359508332,0.9023863736469044,0.9999980833734154,10916010.513044998,1.0905332711024883e-15,7.853981633974483,125.66370614359172,61.68502750680849,986.9604401089358
R55,41.9,-3.99406446117109,28.404151700470702,4.520661147461977,0.9025449626514219,0.9999980995928419,10911235.184253043,1.1025482515009395e-15,7.853981633974483,125.66370614359172,61.68502750680849,986.9604401089358
R55,42.0,-3.936797831347336,28.368002445625585,4.514907814864288,0.9027021892263131,0.9999981156072548,10906490.819174668,1.0955326955123316e-15,7.853981633974483,125.66370614359172,61.68502750680849,986.9604401089358
R55,42.1,-3.8799178171400057,28.331915408483983,4.509164384521661,0.9028580647716818,0.999998131419241,10901777.307421215,1.0924114966856124e-15,7.853981633974483,125.66370614359172,61.68502750680849,986.9604401089358
R55,42.2,-3.8234210845886745,28.295890727751704,4.503430878509811,0.9030126003533582,0.9999981470328737,10897094.535515359,1.1125908988526892e-15,7.853981633974483,125.66370614359172,61.68502750680849,986.9604401089358
R55,42.3,-3.7673043349656963,28.25992853762609,4.49770731818691,0.9031658076401243,0.9999981624495348,10892442.387856593,1.1221298390664336e-15,7.853981633974483,125.66370614359172,61.68502750680849,986.9604401089358
R55,42.4,-3.711564304339918,28.2240289678007,4.491993724194326,0.9033176973382842,0.9999981776740932,10887820.745977273,1.117274665264204e-15,7.853981633974483,125.66370614359172,61.68502750680849,986.9604401089358
R55,42.5,-3.6561977631941596,28.188192143579432,4.4862901164747955,0.9034682808105852,0.9999981927094831,10883229.489176512,1.11723147257208e-15,7.853981633974483,125.66370614359172,61.68502750680849,986.9604401089358
R55,42.6,-3.6012015160010087,28.1524181859104,4.480596514277809,0.9036175690131114,0.9999982075577182,10878668.495173836,1.1297184977417186e-15,7.853981633974483,125.66370614359172,61.68502750680849,986.9604401089358
R55,42.7,-3.5465724008221358,28.116707211459254,4.474912936171281,0.9037655728762298,0.9999982222227545,10874137.639255926,1.0979575505410864e-15,7.853981633974483,125.66370614359172,61.68502750680849,986.9604401089358
R55,42.8,-3.492307288924986,28.081059332634386,4.469239400045562,0.9039123033638709,0.9999982367069341,10869636.79483645,1.1170629907259397e-15,7.853981633974483,125.66370614359172,61.68502750680849,986.9604401089358
R55,42.9,-3.4384030843809024,28.04547465768327,4.463575923128774,0.9040577710637421,0.9999982510129407,10865165.833355488,1.1088820444050482e-15,7.853981633974483,125.66370614359172,61.68502750680849,986.9604401089358
R55,43.0,-3.3848567236822578,28.00995329073135,4.4579225219929945,0.9042019863653155,0.9999982651457807,10860724.624602715,1.1356890027719629e-15,7.853981633974483,125.66370614359172,61.68502750680849,986.9604401089358
R55,43.1,-3.3316651753551074,27.974495331836973,4.452279212563005,0.9043449602779645,0.9999982791033899,10856313.036770659,1.1321790086963645e-15,7.853981633974483,125.66370614359172,61.68502750680849,986.9604401089358
R55,43.2,-3.278825439585923,27.9391008770452,4.4466460101248515,0.9044867029471914,0.9999982928955511,10851930.936873194,1.1488079214357665e-15,7.853981633974483,125.66370614359172,61.68502750680849,986.9604401089358
R55,43.3,-3.2263345478457506,27.90377001844893,4.441022929335575,0.9046272250221855,0.9999983065184905,10847578.189439243,1.14923212895103e-15,7.853981633974483,125.66370614359172,61.68502750680849,986.9604401089358
R55,43.4,-3.1741895625096457,27.868502844235216,4.43540998423058,0.9047665364113905,0.9999983199772322,10843254.65907881,1.1410739101503097e-15,7.853981633974483,125.66370614359172,61.68502750680849,986.9604401089358
R55,43.5,-3.1223875765223417,27.833299438737242,4.4298071882319086,0.9049046477527213,0.9999983332749028,10838960.207609402,1.1368899090308363e-15,7.853981633974483,125.66370614359172,61.68502750680849,986.9604401089358
R55,43.6,-3.0709257129909395,27.798159882504986,4.424214554159489,0.9050415685441404,0.9999983464135596,10834694.697035678,1.1266041130110307e-15,7.853981633974483,125.66370614359172,61.68502750680849,986.9604401089358
R55,43.7,-3.0198011248707757,27.763084252332668,4.418632094235502,0.9051773094350573,0.9999983593966104,10830457.986969423,1.1579421941468107e-15,7.853981633974483,125.66370614359172,61.68502750680849,986.9604401089358
R55,43.8,-2.9690109945724807,27.728072621330217,4.413059820095752,0.9053118802222766,0.9999983722229224,10826249.93709973,1.1503310359815894e-15,7.853981633974483,125.66370614359172,61.68502750680849,986.9604401089358
R55,43.9,-2.9185525336622127,27.693125058954188,4.407497742794595,0.9054452905236939,0.9999983848995068,10822070.40541849,1.15187312360561e-15,7.853981633974483,125.66370614359172,61.68502750680849,986.9604401089358
R55,44.0,-2.8684229824643848,27.65824163108636,4.40194587281744,0.9055775499020693,0.9999983974263636,10817919.24948701,1.1573584483234481e-15,7.853981633974483,125.66370614359172,61.68502750680849,986.9604401089358
R55,44.1,-2.8186196097523006,27.623422400059106,4.396404220084794,0.9057086687578803,0.9999984098058534,10813796.325073212,1.1302902549069422e-15,7.853981633974483,125.66370614359172,61.68502750680849,986.9604401089358
R55,44.2,-2.769139712411024,27.58866742470741,4.3908727939605345,0.9058386559792506,0.9999984220410084,10809701.488412252,1.1244451138379042e-15,7.853981633974483,125.66370614359172,61.68502750680849,986.9604401089358
R55,44.3,-2.7199806150983648,27.553976760432402,4.385351603262026,0.9059675213118682,0.9999984341318838,10805634.59465209,1.1389937687048205e-15,7.853981633974483,125.66370614359172,61.68502750680849,986.9604401089358
R55,44.4,-2.6711396699067538,27.519350459240393,4.379840656266329,0.9060952743209764,0.9999984460842214,10801595.497902313,1.153209517525036e-15,7.853981633974483,125.66370614359172,61.68502750680849,986.9604401089358
R55,44.5,-2.6226142560497943,27.48478856979363,4.374339960718281,0.9062219240075766,0.9999984578972428,10797584.051991384,1.1611634971651965e-15,7.853981633974483,125.66370614359172,61.68502750680849,986.9604401089358
R55,44.6,-2.5744017795549876,27.450291137451067,4.3688495238369836,0.9063474799535463,0.9999984695741184,10793600.110142695,1.1811983310876448e-15,7.853981633974483,125.66370614359172,61.68502750680849,986.9604401089358
R55,44.7,-2.5264996729121916,27.415858204320422,4.363369352324089,0.9064719510920157,0.9999984811164545,10789643.525194898,1.1735644849339533e-15,7.853981633974483,125.66370614359172,61.68502750680849,986.9604401089358
R55,44.8,-2.478905394790047,27.381489809316598,4.357899452373095,0.9065953464935944,0.9999984925277635,10785714.149701366,1.1641069771489031e-15,7.853981633974483,125.66370614359172,61.68502750680849,986.9604401089358
R55,44.9,-2.431616429719885,27.34718598817193,4.352439829670981,0.9067176753242874,0.9999985038073632,10781811.835184325,1.1674448540757528e-15,7.853981633974483,125.66370614359172,61.68502750680849,986.9604401089358
R55,45.0,-2.384630287784817,27.31294677353531,4.346990489413979,0.906838946407261,0.9999985149593469,10777936.433850225,1.145127529252504e-15,7.853981633974483,125.66370614359172,61.68502750680849,986.9604401089358
R55,45.1,-2.3379445043240725,27.278772194968433,4.341551436306978,0.9069591685290682,0.999998525985823,10774087.796641465,1.1494287311180252e-15,7.853981633974483,125.66370614359172,61.68502750680849,986.9604401089358
R55,45.2,-2.2915566396309113,27.24466227900971,4.336122674573698,0.9070783503270918,0.9999985368859992,10770265.775133217,1.1802522880517102e-15,7.853981633974483,125.66370614359172,61.68502750680849,986.9604401089358
R55,45.3,-2.2454642786565997,27.21061704923125,4.3307042079657565,0.9071965006095801,0.9999985476654072,10766470.220008653,1.1791099876715604e-15,7.853981633974483,125.66370614359172,61.68502750680849,986.9604401089358
R55,45.4,-2.199665030725593,27.17663652627059,4.32529603976772,0.9073136280009436,0.9999985583224549,10762700.98288127,1.153880319418241e-15,7.853981633974483,125.66370614359172,61.68502750680849,986.9604401089358
R55,45.5,-2.1541565292540734,27.142720727853384,4.3198981728007135,0.9074297410239529,0.9999985688622315,10758957.913444214,1.1618876454759189e-15,7.853981633974483,125.66370614359172,61.68502750680849,986.9604401089358
R55,45.6,-2.1089364314460575,27.108869668877983,4.314510609435883,0.9075448478489788,0.9999985792824516,10755240.863372449,1.1646500544366962e-15,7.853981633974483,125.66370614359172,61.68502750680849,986.9604401089358
R55,45.7,-2.064002418042434,27.075083361433634,4.309133351597293,0.9076589570606028,0.9999985895884137,10751549.68277921,1.150559549964849e-15,7.853981633974483,125.66370614359172,61.68502750680849,986.9604401089358
R55,45.8,-2.0193521930223177,27.041361814843487,4.303766400768767,0.9077720770200515,0.9999985997806544,10747884.222641556,1.1632646079773033e-15,7.853981633974483,125.66370614359172,61.68502750680849,986.9604401089358
R55,45.9,-1.9749834833214184,27.00770503569605,4.2984097579989,0.907884215452535,0.9999986098609597,10744244.334012082,1.1670175403043378e-15,7.853981633974483,125.66370614359172,61.68502750680849,986.9604401089358
R55,46.0,-1.9308940386080877,26.974113027926332,4.293063423913968,0.9079953810330689,0.9999986198297076,10740629.86722708,1.1726381261858272e-15,7.853981633974483,125.66370614359172,61.68502750680849,986.9604401089358
R55,46.1,-1.8870816309604257,26.940585792806132,4.287727398716384,0.9081055815297657,0.9999986296895196,10737040.673427653,1.140026488554342e-15,7.853981633974483,125.66370614359172,61.68502750680849,986.9604401089358
R55,46.2,-1.8435440546551407,26.90712332900996,4.282401682195189,0.9082148248587635,0.999998639442309,10733476.604141245,1.164398616166408e-15,7.853981633974483,125.66370614359172,61.68502750680849,986.9604401089358
R55,46.3,-1.8002791258638464,26.87372563266589,4.277086273734149,0.9083231190156245,0.9999986490897347,10729937.510154523,1.171870963839855e-15,7.853981633974483,125.66370614359172,61.68502750680849,986.9604401089358
R55,46.4,-1.7572846824271722,26.84039269737344,4.271781172314593,0.9084304716067741,0.9999986586318287,10726423.243552813,1.1622123209524992e-15,7.853981633974483,125.66370614359172,61.68502750680849,986.9604401089358
R55,46.5,-1.7145585835870787,26.807124514249384,4.266486376522713,0.9085368907481877,0.9999986680714551,10722933.65583279,1.1626538725320403e-15,7.853981633974483,125.66370614359172,61.68502750680849,986.9604401089358
R55,46.6,-1.6720987097443956,26.77392107196883,4.261201884556097,0.9086423837606994,0.9999986774095891,10719468.599097358,1.1523396129228184e-15,7.853981633974483,125.66370614359172,61.68502750680849,986.9604401089358
R55,46.7,-1.6299029622173586,26.740782356803006,4.255927694229741,0.9087469583824972,0.9999986866480683,10716027.925580462,1.1566338204044037e-15,7.853981633974483,125.66370614359172,61.68502750680849,986.9604401089358
R55,46.8,-1.5879692629772524,26.70770835265148,4.250663802981184,0.9088506221549765,0.9999986957877565,10712611.488202639,1.1807172736255975e-15,7.853981633974483,125.66370614359172,61.68502750680849,986.9604401089358
R55,46.9,-1.5462955544245238,26.67469904110617,4.2454102078806875,0.9089533825949238,0.99999870482916,10709219.139715178,1.1419627793967192e-15,7.853981633974483,125.66370614359172,61.68502750680849,986.9604401089358
R55,47.0,-1.504879799162308,26.641754401440704,4.240166905629548,0.9090552469065493,0.999998713776788,10705850.733256062,1.1409388570943817e-15,7.853981633974483,125.66370614359172,61.68502750680849,986.9604401089358
R55,47.1,-1.463719979733436,26.608874410687477,4.234933892572355,0.9091562225410855,0.999998722629313,10702506.123106295,1.161839960688545e-15,7.853981633974483,125.66370614359172,61.68502750680849,986.9604401089358
R55,47.2,-1.4228140984093556,26.576059043654155,4.229711164699627,0.9092563165103389,0.9999987313881366,10699185.162969166,1.1500976203795288e-15,7.853981633974483,125.66370614359172,61.68502750680849,986.9604401089358
R55,47.3,-1.3821601769654783,26.543308272970794,4.224498717655302,0.9093555363597556,0.9999987400542198,10695887.707636219,1.1645359018962656e-15,7.853981633974483,125.66370614359172,61.68502750680849,986.9604401089358
R55,47.4,-1.3417562564310899,26.510622069115257,4.219296546740783,0.9094538888850081,0.9999987486321762,10692613.611899251,1.1541617032991213e-15,7.853981633974483,125.66370614359172,61.68502750680849,986.9604401089358
R55,47.5,-1.301600396894125,26.478000400451798,4.214104646921088,0.9095513811501096,0.9999987571195148,10689362.731536899,1.1549606030935494e-15,7.853981633974483,125.66370614359172,61.68502750680849,986.9604401089358
R55,47.6,-1.2616906772716312,26.445443233271643,4.208923012831297,0.9096480203758627,0.9999987655188365,10686134.922264094,1.1582731338259579e-15,7.853981633974483,125.66370614359172,61.68502750680849,986.9604401089358
R55,47.7,-1.222025195088021,26.412950531816573,4.2037516387803135,0.9097438131794443,0.9999987738309144,10682930.04052306,1.1376012301613632e-15,7.853981633974483,125.66370614359172,61.68502750680849,986.9604401089358
R55,47.8,-1.1826020662649468,26.380522258320948,4.198590518757549,0.9098387666832801,0.9999987820578622,10679747.94321542,1.1435089771519137e-15,7.853981633974483,125.66370614359172,61.68502750680849,986.9604401089358
R55,47.9,-1.1434194249052974,26.348158373042274,4.193439646437789,0.9099328873626108,0.9999987902002012,10676588.487914858,1.141858092630909e-15,7.853981633974483,125.66370614359172,61.68502750680849,986.9604401089358
R55,48.0,-1.104475423104877,26.315858834292385,4.188299015186156,0.9100261820955194,0.9999987982592973,10673451.532525409,1.143793595718938e-15,7.853981633974483,125.66370614359172,61.68502750680849,986.9604401089358
R55,48.1,-1.0657682307117315,26.283623598477632,4.183168618064505,0.9101186573037522,0.9999988062366364,10670336.935518708,1.1360987459756601e-15,7.853981633974483,125.66370614359172,61.68502750680849,986.9604401089358
R55,48.2,-1.0272960351540223,26.251452620121018,4.178048447834947,0.9102103201039882,0.999998814131073,10667244.556289805,1.1350187199622375e-15,7.853981633974483,125.66370614359172,61.68502750680849,986.9604401089358
R55,48.3,-0.9890570412195341,26.219345851899277,4.1729384969657515,0.9103011763921582,0.9999988219474681,10664174.254081817,1.1546182601292548e-15,7.853981633974483,125.66370614359172,61.68502750680849,986.9604401089358
R55,48.4,-0.9510494708710661,26.187303244675007,4.167838757636457,0.9103912330993144,0.9999988296839928,10661125.889539089,1.1499107891093045e-15,7.853981633974483,125.66370614359172,61.68502750680849,986.9604401089358
R55,48.5,-0.9132715630355488,26.1553247475242,4.162749221742256,0.9104804963042219,0.9999988373428901,10658099.32358248,1.1403638864801389e-15,7.853981633974483,125.66370614359172,61.68502750680849,986.9604401089358
R55,48.6,-0.8757215734293907,26.123410307777338,4.157669880900534,0.9105689724641493,0.9999988449252057,10655094.417197289,1.1276184970263877e-15,7.853981633974483,125.66370614359172,61.68502750680849,986.9604401089358
R55,48.7,-0.8383977743544242,26.091559871035845,4.15260072645349,0.9106566678654231,0.9999988524313145,10652111.032944676,1.1319215806345944e-15,7.853981633974483,125.66370614359172,61.68502750680849,986.9604401089358
R55,48.8,-0.8012984545090603,26.059773381207897,4.147541749473832,0.9107435888343587,0.9999988598627371,10649149.03329446,1.1199406113586785e-15,7.853981633974483,125.66370614359172,61.68502750680849,986.9604401089358
R55,48.9,-0.7644219188154797,26.028050780544678,4.14249294077055,0.9108297414488616,0.9999988672206852,10646208.281716218,1.1500169910115008e-15,7.853981633974483,125.66370614359172,61.68502750680849,986.9604401089358
R55,49.0,-0.7277664882167388,25.996392009654805,4.137454290891213,0.9109151315442615,0.9999988745054438,10643288.642225368,1.140756780499176e-15,7.853981633974483,125.66370614359172,61.68502750680849,986.9604401089358
R55,49.1,-0.6913304995083551,25.964797007552786,4.132425790129678,0.910999765566378,0.9999988817192272,10640389.979326926,1.1206180078965533e-15,7.853981633974483,125.66370614359172,61.68502750680849,986.9604401089358
R55,49.2,-0.6551123051681514,25.933265711669318,4.127407428527731,0.9110836492830576,0.9999988888605194,10637512.158698987,1.141041957807471e-15,7.853981633974483,125.66370614359172,61.68502750680849,986.9604401089358
R55,49.3,-0.6191102731510605,25.901798057894013,4.122399195881887,0.9111667886553692,0.9999988959335111,10634655.045953004,1.1137790815095223e-15,7.853981633974483,125.66370614359172,61.68502750680849,986.9604401089358
R55,49.4,-0.5833227867502109,25.870393980592638,4.1174010817461335,0.911249189565132,0.9999989029360616,10631818.507720098,1.1330467558527485e-15,7.853981633974483,125.66370614359172,61.68502750680849,986.9604401089358
R55,49.5,-0.5477482443884888,25.839053412637526,4.11241307543677,0.9113308577587109,0.9999989098715347,10629002.411584817,1.1259766621047135e-15,7.853981633974483,125.66370614359172,61.68502750680849,986.9604401089358
R55,49.6,-0.5123850594804903,25.807776285442287,4.107435166037933,0.9114117989960137,0.999998916739054,10626206.625556333,1.1098564854803706e-15,7.853981633974483,125.66370614359172,61.68502750680849,986.9604401089358
R55,49.7,-0.47723166024785824,25.776562528978456,4.102467342404248,0.9114920192470657,0.9999989235401219,10623431.018075818,1.1028628017371836e-15,7.853981633974483,125.66370614359172,61.68502750680849,986.9604401089358
R55,49.8,-0.442286489555478,25.745412071804857,4.097509593165498,0.9115715237970298,0.9999989302764413,10620675.458775986,1.116362123926788e-15,7.853981633974483,125.66370614359172,61.68502750680849,986.9604401089358
R55,49.9,-0.4075480047500785,25.714324841100115,4.0925619067318,0.91165031856292,0.9999989369467883,10617939.81779553,1.1064110424837238e-15,7.853981633974483,125.66370614359172,61.68502750680849,986.9604401089358
R55,50.0,-0.37301467749395156,25.68330076268354,4.0876242712969315,0.9117284089996925,0.9999989435544718,10615223.965667307,1.1173351881426593e-15,7.853981633974483,125.66370614359172,61.68502750680849,986.9604401089358
