map,g,y,k,t,N_BASE,bandmax_BASE,base_abscissa,N_2,bandmax_2,N_3,bandmax_3,N_4,bandmax_4,N_2+3,bandmax_2+3,N_2+4,bandmax_2+4,N_3+4,bandmax_3+4,N_2+3+4,bandmax_2+3+4,label,kappa,nearest_node_label,match
K12A,0.5527370314920876,1.3850572450028493,1.3850572450028493,1.0,0,-0.14634859761596652,-0.1119452255426851,1.0,0.04394637645334552,0.0,-0.14968580649160612,0.0,-0.15909189428060577,0.0,-0.022671409128607344,1.0,0.06851059723795799,0.0,-0.3798782801880102,0.0,-5.201901154715049,2,1.0,2,True
K12A,0.03675481513439681,1.470634877746924,1.470634877746924,1.0,0,-0.1466084744184427,-0.1088968331666405,0.0,-0.02073031989535079,0.0,-0.17725577616510854,0.0,-0.11551975345766047,1.0,0.02377574043642816,1.0,1.72279871178073,0.0,-0.4146285300213385,0.0,-625.768160590025,2+3|2+4,2.0,2,False
K12A,0.06056589718219493,1.407192161326446,1.407192161326446,1.0,0,-0.14641475430095335,-0.1111748350669027,0.0,-0.2665767692423496,0.0,-0.16970649245758454,0.0,-0.20659990176573984,1.0,0.05677364419129893,1.0,1.3231627434214834,0.0,-0.3851866860477027,0.0,-624.719953798187,2+3|2+4,2.0,2+3|2+4,True
K12A,0.16761533667214193,1.7731618941520337,1.7731618941520337,1.0,0,-0.14762401135986103,-0.09706988343985623,1.0,0.17390384542566645,0.0,-0.14696643450862046,0.0,-0.11813800279217179,1.0,0.0006775565864231003,1.0,0.5248933096799264,0.0,-0.33991976480025354,0.0,-inf,2,1.0,2,True
K12A,0.4635343362320329,0.9037610397662985,0.9037610397662985,1.0,0,-0.14507157650967062,-0.12221423745345465,1.0,0.06141803933364526,0.0,-0.14971686280121455,0.0,-0.1522053661513998,0.0,-0.02505642269853947,1.0,0.09888294426859329,0.0,-0.37477447367268013,0.0,-4.7549770394226165,2,1.0,2,True
K12A,0.009953853117396144,1.6438237838726206,1.6438237838726206,1.0,0,-0.14717021561122268,-0.10227553318636456,1.0,0.36568730135502175,1.0,0.1319563747106254,1.0,0.17376194586932853,0.0,-0.13445139135450002,1.0,2.3626558774002366,0.0,-0.4534130257314066,0.0,-inf,2|3|4,1.0,2|3|4,True
K12A,0.19286246012474623,1.84243972315994,1.84243972315994,1.0,0,-0.14788026014674993,-0.0942208074002081,1.0,0.17878985356463747,0.0,-0.1459296126130738,0.0,-0.11378608647787894,0.0,-0.004233893549024814,1.0,0.43818034615941914,0.0,-0.3410004320283806,0.0,-inf,2,1.0,2,True
K12A,0.8592927243179003,0.8832568395773602,0.8832568395773602,1.0,0,-0.14502327645932178,-0.12213940674504634,0.0,-0.015148619668552576,0.0,-0.15152239913039645,0.0,-0.17634304191259603,0.0,-0.043626247175547896,0.0,-0.008365098689377098,0.0,-0.39422808660634145,0.0,-7.553705836293038,EMPTY,-1.0,EMPTY,True
K12A,0.1974906178159344,1.2384593426950052,1.2384593426950052,1.0,0,-0.1459281726963475,-0.11663297545961696,1.0,0.14394780312069538,0.0,-0.14865197096905733,0.0,-0.12218776125536443,0.0,-0.009184721539672758,1.0,0.4102732393519174,0.0,-0.34330958876108153,0.0,-inf,2,1.0,2,True
K12A,0.37924298918926613,0.593398003154401,0.593398003154401,1.0,0,-0.1443853780185433,-0.10883491941229326,1.0,0.08093527668833439,0.0,-0.14976519084914997,0.0,-0.144127491329047,0.0,-0.026651354085240497,1.0,0.14297549706807203,0.0,-0.3678305297434906,0.0,-4.319035174711601,2,1.0,2,True
K12A,0.0003673682837009195,0.7226370477755346,0.7226370477755346,1.0,0,-0.14465982833049507,-0.11836365049383793,0.0,-0.46729036193331064,0.0,-0.18365936076023093,0.0,-0.24907441590599494,0.0,-0.22133167026810796,0.0,-1.20199999410994,0.0,-0.4692718367986586,0.0,-inf,EMPTY,-1.0,EMPTY,True
K12A,0.15132219080666978,1.2147301762709433,1.2147301762709433,1.0,0,-0.14586289253891305,-0.11730768911727985,1.0,0.12296661900031663,0.0,-0.1513106438756711,0.0,-0.13153193140653108,1.0,0.0043820328540923326,1.0,0.5750162676738029,0.0,-0.3417999171294266,0.0,-inf,2,1.0,2,True
K12A,0.1709076188150451,0.7259383660622802,0.7259383660622802,1.0,0,-0.1446670421569073,-0.11851416801963867,1.0,0.10536822879634711,0.0,-0.15238338636399057,0.0,-0.13194663654321082,0.0,-0.004978531405404163,1.0,0.47829801737834465,0.0,-0.34304774350152356,0.0,-inf,2,1.0,2,True
K12A,0.6608340185920648,1.9303762323244062,1.9303762323244062,1.0,0,-0.09055974081402013,-0.09055974081402013,1.0,0.025273997329166797,0.0,-0.14977054668471354,0.0,-0.16591183787432118,0.0,-0.021841890875747956,1.0,0.04196017270938528,0.0,-0.38442106661245523,0.0,-5.679127203445177,2,1.0,2,True
K12A,0.6097245025833952,1.4454325722519188,1.4454325722519188,1.0,0,-0.14653078151753934,-0.10981336571311517,1.0,0.03118644210188601,0.0,-0.1499719933566495,0.0,-0.1633116880405393,0.0,-0.024540545160028238,1.0,0.05112852767041743,0.0,-0.38304958529301225,0.0,-5.480489627922321,2,1.0,2,True
K12A,0.8545840713162798,1.4447608243504149,1.4447608243504149,1.0,0,-0.1465287241669176,-0.10983759446518998,0.0,-0.010412920593786318,0.0,-0.15106766350680667,0.0,-0.1759014124545169,0.0,-0.038078713385146123,0.0,-0.0029154713961812642,0.0,-0.392868176324062,0.0,-7.5327758967313985,EMPTY,-1.0,EMPTY,True
K12A,0.13512800652535603,1.5448520290577625,1.5448520290577625,1.0,0,-0.1468431076142247,-0.10612117059191883,1.0,0.13444471170713512,0.0,-0.15087103456911946,0.0,-0.13439011461850459,1.0,0.011962082599475066,1.0,0.6711835681698493,0.0,-0.34261915695447137,0.0,-inf,2,1.0,2,True
K12A,0.08747666868522996,1.6829336520109093,1.6829336520109093,1.0,0,-0.1473041856934525,-0.10071983334934867,1.0,0.02783776986101244,0.0,-0.15921978155150857,0.0,-0.1751020964007315,1.0,0.038613572933202334,1.0,1.0420193672652722,0.0,-0.36107053249390386,0.0,-inf,2,1.0,2,True
K12A,0.25185773123015975,1.1252277118838632,1.1252277118838632,1.0,0,-0.145623222212642,-0.11956973288153681,1.0,0.13302093706637147,0.0,-0.14829442156706205,0.0,-0.12534631573519883,0.0,-0.016903831326755325,1.0,0.2888366443873832,0.0,-0.3502945105457016,0.0,-inf,2,1.0,2,True
K12A,0.006833670167435212,0.9969769933061061,0.9969769933061061,1.0,0,-0.14529691767622555,-0.1217619604891562,0.0,-0.46530675076084693,0.0,-0.18319257936972283,0.0,-0.2493606806262042,0.0,-0.15000288506186976,0.0,-1.2882835189757722,0.0,-0.45922746057279706,0.0,-inf,EMPTY,-1.0,EMPTY,True
K12A,0.6791651787295544,0.6483051246599394,0.6483051246599394,1.0,0,-0.14450011307474042,-0.1138498695570318,1.0,0.009469710862193947,0.0,-0.1510954346652506,0.0,-0.16869758382770839,0.0,-0.0362764957925053,1.0,0.025144953954177235,0.0,-0.3883721849743065,0.0,-5.781693534080739,2,1.0,2,True
K12A,2.284962064391767e-05,0.7261408910990563,0.7261408910990563,1.0,0,-0.14466748501387938,-0.11852327846704663,0.0,-0.46742589560837955,0.0,-0.1836784103745413,0.0,-0.24930370292563975,0.0,-0.225684232832334,0.0,-1.199519523101709,0.0,-0.4697672007081919,0.0,-inf,EMPTY,-1.0,EMPTY,True
K12A,0.0008659166384455973,1.1350861328651987,1.1350861328651987,1.0,0,-0.14564912492621473,-0.11934528653537767,0.0,-0.4678818523453765,1.0,0.2276778659881056,0.0,-0.2550209341153954,0.0,-0.21556451978811586,0.0,-1.2461440591526451,0.0,-0.4677591245837802,0.0,-inf,3,1.0,EMPTY,False
K12A,0.013931839949792392,1.3755117521825193,1.3755117521825193,1.0,0,-0.1463202916013961,-0.11227313292176194,1.0,0.26418782045402334,1.0,0.06236464905924842,1.0,0.10910973304515116,0.0,-0.09511075272058633,1.0,2.2143047357472367,0.0,-0.44796203233933296,0.0,-inf,2|3|4,1.0,2|3|4,True
K12A,0.6210739835426208,0.6610865994865134,0.6610865994865134,1.0,0,-0.14452721177249261,-0.11479436646286696,1.0,0.020455279710542867,0.0,-0.1508400444553435,0.0,-0.16532046560843913,0.0,-0.03339221398359017,1.0,0.0401379655105039,0.0,-0.38560382012541283,0.0,-5.561617762895478,2,1.0,2,True
K12A,0.06400243448246534,0.7670681169580198,0.7670681169580198,1.0,0,-0.14475779628831814,-0.12009009667783589,0.0,-0.2362597817541143,0.0,-0.17137101364194338,0.0,-0.19988354067532033,1.0,0.08021175501720645,1.0,1.1544581945868915,0.0,-0.38247046665394435,0.0,-624.5656010352744,2+3|2+4,2.0,2+3|2+4,True
K12A,0.2644139391392116,1.5165907359687174,1.5165907359687174,1.0,0,-0.1467527162290455,-0.10719058859959088,1.0,0.14395877584433828,0.0,-0.1470703412811734,0.0,-0.1229494348744859,0.0,-0.013883607226599592,1.0,0.27511629060625836,0.0,-0.35072309847302396,0.0,-inf,2,1.0,2,True
K12A,0.2011876015410198,1.5722651125732434,1.5722651125732434,1.0,0,-0.14693204360422052,-0.10507073123523886,1.0,0.16223059695701467,0.0,-0.14706952041109903,0.0,-0.11759085003074486,0.0,-0.007483346203206648,1.0,0.40785785120850915,0.0,-0.3426147889014246,0.0,-inf,2,1.0,2,True
K12A,0.9695674329313647,1.823239852594638,1.823239852594638,1.0,0,-0.1478082806459483,-0.09501388000150918,0.0,-0.02122571498702533,0.0,-0.1511316536038889,0.0,-0.17960544702654946,0.0,-0.04125086801508038,0.0,-0.017523659637819017,0.0,-0.39511052047381967,0.0,-7.954387685459337,EMPTY,-1.0,EMPTY,True
K12A,0.07596857323356139,1.0301136667970647,1.0301136667970647,1.0,0,-0.14537937110200916,-0.1213425867669154,0.0,-0.13513404572816706,0.0,-0.16673345662124728,0.0,-0.18860119732741748,1.0,0.061398870019922835,1.0,1.0798172314424688,0.0,-0.37089471591555645,0.0,-inf,2+3|2+4,2.0,2+3|2+4,True
K12A,0.004275176187881123,0.6161924105762075,0.6161924105762075,1.0,0,-0.1444326825160432,-0.1111177221729121,0.0,-0.46564397223173837,0.0,-0.18342066631122755,0.0,-0.24555798596634532,0.0,-0.17146885949799495,0.0,-1.2237747212238688,0.0,-0.4637259559142455,0.0,-inf,EMPTY,-1.0,EMPTY,True
K12A,0.5432892377912234,1.3647259452718181,1.3647259452718181,1.0,0,-0.14628846813148166,-0.11264036712289949,1.0,0.04609502843268828,0.0,-0.1496471679837657,0.0,-0.15834940238330136,0.0,-0.022520335784390555,1.0,0.0715890257583958,0.0,-0.37932686654411457,0.0,-5.154075541362225,2,1.0,2,True
K12A,0.33814346297021114,0.7147141623376286,0.7147141623376286,1.0,0,-0.14464255805075676,-0.11798672675750435,1.0,0.0960690785111527,0.0,-0.14938531477341932,0.0,-0.1385821789380558,0.0,-0.024545878633047233,1.0,0.1767139231500271,0.0,-0.36285277155572704,0.0,-4.088559917630121,2,1.0,2,True
K12A,0.02024416326697267,1.9840320049572462,1.9840320049572462,1.0,0,-0.08830636304485054,-0.08830636304485054,1.0,0.34246656777111734,1.0,0.012318868666105792,1.0,0.11651660320415025,0.0,-0.07215902909628158,1.0,2.157249390416142,0.0,-0.437541650503791,0.0,-inf,2|3|4,1.0,2|4,False
K12A,0.7328239201274437,1.3752663780857983,1.3752663780857983,1.0,0,-0.14631956570362775,-0.1122815265151263,1.0,0.006880151074963037,0.0,-0.1506588668936642,0.0,-0.17070297102094656,0.0,-0.03176426848280772,1.0,0.019696221097512415,0.0,-0.3888774389067188,0.0,-7.090427073254855,2,1.0,2,True
K12A,0.21343154456760968,1.768472038379827,1.768472038379827,1.0,0,-0.147607006716448,-0.09726142641974228,1.0,0.17061380906972715,0.0,-0.1460946762002918,0.0,-0.1149800952900221,0.0,-0.007639688642633646,1.0,0.37987195521124706,0.0,-0.34328805049254174,0.0,-inf,2,1.0,2,True
K12A,0.7435429357115083,1.205465089312493,1.205465089312493,1.0,0,-0.14583760517115482,-0.11756338792286233,1.0,0.0036690045159972207,0.0,-0.15085351267508113,0.0,-0.17138827333122883,0.0,-0.03408093719288402,1.0,0.015878396852113685,0.0,-0.3896851846334928,0.0,-7.127313149199377,2,1.0,2,True
K12A,0.20971650739792122,1.2827776154094,1.2827776154094,1.0,0,-0.14605211498207704,-0.11530286986632961,1.0,0.14639813796221038,0.0,-0.14817017549288408,0.0,-0.12131512494925784,0.0,-0.01096940886293385,1.0,0.3788978142713261,0.0,-0.3444344968585368,0.0,-inf,2,1.0,2,True
K12A,0.09086688966085632,1.7317401585705268,1.7317401585705268,1.0,0,-0.14747528437057522,-0.09875506687547442,1.0,0.05280047686979372,0.0,-0.15787438250219538,0.0,-0.17088610954818362,1.0,0.035824694091895704,1.0,1.0128129005222681,0.0,-0.3587507623051746,0.0,-inf,2,1.0,2,True
K12A,0.023069295394385347,0.6555507029294222,0.6555507029294222,1.0,0,-0.14451545646942943,-0.11439472304494555,0.0,-0.4585596147506694,0.0,-0.18123038047532067,0.0,-0.23408962849507425,1.0,0.007544831142399455,1.0,1.7805392112956895,0.0,-0.4355373764533919,0.0,-inf,2+3|2+4,2.0,2+3|2+4,True
K12A,0.4408755442240809,1.2110764628358197,1.2110764628358197,1.0,0,-0.14585290698447662,-0.11740906068013919,1.0,0.07316350020340745,0.0,-0.14911379365848607,0.0,-0.1487712115195141,0.0,-0.021061032508048267,1.0,0.113607833960474,0.0,-0.37197868700025094,0.0,-4.617912247164355,2,1.0,2,True
K12A,0.2817110841712749,0.8267596230555943,0.8267596230555943,1.0,0,-0.14489246964479263,-0.12152560533149606,1.0,0.11535075032154393,0.0,-0.14908071146594282,0.0,-0.13102423453971257,0.0,-0.021562909455219464,1.0,0.23921403026650045,0.0,-0.35530685431857906,0.0,-inf,2,1.0,2,True
K12A,0.7259219368385468,0.779298345520236,0.779298345520236,1.0,0,-0.14478510067764427,-0.12046016087563215,1.0,0.0028093493103740486,0.0,-0.15115742684040778,0.0,-0.17093349367410732,0.0,-0.037364710524562805,1.0,0.01577909911089026,0.0,-0.3899932552932519,0.0,-7.069038633552607,2,1.0,2,True
K12A,0.6263669528593125,0.7909684776319275,0.7909684776319275,1.0,0,-0.14481129238869037,-0.12077493685894501,1.0,0.020755391960943115,0.0,-0.15073174195711436,0.0,-0.16546500841338413,0.0,-0.032294169821588115,1.0,0.03994853736502052,0.0,-0.3855530136845611,0.0,-5.579815266054789,2,1.0,2,True
K12A,0.5830540099017323,0.5484984151851158,0.5484984151851158,1.0,0,-0.14429353003317402,-0.10337975296353502,1.0,0.027069699980518502,0.0,-0.15078995871907339,0.0,-0.1630009293570557,0.0,-0.03291855955294143,1.0,0.0500663422071142,0.0,-0.38384577511642726,0.0,-5.388989581489479,2,1.0,2,True
K12A,0.03859678469853151,1.4295837292618137,1.4295837292618137,1.0,0,-0.14648242439672346,-0.1103820983043629,0.0,-0.06551529898210368,0.0,-0.17678248249924924,0.0,-0.1428623902782536,1.0,0.031036350518526157,1.0,1.6797567893751646,0.0,-0.41216526788637586,0.0,-625.6844050299346,2+3|2+4,2.0,2+3|2+4,True
K12A,0.294648444240319,0.6508637534251122,0.6508637534251122,1.0,0,-0.14450552582905618,-0.11404513613990638,1.0,0.10670933436525448,0.0,-0.1495178680690203,0.0,-0.13374309668353934,0.0,-0.023879687757926704,1.0,0.22028340833495036,0.0,-0.35758580950544316,0.0,-inf,2,1.0,2,True
K12A,0.005233909891478851,0.6696279345771721,0.6696279345771721,1.0,0,-0.1445454041864188,-0.11538354809637194,0.0,-0.4653703326960613,0.0,-0.1833398872148225,0.0,-0.24570524368831248,0.0,-0.16094190988644352,0.0,-1.2386821662187206,0.0,-0.46220538231555364,0.0,-inf,EMPTY,-1.0,EMPTY,True
K12A,0.0020822478681396138,1.786040398798526,1.786040398798526,1.0,0,-0.14767092703737927,-0.09654297990927974,1.0,0.4671512200613185,1.0,0.24194979499881294,1.0,0.25307962847823895,0.0,-0.20282694537609436,1.0,2.59176077858094,0.0,-0.46474498579312873,0.0,-inf,2|3|4,1.0,2|3|4,True
K12A,0.4124769278316456,1.5695680556193965,1.5695680556193965,1.0,0,-0.14692323795348583,-0.10517462034284848,1.0,0.08897645836592855,0.0,-0.1483095103814454,0.0,-0.14389347976183126,0.0,-0.016339085540329118,1.0,0.13372266770760216,0.0,-0.3682888153853443,0.0,-4.444348969131543,2,1.0,2,True
K12A,0.540666798376797,1.9118423749209175,1.9118423749209175,1.0,0,-0.09133492578731102,-0.09133492578731102,1.0,0.05367376928661155,0.0,-0.14897396865582055,0.0,-0.15672282032412235,0.0,-0.016143770886866055,1.0,0.07841602087392043,0.0,-0.3776780894495424,0.0,-5.116552318216447,2,1.0,2,True
K12A,0.010936389243763488,1.8980128009993138,1.8980128009993138,1.0,0,-0.09191218649029631,-0.09191218649029631,1.0,0.41077517626701604,1.0,0.13158173648918317,1.0,0.19051461311064213,0.0,-0.1317496162995142,1.0,2.3727956823852545,0.0,-0.4514956531564396,0.0,-inf,2|3|4,1.0,2|3|4,True
K12A,0.0722803180923288,1.6042223434025273,1.6042223434025273,1.0,0,-0.14703731835834788,-0.10383132786452015,0.0,-0.09880057434743925,0.0,-0.16463450820700748,0.0,-0.1936458702254889,1.0,0.047988832159795325,1.0,1.20092703588565,0.0,-0.37325571349194075,0.0,-inf,2+3|2+4,2.0,2+3|2+4,True
K12A,0.4548023886834,0.5075264983290811,0.5075264983290811,1.0,0,-0.1442112231138215,-0.0971207272688476,1.0,0.057683255468750305,0.0,-0.15023892982431925,0.0,-0.15253081133396273,0.0,-0.029142991841238308,1.0,0.09849994342788726,0.0,-0.3751581946148341,0.0,-4.728188905608359,2,1.0,2,True
K12A,0.15058835474272023,0.5453754421439638,0.5453754421439638,1.0,0,-0.14428720629962866,-0.10294834350874549,1.0,0.07515494701181286,0.0,-0.1551204202024908,0.0,-0.13976402615856187,1.0,0.0033113488878939792,1.0,0.5478331613257448,0.0,-0.34362814775097195,0.0,-inf,2,1.0,2,True
K12A,0.14637372135673496,1.7948428903380271,1.7948428903380271,1.0,0,-0.14770318101909874,-0.09618208575027742,1.0,0.16771011422663293,0.0,-0.14808045074855805,0.0,-0.12472619550732533,1.0,0.007342959445248043,1.0,0.6213361542807635,0.0,-0.34058580645819475,0.0,-inf,2,1.0,2,True
K12A,0.1556236054437456,0.7007993142362314,0.7007993142362314,1.0,0,-0.1446123705001876,-0.11726911531515438,1.0,0.09091518699391826,0.0,-0.15378288936742246,0.0,-0.13635092492021514,1.0,0.0011947502145134153,1.0,0.5345523510809149,0.0,-0.34302464869919747,0.0,-inf,2,1.0,2,True
K12A,0.8042002848478055,1.9406881613433822,1.9406881613433822,1.0,0,-0.09012770085074262,-0.09012770085074262,1.0,0.00034626939696735803,0.0,-0.15046285116044583,0.0,-0.17352805776265567,0.0,-0.030167211075983337,1.0,0.010397365095381007,0.0,-0.39016105492558273,0.0,-7.342099623269137,2,1.0,2+4,False
K12A,0.2227127662558715,1.7602914410826314,1.7602914410826314,1.0,0,-0.14757744700334796,-0.09759509801850291,1.0,0.16771514342343805,0.0,-0.14610946699602578,0.0,-0.11563433843278936,0.0,-0.008691702331633744,1.0,0.3576934095824912,0.0,-0.34441185178304234,0.0,-inf,2,1.0,2,True
K12A,0.5807504774338638,0.9223523557009811,0.9223523557009811,1.0,0,-0.14511575915992347,-0.12222235850944572,1.0,0.031824017773857294,0.0,-0.1503701038891019,0.0,-0.16219111832938693,0.0,-0.02889122715789169,1.0,0.05454878690751627,0.0,-0.3827691415182526,0.0,-5.362417042749197,2,1.0,2,True
K12A,0.24052119250352344,1.021934579133061,1.021934579133061,1.0,0,-0.14535890174184535,-0.12145688128886525,1.0,0.13122328307916215,0.0,-0.14872131101993297,0.0,-0.12540754367431664,0.0,-0.016885412610387673,1.0,0.30703805348656654,0.0,-0.34910461778970436,0.0,-inf,2,1.0,2,True
K12A,0.5858781175110876,0.6509744523991354,0.6509744523991354,1.0,0,-0.14450576010742322,-0.11405351337977757,1.0,0.027621341879380146,0.0,-0.15069110514463874,0.0,-0.16302437180573842,0.0,-0.03196934623515535,1.0,0.050231240990687015,0.0,-0.3837472650886486,0.0,-5.398556996882041,2,1.0,2,True
K12A,0.23102286770123864,1.8512687888609822,1.8512687888609822,1.0,0,-0.09385529232894796,-0.09385529232894796,1.0,0.16933746990020948,0.0,-0.14577709114197174,0.0,-0.115135235923707,0.0,-0.008607837029054016,1.0,0.341184675842647,0.0,-0.3451508902281759,0.0,-inf,2,1.0,2,True
K12A,0.0013690882659914627,0.6547754076416615,0.6547754076416615,1.0,0,-0.14451381243812644,-0.11433761309415874,0.0,-0.46679583735187724,0.0,-0.18360513348965268,0.0,-0.24763666256137107,0.0,-0.2083625742627713,0.0,-1.2029589150520852,0.0,-0.4679361683942214,0.0,-inf,EMPTY,-1.0,EMPTY,True
K12A,0.006493886048989811,1.211001576477988,1.211001576477988,1.0,0,-0.1458527025779789,-0.11741113082860063,1.0,0.31314745114806253,1.0,0.15524387261812914,0.0,-0.2530092575000129,0.0,-0.15750241777840346,0.0,-1.304209422855655,0.0,-0.4593390845236941,0.0,-inf,2|3,1.0,2|3,True
K12A,0.21773052767819195,1.0862737234226785,1.0862737234226785,1.0,0,-0.14552203977947897,-0.12038697888624478,1.0,0.13650341125048904,0.0,-0.14881150030548204,0.0,-0.12368610138781014,0.0,-0.013676875210505895,1.0,0.3553663607992863,0.0,-0.3459897321272931,0.0,-inf,2,1.0,2,True
K12A,0.32633831751515724,1.0234000884379388,1.0234000884379388,1.0,0,-0.14536256370649958,-0.1214369047487576,1.0,0.10753028053277838,0.0,-0.14866374345093306,0.0,-0.1352612037382599,0.0,-0.021014254024934675,1.0,0.19191189844980477,0.0,-0.3604622824725604,0.0,-4.002878865585924,2,1.0,2,True
K12A,0.7660883758402107,1.5434197613240626,1.5434197613240626,1.0,0,-0.1468384951365994,-0.10617570881686203,1.0,0.002945112770392222,0.0,-0.15065211097165104,0.0,-0.17214498761356245,0.0,-0.031947467683456965,1.0,0.014288839064160161,0.0,-0.3897399601077529,0.0,-7.205181441007891,2,1.0,2,True
K12A,0.7109270538574801,0.8265878230107613,0.8265878230107613,1.0,0,-0.144892076905914,-0.12152272546678869,1.0,0.0056790322452386355,0.0,-0.15105756416796418,0.0,-0.17015446769010378,0.0,-0.0361130483192246,1.0,0.019479951702731986,0.0,-0.3892882847128851,0.0,-7.020603978519008,2,1.0,2,True
K12A,0.3244322344689876,1.3297573674449623,1.3297573674449623,1.0,0,-0.1461864500898702,-0.11380551617301136,1.0,0.11621235919226174,0.0,-0.14796194309292918,0.0,-0.1330024305200383,0.0,-0.017663296812574003,1.0,0.1980560053505913,0.0,-0.3592572417783868,0.0,-3.970947610371481,2,1.0,2,True
K12A,0.1753249804281787,1.4934811073784076,1.4934811073784076,1.0,0,-0.14667976224828394,-0.10805395524575995,1.0,0.1559130460349951,0.0,-0.14818953454346148,0.0,-0.12106340259466339,0.0,-0.002660786115600694,1.0,0.48762445321649345,0.0,-0.3409630222148665,0.0,-inf,2,1.0,2,True
K12A,0.02013628584181662,0.9017804086004395,0.9017804086004395,1.0,0,-0.14506689139991968,-0.12221010708878871,0.0,-0.45997829313945726,0.0,-0.18151679753446903,0.0,-0.23917270542098468,0.0,-0.027088922876518873,1.0,1.9414900323890536,0.0,-0.43949998596184636,0.0,-inf,2+4,2.0,2+4,True
K12A,0.4244393044752552,1.193420564745739,1.193420564745739,1.0,0,-0.14580489909211802,-0.11788894524494717,1.0,0.07811075324106911,0.0,-0.14901544378992768,0.0,-0.14695543383402848,0.0,-0.020903497796008252,1.0,0.12226054253807607,0.0,-0.37054076235032263,0.0,-4.529964360272963,2,1.0,2,True
K12A,0.0032064090010666874,1.7981730407064416,1.7981730407064416,1.0,0,-0.14771542312503727,-0.09604539723628192,1.0,0.459732922598051,1.0,0.22796853104973538,1.0,0.24524807519519481,0.0,-0.19308214096573229,1.0,2.562808314874755,0.0,-0.46308198335601247,0.0,-inf,2|3|4,1.0,2|3|4,True
K12A,0.024302077239758482,1.8849910608363951,1.8849910608363951,1.0,0,-0.09245477115954032,-0.09245477115954032,1.0,0.27431024549639305,0.0,-0.04799187012013895,1.0,0.06750055552170503,0.0,-0.04631250261172276,1.0,2.0515045816380533,0.0,-0.43174156822211573,0.0,-inf,2|4,1.0,2|4,True
K12A,0.01834349109992516,1.8963602961568404,1.8963602961568404,1.0,0,-0.09198109475094132,-0.09198109475094132,1.0,0.3392914804984137,1.0,0.033044887655077834,1.0,0.12458034759913644,0.0,-0.08075770308959085,1.0,2.190516776403574,0.0,-0.44050046621792394,0.0,-inf,2|3|4,1.0,2|3|4,True
K12A,0.003351968567496134,1.6187108355150976,1.6187108355150976,1.0,0,-0.14708562296568495,-0.1032645600017583,1.0,0.42406308431603496,1.0,0.21800966858399443,1.0,0.22737323913407664,0.0,-0.1913774131032292,1.0,2.534604522381656,0.0,-0.4632088912297663,0.0,-inf,2|3|4,1.0,2|3|4,True
K12A,0.4622897096134857,1.8272162096344664,1.8272162096344664,1.0,0,-0.14782312652929397,-0.09484983783767054,1.0,0.07622222827677472,0.0,-0.14839850604759863,0.0,-0.14891031305101055,0.0,-0.01442950425831896,1.0,0.1100941922247512,0.0,-0.3720410954268558,0.0,-4.70246353779563,2,1.0,2,True
K12A,0.032354674010988585,1.4731595879414983,1.4731595879414983,1.0,0,-0.14661631196707958,-0.10880423298801062,1.0,0.048868299404159515,0.0,-0.1784934404127752,0.0,-0.06671596654220313,1.0,0.008737953695094336,1.0,1.810585708639361,0.0,-0.42077753204988005,0.0,-625.9770331305853,2,1.0,2,True
K12A,0.013107499721038078,0.5713229685836135,0.5713229685836135,1.0,0,-0.14434000205005332,-0.10632158268008722,0.0,-0.4622549048772623,0.0,-0.1826331940903762,0.0,-0.2397991659281605,0.0,-0.07089337823700492,0.0,-1.3061969974712508,0.0,-0.4505955816120033,0.0,-inf,EMPTY,-1.0,EMPTY,True
K12A,0.5921110952826436,0.5190113879495468,0.5190113879495468,1.0,0,-0.14423415188791555,-0.09901026016736728,1.0,0.02482876866915229,0.0,-0.150861958081895,0.0,-0.16366234270374388,0.0,-0.03359687232504627,1.0,0.047039605591218364,0.0,-0.38442360735489345,0.0,-5.433916043171244,2,1.0,2,True
K12A,0.009017732732512584,0.9869227513660357,0.9869227513660357,1.0,0,-0.1452721478770741,-0.1218652242136998,0.0,-0.4644412382685291,0.0,-0.182973542328777,0.0,-0.24786660554930007,0.0,-0.12738895203414802,0.0,-1.3089641140001387,0.0,-0.4559919016441917,0.0,-inf,EMPTY,-1.0,EMPTY,True
K12A,0.10008897704770452,1.0366762796278541,1.0366762796278541,1.0,0,-0.1453958511544029,-0.12124602219620664,0.0,-0.001600311918768138,0.0,-0.16038076830227466,0.0,-0.16555975140449064,1.0,0.038529070472828,1.0,0.8683469046169958,0.0,-0.3547710254760339,0.0,-inf,2+3|2+4,2.0,2+3|2+4,True
K12A,0.05426286449715635,0.9740870199552796,0.9740870199552796,1.0,0,-0.14524069133488937,-0.12197963661427592,0.0,-0.31801301788760267,0.0,-0.17337183440033413,0.0,-0.2103359587452437,1.0,0.07468157112262475,1.0,1.32284585801178,0.0,-0.39289003216215357,0.0,-624.9979727425787,2+3|2+4,2.0,2+3|2+4,True
K12A,0.018654171399415914,0.6249330526600376,0.6249330526600376,1.0,0,-0.14445094431296301,-0.11191494888652143,0.0,-0.4602157757033032,0.0,-0.18191275212740848,0.0,-0.23681473665638866,0.0,-0.023353810776454154,1.0,1.880073037516647,0.0,-0.4421720360527229,0.0,-inf,2+4,2.0,EMPTY,False
K12A,0.023987837674749657,1.4911956436449096,1.4911956436449096,1.0,0,-0.14667259372420627,-0.10813876366974623,1.0,0.17001477802528464,0.0,-0.07034364083942385,1.0,0.023620080110673083,0.0,-0.031423585111638674,1.0,1.9944780747802402,0.0,-0.43283932975163203,0.0,-inf,2|4,1.0,2|4,True
K12A,0.027928862062753614,0.5365508575014879,0.5365508575014879,1.0,0,-0.14426938232023812,-0.10169001740094853,0.0,-0.44251067207010675,0.0,-0.18054491827038063,0.0,-0.229323381056438,1.0,0.04439217936203507,1.0,1.6128828684859284,0.0,-0.42857109229580237,0.0,-626.2112161369976,2+3|2+4,2.0,2+3|2+4,True
K12A,0.000340325486946938,0.6068074633399574,0.6068074633399574,1.0,0,-0.14441315048705317,-0.11021442530674647,0.0,-0.46709631067334223,0.0,-0.18366825101127532,0.0,-0.24755648997523672,0.0,-0.221425154295054,0.0,-1.1890229456433743,0.0,-0.4695316509246963,0.0,-inf,EMPTY,-1.0,EMPTY,True
K12A,0.2993718917293841,1.5783101405220419,1.5783101405220419,1.0,0,-0.14695182459631162,-0.10483746659186961,1.0,0.13283834483529167,0.0,-0.1471555243020981,0.0,-0.12741197539894855,0.0,-0.01442768773642611,1.0,0.22866578988795866,0.0,-0.3552345311188517,0.0,-inf,2,1.0,2,True
K12A,0.3242825511503607,0.5348761185552142,0.5348761185552142,1.0,0,-0.14426600712117377,-0.10144454553745841,1.0,0.09565306242822158,0.0,-0.1497641579452704,0.0,-0.13790662361104944,0.0,-0.026061077679297467,1.0,0.18695526421533928,0.0,-0.3617269763544198,0.0,-4.025215233292801,2,1.0,2,True
K12A,0.10554319884023479,1.2861006025204718,1.2861006025204718,1.0,0,-0.1460615159288916,-0.11519975496751686,1.0,0.045108989227283264,0.0,-0.1575269531362009,0.0,-0.15898276683997364,1.0,0.03135279991676165,1.0,0.8492591029592682,0.0,-0.3517271058023457,0.0,-inf,2,1.0,2,True
K12A,0.10354333763318248,1.587800615712302,1.587800615712302,1.0,0,-0.1469830044637676,-0.1044701186303767,1.0,0.07678058181409664,0.0,-0.15579482717379767,0.0,-0.15823328035104306,1.0,0.02979738614762867,1.0,0.888494258734563,0.0,-0.3520400054977034,0.0,-inf,2,1.0,2,True
K12A,0.003232325485509616,1.9136744064094318,1.9136744064094318,1.0,0,-0.09125837865138903,-0.09125837865138903,1.0,0.4815797897965546,1.0,0.23258613715147958,1.0,0.2556843043992732,0.0,-0.1929936944812862,1.0,2.5761543238973843,0.0,-0.4628248721425646,0.0,-inf,2|3|4,1.0,2|3|4,True
K12A,0.0429759507931239,0.957728687525509,0.957728687525509,1.0,0,-0.14520086892407424,-0.12209566302275437,0.0,-0.30839476007181393,0.0,-0.17654421483244204,0.0,-0.2209702090762251,1.0,0.06617547953049527,1.0,1.4884705529656475,0.0,-0.4069770769476524,0.0,-625.4899445397812,2+3|2+4,2.0,2+3|2+4,True
K12A,0.06821534336155205,1.128845858894985,1.128845858894985,1.0,0,-0.1456327148098263,-0.11948814340134516,0.0,-0.19202757903352863,0.0,-0.16854510609125456,0.0,-0.19680984047180045,1.0,0.06433381903746976,1.0,1.1799975662453663,0.0,-0.37776027915616395,0.0,-624.3723917509614,2+3|2+4,2.0,2+3|2+4,True
K12A,0.48176451946280335,0.9593349371295803,0.9593349371295803,1.0,0,-0.14520476598543985,-0.12208580140044933,1.0,0.057103416110363736,0.0,-0.14975411265603433,0.0,-0.15383557877778825,0.0,-0.024941846179708023,1.0,0.091283377794603,0.0,-0.3760671847812204,0.0,-4.849291704748969,2,1.0,2,True
K12A,0.004654495589963591,1.0956845141917508,1.0956845141917508,1.0,0,-0.14554631487381153,-0.12020021504991268,0.0,-0.466331440986684,1.0,0.17421640814012973,0.0,-0.25220742454269296,0.0,-0.17457442607683504,0.0,-1.2767352769274722,0.0,-0.462274431936415,0.0,-inf,3,1.0,3,True
K12A,0.5629524826183914,1.9901904890635418,1.9901904890635418,1.0,0,-0.08804692090491478,-0.08804692090491478,1.0,0.04864296738291207,0.0,-0.14905359508304106,0.0,-0.15849584914924808,0.0,-0.016193003039205456,1.0,0.0714641279703696,0.0,-0.37890534580928426,0.0,-5.22849071204679,2,1.0,2,True
K12A,0.9435038668109894,1.6977535125837995,1.6977535125837995,1.0,0,-0.14735567374150005,-0.10012582546702281,0.0,-0.019246611917984963,0.0,-0.15115233529170896,0.0,-0.17883853004597777,0.0,-0.04088952610901081,0.0,-0.014799337498299758,0.0,-0.39474060737142536,0.0,-7.860730903969737,EMPTY,-1.0,EMPTY,True
K12A,0.35787657397527006,1.3613559863447988,1.3613559863447988,1.0,0,-0.1462785598603898,-0.11275437463383298,1.0,0.10459533105995034,0.0,-0.14817235204329066,0.0,-0.1375777540155222,0.0,-0.017862205081743382,1.0,0.16880393400556085,0.0,-0.3631551436425391,0.0,-4.155420496353662,2,1.0,2,True
K12A,0.9110111176415876,0.7893454736943839,0.7893454736943839,1.0,0,-0.1448076417877313,-0.12073333121565401,0.0,-0.02186861798095223,0.0,-0.15174018836031672,0.0,-0.1780879524223315,0.0,-0.04731915403760523,0.0,-0.0172334730125622,0.0,-0.39583593044369264,0.0,-7.746712753279467,EMPTY,-1.0,EMPTY,True
K12A,0.7735328567327456,1.245506220294717,1.245506220294717,1.0,0,-0.14594770304511817,-0.11642735887293665,0.0,-0.0006524231577630102,0.0,-0.15093780142956528,0.0,-0.17273413661209666,0.0,-0.035359912414198225,1.0,0.010149874804198405,0.0,-0.3906900202647884,0.0,-7.233287653044915,2+4,2.0,2+4,True
K12A,0.16719275035986567,1.443739178080263,1.443739178080263,1.0,0,-0.1465255964070208,-0.10987442266245945,1.0,0.14992693140095759,0.0,-0.1488567992325049,0.0,-0.12345815928561316,0.0,-0.000613638986802334,1.0,0.5165887515690331,0.0,-0.340878705446787,0.0,-inf,2,1.0,2,True
K12A,0.38692407687279773,0.9718594818606533,0.9718594818606533,1.0,0,-0.14523525107376029,-0.12199743734685373,1.0,0.08617783202552157,0.0,-0.14911896128128313,0.0,-0.14337690439966522,0.0,-0.02268270271380296,1.0,0.14252961239984396,0.0,-0.3675084303321592,0.0,-4.338549591743442,2,1.0,2,True
K12A,0.003011156258100999,0.9619891524107516,0.9619891524107516,1.0,0,-0.14521121186527386,-0.12206876367450387,0.0,-0.46672065398912077,0.0,-0.18350805662854713,0.0,-0.2510659306072832,0.0,-0.19105617016460136,0.0,-1.2492525831224068,0.0,-0.4649464849525762,0.0,-inf,EMPTY,-1.0,EMPTY,True
K12A,0.1603870852265493,1.1465460403181025,1.1465460403181025,1.0,0,-0.14567938753123477,-0.11907606322551084,1.0,0.12523688771687008,0.0,-0.15095236799133968,0.0,-0.12943254300333373,1.0,0.0005628290560856786,1.0,0.53345340204212,0.0,-0.34170958272161933,0.0,-inf,2,1.0,2,True
K12A,0.22981907473212737,0.9129219003842997,0.9129219003842997,1.0,0,-0.1450933010387091,-0.12222505916255852,1.0,0.12803058515077195,0.0,-0.14924917637802662,0.0,-0.12588675791946363,0.0,-0.016672324933631022,1.0,0.3256348413579053,0.0,-0.34805147086415666,0.0,-inf,2,1.0,2,True
K12A,0.2533150076330779,1.2954106843761353,1.2954106843761353,1.0,0,-0.1460879360499788,-0.11490850016348356,1.0,0.13915151239180812,0.0,-0.14774137490158346,0.0,-0.12383476370021275,0.0,-0.015407601537301308,1.0,0.2893689434240334,0.0,-0.3499382197044182,0.0,-inf,2,1.0,2,True
K12A,0.03405877598427908,0.8336506348925639,0.8336506348925639,1.0,0,-0.14490824783408307,-0.12163569744926762,0.0,-0.1796876376546117,0.0,-0.17893138788652704,0.0,-0.22753295049409578,1.0,0.05126673270396606,1.0,1.6094367919056431,0.0,-0.4193276363216053,0.0,-625.8942547849074,2+3|2+4,2.0,2+3|2+4,True
K12A,0.11248193046730581,1.9471124676538636,1.9471124676538636,1.0,0,-0.08985828335954182,-0.08985828335954182,1.0,0.1486165728835419,0.0,-0.15110457223278387,0.0,-0.1454680218031434,1.0,0.02169481045765548,1.0,0.8405160366558353,0.0,-0.347558275662989,0.0,-inf,2,1.0,2,True
K12A,0.5948152206635192,1.0927275339367797,1.0927275339367797,1.0,0,-0.1455386758531272,-0.12025965992254681,1.0,0.030618104928340578,0.0,-0.1502611196592452,0.0,-0.16288933816672496,0.0,-0.027677449300026913,1.0,0.051973993920016996,0.0,-0.3831302584194589,0.0,-5.423914117390481,2,1.0,2,True
K12A,0.11236468106995041,1.3164654554954898,1.3164654554954898,1.0,0,-0.14614812944948266,-0.11423750039854996,1.0,0.06869969062975631,0.0,-0.15593339579452858,0.0,-0.15295084464846215,1.0,0.026110598998786094,1.0,0.8017022935573963,0.0,-0.3489373559368949,0.0,-inf,2,1.0,2,True
K12A,0.05905442375315321,1.5375221403243746,1.5375221403243746,1.0,0,-0.14681953817559878,-0.10639990495828655,0.0,-0.2906159474586434,0.0,-0.1696429468955865,0.0,-0.20935398110373404,1.0,0.05163066760116777,1.0,1.3647280133119626,0.0,-0.38665253284626955,0.0,-624.7871354760442,2+3|2+4,2.0,2+3|2+4,True
K12A,0.008974127353281463,0.8508327481090976,0.8508327481090976,1.0,0,-0.14494780135906463,-0.12186567817264062,0.0,-0.46423726890272454,0.0,-0.1829833209859657,0.0,-0.24593223709878534,0.0,-0.12392603614233788,0.0,-1.2948036277145758,0.0,-0.4563018855958477,0.0,-inf,EMPTY,-1.0,EMPTY,True
K12A,0.002145416547415666,1.7814906598553075,1.7814906598553075,1.0,0,-0.14765431562825782,-0.09672927712828716,1.0,0.46575102900284443,1.0,0.2409397393014834,1.0,0.2521626984467789,0.0,-0.20228214806711775,1.0,2.5894657855970236,0.0,-0.46466169018267445,0.0,-inf,2|3|4,1.0,2|3|4,True
K12A,0.2923494417420771,0.7303419704468495,0.7303419704468495,1.0,0,-0.1446766808534533,-0.11870908805023228,1.0,0.10964458069280605,0.0,-0.14931585832996097,0.0,-0.13293408643905258,0.0,-0.02299537563814602,1.0,0.2242757702480596,0.0,-0.3570318666040968,0.0,-inf,2,1.0,2,True
K12A,0.07226255155938055,1.700880099754855,1.700880099754855,1.0,0,-0.14736658767129152,-0.10000020855310801,0.0,-0.07812229874822968,0.0,-0.16403439811159673,0.0,-0.19398346981960563,1.0,0.045335487156281606,1.0,1.2125027718506518,0.0,-0.3731261382788802,0.0,-inf,2+3|2+4,2.0,2+3|2+4,True
K12A,0.04360452135824371,1.8048553378647165,1.8048553378647165,1.0,0,-0.14774005451667516,-0.09577086500906812,0.0,-0.005434450659981438,0.0,-0.1743431041470952,0.0,-0.14085085133550648,1.0,0.02454128339718481,1.0,1.651994580977438,0.0,-0.4049425429702713,0.0,-625.4623777933839,2+3|2+4,2.0,2+3|2+4,True
K12A,0.2124480640851628,0.5423891226175895,0.5423891226175895,1.0,0,-0.14428116710674554,-0.10252906189511513,1.0,0.11139616003005037,0.0,-0.15108868135792228,0.0,-0.12938689905000322,0.0,-0.016977577229594615,1.0,0.3548411153053449,0.0,-0.3470743228076226,0.0,-inf,2,1.0,2,True
K12A,0.07133774304197854,0.8136674515042118,0.8136674515042118,1.0,0,-0.14486262575241782,-0.12128678802248011,0.0,-0.18119817919492737,0.0,-0.16911854633140017,0.0,-0.19297371512058586,1.0,0.07202799323562616,1.0,1.0883976508370712,0.0,-0.37528840312869544,0.0,-inf,2+3|2+4,2.0,2+3|2+4,True
K12A,0.22174446781043824,0.9880798102408687,0.9880798102408687,1.0,0,-0.14527499260746013,-0.12185393997398533,1.0,0.13182355437938592,0.0,-0.14911437812896278,0.0,-0.12483981086637087,0.0,-0.015019384817817949,1.0,0.3442415305966351,0.0,-0.3467917953919657,0.0,-inf,2,1.0,2,True
K12A,0.9330059457828137,1.7473270052255838,1.7473270052255838,1.0,0,-0.1475308650344187,-0.09812271513572685,0.0,-0.017738138110217794,0.0,-0.15108198808721388,0.0,-0.1784898333001827,0.0,-0.039810692204617415,0.0,-0.01285250133592633,0.0,-0.39437029199365886,0.0,-7.822099597552638,EMPTY,-1.0,EMPTY,True
K12A,0.0027900031639539074,1.8398338757706285,1.8398338757706285,1.0,0,-0.1478704469541695,-0.09432859001186644,1.0,0.47125854740066164,1.0,0.2351427826573137,1.0,0.2524073839911004,0.0,-0.1966820333994781,1.0,2.579249206023273,0.0,-0.4636108830059238,0.0,-inf,2|3|4,1.0,2|3|4,True
K12A,0.07569083771102672,1.1094354763483065,1.1094354763483065,1.0,0,-0.1455819787019666,-0.11991485898889141,0.0,-0.13090695404988872,0.0,-0.16639270779038845,0.0,-0.18892726649283909,1.0,0.059506887089916916,1.0,1.0949709173619575,0.0,-0.371009271859781,0.0,-inf,2+3|2+4,2.0,2+3|2+4,True
K12A,0.002521892507347203,0.8985464075145289,0.8985464075145289,1.0,0,-0.1450592504265571,-0.12220196850429599,0.0,-0.4667922008563729,0.0,-0.18353341462540712,0.0,-0.2503933230127673,0.0,-0.19611957279001868,0.0,-1.2386808030239425,0.0,-0.46578491666952265,0.0,-inf,EMPTY,-1.0,EMPTY,True
K12A,0.3894647337774195,1.0669899301747272,1.0669899301747272,1.0,0,-0.14547262997809352,-0.12074688479329601,1.0,0.08724365357336028,0.0,-0.14896751041100872,0.0,-0.1432610070462113,0.0,-0.02167134240744681,1.0,0.14202676631115854,0.0,-0.36748694816361627,0.0,-4.34687750735398,2,1.0,2,True
K12A,0.9284572924241963,1.95669801727614,1.95669801727614,1.0,0,-0.08945593528528356,-0.08945593528528356,0.0,-0.015787151364488633,0.0,-0.1509007751970745,0.0,-0.17826868505986865,0.0,-0.03756026272649765,0.0,-0.010461744102540554,0.0,-0.39380445645438367,0.0,-7.804238138539003,EMPTY,-1.0,EMPTY,True
K12A,0.27192677092427064,1.1229147026085942,1.1229147026085942,1.0,0,-0.14561716227751165,-0.11962140750065058,1.0,0.12770710044536626,0.0,-0.14825670898584659,0.0,-0.12751575487988986,0.0,-0.018164555244437885,1.0,0.25748071205281975,0.0,-0.3530323883472006,0.0,-inf,2,1.0,2,True
K12A,0.012240405405944342,1.1040819721278405,1.1040819721278405,1.0,0,-0.14556806675721767,-0.1200276739519146,1.0,0.22450552632693177,1.0,0.06807354744511077,0.0,-0.24757365362826905,0.0,-0.10041173047558605,1.0,2.1999358297325493,0.0,-0.4509658493376494,0.0,-inf,2|3,1.0,2|3,True
K12A,0.005808464172149204,1.787529091067116,1.787529091067116,1.0,0,-0.14767637126087263,-0.09648198706271494,1.0,0.4346180713780071,1.0,0.193686622727474,1.0,0.22308054681701195,0.0,-0.17090179115230697,1.0,2.4917335453658547,0.0,-0.4592839326069409,0.0,-inf,2|3|4,1.0,2|3|4,True
K12A,0.004259954139548758,1.7925590086700265,1.7925590086700265,1.0,0,-0.14769479783057982,-0.09627578028141631,1.0,0.4494222413076784,1.0,0.21407259784169907,1.0,0.23623305535575345,0.0,-0.18403575013909046,1.0,2.5337246487352836,0.0,-0.46155021466134416,0.0,-inf,2|3|4,1.0,2|3|4,True
K12A,0.7824144028451004,1.5361245935039085,1.5361245935039085,1.0,0,-0.1468150543154405,-0.10645294301331099,1.0,0.000376349437994139,0.0,-0.1507252531876333,0.0,-0.1728953476286214,0.0,-0.03296965065200716,1.0,0.010984627893515049,0.0,-0.3903385720991164,0.0,-7.264152426593753,2,1.0,2,True
K12A,0.055775896915467436,1.026019498399077,1.026019498399077,1.0,0,-0.1453691151427985,-0.12140064985725257,0.0,-0.3072926366001858,0.0,-0.1727496679990247,0.0,-0.2091735315586003,1.0,0.07242428976690529,1.0,1.314564386569346,0.0,-0.3910628365517318,0.0,-624.9316931891893,2+3|2+4,2.0,2+3|2+4,True
K12A,0.5450735391728164,1.414516047103293,1.414516047103293,1.0,0,-0.1464368048014811,-0.11091698174765902,1.0,0.04625933427120679,0.0,-0.1496005236241182,0.0,-0.1583826779230606,0.0,-0.022031972745166495,1.0,0.07148978597484364,0.0,-0.3793097613957024,0.0,-5.161139994986316,2,1.0,2,True
K12A,0.19104731174117046,0.6388484887999433,0.6388484887999433,1.0,0,-0.1444801593012447,-0.11310038109117915,1.0,0.11072744221162667,0.0,-0.1515806206528829,0.0,-0.12972261213410108,0.0,-0.011621749889182437,1.0,0.412165431262243,0.0,-0.34456717047606644,0.0,-inf,2,1.0,2,True
K12A,0.9200035440485185,1.1263689865387387,1.1263689865387387,1.0,0,-0.14562621473223264,-0.1195440962804091,0.0,-0.020539835386670972,0.0,-0.15151583025674029,0.0,-0.17826844483879617,0.0,-0.044788287956513795,0.0,-0.015906370694132053,0.0,-0.39535671487538104,0.0,-7.777902067413412,EMPTY,-1.0,EMPTY,True
K12A,0.16807500870251604,0.5272971055374723,0.5272971055374723,1.0,0,-0.14425076249897795,-0.10030648194499289,1.0,0.09166223171161761,0.0,-0.15357916905251467,0.0,-0.13478653043837074,0.0,-0.004781709718298499,1.0,0.4806707427873399,0.0,-0.34352835052546116,0.0,-inf,2,1.0,2,True
K12A,0.7123886362857517,1.5997305393197834,1.5997305393197834,1.0,0,-0.14702241612135936,-0.10400644337047607,1.0,0.012364354126589067,0.0,-0.15036226269207298,0.0,-0.16940106454784948,0.0,-0.02829063267576229,1.0,0.02629253029466111,0.0,-0.38752399903727763,0.0,-7.024216394700865,2,1.0,2,True
K12A,0.00341930289644299,1.8381668858852778,1.8381668858852778,1.0,0,-0.14786417666619633,-0.09439751610197172,1.0,0.46555089475303923,1.0,0.22695503209755807,1.0,0.247239700306912,0.0,-0.1913279640699107,1.0,2.562065537746414,0.0,-0.4626949467347926,0.0,-inf,2|3|4,1.0,2|3|4,True
K12A,0.13696505636286563,1.9390486978813555,1.9390486978813555,1.0,0,-0.09019642393311783,-0.09019642393311783,1.0,0.17558729065985146,0.0,-0.14787456504543728,0.0,-0.12695549597325595,1.0,0.010932845924923495,1.0,0.6774652781711048,0.0,-0.34133550011823177,0.0,-inf,2,1.0,2,True
K12A,0.10450601326630593,1.7897287440510936,1.7897287440510936,1.0,0,-0.1476844233373924,-0.0963918343190992,1.0,0.10869944275420967,0.0,-0.15400278506334253,0.0,-0.15531785670565518,1.0,0.027197110777865185,1.0,0.8947033298056589,0.0,-0.35119486298661906,0.0,-inf,2,1.0,2,True
K12A,0.25928826824742673,1.0581958545054104,1.0581958545054104,1.0,0,-0.1454502446131375,-0.12090036431740264,1.0,0.12877445814209837,0.0,-0.14847503639904397,0.0,-0.12669775748719336,0.0,-0.018053982630417686,1.0,0.27547420667624356,0.0,-0.3515212237078844,0.0,-inf,2,1.0,2,True
K12A,0.39121436674066207,1.4149154093172558,1.4149154093172558,1.0,0,-0.1464380095239241,-0.11090288062994608,1.0,0.09359154449157968,0.0,-0.1483712995415483,0.0,-0.14184670244039344,0.0,-0.017763153710302015,1.0,0.14521455680908535,0.0,-0.3666192413025865,0.0,-4.336332870305898,2,1.0,2,True
K12A,0.0010624061511638502,0.746769017163175,0.746769017163175,1.0,0,-0.14471280105129058,-0.1193791843306313,0.0,-0.4670723228670445,0.0,-0.18361893540683744,0.0,-0.2490343384690138,0.0,-0.21270693021484788,0.0,-1.2104070922194965,0.0,-0.4682109502471513,0.0,-inf,EMPTY,-1.0,EMPTY,True
K12A,0.8263842652513652,1.7728692132412291,1.7728692132412291,1.0,0,-0.14762294890254746,-0.09708184245294094,0.0,-0.00415017843620491,0.0,-0.15069612077824848,0.0,-0.17459894319277297,0.0,-0.03320178330450551,1.0,0.0048207535764790005,0.0,-0.3912705238412385,0.0,-7.4254402423547194,2+4,2.0,2+4,True
K12A,0.7942003459743741,0.8180873446628384,0.8180873446628384,1.0,0,-0.14487268156938182,-0.12137185209566517,0.0,-0.0070991937751131474,0.0,-0.1513673847206613,0.0,-0.17391825142449802,0.0,-0.04065358238334055,1.0,0.002480473567203309,0.0,-0.3923595474426179,0.0,-7.3110803577163,2+4,2.0,2+4,True
K12A,0.10659431578199843,1.5513983726046543,1.5513983726046543,1.0,0,-0.14686423234928003,-0.10587145215357438,1.0,0.08094619903752863,0.0,-0.15540533027263764,0.0,-0.15565479905115098,1.0,0.028162148358149564,1.0,0.8614643656475807,0.0,-0.35074046222747723,0.0,-inf,2,1.0,2,True
K12A,0.07677408926495079,1.0399038019467202,1.0399038019467202,1.0,0,-0.14540397448013354,-0.12119697976797078,0.0,-0.12852407326115134,0.0,-0.16644913466294475,0.0,-0.1877870986172135,1.0,0.060422608741019346,1.0,1.0732210727819291,0.0,-0.3702043414680878,0.0,-inf,2+3|2+4,2.0,2+3|2+4,True
K12A,0.21858221624875027,1.7372404594626056,1.7372404594626056,1.0,0,-0.1474948451853576,-0.09853217632748226,1.0,0.16772577788819115,0.0,-0.14620739747123795,0.0,-0.11567759198157582,0.0,-0.008469204561345624,1.0,0.366805609640594,0.0,-0.34398929541708695,0.0,-inf,2,1.0,2,True
K12A,0.5068921473493666,1.2885671588913652,1.2885671588913652,1.0,0,-0.14606850389504555,-0.11512292733395152,1.0,0.05479769376092469,0.0,-0.14949150026251934,0.0,-0.15530327789204512,0.0,-0.022047209545980384,1.0,0.0844508612150415,0.0,-0.37703929103183415,0.0,-4.966966435152999,2,1.0,2,True
K12A,0.03952690195344804,1.352530242551212,1.352530242551212,1.0,0,-0.14625268842200284,-0.11305125898119917,0.0,-0.1078864675386658,0.0,-0.176653305909248,0.0,-0.1666248236521865,1.0,0.03739477965407856,1.0,1.6467059522825565,0.0,-0.411015560969506,0.0,-625.6426452266605,2+3|2+4,2.0,2+3|2+4,True
K12A,0.23469758974366076,0.6258028105283362,0.6258028105283362,1.0,0,-0.14445276521663603,-0.11199201606022295,1.0,0.11595017761190528,0.0,-0.15018224794488283,0.0,-0.1288342296123629,0.0,-0.019663874417153948,1.0,0.3100884595991078,0.0,-0.34959926634356636,0.0,-inf,2,1.0,2,True
K12A,0.39007987566702107,1.8176105488903997,1.8176105488903997,1.0,0,-0.14778731799711664,-0.09524592434322493,1.0,0.10212296058127046,0.0,-0.14765198605446922,0.0,-0.1396124203190885,0.0,-0.013035326923712454,1.0,0.15099699172298656,0.0,-0.3652674597363349,0.0,-4.306633477138741,2,1.0,2,True
K12A,0.3825777406254178,1.8428283163145922,1.8428283163145922,1.0,0,-0.14788172473937278,-0.09420473060209661,1.0,0.10559878103118364,0.0,-0.14751942368026688,0.0,-0.13838355580745748,0.0,-0.012626519995387886,1.0,0.15647324617014943,0.0,-0.36439248608913255,0.0,-4.263358405218131,2,1.0,2,True
K12A,0.11414231747691526,0.9970759138494545,0.9970759138494545,1.0,0,-0.14529716197841866,-0.12176088669175156,1.0,0.04120316742660057,0.0,-0.15771037686164252,0.0,-0.15459312215120757,1.0,0.026870991235115715,1.0,0.7656449790969556,0.0,-0.34898910583654663,0.0,-inf,2,1.0,2,True
K12A,0.0007029496275697992,0.968588920156696,0.968588920156696,1.0,0,-0.14522727359306753,-0.12202244611537111,0.0,-0.46761876317565654,0.0,-0.18366659369160515,0.0,-0.252447568273765,0.0,-0.21746466202592518,0.0,-1.229638694875375,0.0,-0.4683140848853915,0.0,-inf,EMPTY,-1.0,EMPTY,True
K12A,0.06535524079559515,0.6086098187755458,0.6086098187755458,1.0,0,-0.1444168954694518,-0.11039178942989852,0.0,-0.22809217980074292,0.0,-0.1716328110444545,0.0,-0.19817210900292737,1.0,0.08513797934919909,1.0,1.1021749149545643,0.0,-0.38132062547261325,0.0,-624.5041085132866,2+3|2+4,2.0,2+3|2+4,True
K12A,0.9042999193887522,0.8495285348525139,0.8495285348525139,1.0,0,-0.14494478834305669,-0.12185038102265294,0.0,-0.02069900066403149,0.0,-0.15167744872804587,0.0,-0.1778585001809044,0.0,-0.046414120089088906,0.0,-0.015746881216454206,0.0,-0.3955350083840127,0.0,-7.721555372795608,EMPTY,-1.0,EMPTY,True
K12A,0.0680305771743408,1.7756976907384359,1.7756976907384359,1.0,0,-0.14763322356214648,-0.09696624124708308,0.0,-0.10696146619759592,0.0,-0.16509961765013118,0.0,-0.19982057943281673,1.0,0.04402598265460022,1.0,1.2743980149999707,0.0,-0.3769922954070518,0.0,-624.3809805465274,2+3|2+4,2.0,2+3|2+4,True
K12A,0.2568253203908586,1.6050185051655306,1.6050185051655306,1.0,0,-0.14703996334933211,-0.10380025933265308,1.0,0.14992557411247992,0.0,-0.14675729269615878,0.0,-0.1210593394174919,0.0,-0.012622074170020092,1.0,0.2887333581031061,0.0,-0.34939702281211527,0.0,-inf,2,1.0,2,True
K12A,0.0014498060530240033,1.2403272092407118,1.2403272092407118,1.0,0,-0.14593334299761745,-0.11657870130672914,1.0,0.3713936251252603,1.0,0.22497645350057016,0.0,-0.25649584222830557,0.0,-0.20928411226399846,0.0,-1.260127641832986,0.0,-0.4667073502371335,0.0,-inf,2|3,1.0,2|3,True
K12A,0.784774030159264,1.122048309584665,1.122048309584665,1.0,0,-0.14561489408986816,-0.11964066531568682,0.0,-0.0033213827291364573,0.0,-0.15108373923181367,0.0,-0.17331742280305343,0.0,-0.03720536460746322,1.0,0.006883879965048039,0.0,-0.3913609480119562,0.0,-7.274817808564082,2+4,2.0,2+4,True
K12A,0.18933220877431492,1.2107291768010864,1.2107291768010864,1.0,0,-0.14585195877900262,-0.11741865982340277,1.0,0.14136738332585919,0.0,-0.1490460960276666,0.0,-0.12314951941116081,0.0,-0.0076619274344751215,1.0,0.4334026582212034,0.0,-0.3426839653475857,0.0,-inf,2,1.0,2,True
K12A,0.7457276358404895,0.7427090047996502,0.7427090047996502,1.0,0,-0.14470384962550809,-0.11922173441814093,0.0,-0.0006156454862413785,0.0,-0.1512622637043573,0.0,-0.17188954822481478,0.0,-0.0387671124420188,1.0,0.01129771287230652,0.0,-0.390829580734523,0.0,-7.136531943293648,2+4,2.0,2+4,True
K12A,0.001407317666521769,1.191654246973275,1.191654246973275,1.0,0,-0.1458001185657085,-0.1179360194169364,0.0,-0.4677846152190859,1.0,0.22317176428389712,0.0,-0.25567503594223945,0.0,-0.20971264776537585,0.0,-1.255709702822647,0.0,-0.4668619882634666,0.0,-inf,3,1.0,3,True
K12A,0.6660766570264641,1.6303863535856842,1.6303863535856842,1.0,0,-0.1471248143624867,-0.10280576050358176,1.0,0.021300550187431794,0.0,-0.15009941849933417,0.0,-0.16670557787889928,0.0,-0.02540636335390062,1.0,0.037678609188751,0.0,-0.3854130749927257,0.0,-5.707954714049981,2,1.0,2,True
K12A,0.7667568672562346,1.4560974854644102,1.4560974854644102,1.0,0,-0.1465635388810842,-0.10942728350047587,1.0,0.002117874258441843,0.0,-0.15073068428853897,0.0,-0.1722528452335872,0.0,-0.032869589724296266,1.0,0.013370496620650835,0.0,-0.3899655519818923,0.0,-7.207949998638114,2,1.0,2+4,False
K12A,0.2796641599478125,1.5609922278547048,1.5609922278547048,1.0,0,-0.14689531957472457,-0.10550418579187931,1.0,0.13995196056796735,0.0,-0.14703570447310604,0.0,-0.1246275276818758,0.0,-0.0140512820227634,1.0,0.25354584721031614,0.0,-0.35265237660705395,0.0,-inf,2,1.0,2,True
K12A,0.3119586045254501,1.6826834488372961,1.6826834488372961,1.0,0,-0.14730331990903933,-0.10072984153558015,1.0,0.13078956869006847,0.0,-0.147025002500918,0.0,-0.1285201020612151,0.0,-0.013535665659082707,1.0,0.21589329978821198,0.0,-0.35653683411207726,0.0,-inf,2,1.0,2,True
K12A,0.39584287645297067,1.699414182536477,1.699414182536477,1.0,0,-0.14736146842567632,-0.10005911740745613,1.0,0.09754931715035392,0.0,-0.14792254238297284,0.0,-0.14104775180254236,0.0,-0.014525486302851887,1.0,0.14570646055430178,0.0,-0.36622993234653445,0.0,-4.345443958082718,2,1.0,2,True
K12A,0.05104070792857214,0.5515153675647546,0.5515153675647546,1.0,0,-0.1442996470221004,-0.10378974241304789,0.0,-0.32265628360014775,0.0,-0.1755417313175987,0.0,-0.21073474387009905,1.0,0.0960591744021394,1.0,1.2388130796316432,0.0,-0.3973179039012331,0.0,-625.138497431061,2+3|2+4,2.0,2+3|2+4,True
K12A,0.2744183942943448,0.8222809064321146,0.8222809064321146,1.0,0,-0.1448822407454078,-0.12144835029535661,1.0,0.11701025382899749,0.0,-0.1491172262238639,0.0,-0.13026083457658355,0.0,-0.021228307678931857,1.0,0.24899450004217324,0.0,-0.3543370709984719,0.0,-inf,2,1.0,2,True
K12A,0.021655727286484714,1.589585242497466,1.589585242497466,1.0,0,-0.14698888470724136,-0.10440088956301494,1.0,0.2250064825783623,0.0,-0.030655746042128118,1.0,0.05891942177059892,0.0,-0.049216843860592274,1.0,2.0658605330400635,0.0,-0.43611352582311025,0.0,-inf,2|4,1.0,2|4,True
K12A,0.5121908213194717,0.9886196168121972,0.9886196168121972,1.0,0,-0.14527632030326676,-0.1218486215269258,1.0,0.049282298029753646,0.0,-0.14990454347909937,0.0,-0.15656777953250575,0.0,-0.025566051536251078,1.0,0.07908246489696812,0.0,-0.3782313807270662,0.0,-5.008608844946101,2,1.0,2,True
K12A,0.9001472813537678,1.2656878232892532,1.2656878232892532,1.0,0,-0.14600400556158444,-0.11582595578090223,0.0,-0.017303600694264676,0.0,-0.1513531135657281,0.0,-0.1775822787271205,0.0,-0.042391234802653444,0.0,-0.011771582956239833,0.0,-0.3945407995070861,0.0,-7.703737504558925,EMPTY,-1.0,EMPTY,True
K12A,0.29261156710101816,1.2405272130499656,1.2405272130499656,1.0,0,-0.14593389686622255,-0.11657287989297378,1.0,0.12501347893687298,0.0,-0.14798028547764847,0.0,-0.1291774386339078,0.0,-0.017823627072987097,1.0,0.23181856551939262,0.0,-0.35543651576069457,0.0,-inf,2,1.0,2,True
K12A,0.049463499002304824,1.5214023732010842,1.5214023732010842,1.0,0,-0.14676801398341022,-0.10700953855163137,0.0,-0.24555560917207908,0.0,-0.17306475946361222,0.0,-0.22030837775799286,1.0,0.04624312540243289,1.0,1.507542204389079,0.0,-0.39790027175615805,0.0,-625.207097918717,2+3|2+4,2.0,2+3|2+4,True
K12A,0.1398714341360217,1.7629677060582898,1.7629677060582898,1.0,0,-0.1475871032468541,-0.09748600015160802,1.0,0.1601927820722167,0.0,-0.1488632623036367,0.0,-0.12840415560321644,1.0,0.009807906232414343,1.0,0.6543140392725907,0.0,-0.3413782884936325,0.0,-inf,2,1.0,2,True
K12A,0.4397301140434675,1.8033299107322804,1.8033299107322804,1.0,0,-0.14773442387243352,-0.09583356417840527,1.0,0.08350734853070238,0.0,-0.14821130380223105,0.0,-0.14630623299905707,0.0,-0.01414366662773947,1.0,0.12119614806777876,0.0,-0.3701464165191324,0.0,-4.580949826501525,2,1.0,2,True
K12A,0.2836488951860454,1.3157193593215484,1.3157193593215484,1.0,0,-0.14614598582264532,-0.11426156048145253,1.0,0.1304298433598473,0.0,-0.1477392304356003,0.0,-0.12735282418114996,0.0,-0.016734220858377336,1.0,0.24439811913550566,0.0,-0.35399325804918813,0.0,-inf,2,1.0,2,True
K12A,0.0637826416155097,1.1409074463270026,1.1409074463270026,1.0,0,-0.14566447697370788,-0.11920962508055916,0.0,-0.23337909403530765,0.0,-0.16985681576574832,0.0,-0.20154643571231012,1.0,0.06614831066678739,1.0,1.2350186913992507,0.0,-0.382166837155405,0.0,-624.575549150208,2+3|2+4,2.0,2+3|2+4,True
K12A,0.6951962288570525,1.7460791143795513,1.7460791143795513,1.0,0,-0.1475263981934416,-0.09817342269126222,1.0,0.016814729411376572,0.0,-0.15013959322234302,0.0,-0.16826499679269313,0.0,-0.025768655204798388,1.0,0.03166431848680898,0.0,-0.3864418003928606,0.0,-5.799401055479382,2,1.0,2,True
K12A,0.09358324575720343,0.5817147597684176,0.5817147597684176,1.0,0,-0.1443613096873202,-0.1075435982821156,0.0,-0.06788533825480624,0.0,-0.16454338139184205,0.0,-0.173365693576975,1.0,0.051396683433733714,1.0,0.8639833793018409,0.0,-0.35911128270076353,0.0,-inf,2+3|2+4,2.0,2+3|2+4,True
K12A,0.09758612981747326,0.902439734704285,0.902439734704285,1.0,0,-0.14506845052748873,-0.12221155373396748,0.0,-0.024723277430999058,0.0,-0.16178501562015982,0.0,-0.1685049917060719,1.0,0.042559074872585645,1.0,0.8734027441338694,0.0,-0.3563127891253648,0.0,-inf,2+3|2+4,2.0,2+3|2+4,True
K12A,0.020341779526552174,0.7065130126891359,0.7065130126891359,1.0,0,-0.14462474393914504,-0.11757255965691721,0.0,-0.4596640726042116,0.0,-0.18161175287049589,0.0,-0.23660096999103064,0.0,-0.014831775548816872,1.0,1.8688294468593432,0.0,-0.43951397401964654,0.0,-inf,2+4,2.0,2+3|2+4,False
K12A,0.103004604586001,0.9951094694285976,0.9951094694285976,1.0,0,-0.14529230820035316,-0.1217820232650344,1.0,0.005422548924649828,0.0,-0.15998756761344446,0.0,-0.1633425405012994,1.0,0.0363500490234524,1.0,0.8424529721015092,0.0,-0.3534414341870986,0.0,-inf,2,1.0,2+3|2+4,False
K12A,0.3032452504422063,1.690370507211714,1.690370507211714,1.0,0,-0.1473299729988543,-0.10042204454138867,1.0,0.13463092169387003,0.0,-0.14691160433699813,0.0,-0.12707705028479155,0.0,-0.013287227121137946,1.0,0.22575170992964877,0.0,-0.35537759335901187,0.0,-inf,2,1.0,2,True
K12A,0.12170251815447529,1.9540301118412648,1.9540301118412648,1.0,0,-0.08956796143655754,-0.08956796143655754,1.0,0.16288166187151615,0.0,-0.14955713619495367,0.0,-0.13721862584709676,1.0,0.017304114636993745,1.0,0.7739341225714078,0.0,-0.34455135758361766,0.0,-inf,2,1.0,2,True
K12A,0.07348830950453349,1.7166273990893826,1.7166273990893826,1.0,0,-0.14742183182192725,-0.09936600943920096,0.0,-0.06224637668539797,0.0,-0.16350152405109405,0.0,-0.19246486284082737,1.0,0.044533907404091244,1.0,1.1994216185555304,0.0,-0.37200079485445847,0.0,-inf,2+3|2+4,2.0,2+3|2+4,True
K12A,0.8834888340393459,0.773638252848498,0.773638252848498,1.0,0,-0.1447724460532509,-0.12029413564204883,0.0,-0.01884528969437088,0.0,-0.15167624168689942,0.0,-0.17721135939861832,0.0,-0.045957172204766084,0.0,-0.013142395030809273,0.0,-0.395140332343793,0.0,-7.64472220937961,EMPTY,-1.0,EMPTY,True
K12A,0.34152618695746295,1.9797595737531974,1.9797595737531974,1.0,0,-0.08848625793806653,-0.08848625793806653,1.0,0.12596879871133015,0.0,-0.14672481643096197,0.0,-0.1310654640589497,0.0,-0.010514812374911309,1.0,0.1907777358397469,0.0,-0.35926931373587423,0.0,-4.023057498600902,2,1.0,2,True
K12A,0.07967899908298919,1.39715060830715,1.39715060830715,1.0,0,-0.14638465196689388,-0.11152601702562986,0.0,-0.06859920311526246,0.0,-0.16352497812579736,0.0,-0.18465813772983963,1.0,0.049349524996429306,1.0,1.0922765233714404,0.0,-0.36728835279742206,0.0,-inf,2+3|2+4,2.0,2+3|2+4,True
K12A,0.09476206120188431,1.2762186048365967,1.2762186048365967,1.0,0,-0.14603360352116895,-0.1155050751949708,1.0,0.002369303413248796,0.0,-0.16010747898297079,0.0,-0.16908469237949852,1.0,0.040017156053190506,1.0,0.9353304584026739,0.0,-0.35719939110529797,0.0,-inf,2,1.0,2+3|2+4,False
K12A,0.15570163984774193,1.7730777271131286,1.7730777271131286,1.0,0,-0.14762370584571993,-0.09707332253589301,1.0,0.1704348955031118,0.0,-0.1475751727405143,0.0,-0.12146690240354019,1.0,0.004126685636856919,1.0,0.5757287267551854,0.0,-0.3400594311088718,0.0,-inf,2,1.0,2,True
K12A,0.0014878345717283152,1.4730207134665267,1.4730207134665267,1.0,0,-0.14661588057271469,-0.10880933019789146,1.0,0.4139221354356799,1.0,0.2356033877621237,1.0,0.22896580531269217,0.0,-0.20876532491067,0.0,-1.2783127554753397,0.0,-0.4662083006182488,0.0,-inf,2|3|4,1.0,2|3|4,True
K12A,0.15108284780618117,0.7803466956907941,0.7803466956907941,1.0,0,-0.14478744801514343,-0.1204899397427116,1.0,0.09128245856344958,0.0,-0.153801625112659,0.0,-0.13700967800383984,1.0,0.003565816219911866,1.0,0.5569967684604047,0.0,-0.34297970024333657,0.0,-inf,2,1.0,2,True
K12A,0.9185452793854136,1.2958557123615435,1.2958557123615435,1.0,0,-0.14608920191545283,-0.11489449232989929,0.0,-0.019206382410312417,0.0,-0.15138483687876733,0.0,-0.17817035289598465,0.0,-0.04316074864098246,0.0,-0.014334103052699828,0.0,-0.39496035507469857,0.0,-7.771558385368699,EMPTY,-1.0,EMPTY,True
K12A,0.11713758073865546,1.012243942870204,1.012243942870204,1.0,0,-0.14533474955545556,-0.12158332932472415,1.0,0.050541695106926854,0.0,-0.1570672028358323,0.0,-0.15230662965656738,1.0,0.024456505399857525,1.0,0.7475879585029761,0.0,-0.3479917816179391,0.0,-inf,2,1.0,2,True
K12A,0.03770136454804108,1.5193957826415647,1.5193957826415647,1.0,0,-0.14676162980802543,-0.10708509425506768,0.0,-0.01968411355320808,0.0,-0.1768959464938818,0.0,-0.11854027996836758,1.0,0.02405058807932603,1.0,1.7139242921400581,0.0,-0.41325608972123296,0.0,-625.7249259044231,2+3|2+4,2.0,2+3|2+4,True
K12A,0.006499727281709067,0.7709906082053481,0.7709906082053481,1.0,0,-0.1447665374129221,-0.12021339215435292,0.0,-0.46505545191774733,0.0,-0.18322254151215955,0.0,-0.24631888278576947,0.0,-0.14858014648406215,0.0,-1.2619168886738241,0.0,-0.4601375767485958,0.0,-inf,EMPTY,-1.0,EMPTY,True
K12B,0.2372283212946448,0.7269140710971325,1.0,0.7269140710971325,0,-0.142453591726734,-0.142453591726734,1.0,0.1447420262605134,0.0,-0.1451786895645441,0.0,-0.1185462051581522,0.0,-0.012259854402352471,1.0,0.31722696037003645,0.0,-0.34748583140041345,0.0,-inf,2,1.0,2,True
K12B,0.2760802468487183,1.9398997976531343,1.0,1.9398997976531343,0,-0.14599784926043602,0.08880099192812668,,,,,,,,,,,,,,,BASE_UNSTABLE,,BASE_UNSTABLE,True
K12B,0.031803627365863105,1.7250423255998584,1.0,1.7250423255998584,0,-0.14609758538235218,0.06205222914439716,,,,,,,,,,,,,,,BASE_UNSTABLE,,BASE_UNSTABLE,True
K12B,0.024792183001727967,1.5511561276177595,1.0,1.5511561276177595,0,-0.14614029368400605,0.034465857242407444,,,,,,,,,,,,,,,BASE_UNSTABLE,,BASE_UNSTABLE,True
K12B,0.1910303135392368,1.7035778319850494,1.0,1.7035778319850494,0,-0.1461053281763922,0.058975104185121724,,,,,,,,,,,,,,,BASE_UNSTABLE,,BASE_UNSTABLE,True
K12B,0.008472918249318688,1.1974915921848015,1.0,1.1974915921848015,0,-0.14591962811549342,-0.04840926434143089,0.0,-0.4646276432069262,0.0,-0.1838980415712507,0.0,-0.24744077950516002,0.0,-0.13263407645655503,0.0,-1.2818727958884273,0.0,-0.4570860264427501,0.0,-inf,EMPTY,-1.0,EMPTY,True
K12B,0.9146816770306962,0.7030654419216549,1.0,0.7030654419216549,0,-0.14196546985545666,-0.14196546985545666,0.0,-0.01763527526935335,0.0,-0.1482741671850398,0.0,-0.17472396004017055,0.0,-0.04128303319251769,0.0,-0.012785608636859756,0.0,-0.39431517064338906,0.0,-7.7559487021366245,EMPTY,-1.0,EMPTY,True
K12B,0.28996656406236976,0.569005473787902,1.0,0.569005473787902,0,-0.13769213386057505,-0.13769213386057505,1.0,0.13735473675651833,0.0,-0.1407238519152543,0.0,-0.11781689429011569,0.0,-0.009951459073359287,1.0,0.23855176546858406,0.0,-0.3532361672463009,0.0,-inf,2,1.0,2,True
K12B,0.21285129714387527,0.9461674617682099,1.0,0.9461674617682099,0,-0.14500058919397854,-0.14500058919397854,1.0,0.13512571196010548,0.0,-0.14875158009578876,0.0,-0.12359661850983322,0.0,-0.013028246317789205,1.0,0.36570731196270456,0.0,-0.34550448279001156,0.0,-inf,2,1.0,2,True
K12B,0.7120133669021097,1.0630572188216905,1.0,1.0630572188216905,0,-0.1455712008719371,-0.09524580763551771,1.0,0.006500156938012258,0.0,-0.15123795076613497,0.0,-0.17039617847800384,0.0,-0.03510751171764026,1.0,0.020277586330693584,0.0,-0.3890914508354042,0.0,-7.023907775554433,2,1.0,2,True
K12B,0.2220793410103214,0.9345622866862002,1.0,0.9345622866862002,0,-0.1449238871092039,-0.1449238871092039,1.0,0.13534519999498656,0.0,-0.14844879147761136,0.0,-0.1235066231441464,0.0,-0.014212963383492871,1.0,0.3447987226276179,0.0,-0.3465663501256302,0.0,-inf,2,1.0,2,True
K12B,0.0071367397097638055,1.4747847859071068,1.0,1.4747847859071068,0,-0.1461391206436714,0.020129855806091,,,,,,,,,,,,,,,BASE_UNSTABLE,,BASE_UNSTABLE,True
K12B,0.017209846292286297,1.5059918912567891,1.0,1.5059918912567891,0,-0.1461415389902333,0.026175795871314272,,,,,,,,,,,,,,,BASE_UNSTABLE,,BASE_UNSTABLE,True
K12B,0.7227214537537592,0.7548462305598425,1.0,0.7548462305598425,0,-0.1429536577208157,-0.1429536577208157,1.0,0.008172741164472072,0.0,-0.14852279012167285,0.0,-0.16791994939343097,0.0,-0.03126576488776284,1.0,0.021350252861408597,0.0,-0.38840961266461227,0.0,-7.056798102148161,2,1.0,2,True
K12B,0.09687889570399305,1.1374176530409912,1.0,1.1374176530409912,0,-0.14579383065651957,-0.06791438755590276,0.0,-0.03230494525573602,0.0,-0.16270069633110973,0.0,-0.17042370688719433,1.0,0.04333284288635264,1.0,0.8804627973296877,0.0,-0.35672708871543635,0.0,-inf,2+3|2+4,2.0,2+3|2+4,True
K12B,0.39173993343846725,0.7718859740505306,1.0,0.7718859740505306,0,-0.14322534934382825,-0.14322534934382825,1.0,0.0904367726593662,0.0,-0.1467648907846521,0.0,-0.14048668826504992,0.0,-0.018442767248715464,1.0,0.1428739788387895,0.0,-0.36692519106215893,0.0,-4.339812730722488,2,1.0,2,True
K12B,0.2695722799240407,1.4631970330694966,1.0,1.4631970330694966,0,-0.14613745550956103,0.01781474418042446,,,,,,,,,,,,,,,BASE_UNSTABLE,,BASE_UNSTABLE,True
K12B,0.1452485290844822,0.7340293169797238,1.0,0.7340293169797238,0,-0.14258788857839444,-0.14258788857839444,1.0,0.12801031776962768,0.0,-0.1486684944582687,0.0,-0.12780280082602474,1.0,0.008434216575140319,1.0,0.6014929144089127,0.0,-0.34188386275628324,0.0,-inf,2,1.0,2,True
K12B,0.03844468770655323,0.6962941262427627,1.0,0.6962941262427627,0,-0.1418154209537522,-0.1418154209537522,0.0,-0.3039931225011219,0.0,-0.1726377747823834,0.0,-0.22262280593588635,1.0,0.03924193805905257,1.0,1.6080663993769984,0.0,-0.4123487405330186,0.0,-625.6912644976271,2+3|2+4,2.0,2+3|2+4,True
K12B,0.48945812526064447,0.7944225232214638,1.0,0.7944225232214638,0,-0.1435503875705758,-0.1435503875705758,1.0,0.05903344072498981,0.0,-0.14782566877172076,0.0,-0.15199486204297968,0.0,-0.021318614732643647,1.0,0.09110504879685366,0.0,-0.37571227311480515,0.0,-4.872181986026657,2,1.0,2,True
K12B,0.5507061226223443,1.9637933018745337,1.0,1.9637933018745337,0,-0.14598508203439797,0.09138197478750468,,,,,,,,,,,,,,,BASE_UNSTABLE,,BASE_UNSTABLE,True
K12B,0.1934196185870731,1.3115093215116982,1.0,1.3115093215116982,0,-0.14606524968178425,-0.016520269301120813,1.0,0.11777088439257949,0.0,-0.15178190945806347,0.0,-0.12938766594775797,0.0,-0.011916149607207502,1.0,0.41061053334150094,0.0,-0.3444094517336914,0.0,-inf,2,1.0,2,True
K12B,0.021780085568649382,1.846725886647993,1.0,1.846725886647993,0,-0.14604507148143686,0.07803450404117246,,,,,,,,,,,,,,,BASE_UNSTABLE,,BASE_UNSTABLE,True
K12B,0.0168593994498616,0.6646630062884651,1.0,0.6646630062884651,0,-0.1410388341133066,-0.1410388341133066,1.0,0.016513594337537157,0.0,-0.1770055537958522,0.0,-0.13801751803454324,0.0,-0.06063844695365028,1.0,2.042018456418832,0.0,-0.4433541726814599,0.0,-inf,2,1.0,2,True
K12B,0.4185910652825164,0.7590437816711231,1.0,0.7590437816711231,0,-0.14302279545064633,-0.14302279545064633,1.0,0.0816921358518928,0.0,-0.14677444497604034,0.0,-0.1435683185369484,0.0,-0.018661441792113653,1.0,0.1266184822542799,0.0,-0.369498927511192,0.0,-4.485357600887875,2,1.0,2,True
K12B,0.39982700509568964,0.6074966465542161,1.0,0.6074966465542161,0,-0.13925258773133997,-0.13925258773133997,1.0,0.09295627135887669,0.0,-0.14312073141634607,0.0,-0.136485269785164,0.0,-0.013688895521170447,1.0,0.1409697794616824,0.0,-0.3665239933213762,0.0,-4.3525677962423455,2,1.0,2,True
K12B,0.020625501734637584,0.849894471291867,1.0,0.849894471291867,0,-0.14420979830653682,-0.14420979830653682,1.0,0.047128061283585494,0.0,-0.13269972126686,0.0,-0.24025887656050054,0.0,-0.03284415171749355,1.0,1.9632501600541983,0.0,-0.4383103086113377,0.0,-inf,2,1.0,2,True
K12B,0.040030520619175045,0.6928127003624635,1.0,0.6928127003624635,0,-0.14173617078492873,-0.14173617078492873,0.0,-0.33711737676486264,0.0,-0.1720637363649538,0.0,-0.22090048137823648,1.0,0.04268452099446396,1.0,1.5810854571190434,0.0,-0.41019148957155016,0.0,-625.6201565271567,2+3|2+4,2.0,2+3|2+4,True
K12B,0.1324660620775938,0.9255546465929527,1.0,0.9255546465929527,0,-0.14486126697531437,-0.14486126697531437,1.0,0.08875367509410505,0.0,-0.15379888448778645,0.0,-0.14113803260490473,1.0,0.014074692604629568,1.0,0.6602654116486044,0.0,-0.34421274014169684,0.0,-inf,2,1.0,2,True
K12B,0.3352262723526576,1.33609278804223,1.0,1.33609278804223,0,-0.14608461046142213,-0.010394051286455791,1.0,0.09792428060785213,0.0,-0.15019530158601807,0.0,-0.1390481053808007,0.0,-0.024598598741686906,1.0,0.18010541038368597,0.0,-0.3624527259525557,0.0,-4.074039655586675,2,1.0,2,True
K12B,0.9525740641792885,1.3033984023670222,1.0,1.3033984023670222,0,-0.14605805973177025,-0.018595076667036636,0.0,-0.0266030013222584,0.0,-0.15276248448522292,0.0,-0.18029192234884672,0.0,-0.04998617858679821,0.0,-0.02344337437622809,0.0,-0.3969969575722288,0.0,-7.898999470824467,EMPTY,-1.0,EMPTY,True
K12B,0.4550743743533899,1.7184409284334274,1.0,1.7184409284334274,0,-0.14610002459885918,0.06111472507370119,,,,,,,,,,,,,,,BASE_UNSTABLE,,BASE_UNSTABLE,True
K12B,0.4470874909554523,1.495643214711564,1.0,1.495643214711564,0,-0.14614105652936038,0.02420074726703475,,,,,,,,,,,,,,,BASE_UNSTABLE,,BASE_UNSTABLE,True
K12B,0.6945287519368963,0.843723668305896,1.0,0.843723668305896,0,-0.14414513622240527,-0.14414513622240527,1.0,0.011786847483383156,0.0,-0.149569172840821,0.0,-0.1677343878531154,0.0,-0.03135778342140233,1.0,0.026488951969551117,0.0,-0.3876654894950847,0.0,-6.971088876324175,2,1.0,2,True
K12B,0.6000683506626989,1.53791529798912,1.0,1.53791529798912,0,-0.14614119208212317,0.03208946427466486,,,,,,,,,,,,,,,BASE_UNSTABLE,,BASE_UNSTABLE,True
K12B,0.8969818828792746,0.6106475257886421,1.0,0.6106475257886421,0,-0.13936619433604788,-0.13936619433604788,0.0,-0.014002140643595673,0.0,-0.1459192465881003,0.0,-0.17168228786102174,0.0,-0.038017632658847444,0.0,-0.008438206446245267,0.0,-0.39319358921771635,0.0,-7.688604018083077,EMPTY,-1.0,EMPTY,True
K12B,0.0067529326591794035,1.3617534397998692,1.0,1.3617534397998692,0,-0.1461012191735096,-0.004248568787574236,0.0,-0.465211224162391,0.0,-0.18441525393054425,0.0,-0.2476309279196287,0.0,-0.15059708531398985,0.0,-1.2517820211012847,0.0,-0.45983788460885533,0.0,-inf,EMPTY,-1.0,EMPTY,True
K12B,0.7879444508180915,1.404372746158231,1.0,1.404372746158231,0,-0.14612164290080165,0.005433431874270811,,,,,,,,,,,,,,,BASE_UNSTABLE,,BASE_UNSTABLE,True
K12B,0.4019906831230383,1.359076135164132,1.0,1.359076135164132,0,-0.14609964716788904,-0.004878285146047433,1.0,0.07693382317566572,0.0,-0.15054782430497188,0.0,-0.147193163653542,0.0,-0.025990404907241443,1.0,0.1300640893899704,0.0,-0.36979660913701906,0.0,-4.436320104418391,2,1.0,2,True
K12B,0.555351439389519,1.150701664304631,1.0,1.150701664304631,0,-0.14582528379086945,-0.06341812500100807,1.0,0.037030419106930335,0.0,-0.1508540873397174,0.0,-0.16100631624410372,0.0,-0.028627890345092943,1.0,0.06223535145766926,0.0,-0.38144113256571055,0.0,-5.23838618029642,2,1.0,2,True
K12B,0.591102346351897,1.3908671358423452,1.0,1.3908671358423452,0,-0.1461160679351456,0.0024334155263598944,,,,,,,,,,,,,,,BASE_UNSTABLE,,BASE_UNSTABLE,True
K12B,0.7043290323373392,1.6201358362639515,1.0,1.6201358362639515,0,-0.14612946995073473,0.046173099796816,,,,,,,,,,,,,,,BASE_UNSTABLE,,BASE_UNSTABLE,True
K12B,0.0032558781495850633,0.6434112187400988,1.0,0.6434112187400988,0,-0.1404384238036991,-0.1404384238036991,1.0,0.1577304800545318,0.0,-0.03964095240801015,0.0,-0.028574630729744088,0.0,-0.1713112967811603,0.0,-1.3311870552501122,0.0,-0.463472786943778,0.0,-inf,2,1.0,2,True
K12B,0.17542043984516967,1.1330251582492712,1.0,1.1330251582492712,0,-0.14578293196430836,-0.06942530043124565,1.0,0.1172915239615932,0.0,-0.15180431034235864,0.0,-0.12997090084868662,0.0,-0.006017444398433214,1.0,0.46941014972100775,0.0,-0.34277647841534586,0.0,-inf,2,1.0,2,True
K12B,0.17552547516053513,0.7822711670751409,1.0,0.7822711670751409,0,-0.14337974548702714,-0.14337974548702714,1.0,0.14094160676038384,0.0,-0.14767169695072122,0.0,-0.12157727711245961,0.0,-0.002957802703445589,1.0,0.476568348178274,0.0,-0.34162773793936174,0.0,-inf,2,1.0,2,True
K12B,0.043166916700200945,1.2396623342799167,1.0,1.2396623342799167,0,-0.14598569684694374,-0.035896306413345375,0.0,-0.26314508663462377,0.0,-0.17785938269835355,0.0,-0.22125543460676572,1.0,0.07348611490434563,1.0,1.465588465396438,0.0,-0.406945683184568,0.0,-625.4815627300168,2+3|2+4,2.0,2+3|2+4,True
K12B,0.640726089912356,0.7559771164020415,1.0,0.7559771164020415,0,-0.142972430826032,-0.142972430826032,1.0,0.023263761191664428,0.0,-0.14816252691387494,0.0,-0.1632931824158124,0.0,-0.026892037886834586,1.0,0.04113975801961392,0.0,-0.3847800856630166,0.0,-5.617947707653009,2,1.0,2,True
K12B,0.1580557922451752,0.8843609679099398,1.0,0.8843609679099398,0,-0.144536778566985,-0.144536778566985,1.0,0.12233916570804526,0.0,-0.15051718873271958,0.0,-0.12916855841995883,1.0,0.0017616287485591464,1.0,0.5403453080357292,0.0,-0.3417959584362057,0.0,-inf,2,1.0,2,True
K12B,0.1017765559449768,1.2939866948329768,1.0,1.2939866948329768,0,-0.14604918817605927,-0.021037031314352403,0.0,-0.023015759248561918,0.0,-0.1626048543219714,0.0,-0.16766249196687177,1.0,0.03954308332365927,1.0,0.8352380955686853,0.0,-0.35443096534043594,0.0,-inf,2+3|2+4,2.0,2+3|2+4,True
K12B,0.6698578763140732,0.5296329739153238,1.0,0.5296329739153238,0,-0.13570563355786436,-0.13570563355786436,1.0,0.022370052101192806,0.0,-0.1419544241335967,0.0,-0.15785270546329905,0.0,-0.021700023950787697,1.0,0.03835145267164905,0.0,-0.38432107861329,0.0,-5.701845762469384,2,1.0,2,True
K12B,0.4201071139652083,1.1079685970192108,1.0,1.1079685970192108,0,-0.14571571711186426,-0.07828276604446405,1.0,0.0743886455167439,0.0,-0.1498703259234755,0.0,-0.14804316052872163,0.0,-0.024253668469093492,1.0,0.1212864938815083,0.0,-0.3710134886148799,0.0,-4.523331402246926,2,1.0,2,True
K12B,0.8093031622887819,1.0092119510593758,1.0,1.0092119510593758,0,-0.14534876939746555,-0.11764671097384061,0.0,-0.007835576652216847,0.0,-0.1513232723610658,0.0,-0.17446569336336606,0.0,-0.03985166257457867,1.0,0.001177124458391389,0.0,-0.3924739383735285,0.0,-7.366163270089785,2+4,2.0,2+4,True
K12B,0.80620662342594,0.9183737202773875,1.0,0.9183737202773875,0,-0.14480932361056859,-0.14480932361056859,0.0,-0.006594907266314787,0.0,-0.15070138937302657,0.0,-0.17370495180780976,0.0,-0.03861809290318155,1.0,0.002581001715861772,0.0,-0.39210646390667137,0.0,-7.353970139595409,2+4,2.0,2+4,True
K12B,0.0036338452803119704,0.699378973353563,1.0,0.699378973353563,0,-0.14188444138864387,-0.14188444138864387,1.0,0.18797804142255686,1.0,0.006925546425213452,0.0,-0.25166129901022094,0.0,-0.172509133890709,0.0,-1.3173626716071298,0.0,-0.4631478446055983,0.0,-inf,2|3,1.0,2,False
K12B,0.006010057819305989,1.5186004115501233,1.0,1.5186004115501233,0,-0.14614172293706584,0.028543262373596667,,,,,,,,,,,,,,,BASE_UNSTABLE,,BASE_UNSTABLE,True
K12B,0.13071577776372942,1.6866344606771768,1.0,1.6866344606771768,0,-0.14611103807267423,0.0564861961461063,,,,,,,,,,,,,,,BASE_UNSTABLE,,BASE_UNSTABLE,True
K12B,0.539926603811228,0.8767049139024816,1.0,0.8767049139024816,0,-0.14446887893575577,-0.14446887893575577,1.0,0.04407030502852173,0.0,-0.14910312446880933,0.0,-0.15773121527738512,0.0,-0.024636893513574676,1.0,0.07033285823595196,0.0,-0.37964091386880994,0.0,-5.144884234376916,2,1.0,2,True
K12B,0.7514463606937504,0.5450037504894698,1.0,0.5450037504894698,0,-0.13653430388531107,-0.13653430388531107,1.0,0.0075559832946566485,0.0,-0.14300717015270048,0.0,-0.1630895851045579,0.0,-0.027129597913373715,1.0,0.019336381839414385,0.0,-0.38790146491483846,0.0,-7.150086153324462,2,1.0,2,True
K12B,0.06153249703460173,0.5371651098000304,1.0,0.5371651098000304,0,-0.13612077369514597,-0.13612077369514597,0.0,-0.10171331058215377,0.0,-0.15743646568604455,0.0,-0.18607856208966644,1.0,0.05292673949050149,1.0,1.2734515426110056,0.0,-0.3835640674703722,0.0,-624.6767800663939,2+3|2+4,2.0,2+3|2+4,True
K12B,0.6147334935102752,0.5721069473616889,1.0,0.5721069473616889,0,-0.1378306459149624,-0.1378306459149624,1.0,0.03261507469239437,0.0,-0.14345036015602686,0.0,-0.15628775468725714,0.0,-0.020332090426613103,1.0,0.05201263264170261,0.0,-0.3820614285872994,0.0,-5.480745539928767,2,1.0,2,True
K12B,0.5650932332667168,1.000238682465761,1.0,1.000238682465761,0,-0.1453055632957476,-0.12162190440552065,1.0,0.03630614487660366,0.0,-0.1502009491653417,0.0,-0.16088763401717543,0.0,-0.027411121993444088,1.0,0.060338800365966075,0.0,-0.3816492870438988,0.0,-5.281163790203443,2,1.0,2,True
K12B,0.3091732494804638,0.856644037188117,1.0,0.856644037188117,0,-0.1442782948570332,-0.1442782948570332,1.0,0.11681780179845347,0.0,-0.14732988705027333,0.0,-0.1309351915927457,0.0,-0.018638471086820277,1.0,0.2110637366927659,0.0,-0.35779975644606576,0.0,-inf,2,1.0,2,True
K12B,0.013664202689158269,1.9989588764824813,1.0,1.9989588764824813,0,-0.14596592168135802,0.09505738782655113,,,,,,,,,,,,,,,BASE_UNSTABLE,,BASE_UNSTABLE,True
K12B,0.47314090938943587,1.7208196472469006,1.0,1.7208196472469006,0,-0.14609915144714591,0.06145343941841547,,,,,,,,,,,,,,,BASE_UNSTABLE,,BASE_UNSTABLE,True
K12B,0.00042385324528538784,0.9382232635002763,1.0,0.9382232635002763,0,-0.14494855696978193,-0.14494855696978193,0.0,-0.4677997438378555,0.0,-0.1832762260541107,0.0,-0.2533940112911669,0.0,-0.218571455632247,0.0,-1.238701258241514,0.0,-0.4685334916295073,0.0,-inf,EMPTY,-1.0,EMPTY,True
K12B,0.8384940032711099,0.9187075036736783,1.0,0.9187075036736783,0,-0.14481177889892927,-0.14481177889892927,0.0,-0.010939506558559658,0.0,-0.15081218076918346,0.0,-0.1749641232174421,0.0,-0.04044239315993664,0.0,-0.0031590767716505215,0.0,-0.39312213880921354,0.0,-7.474502108512635,EMPTY,-1.0,EMPTY,True
K12B,0.009197348338914595,1.953149593997519,1.0,1.953149593997519,0,-0.14599079670104687,0.09024080480799411,,,,,,,,,,,,,,,BASE_UNSTABLE,,BASE_UNSTABLE,True
K12B,0.011673053866529242,0.6880628191200198,1.0,0.6880628191200198,0,-0.1416256744899399,-0.1416256744899399,1.0,0.09306213278101533,0.0,-0.11393791877924742,0.0,-0.06869607691771423,0.0,-0.10020884756538184,1.0,2.1685250688998225,0.0,-0.4511815349062127,0.0,-inf,2,1.0,2,True
K12B,0.06341732703544221,1.4445404958946013,1.0,1.4445404958946013,0,-0.14613382655319507,0.014004107860670037,,,,,,,,,,,,,,,BASE_UNSTABLE,,BASE_UNSTABLE,True
K12B,0.029193388550645894,1.5455250629675814,1.0,1.5455250629675814,0,-0.14614072698237035,0.03346055723899255,,,,,,,,,,,,,,,BASE_UNSTABLE,,BASE_UNSTABLE,True
K12B,0.9509753525764713,1.9770247348608898,1.0,1.9770247348608898,0,-0.1459779208739097,0.09278177032209495,,,,,,,,,,,,,,,BASE_UNSTABLE,,BASE_UNSTABLE,True
K12B,0.23929928565364827,1.7410186511089423,1.0,1.7410186511089423,0,-0.14609148023147367,0.06428925005887683,,,,,,,,,,,,,,,BASE_UNSTABLE,,BASE_UNSTABLE,True
K12B,0.16592813076486038,0.8061235043445605,1.0,0.8061235043445605,0,-0.14370511257930008,-0.14370511257930008,1.0,0.13459343999995868,0.0,-0.148661483083887,0.0,-0.12441865959109788,0.0,-0.0003376055217274576,1.0,0.5110055342727413,0.0,-0.34146631415662765,0.0,-inf,2,1.0,2,True
K12B,0.09014498991017503,0.8851876280888804,1.0,0.8851876280888804,0,-0.14454395787433366,-0.14454395787433366,0.0,-0.03344223841821761,0.0,-0.16138687038347416,0.0,-0.17252785739311238,1.0,0.046715991265399937,1.0,0.9531577252164891,0.0,-0.36026500803361605,0.0,-inf,2+3|2+4,2.0,2+3|2+4,True
K12B,0.46672953261983935,0.8140679432537758,1.0,0.8140679432537758,0,-0.14380509715382161,-0.14380509715382161,1.0,0.06524798079922095,0.0,-0.1479245937125757,0.0,-0.1500285808710872,0.0,-0.021050042382194017,1.0,0.1008892799022201,0.0,-0.3740260585369931,0.0,-4.752615655978744,2,1.0,2,True
K12B,0.8423834246723574,0.6779063504983799,1.0,0.6779063504983799,0,-0.141379890355819,-0.141379890355819,0.0,-0.008396110267119089,0.0,-0.14752068183858036,0.0,-0.17161675781767743,0.0,-0.0364963327341046,0.0,-0.0006812950093776828,0.0,-0.39212201151909354,0.0,-7.486002758753758,EMPTY,-1.0,EMPTY,True
K12B,0.16763155938973304,0.5925751087475013,1.0,0.5925751087475013,0,-0.13868692749971823,-0.13868692749971823,1.0,0.1607229424289003,0.0,-0.14247175975412288,0.0,-0.11167299705068062,1.0,0.00290273181852152,1.0,0.5084691509439471,0.0,-0.3402764138006549,0.0,-inf,2,1.0,2,True
K12B,0.7995276215895417,1.2861177975920322,1.0,1.2861177975920322,0,-0.14604131946377463,-0.023107617115743093,0.0,-0.008266869217210149,0.0,-0.15228263545345683,0.0,-0.17508621000743246,0.0,-0.04156669700366589,1.0,0.001120429343602819,0.0,-0.39270812517477405,0.0,-7.331237558727478,2+4,2.0,EMPTY,False
K12B,0.028190342613131598,1.8549611904310004,1.0,1.8549611904310004,0,-0.1460410945167383,0.07903383382377771,,,,,,,,,,,,,,,BASE_UNSTABLE,,BASE_UNSTABLE,True
K12B,0.7668082583113837,1.525205672271266,1.0,1.525205672271266,0,-0.1461416492191937,0.0297668045808768,,,,,,,,,,,,,,,BASE_UNSTABLE,,BASE_UNSTABLE,True
K12B,0.2731678017468373,1.5217067705855807,1.0,1.5217067705855807,0,-0.14614170250710046,0.029120092645280926,,,,,,,,,,,,,,,BASE_UNSTABLE,,BASE_UNSTABLE,True
K12B,0.27310498667189503,0.6830018820942552,1.0,0.6830018820942552,0,-0.14150485246589883,-0.14150485246589883,1.0,0.1368349974279921,0.0,-0.14419290894763576,0.0,-0.12101841197448837,0.0,-0.013390488739291495,1.0,0.2587577847140682,0.0,-0.3519966571797841,0.0,-inf,2,1.0,2,True
K12B,0.4461350440877197,1.5072315720400375,1.0,1.5072315720400375,0,-0.14614157645387627,0.026410445211668326,,,,,,,,,,,,,,,BASE_UNSTABLE,,BASE_UNSTABLE,True
K12B,0.2649332842431128,0.8044476906439453,1.0,0.8044476906439453,0,-0.1436835076065206,-0.1436835076065206,1.0,0.13311824826727867,0.0,-0.14650991487214143,0.0,-0.12396132923150405,0.0,-0.015920798965061878,1.0,0.2686343930891197,0.0,-0.3516500969227463,0.0,-inf,2,1.0,2,True
K12B,0.5764463575524643,1.1302134349546225,1.0,1.1302134349546225,0,-0.14577582160911867,-0.07039888750730874,1.0,0.03235716951991985,0.0,-0.15089096664819618,0.0,-0.1624915141400214,0.0,-0.029281559658448086,1.0,0.055529922109686686,0.0,-0.3826595279146292,0.0,-5.343575199535259,2,1.0,2,True
K12B,0.9643772444165315,0.6118377022854589,1.0,0.6118377022854589,0,-0.13940859715347104,-0.13940859715347104,0.0,-0.021519239004749356,0.0,-0.14614481949595393,0.0,-0.17386165478509394,0.0,-0.042014151130928545,0.0,-0.018455527426868054,0.0,-0.3949167523974064,0.0,-7.935779120314672,EMPTY,-1.0,EMPTY,True
K12B,0.06676199547597277,1.3464613007690325,1.0,1.3464613007690325,0,-0.1460917431560767,-0.007881049378991815,0.0,-0.22615032593503545,0.0,-0.17191196212499402,0.0,-0.19943126234641018,1.0,0.07800505807581717,1.0,1.1362235754325285,0.0,-0.37973012942316997,0.0,-624.4396393390712,2+3|2+4,2.0,2+3|2+4,True
K12B,0.010367682345756525,1.2869427223161582,1.0,1.2869427223161582,0,-0.14604216408357718,-0.022889298094080426,0.0,-0.4638674021663157,0.0,-0.18393857632709226,0.0,-0.24584840731270818,0.0,-0.11196185638002121,0.0,-1.2928048097894715,0.0,-0.45435816601409895,0.0,-inf,EMPTY,-1.0,EMPTY,True
K12B,0.6809603361168444,0.5595880425087292,1.0,0.5595880425087292,0,-0.1372564446053093,-0.1372564446053093,1.0,0.01946484683580052,0.0,-0.14330478118033604,0.0,-0.15999727493590193,0.0,-0.02350363731111149,1.0,0.03483334064054683,0.0,-0.38516500445333746,0.0,-5.74515081092107,2,1.0,2,True
K12B,0.19372970651696036,1.3071524863128277,1.0,1.3071524863128277,0,-0.14606143898121182,-0.017631388981067447,1.0,0.11799905909595407,0.0,-0.15175019203598697,0.0,-0.12932063003656075,0.0,-0.011970990259307701,1.0,0.4097964098775466,0.0,-0.34442972940402083,0.0,-inf,2,1.0,2,True
K12B,0.5577007321489285,1.5125796017378585,1.0,1.5125796017378585,0,-0.14614168916631587,0.02741801804329777,,,,,,,,,,,,,,,BASE_UNSTABLE,,BASE_UNSTABLE,True
K12B,0.12022160050638596,0.5720453374756469,1.0,0.5720453374756469,0,-0.13782791777092346,-0.13782791777092346,1.0,0.12798089645993704,0.0,-0.1454355894610256,0.0,-0.1288735345785832,1.0,0.02239595586186688,1.0,0.7432601682278452,0.0,-0.34561529815600456,0.0,-inf,2,1.0,2,True
K12B,0.018753478682814552,0.5976476035664569,1.0,0.5976476035664569,0,-0.13888447961651695,-0.13888447961651695,0.0,-0.050467664533401346,0.0,-0.1742763980607701,0.0,-0.21612806459118006,0.0,-0.04724362957601544,1.0,1.9898486412162373,0.0,-0.44025102465382704,0.0,-inf,2+4,2.0,2+4,True
K12B,0.20498482750899805,1.8440907798814128,1.0,1.8440907798814128,0,-0.14604633464217587,0.0777126833470704,,,,,,,,,,,,,,,BASE_UNSTABLE,,BASE_UNSTABLE,True
K12B,0.8822150478650047,1.0803188040071285,1.0,1.0803188040071285,0,-0.14563069201542278,-0.08855299829901933,0.0,-0.01765456949446282,0.0,-0.15190472705879107,0.0,-0.17748500665994826,0.0,-0.04458887230149683,0.0,-0.011727078242110917,0.0,-0.3948147252454139,0.0,-7.6391501815631955,EMPTY,-1.0,EMPTY,True
K12B,0.09371003277678075,1.1520149623245495,1.0,1.1520149623245495,0,-0.14582827373212376,-0.06297948202967624,0.0,-0.047929915609227436,0.0,-0.16357825032385215,0.0,-0.17334305957860263,1.0,0.04671300093799169,1.0,0.9042830242786969,0.0,-0.3585275358739045,0.0,-inf,2+3|2+4,2.0,2+3|2+4,True
K12B,0.9474594527003939,1.435695142183631,1.0,1.435695142183631,0,-0.14613167513777436,0.012160543225571169,,,,,,,,,,,,,,,BASE_UNSTABLE,,BASE_UNSTABLE,True
K12B,1.8535891361962987e-07,1.9263038131145551,1.0,1.9263038131145551,0,-0.14600501045988612,0.08730094573463294,,,,,,,,,,,,,,,BASE_UNSTABLE,,BASE_UNSTABLE,True
K12B,0.8868787544893835,1.3218053022691099,1.0,1.3218053022691099,0,-0.14607379196499715,-0.01392520832550595,0.0,-0.019501108427980807,0.0,-0.15262253321014027,0.0,-0.17831808016067588,0.0,-0.0465359661671736,0.0,-0.013849994751956373,0.0,-0.39535921329304047,0.0,-7.657638558523274,EMPTY,-1.0,EMPTY,True
K12B,0.007409084309911235,1.2314245991929909,1.0,1.2314245991929909,0,-0.14597404668333613,-0.03827000897167987,0.0,-0.4650212389617049,0.0,-0.18409063569964257,0.0,-0.24790145568672214,0.0,-0.14393269216280635,0.0,-1.2684237628636934,0.0,-0.45871578477431374,0.0,-inf,EMPTY,-1.0,EMPTY,True
K12B,0.7720175274254898,1.7079087158337125,1.0,1.7079087158337125,0,-0.14610381033370656,0.05960272096509685,,,,,,,,,,,,,,,BASE_UNSTABLE,,BASE_UNSTABLE,True
K12B,0.08297530923240856,1.5592101852114324,1.0,1.5592101852114324,0,-0.14613954593493195,0.035890200611218476,,,,,,,,,,,,,,,BASE_UNSTABLE,,BASE_UNSTABLE,True
K12B,0.8563741040643302,1.3753410492809228,1.0,1.3753410492809228,0,-0.14610864975588422,-0.001092709531220093,0.0,-0.016082401085973697,0.0,-0.1526266545999676,0.0,-0.17737232440847506,0.0,-0.04516651546168088,0.0,-0.009204652369603258,0.0,-0.3945776115120003,0.0,-7.543935931995529,EMPTY,-1.0,EMPTY,True
K12B,0.783808129605793,0.9650830144868439,1.0,0.9650830144868439,0,-0.14511660939874782,-0.137929198543302,0.0,-0.003857645942212773,0.0,-0.15096351805933833,0.0,-0.17313494055441983,0.0,-0.03794174693228264,1.0,0.006322178736002132,0.0,-0.3915039754493812,0.0,-7.2716625850384276,2+4,2.0,2+4,True
K12B,0.9800798129587761,1.9725708455346043,1.0,1.9725708455346043,0,-0.1459803382336342,0.092312884507462,,,,,,,,,,,,,,,BASE_UNSTABLE,,BASE_UNSTABLE,True
K12B,0.1601149980912921,1.3932809309049823,1.0,1.3932809309049823,0,-0.14611712276723293,0.002974126076061484,,,,,,,,,,,,,,,BASE_UNSTABLE,,BASE_UNSTABLE,True
K12B,0.1414019479555981,1.9552289756175418,1.0,1.9552289756175418,0,-0.14598968361205567,0.09046481968961884,,,,,,,,,,,,,,,BASE_UNSTABLE,,BASE_UNSTABLE,True
K12B,0.18226965133947223,1.370266421324534,1.0,1.370266421324534,0,-0.14610598000084307,-0.002263584642063221,1.0,0.11166301188921768,0.0,-0.15258350328376233,0.0,-0.1312583566405432,0.0,-0.009166623363025622,1.0,0.44298994137468395,0.0,-0.3436242264185193,0.0,-inf,2,1.0,2,True
K12B,0.00014121725641282062,1.3007845693354403,1.0,1.3007845693354403,0,-0.1460556537609463,-0.01926952273738681,0.0,-0.467740785922934,0.0,-0.1847622107102318,0.0,-0.2515687798057834,0.0,-0.22970680550454592,0.0,-1.1986159043997968,0.0,-0.46952004535095015,0.0,-inf,EMPTY,-1.0,EMPTY,True
K12B,0.5703206209200249,1.2030863447650728,1.0,1.2030863447650728,0,-0.1459293506174465,-0.046696271854735905,1.0,0.033112823913341166,0.0,-0.15110634853351723,0.0,-0.16234573344719327,0.0,-0.029673074894562446,1.0,0.056931768033936965,0.0,-0.382454273383414,0.0,-5.3156611419453075,2,1.0,2,True
K12B,0.030999945186101833,1.369444782799985,1.0,1.369444782799985,0,-0.14610553602591253,-0.002454027376060045,0.0,-0.45312636008323903,0.0,-0.18099209248894838,0.0,-0.231095795134743,1.0,0.04256757243044962,1.0,1.6840582925612133,0.0,-0.42384478700024597,0.0,-626.045206526506,2+3|2+4,2.0,2+3|2+4,True
K12B,0.8098452791492613,1.2948355815781902,1.0,1.2948355815781902,0,-0.14605001220257285,-0.020815244084377543,0.0,-0.009720186469833636,0.0,-0.1523350974703379,0.0,-0.17551238545006748,0.0,-0.04218072058113714,0.0,-0.0008039247338660488,0.0,-0.3930550175898243,0.0,-7.369611254910888,EMPTY,-1.0,EMPTY,True
K12B,0.06344224964002551,1.161389885553045,1.0,1.161389885553045,0,-0.14584901326440547,-0.0598783028562196,0.0,-0.24671174200114326,0.0,-0.17191262611772679,0.0,-0.2021834120029488,1.0,0.07632545478315267,1.0,1.193016548652773,0.0,-0.38291462163878265,0.0,-624.5909336394122,2+3|2+4,2.0,2+3|2+4,True
K12B,0.028738422879073692,1.5640030287874593,1.0,1.5640030287874593,0,-0.14613903125165928,0.036730338488747044,,,,,,,,,,,,,,,BASE_UNSTABLE,,BASE_UNSTABLE,True
K12B,0.9641639770236224,1.6490669655033265,1.0,1.6490669655033265,0,-0.14612229037149604,0.050770248849659555,,,,,,,,,,,,,,,BASE_UNSTABLE,,BASE_UNSTABLE,True
K12B,0.9502829972213501,1.706045839086553,1.0,1.706045839086553,0,-0.14610446604283767,0.059333181926336104,,,,,,,,,,,,,,,BASE_UNSTABLE,,BASE_UNSTABLE,True
K12B,0.09590218474726343,1.354610659210901,1.0,1.354610659210901,0,-0.14609694394873834,-0.005934453781096666,0.0,-0.05099961300517565,0.0,-0.16425939692627395,0.0,-0.17288491918836585,1.0,0.04611817261402859,1.0,0.8750465301468493,0.0,-0.35751026577119593,0.0,-inf,2+3|2+4,2.0,2+3|2+4,True
K12B,0.737089536245889,1.044988614684912,1.0,1.044988614684912,0,-0.14550312284661493,-0.10249691388780777,1.0,0.0025503356161586943,0.0,-0.1512505317262937,0.0,-0.17152812071732537,0.0,-0.036260184124851824,1.0,0.014998037538451466,0.0,-0.3900329279329258,0.0,-7.106086362507792,2,1.0,2,True
K12B,0.36425657922171295,1.5438814169373922,1.0,1.5438814169373922,0,-0.14614083929310584,0.033165638753518856,,,,,,,,,,,,,,,BASE_UNSTABLE,,BASE_UNSTABLE,True
K12B,0.45326463636166936,1.1445799821805518,1.0,1.1445799821805518,0,-0.14581106582196984,-0.06547662614793673,1.0,0.06396094704462574,0.0,-0.15023121889715707,0.0,-0.15183886671211905,0.0,-0.025350655372460507,1.0,0.10350822952007124,0.0,-0.3740484920012944,0.0,-4.702965813466092,2,1.0,2,True
K12B,0.5775863420611241,0.9386613675847286,1.0,0.9386613675847286,0,-0.14495147959829063,-0.14495147959829063,1.0,0.034171193394818944,0.0,-0.14985293578912415,0.0,-0.16132339003451843,0.0,-0.02711685881164766,1.0,0.05698164360679736,0.0,-0.3821915757473727,0.0,-5.340299540738243,2,1.0,2,True
K12B,0.6199253723893505,0.6685456536326114,1.0,0.6685456536326114,0,-0.14114132915727162,-0.14114132915727162,1.0,0.029230271729508372,0.0,-0.14636269622781825,0.0,-0.15998646498650582,0.0,-0.02370366118966344,1.0,0.04839332922215725,0.0,-0.3831723968631565,0.0,-5.519200959932368,2,1.0,2,True
K12B,0.4376595256165517,1.9987163260956806,1.0,1.9987163260956806,0,-0.1459660551702633,0.0950325244385343,,,,,,,,,,,,,,,BASE_UNSTABLE,,BASE_UNSTABLE,True
K12B,0.1414499914054315,1.4548077232633094,1.0,1.4548077232633094,0,-0.14613597230656467,0.01611409609455304,,,,,,,,,,,,,,,BASE_UNSTABLE,,BASE_UNSTABLE,True
K12B,0.15265194617065406,1.0975991500125295,1.0,1.0975991500125295,0,-0.14568523617120233,-0.0820714364192974,1.0,0.10180879229112282,0.0,-0.15332292825033222,0.0,-0.13558788729189886,1.0,0.002922819804519472,1.0,0.557441104438302,0.0,-0.34255285380640377,0.0,-inf,2,1.0,2,True
K12B,0.005012731632579842,0.6149856531694254,1.0,0.6149856531694254,0,-0.13951942340308007,-0.13951942340308007,1.0,0.12029521678051706,0.0,-0.09310988030302667,0.0,-0.06944440093172975,0.0,-0.15257581379635377,0.0,-1.3591284343138246,0.0,-0.46075825650328095,0.0,-inf,2,1.0,2,True
K12B,0.9818371421814687,1.3308506845132917,1.0,1.3308506845132917,0,-0.14608077724232071,-0.011680334460590913,0.0,-0.029645040309979182,0.0,-0.1528863359653898,0.0,-0.18114621379853124,0.0,-0.05169557040200701,0.0,-0.02754217988179214,0.0,-0.39770729824607076,0.0,-8.00410930753237,EMPTY,-1.0,EMPTY,True
K12B,0.958147128864042,1.7525233604910113,1.0,1.7525233604910113,0,-0.1460869153192933,0.0658727685370041,,,,,,,,,,,,,,,BASE_UNSTABLE,,BASE_UNSTABLE,True
K12B,0.0966027382514861,0.7838591556442701,1.0,0.7838591556442701,0,-0.1434026456706291,-0.1434026456706291,1.0,0.015346958137538114,0.0,-0.15770499934036136,0.0,-0.16318725988867666,1.0,0.039558351558044866,1.0,0.9061565847310291,0.0,-0.3561948534880055,0.0,-inf,2,1.0,2,True
K12B,4.378496423043262e-05,1.1192579057540446,1.0,1.1192579057540446,0,-0.14574709234832509,-0.0742409370392226,0.0,-0.46788068680004136,0.0,-0.1842787865515259,0.0,-0.25262892601786646,0.0,-0.22811922078113112,0.0,-1.2134194030003782,0.0,-0.4694200010630377,0.0,-inf,EMPTY,-1.0,EMPTY,True
K12B,0.262755694379019,1.645401834791658,1.0,1.645401834791658,0,-0.14612327552633264,0.05019749792067278,,,,,,,,,,,,,,,BASE_UNSTABLE,,BASE_UNSTABLE,True
K12B,0.33290435070835006,1.3130214335452384,1.0,1.3130214335452384,0,-0.14606654461073498,-0.01613645557983162,1.0,0.09896143618945474,0.0,-0.1501281552558817,0.0,-0.1386486338054974,0.0,-0.024389763649521945,1.0,0.18239607632602073,0.0,-0.3621298095406504,0.0,-4.060394777209224,2,1.0,2,True
K12B,0.2486551241983692,1.1515273438244473,1.0,1.1515273438244473,0,-0.1458271660315815,-0.06314222531380018,1.0,0.12404278002037383,0.0,-0.1496867055268081,0.0,-0.12813137652434126,0.0,-0.01929728476833803,1.0,0.29012362246049483,0.0,-0.35070570380212385,0.0,-inf,2,1.0,2,True
K12B,0.14359464700127453,1.455768319426853,1.0,1.455768319426853,0,-0.1461361542644276,0.01630988372531239,,,,,,,,,,,,,,,BASE_UNSTABLE,,BASE_UNSTABLE,True
K12B,0.08880241053333167,1.5391282858397939,1.0,1.5391282858397939,0,-0.14614112737711604,0.03230898825055345,,,,,,,,,,,,,,,BASE_UNSTABLE,,BASE_UNSTABLE,True
K12B,0.12832708754177968,1.8027325197409358,1.0,1.8027325197409358,0,-0.14606551524539868,0.07252705409941898,,,,,,,,,,,,,,,BASE_UNSTABLE,,BASE_UNSTABLE,True
K12B,0.15701189423794493,1.9794368092663883,1.0,1.9794368092663883,0,-0.14597660889990693,0.09303473432562175,,,,,,,,,,,,,,,BASE_UNSTABLE,,BASE_UNSTABLE,True
K12B,0.006428485673912073,1.8566818922403225,1.0,1.8566818922403225,0,-0.14604025804137377,0.07924141335624947,,,,,,,,,,,,,,,BASE_UNSTABLE,,BASE_UNSTABLE,True
K12B,0.9605839920309356,1.3068618005556665,1.0,1.3068618005556665,0,-0.146061180543888,-0.01770580045336831,0.0,-0.0274352481763509,0.0,-0.15278938047707064,0.0,-0.18052426237882913,0.0,-0.05043452830981976,0.0,-0.024566971275363086,0.0,-0.3971899573587785,0.0,-7.927936631339186,EMPTY,-1.0,EMPTY,True
K12B,0.1375041360138028,1.1270617564880383,1.0,1.1270617564880383,0,-0.1457677253418858,-0.07149620008200089,1.0,0.08036402259199796,0.0,-0.15525314683409244,0.0,-0.1424503735115497,1.0,0.010790113955865932,1.0,0.6270219079521908,0.0,-0.3439060059478374,0.0,-inf,2,1.0,2,True
K12B,0.8263412111693328,1.7226730212528463,1.0,1.7226730212528463,0,-0.14609846658839432,0.06171664566243662,,,,,,,,,,,,,,,BASE_UNSTABLE,,BASE_UNSTABLE,True
K12B,0.7349654989033373,1.5915709780528071,1.0,1.5915709780528071,0,-0.14613511366493392,0.04145733914351507,,,,,,,,,,,,,,,BASE_UNSTABLE,,BASE_UNSTABLE,True
K12B,0.1795988998831572,1.4519234209103729,1.0,1.4519234209103729,0,-0.146135406828292,0.015524562189939875,,,,,,,,,,,,,,,BASE_UNSTABLE,,BASE_UNSTABLE,True
K12B,0.4108961810109968,0.6406346277289452,1.0,0.6406346277289452,0,-0.14035478036156745,-0.14035478036156745,1.0,0.08787000770841646,0.0,-0.1442018267579166,0.0,-0.13924866473350406,0.0,-0.015108939253680731,1.0,0.1334436858327503,0.0,-0.36791762539748013,0.0,-4.42225718990697,2,1.0,2,True
K12B,0.35686392040552134,1.2524882502543655,1.0,1.2524882502543655,0,-0.1460027136478425,-0.03226575811276973,1.0,0.09232749875977248,0.0,-0.15004544006708695,0.0,-0.14133223725984867,0.0,-0.02442448910509864,1.0,0.16241702659895568,0.0,-0.3648190417943431,0.0,-4.188074861793605,2,1.0,2,True
K12B,0.019188110365768847,1.4248215926724181,1.0,1.4248215926724181,0,-0.14612863046657798,0.009860863358056193,,,,,,,,,,,,,,,BASE_UNSTABLE,,BASE_UNSTABLE,True
K12B,0.18261407560723875,1.9414869260893601,1.0,1.9414869260893601,0,-0.145997008218392,0.08897459777113567,,,,,,,,,,,,,,,BASE_UNSTABLE,,BASE_UNSTABLE,True
K12B,0.20844193196477911,1.8600675070305934,1.0,1.8600675070305934,0,-0.14603860685093517,0.07964861793069167,,,,,,,,,,,,,,,BASE_UNSTABLE,,BASE_UNSTABLE,True
K12B,0.10529348516307237,0.939225954945583,1.0,0.939225954945583,0,-0.14495523675602628,-0.14495523675602628,1.0,0.02140383959554437,0.0,-0.158670993138955,0.0,-0.1601833416101846,1.0,0.03381474844936071,1.0,0.8298654067553586,0.0,-0.35227924720174064,0.0,-inf,2,1.0,2,True
K12B,0.5669336936861775,1.1461941355834706,1.0,1.1461941355834706,0,-0.14581486005477617,-0.06493161882521736,1.0,0.0343763664843032,0.0,-0.15090015642814344,0.0,-0.16186398024759377,0.0,-0.029042745922372715,1.0,0.0584460118326503,0.0,-0.3821346475906733,0.0,-5.296740046968559,2,1.0,2,True
K12B,0.7290362745639039,1.0792970761303027,1.0,1.0792970761303027,0,-0.1456273138752042,-0.08894297440867749,1.0,0.0035668778396742984,0.0,-0.15137989316452477,0.0,-0.17131529885147684,0.0,-0.036167813371940166,1.0,0.016433012133032693,0.0,-0.38980564728589706,0.0,-7.079077062809807,2,1.0,2,True
K12B,0.0730924192007181,0.853999095805785,1.0,0.853999095805785,0,-0.1442517259689775,-0.1442517259689775,0.0,-0.13669220156395062,0.0,-0.1656064943334168,0.0,-0.18920002727010343,1.0,0.06070868960931203,1.0,1.1192329436847777,0.0,-0.3731848467122112,0.0,-inf,2+3|2+4,2.0,2+3|2+4,True
K12B,0.511395902842546,0.8558114713721645,1.0,0.8558114713721645,0,-0.14426996910778436,-0.14426996910778436,1.0,0.05181824657022499,0.0,-0.14871253054403516,0.0,-0.15499207234583134,0.0,-0.023236940674934092,1.0,0.08125061028620503,0.0,-0.37761478800384407,0.0,-4.994129027020028,2,1.0,2,True
K12B,0.30412390765247765,0.8524800888930175,1.0,0.8524800888930175,0,-0.1442363090995703,-0.1442363090995703,1.0,0.11867348862950008,0.0,-0.14725699769873124,0.0,-0.1301617190872707,0.0,-0.018422970600389797,1.0,0.21670092836600952,0.0,-0.35712772029418727,0.0,-inf,2,1.0,2,True
K12B,0.6114208086727376,1.7787904084096688,1.0,1.7787904084096688,0,-0.1460760034177001,0.06940491318990005,,,,,,,,,,,,,,,BASE_UNSTABLE,,BASE_UNSTABLE,True
K12B,0.0014188047187104697,0.9699383993940107,1.0,0.9699383993940107,0,-0.1451446918051425,-0.13560467255215855,0.0,-0.46741103284630225,0.0,-0.1834378716739793,0.0,-0.25269169407860226,0.0,-0.2084589387487107,0.0,-1.2428248338224464,0.0,-0.4671498522436135,0.0,-inf,EMPTY,-1.0,EMPTY,True
K12B,0.4621795837475,0.5812097267511339,1.0,0.5812097267511339,0,-0.13822355468689917,-0.13822355468689917,1.0,0.07280712753937124,0.0,-0.14275791783213979,0.0,-0.14300659570840346,0.0,-0.014229842220670141,1.0,0.10763742766309378,0.0,-0.37196957022112853,0.0,-4.690532694131046,2,1.0,2,True
K12B,0.40865494871308256,0.9196104065624324,1.0,0.9196104065624324,0,-0.14481840028269066,-0.14481840028269066,1.0,0.08121641348593478,0.0,-0.14861235572847825,0.0,-0.14501320360892733,0.0,-0.021601879456882744,1.0,0.13004560575569954,0.0,-0.36932011182708524,0.0,-4.448720537287638,2,1.0,2,True
K12B,0.47970502219411654,0.807062634361357,1.0,0.807062634361357,0,-0.14371714079485903,-0.14371714079485903,1.0,0.06157775200015583,0.0,-0.14792634902660623,0.0,-0.15124142849208566,0.0,-0.02128184807192879,1.0,0.09512766907448922,0.0,-0.3750257902025155,0.0,-4.8214156489445585,2,1.0,2,True
K12B,0.1246195216899798,0.5702287650175888,1.0,0.5702287650175888,0,-0.13774705419253236,-0.13774705419253236,1.0,0.13465383981729634,0.0,-0.14476539554517676,0.0,-0.12580782266267937,1.0,0.020084058424798185,1.0,0.7159634583291067,0.0,-0.34442261428518156,0.0,-inf,2,1.0,2,True
K12B,0.02030398490634175,1.2479405319434522,1.0,1.2479405319434522,0,-0.14599683272236152,-0.033544080817693195,0.0,-0.4600502451807423,0.0,-0.18257020153445946,0.0,-0.23948500163132722,0.0,-0.024164009202345793,1.0,1.9520910017657727,0.0,-0.4394251365142408,0.0,-inf,2+4,2.0,2+4,True
K12B,0.0035771979617271153,1.3986748690055957,1.0,1.3986748690055957,0,-0.1461193873220359,0.0041752565123225754,,,,,,,,,,,,,,,BASE_UNSTABLE,,BASE_UNSTABLE,True
K12B,0.032088641698562216,1.6034156746487926,1.0,1.6034156746487926,0,-0.14613295879309018,0.04343471400836767,,,,,,,,,,,,,,,BASE_UNSTABLE,,BASE_UNSTABLE,True
K12B,0.5888219421548446,1.7468955240168236,1.0,1.7468955240168236,0,-0.146089165427144,0.06510097600767051,,,,,,,,,,,,,,,BASE_UNSTABLE,,BASE_UNSTABLE,True
K12B,0.12574594995596847,0.9858936199890913,1.0,0.9858936199890913,0,-0.14523238968663613,-0.1281316161887391,1.0,0.07043847476057219,0.0,-0.15554886158796877,0.0,-0.14647236040843042,1.0,0.018308923656764786,1.0,0.6953919384673588,0.0,-0.3457006262709398,0.0,-inf,2,1.0,2,True
K12B,0.30926975756618935,1.501498389614135,1.0,1.501498389614135,0,-0.1461413670674656,0.025321783779229945,,,,,,,,,,,,,,,BASE_UNSTABLE,,BASE_UNSTABLE,True
K12B,0.5885103189510933,1.3267879560017493,1.0,1.3267879560017493,0,-0.14607769863076148,-0.012684617964112771,1.0,0.028176033841790227,0.0,-0.15150451639496051,0.0,-0.16401810275494727,0.0,-0.03132919892142394,1.0,0.050470617664218065,0.0,-0.3837172657695893,0.0,-5.408639098199128,2,1.0,2,True
K12B,0.49996973839106007,0.5865200788465689,1.0,0.5865200788465689,0,-0.1384437109433797,-0.1384437109433797,1.0,0.06120871356340865,0.0,-0.1432382385586848,0.0,-0.14724707422802563,0.0,-0.015709015660052228,1.0,0.09086662543046559,0.0,-0.37498865771745993,0.0,-4.89657157412692,2,1.0,2,True
K12B,0.039847624555810625,1.3305168252622463,1.0,1.3305168252622463,0,-0.14608052780451242,-0.011762618096180455,0.0,-0.4114892005105794,0.0,-0.17897604268629172,0.0,-0.22397775717377888,1.0,0.07020460666069694,1.0,1.5117193681453627,0.0,-0.41145617377792976,0.0,-625.6283137060179,2+3|2+4,2.0,2+3|2+4,True
K12B,0.013516476404276471,1.3963771175259359,1.0,1.3963771175259359,0,-0.14611843818956893,0.003664793958886913,,,,,,,,,,,,,,,BASE_UNSTABLE,,BASE_UNSTABLE,True
K12B,0.40221554668715065,1.38919044557007,1.0,1.38919044557007,0,-0.14611531984351656,0.0020566489875573912,,,,,,,,,,,,,,,BASE_UNSTABLE,,BASE_UNSTABLE,True
K12B,0.6386814454542151,1.9446901198566253,1.0,1.9446901198566253,0,-0.14599530760942703,0.08932402731956071,,,,,,,,,,,,,,,BASE_UNSTABLE,,BASE_UNSTABLE,True
K12B,0.9957483579196006,0.9910949916257803,1.0,0.9910949916257803,0,-0.14525952181854096,-0.1257488557829911,0.0,-0.029164588346786702,0.0,-0.15175269956042295,0.0,-0.18042962741667415,0.0,-0.04998773274956882,0.0,-0.027381947415894323,0.0,-0.39739237741680844,0.0,-8.051902485935493,EMPTY,-1.0,EMPTY,True
K12B,0.15432311453801706,1.9073435541027044,1.0,1.9073435541027044,0,-0.14601485843337503,0.08516986997781603,,,,,,,,,,,,,,,BASE_UNSTABLE,,BASE_UNSTABLE,True
K12B,0.6975552108278924,1.0331612486961448,1.0,1.0331612486961448,0,-0.14545510446084342,-0.10738543076214555,1.0,0.00922202661490229,0.0,-0.1510299956866648,0.0,-0.16949081764007418,0.0,-0.03404126768312857,1.0,0.023799761411642056,0.0,-0.3884191327930333,0.0,-6.980007297055593,2,1.0,2,True
K12B,0.39486885393585414,0.8521374239863457,1.0,0.8521374239863457,0,-0.14423281519306638,-0.14423281519306638,1.0,0.0872709997736813,0.0,-0.14784807242374573,0.0,-0.14238003839286956,0.0,-0.020179992889928222,1.0,0.1395655637435532,0.0,-0.3676609091739668,0.0,-4.36700951153639,2,1.0,2,True
K12B,0.13298568195595464,0.5441709724873712,1.0,0.5441709724873712,0,-0.13649124012712177,-0.13649124012712177,1.0,0.15008340170363965,0.0,-0.14240270307458663,0.0,-0.11806673866138284,1.0,0.01643768434810644,1.0,0.6675189367491893,0.0,-0.3424646632122459,0.0,-inf,2,1.0,2,True
K12B,0.23744114270241257,1.3419834397901427,1.0,1.3419834397901427,0,-0.1460887348348705,-0.008961304094021877,1.0,0.12062230973161264,0.0,-0.15060651870355699,0.0,-0.12901154809206594,0.0,-0.01948930199366075,1.0,0.30829099030526796,0.0,-0.34960762732257367,0.0,-inf,2,1.0,2,True
K12B,0.16028502418357082,0.9365587020485113,1.0,0.9365587020485113,0,-0.1449373951114839,-0.1449373951114839,1.0,0.11968996895725015,0.0,-0.15104848360631834,0.0,-0.12992032110662088,1.0,0.0005109104271273646,1.0,0.5298842449035086,0.0,-0.3419351480874625,0.0,-inf,2,1.0,2,True
K12B,0.03821109811341782,0.9410811910574834,1.0,0.9410811910574834,0,-0.14496750968703442,-0.14496750968703442,0.0,-0.21314178715789026,0.0,-0.17711942767007083,0.0,-0.22559782686978092,1.0,0.05095896464618277,1.0,1.5907646929374553,0.0,-0.4132230812923926,0.0,-625.7018168615529,2+3|2+4,2.0,2+3|2+4,True
K12B,0.7076820932539759,1.0429033643310714,1.0,1.0429033643310714,0,-0.14549486161951652,-0.10335047558447157,1.0,0.007400089595554937,0.0,-0.1511222621537517,0.0,-0.17006994930207484,0.0,-0.03467414720231815,1.0,0.021413100648135758,0.0,-0.388864804855803,0.0,-7.010416231377423,2,1.0,2,True
K12B,0.26352767395441007,1.4538697442368722,1.0,1.4538697442368722,0,-0.14613579156119133,0.015922652464753016,,,,,,,,,,,,,,,BASE_UNSTABLE,,BASE_UNSTABLE,True
K12B,0.31135415687056744,0.7811622496028379,1.0,0.7811622496028379,0,-0.1433636443688322,-0.1433636443688322,1.0,0.11880380469399127,0.0,-0.1463159915523581,0.0,-0.1295806333463051,0.0,-0.017166572733770757,1.0,0.20991765741948984,0.0,-0.3576886391137804,0.0,-3.891729350653191,2,1.0,2,True
K12B,0.6574280716689237,0.9661154706636865,1.0,0.9661154706636865,0,-0.14512263706166106,-0.13743290049812684,1.0,0.017168672156081144,0.0,-0.15045370875202616,0.0,-0.1668175057530702,0.0,-0.03120838949864435,1.0,0.03412397935033282,0.0,-0.3864487853239378,0.0,-5.695516409385849,2,1.0,2,True
K12B,0.8133230272381253,1.6722260555170085,1.0,1.6722260555170085,0,-0.14611559326180734,0.05432672482230072,,,,,,,,,,,,,,,BASE_UNSTABLE,,BASE_UNSTABLE,True
K12B,0.06978128464459701,0.54124970018596,1.0,0.54124970018596,0,-0.1363385571518183,-0.1363385571518183,0.0,-0.03560739824294923,0.0,-0.15497427493261856,0.0,-0.17600183902468555,1.0,0.051428944695924794,1.0,1.1757656682755866,0.0,-0.3753006422803645,0.0,-inf,2+3|2+4,2.0,2+3|2+4,True
K12B,0.14707460578688572,1.499577397346329,1.0,1.499577397346329,0,-0.14614127605839644,0.024955020124397792,,,,,,,,,,,,,,,BASE_UNSTABLE,,BASE_UNSTABLE,True
K12B,0.054424200836011474,1.2575615660201631,1.0,1.2575615660201631,0,-0.14600908122023892,-0.03085115876630088,0.0,-0.318110699605304,0.0,-0.1749720814871302,0.0,-0.21098862050726358,1.0,0.08213262638941082,1.0,1.2940392291844147,0.0,-0.39295214067892736,0.0,-624.9909159561614,2+3|2+4,2.0,2+3|2+4,True
K12B,0.32169145170463787,0.85353414599714,1.0,0.85353414599714,0,-0.14424701937429796,-0.14424701937429796,1.0,0.11261322588548106,0.0,-0.14735950611219523,0.0,-0.13260528139537855,0.0,-0.018885807345404286,1.0,0.1981063043694444,0.0,-0.3593721256222535,0.0,-3.962009877349458,2,1.0,2,True
K12B,0.00022560999500145586,1.3642856767068154,1.0,1.3642856767068154,0,-0.1461026728214314,-0.003655381470038521,0.0,-0.4676712965758218,0.0,-0.18486407771712615,0.0,-0.2511912077264983,0.0,-0.22925221286606162,0.0,-1.1948684831735665,0.0,-0.46946643457328907,0.0,-inf,EMPTY,-1.0,EMPTY,True
K12B,0.49153451581431423,0.8357854302832279,1.0,0.8357854302832279,0,-0.14405898366108066,-0.14405898366108066,1.0,0.057636347859971994,0.0,-0.14835967934211697,0.0,-0.15285462079728118,0.0,-0.02221295305305404,1.0,0.08959914452598253,0.0,-0.3760729614739323,0.0,-4.887246553221222,2,1.0,2,True
K12B,0.6842461441743847,0.8317685234151422,1.0,0.8317685234151422,0,-0.14401407452580678,-0.14401407452580678,1.0,0.01378952909909209,0.0,-0.14939035743911877,0.0,-0.16702372887932568,0.0,-0.030609178701597184,1.0,0.02906881658888849,0.0,-0.38717027185742325,0.0,-5.780178701258925,2,1.0,2,True
K12B,0.21712896159390058,1.9477555840639895,1.0,1.9477555840639895,0,-0.14599367627674464,0.08965725088344628,,,,,,,,,,,,,,,BASE_UNSTABLE,,BASE_UNSTABLE,True
K12B,0.007096269596007425,1.9416639989233027,1.0,1.9416639989233027,0,-0.14599691431765816,0.08899394728602465,,,,,,,,,,,,,,,BASE_UNSTABLE,,BASE_UNSTABLE,True
K12B,0.6388268623991805,0.7279035668200597,1.0,0.7279035668200597,0,-0.1424725653427079,-0.1424725653427079,1.0,0.024135417793235067,0.0,-0.1476808959918764,0.0,-0.1626337361106038,0.0,-0.026169507161840744,1.0,0.042108735419793916,0.0,-0.38452582317289125,0.0,-5.607646772379704,2,1.0,2,True
K12B,0.19658437872657053,1.9888008406014361,1.0,1.9888008406014361,0,-0.14597149757833838,0.09401038283293914,,,,,,,,,,,,,,,BASE_UNSTABLE,,BASE_UNSTABLE,True
K12B,0.016763409062395148,1.8063528798408632,1.0,1.8063528798408632,0,-0.14606388781080448,0.07299132647376316,,,,,,,,,,,,,,,BASE_UNSTABLE,,BASE_UNSTABLE,True
K12B,0.6650072702011608,1.0349971421280464,1.0,1.0349971421280464,0,-0.14546274522368086,-0.10661904585686294,1.0,0.015057407529953992,0.0,-0.15089759754867782,0.0,-0.16771669892117408,0.0,-0.03239647979446428,1.0,0.031569124143471364,0.0,-0.3869962212075697,0.0,-5.725358719990773,2,1.0,2,True
K12B,0.00028781528065803416,1.3258507938791992,1.0,1.3258507938791992,0,-0.14607697497335348,-0.012917202180228293,0.0,-0.46767079294950464,0.0,-0.18479937149814335,0.0,-0.25135920473957524,0.0,-0.22812863163715769,0.0,-1.1980052848094753,0.0,-0.469334679437036,0.0,-inf,EMPTY,-1.0,EMPTY,True
K12B,0.08995383720108828,0.6508186782210619,1.0,0.6508186782210619,0,-0.1406555318917354,-0.1406555318917354,1.0,0.023861522053325826,0.0,-0.15507410986639897,0.0,-0.16266519386645073,1.0,0.042596388650385036,1.0,0.9703346374118451,0.0,-0.3597512582107516,0.0,-inf,2,1.0,2,True
