case,frequency_hz,chi_G,sigma_min_TD,condition_TD,classification
C0_all_SG,0.001,1970.1245960650067,0.014272020132827136,4922.788421329952,candidate collective coupling diagnostic; not a stability certificate
C0_all_SG,0.0011547819846894581,1706.6322905826007,0.016475363506713372,4264.257953856529,candidate collective coupling diagnostic; not a stability certificate
C0_all_SG,0.001333521432163324,1478.546024492677,0.019016673133929383,3694.1942503972186,candidate collective coupling diagnostic; not a stability certificate
C0_all_SG,0.001539926526059492,1281.1336993547693,0.021946612584202753,3200.7701390470834,candidate collective coupling diagnostic; not a stability certificate
C0_all_SG,0.0017782794100389228,1110.2995071119549,0.02532280911982889,2773.748192641398,candidate collective coupling diagnostic; not a stability certificate
C0_all_SG,0.002053525026457146,962.4989142953987,0.029210469318775138,2404.2682100119655,candidate collective coupling diagnostic; not a stability certificate
C0_all_SG,0.0023713737056616554,834.6650606482737,0.03368285268358848,2084.663201254113,candidate collective coupling diagnostic; not a stability certificate
C0_all_SG,0.0027384196342643613,724.1450337499305,0.03882146562402916,1808.3000243205454,candidate collective coupling diagnostic; not a stability certificate
C0_all_SG,0.0031622776601683794,628.6446806230172,0.04471576690677268,1569.4413146412148,candidate collective coupling diagnostic; not a stability certificate
C0_all_SG,0.003651741272548377,546.1807866441304,0.05146207824583928,1363.125766819594,candidate collective coupling diagnostic; not a stability certificate
C0_all_SG,0.004216965034285823,475.03959426913485,0.059161268584109666,1185.0641741767906,candidate collective coupling diagnostic; not a stability certificate
C0_all_SG,0.004869675251658631,413.7407517485613,0.06791463550363598,1031.5489133335816,candidate collective coupling diagnostic; not a stability certificate
C0_all_SG,0.005623413251903491,361.0058779444632,0.07781727009359465,899.3747824652318,candidate collective coupling diagnostic; not a stability certificate
C0_all_SG,0.006493816315762113,315.7310077250085,0.08894812782888052,785.7692715619969,candidate collective coupling diagnostic; not a stability certificate
C0_all_SG,0.007498942093324558,276.96225014404826,0.10135616068342515,688.3304756213314,candidate collective coupling diagnostic; not a stability certificate
C0_all_SG,0.008659643233600654,243.87406058637808,0.11504238621082709,604.9709836641107,candidate collective coupling diagnostic; not a stability certificate
C0_all_SG,0.01,215.74961634327434,0.12993890475790898,533.8662293034646,candidate collective coupling diagnostic; not a stability certificate
C0_all_SG,0.010000000000000002,215.74961634327434,0.12993890475790898,533.8662293034646,candidate collective coupling diagnostic; not a stability certificate
C0_all_SG,0.011547819846894581,191.96291516578384,0.1458877588128917,473.4060244777259,candidate collective coupling diagnostic; not a stability certificate
C0_all_SG,0.01333521432163324,171.96240582045752,0.16262492720967037,422.1483571318587,candidate collective coupling diagnostic; not a stability certificate
C0_all_SG,0.01539926526059492,155.25620156810834,0.1797767357406673,378.77499954568844,candidate collective coupling diagnostic; not a stability certificate
C0_all_SG,0.01778279410038923,141.3991658177067,0.19687587450560143,342.04893188606655,candidate collective coupling diagnostic; not a stability certificate
C0_all_SG,0.02053525026457146,129.9822843384007,0.21340039964360175,310.7738816039753,candidate collective coupling diagnostic; not a stability certificate
C0_all_SG,0.023713737056616554,120.62464186274629,0.22883167592603912,283.756578545871,candidate collective coupling diagnostic; not a stability certificate
C0_all_SG,0.027384196342643614,112.96803067566083,0.24271954585476505,259.77407895400404,candidate collective coupling diagnostic; not a stability certificate
C0_all_SG,0.03162277660168379,106.67406496453756,0.25474082428082023,237.55654007623076,candidate collective coupling diagnostic; not a stability certificate
C0_all_SG,0.03651741272548377,101.42431975565384,0.264744998125705,215.82239802840428,candidate collective coupling diagnostic; not a stability certificate
C0_all_SG,0.042169650342858224,96.92586553687674,0.2727988699203676,193.47331872795036,candidate collective coupling diagnostic; not a stability certificate
C0_all_SG,0.04869675251658631,92.92498166942298,0.2792663527073001,170.19814450639862,candidate collective coupling diagnostic; not a stability certificate
C0_all_SG,0.051583333333333335,91.41646726897304,0.2815751584678261,160.92028099952597,candidate collective coupling diagnostic; not a stability certificate
C0_all_SG,0.05623413251903491,89.21800946834752,0.2849860005171016,151.1808212053508,candidate collective coupling diagnostic; not a stability certificate
C0_all_SG,0.06493816315762113,85.60179375070388,0.2916272879167172,145.9231894890203,candidate collective coupling diagnostic; not a stability certificate
C0_all_SG,0.07498942093324558,81.69359218469324,0.3022710879514588,139.5707090002653,candidate collective coupling diagnostic; not a stability certificate
C0_all_SG,0.08659643233600653,76.82522051053292,0.3219879918090355,136.01906353607978,candidate collective coupling diagnostic; not a stability certificate
C0_all_SG,0.09316666666666666,73.80149047355648,0.33765335190463525,139.92783994447734,candidate collective coupling diagnostic; not a stability certificate
C0_all_SG,0.1,70.5099032389953,0.35775996496962753,141.91983066920898,candidate collective coupling diagnostic; not a stability certificate
C0_all_SG,0.11547819846894582,62.23404983673364,0.4215999573351222,136.36051685057515,candidate collective coupling diagnostic; not a stability certificate
C0_all_SG,0.1333521432163324,46.91029255501277,0.5656536909150677,110.12122634421246,candidate collective coupling diagnostic; not a stability certificate
C0_all_SG,0.13475,45.45110625281807,0.5816742124766661,107.53104112493712,candidate collective coupling diagnostic; not a stability certificate
C0_all_SG,0.1539926526059492,29.222773541406607,0.828836433106209,79.07097568818823,candidate collective coupling diagnostic; not a stability certificate
C0_all_SG,0.17633333333333334,20.67821377963134,1.1106098271219114,61.59702462061853,candidate collective coupling diagnostic; not a stability certificate
C0_all_SG,0.1778279410038923,20.30936069642845,1.1296107930828212,60.70223778925426,candidate collective coupling diagnostic; not a stability certificate
C0_all_SG,0.2053525026457146,15.396106966156244,1.4986136994084185,47.24708402790914,candidate collective coupling diagnostic; not a stability certificate
C0_all_SG,0.21791666666666668,13.860473624022198,1.6814996460843774,42.50095229209122,candidate collective coupling diagnostic; not a stability certificate
C0_all_SG,0.23713737056616552,11.98453196905929,1.9803646123356609,36.44256873740434,candidate collective coupling diagnostic; not a stability certificate
C0_all_SG,0.2595,10.288772107354907,2.3587669282632646,30.80013909006974,candidate collective coupling diagnostic; not a stability certificate
C0_all_SG,0.27384196342643613,9.393704116089319,2.620024475332082,27.79325984051098,candidate collective coupling diagnostic; not a stability certificate
C0_all_SG,0.3010833333333333,7.986990249373251,3.159365567623171,23.081051264684767,candidate collective coupling diagnostic; not a stability certificate
C0_all_SG,0.31622776601683794,7.333021810288489,3.4849844430006316,20.913252695971853,candidate collective coupling diagnostic; not a stability certificate
C0_all_SG,0.3426666666666667,6.358975285676192,4.099633850437605,17.73014694355398,candidate collective coupling diagnostic; not a stability certificate
C0_all_SG,0.3651741272548377,5.665637285318886,4.670294203390192,15.558313244432629,candidate collective coupling diagnostic; not a stability certificate
C0_all_SG,0.38425,5.157716452622199,5.188526029685799,13.992320844466178,candidate collective coupling diagnostic; not a stability certificate
C0_all_SG,0.4216965034285822,4.33260431519917,5.8218981050182865,12.407574412936263,candidate collective coupling diagnostic; not a stability certificate
C0_all_SG,0.42583333333333334,4.25342447105777,5.7239142615951915,12.609944869404424,candidate collective coupling diagnostic; not a stability certificate
C0_all_SG,0.46741666666666665,3.5681776380026564,4.64897544669164,15.366774410895644,candidate collective coupling diagnostic; not a stability certificate
C0_all_SG,0.4869675251658631,3.310829955699227,4.094351672453041,17.341366856120274,candidate collective coupling diagnostic; not a stability certificate
C0_all_SG,0.509,3.081330496002042,3.4449400836909216,20.449287625539558,candidate collective coupling diagnostic; not a stability certificate
C0_all_SG,0.5505833333333333,3.401901873465471,2.256286105005695,30.687105826458712,candidate collective coupling diagnostic; not a stability certificate
C0_all_SG,0.5623413251903491,3.80360320945545,1.985188692144048,34.68805293089745,candidate collective coupling diagnostic; not a stability certificate
C0_all_SG,0.5921666666666666,4.363336247088928,1.717043523396449,39.511232160361715,candidate collective coupling diagnostic; not a stability certificate
C0_all_SG,0.63375,2.8584238903180896,2.6792901221235406,24.735682890179614,candidate collective coupling diagnostic; not a stability certificate
C0_all_SG,0.6493816315762113,2.38652267374155,3.2840838326442667,19.988027642079995,candidate collective coupling diagnostic; not a stability certificate
C0_all_SG,0.6753333333333333,1.9144061012379483,4.426234204723509,14.582269782128732,candidate collective coupling diagnostic; not a stability certificate
C0_all_SG,0.7169166666666666,1.5843941112985693,6.4863878665889,9.660440393493811,candidate collective coupling diagnostic; not a stability certificate
C0_all_SG,0.7498942093324559,1.4288382101958137,8.268109339063866,7.3852741916168005,candidate collective coupling diagnostic; not a stability certificate
C0_all_SG,0.7585,1.3942432786024286,8.751749338687167,6.9277438183892235,candidate collective coupling diagnostic; not a stability certificate
C0_all_SG,0.8000833333333334,1.2492961701734657,11.189737375187022,5.223913821571985,candidate collective coupling diagnostic; not a stability certificate
C0_all_SG,0.8416666666666667,1.1321566138329042,10.58688838865843,5.302591930472773,candidate collective coupling diagnostic; not a stability certificate
C0_all_SG,0.8659643233600653,1.0742654127779616,9.260719215825873,5.908912374118956,candidate collective coupling diagnostic; not a stability certificate
C0_all_SG,0.88325,1.0376269165591088,8.328611818641292,6.445784820102758,candidate collective coupling diagnostic; not a stability certificate
C0_all_SG,0.9248333333333333,0.9669020801899615,6.251899853860797,8.173079191410046,candidate collective coupling diagnostic; not a stability certificate
C0_all_SG,0.9664166666666667,0.929477530070086,4.886691712643925,9.900470928522703,candidate collective coupling diagnostic; not a stability certificate
C0_all_SG,1.0,0.9169475208309015,4.944417696352048,9.32269446164678,candidate collective coupling diagnostic; not a stability certificate
C0_all_SG,1.008,0.9169918572373441,5.143216411810698,8.854241222491243,candidate collective coupling diagnostic; not a stability certificate
C0_all_SG,1.0495833333333333,0.9910606879528775,5.503937905898482,7.736258625299335,candidate collective coupling diagnostic; not a stability certificate
C0_all_SG,1.0911666666666666,1.0466795621877403,5.111936325759182,8.95903591267721,candidate collective coupling diagnostic; not a stability certificate
C0_all_SG,1.13275,1.0037289520726413,6.855428939915432,7.211971595540382,candidate collective coupling diagnostic; not a stability certificate
C0_all_SG,1.1547819846894583,1.0578828839103904,8.075551180897879,6.368242356845359,candidate collective coupling diagnostic; not a stability certificate
C0_all_SG,1.1743333333333332,1.143989071558847,7.299254255866627,7.291382590941533,candidate collective coupling diagnostic; not a stability certificate
C0_all_SG,1.2159166666666668,1.3372198488650466,6.773359016432778,8.43590450698577,candidate collective coupling diagnostic; not a stability certificate
C0_all_SG,1.2575,1.2703767754943398,6.979044184185238,8.768297488294587,candidate collective coupling diagnostic; not a stability certificate
C0_all_SG,1.2990833333333334,0.9855961650327684,9.20026474186673,7.107008337745574,candidate collective coupling diagnostic; not a stability certificate
C0_all_SG,1.333521432163324,0.7909139686155462,11.912513961091696,5.789022170415562,candidate collective coupling diagnostic; not a stability certificate
C0_all_SG,1.3406666666666667,0.7590321131864766,12.534357332593023,5.56194559477011,candidate collective coupling diagnostic; not a stability certificate
C0_all_SG,1.38225,0.6203297240395723,13.748471816851202,5.395613917158289,candidate collective coupling diagnostic; not a stability certificate
C0_all_SG,1.4238333333333333,0.5383599077158285,12.227122334791552,6.443413633536621,candidate collective coupling diagnostic; not a stability certificate
C0_all_SG,1.4654166666666666,0.48569386464943964,11.850980642598909,7.0478769956663845,candidate collective coupling diagnostic; not a stability certificate
C0_all_SG,1.507,0.4413071169839836,13.229519242110582,6.682098452059822,candidate collective coupling diagnostic; not a stability certificate
C0_all_SG,1.539926526059492,0.4091336249208306,15.360341993225497,6.012852839492946,candidate collective coupling diagnostic; not a stability certificate
C0_all_SG,1.5485833333333334,0.40131522873060027,16.036099967378153,5.82526068657919,candidate collective coupling diagnostic; not a stability certificate
C0_all_SG,1.5901666666666667,0.36787126870403336,19.63704574166267,5.019327463767684,candidate collective coupling diagnostic; not a stability certificate
C0_all_SG,1.63175,0.34048427682684546,23.45930281006313,4.426893085927287,candidate collective coupling diagnostic; not a stability certificate
C0_all_SG,1.6733333333333333,0.31765906392572485,27.82243157132098,3.9276088074670525,candidate collective coupling diagnostic; not a stability certificate
C0_all_SG,1.7149166666666666,0.2981566284001832,32.57688680622897,3.5250805003978383,candidate collective coupling diagnostic; not a stability certificate
C0_all_SG,1.7565,0.2811322814438167,37.63427795373053,3.202754973083558,candidate collective coupling diagnostic; not a stability certificate
C0_all_SG,1.7782794100389228,0.2730075917850514,40.385170025659846,3.0598324406901805,candidate collective coupling diagnostic; not a stability certificate
C0_all_SG,1.7980833333333333,0.26602330059426316,42.94129970165156,2.942791190035288,candidate collective coupling diagnostic; not a stability certificate
C0_all_SG,1.8396666666666666,0.25244542861984437,48.464662688642115,2.7306051329397145,candidate collective coupling diagnostic; not a stability certificate
C0_all_SG,1.88125,0.24012649361394808,54.18278699846144,2.5551489742831226,candidate collective coupling diagnostic; not a stability certificate
C0_all_SG,1.9228333333333334,0.2288664841535755,60.081181427005696,2.4082245229857104,candidate collective coupling diagnostic; not a stability certificate
C0_all_SG,1.9644166666666667,0.2185134373247296,66.1498001116491,2.283748271940671,candidate collective coupling diagnostic; not a stability certificate
C0_all_SG,2.006,0.20894850976286533,72.38147920359246,2.177167922136557,candidate collective coupling diagnostic; not a stability certificate
C0_all_SG,2.0475833333333333,0.20007644484747225,78.77098096653279,2.0850368084724162,candidate collective coupling diagnostic; not a stability certificate
C0_all_SG,2.0535250264571463,0.19886059513187693,79.69659897152285,2.072889976222673,candidate collective coupling diagnostic; not a stability certificate
C0_all_SG,2.089166666666667,0.1918192908829816,85.31439063519925,2.004711781529756,candidate collective coupling diagnostic; not a stability certificate
C0_all_SG,2.13075,0.18411213490085512,92.00872470549842,1.9341397888067742,candidate collective coupling diagnostic; not a stability certificate
C0_all_SG,2.1723333333333334,0.1769001227864132,98.85166977185675,1.8717063924852706,candidate collective coupling diagnostic; not a stability certificate
C0_all_SG,2.2139166666666665,0.17013632337783186,105.84140421345829,1.816127252553903,candidate collective coupling diagnostic; not a stability certificate
C0_all_SG,2.2555,0.16378016091597736,112.97647379713679,1.766369514781417,candidate collective coupling diagnostic; not a stability certificate
C0_all_SG,2.297083333333333,0.15779623963133813,120.2557031827181,1.7215941819362472,candidate collective coupling diagnostic; not a stability certificate
C0_all_SG,2.3386666666666667,0.15215344504218636,127.6781318411848,1.6811133608375926,candidate collective coupling diagnostic; not a stability certificate
C0_all_SG,2.371373705661655,0.14793674660418177,133.61627269536334,1.6519160767588035,candidate collective coupling diagnostic; not a stability certificate
C0_all_SG,2.38025,0.14682424462004534,135.24296689355685,1.6443581747524854,candidate collective coupling diagnostic; not a stability certificate
C0_all_SG,2.4218333333333333,0.14178413488633337,142.94954788482602,1.6108544107677705,candidate collective coupling diagnostic; not a stability certificate
C0_all_SG,2.463416666666667,0.13701119798605554,150.79732011268834,1.5802038409475496,candidate collective coupling diagnostic; not a stability certificate
C0_all_SG,2.505,0.1324857414610524,158.78581417955417,1.5520697514079387,candidate collective coupling diagnostic; not a stability certificate
C0_all_SG,2.5465833333333334,0.1281900022128313,166.91463013397814,1.526165625276015,candidate collective coupling diagnostic; not a stability certificate
C0_all_SG,2.5881666666666665,0.12410790067971007,175.18342503964035,1.5022462134127958,candidate collective coupling diagnostic; not a stability certificate
C0_all_SG,2.62975,0.12022483479892597,183.5919031343514,1.4801004302112675,candidate collective coupling diagnostic; not a stability certificate
C0_all_SG,2.671333333333333,0.11652750586077373,192.1398079676734,1.4595456570373704,candidate collective coupling diagnostic; not a stability certificate
C0_all_SG,2.7129166666666666,0.11300377020279617,200.82691606554954,1.4404231406676442,candidate collective coupling diagnostic; not a stability certificate
C0_all_SG,2.7384196342643614,0.11092372046637212,206.22348125193807,1.4293434189925998,candidate collective coupling diagnostic; not a stability certificate
C0_all_SG,2.7545,0.10964251204672895,209.65303178466885,1.4225942504190394,candidate collective coupling diagnostic; not a stability certificate
C0_all_SG,2.7960833333333333,0.10643353379071435,218.61798310209488,1.4059374138160114,candidate collective coupling diagnostic; not a stability certificate
C0_all_SG,2.837666666666667,0.10336746083128064,227.7216181462848,1.3903455923153532,candidate collective coupling diagnostic; not a stability certificate
C0_all_SG,2.87925,0.10043565857118886,236.96380232045487,1.375724189811055,candidate collective coupling diagnostic; not a stability certificate
C0_all_SG,2.9208333333333334,0.09763015971800322,246.34441590272743,1.3619893101960978,candidate collective coupling diagnostic; not a stability certificate
C0_all_SG,2.9624166666666665,0.09494360032802981,255.86335203272733,1.3490662981804828,candidate collective coupling diagnostic; not a stability certificate
C0_all_SG,3.004,0.09236916332554429,265.520515013479,1.3368885113045983,candidate collective coupling diagnostic; not a stability certificate
C0_all_SG,3.0455833333333335,0.08990052844581531,275.31581887215754,1.3253962816959182,candidate collective coupling diagnostic; not a stability certificate
C0_all_SG,3.0871666666666666,0.08753182772547846,285.2491861346053,1.3145360343645422,candidate collective coupling diagnostic; not a stability certificate
C0_all_SG,3.12875,0.08525760580511749,295.32054677736306,1.3042595352866382,candidate collective coupling diagnostic; not a stability certificate
C0_all_SG,3.1622776601683795,0.08348928111106538,303.5412876001663,1.2963691137625482,candidate collective coupling diagnostic; not a stability certificate
C0_all_SG,3.1703333333333332,0.08307278442381431,305.52983732788636,1.2945232476060002,candidate collective coupling diagnostic; not a stability certificate
C0_all_SG,3.2119166666666668,0.0809726305795367,315.87700008908257,1.285287778308345,candidate collective coupling diagnostic; not a stability certificate
C0_all_SG,3.2535,0.07895272790679603,326.3619824686355,1.276517400928401,candidate collective coupling diagnostic; not a stability certificate
C0_all_SG,3.2950833333333334,0.07700895088734726,336.98473639705065,1.2681796424167853,candidate collective coupling diagnostic; not a stability certificate
C0_all_SG,3.3366666666666664,0.07513744156336677,347.7452178211299,1.2602449243599587,candidate collective coupling diagnostic; not a stability certificate
C0_all_SG,3.37825,0.07333458846755306,358.64338626183735,1.2526862504180307,candidate collective coupling diagnostic; not a stability certificate
C0_all_SG,3.4198333333333335,0.071597007522537,369.6792044273309,1.2454789332037375,candidate collective coupling diagnostic; not a stability certificate
C0_all_SG,3.4614166666666666,0.06992152469411818,380.8526378734345,1.2386003549350806,candidate collective coupling diagnostic; not a stability certificate
C0_all_SG,3.503,0.06830516021018383,392.16365470503644,1.2320297571036938,candidate collective coupling diagnostic; not a stability certificate
C0_all_SG,3.544583333333333,0.06674511418051816,403.61222531290997,1.2257480551499222,candidate collective coupling diagnostic; not a stability certificate
C0_all_SG,3.5861666666666667,0.06523875347273933,415.1983221412824,1.219737674754833,candidate collective coupling diagnostic; not a stability certificate
C0_all_SG,3.62775,0.06378359971684631,426.9219194821704,1.2139824068731984,candidate collective coupling diagnostic; not a stability certificate
C0_all_SG,3.651741272548377,0.06296643325371867,433.7483238320631,1.2107720908114836,candidate collective coupling diagnostic; not a stability certificate
C0_all_SG,3.6693333333333333,0.06237731832574888,438.7829932930786,1.208467279059594,candidate collective coupling diagnostic; not a stability certificate
C0_all_SG,3.710916666666667,0.06101770843206679,450.7815210351398,1.20317844099756,candidate collective coupling diagnostic; not a stability certificate
C0_all_SG,3.7525,0.05970269365270508,462.91748152918353,1.198103062441966,candidate collective coupling diagnostic; not a stability certificate
C0_all_SG,3.7940833333333335,0.05843031360250059,475.1908548275621,1.1932292420373025,candidate collective coupling diagnostic; not a stability certificate
C0_all_SG,3.8356666666666666,0.057198716086789204,487.601622099856,1.1885459256879423,candidate collective coupling diagnostic; not a stability certificate
C0_all_SG,3.87725,0.05600614991024733,500.1497655308287,1.1840428333369988,candidate collective coupling diagnostic; not a stability certificate
C0_all_SG,3.918833333333333,0.054850958245951,512.8352682292077,1.1797103931638524,candidate collective coupling diagnostic; not a stability certificate
C0_all_SG,3.9604166666666667,0.053731572514406814,525.6581141460557,1.1755396823410769,candidate collective coupling diagnostic; not a stability certificate
C0_all_SG,4.002,0.05264650672743426,538.6182880016455,1.1715223736031364,candidate collective coupling diagnostic; not a stability certificate
C0_all_SG,4.043583333333333,0.051594352256317456,551.7157752198899,1.1676506869748156,candidate collective coupling diagnostic; not a stability certificate
C0_all_SG,4.085166666666667,0.05057377298766836,564.9505618694909,1.1639173460894319,candidate collective coupling diagnostic; not a stability certificate
C0_all_SG,4.12675,0.04958350083401545,578.3226346110721,1.1603155385975457,candidate collective coupling diagnostic; not a stability certificate
C0_all_SG,4.168333333333333,0.048622331569314205,591.8319806496479,1.1568388802278593,candidate collective coupling diagnostic; not a stability certificate
C0_all_SG,4.2099166666666665,0.0476891209624122,605.4785876918554,1.1534813821147278,candidate collective coupling diagnostic; not a stability certificate
C0_all_SG,4.216965034285822,0.0475336342735971,607.8052889340156,1.1529236891186474,candidate collective coupling diagnostic; not a stability certificate
C0_all_SG,4.2515,0.04678278118403407,619.2624439074386,1.1502374210524207,candidate collective coupling diagnostic; not a stability certificate
C0_all_SG,4.293083333333334,0.045902277465118685,633.1835378945434,1.1471017123759928,candidate collective coupling diagnostic; not a stability certificate
C0_all_SG,4.334666666666666,0.04504662498637146,647.2418586484132,1.1440692852032195,candidate collective coupling diagnostic; not a stability certificate
C0_all_SG,4.37625,0.04421488598071661,661.4373955331408,1.141135459802182,candidate collective coupling diagnostic; not a stability certificate
C0_all_SG,4.417833333333333,0.04340616703197431,675.7701382561524,1.1382958268755037,candidate collective coupling diagnostic; not a stability certificate
C0_all_SG,4.459416666666667,0.04261961655455784,690.2400768451452,1.1355462285753235,candidate collective coupling diagnostic; not a stability certificate
C0_all_SG,4.501,0.04185442244031911,704.847201627228,1.1328827410833524,candidate collective coupling diagnostic; not a stability certificate
C0_all_SG,4.542583333333333,0.04110980985986552,719.5915032100388,1.130301658608207,candidate collective coupling diagnostic; not a stability certificate
C0_all_SG,4.5841666666666665,0.04038503920675775,734.472972464639,1.1277994786679026,candidate collective coupling diagnostic; not a stability certificate
C0_all_SG,4.62575,0.039679404173975585,749.4916005100015,1.125372888539228,candidate collective coupling diagnostic; not a stability certificate
C0_all_SG,4.667333333333334,0.03899222995292819,764.6473786989374,1.1230187527679862,candidate collective coupling diagnostic; not a stability certificate
C0_all_SG,4.708916666666667,0.03832287154608884,779.9402986053118,1.1207341016449124,candidate collective coupling diagnostic; not a stability certificate
C0_all_SG,4.7505,0.03767071218506613,795.3703520124214,1.1185161205616818,candidate collective coupling diagnostic; not a stability certificate
C0_all_SG,4.792083333333333,0.03703516184658614,810.9375309024174,1.1163621401699668,candidate collective coupling diagnostic; not a stability certificate
C0_all_SG,4.833666666666667,0.03641565585946574,826.6418274466666,1.1142696272740882,candidate collective coupling diagnostic; not a stability certificate
C0_all_SG,4.869675251658631,0.03589174641025853,840.3515437751857,1.1125054405187569,candidate collective coupling diagnostic; not a stability certificate
C0_all_SG,4.87525,0.035811653596206236,842.4832339969614,1.1122361763945599,candidate collective coupling diagnostic; not a stability certificate
C0_all_SG,4.916833333333333,0.03522263724333828,858.46174307749,1.1102595019458648,candidate collective coupling diagnostic; not a stability certificate
C0_all_SG,4.9584166666666665,0.03464811064510677,874.5773473774952,1.108337430977182,candidate collective coupling diagnostic; not a stability certificate
C0_all_SG,5.0,0.03408759821550292,890.8300397445469,1.106467896429607,candidate collective coupling diagnostic; not a stability certificate
C0_all_SG,5.623413251903491,0.027093855222234963,1150.917740638707,1.0835952695435378,candidate collective coupling diagnostic; not a stability certificate
C0_all_SG,6.493816315762113,0.020440308148725345,1565.550785647757,1.062564412034986,candidate collective coupling diagnostic; not a stability certificate
C0_all_SG,7.498942093324558,0.015408894720583254,2118.986125616388,1.0470745905701664,candidate collective coupling diagnostic; not a stability certificate
C0_all_SG,8.659643233600654,0.01160675597198494,2857.547812731096,1.035558967241292,candidate collective coupling diagnostic; not a stability certificate
C0_all_SG,10.0,0.008736620996141862,3843.0162517904937,1.0269356728803123,candidate collective coupling diagnostic; not a stability certificate
C0_all_SG,11.547819846894582,0.0065727216031906495,5157.783394500056,1.020440937709522,candidate collective coupling diagnostic; not a stability certificate
C0_all_SG,13.33521432163324,0.004943313580464382,6911.7228504587065,1.0155269226832297,candidate collective coupling diagnostic; not a stability certificate
C0_all_SG,15.39926526059492,0.003717761057780411,9251.34709585626,1.0117960773161037,candidate collective coupling diagnostic; not a stability certificate
C0_all_SG,17.78279410038923,0.002796831298028383,12372.01713963074,1.0089571065997398,candidate collective coupling diagnostic; not a stability certificate
C0_all_SG,20.53525026457146,0.0021053044293715597,16534.226484633877,1.0067945097367512,candidate collective coupling diagnostic; not a stability certificate
C0_all_SG,23.71373705661655,0.0015862981964354212,22085.321261434667,1.0051472157278747,candidate collective coupling diagnostic; not a stability certificate
C0_all_SG,27.384196342643612,0.0011968950266213125,29488.47035237577,1.0038936013524766,candidate collective coupling diagnostic; not a stability certificate
C0_all_SG,31.622776601683793,0.0009047756983749267,39361.30195561665,1.002941028187928,candidate collective coupling diagnostic; not a stability certificate
C0_all_SG,36.51741272548377,0.0006856376421166083,52527.42787043638,1.0022185142276254,candidate collective coupling diagnostic; not a stability certificate
C0_all_SG,42.169650342858226,0.0005212248947219621,70085.15144402975,1.001671518518367,candidate collective coupling diagnostic; not a stability certificate
C0_all_SG,48.69675251658631,0.0003978323540824529,93499.08895582418,1.0012581296161391,candidate collective coupling diagnostic; not a stability certificate
C0_all_SG,56.23413251903491,0.0003051751566304052,124722.34627175753,1.000946198977231,candidate collective coupling diagnostic; not a stability certificate
C0_all_SG,64.93816315762113,0.00023553728170977212,166359.44198039488,1.000711136071752,candidate collective coupling diagnostic; not a stability certificate
C0_all_SG,74.98942093324558,0.00018313304260363783,221883.5674574876,1.000534190761839,candidate collective coupling diagnostic; not a stability certificate
C0_all_SG,86.59643233600653,0.00014363271621822756,295926.3069851898,1.0004011098772625,candidate collective coupling diagnostic; not a stability certificate
C0_all_SG,100.0,0.00011382875864422505,394663.98536054196,1.0003010883050476,candidate collective coupling diagnostic; not a stability certificate
C30_bus30_SimpleGFLDC,0.001,725130.9744652692,77.01446003685945,1.0127652988750504e6,candidate collective coupling diagnostic; not a stability certificate
C30_bus30_SimpleGFLDC,0.0011547819846894581,627846.8306364788,74.56915351259309,905777.9823563455,candidate collective coupling diagnostic; not a stability certificate
C30_bus30_SimpleGFLDC,0.001333521432163324,543588.3074726932,72.67917279344243,804768.2680910872,candidate collective coupling diagnostic; not a stability certificate
C30_bus30_SimpleGFLDC,0.001539926526059492,470607.4146197373,71.22586116198156,711120.0198915069,candidate collective coupling diagnostic; not a stability certificate
C30_bus30_SimpleGFLDC,0.0017782794100389228,407390.16445941594,70.11202932279691,625587.1231494474,candidate collective coupling diagnostic; not a stability certificate
C30_bus30_SimpleGFLDC,0.002053525026457146,352625.18014425074,69.25929860382551,548405.5962475165,candidate collective coupling diagnostic; not a stability certificate
C30_bus30_SimpleGFLDC,0.0023713737056616554,305176.51612127596,68.60518298006282,479427.05540816067,candidate collective coupling diagnostic; not a stability certificate
C30_bus30_SimpleGFLDC,0.0027384196342643613,264060.1317197439,65.57286377713757,434364.8119485662,candidate collective coupling diagnostic; not a stability certificate
C30_bus30_SimpleGFLDC,0.0031622776601683794,228423.53604643722,61.61651162924853,400295.54322421533,candidate collective coupling diagnostic; not a stability certificate
C30_bus30_SimpleGFLDC,0.003651741272548377,197528.19069950934,58.4704831280796,365291.7918807691,candidate collective coupling diagnostic; not a stability certificate
C30_bus30_SimpleGFLDC,0.004216965034285823,170734.31702917008,55.99010623638184,330341.82018079323,candidate collective coupling diagnostic; not a stability certificate
C30_bus30_SimpleGFLDC,0.004869675251658631,147487.80752549358,54.048044259804996,296341.47166277375,candidate collective coupling diagnostic; not a stability certificate
C30_bus30_SimpleGFLDC,0.005623413251903491,127308.98638453172,52.534370725727555,264013.09070472204,candidate collective coupling diagnostic; not a stability certificate
C30_bus30_SimpleGFLDC,0.006493816315762113,109783.00071659786,51.35588841719638,233869.6579711929,candidate collective coupling diagnostic; not a stability certificate
C30_bus30_SimpleGFLDC,0.007498942093324558,94551.64779589037,50.43467668345952,206218.6170456833,candidate collective coupling diagnostic; not a stability certificate
C30_bus30_SimpleGFLDC,0.008659643233600654,81306.44912363421,49.70603294043183,181191.4788969005,candidate collective coupling diagnostic; not a stability certificate
C30_bus30_SimpleGFLDC,0.01,69782.76267251793,49.11603748609365,158784.62101533107,candidate collective coupling diagnostic; not a stability certificate
C30_bus30_SimpleGFLDC,0.010000000000000002,69782.76267251793,49.11603748609365,158784.62101533107,candidate collective coupling diagnostic; not a stability certificate
C30_bus30_SimpleGFLDC,0.011547819846894581,59754.678772482475,48.61895031863551,138900.45177988408,candidate collective coupling diagnostic; not a stability certificate
C30_bus30_SimpleGFLDC,0.01333521432163324,51030.3866212663,48.17460019423663,121382.85769638015,candidate collective coupling diagnostic; not a stability certificate
C30_bus30_SimpleGFLDC,0.01539926526059492,43447.669227533275,45.94474436633182,110201.87287028285,candidate collective coupling diagnostic; not a stability certificate
C30_bus30_SimpleGFLDC,0.01778279410038923,36869.25377063351,42.72209487594965,102611.63147158484,candidate collective coupling diagnostic; not a stability certificate
C30_bus30_SimpleGFLDC,0.02053525026457146,31177.971118823432,40.169059971171365,94481.25393175722,candidate collective coupling diagnostic; not a stability certificate
C30_bus30_SimpleGFLDC,0.023713737056616554,26272.03353546694,38.161306014634086,86089.83769970338,candidate collective coupling diagnostic; not a stability certificate
C30_bus30_SimpleGFLDC,0.027384196342643614,22061.045154090833,36.577843589907445,77737.03963118957,candidate collective coupling diagnostic; not a stability certificate
C30_bus30_SimpleGFLDC,0.03162277660168379,18463.35125523457,35.30537438834207,69693.804368006,candidate collective coupling diagnostic; not a stability certificate
C30_bus30_SimpleGFLDC,0.03651741272548377,15404.867648358344,34.245742590123164,62162.662340621464,candidate collective coupling diagnostic; not a stability certificate
C30_bus30_SimpleGFLDC,0.042169650342858224,12818.766609223332,33.32619445079712,55256.86644069221,candidate collective coupling diagnostic; not a stability certificate
C30_bus30_SimpleGFLDC,0.04869675251658631,10644.74214050372,32.51051263016023,49000.704687369565,candidate collective coupling diagnostic; not a stability certificate
C30_bus30_SimpleGFLDC,0.051583333333333335,9877.598643171397,32.213050106043994,46671.303810591526,candidate collective coupling diagnostic; not a stability certificate
C30_bus30_SimpleGFLDC,0.05623413251903491,8826.61299157887,31.802975820309037,43353.25973786231,candidate collective coupling diagnostic; not a stability certificate
C30_bus30_SimpleGFLDC,0.06493816315762113,7308.656322216028,31.2297489267854,38256.80259184825,candidate collective coupling diagnostic; not a stability certificate
C30_bus30_SimpleGFLDC,0.07498942093324558,6034.610930232656,30.804559935738475,33675.46927078446,candidate collective coupling diagnostic; not a stability certificate
C30_bus30_SimpleGFLDC,0.08659643233600653,4953.9027573033645,30.55033006916009,29550.219189979885,candidate collective coupling diagnostic; not a stability certificate
C30_bus30_SimpleGFLDC,0.09316666666666666,4466.612103156797,30.521201758907672,27582.39660823788,candidate collective coupling diagnostic; not a stability certificate
C30_bus30_SimpleGFLDC,0.1,4030.6013257526442,30.588869906191025,25730.720172942987,candidate collective coupling diagnostic; not a stability certificate
C30_bus30_SimpleGFLDC,0.11547819846894582,3244.678387415017,31.09504863260304,22089.54491223208,candidate collective coupling diagnostic; not a stability certificate
C30_bus30_SimpleGFLDC,0.1333521432163324,2585.1208996194814,32.07814330994489,18694.147068267845,candidate collective coupling diagnostic; not a stability certificate
C30_bus30_SimpleGFLDC,0.13475,2541.9835672644804,32.16290386292322,18462.55827337357,candidate collective coupling diagnostic; not a stability certificate
C30_bus30_SimpleGFLDC,0.1539926526059492,2041.5791720311538,33.321050586020895,15717.222882528504,candidate collective coupling diagnostic; not a stability certificate
C30_bus30_SimpleGFLDC,0.17633333333333334,1622.4638266040383,34.4949791260808,13371.641151260003,candidate collective coupling diagnostic; not a stability certificate
C30_bus30_SimpleGFLDC,0.1778279410038923,1598.9500684916409,34.56469314495771,13239.763611767969,candidate collective coupling diagnostic; not a stability certificate
C30_bus30_SimpleGFLDC,0.2053525026457146,1238.1629860679266,35.661259464368115,11220.648879873448,candidate collective coupling diagnostic; not a stability certificate
C30_bus30_SimpleGFLDC,0.21791666666666668,1109.231732896015,36.05631704165984,10501.175601580188,candidate collective coupling diagnostic; not a stability certificate
C30_bus30_SimpleGFLDC,0.23713737056616552,943.920966977773,34.41636208026384,10170.250135520724,candidate collective coupling diagnostic; not a stability certificate
C30_bus30_SimpleGFLDC,0.2595,790.3476463556007,31.593749825091365,10189.28190775088,candidate collective coupling diagnostic; not a stability certificate
C30_bus30_SimpleGFLDC,0.27384196342643613,709.4764269870103,30.14452641269434,10159.161108871333,candidate collective coupling diagnostic; not a stability certificate
C30_bus30_SimpleGFLDC,0.3010833333333333,585.5128278191451,28.094828384893802,9984.104788668294,candidate collective coupling diagnostic; not a stability certificate
C30_bus30_SimpleGFLDC,0.31622776601683794,530.0305736898111,27.27797111481956,9827.979174542854,candidate collective coupling diagnostic; not a stability certificate
C30_bus30_SimpleGFLDC,0.3426666666666667,450.64734500389307,26.232102632543313,9493.833919242139,candidate collective coupling diagnostic; not a stability certificate
C30_bus30_SimpleGFLDC,0.3651741272548377,396.68719217656115,25.585226880738304,9185.900498626053,candidate collective coupling diagnostic; not a stability certificate
C30_bus30_SimpleGFLDC,0.38425,358.4868043608841,25.132506242492155,8930.682824692885,candidate collective coupling diagnostic; not a stability certificate
C30_bus30_SimpleGFLDC,0.4216965034285822,298.5976360974533,24.34033299571022,8485.995793895054,candidate collective coupling diagnostic; not a stability certificate
C30_bus30_SimpleGFLDC,0.42583333333333334,292.9711424723674,24.254119114383204,8442.87253835621,candidate collective coupling diagnostic; not a stability certificate
C30_bus30_SimpleGFLDC,0.46741666666666665,244.72900410502035,23.343823216130488,8084.673522686941,candidate collective coupling diagnostic; not a stability certificate
C30_bus30_SimpleGFLDC,0.4869675251658631,226.32536740920065,22.872644205208907,7964.7451424230685,candidate collective coupling diagnostic; not a stability certificate
C30_bus30_SimpleGFLDC,0.509,208.1398129538864,22.299646057638782,7866.838500782798,candidate collective coupling diagnostic; not a stability certificate
C30_bus30_SimpleGFLDC,0.5505833333333333,179.69767420993134,21.087191348436903,7789.340442306425,candidate collective coupling diagnostic; not a stability certificate
C30_bus30_SimpleGFLDC,0.5623413251903491,172.7977671682097,20.712687227528665,7793.135975058529,candidate collective coupling diagnostic; not a stability certificate
C30_bus30_SimpleGFLDC,0.5921666666666666,157.12870621715032,19.700906057293224,7855.527416764392,candidate collective coupling diagnostic; not a stability certificate
C30_bus30_SimpleGFLDC,0.63375,138.90567868223764,18.147914413288618,8078.745697892729,candidate collective coupling diagnostic; not a stability certificate
C30_bus30_SimpleGFLDC,0.6493816315762113,132.9518016303677,17.523699611372027,8208.526020435133,candidate collective coupling diagnostic; not a stability certificate
C30_bus30_SimpleGFLDC,0.6753333333333333,123.97157857222864,16.44223675354196,8487.788990475381,candidate collective coupling diagnostic; not a stability certificate
C30_bus30_SimpleGFLDC,0.7169166666666666,111.57625811099994,14.604410787543259,9134.587292560856,candidate collective coupling diagnostic; not a stability certificate
C30_bus30_SimpleGFLDC,0.7498942093324559,103.18651707058137,13.073013124083385,9872.64549576506,candidate collective coupling diagnostic; not a stability certificate
C30_bus30_SimpleGFLDC,0.7585,101.17684200415613,12.665617573494828,10106.286594878331,candidate collective coupling diagnostic; not a stability certificate
C30_bus30_SimpleGFLDC,0.8000833333333334,92.37591371220866,10.679091466462252,11539.344747972007,candidate collective coupling diagnostic; not a stability certificate
C30_bus30_SimpleGFLDC,0.8416666666666667,84.88267191973846,8.748260130843413,13601.694012215867,candidate collective coupling diagnostic; not a stability certificate
C30_bus30_SimpleGFLDC,0.8659643233600653,81.02130938842016,7.725490939015292,15109.715449897121,candidate collective coupling diagnostic; not a stability certificate
C30_bus30_SimpleGFLDC,0.88325,78.47896202190104,7.0933649280915825,16241.742040483883,candidate collective coupling diagnostic; not a stability certificate
C30_bus30_SimpleGFLDC,0.9248333333333333,72.9354447935985,6.155818698611813,18164.60884013203,candidate collective coupling diagnostic; not a stability certificate
C30_bus30_SimpleGFLDC,0.9664166666666667,67.95392283380752,6.46854973322749,16814.66542500578,candidate collective coupling diagnostic; not a stability certificate
C30_bus30_SimpleGFLDC,1.0,64.3051304607859,7.511288560429046,14181.198320308684,candidate collective coupling diagnostic; not a stability certificate
C30_bus30_SimpleGFLDC,1.008,63.49447500844933,7.043788720024946,15050.11188863739,candidate collective coupling diagnostic; not a stability certificate
C30_bus30_SimpleGFLDC,1.0495833333333333,59.651022293187985,5.123087859207788,20204.776196102484,candidate collective coupling diagnostic; not a stability certificate
C30_bus30_SimpleGFLDC,1.0911666666666666,56.2787520299715,5.005643283556369,20224.813570083697,candidate collective coupling diagnostic; not a stability certificate
C30_bus30_SimpleGFLDC,1.13275,53.3268215850559,6.995394350126032,14175.777609080293,candidate collective coupling diagnostic; not a stability certificate
C30_bus30_SimpleGFLDC,1.1547819846894583,51.987511548032025,8.022705081252601,12232.748401710682,candidate collective coupling diagnostic; not a stability certificate
C30_bus30_SimpleGFLDC,1.1743333333333332,50.91618594747771,7.452666032913604,13051.54696412771,candidate collective coupling diagnostic; not a stability certificate
C30_bus30_SimpleGFLDC,1.2159166666666668,48.994576146774115,7.595695319109836,12576.79643573153,candidate collective coupling diagnostic; not a stability certificate
C30_bus30_SimpleGFLDC,1.2575,48.78574028512539,5.662712596246378,16587.494378021212,candidate collective coupling diagnostic; not a stability certificate
C30_bus30_SimpleGFLDC,1.2990833333333334,60.587041391702144,2.4197190256457177,38209.45234735196,candidate collective coupling diagnostic; not a stability certificate
C30_bus30_SimpleGFLDC,1.333521432163324,53.3914962239912,3.0046419887630726,30393.27256489688,candidate collective coupling diagnostic; not a stability certificate
C30_bus30_SimpleGFLDC,1.3406666666666667,49.82754467440716,3.5654744886519696,25549.02643207344,candidate collective coupling diagnostic; not a stability certificate
C30_bus30_SimpleGFLDC,1.38225,41.24423346507312,7.49731727977508,11982.11550704187,candidate collective coupling diagnostic; not a stability certificate
C30_bus30_SimpleGFLDC,1.4238333333333333,38.30005498528829,11.833116240619049,7492.88575536742,candidate collective coupling diagnostic; not a stability certificate
C30_bus30_SimpleGFLDC,1.4654166666666666,36.36271833099859,12.589528623237532,6956.342046982793,candidate collective coupling diagnostic; not a stability certificate
C30_bus30_SimpleGFLDC,1.507,34.77922480275271,14.497223809869183,5971.118220557698,candidate collective coupling diagnostic; not a stability certificate
C30_bus30_SimpleGFLDC,1.539926526059492,33.6663096831363,15.887913519166814,5401.049848146992,candidate collective coupling diagnostic; not a stability certificate
C30_bus30_SimpleGFLDC,1.5485833333333334,33.389448218193536,16.377340015322957,5227.958301087969,candidate collective coupling diagnostic; not a stability certificate
C30_bus30_SimpleGFLDC,1.5901666666666667,32.135008710285355,19.37188160491442,4374.237930563074,candidate collective coupling diagnostic; not a stability certificate
C30_bus30_SimpleGFLDC,1.63175,30.986578633983505,23.174458296921248,3620.827477585939,candidate collective coupling diagnostic; not a stability certificate
C30_bus30_SimpleGFLDC,1.6733333333333333,29.92618218192051,27.529229938023477,3019.9060550963586,candidate collective coupling diagnostic; not a stability certificate
C30_bus30_SimpleGFLDC,1.7149166666666666,28.941450824077098,32.28113229078709,2552.8160452286074,candidate collective coupling diagnostic; not a stability certificate
C30_bus30_SimpleGFLDC,1.7565,28.023171058150815,37.33893701719824,2188.6838159044723,candidate collective coupling diagnostic; not a stability certificate
C30_bus30_SimpleGFLDC,1.7782794100389228,27.5662387066372,40.09071409189023,2029.9111952324604,candidate collective coupling diagnostic; not a stability certificate
C30_bus30_SimpleGFLDC,1.7980833333333333,27.164075721585554,42.64790209523618,1901.1059976612994,candidate collective coupling diagnostic; not a stability certificate
C30_bus30_SimpleGFLDC,1.8396666666666666,26.358198976905175,48.17399594531829,1670.3989927666044,candidate collective coupling diagnostic; not a stability certificate
C30_bus30_SimpleGFLDC,1.88125,25.600506806170813,53.89524394874162,1482.4147522442822,candidate collective coupling diagnostic; not a stability certificate
C30_bus30_SimpleGFLDC,1.9228333333333334,24.886669864114864,59.79693924869083,1327.016539516197,candidate collective coupling diagnostic; not a stability certificate
C30_bus30_SimpleGFLDC,1.9644166666666667,24.212914264471102,65.86891573520732,1196.8728639176688,candidate collective coupling diagnostic; not a stability certificate
C30_bus30_SimpleGFLDC,2.006,23.57591764655463,72.10394180442202,1086.605599403724,candidate collective coupling diagnostic; not a stability certificate
C30_bus30_SimpleGFLDC,2.0475833333333333,22.97273312726213,78.4967416701974,992.2077835090712,candidate collective coupling diagnostic; not a stability certificate
C30_bus30_SimpleGFLDC,2.0535250264571463,22.88915012816823,79.42282557216777,979.8287351299696,candidate collective coupling diagnostic; not a stability certificate
C30_bus30_SimpleGFLDC,2.089166666666667,22.400731388667452,85.04337972148016,910.6475689723112,candidate collective coupling diagnostic; not a stability certificate
C30_bus30_SimpleGFLDC,2.13075,21.857555156409123,91.74086174885858,839.5969082720364,candidate collective coupling diagnostic; not a stability certificate
C30_bus30_SimpleGFLDC,2.1723333333333334,21.341082517750593,98.58686968592684,777.2434392985671,candidate collective coupling diagnostic; not a stability certificate
C30_bus30_SimpleGFLDC,2.2139166666666665,20.849396783051315,105.5795808670464,722.1582194995184,candidate collective coupling diagnostic; not a stability certificate
C30_bus30_SimpleGFLDC,2.2555,20.38076134283017,112.71754216359604,673.2013684155762,candidate collective coupling diagnostic; not a stability certificate
C30_bus30_SimpleGFLDC,2.297083333333333,19.933598437159144,119.99958059054983,629.4537838332352,candidate collective coupling diagnostic; not a stability certificate
C30_bus30_SimpleGFLDC,2.3386666666666667,19.50647105355427,127.42473866808916,590.1670426431189,candidate collective coupling diagnostic; not a stability certificate
C30_bus30_SimpleGFLDC,2.371373705661655,19.183734184565694,133.36497259354417,561.9953275991749,candidate collective coupling diagnostic; not a stability certificate
C30_bus30_SimpleGFLDC,2.38025,19.098067369464516,134.99222691383537,554.7261615737821,candidate collective coupling diagnostic; not a stability certificate
C30_bus30_SimpleGFLDC,2.4218333333333333,18.70718729338832,142.70138840084385,522.6215755452629,candidate collective coupling diagnostic; not a stability certificate
C30_bus30_SimpleGFLDC,2.463416666666667,18.33273075667581,150.5516719527945,493.4278086826832,candidate collective coupling diagnostic; not a stability certificate
C30_bus30_SimpleGFLDC,2.505,17.973687479636254,158.54261161491004,466.7870644571052,candidate collective coupling diagnostic; not a stability certificate
C30_bus30_SimpleGFLDC,2.5465833333333334,17.629127989068014,166.6738107478884,442.39647335658475,candidate collective coupling diagnostic; not a stability certificate
C30_bus30_SimpleGFLDC,2.5881666666666665,17.29819570516862,174.94492957097555,419.99808973824537,candidate collective coupling diagnostic; not a stability certificate
C30_bus30_SimpleGFLDC,2.62975,16.980099947529126,183.355675308916,399.37097629618256,candidate collective coupling diagnostic; not a stability certificate
C30_bus30_SimpleGFLDC,2.671333333333333,16.674109734990708,191.9057943263362,380.32488904905813,candidate collective coupling diagnostic; not a stability certificate
C30_bus30_SimpleGFLDC,2.7129166666666666,16.37954827421374,200.59506579468646,362.6952005046264,candidate collective coupling diagnostic; not a stability certificate
C30_bus30_SimpleGFLDC,2.7384196342643614,16.204276015604506,205.99293370920952,352.5211976553526,candidate collective coupling diagnostic; not a stability certificate
C30_bus30_SimpleGFLDC,2.7545,16.09578804806851,209.4232965522877,346.3387888327036,candidate collective coupling diagnostic; not a stability certificate
C30_bus30_SimpleGFLDC,2.7960833333333333,15.82224642826071,218.39031690160718,331.13068673007746,candidate collective coupling diagnostic; not a stability certificate
C30_bus30_SimpleGFLDC,2.837666666666667,15.558381747587156,227.49597714894503,316.9613322217258,candidate collective coupling diagnostic; not a stability certificate
C30_bus30_SimpleGFLDC,2.87925,15.303689776351565,236.74014473688644,303.7342997844802,candidate collective coupling diagnostic; not a stability certificate
C30_bus30_SimpleGFLDC,2.9208333333333334,15.05770055511977,246.12270185356547,291.3644173145026,candidate collective coupling diagnostic; not a stability certificate
C30_bus30_SimpleGFLDC,2.9624166666666665,14.819975542436516,255.6435434281572,279.77619500266877,candidate collective coupling diagnostic; not a stability certificate
C30_bus30_SimpleGFLDC,3.004,14.590105041580982,265.30257544128716,268.9025078566248,candidate collective coupling diagnostic; not a stability certificate
C30_bus30_SimpleGFLDC,3.0455833333333335,14.367705875078938,275.09971349385967,258.68348565804644,candidate collective coupling diagnostic; not a stability certificate
C30_bus30_SimpleGFLDC,3.0871666666666666,14.152419279653692,285.0348815891336,249.06557347282376,candidate collective coupling diagnostic; not a stability certificate
C30_bus30_SimpleGFLDC,3.12875,13.943908997696608,295.1080110918148,240.00073310334122,candidate collective coupling diagnostic; not a stability certificate
C30_bus30_SimpleGFLDC,3.1622776601683795,13.780510908301167,303.3301557144288,233.06512912915082,candidate collective coupling diagnostic; not a stability certificate
C30_bus30_SimpleGFLDC,3.1703333333333332,13.74185954426328,305.3190398348264,231.4457615762747,candidate collective coupling diagnostic; not a stability certificate
C30_bus30_SimpleGFLDC,3.2119166666666668,13.545974631125878,315.6679113499015,223.36170726136308,candidate collective coupling diagnostic; not a stability certificate
C30_bus30_SimpleGFLDC,3.2535,13.35597573159794,326.1545742025102,215.71336779058086,candidate collective coupling diagnostic; not a stability certificate
C30_bus30_SimpleGFLDC,3.2950833333333334,13.171600771745345,336.77898141506006,208.46885680014873,candidate collective coupling diagnostic; not a stability certificate
C30_bus30_SimpleGFLDC,3.3366666666666664,12.9926029352488,347.5410899651214,201.59922880731753,candidate collective coupling diagnostic; not a stability certificate
C30_bus30_SimpleGFLDC,3.37825,12.818749570623424,358.4408603476624,195.07815338051262,candidate collective coupling diagnostic; not a stability certificate
C30_bus30_SimpleGFLDC,3.4198333333333335,12.649821190761473,369.4782561920966,188.8816312580765,candidate collective coupling diagnostic; not a stability certificate
C30_bus30_SimpleGFLDC,3.4614166666666666,12.485610555867671,380.65324392645624,182.98774628943724,candidate collective coupling diagnostic; not a stability certificate
C30_bus30_SimpleGFLDC,3.503,12.325921831825989,391.96579248218023,177.37644806917632,candidate collective coupling diagnostic; not a stability certificate
C30_bus30_SimpleGFLDC,3.544583333333333,12.170569816889648,403.4158730340686,172.0293609529683,candidate collective coupling diagnostic; not a stability certificate
C30_bus30_SimpleGFLDC,3.5861666666666667,12.019379230337595,415.0034587707228,166.92961581941276,candidate collective coupling diagnostic; not a stability certificate
C30_bus30_SimpleGFLDC,3.62775,11.872184057404555,426.72852469152826,162.06170150058568,candidate collective coupling diagnostic; not a stability certificate
C30_bus30_SimpleGFLDC,3.651741272548377,11.789016326993865,433.55576734721944,159.35301739928073,candidate collective coupling diagnostic; not a stability certificate
C30_bus30_SimpleGFLDC,3.6693333333333333,11.728826945378385,438.5910474267933,157.4113332685383,candidate collective coupling diagnostic; not a stability certificate
C30_bus30_SimpleGFLDC,3.710916666666667,11.589158646279008,450.5910050781339,152.9653361522717,candidate collective coupling diagnostic; not a stability certificate
C30_bus30_SimpleGFLDC,3.7525,11.453037501994219,462.72837707661387,148.71154118384143,candidate collective coupling diagnostic; not a stability certificate
C30_bus30_SimpleGFLDC,3.7940833333333335,11.320328968158101,475.00314405648305,144.63869294441884,candidate collective coupling diagnostic; not a stability certificate
C30_bus30_SimpleGFLDC,3.8356666666666666,11.190905173422601,487.41528774264805,140.73636701041494,candidate collective coupling diagnostic; not a stability certificate
C30_bus30_SimpleGFLDC,3.87725,11.064644511098184,499.96479085025607,136.99489609351065,candidate collective coupling diagnostic; not a stability certificate
C30_bus30_SimpleGFLDC,3.918833333333333,10.941431260430104,512.6516369949859,133.40530383264593,candidate collective coupling diagnostic; not a stability certificate
C30_bus30_SimpleGFLDC,3.9604166666666667,10.821155235035882,525.4758106128122,129.9592453355938,candidate collective coupling diagnostic; not a stability certificate
C30_bus30_SimpleGFLDC,4.002,10.703711456262571,538.4372968881759,126.64895368671027,candidate collective coupling diagnostic; not a stability certificate
C30_bus30_SimpleGFLDC,4.043583333333333,10.588999849429854,551.5360816896123,123.46719173913318,candidate collective coupling diagnostic; not a stability certificate
C30_bus30_SimpleGFLDC,4.085166666666667,10.476924961112259,564.7721515120109,120.40720859682625,candidate collective coupling diagnostic; not a stability certificate
C30_bus30_SimpleGFLDC,4.12675,10.367395695781447,578.1454934247787,117.46270026671147,candidate collective coupling diagnostic; not a stability certificate
C30_bus30_SimpleGFLDC,4.168333333333333,10.260325070280297,591.6560950252714,114.62777402558481,candidate collective coupling diagnostic; not a stability certificate
C30_bus30_SimpleGFLDC,4.2099166666666665,10.155629984736544,605.3039443969178,111.8969161021476,candidate collective coupling diagnostic; not a stability certificate
C30_bus30_SimpleGFLDC,4.216965034285822,10.138113891981071,607.6308549283237,111.44397580641323,candidate collective coupling diagnostic; not a stability certificate
C30_bus30_SimpleGFLDC,4.2515,10.053231008646351,619.0890300715325,109.26496232261765,candidate collective coupling diagnostic; not a stability certificate
C30_bus30_SimpleGFLDC,4.293083333333334,9.953052180968418,633.0113409953868,106.72707141011442,candidate collective coupling diagnostic; not a stability certificate
C30_bus30_SimpleGFLDC,4.334666666666666,9.855020823169506,647.0708664986248,104.27870066428443,candidate collective coupling diagnostic; not a stability certificate
C30_bus30_SimpleGFLDC,4.37625,9.759067364252315,661.2675962676908,101.91558377920173,candidate collective coupling diagnostic; not a stability certificate
C30_bus30_SimpleGFLDC,4.417833333333333,9.665125176878755,675.6015203204406,99.63371058513818,candidate collective coupling diagnostic; not a stability certificate
C30_bus30_SimpleGFLDC,4.459416666666667,9.573130423775444,690.072628983669,97.42930852387705,candidate collective coupling diagnostic; not a stability certificate
C30_bus30_SimpleGFLDC,4.501,9.483021913675888,704.6809128728019,95.29882568834493,candidate collective coupling diagnostic; not a stability certificate
C30_bus30_SimpleGFLDC,4.542583333333333,9.394740966114682,719.426362873526,93.23891527584921,candidate collective coupling diagnostic; not a stability certificate
C30_bus30_SimpleGFLDC,4.5841666666666665,9.308231284444691,734.3089701251723,91.24642132048088,candidate collective coupling diagnostic; not a stability certificate
C30_bus30_SimpleGFLDC,4.62575,9.223438836498637,749.3287260056532,89.31836558457896,candidate collective coupling diagnostic; not a stability certificate
C30_bus30_SimpleGFLDC,4.667333333333334,9.140311742362687,764.4856221178159,87.4519355017921,candidate collective coupling diagnostic; not a stability certificate
C30_bus30_SimpleGFLDC,4.708916666666667,9.058800168771427,779.7796502770631,85.64447307544646,candidate collective coupling diagnostic; not a stability certificate
C30_bus30_SimpleGFLDC,4.7505,8.978856229671996,795.2108025001004,83.8934646458188,candidate collective coupling diagnostic; not a stability certificate
C30_bus30_SimpleGFLDC,4.792083333333333,8.900433892540054,810.7790709947185,82.1965314486729,candidate collective coupling diagnostic; not a stability certificate
C30_bus30_SimpleGFLDC,4.833666666666667,8.823488890062382,826.4844481504891,80.55142089520535,candidate collective coupling diagnostic; not a stability certificate
C30_bus30_SimpleGFLDC,4.869675251658631,8.75801991467756,840.1950931191202,79.16707418112438,candidate collective coupling diagnostic; not a stability certificate
C30_bus30_SimpleGFLDC,4.87525,8.747978636829808,842.3269265302863,78.95599851046076,candidate collective coupling diagnostic; not a stability certificate
C30_bus30_SimpleGFLDC,4.916833333333333,8.673862150711287,858.3064988625563,77.4082404734385,candidate collective coupling diagnostic; not a stability certificate
C30_bus30_SimpleGFLDC,4.9584166666666665,8.601099978604251,874.4231580342591,75.90622670760663,candidate collective coupling diagnostic; not a stability certificate
C30_bus30_SimpleGFLDC,5.0,8.529654126279008,890.6768970844021,74.44813447544487,candidate collective coupling diagnostic; not a stability certificate
C30_bus30_SimpleGFLDC,5.623413251903491,7.59431423349675,1150.7794215479396,57.847176244241794,candidate collective coupling diagnostic; not a stability certificate
C30_bus30_SimpleGFLDC,6.493816315762113,6.603763351144281,1565.431030989652,49.07710984837545,candidate collective coupling diagnostic; not a stability certificate
C30_bus30_SimpleGFLDC,7.498942093324558,5.751804601258281,2118.8856415307237,41.84919557297127,candidate collective coupling diagnostic; not a stability certificate
C30_bus30_SimpleGFLDC,8.659643233600654,5.011139453254446,2857.4675250458986,35.82146580940443,candidate collective coupling diagnostic; not a stability certificate
C30_bus30_SimpleGFLDC,10.0,4.360948429961915,3842.9571840312383,30.749696169082334,candidate collective coupling diagnostic; not a stability certificate
C30_bus30_SimpleGFLDC,11.547819846894582,3.786261215293182,5157.7464716613085,26.45347569362863,candidate collective coupling diagnostic; not a stability certificate
C30_bus30_SimpleGFLDC,13.33521432163324,3.2770999199738795,6911.708656492992,22.795659645412098,candidate collective coupling diagnostic; not a stability certificate
C30_bus30_SimpleGFLDC,15.39926526059492,2.8272564468532644,9251.355646942902,19.66942096043842,candidate collective coupling diagnostic; not a stability certificate
C30_bus30_SimpleGFLDC,17.78279410038923,2.432940175012862,12372.047746434577,16.98981292201092,candidate collective coupling diagnostic; not a stability certificate
C30_bus30_SimpleGFLDC,20.53525026457146,2.0920479012079554,16534.27775095107,14.688113854532542,candidate collective coupling diagnostic; not a stability certificate
C30_bus30_SimpleGFLDC,23.71373705661655,1.8074674705534413,22085.391215770516,12.707939689390924,candidate collective coupling diagnostic; not a stability certificate
C30_bus30_SimpleGFLDC,27.384196342643612,1.671982942934533,29488.5566633728,11.002505154422947,candidate collective coupling diagnostic; not a stability certificate
C30_bus30_SimpleGFLDC,31.622776601683793,2.3801155409144945,25264.42778857334,14.85164269387551,candidate collective coupling diagnostic; not a stability certificate
C30_bus30_SimpleGFLDC,36.51741272548377,5.387558985471746,12532.759750207866,34.64186449721358,candidate collective coupling diagnostic; not a stability certificate
C30_bus30_SimpleGFLDC,42.169650342858226,12.34807442119877,6234.2412135855375,80.63455881789449,candidate collective coupling diagnostic; not a stability certificate
C30_bus30_SimpleGFLDC,48.69675251658631,3.1045047682817946,28498.89183488276,20.441603819124936,candidate collective coupling diagnostic; not a stability certificate
C30_bus30_SimpleGFLDC,56.23413251903491,1.7263252297328746,59180.411541768175,11.420852876809791,candidate collective coupling diagnostic; not a stability certificate
C30_bus30_SimpleGFLDC,64.93816315762113,1.1798278385146084,100248.05672907317,7.833844379620805,candidate collective coupling diagnostic; not a stability certificate
C30_bus30_SimpleGFLDC,74.98942093324558,0.8837295160723396,155137.534766997,5.8929305915945225,candidate collective coupling diagnostic; not a stability certificate
C30_bus30_SimpleGFLDC,86.59643233600653,0.6958911997483032,228498.3804697416,4.668843379846173,candidate collective coupling diagnostic; not a stability certificate
C30_bus30_SimpleGFLDC,100.0,0.5648902378449725,326562.4876189171,3.8237283683419974,candidate collective coupling diagnostic; not a stability certificate
C33_bus33_SimpleGFLDC,0.001,925992.3697843619,41.38098057673323,1.5756511010734448e6,candidate collective coupling diagnostic; not a stability certificate
C33_bus33_SimpleGFLDC,0.0011547819846894581,801731.6637736867,40.94779093493514,1.378893192588845e6,candidate collective coupling diagnostic; not a stability certificate
C33_bus33_SimpleGFLDC,0.001333521432163324,694104.0997309812,40.61975863337312,1.203716257460364e6,candidate collective coupling diagnostic; not a stability certificate
C33_bus33_SimpleGFLDC,0.001539926526059492,600876.8945407992,40.371812190152944,1.0487783171756074e6,candidate collective coupling diagnostic; not a stability certificate
C33_bus33_SimpleGFLDC,0.0017782794100389228,520116.0681067617,40.18459534987516,912437.202027241,candidate collective coupling diagnostic; not a stability certificate
C33_bus33_SimpleGFLDC,0.002053525026457146,450146.3462426395,40.04325320793497,792928.5989539188,candidate collective coupling diagnostic; not a stability certificate
C33_bus33_SimpleGFLDC,0.0023713737056616554,389516.4437242399,39.93643011375987,688486.3420677062,candidate collective coupling diagnostic; not a stability certificate
C33_bus33_SimpleGFLDC,0.0027384196342643613,336969.014145027,39.85546064700124,597417.924727209,candidate collective coupling diagnostic; not a stability certificate
C33_bus33_SimpleGFLDC,0.0031622776601683794,291414.6521326189,39.79372616197467,518147.5957624235,candidate collective coupling diagnostic; not a stability certificate
C33_bus33_SimpleGFLDC,0.003651741272548377,251909.42167258344,39.74614716540219,449237.2251123488,candidate collective coupling diagnostic; not a stability certificate
C33_bus33_SimpleGFLDC,0.004216965034285823,217635.46182623817,39.7087830716961,389392.6549611583,candidate collective coupling diagnostic; not a stability certificate
C33_bus33_SimpleGFLDC,0.004869675251658631,187884.28952411198,39.67851360186174,337461.06189176906,candidate collective coupling diagnostic; not a stability certificate
C33_bus33_SimpleGFLDC,0.005623413251903491,162042.47815482525,39.652779000704044,292423.1229791637,candidate collective coupling diagnostic; not a stability certificate
C33_bus33_SimpleGFLDC,0.006493816315762113,139579.43843183928,39.629358680378296,253382.49768935496,candidate collective coupling diagnostic; not a stability certificate
C33_bus33_SimpleGFLDC,0.007498942093324558,120037.05842874027,39.60616965659375,219554.231323355,candidate collective coupling diagnostic; not a stability certificate
C33_bus33_SimpleGFLDC,0.008659643233600654,103020.96540903799,39.58106748905675,190253.0644119423,candidate collective coupling diagnostic; not a stability certificate
C33_bus33_SimpleGFLDC,0.01,88193.14292590195,39.551634214033136,164882.21587017938,candidate collective coupling diagnostic; not a stability certificate
C33_bus33_SimpleGFLDC,0.010000000000000002,88193.14292590195,39.551634214033136,164882.21587017938,candidate collective coupling diagnostic; not a stability certificate
C33_bus33_SimpleGFLDC,0.011547819846894581,75265.56979916802,39.51494153703379,142922.93324201863,candidate collective coupling diagnostic; not a stability certificate
C33_bus33_SimpleGFLDC,0.01333521432163324,63994.46011190674,39.46728560426309,123924.92618934617,candidate collective coupling diagnostic; not a stability certificate
C33_bus33_SimpleGFLDC,0.01539926526059492,54174.63202424668,39.4039045815816,107497.68971915264,candidate collective coupling diagnostic; not a stability certificate
C33_bus33_SimpleGFLDC,0.01778279410038923,45633.61153022982,39.31871474913851,93302.66113431613,candidate collective coupling diagnostic; not a stability certificate
C33_bus33_SimpleGFLDC,0.02053525026457146,38225.36789991351,39.204139801475264,81046.11916660119,candidate collective coupling diagnostic; not a stability certificate
C33_bus33_SimpleGFLDC,0.023713737056616554,31824.044654920333,39.05117676389662,70472.6946238938,candidate collective coupling diagnostic; not a stability certificate
C33_bus33_SimpleGFLDC,0.027384196342643614,26318.45903727338,38.84998188029424,61359.27434410261,candidate collective coupling diagnostic; not a stability certificate
C33_bus33_SimpleGFLDC,0.03162277660168379,21608.15885333745,36.54683138561606,56502.61793313163,candidate collective coupling diagnostic; not a stability certificate
C33_bus33_SimpleGFLDC,0.03651741272548377,17601.317293499636,34.0857471871,52484.41145575991,candidate collective coupling diagnostic; not a stability certificate
C33_bus33_SimpleGFLDC,0.042169650342858224,14214.030252050516,32.10494456453669,48279.022300171855,candidate collective coupling diagnostic; not a stability certificate
C33_bus33_SimpleGFLDC,0.04869675251658631,11370.241171764048,30.49559054006589,44041.53512403995,candidate collective coupling diagnostic; not a stability certificate
C33_bus33_SimpleGFLDC,0.051583333333333335,10369.008333749416,29.92876917205606,42375.87625881005,candidate collective coupling diagnostic; not a stability certificate
C33_bus33_SimpleGFLDC,0.05623413251903491,9001.784347679411,29.134968392555663,39947.12248794001,candidate collective coupling diagnostic; not a stability certificate
C33_bus33_SimpleGFLDC,0.06493816315762113,7048.086814487571,27.89181511730418,36160.72184360429,candidate collective coupling diagnostic; not a stability certificate
C33_bus33_SimpleGFLDC,0.07498942093324558,5453.3833247099465,26.714262684961376,32718.691217150554,candidate collective coupling diagnostic; not a stability certificate
C33_bus33_SimpleGFLDC,0.08659643233600653,4157.295383104153,25.932603542842998,29214.317543461864,candidate collective coupling diagnostic; not a stability certificate
C33_bus33_SimpleGFLDC,0.09316666666666666,3588.413223096697,26.06329483484092,27035.683482227436,candidate collective coupling diagnostic; not a stability certificate
C33_bus33_SimpleGFLDC,0.1,3079.346893100973,26.93443270221559,24393.835322822113,candidate collective coupling diagnostic; not a stability certificate
C33_bus33_SimpleGFLDC,0.11547819846894582,2128.63796933063,32.760651831060215,17404.28714966471,candidate collective coupling diagnostic; not a stability certificate
C33_bus33_SimpleGFLDC,0.1333521432163324,1376.8533741826006,33.88172842536012,14558.059069945612,candidate collective coupling diagnostic; not a stability certificate
C33_bus33_SimpleGFLDC,0.13475,1338.6177409026782,33.7325190124585,14465.031225684565,candidate collective coupling diagnostic; not a stability certificate
C33_bus33_SimpleGFLDC,0.1539926526059492,1044.4815830179136,31.901127560440905,13308.555370557693,candidate collective coupling diagnostic; not a stability certificate
C33_bus33_SimpleGFLDC,0.17633333333333334,901.1794217629816,31.242243642787237,11864.403409268676,candidate collective coupling diagnostic; not a stability certificate
C33_bus33_SimpleGFLDC,0.1778279410038923,892.8089047351955,30.69954155581611,11974.531180060745,candidate collective coupling diagnostic; not a stability certificate
C33_bus33_SimpleGFLDC,0.2053525026457146,748.0409322286041,22.74257714909226,14062.921000871609,candidate collective coupling diagnostic; not a stability certificate
C33_bus33_SimpleGFLDC,0.21791666666666668,689.0222378528313,20.078573613424137,15053.952149536204,candidate collective coupling diagnostic; not a stability certificate
C33_bus33_SimpleGFLDC,0.23713737056616552,608.4961625463603,16.777911163464452,16640.060826999743,candidate collective coupling diagnostic; not a stability certificate
C33_bus33_SimpleGFLDC,0.2595,528.8676066653419,13.832922905228974,18568.849209194945,candidate collective coupling diagnostic; not a stability certificate
C33_bus33_SimpleGFLDC,0.27384196342643613,484.839807076425,12.34859442910489,19804.53395845695,candidate collective coupling diagnostic; not a stability certificate
C33_bus33_SimpleGFLDC,0.3010833333333333,413.94186971215436,10.221001227420013,21969.598745639112,candidate collective coupling diagnostic; not a stability certificate
C33_bus33_SimpleGFLDC,0.31622776601683794,380.6444034837499,9.351646033440593,22987.59591457805,candidate collective coupling diagnostic; not a stability certificate
C33_bus33_SimpleGFLDC,0.3426666666666667,331.0609458127425,8.219074567025885,24374.026323879232,candidate collective coupling diagnostic; not a stability certificate
C33_bus33_SimpleGFLDC,0.3651741272548377,295.94364361206067,7.515692041713584,25223.950269647685,candidate collective coupling diagnostic; not a stability certificate
C33_bus33_SimpleGFLDC,0.38425,270.36022842872524,7.028462501052157,25818.490413486466,candidate collective coupling diagnostic; not a stability certificate
C33_bus33_SimpleGFLDC,0.4216965034285822,229.04872625990697,6.191209905051184,27089.511995924928,candidate collective coupling diagnostic; not a stability certificate
C33_bus33_SimpleGFLDC,0.42583333333333334,225.094700589715,6.100945519644817,27266.22576453498,candidate collective coupling diagnostic; not a stability certificate
C33_bus33_SimpleGFLDC,0.46741666666666665,190.73932168708123,5.150065652302445,29900.26675668926,candidate collective coupling diagnostic; not a stability certificate
C33_bus33_SimpleGFLDC,0.4869675251658631,177.4674825634835,4.656928937292863,31980.279895707205,candidate collective coupling diagnostic; not a stability certificate
C33_bus33_SimpleGFLDC,0.509,164.34074472588057,4.0553024196274094,35438.57117521012,candidate collective coupling diagnostic; not a stability certificate
C33_bus33_SimpleGFLDC,0.5505833333333333,144.3856671796324,2.7757498968017584,48657.72574725689,candidate collective coupling diagnostic; not a stability certificate
C33_bus33_SimpleGFLDC,0.5623413251903491,140.03385615764262,2.379101129533979,55844.75586671811,candidate collective coupling diagnostic; not a stability certificate
C33_bus33_SimpleGFLDC,0.5921666666666666,135.26017036025038,1.3066219188297048,97728.22647656024,candidate collective coupling diagnostic; not a stability certificate
C33_bus33_SimpleGFLDC,0.63375,188.8007205063495,0.4203992770415789,288677.357650856,candidate collective coupling diagnostic; not a stability certificate
C33_bus33_SimpleGFLDC,0.6493816315762113,121.83272471117691,1.0675892807283105,111658.54795009356,candidate collective coupling diagnostic; not a stability certificate
C33_bus33_SimpleGFLDC,0.6753333333333333,103.43197512547601,2.2364871280924943,51808.374887833685,candidate collective coupling diagnostic; not a stability certificate
C33_bus33_SimpleGFLDC,0.7169166666666666,91.23138365378746,4.263374764167661,26052.94302363517,candidate collective coupling diagnostic; not a stability certificate
C33_bus33_SimpleGFLDC,0.7498942093324559,84.2088437412311,5.994453106683919,17964.562986694265,candidate collective coupling diagnostic; not a stability certificate
C33_bus33_SimpleGFLDC,0.7585,82.56928990389083,6.463614504013482,16532.258076952654,candidate collective coupling diagnostic; not a stability certificate
C33_bus33_SimpleGFLDC,0.8000833333333334,75.46838261010319,8.829824550371683,11679.826385595232,candidate collective coupling diagnostic; not a stability certificate
C33_bus33_SimpleGFLDC,0.8416666666666667,69.4497786823223,11.356879504299336,8789.164322904866,candidate collective coupling diagnostic; not a stability certificate
C33_bus33_SimpleGFLDC,0.8659643233600653,66.3354441114633,11.118920226255392,8818.17764025781,candidate collective coupling diagnostic; not a stability certificate
C33_bus33_SimpleGFLDC,0.88325,64.27695297825309,10.160974896008343,9532.350422019137,candidate collective coupling diagnostic; not a stability certificate
C33_bus33_SimpleGFLDC,0.9248333333333333,59.8010914511349,7.958640317158565,11836.560736810741,candidate collective coupling diagnostic; not a stability certificate
C33_bus33_SimpleGFLDC,0.9664166666666667,55.917489579117536,6.199628238691779,14809.191595804747,candidate collective coupling diagnostic; not a stability certificate
C33_bus33_SimpleGFLDC,1.0,53.12376158549156,5.576147735863658,16148.969488812427,candidate collective coupling diagnostic; not a stability certificate
C33_bus33_SimpleGFLDC,1.008,52.49100465515713,5.585917373128425,16049.205185104056,candidate collective coupling diagnostic; not a stability certificate
C33_bus33_SimpleGFLDC,1.0495833333333333,49.396051883469795,6.662972228650128,13160.557015741708,candidate collective coupling diagnostic; not a stability certificate
C33_bus33_SimpleGFLDC,1.0911666666666666,46.726634130357446,7.54930623219347,11379.046845519684,candidate collective coupling diagnostic; not a stability certificate
C33_bus33_SimpleGFLDC,1.13275,44.501538661507844,5.700484132165784,14783.89164647967,candidate collective coupling diagnostic; not a stability certificate
C33_bus33_SimpleGFLDC,1.1547819846894583,43.34075624414951,5.442499406879985,15336.618130105058,candidate collective coupling diagnostic; not a stability certificate
C33_bus33_SimpleGFLDC,1.1743333333333332,42.21487183206313,5.7804888934502205,14321.460085093631,candidate collective coupling diagnostic; not a stability certificate
C33_bus33_SimpleGFLDC,1.2159166666666668,39.833276039919106,6.973330938613414,11675.596423987947,candidate collective coupling diagnostic; not a stability certificate
C33_bus33_SimpleGFLDC,1.2575,37.7818232596806,7.330099713670238,10935.792476570898,candidate collective coupling diagnostic; not a stability certificate
C33_bus33_SimpleGFLDC,1.2990833333333334,35.99799469370191,9.51760291315168,8300.573205290308,candidate collective coupling diagnostic; not a stability certificate
C33_bus33_SimpleGFLDC,1.333521432163324,34.66682402269418,12.18976451450739,6407.767392279314,candidate collective coupling diagnostic; not a stability certificate
C33_bus33_SimpleGFLDC,1.3406666666666667,34.404515313245845,12.804092096052447,6086.425291750901,candidate collective coupling diagnostic; not a stability certificate
C33_bus33_SimpleGFLDC,1.38225,32.960433045338505,13.506159629462918,5696.695423939706,candidate collective coupling diagnostic; not a stability certificate
C33_bus33_SimpleGFLDC,1.4238333333333333,31.638337692847404,12.094237907423945,6285.791342215792,candidate collective coupling diagnostic; not a stability certificate
C33_bus33_SimpleGFLDC,1.4654166666666666,30.414268119939383,11.725600012635795,6410.631580379986,candidate collective coupling diagnostic; not a stability certificate
C33_bus33_SimpleGFLDC,1.507,29.274656192942867,13.134858933398052,5662.368462023037,candidate collective coupling diagnostic; not a stability certificate
C33_bus33_SimpleGFLDC,1.539926526059492,28.430295830999498,15.295029557744423,4824.059653822385,candidate collective coupling diagnostic; not a stability certificate
C33_bus33_SimpleGFLDC,1.5485833333333334,28.216561222961154,15.97819737551189,4608.420501417793,candidate collective coupling diagnostic; not a stability certificate
C33_bus33_SimpleGFLDC,1.5901666666666667,27.234959513424272,19.744883029752867,3694.2876982878574,candidate collective coupling diagnostic; not a stability certificate
C33_bus33_SimpleGFLDC,1.63175,26.322174230493818,24.090283105239912,3001.0959206146786,candidate collective coupling diagnostic; not a stability certificate
C33_bus33_SimpleGFLDC,1.6733333333333333,25.470892032849484,28.82707005962609,2486.9809202647252,candidate collective coupling diagnostic; not a stability certificate
C33_bus33_SimpleGFLDC,1.7149166666666666,24.67487003710969,33.855536694287196,2100.8451990883773,candidate collective coupling diagnostic; not a stability certificate
C33_bus33_SimpleGFLDC,1.7565,23.92880169916134,39.12039874385132,1804.5008511306644,candidate collective coupling diagnostic; not a stability certificate
C33_bus33_SimpleGFLDC,1.7782794100389228,23.556419005489115,41.960782070593226,1676.013151142403,candidate collective coupling diagnostic; not a stability certificate
C33_bus33_SimpleGFLDC,1.7980833333333333,23.22811264633757,44.58930375287281,1571.9524516728602,candidate collective coupling diagnostic; not a stability certificate
C33_bus33_SimpleGFLDC,1.8396666666666666,22.568808515213316,50.242311674437445,1385.707835803338,candidate collective coupling diagnostic; not a stability certificate
C33_bus33_SimpleGFLDC,1.88125,21.947368135762357,56.06655596084318,1233.8413290819524,candidate collective coupling diagnostic; not a stability certificate
C33_bus33_SimpleGFLDC,1.9228333333333334,21.360665944212066,62.053399345450835,1108.0525052065532,candidate collective coupling diagnostic; not a stability certificate
C33_bus33_SimpleGFLDC,1.9644166666666667,20.805912956342173,68.1968436311957,1002.4346138285125,candidate collective coupling diagnostic; not a stability certificate
C33_bus33_SimpleGFLDC,2.006,20.280610085775432,74.49260021268194,912.6932936985706,candidate collective coupling diagnostic; not a stability certificate
C33_bus33_SimpleGFLDC,2.0475833333333333,19.78251015335456,80.93752478584182,835.6438011666222,candidate collective coupling diagnostic; not a stability certificate
C33_bus33_SimpleGFLDC,2.0535250264571463,19.7134388574427,81.87045146488227,825.5227057425885,candidate collective coupling diagnostic; not a stability certificate
C33_bus33_SimpleGFLDC,2.089166666666667,19.309586333135503,87.52926123735027,768.8811543966355,candidate collective coupling diagnostic; not a stability certificate
C33_bus33_SimpleGFLDC,2.13075,18.86000556034296,94.2660102145805,710.5592208406935,candidate collective coupling diagnostic; not a stability certificate
C33_bus33_SimpleGFLDC,2.1723333333333334,18.43210588127559,101.14637451194722,659.2397399686199,candidate collective coupling diagnostic; not a stability certificate
C33_bus33_SimpleGFLDC,2.2139166666666665,18.024377004925757,108.16925320506789,613.7871377917426,candidate collective coupling diagnostic; not a stability certificate
C33_bus33_SimpleGFLDC,2.2555,17.635443497904177,115.33376755075295,573.2939161825066,candidate collective coupling diagnostic; not a stability certificate
C33_bus33_SimpleGFLDC,2.297083333333333,17.264050188539578,122.63920808535347,537.0268417598277,candidate collective coupling diagnostic; not a stability certificate
C33_bus33_SimpleGFLDC,2.3386666666666667,16.909049434766935,130.08499617651148,504.38753549680877,candidate collective coupling diagnostic; not a stability certificate
C33_bus33_SimpleGFLDC,2.371373705661655,16.640654607229177,136.0397151525645,480.9395341277775,candidate collective coupling diagnostic; not a stability certificate
C33_bus33_SimpleGFLDC,2.38025,16.56938997613294,137.67065562305737,474.8831978816271,candidate collective coupling diagnostic; not a stability certificate
C33_bus33_SimpleGFLDC,2.4218333333333333,16.24410714036658,145.39579136516392,448.1045775079617,candidate collective coupling diagnostic; not a stability certificate
C33_bus33_SimpleGFLDC,2.463416666666667,15.93231421407985,153.26007330780646,423.70919015131227,candidate collective coupling diagnostic; not a stability certificate
C33_bus33_SimpleGFLDC,2.505,15.633194818275546,161.26322387632914,401.408394140414,candidate collective coupling diagnostic; not a stability certificate
C33_bus33_SimpleGFLDC,2.5465833333333334,15.345996154432763,169.40500833335537,380.9573328639603,candidate collective coupling diagnostic; not a stability certificate
C33_bus33_SimpleGFLDC,2.5881666666666665,15.070023007433466,177.6852271646754,362.1470333287675,candidate collective coupling diagnostic; not a stability certificate
C33_bus33_SimpleGFLDC,2.62975,14.804632408475031,186.10371003349607,344.79814327450475,candidate collective coupling diagnostic; not a stability certificate
C33_bus33_SimpleGFLDC,2.671333333333333,14.54922887513767,194.66031093651893,328.75592589160675,candidate collective coupling diagnostic; not a stability certificate
C33_bus33_SimpleGFLDC,2.7129166666666666,14.303260157496888,203.35490429027942,313.8862286800926,candidate collective coupling diagnostic; not a stability certificate
C33_bus33_SimpleGFLDC,2.7384196342643614,14.156853096110401,208.75549916868601,305.29575189176916,candidate collective coupling diagnostic; not a stability certificate
C33_bus33_SimpleGFLDC,2.7545,14.066213429026762,212.18738174437343,300.07221340001337,candidate collective coupling diagnostic; not a stability certificate
C33_bus33_SimpleGFLDC,2.7960833333333333,13.837611869361247,221.15764956765443,287.21168547174,candidate collective coupling diagnostic; not a stability certificate
C33_bus33_SimpleGFLDC,2.837666666666667,13.617011593043589,230.26562648984557,275.2148990984824,candidate collective coupling diagnostic; not a stability certificate
C33_bus33_SimpleGFLDC,2.87925,13.403998884404269,239.51124190791003,264.0027426142554,candidate collective coupling diagnostic; not a stability certificate
C33_bus33_SimpleGFLDC,2.9208333333333334,13.198187703846902,248.89443438673894,253.5052297707548,candidate collective coupling diagnostic; not a stability certificate
C33_bus33_SimpleGFLDC,2.9624166666666665,12.99921743522307,258.4151503989335,243.66023874807965,candidate collective coupling diagnostic; not a stability certificate
C33_bus33_SimpleGFLDC,3.004,12.806750847763537,268.07334326009044,234.41245294974937,candidate collective coupling diagnostic; not a stability certificate
C33_bus33_SimpleGFLDC,3.0455833333333335,12.62047224929615,277.86897222492104,225.7124670899468,candidate collective coupling diagnostic; not a stability certificate
C33_bus33_SimpleGFLDC,3.0871666666666666,12.440085810299884,287.8020017164459,217.51602940419207,candidate collective coupling diagnostic; not a stability certificate
C33_bus33_SimpleGFLDC,3.12875,12.265314040787032,297.87240066591073,209.78339653004386,candidate collective coupling diagnostic; not a stability certificate
C33_bus33_SimpleGFLDC,3.1622776601683795,12.128310179295948,306.0919366059921,203.86199563208396,candidate collective coupling diagnostic; not a stability certificate
C33_bus33_SimpleGFLDC,3.1703333333333332,12.09589640412787,308.0801419452908,202.47878209387315,candidate collective coupling diagnostic; not a stability certificate
C33_bus33_SimpleGFLDC,3.2119166666666668,11.931588053775114,318.42520187760175,195.569883587845,candidate collective coupling diagnostic; not a stability certificate
C33_bus33_SimpleGFLDC,3.2535,11.772158680457222,328.90755981289533,189.0274749418099,candidate collective coupling diagnostic; not a stability certificate
C33_bus33_SimpleGFLDC,3.2950833333333334,11.617391458813056,339.52719775996286,182.82505444946622,candidate collective coupling diagnostic; not a stability certificate
C33_bus33_SimpleGFLDC,3.3366666666666664,11.467082083673708,350.28410006546113,176.9385395200624,candidate collective coupling diagnostic; not a stability certificate
C33_bus33_SimpleGFLDC,3.37825,11.32103788727381,361.1782531335802,171.34600119032027,candidate collective coupling diagnostic; not a stability certificate
C33_bus33_SimpleGFLDC,3.4198333333333335,11.17907702962576,372.2096451804986,166.0274325189706,candidate collective coupling diagnostic; not a stability certificate
C33_bus33_SimpleGFLDC,3.4614166666666666,11.041027755122379,383.3782660187909,160.9645459546635,candidate collective coupling diagnostic; not a stability certificate
C33_bus33_SimpleGFLDC,3.503,10.906727709171179,394.6841068677091,156.1405955610683,candidate collective coupling diagnostic; not a stability certificate
C33_bus33_SimpleGFLDC,3.544583333333333,10.77602330931208,406.12716018588935,151.54022063518153,candidate collective coupling diagnostic; not a stability certificate
C33_bus33_SimpleGFLDC,3.5861666666666667,10.648769165845062,417.7074195235544,147.14930779342203,candidate collective coupling diagnostic; not a stability certificate
C33_bus33_SimpleGFLDC,3.62775,10.524827547503744,429.424879391707,142.9548690465445,candidate collective coupling diagnostic; not a stability certificate
C33_bus33_SimpleGFLDC,3.651741272548377,10.454775702528144,436.24761390978273,140.6195712410486,candidate collective coupling diagnostic; not a stability certificate
C33_bus33_SimpleGFLDC,3.6693333333333333,10.404067888161851,441.2795351461763,138.94493375586936,candidate collective coupling diagnostic; not a stability certificate
C33_bus33_SimpleGFLDC,3.710916666666667,10.28636633096075,453.27138288468353,135.10845267352408,candidate collective coupling diagnostic; not a stability certificate
C33_bus33_SimpleGFLDC,3.7525,10.171605306603233,465.40041935533895,131.43521252931941,candidate collective coupling diagnostic; not a stability certificate
C33_bus33_SimpleGFLDC,3.7940833333333335,10.059673142876731,477.66664187520314,127.91575984540428,candidate collective coupling diagnostic; not a stability certificate
C33_bus33_SimpleGFLDC,3.8356666666666666,9.950463702752199,490.0700482577352,124.54133284414316,candidate collective coupling diagnostic; not a stability certificate
C33_bus33_SimpleGFLDC,3.87725,9.843876048659206,502.6106367480934,121.30380047058732,candidate collective coupling diagnostic; not a stability certificate
C33_bus33_SimpleGFLDC,3.918833333333333,9.739814130763351,515.2884059653866,118.19560768321209,candidate collective coupling diagnostic; not a stability certificate
C33_bus33_SimpleGFLDC,3.9604166666666667,9.638186497275889,528.1033548511099,115.20972627916996,candidate collective coupling diagnostic; not a stability certificate
C33_bus33_SimpleGFLDC,4.002,9.538906025007163,541.0554826230601,112.33961061638841,candidate collective coupling diagnostic; not a stability certificate
C33_bus33_SimpleGFLDC,4.043583333333333,9.441889668538494,554.1447887341437,109.57915767702394,candidate collective coupling diagnostic; not a stability certificate
C33_bus33_SimpleGFLDC,4.085166666666667,9.347058226534719,567.3712728355475,106.92267098730024,candidate collective coupling diagnostic; not a stability certificate
C33_bus33_SimpleGFLDC,4.12675,9.254336123851191,580.7349347437897,104.36482796938688,candidate collective coupling diagnostic; not a stability certificate
C33_bus33_SimpleGFLDC,4.168333333333333,9.163651208208325,594.2357744112755,101.90065035323533,candidate collective coupling diagnostic; not a stability certificate
C33_bus33_SimpleGFLDC,4.2099166666666665,9.074934560314087,607.8737918999464,99.52547732146375,candidate collective coupling diagnostic; not a stability certificate
C33_bus33_SimpleGFLDC,4.216965034285822,9.0600874243437,610.199029833715,99.1313903910651,candidate collective coupling diagnostic; not a stability certificate
C33_bus33_SimpleGFLDC,4.2515,8.98812031641228,621.6489873577435,97.23494109947232,candidate collective coupling diagnostic; not a stability certificate
C33_bus33_SimpleGFLDC,4.293083333333334,8.903145502320953,635.5613609975766,95.02494473692748,candidate collective coupling diagnostic; not a stability certificate
C33_bus33_SimpleGFLDC,4.334666666666666,8.819949878106303,649.6109130785438,92.89164185626926,candidate collective coupling diagnostic; not a stability certificate
C33_bus33_SimpleGFLDC,4.37625,8.738475792607662,663.7976438891899,90.83141816962467,candidate collective coupling diagnostic; not a stability certificate
C33_bus33_SimpleGFLDC,4.417833333333333,8.658668047095295,678.1215537325793,88.84087458798429,candidate collective coupling diagnostic; not a stability certificate
C33_bus33_SimpleGFLDC,4.459416666666667,8.580473767401605,692.5826429130293,86.91681176615245,candidate collective coupling diagnostic; not a stability certificate
C33_bus33_SimpleGFLDC,4.501,8.503842283919983,707.1809117243167,85.0562159442256,candidate collective coupling diagnostic; not a stability certificate
C33_bus33_SimpleGFLDC,4.542583333333333,8.428725018914552,721.9163604392232,83.25624596148592,candidate collective coupling diagnostic; not a stability certificate
C33_bus33_SimpleGFLDC,4.5841666666666665,8.355075380628456,736.7889893003081,81.5142213319141,candidate collective coupling diagnostic; not a stability certificate
C33_bus33_SimpleGFLDC,4.62575,8.28284866371884,751.798798511756,79.82761128227078,candidate collective coupling diagnostic; not a stability certificate
C33_bus33_SimpleGFLDC,4.667333333333334,8.212001955583817,766.9457882322141,78.19402466405276,candidate collective coupling diagnostic; not a stability certificate
C33_bus33_SimpleGFLDC,4.708916666666667,8.142494048180202,782.2299585685392,76.61120065979549,candidate collective coupling diagnostic; not a stability certificate
C33_bus33_SimpleGFLDC,4.7505,8.074285354961916,797.6513095703338,75.07700021231463,candidate collective coupling diagnostic; not a stability certificate
C33_bus33_SimpleGFLDC,4.792083333333333,8.007337832596761,813.2098412252327,73.58939811267452,candidate collective coupling diagnostic; not a stability certificate
C33_bus33_SimpleGFLDC,4.833666666666667,7.941614907145708,828.9055534548354,72.14647568907418,candidate collective coupling diagnostic; not a stability certificate
C33_bus33_SimpleGFLDC,4.869675251658631,7.885665095592166,842.6078929278632,70.93168459793053,candidate collective coupling diagnostic; not a stability certificate
C33_bus33_SimpleGFLDC,4.87525,7.877081404411641,844.7384461112529,70.7464140445278,candidate collective coupling diagnostic; not a stability certificate
C33_bus33_SimpleGFLDC,4.916833333333333,7.813703484186866,860.7085189741889,69.38748779629522,candidate collective coupling diagnostic; not a stability certificate
C33_bus33_SimpleGFLDC,4.9584166666666665,7.751448578148389,876.815771748518,68.06805927453891,candidate collective coupling diagnostic; not a stability certificate
C33_bus33_SimpleGFLDC,5.0,7.690285331167983,893.060204062307,67.24556768675058,candidate collective coupling diagnostic; not a stability certificate
C33_bus33_SimpleGFLDC,5.623413251903491,6.886038990608003,1153.0389721408292,58.51490663243192,candidate collective coupling diagnostic; not a stability certificate
C33_bus33_SimpleGFLDC,6.493816315762113,6.025759251169386,1567.585205107721,49.643455031399384,candidate collective coupling diagnostic; not a stability certificate
C33_bus33_SimpleGFLDC,7.498942093324558,5.277237229391158,2121.034264987508,42.325237130770915,candidate collective coupling diagnostic; not a stability certificate
C33_bus33_SimpleGFLDC,8.659643233600654,4.6192587350352845,2859.757950887411,36.22031476234758,candidate collective coupling diagnostic; not a stability certificate
C33_bus33_SimpleGFLDC,10.0,4.035978750015479,3845.567637654482,31.084187678680617,candidate collective coupling diagnostic; not a stability certificate
C33_bus33_SimpleGFLDC,11.547819846894582,3.516168947586525,5160.8601939801365,26.735044854528063,candidate collective coupling diagnostic; not a stability certificate
C33_bus33_SimpleGFLDC,13.33521432163324,3.0524648226911713,6915.485635829003,23.033916511234093,candidate collective coupling diagnostic; not a stability certificate
C33_bus33_SimpleGFLDC,15.39926526059492,2.640476169595272,9255.909751967505,19.87214057818272,candidate collective coupling diagnostic; not a stability certificate
C33_bus33_SimpleGFLDC,17.78279410038923,2.2779519587086985,12377.434878359554,17.163148372091623,candidate collective coupling diagnostic; not a stability certificate
C33_bus33_SimpleGFLDC,20.53525026457146,1.965112750962228,16540.49643481222,14.836897401112038,candidate collective coupling diagnostic; not a stability certificate
C33_bus33_SimpleGFLDC,23.71373705661655,1.7158860376011476,22092.392990128777,12.8359847101076,candidate collective coupling diagnostic; not a stability certificate
C33_bus33_SimpleGFLDC,27.384196342643612,1.7904641852388585,29496.26144938909,11.112862874280005,candidate collective coupling diagnostic; not a stability certificate
C33_bus33_SimpleGFLDC,31.622776601683793,2.7947724588149776,21414.876824162522,17.70002084939945,candidate collective coupling diagnostic; not a stability certificate
C33_bus33_SimpleGFLDC,36.51741272548377,6.836652499651205,9865.901485707085,44.45006207197758,candidate collective coupling diagnostic; not a stability certificate
C33_bus33_SimpleGFLDC,42.169650342858226,6.471577276166913,11898.28249151798,42.67095939905444,candidate collective coupling diagnostic; not a stability certificate
C33_bus33_SimpleGFLDC,48.69675251658631,2.6254999961132075,33731.670045899504,17.440507279481846,candidate collective coupling diagnostic; not a stability certificate
C33_bus33_SimpleGFLDC,56.23413251903491,1.5903660384064209,64323.37015725452,10.609419428058734,candidate collective coupling diagnostic; not a stability certificate
C33_bus33_SimpleGFLDC,64.93816315762113,1.1230113777652417,105446.82937039188,7.518217655129428,candidate collective coupling diagnostic; not a stability certificate
C33_bus33_SimpleGFLDC,74.98942093324558,0.8549468142517758,160471.6688587715,5.749640523229496,candidate collective coupling diagnostic; not a stability certificate
C33_bus33_SimpleGFLDC,86.59643233600653,0.6792873332291617,234026.06553765244,4.5992646609411505,candidate collective coupling diagnostic; not a stability certificate
C33_bus33_SimpleGFLDC,100.0,0.5541772667805648,332326.85771304957,3.789577876957403,candidate collective coupling diagnostic; not a stability certificate
C35_bus35_SimpleGFLDC,0.001,899741.5243209476,49.120639606163515,1.4085454199737255e6,candidate collective coupling diagnostic; not a stability certificate
C35_bus35_SimpleGFLDC,0.0011547819846894581,779014.44000675,46.888579154466235,1.2778152328514778e6,candidate collective coupling diagnostic; not a stability certificate
C35_bus35_SimpleGFLDC,0.001333521432163324,674449.1785342437,45.14228843610434,1.1493489816175662e6,candidate collective coupling diagnostic; not a stability certificate
C35_bus35_SimpleGFLDC,0.001539926526059492,583876.476900368,43.78690797492673,1.0261047045054527e6,candidate collective coupling diagnostic; not a stability certificate
C35_bus35_SimpleGFLDC,0.0017782794100389228,505417.4088486707,42.74208456568097,910292.3335160472,candidate collective coupling diagnostic; not a stability certificate
C35_bus35_SimpleGFLDC,0.002053525026457146,437444.42658811755,41.941175105063934,803335.2531988425,candidate collective coupling diagnostic; not a stability certificate
C35_bus35_SimpleGFLDC,0.0023713737056616554,378547.6293055305,41.32994966425989,705949.5362370444,candidate collective coupling diagnostic; not a stability certificate
C35_bus35_SimpleGFLDC,0.0027384196342643613,327505.56440860854,40.86499236518342,618284.8353298407,candidate collective coupling diagnostic; not a stability certificate
C35_bus35_SimpleGFLDC,0.0031622776601683794,283259.96374250785,40.51200305485123,540080.2237511121,candidate collective coupling diagnostic; not a stability certificate
C35_bus35_SimpleGFLDC,0.003651741272548377,244893.9023356968,40.24415715632969,470805.7774007646,candidate collective coupling diagnostic; not a stability certificate
C35_bus35_SimpleGFLDC,0.004216965034285823,211612.941814138,40.04062077325616,409776.7496345069,candidate collective coupling diagnostic; not a stability certificate
C35_bus35_SimpleGFLDC,0.004869675251658631,182728.88716077575,39.88526463617582,356238.0314654943,candidate collective coupling diagnostic; not a stability certificate
C35_bus35_SimpleGFLDC,0.005623413251903491,157645.84244349567,39.765581895505704,309422.28146166087,candidate collective coupling diagnostic; not a stability certificate
C35_bus35_SimpleGFLDC,0.006493816315762113,135848.2978973269,39.67179097442451,268587.1878354806,candidate collective coupling diagnostic; not a stability certificate
C35_bus35_SimpleGFLDC,0.007498942093324558,116891.01222255126,39.59609228783993,233037.37888152443,candidate collective coupling diagnostic; not a stability certificate
C35_bus35_SimpleGFLDC,0.008659643233600654,100390.46293740343,39.5320429748746,202135.6602992113,candidate collective coupling diagnostic; not a stability certificate
C35_bus35_SimpleGFLDC,0.01,86017.61585835647,39.47401448832202,175307.182813948,candidate collective coupling diagnostic; not a stability certificate
C35_bus35_SimpleGFLDC,0.010000000000000002,86017.61585835647,39.47401448832202,175307.182813948,candidate collective coupling diagnostic; not a stability certificate
C35_bus35_SimpleGFLDC,0.011547819846894581,73491.7079733096,39.416703270208295,152039.1428070244,candidate collective coupling diagnostic; not a stability certificate
C35_bus35_SimpleGFLDC,0.01333521432163324,62574.6607027742,39.354675736122914,131877.80572380917,candidate collective coupling diagnostic; not a stability certificate
C35_bus35_SimpleGFLDC,0.01539926526059492,53065.69038987463,39.28194725173839,114424.03257699014,candidate collective coupling diagnostic; not a stability certificate
C35_bus35_SimpleGFLDC,0.01778279410038923,44795.74396418693,39.19162298058058,99328.05862888158,candidate collective coupling diagnostic; not a stability certificate
C35_bus35_SimpleGFLDC,0.02053525026457146,37621.63821626701,39.07567077593931,86283.97731737059,candidate collective coupling diagnostic; not a stability certificate
C35_bus35_SimpleGFLDC,0.023713737056616554,31420.19923556926,38.1830070847368,76482.00989618302,candidate collective coupling diagnostic; not a stability certificate
C35_bus35_SimpleGFLDC,0.027384196342643614,26083.081381060296,37.11369793631543,68157.89535648195,candidate collective coupling diagnostic; not a stability certificate
C35_bus35_SimpleGFLDC,0.03162277660168379,21512.97933198652,35.749597583308756,61296.78753899819,candidate collective coupling diagnostic; not a stability certificate
C35_bus35_SimpleGFLDC,0.03651741272548377,17621.47664836341,32.372320869727076,58646.764981259825,candidate collective coupling diagnostic; not a stability certificate
C35_bus35_SimpleGFLDC,0.042169650342858224,14328.042920267582,29.572728236042252,55629.388518068845,candidate collective coupling diagnostic; not a stability certificate
C35_bus35_SimpleGFLDC,0.04869675251658631,11559.239033209416,27.28374907638174,52259.24242953024,candidate collective coupling diagnostic; not a stability certificate
C35_bus35_SimpleGFLDC,0.051583333333333335,10582.952435386816,26.501018204341385,50813.28415071967,candidate collective coupling diagnostic; not a stability certificate
C35_bus35_SimpleGFLDC,0.05623413251903491,9247.421195848237,25.466570274462065,48539.51945217804,candidate collective coupling diagnostic; not a stability certificate
C35_bus35_SimpleGFLDC,0.06493816315762113,7328.956402834244,24.12163780066644,44445.86309013665,candidate collective coupling diagnostic; not a stability certificate
C35_bus35_SimpleGFLDC,0.07498942093324558,5741.976685262316,23.333124923332914,39873.09042628461,candidate collective coupling diagnostic; not a stability certificate
C35_bus35_SimpleGFLDC,0.08659643233600653,4421.379772193705,23.463298902314897,34437.630517405974,candidate collective coupling diagnostic; not a stability certificate
C35_bus35_SimpleGFLDC,0.09316666666666666,3827.804258401571,24.20684691348566,31085.450740141252,candidate collective coupling diagnostic; not a stability certificate
C35_bus35_SimpleGFLDC,0.1,3287.9347001887686,25.702566349764115,27336.02458807765,candidate collective coupling diagnostic; not a stability certificate
C35_bus35_SimpleGFLDC,0.11547819846894582,2262.737973198487,32.409541759254395,18872.79218689652,candidate collective coupling diagnostic; not a stability certificate
C35_bus35_SimpleGFLDC,0.1333521432163324,1457.9422093605679,31.232709578280506,16998.51967983055,candidate collective coupling diagnostic; not a stability certificate
C35_bus35_SimpleGFLDC,0.13475,1417.8666567310556,31.2063264686649,16833.67893394679,candidate collective coupling diagnostic; not a stability certificate
C35_bus35_SimpleGFLDC,0.1539926526059492,1116.0342927575743,31.214010879420957,14688.834084386035,candidate collective coupling diagnostic; not a stability certificate
C35_bus35_SimpleGFLDC,0.17633333333333334,972.1945758082023,30.687771500083937,13089.030032083916,candidate collective coupling diagnostic; not a stability certificate
C35_bus35_SimpleGFLDC,0.1778279410038923,963.6732881404042,30.144765278204368,13217.691300425617,candidate collective coupling diagnostic; not a stability certificate
C35_bus35_SimpleGFLDC,0.2053525026457146,813.8043891380491,22.1841211534084,15679.131114411713,candidate collective coupling diagnostic; not a stability certificate
C35_bus35_SimpleGFLDC,0.21791666666666668,751.5884281899242,19.507114621845155,16871.25287349888,candidate collective coupling diagnostic; not a stability certificate
C35_bus35_SimpleGFLDC,0.23713737056616552,665.8076726659298,16.178734600344242,18813.608074139585,candidate collective coupling diagnostic; not a stability certificate
C35_bus35_SimpleGFLDC,0.2595,579.9848834702444,13.210771184395332,21215.30377843895,candidate collective coupling diagnostic; not a stability certificate
C35_bus35_SimpleGFLDC,0.27384196342643613,532.1063674279555,11.727544030618253,22757.650638364405,candidate collective coupling diagnostic; not a stability certificate
C35_bus35_SimpleGFLDC,0.3010833333333333,454.4004184379434,9.648489793190986,25390.999477125366,candidate collective coupling diagnostic; not a stability certificate
C35_bus35_SimpleGFLDC,0.31622776601683794,417.6718625479664,8.831162476098042,26545.7262779411,candidate collective coupling diagnostic; not a stability certificate
C35_bus35_SimpleGFLDC,0.3426666666666667,362.75099653499,7.817563391932404,27914.047625372856,candidate collective coupling diagnostic; not a stability certificate
C35_bus35_SimpleGFLDC,0.3651741272548377,323.72384970295604,7.2259366238587,28543.560176506166,candidate collective coupling diagnostic; not a stability certificate
C35_bus35_SimpleGFLDC,0.38425,295.244045787527,6.829998030576872,28872.98905449314,candidate collective coupling diagnostic; not a stability certificate
C35_bus35_SimpleGFLDC,0.4216965034285822,249.20387103137017,6.146086045276801,29581.57977749312,candidate collective coupling diagnostic; not a stability certificate
C35_bus35_SimpleGFLDC,0.42583333333333334,244.79529361916346,6.070321028262598,29698.118352657282,candidate collective coupling diagnostic; not a stability certificate
C35_bus35_SimpleGFLDC,0.46741666666666665,206.4810575504378,5.240170337703888,31751.504471484146,candidate collective coupling diagnostic; not a stability certificate
C35_bus35_SimpleGFLDC,0.4869675251658631,191.66946568814487,4.790435691719827,33542.94027765971,candidate collective coupling diagnostic; not a stability certificate
C35_bus35_SimpleGFLDC,0.509,176.99508866748909,4.230080479622562,36595.70406368396,candidate collective coupling diagnostic; not a stability certificate
C35_bus35_SimpleGFLDC,0.5505833333333333,154.41216168254638,3.014624795254805,48108.26191386802,candidate collective coupling diagnostic; not a stability certificate
C35_bus35_SimpleGFLDC,0.5623413251903491,149.25333565699762,2.635160811197474,54091.00628907429,candidate collective coupling diagnostic; not a stability certificate
C35_bus35_SimpleGFLDC,0.5921666666666666,140.22739553769085,1.616106132762033,84580.02918225576,candidate collective coupling diagnostic; not a stability certificate
C35_bus35_SimpleGFLDC,0.63375,166.7376460957056,0.5538649147175405,233833.60489796437,candidate collective coupling diagnostic; not a stability certificate
C35_bus35_SimpleGFLDC,0.6493816315762113,131.35512707816994,0.959339256536039,132454.75992307428,candidate collective coupling diagnostic; not a stability certificate
C35_bus35_SimpleGFLDC,0.6753333333333333,109.97680263578246,2.0362711743598814,60543.644259821755,candidate collective coupling diagnostic; not a stability certificate
C35_bus35_SimpleGFLDC,0.7169166666666666,96.3105935125955,4.023151049556514,29290.41843369792,candidate collective coupling diagnostic; not a stability certificate
C35_bus35_SimpleGFLDC,0.7498942093324559,88.6006575799915,5.741618446443729,19854.152759381086,candidate collective coupling diagnostic; not a stability certificate
C35_bus35_SimpleGFLDC,0.7585,86.80632758343786,6.208661885931157,18208.88125483266,candidate collective coupling diagnostic; not a stability certificate
C35_bus35_SimpleGFLDC,0.8000833333333334,79.05237769290201,8.568676316691915,12699.673619146673,candidate collective coupling diagnostic; not a stability certificate
C35_bus35_SimpleGFLDC,0.8416666666666667,72.50112146802019,11.09385403132406,9469.793351315027,candidate collective coupling diagnostic; not a stability certificate
C35_bus35_SimpleGFLDC,0.8659643233600653,69.11904760696343,11.234301688617837,9172.62456748256,candidate collective coupling diagnostic; not a stability certificate
C35_bus35_SimpleGFLDC,0.88325,66.88660375818148,10.300193623167575,9873.246194139294,candidate collective coupling diagnostic; not a stability certificate
C35_bus35_SimpleGFLDC,0.9248333333333333,62.03963123261972,8.177504248536962,12067.632820611405,candidate collective coupling diagnostic; not a stability certificate
C35_bus35_SimpleGFLDC,0.9664166666666667,57.835868371586656,6.534346374742313,14687.083649118715,candidate collective coupling diagnostic; not a stability certificate
C35_bus35_SimpleGFLDC,1.0,54.812928746513,5.998273756673888,15666.585123168752,candidate collective coupling diagnostic; not a stability certificate
C35_bus35_SimpleGFLDC,1.008,54.130575547829736,6.020064692172843,15534.668937906596,candidate collective coupling diagnostic; not a stability certificate
C35_bus35_SimpleGFLDC,1.0495833333333333,50.801513805531854,7.089030655481606,12878.78939676655,candidate collective coupling diagnostic; not a stability certificate
C35_bus35_SimpleGFLDC,1.0911666666666666,47.87592074515857,9.075583660186055,9837.17210211084,candidate collective coupling diagnostic; not a stability certificate
C35_bus35_SimpleGFLDC,1.13275,45.29967778082531,7.7093241214635375,11341.584222016985,candidate collective coupling diagnostic; not a stability certificate
C35_bus35_SimpleGFLDC,1.1547819846894583,44.00428366490201,7.5867611523265355,11404.73669396107,candidate collective coupling diagnostic; not a stability certificate
C35_bus35_SimpleGFLDC,1.1743333333333332,42.868709912081954,7.267269154554196,11799.688386451879,candidate collective coupling diagnostic; not a stability certificate
C35_bus35_SimpleGFLDC,1.2159166666666668,40.555183460469,6.914402951577723,12178.540115925309,candidate collective coupling diagnostic; not a stability certificate
C35_bus35_SimpleGFLDC,1.2575,38.47432044604782,7.228965745341159,11452.305778846747,candidate collective coupling diagnostic; not a stability certificate
C35_bus35_SimpleGFLDC,1.2990833333333334,36.62115285967446,9.471229517191906,8603.040515984172,candidate collective coupling diagnostic; not a stability certificate
C35_bus35_SimpleGFLDC,1.333521432163324,35.229417371014385,12.174259040216846,6610.307811638875,candidate collective coupling diagnostic; not a stability certificate
C35_bus35_SimpleGFLDC,1.3406666666666667,34.954886679993905,12.793463561724517,6274.6901620649605,candidate collective coupling diagnostic; not a stability certificate
C35_bus35_SimpleGFLDC,1.38225,33.44373927205166,13.870194946046878,5707.147035668213,candidate collective coupling diagnostic; not a stability certificate
C35_bus35_SimpleGFLDC,1.4238333333333333,32.06366491344261,12.001582278840804,6509.576605009595,candidate collective coupling diagnostic; not a stability certificate
C35_bus35_SimpleGFLDC,1.4654166666666666,30.792023199525474,11.647658564676615,6624.951552678765,candidate collective coupling diagnostic; not a stability certificate
C35_bus35_SimpleGFLDC,1.507,29.6114920142993,13.08023097030411,5831.106778751298,candidate collective coupling diagnostic; not a stability certificate
C35_bus35_SimpleGFLDC,1.539926526059492,28.737076224136615,15.257773375647757,4955.4222301614045,candidate collective coupling diagnostic; not a stability certificate
C35_bus35_SimpleGFLDC,1.5485833333333334,28.51576983617762,15.94489334475654,4731.311782452013,candidate collective coupling diagnostic; not a stability certificate
C35_bus35_SimpleGFLDC,1.5901666666666667,27.50006972184279,19.036085597972715,3922.2272924056797,candidate collective coupling diagnostic; not a stability certificate
C35_bus35_SimpleGFLDC,1.63175,26.557173640436638,22.850495046843786,3235.7353070607446,candidate collective coupling diagnostic; not a stability certificate
C35_bus35_SimpleGFLDC,1.6733333333333333,25.67955237237271,27.221079332687786,2691.253432243281,candidate collective coupling diagnostic; not a stability certificate
C35_bus35_SimpleGFLDC,1.7149166666666666,24.860521825317786,31.988946903065372,2270.220906951374,candidate collective coupling diagnostic; not a stability certificate
C35_bus35_SimpleGFLDC,1.7565,24.094341835101137,37.061637208799056,1943.3604396073113,candidate collective coupling diagnostic; not a stability certificate
C35_bus35_SimpleGFLDC,1.7782794100389228,23.712452669928066,39.82067666174846,1801.2119957689445,candidate collective coupling diagnostic; not a stability certificate
C35_bus35_SimpleGFLDC,1.7980833333333333,23.37606099229269,42.38415158102901,1686.0573166550369,candidate collective coupling diagnostic; not a stability certificate
C35_bus35_SimpleGFLDC,1.8396666666666666,22.701363492594606,47.92252924257756,1480.1619930638813,candidate collective coupling diagnostic; not a stability certificate
C35_bus35_SimpleGFLDC,1.88125,22.066453352743796,53.65495596955131,1312.7314250035363,candidate collective coupling diagnostic; not a stability certificate
C35_bus35_SimpleGFLDC,1.9228333333333334,21.467968561882085,59.56689230196792,1174.5468645405806,candidate collective coupling diagnostic; not a stability certificate
C35_bus35_SimpleGFLDC,1.9644166666666667,20.902915529022785,65.64832087800454,1058.971142628344,candidate collective coupling diagnostic; not a stability certificate
C35_bus35_SimpleGFLDC,2.006,20.368617303718974,71.89213491377653,961.1530223731339,candidate collective coupling diagnostic; not a stability certificate
C35_bus35_SimpleGFLDC,2.0475833333333333,19.862671532006527,78.29316106646434,877.4886201914703,candidate collective coupling diagnostic; not a stability certificate
C35_bus35_SimpleGFLDC,2.0535250264571463,19.792564893148068,79.22037960822387,866.5222493906825,candidate collective coupling diagnostic; not a stability certificate
C35_bus35_SimpleGFLDC,2.089166666666667,19.382915612946334,84.84754720003296,805.2575913782116,candidate collective coupling diagnostic; not a stability certificate
C35_bus35_SimpleGFLDC,2.13075,18.92739739204196,91.5523671186056,742.3752369169956,candidate collective coupling diagnostic; not a stability certificate
C35_bus35_SimpleGFLDC,2.1723333333333334,18.494350242583955,98.4053583637249,687.2213641958903,candidate collective coupling diagnostic; not a stability certificate
C35_bus35_SimpleGFLDC,2.2139166666666665,18.082171703568715,105.40474397225987,638.5203761862088,candidate collective coupling diagnostic; not a stability certificate
C35_bus35_SimpleGFLDC,2.2555,17.689405048823065,112.54910860342966,595.2559756652998,candidate collective coupling diagnostic; not a stability certificate
C35_bus35_SimpleGFLDC,2.297083333333333,17.314723302279674,119.83731071314901,556.6095896959056,candidate collective coupling diagnostic; not a stability certificate
C35_bus35_SimpleGFLDC,2.3386666666666667,16.956915314201673,127.26841914661952,521.9152863965987,candidate collective coupling diagnostic; not a stability certificate
C35_bus35_SimpleGFLDC,2.371373705661655,16.686613639969867,133.21319799083338,497.0432148743952,candidate collective coupling diagnostic; not a stability certificate
C35_bus35_SimpleGFLDC,2.38025,16.614873586903162,134.84166659845894,490.62632424709903,candidate collective coupling diagnostic; not a stability certificate
C35_bus35_SimpleGFLDC,2.4218333333333333,16.287583594630743,142.55641493465185,462.29002059749246,candidate collective coupling diagnostic; not a stability certificate
C35_bus35_SimpleGFLDC,2.463416666666667,15.974114386014968,150.4121289938448,436.5286487930069,candidate collective coupling diagnostic; not a stability certificate
C35_bus35_SimpleGFLDC,2.505,15.673610292240054,158.4083565419517,413.02475883024374,candidate collective coupling diagnostic; not a stability certificate
C35_bus35_SimpleGFLDC,2.5465833333333334,15.385283592087617,166.54471275448756,391.5097821342407,candidate collective coupling diagnostic; not a stability certificate
C35_bus35_SimpleGFLDC,2.5881666666666665,15.108408007850159,174.82086807348392,371.7551015697348,candidate collective coupling diagnostic; not a stability certificate
C35_bus35_SimpleGFLDC,2.62975,14.842312924922643,183.2365386096021,353.56499123493194,candidate collective coupling diagnostic; not a stability certificate
C35_bus35_SimpleGFLDC,2.671333333333333,14.586378243490875,191.79147848524963,336.77098824530196,candidate collective coupling diagnostic; not a stability certificate
C35_bus35_SimpleGFLDC,2.7129166666666666,14.34002978377492,200.48547367324565,321.22737125709443,candidate collective coupling diagnostic; not a stability certificate
C35_bus35_SimpleGFLDC,2.7384196342643614,14.19345621751035,205.88619318903116,312.25781511494654,candidate collective coupling diagnostic; not a stability certificate
C35_bus35_SimpleGFLDC,2.7545,14.102735177241614,209.31833699895634,306.80750170444753,candidate collective coupling diagnostic; not a stability certificate
C35_bus35_SimpleGFLDC,2.7960833333333333,13.874000185443093,218.28990405572833,293.4008429593498,candidate collective coupling diagnostic; not a stability certificate
C35_bus35_SimpleGFLDC,2.837666666666667,13.653365395975072,227.40002984337477,280.91051625141495,candidate collective coupling diagnostic; not a stability certificate
C35_bus35_SimpleGFLDC,2.87925,13.440403251715505,236.64858598359078,269.2512846187675,candidate collective coupling diagnostic; not a stability certificate
C35_bus35_SimpleGFLDC,2.9208333333333334,13.234715375193177,246.0354583991949,258.3478804880586,candidate collective coupling diagnostic; not a stability certificate
C35_bus35_SimpleGFLDC,2.9624166666666665,13.035930154812815,255.56054536892447,248.13361088119157,candidate collective coupling diagnostic; not a stability certificate
C35_bus35_SimpleGFLDC,3.004,12.843700563844683,265.2237558882639,238.54918827384375,candidate collective coupling diagnostic; not a stability certificate
C35_bus35_SimpleGFLDC,3.0455833333333335,12.657702186694664,275.02500828130843,229.54174590582443,candidate collective coupling diagnostic; not a stability certificate
C35_bus35_SimpleGFLDC,3.0871666666666666,12.477631430080791,284.96422901970413,221.06400467955723,candidate collective coupling diagnostic; not a stability certificate
C35_bus35_SimpleGFLDC,3.12875,12.30320389943587,295.0413517134047,213.0735652761539,candidate collective coupling diagnostic; not a stability certificate
C35_bus35_SimpleGFLDC,3.1622776601683795,12.16649418165486,303.2666740617214,206.95980977479218,candidate collective coupling diagnostic; not a stability certificate
C35_bus35_SimpleGFLDC,3.1703333333333332,12.13415292319104,305.25631624472163,205.5323042090641,candidate collective coupling diagnostic; not a stability certificate
C35_bus35_SimpleGFLDC,3.2119166666666668,11.970228209627766,315.6090680225015,198.40585655064825,candidate collective coupling diagnostic; not a stability certificate
C35_bus35_SimpleGFLDC,3.2535,11.811194622752126,326.0995573374631,191.66317125294208,candidate collective coupling diagnostic; not a stability certificate
C35_bus35_SimpleGFLDC,3.2950833333333334,11.656831065191302,336.72773880312735,185.27612752579157,candidate collective coupling diagnostic; not a stability certificate
C35_bus35_SimpleGFLDC,3.3366666666666664,11.506929457460878,347.49357086946924,179.21920277447825,candidate collective coupling diagnostic; not a stability certificate
C35_bus35_SimpleGFLDC,3.37825,11.361293804136464,358.3970153985869,173.4691842427701,candidate collective coupling diagnostic; not a stability certificate
C35_bus35_SimpleGFLDC,3.4198333333333335,11.219739338499194,369.43803729350367,168.0049178390048,candidate collective coupling diagnostic; not a stability certificate
C35_bus35_SimpleGFLDC,3.4614166666666666,11.082091738140157,380.6166041725955,162.80708870673203,candidate collective coupling diagnostic; not a stability certificate
C35_bus35_SimpleGFLDC,3.503,10.948186404811137,391.9326860833953,157.85802898751518,candidate collective coupling diagnostic; not a stability certificate
C35_bus35_SimpleGFLDC,3.544583333333333,10.817867802519181,403.3862552504202,153.14154895104525,candidate collective coupling diagnostic; not a stability certificate
C35_bus35_SimpleGFLDC,3.5861666666666667,10.690988848490022,414.9772858525616,148.64278826745007,candidate collective coupling diagnostic; not a stability certificate
C35_bus35_SimpleGFLDC,3.62775,10.567410352178761,426.705753826158,144.3480846930884,candidate collective coupling diagnostic; not a stability certificate
C35_bus35_SimpleGFLDC,3.651741272548377,10.497562022665665,433.5349401507762,141.95814849630324,candidate collective coupling diagnostic; not a stability certificate
C35_bus35_SimpleGFLDC,3.6693333333333333,10.447000497999108,438.57163669050374,140.24485785346772,candidate collective coupling diagnostic; not a stability certificate
C35_bus35_SimpleGFLDC,3.710916666666667,10.329634367878398,450.5749133929637,136.32150615075628,candidate collective coupling diagnostic; not a stability certificate
C35_bus35_SimpleGFLDC,3.7525,10.21519350013364,462.71556417128545,132.5673151110179,candidate collective coupling diagnostic; not a stability certificate
C35_bus35_SimpleGFLDC,3.7940833333333335,10.10356548150931,474.9935704310248,128.9723757277888,candidate collective coupling diagnostic; not a stability certificate
C35_bus35_SimpleGFLDC,3.8356666666666666,9.994643569525111,487.4089146362646,125.52751156200793,candidate collective coupling diagnostic; not a stability certificate
C35_bus35_SimpleGFLDC,3.87725,9.88832634255719,499.9615802120781,122.22421353011842,candidate collective coupling diagnostic; not a stability certificate
C35_bus35_SimpleGFLDC,3.918833333333333,9.784517375321233,512.6515514573681,119.05458145776416,candidate collective coupling diagnostic; not a stability certificate
C35_bus35_SimpleGFLDC,3.9604166666666667,9.683124937646147,525.4788134668773,116.01127160023636,candidate collective coupling diagnostic; not a stability certificate
C35_bus35_SimpleGFLDC,4.002,9.584061714623475,538.4433520613621,113.08744943625216,candidate collective coupling diagnostic; not a stability certificate
C35_bus35_SimpleGFLDC,4.043583333333333,9.487244546394727,551.5451537249802,110.2767471317665,candidate collective coupling diagnostic; not a stability certificate
C35_bus35_SimpleGFLDC,4.085166666666667,9.392594185996773,564.7842055491285,107.57322514769015,candidate collective coupling diagnostic; not a stability certificate
C35_bus35_SimpleGFLDC,4.12675,9.300035073828996,578.1604951819935,104.97133753170132,candidate collective coupling diagnostic; not a stability certificate
C35_bus35_SimpleGFLDC,4.168333333333333,9.209495127433412,591.6740107832217,102.4659004914116,candidate collective coupling diagnostic; not a stability certificate
C35_bus35_SimpleGFLDC,4.2099166666666665,9.120905545395173,605.3247409831404,100.05206389541645,candidate collective coupling diagnostic; not a stability certificate
C35_bus35_SimpleGFLDC,4.216965034285822,9.106078183478784,607.6521365649118,99.65166806682305,candidate collective coupling diagnostic; not a stability certificate
C35_bus35_SimpleGFLDC,4.2515,9.034200624275293,619.1126748460514,97.72528539137465,candidate collective coupling diagnostic; not a stability certificate
C35_bus35_SimpleGFLDC,4.293083333333334,8.94931758758131,633.037801837169,95.48130686720444,candidate collective coupling diagnostic; not a stability certificate
C35_bus35_SimpleGFLDC,4.334666666666666,8.866196425867509,647.1001117928166,93.3161330135827,candidate collective coupling diagnostic; not a stability certificate
C35_bus35_SimpleGFLDC,4.37625,8.784779747132722,661.2995948935427,91.22601177387752,candidate collective coupling diagnostic; not a stability certificate
C35_bus35_SimpleGFLDC,4.417833333333333,8.705012636754546,675.6362416398545,89.20741649202432,candidate collective coupling diagnostic; not a stability certificate
C35_bus35_SimpleGFLDC,4.459416666666667,8.626842526261198,690.1100428302939,87.25702959016392,candidate collective coupling diagnostic; not a stability certificate
C35_bus35_SimpleGFLDC,4.501,8.55021907030077,704.7209895416316,85.37172762652247,candidate collective coupling diagnostic; not a stability certificate
C35_bus35_SimpleGFLDC,4.542583333333333,8.475094031219141,719.4690731109415,83.54856760039101,candidate collective coupling diagnostic; not a stability certificate
C35_bus35_SimpleGFLDC,4.5841666666666665,8.40142117070607,734.3542851193812,81.78477438545202,candidate collective coupling diagnostic; not a stability certificate
C35_bus35_SimpleGFLDC,4.62575,8.329156148011682,749.3766173774992,80.07772918537496,candidate collective coupling diagnostic; not a stability certificate
C35_bus35_SimpleGFLDC,4.667333333333334,8.25825642427553,764.5360619119049,78.42495891678375,candidate collective coupling diagnostic; not a stability certificate
C35_bus35_SimpleGFLDC,4.708916666666667,8.188681172546044,779.8326109531976,76.8241264345678,candidate collective coupling diagnostic; not a stability certificate
C35_bus35_SimpleGFLDC,4.7505,8.120391193101185,795.2662569249782,75.27302152326138,candidate collective coupling diagnostic; not a stability certificate
C35_bus35_SimpleGFLDC,4.792083333333333,8.053348833711391,810.8369924338809,73.76955258594818,candidate collective coupling diagnostic; not a stability certificate
C35_bus35_SimpleGFLDC,4.833666666666667,7.987517914512651,826.5448102604933,72.3117389690351,candidate collective coupling diagnostic; not a stability certificate
C35_bus35_SimpleGFLDC,4.869675251658631,7.931464263359302,840.2575477119592,71.0847964532485,candidate collective coupling diagnostic; not a stability certificate
C35_bus35_SimpleGFLDC,4.87525,7.922863657183522,842.3897033510921,70.89770386734799,candidate collective coupling diagnostic; not a stability certificate
C35_bus35_SimpleGFLDC,4.916833333333333,7.859352618142283,858.3716648101009,69.52566775944572,candidate collective coupling diagnostic; not a stability certificate
C35_bus35_SimpleGFLDC,4.9584166666666665,7.7969526255017145,874.4906878932097,68.3003425467692,candidate collective coupling diagnostic; not a stability certificate
C35_bus35_SimpleGFLDC,5.0,7.735632719538498,890.7467660010847,67.60980469627286,candidate collective coupling diagnostic; not a stability certificate
C35_bus35_SimpleGFLDC,5.623413251903491,6.927909017847927,1150.881603630937,58.77640369589175,candidate collective coupling diagnostic; not a stability certificate
C35_bus35_SimpleGFLDC,6.493816315762113,6.06075553887788,1565.5709801560322,49.82357899617139,candidate collective coupling diagnostic; not a stability certificate
C35_bus35_SimpleGFLDC,7.498942093324558,5.303930838492744,2119.060837742764,42.454231017630654,candidate collective coupling diagnostic; not a stability certificate
C35_bus35_SimpleGFLDC,8.659643233600654,4.638016181399639,2857.674756431096,36.316201221218165,candidate collective coupling diagnostic; not a stability certificate
C35_bus35_SimpleGFLDC,10.0,4.048737921739097,3843.1924028090675,31.157686107856843,candidate collective coupling diagnostic; not a stability certificate
C35_bus35_SimpleGFLDC,11.547819846894582,3.525772322527401,5158.004785587798,26.792601338767874,candidate collective coupling diagnostic; not a stability certificate
C35_bus35_SimpleGFLDC,13.33521432163324,3.0617903009651997,6911.98456977615,23.079560804021263,candidate collective coupling diagnostic; not a stability certificate
C35_bus35_SimpleGFLDC,15.39926526059492,2.651691756581128,9251.643539601224,19.90857463229152,candidate collective coupling diagnostic; not a stability certificate
C35_bus35_SimpleGFLDC,17.78279410038923,2.29212678717635,12372.342447413857,17.192339012958282,candidate collective coupling diagnostic; not a stability certificate
C35_bus35_SimpleGFLDC,20.53525026457146,1.9821361358642906,16534.57501059176,14.86037150545656,candidate collective coupling diagnostic; not a stability certificate
C35_bus35_SimpleGFLDC,23.71373705661655,1.7330659291843964,22085.687943773923,12.85496574403024,candidate collective coupling diagnostic; not a stability certificate
C35_bus35_SimpleGFLDC,27.384196342643612,1.7685058587830977,29488.850913976505,11.1283355531338,candidate collective coupling diagnostic; not a stability certificate
C35_bus35_SimpleGFLDC,31.622776601683793,2.70495399718137,22393.793223701254,16.94524729660363,candidate collective coupling diagnostic; not a stability certificate
C35_bus35_SimpleGFLDC,36.51741272548377,6.558368168372538,10388.783692236324,42.25977895541374,candidate collective coupling diagnostic; not a stability certificate
C35_bus35_SimpleGFLDC,42.169650342858226,7.693983009823366,10091.603055014039,50.36642727862972,candidate collective coupling diagnostic; not a stability certificate
C35_bus35_SimpleGFLDC,48.69675251658631,2.7877957793124892,31981.914893039713,18.41552902919449,candidate collective coupling diagnostic; not a stability certificate
C35_bus35_SimpleGFLDC,56.23413251903491,1.6443738430628698,62545.472366175636,10.923670990400009,candidate collective coupling diagnostic; not a stability certificate
C35_bus35_SimpleGFLDC,64.93816315762113,1.1480216500012796,103596.0643746946,7.661730666927765,candidate collective coupling diagnostic; not a stability certificate
C35_bus35_SimpleGFLDC,74.98942093324558,0.8685128393071144,158523.85341364646,5.827586439103879,candidate collective coupling diagnostic; not a stability certificate
C35_bus35_SimpleGFLDC,86.59643233600653,0.6873347598940118,231965.74955409183,4.646217031916618,candidate collective coupling diagnostic; not a stability certificate
C35_bus35_SimpleGFLDC,100.0,0.5592097429793764,330147.37885996443,3.8198581775277143,candidate collective coupling diagnostic; not a stability certificate
C37_bus37_SimpleGFLDC,0.001,1.0970881206163995e6,59.28870200065525,1.237767592240386e6,candidate collective coupling diagnostic; not a stability certificate
C37_bus37_SimpleGFLDC,0.0011547819846894581,949852.6777309977,58.48695859681094,1.0865581722805593e6,candidate collective coupling diagnostic; not a stability certificate
C37_bus37_SimpleGFLDC,0.001333521432163324,822323.4154936159,57.87765195990145,950828.9810610005,candidate collective coupling diagnostic; not a stability certificate
C37_bus37_SimpleGFLDC,0.001539926526059492,711854.703643622,54.77296391179543,870059.1855457153,candidate collective coupling diagnostic; not a stability certificate
C37_bus37_SimpleGFLDC,0.0017782794100389228,616154.9251332922,51.05729663373591,808275.697037835,candidate collective coupling diagnostic; not a stability certificate
C37_bus37_SimpleGFLDC,0.002053525026457146,533238.9703735404,48.082803849918726,743242.6350767137,candidate collective coupling diagnostic; not a stability certificate
C37_bus37_SimpleGFLDC,0.0023713737056616554,461387.10889204673,45.725313708680645,676811.5857924339,candidate collective coupling diagnostic; not a stability certificate
C37_bus37_SimpleGFLDC,0.0027384196342643613,399109.3948567237,43.87419076307407,610830.6076063126,candidate collective coupling diagnostic; not a stability certificate
C37_bus37_SimpleGFLDC,0.0031622776601683794,345114.8804546248,42.43278395756838,546934.8703489411,candidate collective coupling diagnostic; not a stability certificate
C37_bus37_SimpleGFLDC,0.003651741272548377,298285.01687671273,41.3184691889765,486410.04219923704,candidate collective coupling diagnostic; not a stability certificate
C37_bus37_SimpleGFLDC,0.004216965034285823,257650.71469290598,40.46211312132196,430141.1345003745,candidate collective coupling diagnostic; not a stability certificate
C37_bus37_SimpleGFLDC,0.004869675251658631,222372.61731916465,39.806995496415084,378631.81608002854,candidate collective coupling diagnostic; not a stability certificate
C37_bus37_SimpleGFLDC,0.005623413251903491,191724.2107265327,39.3073538441287,332066.5973376928,candidate collective coupling diagnostic; not a stability certificate
C37_bus37_SimpleGFLDC,0.006493816315762113,165077.44577564544,38.92674825728502,290389.32364289043,candidate collective coupling diagnostic; not a stability certificate
C37_bus37_SimpleGFLDC,0.007498942093324558,141890.57932338427,38.63641411852624,253379.3795382903,candidate collective coupling diagnostic; not a stability certificate
C37_bus37_SimpleGFLDC,0.008659643233600654,121697.93385912414,38.41371467101061,220715.85219307686,candidate collective coupling diagnostic; not a stability certificate
C37_bus37_SimpleGFLDC,0.01,104101.22162709605,38.24075055898532,192026.56471927417,candidate collective coupling diagnostic; not a stability certificate
C37_bus37_SimpleGFLDC,0.010000000000000002,104101.22162709605,38.24075055898532,192026.56471927417,candidate collective coupling diagnostic; not a stability certificate
C37_bus37_SimpleGFLDC,0.011547819846894581,88761.97788814011,38.10314414226017,166922.76709536897,candidate collective coupling diagnostic; not a stability certificate
C37_bus37_SimpleGFLDC,0.01333521432163324,75394.53306226275,37.98899730021301,145021.96223984403,candidate collective coupling diagnostic; not a stability certificate
C37_bus37_SimpleGFLDC,0.01539926526059492,63758.91300456346,37.88802234417411,125961.70248041318,candidate collective coupling diagnostic; not a stability certificate
C37_bus37_SimpleGFLDC,0.01778279410038923,53653.22266332282,37.790863701041225,109406.90491416099,candidate collective coupling diagnostic; not a stability certificate
C37_bus37_SimpleGFLDC,0.02053525026457146,44905.53107744658,35.41333700130663,101159.90807370396,candidate collective coupling diagnostic; not a stability certificate
C37_bus37_SimpleGFLDC,0.023713737056616554,37365.93535874773,31.47348419743368,98636.88575592448,candidate collective coupling diagnostic; not a stability certificate
C37_bus37_SimpleGFLDC,0.027384196342643614,30899.97324134891,28.358908532606403,94882.0027541922,candidate collective coupling diagnostic; not a stability certificate
C37_bus37_SimpleGFLDC,0.03162277660168379,25384.437240904193,26.054120363694558,89533.31106260052,candidate collective coupling diagnostic; not a stability certificate
C37_bus37_SimpleGFLDC,0.03651741272548377,20705.820336534234,24.549130364581202,82401.13318921061,candidate collective coupling diagnostic; not a stability certificate
C37_bus37_SimpleGFLDC,0.042169650342858224,16760.568368039858,23.818016589984847,73674.83649563376,candidate collective coupling diagnostic; not a stability certificate
C37_bus37_SimpleGFLDC,0.04869675251658631,13455.735362487489,23.796838580510823,63994.39023329895,candidate collective coupling diagnostic; not a stability certificate
C37_bus37_SimpleGFLDC,0.051583333333333335,12293.890535810913,23.96295672582627,60054.6352966176,candidate collective coupling diagnostic; not a stability certificate
C37_bus37_SimpleGFLDC,0.05623413251903491,10708.772541228804,24.367978829666967,54263.24906105903,candidate collective coupling diagnostic; not a stability certificate
C37_bus37_SimpleGFLDC,0.06493816315762113,8445.418327225714,25.34498151573196,45331.42931868565,candidate collective coupling diagnostic; not a stability certificate
C37_bus37_SimpleGFLDC,0.07498942093324558,6594.07827858158,26.42965127478029,37808.70449021446,candidate collective coupling diagnostic; not a stability certificate
C37_bus37_SimpleGFLDC,0.08659643233600653,5074.070760014958,27.077258356511035,32141.776044546234,candidate collective coupling diagnostic; not a stability certificate
C37_bus37_SimpleGFLDC,0.09316666666666666,4395.626264737317,26.899044377660196,30179.121029116748,candidate collective coupling diagnostic; not a stability certificate
C37_bus37_SimpleGFLDC,0.1,3778.1022564191244,26.052562438036908,29136.717398118228,candidate collective coupling diagnostic; not a stability certificate
C37_bus37_SimpleGFLDC,0.11547819846894582,2590.675554034947,19.852039076734403,33274.612784090205,candidate collective coupling diagnostic; not a stability certificate
C37_bus37_SimpleGFLDC,0.1333521432163324,1701.6701546975858,1.1619418098363337,484418.158535715,candidate collective coupling diagnostic; not a stability certificate
C37_bus37_SimpleGFLDC,0.13475,1712.3635037669517,0.838363667114748,662875.2854387502,candidate collective coupling diagnostic; not a stability certificate
C37_bus37_SimpleGFLDC,0.1539926526059492,1238.336040212614,21.098461195185784,22559.74322151475,candidate collective coupling diagnostic; not a stability certificate
C37_bus37_SimpleGFLDC,0.17633333333333334,1083.4234955583115,29.863386005975876,13980.062505816246,candidate collective coupling diagnostic; not a stability certificate
C37_bus37_SimpleGFLDC,0.1778279410038923,1074.1985197131025,30.122498367054572,13752.362118815281,candidate collective coupling diagnostic; not a stability certificate
C37_bus37_SimpleGFLDC,0.2053525026457146,907.5299154321566,31.795494614333734,11424.5306865353,candidate collective coupling diagnostic; not a stability certificate
C37_bus37_SimpleGFLDC,0.21791666666666668,836.1696137718606,31.497014312899125,10924.870171015495,candidate collective coupling diagnostic; not a stability certificate
C37_bus37_SimpleGFLDC,0.23713737056616552,736.3870347939271,30.52376916943262,10434.814946150887,candidate collective coupling diagnostic; not a stability certificate
C37_bus37_SimpleGFLDC,0.2595,635.8667944671565,29.072939228664335,10086.589574844083,candidate collective coupling diagnostic; not a stability certificate
C37_bus37_SimpleGFLDC,0.27384196342643613,579.9464552047447,28.110524772908168,9929.038333348835,candidate collective coupling diagnostic; not a stability certificate
C37_bus37_SimpleGFLDC,0.3010833333333333,490.1131519561761,26.373539558351535,9700.193597356538,candidate collective coupling diagnostic; not a stability certificate
C37_bus37_SimpleGFLDC,0.31622776601683794,448.2398550003968,25.48623428474445,9596.208285586259,candidate collective coupling diagnostic; not a stability certificate
C37_bus37_SimpleGFLDC,0.3426666666666667,386.4878707376088,24.070472058671985,9441.67243185683,candidate collective coupling diagnostic; not a stability certificate
C37_bus37_SimpleGFLDC,0.3651741272548377,343.2694197483161,22.974605487198588,9336.256060720334,candidate collective coupling diagnostic; not a stability certificate
C37_bus37_SimpleGFLDC,0.38425,312.07276841340297,22.102663545411893,9268.177533854314,candidate collective coupling diagnostic; not a stability certificate
C37_bus37_SimpleGFLDC,0.4216965034285822,262.1945012444488,20.482052500439604,9202.798095994933,candidate collective coupling diagnostic; not a stability certificate
C37_bus37_SimpleGFLDC,0.42583333333333334,257.4499321355856,20.307289343618358,9201.890757736348,candidate collective coupling diagnostic; not a stability certificate
C37_bus37_SimpleGFLDC,0.46741666666666665,216.3817725629779,18.562242414277875,9274.912889199863,candidate collective coupling diagnostic; not a stability certificate
C37_bus37_SimpleGFLDC,0.4869675251658631,200.54237816944263,17.736416603085278,9367.83075263687,candidate collective coupling diagnostic; not a stability certificate
C37_bus37_SimpleGFLDC,0.509,184.80582522237438,16.792258617348452,9525.63735125596,candidate collective coupling diagnostic; not a stability certificate
C37_bus37_SimpleGFLDC,0.5505833333333333,160.0459819195508,14.953223822396916,10010.475140699366,candidate collective coupling diagnostic; not a stability certificate
C37_bus37_SimpleGFLDC,0.5623413251903491,154.01716188632065,14.416839892268154,10201.82989262167,candidate collective coupling diagnostic; not a stability certificate
C37_bus37_SimpleGFLDC,0.5921666666666666,140.30658420497392,13.019403844510123,10826.418429247906,candidate collective coupling diagnostic; not a stability certificate
C37_bus37_SimpleGFLDC,0.63375,124.36855988650893,10.97566428321184,12158.68620240078,candidate collective coupling diagnostic; not a stability certificate
C37_bus37_SimpleGFLDC,0.6493816315762113,119.18371332135148,10.177013843713283,12862.197605009313,candidate collective coupling diagnostic; not a stability certificate
C37_bus37_SimpleGFLDC,0.6753333333333333,111.42722689290177,8.813138816324889,14404.519816987391,candidate collective coupling diagnostic; not a stability certificate
C37_bus37_SimpleGFLDC,0.7169166666666666,101.09695377549993,6.527139766580208,18580.207166527773,candidate collective coupling diagnostic; not a stability certificate
C37_bus37_SimpleGFLDC,0.7498942093324559,95.126429567973,4.62615785143513,25349.79677886079,candidate collective coupling diagnostic; not a stability certificate
C37_bus37_SimpleGFLDC,0.7585,94.11887978501188,4.1177265300654975,28241.685999007124,candidate collective coupling diagnostic; not a stability certificate
C37_bus37_SimpleGFLDC,0.8000833333333334,105.15021155721232,1.610558682508945,69471.16677812932,candidate collective coupling diagnostic; not a stability certificate
C37_bus37_SimpleGFLDC,0.8416666666666667,111.48886808225092,1.2378554650580393,87227.64668214641,candidate collective coupling diagnostic; not a stability certificate
C37_bus37_SimpleGFLDC,0.8659643233600653,80.30289022681752,2.8141226881389163,37627.34034992345,candidate collective coupling diagnostic; not a stability certificate
C37_bus37_SimpleGFLDC,0.88325,74.02849712428304,3.989809394047012,26187.610615447527,candidate collective coupling diagnostic; not a stability certificate
C37_bus37_SimpleGFLDC,0.9248333333333333,66.28147824240371,6.930056420455497,14625.253923678549,candidate collective coupling diagnostic; not a stability certificate
C37_bus37_SimpleGFLDC,0.9664166666666667,61.264380576536205,9.297213170167918,10598.60296908455,candidate collective coupling diagnostic; not a stability certificate
C37_bus37_SimpleGFLDC,1.0,58.09432354893255,6.963072718927066,13853.623643778401,candidate collective coupling diagnostic; not a stability certificate
C37_bus37_SimpleGFLDC,1.008,57.44578520243813,6.416452140320544,14960.602077553143,candidate collective coupling diagnostic; not a stability certificate
C37_bus37_SimpleGFLDC,1.0495833333333333,55.00389925517135,3.8676352581809152,24223.93378562055,candidate collective coupling diagnostic; not a stability certificate
C37_bus37_SimpleGFLDC,1.0911666666666666,54.10860711959788,3.2574722584538573,28118.342447729403,candidate collective coupling diagnostic; not a stability certificate
C37_bus37_SimpleGFLDC,1.13275,59.339556836648164,2.26890120137379,39528.20647907196,candidate collective coupling diagnostic; not a stability certificate
C37_bus37_SimpleGFLDC,1.1547819846894583,55.400796511041534,2.5685944788732757,34548.840497244775,candidate collective coupling diagnostic; not a stability certificate
C37_bus37_SimpleGFLDC,1.1743333333333332,49.14064675196116,3.8154972840426105,23048.360333745568,candidate collective coupling diagnostic; not a stability certificate
C37_bus37_SimpleGFLDC,1.2159166666666668,43.46199046566693,6.9212870638960196,12474.951291222576,candidate collective coupling diagnostic; not a stability certificate
C37_bus37_SimpleGFLDC,1.2575,40.61205465371904,8.554539096145739,9921.661317948357,candidate collective coupling diagnostic; not a stability certificate
C37_bus37_SimpleGFLDC,1.2990833333333334,38.44960161453687,11.521989823582814,7249.175371211256,candidate collective coupling diagnostic; not a stability certificate
C37_bus37_SimpleGFLDC,1.333521432163324,36.90499908022647,14.507974355708665,5685.61921117956,candidate collective coupling diagnostic; not a stability certificate
C37_bus37_SimpleGFLDC,1.3406666666666667,36.6045611600556,15.16667784879179,5425.045222899283,candidate collective coupling diagnostic; not a stability certificate
C37_bus37_SimpleGFLDC,1.38225,34.9659894611803,13.623881391572677,5954.970647498107,candidate collective coupling diagnostic; not a stability certificate
C37_bus37_SimpleGFLDC,1.4238333333333333,33.48463024058359,12.299237498764,6509.793009696715,candidate collective coupling diagnostic; not a stability certificate
C37_bus37_SimpleGFLDC,1.4654166666666666,32.13177215275292,12.540917582521788,6305.669513698337,candidate collective coupling diagnostic; not a stability certificate
C37_bus37_SimpleGFLDC,1.507,30.888591951413886,14.405609164991624,5425.862347305805,candidate collective coupling diagnostic; not a stability certificate
C37_bus37_SimpleGFLDC,1.539926526059492,29.97313927379048,16.06684822750742,4822.562724010621,candidate collective coupling diagnostic; not a stability certificate
C37_bus37_SimpleGFLDC,1.5485833333333334,29.741778810727155,16.56703600232253,4666.559938231633,candidate collective coupling diagnostic; not a stability certificate
C37_bus37_SimpleGFLDC,1.5901666666666667,28.680465741960177,19.597876548695403,3904.396568148046,candidate collective coupling diagnostic; not a stability certificate
C37_bus37_SimpleGFLDC,1.63175,27.6953547715664,23.418524827247328,3235.825521669381,candidate collective coupling diagnostic; not a stability certificate
C37_bus37_SimpleGFLDC,1.6733333333333333,26.778507277301816,27.78134656808438,2702.8096161169938,candidate collective coupling diagnostic; not a stability certificate
C37_bus37_SimpleGFLDC,1.7149166666666666,25.92311452791746,32.536103376962224,2287.9852322338315,candidate collective coupling diagnostic; not a stability certificate
C37_bus37_SimpleGFLDC,1.7565,25.123283779894773,37.594070159223676,1964.0841583594731,candidate collective coupling diagnostic; not a stability certificate
C37_bus37_SimpleGFLDC,1.7782794100389228,24.72478804983407,40.345315929819385,1822.6862082561527,candidate collective coupling diagnostic; not a stability certificate
C37_bus37_SimpleGFLDC,1.7980833333333333,24.37387105529328,42.90178320746958,1707.8960607842948,candidate collective coupling diagnostic; not a stability certificate
C37_bus37_SimpleGFLDC,1.8396666666666666,23.670354371957995,48.42587752394203,1502.1051926238674,candidate collective coupling diagnostic; not a stability certificate
C37_bus37_SimpleGFLDC,1.88125,23.008735980436086,54.14473676924422,1334.2415206241315,candidate collective coupling diagnostic; not a stability certificate
C37_bus37_SimpleGFLDC,1.9228333333333334,22.38546504107874,60.04385233553806,1195.3518279375687,candidate collective coupling diagnostic; not a stability certificate
C37_bus37_SimpleGFLDC,1.9644166666666667,21.797375095742723,66.11317040158313,1078.947842229821,candidate collective coupling diagnostic; not a stability certificate
C37_bus37_SimpleGFLDC,2.006,21.241632615147825,72.34552393034102,980.2615823514227,candidate collective coupling diagnostic; not a stability certificate
C37_bus37_SimpleGFLDC,2.0475833333333333,20.71569408952941,78.73567441901093,895.7351533249291,candidate collective coupling diagnostic; not a stability certificate
C37_bus37_SimpleGFLDC,2.0535250264571463,20.642841700095598,79.66138303550574,884.6477306855995,candidate collective coupling diagnostic; not a stability certificate
C37_bus37_SimpleGFLDC,2.089166666666667,20.217269869750435,85.27970754875861,822.6728396697488,candidate collective coupling diagnostic; not a stability certificate
C37_bus37_SimpleGFLDC,2.13075,19.744293443620105,91.974640841626,759.002249465472,candidate collective coupling diagnostic; not a stability certificate
C37_bus37_SimpleGFLDC,2.1723333333333334,19.29489515330491,98.81816216311275,703.108382491619,candidate collective coupling diagnostic; not a stability certificate
C37_bus37_SimpleGFLDC,2.2139166666666665,18.86737958404898,105.8084512318632,653.716758747708,candidate collective coupling diagnostic; not a stability certificate
C37_bus37_SimpleGFLDC,2.2555,18.46020601648396,112.94405513128785,609.8099145642049,candidate collective coupling diagnostic; not a stability certificate
C37_bus37_SimpleGFLDC,2.297083333333333,18.071971455232,120.22379977008225,570.5668900843162,candidate collective coupling diagnostic; not a stability certificate
C37_bus37_SimpleGFLDC,2.3386666666666667,17.701395838127084,127.64672578093918,535.3187772938462,candidate collective coupling diagnostic; not a stability certificate
C37_bus37_SimpleGFLDC,2.371373705661655,17.421562521053847,133.58524594738768,510.0391204647697,candidate collective coupling diagnostic; not a stability certificate
C37_bus37_SimpleGFLDC,2.38025,17.347309101444196,135.21204135372292,503.51564193784526,candidate collective coupling diagnostic; not a stability certificate
C37_bus37_SimpleGFLDC,2.4218333333333333,17.008639832533806,142.91908701096366,474.7016083698114,candidate collective coupling diagnostic; not a stability certificate
C37_bus37_SimpleGFLDC,2.463416666666667,16.684405285987395,150.7673089417925,448.49587811982326,candidate collective coupling diagnostic; not a stability certificate
C37_bus37_SimpleGFLDC,2.505,16.373702575573,158.75623856076157,424.5781143205581,candidate collective coupling diagnostic; not a stability certificate
C37_bus37_SimpleGFLDC,2.5465833333333334,16.075700883610036,166.88547665657947,402.67707536950996,candidate collective coupling diagnostic; not a stability certificate
C37_bus37_SimpleGFLDC,2.5881666666666665,15.78963455363004,175.15468096827763,382.5616929902317,candidate collective coupling diagnostic; not a stability certificate
C37_bus37_SimpleGFLDC,2.62975,15.514796952163666,183.56355635098436,364.0340079380636,candidate collective coupling diagnostic; not a stability certificate
C37_bus37_SimpleGFLDC,2.671333333333333,15.25053500212881,192.11184691975848,346.9235309453298,candidate collective coupling diagnostic; not a stability certificate
C37_bus37_SimpleGFLDC,2.7129166666666666,14.996244304211283,200.7993297198275,331.08270698029406,candidate collective coupling diagnostic; not a stability certificate
C37_bus37_SimpleGFLDC,2.7384196342643614,14.84497822005717,206.19611945953272,321.9396853291049,candidate collective coupling diagnostic; not a stability certificate
C37_bus37_SimpleGFLDC,2.7545,14.751364774320484,209.62580958597027,316.38324082525696,candidate collective coupling diagnostic; not a stability certificate
C37_bus37_SimpleGFLDC,2.7960833333333333,14.515376735071776,218.59111493660913,302.71310040117606,candidate collective coupling diagnostic; not a stability certificate
C37_bus37_SimpleGFLDC,2.837666666666667,14.287797407607746,227.69509430877557,289.9740573821355,candidate collective coupling diagnostic; not a stability certificate
C37_bus37_SimpleGFLDC,2.87925,14.068177757180502,236.9376134849687,278.07965675595295,candidate collective coupling diagnostic; not a stability certificate
C37_bus37_SimpleGFLDC,2.9208333333333334,13.856099651979653,246.3185530963847,266.95353111409804,candidate collective coupling diagnostic; not a stability certificate
C37_bus37_SimpleGFLDC,2.9624166666666665,13.651173299882624,255.83780661222852,256.52799373094564,candidate collective coupling diagnostic; not a stability certificate
C37_bus37_SimpleGFLDC,3.004,13.453034932255871,265.49527864401375,246.74285844637032,candidate collective coupling diagnostic; not a stability certificate
C37_bus37_SimpleGFLDC,3.0455833333333335,13.26134470776908,275.29088350842926,237.54444509874173,candidate collective coupling diagnostic; not a stability certificate
C37_bus37_SimpleGFLDC,3.0871666666666666,13.075784812490896,285.22454400373,228.88473756927553,candidate collective coupling diagnostic; not a stability certificate
C37_bus37_SimpleGFLDC,3.12875,12.896057735394546,295.2961903634237,220.72066798214416,candidate collective coupling diagnostic; not a stability certificate
C37_bus37_SimpleGFLDC,3.1622776601683795,12.755204899456603,303.5171562460528,214.47257331545816,candidate collective coupling diagnostic; not a stability certificate
C37_bus37_SimpleGFLDC,3.1703333333333332,12.721884700881606,305.5057593579487,213.01350569301366,candidate collective coupling diagnostic; not a stability certificate
C37_bus37_SimpleGFLDC,3.2119166666666668,12.55300424208527,315.85319352051715,205.72833371633575,candidate collective coupling diagnostic; not a stability certificate
C37_bus37_SimpleGFLDC,3.2535,12.38917090059195,326.3384404775874,198.83359843250307,candidate collective coupling diagnostic; not a stability certificate
C37_bus37_SimpleGFLDC,3.2950833333333334,12.230154039854895,336.9614523679327,192.30072096397947,candidate collective coupling diagnostic; not a stability certificate
C37_bus37_SimpleGFLDC,3.3366666666666664,12.07573676100601,347.7221853370314,186.10376065507418,candidate collective coupling diagnostic; not a stability certificate
C37_bus37_SimpleGFLDC,3.37825,11.925714911024237,358.62059909573793,180.21912274046548,candidate collective coupling diagnostic; not a stability certificate
C37_bus37_SimpleGFLDC,3.4198333333333335,11.779896174320095,369.65665653404056,174.6253036256113,candidate collective coupling diagnostic; not a stability certificate
C37_bus37_SimpleGFLDC,3.4614166666666666,11.638099239761695,380.8303233821778,169.30266829201724,candidate collective coupling diagnostic; not a stability certificate
C37_bus37_SimpleGFLDC,3.503,11.50015303602064,392.14156791261274,164.23325523187034,candidate collective coupling diagnostic; not a stability certificate
C37_bus37_SimpleGFLDC,3.544583333333333,11.36589602886635,403.5903606773685,159.40060504899566,candidate collective coupling diagnostic; not a stability certificate
C37_bus37_SimpleGFLDC,3.5861666666666667,11.235175574702335,415.17667427605824,154.7896094672683,candidate collective coupling diagnostic; not a stability certificate
C37_bus37_SimpleGFLDC,3.62775,11.107847325224832,426.9004831506358,150.3863779879279,candidate collective coupling diagnostic; not a stability certificate
C37_bus37_SimpleGFLDC,3.651741272548377,11.035875447904798,433.7270072183502,147.93543065191506,candidate collective coupling diagnostic; not a stability certificate
C37_bus37_SimpleGFLDC,3.6693333333333333,10.983774678605196,438.7617634034645,146.17811985311178,candidate collective coupling diagnostic; not a stability certificate
C37_bus37_SimpleGFLDC,3.710916666666667,10.862828273060444,450.7604926357906,142.1530393198236,candidate collective coupling diagnostic; not a stability certificate
C37_bus37_SimpleGFLDC,3.7525,10.744885519086377,462.89664980411226,138.3002425389461,candidate collective coupling diagnostic; not a stability certificate
C37_bus37_SimpleGFLDC,3.7940833333333335,10.629830166994829,475.1702150922742,134.609654577805,candidate collective coupling diagnostic; not a stability certificate
C37_bus37_SimpleGFLDC,3.8356666666666666,10.517551906722058,487.5811697974209,131.07194533026944,candidate collective coupling diagnostic; not a stability certificate
C37_bus37_SimpleGFLDC,3.87725,10.407945997167177,500.12949622816535,127.67846323207125,candidate collective coupling diagnostic; not a stability certificate
C37_bus37_SimpleGFLDC,3.918833333333333,10.300912922579718,512.8151776135757,124.42117584623776,candidate collective coupling diagnostic; not a stability certificate
C37_bus37_SimpleGFLDC,3.9604166666666667,10.196358073748481,525.638198021722,121.29261650870741,candidate collective coupling diagnostic; not a stability certificate
C37_bus37_SimpleGFLDC,4.002,10.0941914519533,538.5985422867162,118.28583633089555,candidate collective coupling diagnostic; not a stability certificate
C37_bus37_SimpleGFLDC,4.043583333333333,9.99432739382778,551.6961959432913,115.39436094718717,candidate collective coupling diagnostic; not a stability certificate
C37_bus37_SimpleGFLDC,4.085166666666667,9.896684315450903,564.9311451680862,112.61215147350468,candidate collective coupling diagnostic; not a stability certificate
C37_bus37_SimpleGFLDC,4.12675,9.801184474135967,578.3033767268995,109.93356921025737,candidate collective coupling diagnostic; not a stability certificate
C37_bus37_SimpleGFLDC,4.168333333333333,9.707753746521686,591.8128779272748,107.35334368081901,candidate collective coupling diagnostic; not a stability certificate
C37_bus37_SimpleGFLDC,4.2099166666666665,9.616321421694499,605.4596365758318,104.86654364661966,candidate collective coupling diagnostic; not a stability certificate
C37_bus37_SimpleGFLDC,4.216965034285822,9.601016846829843,607.7863631698696,104.45395590019082,candidate collective coupling diagnostic; not a stability certificate
C37_bus37_SimpleGFLDC,4.2515,9.526820008180517,619.2436409398504,102.46855078313727,candidate collective coupling diagnostic; not a stability certificate
C37_bus37_SimpleGFLDC,4.293083333333334,9.439185053747408,633.1648797126492,100.15503573854866,candidate collective coupling diagnostic; not a stability certificate
C37_bus37_SimpleGFLDC,4.334666666666666,9.353354977046079,647.2233419823631,97.92193632935384,candidate collective coupling diagnostic; not a stability certificate
C37_bus37_SimpleGFLDC,4.37625,9.26927091020521,661.4190172037703,95.7654376556449,candidate collective coupling diagnostic; not a stability certificate
C37_bus37_SimpleGFLDC,4.417833333333333,9.186876551565087,675.7518951728449,93.68195394343059,candidate collective coupling diagnostic; not a stability certificate
C37_bus37_SimpleGFLDC,4.459416666666667,9.106118027805998,690.2219660037589,91.66811194306194,candidate collective coupling diagnostic; not a stability certificate
C37_bus37_SimpleGFLDC,4.501,9.026943764786546,704.8292201080833,89.7207357317489,candidate collective coupling diagnostic; not a stability certificate
C37_bus37_SimpleGFLDC,4.542583333333333,8.949304366464107,719.57364817596,87.83683278479144,candidate collective coupling diagnostic; not a stability certificate
C37_bus37_SimpleGFLDC,4.5841666666666665,8.873152501319641,734.4552411590519,86.01358119476357,candidate collective coupling diagnostic; not a stability certificate
C37_bus37_SimpleGFLDC,4.62575,8.79844279575582,749.4739902550774,84.24831793076882,candidate collective coupling diagnostic; not a stability certificate
C37_bus37_SimpleGFLDC,4.667333333333334,8.725131733979085,764.629886893786,82.53852804123967,candidate collective coupling diagnostic; not a stability certificate
C37_bus37_SimpleGFLDC,4.708916666666667,8.653177563915248,779.9229227242164,80.88183471379438,candidate collective coupling diagnostic; not a stability certificate
C37_bus37_SimpleGFLDC,4.7505,8.58254020874284,795.3530896031189,79.27599011454542,candidate collective coupling diagnostic; not a stability certificate
C37_bus37_SimpleGFLDC,4.792083333333333,8.513181183660707,810.9203795844153,77.71886693713161,candidate collective coupling diagnostic; not a stability certificate
C37_bus37_SimpleGFLDC,4.833666666666667,8.445063517535871,826.6247849096007,76.20845059873461,candidate collective coupling diagnostic; not a stability certificate
C37_bus37_SimpleGFLDC,4.869675251658631,8.387053274633613,840.3345936220533,74.93678196207824,candidate collective coupling diagnostic; not a stability certificate
C37_bus37_SimpleGFLDC,4.87525,8.378151679104109,842.4662979989869,74.74283202656045,candidate collective coupling diagnostic; not a stability certificate
C37_bus37_SimpleGFLDC,4.916833333333333,8.312411507420718,858.4449114437117,73.32020098379847,candidate collective coupling diagnostic; not a stability certificate
C37_bus37_SimpleGFLDC,4.9584166666666665,8.247810146281342,874.5606179984271,71.93883988901042,candidate collective coupling diagnostic; not a stability certificate
C37_bus37_SimpleGFLDC,5.0,8.184315982353182,890.8134105746079,70.59711808730653,candidate collective coupling diagnostic; not a stability certificate
C37_bus37_SimpleGFLDC,5.623413251903491,7.3468748067220995,1150.9024077110778,58.516805623555996,candidate collective coupling diagnostic; not a stability certificate
C37_bus37_SimpleGFLDC,6.493816315762113,6.445388186414486,1565.5368302425682,49.614761541923606,candidate collective coupling diagnostic; not a stability certificate
C37_bus37_SimpleGFLDC,7.498942093324558,5.656237522261331,2118.9734821550237,42.28348775517489,candidate collective coupling diagnostic; not a stability certificate
C37_bus37_SimpleGFLDC,8.659643233600654,4.959512388784378,2857.536620636492,36.174806660045384,candidate collective coupling diagnostic; not a stability certificate
C37_bus37_SimpleGFLDC,10.0,4.3402643780856245,3843.0068481368876,31.039483139862433,candidate collective coupling diagnostic; not a stability certificate
C37_bus37_SimpleGFLDC,11.547819846894582,3.7875807735796294,5157.776262069558,26.6931023297807,candidate collective coupling diagnostic; not a stability certificate
C37_bus37_SimpleGFLDC,13.33521432163324,3.293905832177878,6911.718526820514,22.995383815888005,candidate collective coupling diagnostic; not a stability certificate
C37_bus37_SimpleGFLDC,15.39926526059492,2.8543554780228613,9251.346064166688,19.837095018627636,candidate collective coupling diagnostic; not a stability certificate
C37_bus37_SimpleGFLDC,17.78279410038923,2.466000461327391,12372.01973201646,17.131473439624934,candidate collective coupling diagnostic; not a stability certificate
C37_bus37_SimpleGFLDC,20.53525026457146,2.127615916016037,16534.23282575769,14.808439989504631,candidate collective coupling diagnostic; not a stability certificate
C37_bus37_SimpleGFLDC,23.71373705661655,1.8431170390453637,22085.331263397937,12.810598786837739,candidate collective coupling diagnostic; not a stability certificate
C37_bus37_SimpleGFLDC,27.384196342643612,1.6927253522270702,29488.483752485914,11.090407866050043,candidate collective coupling diagnostic; not a stability certificate
C37_bus37_SimpleGFLDC,31.622776601683793,2.3210381957634274,26151.881867432963,14.461242045212297,candidate collective coupling diagnostic; not a stability certificate
C37_bus37_SimpleGFLDC,36.51741272548377,4.823879306840052,14061.675185342687,31.11793559962976,candidate collective coupling diagnostic; not a stability certificate
C37_bus37_SimpleGFLDC,42.169650342858226,9.273381472179468,8318.994289824815,60.89933558869006,candidate collective coupling diagnostic; not a stability certificate
C37_bus37_SimpleGFLDC,48.69675251658631,3.080696652402096,28744.033171545067,20.42461174938388,candidate collective coupling diagnostic; not a stability certificate
C37_bus37_SimpleGFLDC,56.23413251903491,1.729143054085969,59108.69814200724,11.522924724882635,candidate collective coupling diagnostic; not a stability certificate
C37_bus37_SimpleGFLDC,64.93816315762113,1.1824475403945085,100070.01055606602,7.90787510347108,candidate collective coupling diagnostic; not a stability certificate
C37_bus37_SimpleGFLDC,74.98942093324558,0.8854207147884499,154940.13954528107,5.945178741352547,candidate collective coupling diagnostic; not a stability certificate
C37_bus37_SimpleGFLDC,86.59643233600653,0.6969051764714491,228349.22517618697,4.706835719654318,candidate collective coupling diagnostic; not a stability certificate
C37_bus37_SimpleGFLDC,100.0,0.5653891755481472,326533.41476709663,3.8521117471376853,candidate collective coupling diagnostic; not a stability certificate
