critical_dominant_state,critical_family,members,size,replaced_mw,n_states,spectral_abscissa,zeta_min,zeta_min_frequency_hz,critical_frequency_hz,critical_condition,rhp_modes,unstable,gz_condition,equilibrium_norm_g,delta_zeta,safe,all_proper_subsets_safe,all_proper_subsets_stable
delta_sg39,sg,BASE,0,0.0,70,-0.12647823618208578,0.026123769254454057,0.9100867637695176,0.6385460550566344,177.0024999745282,0,False,502.4131439854654,2.3026025530725747e-13,0.0,True,,
delta_sg39,sg,30,1,1040.0,73,-0.13896780049556035,0.025452346040817846,0.9114950638014395,0.6418408274432024,209.39441992478447,0,False,637.5837991799816,3.388400671155978e-13,-0.0006714232136362103,True,,
delta_sg39,sg,31,1,836.0,73,-0.13050724141432604,0.026520917817061312,0.91010025347618,0.643408487308525,183.78098083073405,0,False,619.5430890438295,3.410605131648481e-13,0.00039714856260725587,True,,
omega_sg39,sg,32,1,843.7000000000002,73,-0.1329094380862262,0.02681302073957534,0.9102009027029827,0.64625585740983,189.4082478841787,0,False,669.2695669980907,2.2737367544323206e-13,0.0006892514851212818,True,,
omega_sg39,sg,33,1,1174.8,73,-0.15896570341794863,0.031898265177958046,0.917151134537429,0.6520945893002883,264.44139381965323,0,False,705.466092969984,5.049294315995212e-13,0.00577449592350399,True,,
omega_sg38,sg,34,1,1080.2,73,-0.13555088478376723,0.02230749592042333,0.9668599734304454,0.9668599734304454,58.891226079511064,0,False,561.6702030725176,3.133049375492192e-13,-0.003816273334030725,True,,
omega_sg39,sg,35,1,1085.7,73,-0.159150838290518,0.029579874365507113,0.9124864481529186,0.6570796842647145,223.58531231217867,0,False,647.439408210237,9.352518759442319e-13,0.0034561051110530566,True,,
delta_sg39,sg,36,1,1025.2,73,-0.15740366497608016,0.0290186911821075,0.9124180324244691,0.6565982003118562,199.8948567870985,0,False,622.7152474708503,4.1597281175143053e-13,0.002894921927653442,True,,
delta_sg39,sg,37,1,970.2,73,-0.13017129421582227,0.023609477675130087,1.3349050729264482,0.6419928181775463,199.22686322797122,0,False,573.376696503644,4.549693954913892e-13,-0.002514291579323969,True,,
omega_sg39,sg,38,1,1684.0999999999997,73,-0.17986741732032616,0.03416888593016342,1.3969859626741747,0.6753180659628641,189.34248927185598,0,False,848.7655962167142,2.744471316873387e-13,0.008045116675709365,True,,
delta_sg39,sg,30+31,2,1876.0,76,-0.14619940813486781,0.025822506492468044,0.9115237657994575,0.6469807569462774,216.14870753986614,0,False,810.7781422580516,5.639932965095795e-13,-0.00030126276198601254,True,True,True
omega_sg38,sg,30+32,2,1883.7000000000003,76,-0.14948147339457793,0.02608828466703608,0.9116206125926708,0.9116206125926708,52.771193118685844,0,False,885.9110307186379,3.637090628672013e-13,-3.5484587417977664e-05,True,True,True
delta_sg38,sg,30+33,2,2214.8,76,-0.1790707150644784,0.03103910505338706,0.9177538235144374,0.9177538235144374,67.98105241094923,0,False,949.2173174866199,4.3520742565306136e-13,0.004915335798933003,True,True,True
omega_sg38,sg,30+34,2,2120.2,76,-0.13742652256838603,0.022602592283029754,0.9674342840907638,0.9674342840907638,59.62852371393097,0,False,722.2108922930064,5.88418203051333e-13,-0.003521176971424303,True,True,True
delta_sg38,sg,30+35,2,2125.7,76,-0.16490888554892905,0.02871614462737656,0.913605949844604,0.913605949844604,55.63262827643864,0,False,858.138046484914,7.145395386487507e-13,0.002592375372922503,True,True,True
delta_sg38,sg,30+36,2,2065.2,76,-0.16176605189839108,0.02817124724568366,0.9135431003521259,0.9135431003521259,54.83646653937425,0,False,816.6229448921174,4.547473508864641e-13,0.0020474779912296043,True,True,True
delta_sg38,sg,30+37,2,2010.2,76,-0.14273864498588545,0.02487512906886764,0.9129814471894745,0.9129814471894745,53.385859367381556,0,False,827.238117819461,3.9612757518625585e-13,-0.0012486401855864165,True,True,True
omega_sg34,sg,30+38,2,2724.0999999999995,76,-0.21979846882964318,0.034531849761407135,1.3961947227377227,0.6812055202881218,213.95971970779945,0,False,1299.2971888240313,3.410605131648481e-13,0.008408080506953079,True,True,True
omega_sg39,sg,31+32,2,1679.7000000000003,76,-0.13734175040321267,0.027101416060788853,0.9101527262602541,0.6508698804580356,194.395060817498,0,False,915.4525464809464,3.410605131648481e-13,0.0009776468063347962,True,True,True
omega_sg39,sg,31+33,2,2010.8,76,-0.16840246457364924,0.03279831473382685,0.9169529758111928,0.657573471023857,272.0059881946754,0,False,887.9075766831578,2.7267077484793845e-13,0.006674545479372792,True,True,True
omega_sg38,sg,31+34,2,1916.2,76,-0.13981919982338192,0.023971384456538257,0.9744851747581234,0.6798201526273514,184.237809259007,0,False,693.8313003119687,5.040412531798211e-13,-0.0021523847979157996,True,True,True
omega_sg38,sg,31+35,2,1921.7,76,-0.16657612507371064,0.0301417435699616,0.9124228552206113,0.6629462101545195,229.3630604544985,0,False,810.413470695293,8.526512829121202e-13,0.004017974315507544,True,True,True
omega_sg39,sg,31+36,2,1861.2,76,-0.1639442787134408,0.02956288164977233,0.9124004593015284,0.6624278691065055,206.05738294901448,0,False,775.3263723372511,3.717026686445024e-13,0.0034391123953182723,True,True,True
omega_sg39,sg,31+37,2,1806.2,76,-0.13539202653989812,0.023231108295034417,1.3333273916866453,0.6470958370768362,205.59471429390467,0,False,714.9845119175388,4.547473508864641e-13,-0.0028926609594196392,True,True,True
omega_sg34,sg,31+38,2,2520.0999999999995,76,-0.190338971688891,0.04319402402023504,1.199566127078362,0.6830342954462181,195.78865353866556,0,False,1044.430651779055,3.694822225952521e-13,0.017070254765780984,True,True,True
delta_sg38,sg,32+33,2,2018.5,76,-0.17584068574079614,0.0335260047616942,0.916932664735673,0.6603822747716519,284.7411756546043,0,False,975.2540557205498,5.755396159656812e-13,0.007402235507240142,True,True,True
omega_sg38,sg,32+34,2,1923.9,76,-0.14186832686011766,0.024692501179319242,0.9790944972251843,0.6838725179553992,187.80688228411586,0,False,752.1504663100094,3.410605131648481e-13,-0.0014312680751348145,True,True,True
delta_sg38,sg,32+35,2,1929.4,76,-0.1719290261654709,0.030569810324563344,0.9124873885989072,0.6662107614134336,236.22783122360877,0,False,886.2116525220571,7.23421322845752e-13,0.004446041070109288,True,True,True
delta_sg38,sg,32+36,2,1868.9,76,-0.16821147254302196,0.029960203101263665,0.9125006291458952,0.6658249682913483,211.1117825005818,0,False,845.1674588800792,5.022648963404208e-13,0.0038364338468096087,True,True,True
omega_sg39,sg,32+37,2,1813.9,76,-0.13873765169426602,0.024388808974153055,1.350026937589631,0.6499953938391446,212.19705308204976,0,False,775.8825525067222,2.8421709430404007e-13,-0.0017349602803010018,True,True,True
delta_sg34,sg,32+38,2,2527.7999999999997,76,-0.19720502961341074,0.039343951941548855,1.3123963752527794,0.6876074224303915,200.79458640137335,0,False,1134.7435188135198,5.684341886080801e-13,0.013220182687094798,True,True,True
omega_sg38,sg,33+34,2,2255.0,76,-0.15959453552074507,0.026165668309919465,0.9831029738158046,0.691684090014854,206.16079968792164,0,False,996.40965118321,3.645972412869014e-13,4.1899055465408064e-05,True,True,True
delta_sg34,sg,33+35,2,2260.5,76,-0.218745996095345,0.03416304540981496,1.3970371436368434,0.9170979125528256,76.05403419399144,0,False,1052.691836673623,5.617728504603292e-13,0.008039276155360906,True,True,True
omega_sg34,sg,33+36,2,2200.0,76,-0.21582162739255617,0.03419603663263982,1.3970466519185891,0.9185125453207911,73.25252939735654,0,False,980.6681597114297,3.7922442963633785e-13,0.008072267378185765,True,True,True
omega_sg39,sg,33+37,2,2145.0,76,-0.17215175528285215,0.022366169343607533,1.3331731148434738,0.6539904153453681,302.1981158035352,0,False,828.2860348314974,1.4699352846037073e-13,-0.0037575999108465236,True,True,True
pss_w_sg32,sg,33+38,2,2858.8999999999996,76,-0.23737190874524078,0.03414334837423267,1.3969707407031597,5.7504332009424746e-18,18.693102324787628,0,False,1298.7424381637973,3.979039320256561e-13,0.008019579119778613,True,True,True
omega_sg38,sg,34+35,2,2165.9,76,-0.16141145707420756,0.02755272381146059,1.0036630996926728,0.6984132691367624,209.643878664288,0,False,752.010982165032,4.511946372076636e-13,0.0014289545570065343,True,True,True
omega_sg38,sg,34+36,2,2105.4,76,-0.161290038304707,0.02889586693870315,0.9948002272320472,0.6951956015028699,200.08625297869295,0,False,717.5557898838756,3.979039320256561e-13,0.0027720976842490926,True,True,True
omega_sg38,sg,34+37,2,2050.4,76,-0.13628806483058648,0.02242568863853672,0.9669921204803684,0.9669921204803684,58.84929832816523,0,False,645.0095901750387,6.676881270095691e-13,-0.0036980806159173374,True,True,True
delta_sg39,sg,34+38,2,2764.2999999999997,76,-0.20856361366866938,0.03409075196804289,1.3970374880516352,0.7351591206194366,207.5715478174076,0,False,962.9757664992975,2.935429677108914e-13,0.007966982713588835,True,True,True
omega_sg34,sg,35+36,2,2110.9,76,-0.18620950900815028,0.03242716806135912,0.9134494300394533,0.9134494300394533,57.55113017785166,0,False,1065.2070159029117,7.367439991412539e-13,0.006303398806905062,True,True,True
delta_sg38,sg,35+37,2,2055.9,76,-0.16434422477160382,0.02445237334261024,1.343248849748466,0.9139563378111624,56.44779778674927,0,False,754.7756263787471,3.5216274341109965e-13,-0.0016713959118438149,True,True,True
pss_w_sg32,sg,35+38,2,2769.7999999999997,76,-0.23738276683742002,0.03411836926661912,1.3969707330085228,1.1403863536846113e-18,17.285024739904337,0,False,1163.50574716149,8.810729923425242e-13,0.007994600012165062,True,True,True
omega_sg38,sg,36+37,2,1995.4,76,-0.16153832517362468,0.02621934126405044,1.3364061008590904,0.913880806209631,55.69948811416636,0,False,722.0988236929144,3.0331293032759277e-13,9.557200959638482e-05,True,True,True
omega_sg34,sg,36+38,2,2709.2999999999997,76,-0.2373356896470688,0.03416151519518307,1.3970128213836166,0.7030169449234602,214.5017238922253,0,False,1099.4242111717767,3.694822225952521e-13,0.008037745940729011,True,True,True
delta_sg30,sg,37+38,2,2654.2999999999997,76,-0.19538847874648962,0.023670410447913955,1.3133836191214088,1.3133836191214088,66.01199743268265,0,False,1117.649730990622,3.2507330161024584e-13,-0.0024533588065401013,True,True,True
omega_sg38,sg,30+31+32,3,2719.7000000000003,79,-0.15100821669948924,0.026355214150150297,0.9115978217915788,0.9115978217915788,52.9796263372974,0,False,1305.4201857546698,5.631051180898794e-13,0.0002314448956962402,True,True,True
delta_sg38,sg,30+31+33,3,3050.8,79,-0.18401083258467238,0.031905733959514314,0.9174314400834317,0.9174314400834317,69.33753735189234,0,False,1273.0751430475236,5.833111771380572e-13,0.005781964705060257,True,True,True
delta_sg38,sg,30+31+34,3,2956.2,79,-0.1499899283821308,0.02446723363895354,0.9753653589824984,0.9753653589824984,65.8144812319189,0,False,927.6263020516532,4.3076653355456074e-13,-0.0016565356155005158,True,True,True
delta_sg38,sg,30+31+35,3,2961.7,79,-0.16795482568703443,0.0292483518573822,0.9135353931852729,0.9135353931852729,56.09759381275775,0,False,1133.3603146169344,5.981881656680343e-13,0.003124582602928142,True,True,True
delta_sg38,sg,30+31+36,3,2901.2,79,-0.16471705590643246,0.02868522837815544,0.9135275295216635,0.9135275295216635,55.20156972013483,0,False,1067.5122810231157,6.674660824046441e-13,0.0025614591237013845,True,True,True
omega_sg38,sg,30+31+37,3,2846.2,79,-0.14467089387221144,0.02521089185628275,0.9130089328995042,0.9130089328995042,53.56014123823383,0,False,1093.1284405320466,5.822009541134321e-13,-0.0009128773981713079,True,True,True
pss_w_sg37,sg,30+31+38,3,3560.0999999999995,79,-0.23739859544132816,0.0399145523683038,1.2108213610674547,1.9224059328120873e-06,56.67271411690452,0,False,1761.3188648125597,3.126388037344441e-13,0.013790783113849747,True,True,True
omega_sg38,sg,30+32+33,3,3058.5,79,-0.18835385752051234,0.03266312174457612,0.9172868496544069,0.9172868496544069,70.66545039321967,0,False,1437.8726287302695,3.368416656712725e-13,0.006539352490122063,True,True,True
omega_sg38,sg,30+32+34,3,2963.9,79,-0.15601984899181107,0.02532337186985297,0.9802552047734626,0.9802552047734626,68.13118965402974,0,False,1020.8794790849593,3.3795188869589765e-13,-0.0008003973846010849,True,True,True
omega_sg38,sg,30+32+35,3,2969.4,79,-0.1703258327931472,0.02965951085881326,0.9135778527079067,0.9135778527079067,56.45604981562132,0,False,1267.7558016239657,6.052935930256353e-13,0.0035357416043592035,True,True,True
omega_sg38,sg,30+32+36,3,2908.9,79,-0.16689155059650607,0.0290608535854606,0.913613796904946,0.913613796904946,55.45762697822907,0,False,1187.1296681689175,5.542233338928781e-13,0.0029370843310065446,True,True,True
delta_sg38,sg,30+32+37,3,2853.9,79,-0.1460410250739298,0.025447145639212243,0.9130935355302343,0.9130935355302343,53.65452077571978,0,False,1213.9030202740453,5.182521078950231e-13,-0.0006766236152418136,True,True,True
pss_w_sg33,sg,30+32+38,3,3567.7999999999997,79,-0.23741679497318582,0.04523980202486878,1.2866629901489688,1.4869139770255912e-18,11.900987576909298,0,False,1996.3426272918089,9.603429163007604e-13,0.019116032770414727,True,True,True
omega_sg38,sg,30+33+34,3,3295.0,79,-0.16946932022197372,0.027389784459988756,0.9843728781732048,0.9843728781732048,68.5403377408731,0,False,1443.2785090358823,3.681499549657019e-13,0.0012660152055346992,True,True,True
efd_sg38,sg,30+33+35,3,3300.5,79,-0.16345646316274487,0.034267033826574096,1.3960803138940263,0.54700658684719,450.61296491868677,0,False,1593.5586695280515,4.547473508864641e-13,0.00814326457212004,True,True,True
delta_sg34,sg,30+33+36,3,3240.0,79,-0.21107297346429743,0.03435972516652833,1.3960328226421732,0.9180782391019189,74.63096602534188,0,False,1439.9093869372193,5.053735208093713e-13,0.00823595591207427,True,True,True
delta_sg38,sg,30+33+37,3,3185.0,79,-0.17274743938915188,0.02991062061604053,0.9187809231085775,0.9187809231085745,68.52408968732924,0,False,1340.1698846568888,3.9057646006313007e-13,0.0037868513615864734,True,True,True
eq1_sg34,sg,30+33+38,3,3898.8999999999996,79,-0.13666819592640586,0.03439656954389075,1.3961252008486003,0.4865243542641992,264.16307853534715,0,False,2496.7726981596456,2.935429677108914e-13,0.00827280028943669,True,True,True
omega_sg38,sg,30+34+35,3,3205.9,79,-0.18860123407329535,0.02977109834956771,1.0078067374971096,1.0078067374971096,84.91793157773026,0,False,1024.6192691021936,6.536993168992922e-13,0.0036473290951136543,True,True,True
omega_sg38,sg,30+34+36,3,3145.4,79,-0.18412934224350613,0.030790217629552034,0.9981741850297537,0.7075525034977092,216.68720334167804,0,False,963.881629008093,4.403144515663371e-13,0.004666448375097977,True,True,True
delta_sg38,sg,30+34+37,3,3090.4,79,-0.1383618208440517,0.022753339721340148,0.9675619916625684,0.9675619916625684,59.489224236623464,0,False,954.5715639529212,6.425970866530406e-13,-0.0033704295331139084,True,True,True
pss_w_sg32,sg,30+34+38,3,3804.2999999999997,79,-0.23738271189150228,0.034214715221694975,1.3965279768195837,1.7518723480927055e-25,19.822384934124784,0,False,1547.7737601922995,6.252776074688882e-13,0.008090945967240918,True,True,True
delta_sg38,sg,30+35+36,3,3150.9,79,-0.1808531095182795,0.03146830607824514,0.9142345055820215,0.9142345055820215,57.916287971705245,0,False,1597.1373398030794,9.419132140919828e-13,0.005344536823791084,True,True,True
delta_sg38,sg,30+35+37,3,3095.9,79,-0.1601392854725809,0.027846145357090037,0.9149228817737686,0.9149228817737686,56.297389783356635,0,False,1182.9697606859563,7.922551503725117e-13,0.0017223761026359807,True,True,True
eq1_sg36,sg,30+35+38,3,3809.7999999999997,79,-0.22854182030890194,0.03430714996249739,1.3961934836265744,0.4514989819919381,169.1421147347837,0,False,2083.6519640010897,7.958078640513122e-13,0.008183380708043333,True,True,True
omega_sg38,sg,30+36+37,3,3035.4,79,-0.15750851244650638,0.027391621377416357,0.9148363967317976,0.9148363967317976,55.51724596480046,0,False,1109.1114956289741,2.7411406477995115e-13,0.0012678521229623,True,True,True
pss_w_sg32,sg,30+36+38,3,3749.2999999999997,79,-0.23738447745511718,0.03450875508395597,1.396327651820892,2.2615785836109e-18,18.649200200188986,0,False,1894.2748966867491,7.105427357601002e-13,0.008384985829501913,True,True,True
pss_w_sg32,sg,30+37+38,3,3694.2999999999997,79,-0.23738653612957353,0.03437582451465559,1.3952753087943137,1.2651501731140516e-26,11.201127109957362,0,False,2547.8650775674946,5.684341886080801e-13,0.008252055260201532,True,True,True
delta_sg38,sg,31+32+33,3,2854.5,79,-0.18750518184199286,0.03413901438626611,0.9163704357065567,0.6650907043466987,293.6457396868649,0,False,1431.2190877803178,4.547473508864641e-13,0.008015245131812055,True,True,True
delta_sg38,sg,31+32+34,3,2759.9,79,-0.14561860057074538,0.025878888688873482,0.9844628757287419,0.6903914932830439,192.68376514421476,0,False,1043.232204673243,3.930189507173054e-13,-0.00024488056558057483,True,True,True
omega_sg38,sg,31+32+35,3,2765.4,79,-0.17768024774205085,0.030982395809222664,0.9122959422205518,0.9122959422205518,56.82496031564314,0,False,1274.5040838382558,8.526512829121202e-13,0.004858626554768607,True,True,True
delta_sg38,sg,31+32+36,3,2704.9,79,-0.1741905354476996,0.030371397949089537,0.9123878845329967,0.9123878845329967,55.74645834210324,0,False,1199.4803849590514,3.410605131648481e-13,0.004247628694635481,True,True,True
delta_sg39,sg,31+32+37,3,2649.9,79,-0.14470509267098983,0.023839541872400966,1.3196897894152633,0.6547603511665955,217.0372219402368,0,False,1093.3054484033457,2.091660178393795e-13,-0.0022842273820530903,True,True,True
omega_sg34,sg,31+32+38,3,3363.7999999999997,79,-0.20889836625250693,0.04778895129734832,0.6949142065817637,0.6949142065817637,204.10563218119012,0,False,1638.2488732144384,6.836753385641714e-13,0.021665182042894266,True,True,True
delta_sg38,sg,31+33+34,3,3091.0,79,-0.16669356810547145,0.02932537182122328,0.9948104857572063,0.6996402626983397,212.30173036323663,0,False,1294.1173476949277,3.4572344986827375e-13,0.003201602566769223,True,True,True
delta_sg34,sg,31+33+35,3,3096.5,79,-0.22460550161515921,0.03898951586654724,0.9161410102919899,0.9161410102919899,78.12192365189632,0,False,1403.0309132672855,6.048495038157853e-13,0.012865746612093183,True,True,True
delta_sg34,sg,31+33+36,3,3036.0,79,-0.22260936388892502,0.03857173549310043,0.9178486484581538,0.9178486484581538,74.81901879838796,0,False,1286.33003564046,4.549693954913892e-13,0.012447966238646375,True,True,True
omega_sg30,sg,31+33+37,3,2981.0,79,-0.181663562889378,0.02171641999221736,1.3310589670946544,1.3310589670946544,54.92474659182975,0,False,1070.2665723919076,3.743672039036028e-13,-0.0044073492622366955,True,True,True
pss_w_sg37,sg,31+33+38,3,3694.8999999999996,79,-0.2373557406210541,0.04348009472787899,1.1996345526754146,5.649800061504203e-31,24.6468312354473,0,False,1736.9122166474253,3.410605131648481e-13,0.017356325473424934,True,True,True
omega_sg38,sg,31+34+35,3,3001.9,79,-0.16682924669034196,0.0317856883400206,1.025486321391031,0.706943708690107,215.27608020817618,0,False,951.3461494737759,5.990763440877345e-13,0.005661919085566545,True,True,True
delta_sg38,sg,31+34+36,3,2941.4,79,-0.1665905162622355,0.03393296531494614,1.0113716894431235,0.7034067332019958,206.7660177603568,0,False,901.1412270419053,4.3920422854171193e-13,0.0078091960604920845,True,True,True
omega_sg38,sg,31+34+37,3,2886.4,79,-0.14565684582645483,0.0241989743689872,0.9747019969576951,0.687350717377128,204.63010210665763,0,False,809.0198068696923,3.161915174132446e-13,-0.0019247948854668566,True,True,True
omega_sg35,sg,31+34+38,3,3600.2999999999997,79,-0.22568483757640995,0.04263493800844487,1.1977467392555814,0.7496955082339292,220.2249842273159,0,False,1207.1735836384169,3.3173463975799677e-13,0.01651116875399081,True,True,True
delta_sg34,sg,31+35+36,3,2946.9,79,-0.19033705305323187,0.0331537112733833,0.9132138908248486,0.9132138908248486,58.18818078124917,0,False,1410.3245034466083,7.824851877558103e-13,0.007029942018929241,True,True,True
omega_sg38,sg,31+35+37,3,2891.9,79,-0.16725099111868288,0.02402264514100355,1.341850047406039,0.9138757913321738,56.819097637612856,0,False,965.617405910961,5.240252676230739e-13,-0.0021011241134505053,True,True,True
pss_w_sg37,sg,31+35+38,3,3605.7999999999997,79,-0.23738148987415,0.04378243266875882,1.2919228338971058,7.797921159315534e-28,17.337451091894856,0,False,1518.4696085804421,7.958078640513122e-13,0.017658663414304766,True,True,True
omega_sg38,sg,31+36+37,3,2831.4,79,-0.16439619347790266,0.02585950211492193,1.3348416041064737,0.9138448812161163,55.99269647012604,0,False,916.9412955171349,4.1389114358025836e-13,-0.0002642671395321275,True,True,True
pss_w_sg37,sg,31+36+38,3,3545.2999999999997,79,-0.23735905365341906,0.044555281033583694,1.2342606477133218,5.719629186472059e-18,15.800057453323252,0,False,1414.6652634070294,5.968558980384842e-13,0.018431511779129637,True,True,True
delta_sg30,sg,31+37+38,3,3490.2999999999997,79,-0.19069634510539482,0.02313614394540737,1.3114606295084088,1.3114606295084088,65.63791933833882,0,False,1437.0140600028342,5.684341886080801e-13,-0.0029876253090466882,True,True,True
omega_sg38,sg,32+33+34,3,3098.7000000000003,79,-0.171168178200753,0.030786196484342842,1.0020023010604657,0.7041628422589004,216.16866786850983,0,False,1454.2384410872821,4.642952688982405e-13,0.004662427229888785,True,True,True
delta_sg34,sg,32+33+35,3,3104.2000000000003,79,-0.23079888512041796,0.03268719643058992,1.3277224713104567,0.915480886996792,80.4589906773416,0,False,1598.992288396948,6.847855615887966e-13,0.006563427176135863,True,True,True
delta_sg34,sg,32+33+36,3,3043.7000000000003,79,-0.2289522039730123,0.039684164799567136,0.9174987379056081,0.9174987379056081,76.54262130181188,0,False,1451.518441973088,4.418687638008123e-13,0.013560395545113079,True,True,True
delta_sg38,sg,32+33+37,3,2988.7000000000003,79,-0.18593589104593097,0.02390783055930424,1.347202450922745,0.9180708783137568,70.3725659044593,0,False,1189.4866130703747,4.218847493575595e-13,-0.002215938695149817,True,True,True
pss_w_sg37,sg,32+33+38,3,3702.6,79,-0.23740106083386656,0.039837785392985076,1.310418260896313,1.2562221441997012e-17,17.338627134924234,0,False,1978.5843741729477,5.400124791776761e-13,0.013714016138531019,True,True,True
delta_sg38,sg,32+34+35,3,3009.6000000000004,79,-0.169701794175746,0.03334436400286518,1.0399939228762716,0.7117453076610557,217.78127870773298,0,False,1048.8772829608797,8.30002733209767e-13,0.007220594748411125,True,True,True
omega_sg38,sg,32+34+36,3,2949.1000000000004,79,-0.16917173172530278,0.03650540231645602,1.0216088211177874,0.7080953445176319,209.1379668030699,0,False,989.2283269332959,4.192202140984591e-13,0.010381633062001964,True,True,True
omega_sg38,sg,32+34+37,3,2894.1000000000004,79,-0.14859683310448382,0.024981470668717,0.9794186832917741,0.6917517538314424,208.51110266188144,0,False,882.5077905706596,3.410605131648481e-13,-0.001142298585737056,True,True,True
delta_sg35,sg,32+34+38,3,3608.0,79,-0.23494540515138304,0.03972524386458125,1.3125767988125006,0.7583810340080993,225.603161881829,0,False,1325.1472918696763,8.488765246283947e-13,0.01360147461012719,True,True,True
omega_sg34,sg,32+35+36,3,2954.6000000000004,79,-0.1938723129087938,0.03377029305613398,0.9131735224230738,0.9131735224230738,58.79616933984602,0,False,1602.3294885072946,6.03073146976385e-13,0.007646523801679923,True,True,True
omega_sg38,sg,32+35+37,3,2899.6000000000004,79,-0.16948982636246393,0.023901441631507588,1.3491254441864013,0.9139120549748675,57.133364392333036,0,False,1066.0442842532689,5.848654893725325e-13,-0.0022223276229464684,True,True,True
pss_w_sg37,sg,32+35+38,3,3613.5,79,-0.23740803116141385,0.03305883913613558,1.3219901328820092,1.3028123006664519e-17,11.142499241097637,0,False,1704.7937105097835,7.673861546209082e-13,0.006935069881681525,True,True,True
omega_sg38,sg,32+36+37,3,2839.1000000000004,79,-0.16650471456009527,0.024569150080896898,1.3494484319809066,0.9139182844961384,56.22391279652313,0,False,1007.9576657334723,3.26405569239796e-13,-0.0015546191735571584,True,True,True
pss_w_sg37,sg,32+36+38,3,3553.0,79,-0.23740443481977538,0.03997944703319544,1.3124804403244674,2.4002922145523956e-18,20.490225133991796,0,False,1575.4996036810014,4.875544412641375e-13,0.013855677778741384,True,True,True
delta_sg30,sg,32+37+38,3,3498.0,79,-0.21086602504027285,0.02508721282723251,1.3373270226729919,1.3373270226729919,49.735332523413874,0,False,1591.7807375844304,7.958078640513122e-13,-0.0010365564272215473,True,True,True
delta_sg38,sg,33+34+35,3,3340.7,79,-0.20105347913925006,0.03375313051240563,1.027401121980639,0.7174069549294828,237.71532408884934,0,False,1802.2903419293561,9.663381206337363e-13,0.0076293612579515745,True,True,True
omega_sg38,sg,33+34+36,3,3280.2,79,-0.1946187512827929,0.03419870341080707,1.397055344937818,0.7157955101392561,219.7425292499372,0,False,1598.5946277721087,3.566036355096003e-13,0.008074934156353016,True,True,True
delta_sg38,sg,33+34+37,3,3225.2,79,-0.16551581891731007,0.0216930503761303,1.3321797293900286,0.9835304165978321,67.32011877148979,0,False,1210.4443675715218,4.629630012686903e-13,-0.004430718878323758,True,True,True
pss_w_sg32,sg,33+34+38,3,3939.0999999999995,79,-0.23737310828743885,0.03414432738620444,1.3969770873872984,3.3050501434434605e-29,19.020015749372195,0,False,2096.001151208589,3.694822225952521e-13,0.008020558131750382,True,True,True
pss_w_sg37,sg,33+35+36,3,3285.7,79,-0.23737161665886006,0.03424811188970539,1.3970614050190493,4.10482387765992e-18,16.08521266267688,0,False,2768.977245737088,5.45785638905727e-13,0.008124342635251334,True,True,True
omega_sg34,sg,33+35+37,3,3230.7,79,-0.2081913701319853,0.025417528547774952,1.3374531396387384,0.9176958421094996,76.79022236382541,0,False,1306.3018335062256,7.260858581048524e-13,-0.0007062407066791045,True,True,True
pss_w_sg32,sg,33+35+38,3,3944.5999999999995,79,-0.23738607462651515,0.03411800978355079,1.3969737760293564,1.259419250302407e-18,18.789968926084725,0,False,2423.383923023026,8.810729923425242e-13,0.007994240529096735,True,True,True
omega_sg30,sg,33+36+37,3,3170.2,79,-0.20362475257508328,0.024320980131450422,1.3321132421383437,1.3321132421383437,55.30180566896287,0,False,1199.784264339598,3.410605131648481e-13,-0.0018027891230036341,True,True,True
pss_w_sg32,sg,33+36+38,3,3884.0999999999995,79,-0.23737227425159513,0.03414007582915838,1.3969854936086656,1.1911668096031404e-17,16.02270625814292,0,False,2120.7250122891364,6.281641873329136e-13,0.008016306574704323,True,True,True
omega_sg30,sg,33+37+38,3,3829.0999999999995,79,-0.17777107003509615,0.021603335771233856,1.3093598970243232,1.3093598970243183,69.7260679607776,0,False,1920.1676543944836,4.831690603168681e-13,-0.004520433483220201,True,True,True
delta_sg38,sg,34+35+36,3,3191.1000000000004,79,-0.18966082309127189,0.032626633514549766,1.0290192217774723,0.7199513833440437,215.37299011203865,0,False,1359.9105319794496,7.389644451905042e-13,0.006502864260095709,True,True,True
delta_sg38,sg,34+35+37,3,3136.1000000000004,79,-0.1734945587273482,0.02318209124219693,1.3415705682681058,0.7070210918043022,231.96159703386022,0,False,888.2078873823123,5.52891066263328e-13,-0.0029416780122571255,True,True,True
pss_w_sg32,sg,34+35+38,3,3850.0,79,-0.23738328819781015,0.03412167973364048,1.3969776307615154,1.0536734267029723e-18,17.79800979030259,0,False,1413.2346309951315,6.536993168992922e-13,0.00799791047918642,True,True,True
omega_sg38,sg,34+36+37,3,3075.6000000000004,79,-0.1712335845169151,0.027222430183754396,1.339121404608661,0.7041290742289985,220.12325742321943,0,False,841.6215546519127,6.075140390748857e-13,0.0010986609293003394,True,True,True
pss_w_sg32,sg,34+36+38,3,3789.5,79,-0.23737246017170271,0.03409294452908618,1.397027205579192,2.2049438633396267e-18,16.02789777000944,0,False,1315.066755083974,5.122569035620472e-13,0.007969175274632121,True,True,True
omega_sg30,sg,34+37+38,3,3734.5,79,-0.20595275844146055,0.02499084266213589,1.3112067746796048,1.3112067746796048,69.22487384887415,0,False,1300.48278008203,4.263256414560601e-13,-0.0011329265923181661,True,True,True
delta_sg38,sg,35+36+37,3,3081.1000000000004,79,-0.1793899037054167,0.02707074021049293,1.3105957194181128,0.914682523809217,58.32639836580569,0,False,1315.4511004699496,8.15791878494565e-13,0.0009469709560388749,True,True,True
pss_w_sg32,sg,35+36+38,3,3795.0,79,-0.23738622973037354,0.03421909741520386,1.3972291209675585,5.5237416835386345e-18,17.579117799590403,0,False,2401.3694736028115,4.75175454539567e-13,0.008095328160749805,True,True,True
delta_sg30,sg,35+37+38,3,3740.0,79,-0.21488006363388207,0.02571221826065555,1.3296370316757395,1.3296370316757395,63.00739776086825,0,False,1661.6164176212515,9.738876372011873e-13,-0.0004115509937985054,True,True,True
delta_sg30,sg,36+37+38,3,3679.5,79,-0.23292332848010774,0.028142530622324156,1.316733614501136,1.316733614501136,67.25152080820814,0,False,1539.0168549564903,3.410605131648481e-13,0.0020187613678701,True,True,True
delta_sg38,sg,30+31+32+33,4,3894.5,82,-0.19141186506567723,0.03322354309969077,0.9164382780795725,0.9164382780795725,72.69581180895277,0,False,2533.876588559515,3.9745984281580604e-13,0.007099773845236714,True,True,True
delta_sg38,sg,30+31+32+34,4,3799.9,82,-0.16563954563319183,0.02673210111323011,0.9858159419098897,0.9858159419098897,70.93645770538183,0,False,1558.3037288986234,4.82280881897168e-13,0.0006083318587760539,True,True,True
omega_sg38,sg,30+31+32+35,4,3805.4,82,-0.1725228927530316,0.03004879068661164,0.9133636158449114,0.9133636158449114,57.0482784277255,0,False,2108.870156178734,7.958078640513122e-13,0.003925021432157585,True,True,True
delta_sg38,sg,30+31+32+36,4,3744.9,82,-0.16911490819827105,0.029451278727855933,0.9135018674127455,0.9135018674127455,55.85949641121964,0,False,1913.238637742859,6.59694521232268e-13,0.003327509473401876,True,True,True
omega_sg38,sg,30+31+32+37,4,3689.9,82,-0.14735285674911314,0.025675767622047707,0.9130867795212543,0.9130867795212543,53.817821241136954,0,False,2002.573509915218,4.547473508864641e-13,-0.00044800163240634946,True,True,True
pss_w_sg39,sg,30+31+32+38,4,4403.8,82,-0.2370431068926898,0.05450937228039983,1.4309038204697029,5.623508911528244e-18,35.25426369562631,0,False,3899.896114809437,5.115907697472721e-13,0.028385603025945772,True,True,True
omega_sg38,sg,30+31+33+34,4,4131.0,82,-0.19622690436788132,0.03131859158828842,0.9966974944539958,0.9966974944539958,77.45275758576634,0,False,2115.0593501663357,2.355893258254582e-13,0.005194822333834361,True,True,True
efd_sg38,sg,30+31+33+35,4,4136.5,82,-0.08599036833271576,0.02445412383872787,0.559484346129332,0.559484346129332,448.0354202362917,0,False,2474.109847271916,6.961098364399732e-13,-0.001669645415726187,True,True,True
delta_sg34,sg,30+31+33+36,4,4076.0,82,-0.21774826672725933,0.03776865693902676,0.9169239600350695,0.9169239600350695,77.34645171081715,0,False,2143.283723483017,4.840572387365683e-13,0.0116448876845727,True,True,True
omega_sg38,sg,30+31+33+37,4,4021.0,82,-0.17680938283977174,0.03062770182889528,0.9183479006651816,0.9183479006651816,70.09196405617368,0,False,1984.9253541335836,4.1167069753100805e-13,0.0045039325744412224,True,True,True
efd_sg34,sg,30+31+33+38,4,4734.9,82,-0.06771300222803298,0.02165889208063507,0.4974553142555721,0.4974553142555721,267.46406234168137,0,False,4542.069712874224,6.821210263296962e-13,-0.004464877173818986,True,True,True
omega_sg38,sg,30+31+34+35,4,4041.9,82,-0.20225470353899733,0.03500163893427695,1.2488172302792742,0.719465614127833,236.7957938634968,0,False,1392.430513566575,7.807088309164101e-13,0.008877869679822892,True,True,True
omega_sg38,sg,30+31+34+36,4,3981.4,82,-0.19483032502360054,0.037478937185511714,1.0167132315107874,0.7170441395893272,221.6724395577041,0,False,1290.3551351471788,3.643751966819764e-13,0.011355167931057657,True,True,True
delta_sg38,sg,30+31+34+37,4,3926.4,82,-0.15195304464756693,0.024782957211578978,0.9755353227955155,0.9755353227955155,65.71407181203408,0,False,1290.5367022114103,6.821210263296962e-13,-0.0013408120428750787,True,True,True
pss_w_sg37,sg,30+31+34+38,4,4640.299999999999,82,-0.23738893763075222,0.03937067988684769,1.2103681944094467,2.5821444488768423e-18,56.38474078461988,0,False,2208.982794331269,6.3815619455454e-13,0.013246910632393635,True,True,True
delta_sg38,sg,30+31+35+36,4,3986.9,82,-0.18489347019408087,0.032182467159854754,0.9138972113794124,0.9138972113794124,58.85487087705142,0,False,2449.2585496574884,7.713829575095588e-13,0.006058697905400697,True,True,True
omega_sg38,sg,30+31+35+37,4,3931.9,82,-0.1628117389814591,0.028312986260020788,0.9148418594466318,0.9148418594466318,56.75903017803547,0,False,1690.6164424584792,6.821210263296962e-13,0.0021892170055667313,True,True,True
eq1_sg36,sg,30+31+35+38,4,4645.799999999999,82,-0.1863966105067587,0.04207459187781595,1.2695189478910103,0.45849432647833144,166.31839037827123,0,False,3397.547533134417,7.389644451905042e-13,0.015950822623361897,True,True,True
delta_sg38,sg,30+31+36+37,4,3871.4,82,-0.1601642677346715,0.027853916111367345,0.9148101273950786,0.9148101273950786,55.856808198796166,0,False,1553.3383303447094,3.772537837676282e-13,0.0017301468569132887,True,True,True
pss_w_sg37,sg,30+31+36+38,4,4585.299999999999,82,-0.23740103132206145,0.0516845713096093,1.2313415542059314,2.7534463372874974e-06,24.84259515513035,0,False,2935.0091675551766,4.831690603168681e-13,0.025560802055155245,True,True,True
pss_w_sg33,sg,30+31+37+38,4,4530.299999999999,82,-0.2374144943891005,0.040960984804218996,1.209646249379278,3.3740764868406596e-27,11.38656467249849,0,False,4628.292666395942,3.694822225952521e-13,0.01483721554976494,True,True,True
delta_sg38,sg,30+32+33+34,4,4138.7,82,-0.21055574746482852,0.03333802107046026,1.004629528103374,1.004629528103374,81.31899059027296,0,False,2532.824010049757,3.907985046680551e-13,0.0072142518160062015,True,True,True
efd_sg38,sg,30+32+33+35,4,4144.2,82,0.040118163203539836,-0.011171502962115748,0.5715081989119059,0.5715081989119059,411.8045977038901,2,True,3078.7514076256234,9.878764473114643e-13,-0.03729527221656981,False,True,True
efd_sg38,sg,30+32+33+36,4,4083.7000000000003,82,-0.18238580480906313,0.03912256000622532,0.9160990681241379,0.5222367548345722,297.7500662917808,0,False,2588.827266640942,3.97237798210881e-13,0.012998790751771263,True,True,True
efd_sg38,sg,30+32+33+37,4,4028.7000000000003,82,-0.16527261762540735,0.03130090111711188,0.9180496395612721,0.5622916808135979,613.0514174566335,0,False,2360.329589966608,2.8199664825478976e-13,0.005177131862657825,True,True,True
efd_sg34,sg,30+32+33+38,4,4742.599999999999,82,0.0500045922812079,-0.015493497348933597,0.5136040360743165,0.5136040360743165,281.68588018060285,2,True,6346.838593064604,4.831690603168681e-13,-0.04161726660338765,False,True,True
delta_sg38,sg,30+32+34+35,4,4049.6000000000004,82,-0.21045733265686317,0.0326305466791992,1.3130128271886579,0.7250272229019844,241.02962333486403,0,False,1585.8801939309328,4.0323300254385686e-13,0.006506777424745144,True,True,True
delta_sg38,sg,30+32+34+36,4,3989.1000000000004,82,-0.20126888088383058,0.041315392091827795,1.0288086097665357,0.7225917828756147,224.70349101641006,0,False,1456.667463349488,3.6504133049675147e-13,0.015191622837373738,True,True,True
omega_sg38,sg,30+32+34+37,4,3934.1000000000004,82,-0.15865323010198087,0.025743716927568938,0.9805140906944949,0.9805140906944949,68.16804398608292,0,False,1452.7244787754041,2.278177646530821e-13,-0.00038005232688511845,True,True,True
pss_w_sg35,sg,30+32+34+38,4,4648.0,82,-0.23744650312507679,0.04725326786779832,1.2854630925347814,2.7335943124533387e-17,33.395194378150826,0,False,2579.879723411601,8.242295734817162e-13,0.021129498613344264,True,True,True
delta_sg38,sg,30+32+35+36,4,3994.6000000000004,82,-0.18869397635998694,0.03284855093497443,0.9137502688894004,0.9137502688894004,59.764965285325815,0,False,3024.0734500045337,7.958078640513122e-13,0.006724781680520372,True,True,True
omega_sg38,sg,30+32+35+37,4,3939.6000000000004,82,-0.16489283066456223,0.02867421373085162,0.9148539612464418,0.9148539612464418,57.141272575331065,0,False,1965.5758801883767,8.526512829121202e-13,0.0025504444763975627,True,True,True
eq1_sg36,sg,30+32+35+38,4,4653.5,82,-0.11446291844475781,0.03285934927552221,1.3210287823752789,0.472260866588576,179.06303449162075,0,False,4337.721213660928,7.973621762857874e-13,0.006735580021068156,True,True,True
delta_sg38,sg,30+32+36+37,4,3879.1000000000004,82,-0.1621135878898156,0.028190751490654836,0.9148718326699877,0.9148718326699877,56.10461663052237,0,False,1784.4906281161823,4.651834473179406e-13,0.0020669822362007796,True,True,True
eq1_sg34,sg,30+32+36+38,4,4593.0,82,-0.2026190854488523,0.046408957687819705,1.299849300484803,0.3992716714320096,133.72058275092255,0,False,3612.538538925418,6.694644838489694e-13,0.020285188433365648,True,True,True
eq1_sg36,sg,30+32+37+38,4,4538.0,82,-0.17696824840846204,0.03917828965020826,1.2892360113699841,0.45991941732283426,203.9410978800326,0,False,6288.192019595446,3.6903813338540203e-13,0.013054520395754204,True,True,True
pss_w_sg32,sg,30+33+34+35,4,4380.7,82,-0.237394864835672,0.034271726761334456,1.3960518015455472,8.457612410827405e-19,22.40820177305869,0,False,3600.3968677746207,7.771561172376096e-13,0.0081479575068804,True,True,True
pss_w_sg32,sg,30+33+34+36,4,4320.2,82,-0.23737590117852672,0.034366652378120845,1.3960346777772743,6.928521457010028e-19,19.83416702198713,0,False,2890.552048541344,4.547473508864641e-13,0.008242883123666788,True,True,True
omega_sg38,sg,30+33+34+37,4,4265.2,82,-0.1753330713294111,0.02833731882721649,0.9843527876114211,0.9843527876114211,68.77659907663347,0,False,2329.4140684726667,3.397282455352979e-13,0.0022135495727624334,True,True,True
pss_w_sg32,sg,30+33+34+38,4,4979.099999999999,82,-0.23738333021482938,0.03440732357777713,1.3961335698495738,1.210961546596076e-17,19.75250547611179,0,False,6843.255390999727,3.694822225952521e-13,0.008283554323323072,True,True,True
efd_sg34,sg,30+33+35+36,4,4325.7,82,0.2775746899160953,-0.08022692524707953,0.548880361221882,0.548880361221882,331.1875211360763,2,True,10580.491009335643,1.0516032489249483e-12,-0.10635069450153359,False,True,True
efd_sg38,sg,30+33+35+37,4,4270.7,82,0.14467022043327096,-0.04003354723340874,0.5746810861612759,0.5746810861612759,425.4658255984241,2,True,2793.5942990100943,7.385203559806541e-13,-0.0661573164878628,False,True,True
eq1_sg36,sg,30+33+35+38,4,4984.599999999999,82,0.3889348092041216,-0.11386913190813212,0.540078579387931,0.540078579387931,303.3166648181055,2,True,13132.524158758235,7.065459328714496e-13,-0.13999290116258617,False,True,True
efd_sg38,sg,30+33+36+37,4,4210.2,82,-0.09502542614924431,0.02830565447606894,0.5340878598243377,0.5340878598243377,389.81014088965543,0,False,2372.0317996111226,5.353495424742505e-13,0.002181885221614884,True,True,True
efd_sg34,sg,30+33+36+38,4,4924.099999999999,82,0.20289402256027467,-0.06804669588397416,0.47345045535417285,0.47345045535417285,264.5942622621004,2,True,7571.4883445633,5.704325900524054e-13,-0.09417046513842822,False,True,True
efd_sg34,sg,30+33+37+38,4,4869.099999999999,82,0.2504129662662706,-0.07572637170416611,0.524784481727013,0.524784481727013,355.42654262665485,2,True,15381.100411967524,5.684341886080801e-13,-0.10185014095862018,False,True,True
pss_w_sg32,sg,30+34+35+36,4,4231.1,82,-0.23738924287942947,0.034147725599012434,1.3963757247277961,4.831571781737113e-18,21.099598685071232,0,False,2257.5913986431965,9.112710586123285e-13,0.008023956344558377,True,True,True
omega_sg38,sg,30+34+35+37,4,4176.1,82,-0.19921126437480788,0.03142061561842723,1.008567218348301,1.008567218348301,85.57982232665583,0,False,1475.900844189671,8.22897305852166e-13,0.005296846363973175,True,True,True
pss_w_sg32,sg,30+34+35+38,4,4890.0,82,-0.2373939065214408,0.034366352135836026,1.396231447154287,5.596972510458494e-19,16.606327132746255,0,False,2892.09517437846,7.407408020299044e-13,0.00824258288138197,True,True,True
delta_sg38,sg,30+34+36+37,4,4115.6,82,-0.20103084166712737,0.03200584513937786,0.9991506356218469,0.9991506356218469,84.04144347360563,0,False,1358.7466006675102,5.340172748447003e-13,0.005882075884923805,True,True,True
pss_w_sg32,sg,30+34+36+38,4,4829.5,82,-0.23738351889573164,0.03422117303369309,1.396471285468419,4.417437057588218e-18,17.53657667714292,0,False,2524.2887528744423,4.876099524153688e-13,0.008097403779239034,True,True,True
pss_w_sg32,sg,30+34+37+38,4,4774.5,82,-0.23738676971548067,0.03416600075260274,1.396247824829895,6.646623880872029e-18,11.002430975173091,0,False,3504.5414891269656,5.717648576819556e-13,0.008042231498148682,True,True,True
delta_sg38,sg,30+35+36+37,4,4121.1,82,-0.17419633609867208,0.03027634447634059,0.9152854721892472,0.9152854721892472,58.84119100276171,0,False,2752.7934367245475,7.895906151134113e-13,0.004152575221886532,True,True,True
eq1_sg34,sg,30+35+36+38,4,4835.0,82,0.09999609277146343,-0.03762683944408101,0.4226664457496527,0.4226664457496527,186.36133485232088,2,True,11567.633968715514,8.215650382226158e-13,-0.06375060869853506,False,True,True
eq1_sg36,sg,30+35+37+38,4,4780.0,82,0.027206763604682854,-0.008916519049632688,0.48560640707939823,0.48560640707939823,259.2459937831329,2,True,7431.387677249268,8.526512829121202e-13,-0.035040288304086745,False,True,True
eq1_sg34,sg,30+36+37+38,4,4719.5,82,-0.07755724397761692,0.029849176191837617,0.4133487145322549,0.4133487145322549,192.0040621719353,0,False,5573.021123164316,3.8075098629519744e-13,0.00372540693738356,True,True,True
delta_sg38,sg,31+32+33+34,4,3934.7000000000003,82,-0.17867879604827056,0.03310978314048252,1.0099129351314537,0.711272471315714,219.10965589122026,0,False,2396.714852561785,5.684341886080801e-13,0.006986013886028462,True,True,True
delta_sg34,sg,31+32+33+35,4,3940.2000000000003,82,-0.23282805629061573,0.0405300543322919,0.9135267320345669,0.9135267320345669,84.05964681991301,0,False,2841.2514289363917,8.810729923425242e-13,0.014406285077837842,True,True,True
delta_sg34,sg,31+32+33+36,4,3879.7000000000003,82,-0.23340529747002112,0.04051874692668219,0.9160475886670695,0.9160475886670695,79.12020609651282,0,False,2440.2679100690416,5.138112157965224e-13,0.014394977672228134,True,True,True
omega_sg30,sg,31+32+33+37,4,3824.7000000000003,82,-0.1749928290699919,0.0211298953311189,1.3177895713651644,1.3177895713651644,64.55348620577247,0,False,1876.19502093339,3.410605131648481e-13,-0.004993873923335158,True,True,True
pss_w_sg37,sg,31+32+33+38,4,4538.599999999999,82,-0.23720190115252618,0.04928839247249944,1.2053420255392508,2.9758978791240275e-28,28.366884660228763,0,False,3714.189078802144,4.3076653355456074e-13,0.023164623218045386,True,True,True
omega_sg38,sg,31+32+34+35,4,3845.6000000000004,82,-0.17429391197507416,0.03595448708359812,1.0576234010399876,0.7194303713404636,219.37871294451867,0,False,1566.016973012622,6.821210263296962e-13,0.009830717829144065,True,True,True
delta_sg38,sg,31+32+34+36,4,3785.1000000000004,82,-0.17375104168780076,0.03861774558468816,0.7155443413534085,0.7155443413534085,211.78393612022472,0,False,1448.5555557809257,5.879741138414829e-13,0.012493976330234104,True,True,True
omega_sg38,sg,31+32+34+37,4,3730.1000000000004,82,-0.1540255935792193,0.026271465121578883,0.9848777856296442,0.6988445526280166,212.43849727682627,0,False,1272.3381041702216,4.547473508864641e-13,0.00014769586712482657,True,True,True
pss_w_sg37,sg,31+32+34+38,4,4444.0,82,-0.23720150746783444,0.049243503746816894,1.3749734688263722,4.3839411019495055e-18,27.373468025208336,0,False,2010.3007332756813,5.642153411145046e-13,0.023119734492362837,True,True,True
delta_sg34,sg,31+32+35+36,4,3790.6000000000004,82,-0.1970716795982992,0.034347077636656405,0.912637339260617,0.912637339260617,59.72109468278929,0,False,2802.0541270817694,6.723510637129948e-13,0.008223308382202348,True,True,True
omega_sg38,sg,31+32+35+37,4,3735.6000000000004,82,-0.1714443699948035,0.024282103894803668,1.3380518829885035,0.9137206312384659,57.58921125455149,0,False,1624.9389636356539,7.958078640513122e-13,-0.0018416653596503886,True,True,True
pss_w_sg39,sg,31+32+35+38,4,4449.5,82,-0.2367523883831334,0.04665009347107572,1.4425345060059414,8.946887565452312e-32,9.651282052734862,0,False,2921.5355290602274,1.0516032489249483e-12,0.02052632421662166,True,True,True
omega_sg38,sg,31+32+36+37,4,3675.1000000000004,82,-0.16854776813175812,0.029342943749336783,0.9138026444241168,0.9138026444241168,56.54018017728155,0,False,1505.6340508935732,5.353495424742505e-13,0.003219174494882727,True,True,True
pss_w_sg37,sg,31+32+36+38,4,4389.0,82,-0.23724395571773152,0.05438359066654645,1.4342676141329034,3.061337697608788e-17,14.005466676891336,0,False,2579.6577663528674,7.878142582740111e-13,0.028259821412092396,True,True,True
delta_sg30,sg,31+32+37+38,4,4334.0,82,-0.19740574258287738,0.02427093181007426,1.2940930637368073,1.2940930637368073,77.07483147093511,0,False,2606.5837285327184,1.0682565942943256e-12,-0.0018528374443797964,True,True,True
omega_sg38,sg,31+33+34+35,4,4176.7,82,-0.21126228011614537,0.041880816123917426,1.0625329902544463,0.7266576276447045,240.8887142647117,0,False,2744.737973309785,1.2876366639602566e-12,0.01575704686946337,True,True,True
omega_sg38,sg,31+33+34+36,4,4116.2,82,-0.2039126804918622,0.04472419062575146,0.724915007704419,0.724915007704419,223.73490754007386,0,False,2320.4530455268105,4.838351941316432e-13,0.018600421371297405,True,True,True
omega_sg30,sg,31+33+34+37,4,4061.2,82,-0.1737878850156656,0.02079247851463354,1.3299627253182018,1.3299627253182018,55.425520825932665,0,False,1652.9636169018206,3.410605131648481e-13,-0.005331290739820516,False,True,True
pss_w_sg37,sg,31+33+34+38,4,4775.099999999999,82,-0.23735638100491216,0.043326677307084505,1.1980492668928617,1.3584227153409626e-17,25.076572798753464,0,False,3254.60950357076,7.389644451905042e-13,0.017202908052630448,True,True,True
pss_w_sg37,sg,31+33+35+36,4,4121.7,82,-0.23735291259166477,0.04136946755041815,1.13446727294086,3.973206116913853e-18,16.56809665747325,0,False,5448.819619694036,5.799805080641818e-13,0.015245698295964092,True,True,True
omega_sg30,sg,31+33+35+37,4,4066.7,82,-0.20812251143689653,0.024808178640490744,1.334782873301675,1.334782873301675,63.51994277066864,0,False,1852.0177824148636,8.30002733209767e-13,-0.0013155906139633126,True,True,True
eq1_sg36,sg,31+33+35+38,4,4780.599999999999,82,-0.23623681081993145,0.04093205644917132,1.302688162657387,0.5119389762256265,251.46574939208506,0,False,4158.241345977744,1.1084466677857563e-12,0.014808287194717263,True,True,True
delta_sg30,sg,31+33+36+37,4,4006.2,82,-0.19660642943846618,0.023526396328464223,1.3296649362160446,1.3296649362160446,56.90163674727556,0,False,1657.7824588898277,3.483879851273741e-13,-0.002597372925989834,True,True,True
pss_w_sg37,sg,31+33+36+38,4,4720.099999999999,82,-0.2373561094340092,0.046501194718394305,1.2292727947342887,1.4670646448352496e-31,13.177524628464905,0,False,3366.062010007953,5.304645611658998e-13,0.02037742546394025,True,True,True
omega_sg30,sg,31+33+37+38,4,4665.099999999999,82,-0.16681425121985535,0.02032315130491571,1.306088256572156,1.306088256572156,70.64450364438494,0,False,2919.2480512360594,3.410605131648481e-13,-0.005800617949538348,False,True,True
omega_sg38,sg,31+34+35+36,4,4027.1000000000004,82,-0.19582534770443585,0.039966504396889924,1.0643159966297369,0.7293406753264461,218.404567524917,0,False,1894.0989509283152,4.563016631209393e-13,0.013842735142435867,True,True,True
delta_sg38,sg,31+34+35+37,4,3972.1000000000004,82,-0.181293454895906,0.022537784727707615,1.3399939259691764,0.7163952717609785,236.57945952662755,0,False,1157.6309671748334,6.012967901369848e-13,-0.003585984526746442,True,True,True
pss_w_sg37,sg,31+34+35+38,4,4686.0,82,-0.23738120593118853,0.04013837687304873,1.4048767042010026,5.4149074959772945e-18,17.773835371181576,0,False,1929.5547009640557,8.766321002440236e-13,0.01401460761859467,True,True,True
delta_sg38,sg,31+34+36+37,4,3911.6000000000004,82,-0.1786376462948828,0.026727827788884023,1.3375415618680417,0.7132096689329391,225.78344956687624,0,False,1085.3980050487771,3.6637359812630166e-13,0.0006040585344299666,True,True,True
pss_w_sg37,sg,31+34+36+38,4,4625.5,82,-0.23735772111432205,0.04215440460144372,1.231621705653895,1.9610800586432628e-19,13.718099995341705,0,False,1757.1523523976557,8.08686451136964e-13,0.016030635346989664,True,True,True
delta_sg30,sg,31+34+37+38,4,4570.5,82,-0.19872125142548727,0.024147465710747006,1.3093815933161321,1.3093815933161321,68.28369569946221,0,False,1729.3076500032298,5.067057884389214e-13,-0.0019763035437070503,True,True,True
delta_sg38,sg,31+35+36+37,4,3917.1000000000004,82,-0.1829916252026054,0.02629495115714584,1.3081178480805153,0.9143992557252881,59.01225974428743,0,False,1849.1027509877586,8.242295734817162e-13,0.00017118190269178185,True,True,True
pss_w_sg37,sg,31+35+36+38,4,4631.0,82,-0.23738717540341012,0.04622620176588389,1.228545002267091,1.9019926143786316e-17,17.875504126931272,0,False,4037.6776598026245,6.536993168992922e-13,0.020102432511429836,True,True,True
delta_sg30,sg,31+35+37+38,4,4576.0,82,-0.21085467025298368,0.025270131274040018,1.3275691393944502,1.3275691393944502,64.7679844088347,0,False,2389.9422068204226,7.549516567451064e-13,-0.000853637980414039,True,True,True
omega_sg30,sg,31+36+37+38,4,4515.5,82,-0.22632863893573765,0.027392957867926206,1.3144912846989352,1.3144912846989352,68.10093269899915,0,False,2150.910529372678,4.831690603168681e-13,0.001269188613472149,True,True,True
delta_sg38,sg,32+33+34+35,4,4184.400000000001,82,-0.2196434709987798,0.032735072469041705,1.3255643091217701,0.7317930932348766,245.2860329254937,0,False,3444.8269267860546,3.530509218307998e-13,0.006611303214587649,True,True,True
omega_sg38,sg,32+33+34+36,4,4123.900000000001,82,-0.21027641115528423,0.042254320585904906,1.3127322662675671,0.7301226940119291,226.18706043428756,0,False,2809.3929179941083,3.410605131648481e-13,0.01613055133145085,True,True,True
omega_sg38,sg,32+33+34+37,4,4068.9,82,-0.1895003768494639,0.023165266775820762,1.345880843641753,0.7125649448907196,239.9523820198601,0,False,1905.8955915161032,5.091482790930968e-13,-0.0029585024786332945,True,True,True
pss_w_sg37,sg,32+33+34+38,4,4782.8,82,-0.2374012353192845,0.03994678148133027,1.3094160708037166,8.978529001065938e-18,17.10922059241908,0,False,4107.803952883745,2.5579538487363607e-13,0.013823012226876211,True,True,True
efd_sg38,sg,32+33+35+36,4,4129.400000000001,82,-0.17329059353900192,0.04508633595792625,1.1623105209019569,0.5441329903713906,352.48544329050196,0,False,8837.675403704501,9.094947017729282e-13,0.018962566703472194,True,True,True
delta_sg30,sg,32+33+35+37,4,4074.4,82,-0.19982619201236562,0.023687052223307904,1.342269296231729,1.342269296231729,52.22883947714451,0,False,2183.6867333040755,3.885780586188048e-13,-0.002436717031146153,True,True,True
eq1_sg36,sg,32+33+35+38,4,4788.3,82,-0.1424294691626578,0.03242810144389351,1.3269902794988273,0.5305882876916433,271.1625969213553,0,False,5698.902093835893,7.616129948928574e-13,0.0063043321894394565,True,True,True
delta_sg30,sg,32+33+36+37,4,4013.9,82,-0.1993179743217972,0.023590852995535715,1.3443181736214067,1.3443181736214067,48.767147620582584,0,False,1922.284869162907,5.833111771380572e-13,-0.0025329162589183413,True,True,True
pss_w_sg37,sg,32+33+36+38,4,4727.8,82,-0.23740175940292269,0.04136331983307311,1.3089719323783269,9.255207241072273e-18,11.302615158871806,0,False,4315.903252638248,4.645173135031655e-13,0.015239550578619056,True,True,True
delta_sg31,sg,32+33+37+38,4,4672.8,82,-0.20507374716528093,0.0245062712598616,1.331442800760825,1.331442800760825,54.27592195558112,0,False,3583.6519527515566,5.968558980384842e-13,-0.001617497994592456,True,True,True
omega_sg38,sg,32+34+35+36,4,4034.8,82,-0.19945645500978906,0.03578030079369701,1.3298725635296254,0.734599524733029,219.31805573032378,0,False,2226.2051331395746,8.077982727172639e-13,0.009656531539242955,True,True,True
omega_sg38,sg,32+34+35+37,4,3979.8,82,-0.1859719724631406,0.02342595476121203,1.3482867428551557,0.7216584511512251,239.57814101864506,0,False,1293.900279822176,8.242295734817162e-13,-0.002697814493242027,True,True,True
pss_w_sg37,sg,32+34+35+38,4,4693.7,82,-0.23741007120642904,0.03366921069964398,1.3160874343485052,6.281546766318013e-18,11.873542085824846,0,False,2226.4408992823874,6.66577903984944e-13,0.007545441445189923,True,True,True
omega_sg38,sg,32+34+36+37,4,3919.3,82,-0.1826059188582011,0.024515053595612003,1.3498531846231074,0.7184027602246912,228.3345543025678,0,False,1205.6906401975698,3.197442310920451e-13,-0.001608715658842054,True,True,True
pss_w_sg37,sg,32+34+36+38,4,4633.2,82,-0.23740206136123124,0.039439807514213734,1.3133299900177022,1.394253571301281e-17,11.339227456195898,0,False,2001.0468071877656,7.958078640513122e-13,0.013316038259759678,True,True,True
omega_sg31,sg,32+34+37+38,4,4578.2,82,-0.2121214819356179,0.025254873669500286,1.3363525330741322,1.3363525330741322,51.087532472742005,0,False,1951.8227004377163,3.694822225952521e-13,-0.0008688955849537709,True,True,True
delta_sg34,sg,32+35+36+37,4,3924.8,82,-0.1861763647983814,0.02599245038257667,1.3407055228186069,0.9142897409018741,59.700844019083824,0,False,2170.1988336559693,8.411049634560186e-13,-0.00013131887187738805,True,True,True
pss_w_sg37,sg,32+35+36+38,4,4638.7,82,-0.2374083715423647,0.04473044401979336,1.3057022352116896,2.267748897100684e-25,11.09429763859652,0,False,5437.529419440715,7.673861546209082e-13,0.018606674765339306,True,True,True
omega_sg30,sg,32+35+37+38,4,4583.7,82,-0.2000286015318886,0.023866075680583194,1.333544451636986,1.333544451636986,57.816718723862934,0,False,2827.21736029652,9.090506125630782e-13,-0.002257693573870862,True,True,True
omega_sg30,sg,32+36+37+38,4,4523.2,82,-0.20610825500653154,0.024556156638321752,1.3354392692520745,1.3354392692520745,51.12304132900026,0,False,2499.2371993537645,7.143174940438257e-13,-0.0015676126161323044,True,True,True
pss_w_sg37,sg,33+34+35+36,4,4365.9,82,-0.23738731383195738,0.034270863921774454,1.3971021896295903,1.31324419849129e-18,22.09206056199018,0,False,129575.53070089401,1.0116352200384426e-12,0.008147094667320397,True,True,True
delta_sg30,sg,33+34+35+37,4,4310.9,82,-0.1934010370513826,0.023065300059757935,1.3341487896626947,1.3341487896626947,58.9587760510943,0,False,2512.5851143890527,6.821210263296962e-13,-0.0030584691946961215,True,True,True
pss_w_sg32,sg,33+34+35+38,4,5024.799999999999,82,-0.2373955641256733,0.03411932396951196,1.3969752378832783,1.1705844422023639e-33,23.659288262232508,0,False,8719.490503694557,8.144596108650148e-13,0.0079955547150579,True,True,True
delta_sg30,sg,33+34+36+37,4,4250.4,82,-0.1934085880433711,0.023118007310506738,1.3311573842836477,1.3311573842836477,54.85546226049937,0,False,2140.8362781804476,6.732392421326949e-13,-0.0030057619439473188,True,True,True
pss_w_sg32,sg,33+34+36+38,4,4964.299999999999,82,-0.2373736688257939,0.03413828581897589,1.3969974728912373,2.1721688441832376e-18,16.300805701619172,0,False,5670.889602325526,7.118750033896504e-13,0.008014516564521835,True,True,True
omega_sg30,sg,33+34+37+38,4,4909.299999999999,82,-0.16374082395115788,0.01992303515994101,1.3077821125197566,1.3077821125197566,70.11697322572488,0,False,3871.63714341489,4.831690603168681e-13,-0.006200734094513046,False,True,True
delta_sg30,sg,33+35+36+37,4,4255.9,82,-0.16794338752721422,0.020400134489541408,1.3099647883006427,1.3099647883006427,69.97182743080262,0,False,4745.909200094325,9.663381206337363e-13,-0.005723634764912649,False,True,True
theta_pll_gfl38,gfl,33+35+36+38,4,4969.799999999999,82,405.311957881836,-0.05460633114023178,0.5017029182521409,1.2222659923156255e-22,141.04373855964693,3,True,19908.208499104785,9.454659277707833e-13,-0.08073010039468584,False,True,True
eq1_sg36,sg,33+35+37+38,4,4914.799999999999,82,-0.09585345834118456,0.0276783164057973,1.3198733790779584,0.5337238171662564,351.38867039681423,0,False,5243.7867188594255,6.821210263296962e-13,0.0015545471513432434,True,True,True
omega_sg30,sg,33+36+37+38,4,4854.299999999999,82,-0.20544963670380853,0.024985515989468274,1.3082826573696018,1.3082826573696018,72.28973095203077,0,False,4048.2573825022423,5.684341886080801e-13,-0.0011382532649857821,True,True,True
omega_sg38,sg,34+35+36+37,4,4161.3,82,-0.21222348596068005,0.028711026269541418,1.3536078626823993,0.7304791260871145,235.69257957759478,0,False,1757.0935680641066,6.661338147750939e-13,0.002587257015087361,True,True,True
pss_w_sg32,sg,34+35+36+38,4,4875.2,82,-0.23738824310021095,0.03407442116468336,1.3970199794619578,2.469709222646563e-33,19.500924348632388,0,False,3851.334858695978,1.0516032489249483e-12,0.007950651910229301,True,True,True
omega_sg30,sg,34+35+37+38,4,4820.2,82,-0.1915237848819354,0.022998290996305716,1.3250504023433698,1.3250504023433698,64.72306520401085,0,False,2152.9666410606965,6.536993168992922e-13,-0.0031254782581483405,True,True,True
omega_sg30,sg,34+36+37+38,4,4759.7,82,-0.23268039860648512,0.028048967470181204,1.3197514424220393,1.3197514424220393,71.89625884727695,0,False,1941.8341661625284,5.421219029244639e-13,0.0019251982157271474,True,True,True
delta_sg30,sg,35+36+37+38,4,4765.2,82,-0.2038004486209495,0.02543517135152821,1.2748235309251712,1.2748235309251712,79.34591395222412,0,False,5027.412649683632,7.527312106958561e-13,-0.0006885979029258478,True,True,True
omega_sg35,sg,30+31+32+33+34,5,4974.7,85,-0.23270728792669765,0.03654956868167449,1.0126458459589527,1.0126458459589527,84.9474294019044,0,False,7163.922869960225,3.410605131648481e-13,0.010425799427220436,True,True,True
efd_sg38,sg,30+31+32+33+35,5,4980.2,85,0.1597807169602499,-0.04334992370143618,0.5860675955596546,0.5860675955596546,367.10366802408237,2,True,14545.156443290423,7.984723993104126e-13,-0.06947369295589023,False,False,False
efd_sg38,sg,30+31+32+33+36,5,4919.7,85,-0.08953191282805405,0.026432136600980722,0.5389071679131356,0.5389071679131356,319.9374510248572,0,False,7990.920676934683,6.203926261605375e-13,0.00030836734652666536,True,True,True
efd_sg38,sg,30+31+32+33+37,5,4864.7,85,-0.03445582792194709,0.009479288699713664,0.5784789471988819,0.5784789471988819,531.8519244508966,0,False,6687.046486627868,6.281641873329136e-13,-0.016644480554740392,False,True,True
theta_pll_gfl38,gfl,30+31+32+33+38,5,5578.599999999999,85,303.91427111308076,-0.05690523719365146,0.5307494221146615,1.3717459063853078e-30,157.0716465954388,3,True,16885.563848656093,7.958078640513122e-13,-0.08302900644810551,False,False,False
delta_sg38,sg,30+31+32+34+35,5,4885.6,85,-0.22462391740334856,0.040073429671835505,1.4031513772431563,0.7334906239590581,241.9789192728442,0,False,2945.4347129773023,7.962519532611623e-13,0.013949660417381448,True,True,True
delta_sg38,sg,30+31+32+34+36,5,4825.1,85,-0.21389586989664672,0.046514199742228986,0.7310829483788419,0.7310829483788419,225.692501042799,0,False,2561.6636932436168,3.9168668308775523e-13,0.02039043048777493,True,True,True
omega_sg38,sg,30+31+32+34+37,5,4770.1,85,-0.16950890127161067,0.027348941269139036,0.9860743061772195,0.9860743061772195,71.04158676657168,0,False,2605.403636045961,3.7680969455777813e-13,0.001225172014684979,True,True,True
pss_w_sg39,sg,30+31+32+34+38,5,5484.0,85,-0.23700194410387923,0.05403596356732729,1.3700016430854083,3.681861766851312e-16,33.83796515192504,0,False,6501.409404376355,6.24389429049188e-13,0.027912194312873232,True,True,True
delta_sg34,sg,30+31+32+35+36,5,4830.6,85,-0.19183388552525982,0.03342534601221742,0.912907550610592,0.912907550610592,61.4976107358317,0,False,12627.405258082894,1.1084466677857563e-12,0.0073015767577633665,True,True,True
omega_sg38,sg,30+31+32+35+37,5,4775.6,85,-0.1665150750400691,0.028962951253585608,0.9146367447103572,0.9146367447103572,57.79560688149882,0,False,4472.806872551413,7.958078640513122e-13,0.0028391819991315514,True,True,True
eq1_sg36,sg,30+31+32+35+38,5,5489.5,85,-0.03411880404868801,0.011202981709531355,0.484677712130505,0.484677712130505,178.2009604732377,0,False,135408.00277248258,8.526512829121202e-13,-0.014920787544922702,False,True,True
omega_sg38,sg,30+31+32+36+37,5,4715.1,85,-0.16395030188692675,0.02851337013840743,0.9147600411657262,0.9147600411657262,56.51811733659198,0,False,3692.3429965587834,4.563016631209393e-13,0.0023896008839533744,True,True,True
eq1_sg34,sg,30+31+32+36+38,5,5429.0,85,-0.13825585831200252,0.05440888219515366,0.40382210717783307,0.40382210717783307,130.0983781429219,0,False,19493.53854402268,6.419309528382655e-13,0.028285112940699606,True,True,True
theta_pll_gfl38,gfl,30+31+32+37+38,5,5374.0,85,342.3958534971594,0.03506408610317903,0.4723466628239681,4.058520296659175e-17,165.6798643101655,1,True,18243.094323448506,4.547473508864641e-13,0.008940316848724972,False,True,True
pss_w_sg37,sg,30+31+33+34+35,5,5216.7,85,-0.23742849932995755,0.03751890340799844,1.280773064524027,1.0198641439227863e-17,25.9206535263618,0,False,10754.248942321892,6.252776074688882e-13,0.011395134153544383,True,True,True
pss_w_sg37,sg,30+31+33+34+36,5,5156.2,85,-0.23735405551231176,0.05298053937479231,1.2324173480123126,5.2127520728567774e-21,13.475658156544261,0,False,6354.217213213287,8.837375276016246e-13,0.026856770120338252,True,True,True
delta_sg38,sg,30+31+33+34+37,5,5101.2,85,-0.2067123124422036,0.03299465982041421,0.9965665280819491,0.9965665280819491,78.01338567273852,0,False,4455.657935301342,4.947153797729698e-13,0.006870890565960155,True,False,True
theta_pll_gfl38,gfl,30+31+33+34+38,5,5815.099999999999,85,1275.9642608025883,0.04063045070890776,1.2094405745375982,5.5492261627778056e-18,128.33556729347762,1,True,66869.00783475392,8.810729923425242e-13,0.0145066814544537,False,True,True
theta_pll_gfl35,gfl,30+31+33+35+36,5,5161.7,85,229.3537645471666,-0.12174265300283894,0.5616335053103133,7.486980783694432e-19,152.42833969127162,3,True,12777.665585173616,9.094947017729282e-13,-0.147866422257293,False,False,False
efd_sg38,sg,30+31+33+35+37,5,5106.7,85,0.2464258198508333,-0.06689986460499561,0.5849342601718306,0.5849342601718306,380.51685463757406,2,True,6594.446754309106,1.0800249583553523e-12,-0.09302363385944967,False,False,False
theta_pll_gfl38,gfl,30+31+33+35+38,5,5820.599999999999,85,203.56883327654106,-0.15872241836308837,0.5538980475613402,1.4519521572188494e-18,176.8018227228548,3,True,11631.155401713764,1.0516032489249483e-12,-0.18484618761754243,False,False,False
efd_sg38,sg,30+31+33+36+37,5,5046.2,85,0.007304794079264142,-0.0021274324102219903,0.5464763296178282,0.5464763296178282,380.27305403122347,2,True,4732.057147246568,5.950795411990839e-13,-0.028251201664676047,False,True,True
theta_pll_gfl38,gfl,30+31+33+36+38,5,5760.099999999999,85,524.2595970203778,-0.11886988515287684,0.48423395031137056,4.676018372857518e-22,153.34249398361018,3,True,31177.933591626508,7.542855229303314e-13,-0.1449936544073309,False,False,False
theta_pll_gfl38,gfl,30+31+33+37+38,5,5705.099999999999,85,182.11451687880398,-0.1198043704425358,0.5383957195973724,2.2221562048492382e-17,196.9996679451125,3,True,10423.300526621544,5.684341886080801e-13,-0.14592813969698987,False,False,False
pss_w_sg37,sg,30+31+34+35+36,5,5067.1,85,-0.23740759019210722,0.04472040365204634,1.281554102344782,1.6830781368610342e-17,24.040209322167687,0,False,4100.199678987348,8.242295734817162e-13,0.018596634397592283,True,True,True
pss_w_sg33,sg,30+31+34+35+37,5,5012.1,85,-0.23761639624368727,0.034335674886497296,1.24827932867502,1.850768986900155e-18,6.624312523577242,0,False,2256.12276962726,8.526512829121202e-13,0.00821190563204324,True,True,True
pss_w_sg37,sg,30+31+34+35+38,5,5726.0,85,-0.23750669550961903,0.03581755976782342,1.2450223281891346,7.371437439668453e-18,48.56807053331535,0,False,5903.202829458612,8.624212455288216e-13,0.009693790513369365,True,True,True
omega_sg38,sg,30+31+34+36+37,5,4951.6,85,-0.23142492114196722,0.03983181995236767,1.018406602880359,0.7244564943369575,241.37700769552683,0,False,2009.2579760769704,6.643574579356937e-13,0.013708050697913612,True,True,True
pss_w_sg37,sg,30+31+34+36+38,5,5665.5,85,-0.2373958545234511,0.044666040730001015,1.2269874328616823,1.0132571775306983e-18,18.537823392254207,0,False,4586.591428657229,4.547473508864641e-13,0.01854227147554696,True,True,True
pss_w_sg35,sg,30+31+34+37+38,5,5610.5,85,-0.23745051476121623,0.04036994011096294,1.2088422281306477,1.4093497891116064e-25,24.892005389460977,0,False,8702.37475687539,4.547473508864641e-13,0.014246170856508884,True,True,True
efd_sg38,sg,30+31+35+36+37,5,4957.1,85,-0.1551774103756399,0.030833251532338655,0.9148407406744714,0.5085876543609593,246.48682536997438,0,False,6211.239508212976,7.673861546209082e-13,0.004709482277884598,True,True,True
theta_pll_gfl38,gfl,30+31+35+36+38,5,5671.0,85,256.6224513218504,-0.08550489055263549,0.42854945437016956,1.9654776683797882e-16,164.27144736801114,3,True,13661.92415991383,8.526512829121202e-13,-0.11162865980708955,False,False,False
theta_pll_gfl38,gfl,30+31+35+37+38,5,5616.0,85,586.8552913288406,-0.04222018518762398,0.49747792818466036,8.701143110503355e-18,160.1197994573729,3,True,33192.438607143624,6.536993168992922e-13,-0.06834395444207804,False,False,False
eq1_sg34,sg,30+31+36+37+38,5,5555.5,85,0.008856261967564684,-0.0033622151650593212,0.41922061298726687,0.41922061298726687,194.1015931425669,2,True,73848.93314255365,5.476175068963585e-13,-0.02948598441951338,False,True,True
pss_w_sg37,sg,30+32+33+34+35,5,5224.400000000001,85,-0.23745194553987153,0.03241907981962112,1.3240545114780433,4.933581072052747e-18,10.958550631016099,0,False,41517.55313535612,9.379164112033322e-13,0.006295310565167061,True,False,False
pss_w_sg37,sg,30+32+33+34+36,5,5163.900000000001,85,-0.23742990407291922,0.04478377163729368,1.2975001075072532,2.2084128956677018e-18,10.14719222755723,0,False,11406.647101549115,8.539835505416704e-13,0.018660002382839627,True,True,True
omega_sg38,sg,30+32+33+34+37,5,5108.900000000001,85,-0.22523428087176994,0.035655761001893854,1.0047283822796897,1.0047283822796897,82.67300900066878,0,False,6516.554095691351,2.58043586498502e-13,0.009531991747439798,True,True,True
theta_pll_gfl38,gfl,30+32+33+34+38,5,5822.8,85,280.79963528070164,0.04561918179417811,1.2870508110967434,4.6532838179718944e-17,167.45051314977408,1,True,13732.855472968402,7.673861546209082e-13,0.01949541253972405,False,False,False
theta_pll_gfl35,gfl,30+32+33+35+36,5,5169.400000000001,85,119.84189292100784,-0.17466319391521906,0.5770363150026451,2.7091502545349697e-17,159.54067882330938,3,True,6946.846913455812,7.389644451905042e-13,-0.20078696316967312,False,False,False
efd_sg38,sg,30+32+33+35+37,5,5114.400000000001,85,0.37682217861465744,-0.10023262289821185,0.5953260314099005,0.5953260314099005,351.7529689169695,2,True,12538.971950352821,9.037215420448774e-13,-0.1263563921526659,False,False,False
theta_pll_gfl38,gfl,30+32+33+35+38,5,5828.3,85,115.16466772352508,-0.2134480265437462,0.569630869046616,1.9606853405649222e-17,181.75069125641457,3,True,6913.145612329394,6.266098750984384e-13,-0.23957179579820026,False,False,False
efd_sg38,sg,30+32+33+36+37,5,5053.900000000001,85,0.16113096989495843,-0.04585155187341012,0.5587121430232393,0.5587121430232393,356.0806341297534,2,True,7208.877658530793,4.745093207247919e-13,-0.07197532112786417,False,True,True
theta_pll_gfl38,gfl,30+32+33+36+38,5,5767.8,85,185.01842025553464,-0.1849415531947682,0.5001590365589089,2.524682368111568e-17,174.01337793734518,3,True,10989.723516395075,5.968558980384842e-13,-0.21106532244922227,False,False,False
theta_pll_gfl38,gfl,30+32+33+37+38,5,5712.8,85,109.43173058050805,-0.1743925355522539,0.5544804787103329,2.237246485293649e-19,202.07045465666414,3,True,6647.528264900295,4.829470157119431e-13,-0.20051630480670796,False,False,False
pss_w_sg37,sg,30+32+34+35+36,5,5074.8,85,-0.2374457279276526,0.0353969851006223,1.3282178904890338,6.902245402481591e-19,10.599713636357592,0,False,5839.918378642318,6.639133687258436e-13,0.009273215846168244,True,True,True
pss_w_sg33,sg,30+32+34+35+37,5,5019.8,85,-0.23763477233102756,0.03236746040879953,1.3128922178597369,1.4606808025944085e-20,5.928361157373329,0,False,2740.019066591955,8.149037000748649e-13,0.006243691154345473,True,True,True
pss_w_sg37,sg,30+32+34+35+38,5,5733.7,85,-0.23749366552027962,0.03251979358377766,1.31257753205923,7.456192755518958e-17,11.048259877091958,0,False,9286.003831085407,1.0231815394945443e-12,0.006396024329323607,True,True,True
pss_w_sg33,sg,30+32+34+36+37,5,4959.3,85,-0.23759127883979653,0.0412468172968669,1.301261054448799,6.555439753445654e-21,6.583047427758435,0,False,2388.0863327815027,2.8421709430404007e-13,0.01512304804241284,True,True,True
pss_w_sg37,sg,30+32+34+36+38,5,5673.2,85,-0.23747089800871946,0.0445485069318168,1.3023421082692166,0.0,11.136006712587289,0,False,6403.8799423934715,5.773159728050814e-13,0.018424737677362742,True,True,True
pss_w_sg35,sg,30+32+34+37+38,5,5618.2,85,-0.2374678031060188,0.040727969615571874,1.2884001355291248,5.508233170574927e-20,10.401678011471487,0,False,16964.018305937436,9.752199048307375e-13,0.014604200361117817,True,True,True
efd_sg38,sg,30+32+35+36+37,5,4964.8,85,-0.032478350400512994,0.009862927224114318,0.5240673958653929,0.5240673958653929,272.16666904230897,0,False,11054.868389339223,6.834532939592464e-13,-0.01626084203033974,False,True,True
theta_pll_gfl38,gfl,30+32+35+36+38,5,5678.7,85,138.39516725440072,-0.14891000334050114,0.4437665624249579,2.0815636551209636e-16,170.55266117760368,3,True,7637.9240661513595,6.821210263296962e-13,-0.1750337725949552,False,False,False
theta_pll_gfl38,gfl,30+32+35+37+38,5,5623.7,85,209.36057862137886,-0.08958652357057793,0.514406353029962,7.305162764350333e-17,183.8227961937464,3,True,11711.706182930278,9.947598300641403e-13,-0.115710292825032,False,False,False
theta_pll_gfl38,gfl,30+32+36+37+38,5,5563.2,85,421.0478108743481,-0.0497511490505348,0.4358536654402489,9.379591718417998e-18,166.19111065747663,3,True,23979.13956838047,3.410605131648481e-13,-0.07587491830498885,False,True,True
theta_pll_gfl33,gfl,30+33+34+35+36,5,5405.9,85,94.98809139701203,0.03469123357248873,1.395928254478898,5.244260156132665e-18,172.38059743677454,1,True,4427.456009753436,6.403766406037903e-13,0.008567464318034675,False,False,False
pss_w_sg32,sg,30+33+34+35+37,5,5350.9,85,-0.2373896310634285,0.033965206531925925,1.3955403401116235,2.7274616283551437e-18,9.472394689615772,0,False,21895.966042712775,9.094947017729282e-13,0.007841437277471868,True,False,False
theta_pll_gfl38,gfl,30+33+34+35+38,5,6064.799999999999,85,108.74451546771157,-0.00835529088525788,0.4883561336946468,3.067636876685535e-20,189.86232278317584,3,True,5396.576648415007,6.443734434924409e-13,-0.034479060139711935,False,False,False
pss_w_sg32,sg,30+33+34+36+37,5,5290.4,85,-0.2373891147903553,0.03405532869983476,1.39556646820401,2.791524253172089e-24,9.307215827419782,0,False,9017.705208085456,4.0101255649460654e-13,0.007931559445380706,True,True,True
theta_pll_gfl38,gfl,30+33+34+36+38,5,6004.299999999999,85,159.8643009143821,0.03439719840284778,1.3962002868549874,1.2443312985103379e-17,185.81026098123635,1,True,7897.081163155427,3.410605131648481e-13,0.008273429148393723,False,False,False
theta_pll_gfl38,gfl,30+33+34+37+38,5,5949.299999999999,85,127.49028193405206,0.03404825791868516,1.3953489064537146,1.2379832465316892e-17,203.65015441000787,1,True,6492.0405297154075,6.252776074688882e-13,0.007924488664231105,False,False,False
theta_pll_gfl35,gfl,30+33+35+36+37,5,5295.9,85,132.88659346124064,-0.19531677556104177,0.5776069126974418,1.2940168960494972e-17,178.7371094237037,3,True,7885.270261650609,7.669420654110581e-13,-0.22144054481549583,False,False,False
theta_pll_gfl38,gfl,30+33+35+36+38,5,6009.799999999999,85,38.503282277918146,-0.49059555627096796,0.5161748176999519,5.654319433712919e-16,261.56437224570436,3,True,2950.288337378603,7.105427357601002e-13,-0.516719325525422,False,False,False
theta_pll_gfl38,gfl,30+33+35+37+38,5,5954.799999999999,85,65.54246268694398,-0.2813328269661493,0.5766816264079831,1.3165763486272598e-17,229.82597411308814,3,True,4434.855560322587,1.0231815394945443e-12,-0.30745659622060334,False,False,False
theta_pll_gfl38,gfl,30+33+36+37+38,5,5894.299999999999,85,88.8125531559504,-0.2746844187429432,0.5091468641541271,2.3500643581681754e-21,219.06770528088617,3,True,5774.276354175047,4.263256414560601e-13,-0.3008081879973972,False,False,False
pss_w_sg32,sg,30+34+35+36+37,5,5201.3,85,-0.2373894602922394,0.03400565111786272,1.3961503732827578,2.9658304404728133e-19,9.39250631726096,0,False,5060.566376184803,7.740474927686591e-13,0.00788188186340866,True,True,True
theta_pll_gfl38,gfl,30+34+35+36+38,5,5915.2,85,377.7854963891857,0.034154407765077985,1.3964480583196084,1.861880697319409e-17,158.2232970330414,1,True,18723.0644077177,7.389644451905042e-13,0.008030638510623928,False,False,False
eq1_sg36,sg,30+34+35+37+38,5,5860.2,85,-0.19744446313866523,0.033017064809384246,1.2184414424999943,0.44391502798168914,127.74299435352034,0,False,56849.742123817974,7.895906151134113e-13,0.006893295554930189,True,False,False
pss_w_sg32,sg,30+34+36+37+38,5,5799.7,85,-0.237386559388425,0.03414261654010665,1.396114233253176,7.730514850779382e-18,9.355592990979336,0,False,15463.546271597552,6.252776074688882e-13,0.008018847285652591,True,True,True
theta_pll_gfl38,gfl,30+35+36+37+38,5,5805.2,85,77.85410600512647,-0.2474083029581463,0.4557110894209557,2.0518002934720664e-17,211.08693229685605,3,True,4744.894460540805,6.488143355909415e-13,-0.27353207221260034,False,False,False
omega_sg38,sg,31+32+33+34+35,5,5020.400000000001,85,-0.23197006897123307,0.049844146133744084,1.1189467320581694,0.739214539587775,246.66138833720169,0,False,15690.317253771424,9.094947017729282e-13,0.023720376879290028,True,True,True
omega_sg38,sg,31+32+33+34+36,5,4959.900000000001,85,-0.2211185232357647,0.047646759626869366,0.7377655219180022,0.7377655219180022,226.9864715261543,0,False,8033.442208529092,4.0101255649460654e-13,0.02152299037241531,True,True,True
delta_sg30,sg,31+32+33+34+37,5,4904.900000000001,85,-0.1653490205538501,0.01997784114863575,1.3170022561568022,1.3170022561568022,64.86212792841548,0,False,3755.5903643218185,5.182521078950231e-13,-0.006145928105818307,False,False,True
pss_w_sg37,sg,31+32+33+34+38,5,5618.8,85,-0.2371486268835439,0.0473930903297122,1.201934019606803,9.801188471523858e-18,32.410551278966324,0,False,27870.27712402971,9.663381206337363e-13,0.021269321075258144,True,True,True
theta_pll_gfl35,gfl,31+32+33+35+36,5,4965.400000000001,85,206.41761571105437,0.013457100617687947,0.5651681299353601,5.427216992988784e-22,135.91063911648297,1,True,10188.129368993967,9.734435479913373e-13,-0.01266666863676611,False,True,True
omega_sg30,sg,31+32+33+35+37,5,4910.400000000001,85,-0.19942018646519283,0.0238753210907802,1.3289731683578192,1.3289731683578192,67.29170965547502,0,False,5054.902977601732,7.185363415374013e-13,-0.002248448163673856,True,True,True
theta_pll_gfl38,gfl,31+32+33+35+38,5,5624.3,85,569.6674492546025,0.013740549211000397,0.5509039507326831,1.790094492198348e-17,129.45284733047,1,True,30333.72701177376,8.526512829121202e-13,-0.01238322004345366,False,True,True
delta_sg30,sg,31+32+33+36+37,5,4849.900000000001,85,-0.21166413653856386,0.025520690798406694,1.3195732705478949,1.3195732705478949,65.12201008484338,0,False,3924.3120995334034,3.994582442601313e-13,-0.000603078456047363,True,True,True
pss_w_sg37,sg,31+32+33+36+38,5,5563.8,85,-0.23724415104759738,0.058829160518559916,1.0479169030750746,4.184486275254464e-19,11.936304007617236,0,False,49767.97820674119,4.547473508864641e-13,0.03270539126410586,True,True,True
delta_sg30,sg,31+32+33+37+38,5,5508.8,85,-0.15402892248745742,0.019015335655376938,1.2889613115344498,1.2889613115344498,82.42536479040571,0,False,16071.643296734253,7.958078640513122e-13,-0.007108433599077119,False,False,True
omega_sg38,sg,31+32+34+35+36,5,4870.8,85,-0.20538588995544715,0.043980207382273685,0.7425283456456,0.7425283456456,218.3309038550512,0,False,4880.617741116097,1.0231815394945443e-12,0.01785643812781963,True,True,True
delta_sg30,sg,31+32+34+35+37,5,4815.8,85,-0.18651321828364673,0.02222954797805501,1.335032337374506,1.335032337374506,58.86865115092235,0,False,2102.4616485296046,9.947598300641403e-13,-0.003894221276399046,True,True,True
pss_w_sg39,sg,31+32+34+35+38,5,5529.7,85,-0.2366069157121422,0.04002109777761629,1.4042313565048896,4.15901662447697e-17,7.851979026034432,0,False,4567.294220129781,7.300826609935029e-13,0.013897328523162233,True,True,True
delta_sg38,sg,31+32+34+36+37,5,4755.3,85,-0.18972643408393364,0.029548847314454178,1.3307865622339061,0.7265648800401554,229.61702936509477,0,False,1897.892580983165,5.555556015224283e-13,0.003425078060000121,True,True,True
pss_w_sg37,sg,31+32+34+36+38,5,5469.2,85,-0.23723906248636706,0.05684810828028412,1.378488687126857,1.9868498149758023e-17,12.637950086114866,0,False,3750.6702917734515,7.389644451905042e-13,0.03072433902583006,True,True,True
delta_sg30,sg,31+32+34+37+38,5,5414.2,85,-0.20850126058759372,0.025665108310323904,1.292535957622249,1.292535957622249,78.37457783962311,0,False,3590.2476429843377,5.38902256153051e-13,-0.00045866094413015215,True,True,True
delta_sg34,sg,31+32+35+36+37,5,4760.8,85,-0.18846600460954613,0.0318990065058273,1.2591657135814291,0.9136916035744216,60.77539982861802,0,False,4857.895096833251,7.411848912397545e-13,0.005775237251373241,True,True,True
theta_pll_gfl38,gfl,31+32+35+36+38,5,5474.7,85,908.2295405793789,0.05302917782160163,1.0897214890028597,8.036813575704233e-18,113.50272905990211,1,True,46948.32157220984,1.0800249583553523e-12,0.026905408567147574,False,True,True
omega_sg30,sg,31+32+35+37+38,5,5419.7,85,-0.20175533233727594,0.024259440847777446,1.3232336411138081,1.3232336411138081,66.38680227813013,0,False,7668.675783975098,1.0800249583553523e-12,-0.001864328406676611,True,True,True
pss_w_sg33,sg,31+32+36+37+38,5,5359.2,85,-0.23740566363045762,0.03196624687878457,1.3070482723909143,6.331411266691177e-18,9.523354272264248,0,False,5730.102265561106,4.982680934517703e-13,0.005842477624330513,True,True,True
theta_pll_gfl33,gfl,31+33+34+35+36,5,5201.9,85,176.10418000762692,0.04860238276578567,1.2343832756700115,6.471783725150024e-18,153.1849067541755,1,True,7179.603382393527,9.379164112033322e-13,0.022478613511331614,False,True,True
delta_sg30,sg,31+33+34+35+37,5,5146.9,85,-0.18044011189177428,0.02157080499301335,1.3310237494218486,1.3310237494218486,62.0419402016796,0,False,4684.158640507139,5.322409180053e-13,-0.0045529642614407055,True,False,True
theta_pll_gfl38,gfl,31+33+34+35+38,5,5860.799999999999,85,628.9341015186401,0.04121126397981681,1.288397919327827,9.56264309574864e-18,138.5115036063027,1,True,28723.453522489275,3.4919289682022736e-13,0.015087494725362752,False,True,True
delta_sg30,sg,31+33+34+36+37,5,5086.4,85,-0.18203256775781776,0.021800139998586068,1.3286381590981182,1.3286381590981182,56.27580408460299,0,False,3587.6691839616947,7.065459328714496e-13,-0.004323629255867989,True,False,True
pss_w_sg37,sg,31+33+34+36+38,5,5800.299999999999,85,-0.23735668518304523,0.04628022464987899,1.2271846087656115,1.4650085481330414e-16,13.259472436249531,0,False,40649.48361073137,3.439470930288735e-13,0.020156455395424936,True,True,True
omega_sg30,sg,31+33+34+37+38,5,5745.299999999999,85,-0.145829225815208,0.017790759964435705,1.304371981183691,1.304371981183691,70.91291933626574,0,False,10060.123771300694,5.961897642237091e-13,-0.008333009290018352,False,False,True
efd_sg38,sg,31+33+35+36+37,5,5091.9,85,-0.06906462218024648,0.017137447091662247,1.3033100063400982,0.5596014419829641,411.649907521629,0,False,26091.338872424905,1.0516032489249483e-12,-0.00898632216279181,False,False,True
theta_pll_gfl38,gfl,31+33+35+36+38,5,5805.799999999999,85,98.9892692125234,-0.10829583160373586,0.5177274330712236,1.1608677481650112e-17,170.4374696285291,3,True,5201.312932200229,6.208367153703875e-13,-0.1344196008581899,False,False,False
eq1_sg36,sg,31+33+35+37+38,5,5750.799999999999,85,-0.002043262842518139,0.0005917028209643037,0.5495923172469247,0.5495923172469247,344.68233242543744,0,False,32965.25701447158,9.947598300641403e-13,-0.025532066433489754,False,False,True
delta_sg30,sg,31+33+36+37+38,5,5690.299999999999,85,-0.18749981962105733,0.022884155294529415,1.3036840530836757,1.3036840530836757,75.98942016703097,0,False,11803.79421982816,5.278000259067994e-13,-0.003239613959924642,True,False,True
omega_sg38,sg,31+34+35+36+37,5,4997.3,85,-0.22218679843635875,0.02868107149126128,1.3528192801196908,0.740819567289013,237.17642036251254,0,False,2705.9491724928516,8.43769498715119e-13,0.002557302236807224,True,True,True
pss_w_sg37,sg,31+34+35+36+38,5,5711.2,85,-0.23738844154520927,0.0450747349642397,1.2282314871511406,4.8791591795139774e-17,19.478789811827873,0,False,9838.2034522853,7.438494264988549e-13,0.018950965709785644,True,True,True
omega_sg30,sg,31+34+35+37+38,5,5656.2,85,-0.18229403259241006,0.021932811022251426,1.3224942844556684,1.3224942844556684,66.44749659129629,0,False,3446.2291052183423,9.583445148564351e-13,-0.00419095823220263,True,True,True
omega_sg30,sg,31+34+36+37+38,5,5595.7,85,-0.22312386909062634,0.02694601357708713,1.3173886407688282,1.3173886407688282,72.50818807603488,0,False,2949.4434348792915,4.984901380566953e-13,0.0008222443226330728,True,True,True
delta_sg30,sg,31+35+36+37+38,5,5601.2,85,-0.18094559457326245,0.022614214989397502,1.2731382049926816,1.2731382049926816,71.68525433566111,0,False,24269.128210136612,8.415490526658687e-13,-0.0035095542650565546,True,True,True
theta_pll_gfl33,gfl,32+33+34+35+36,5,5209.6,85,118.62914999476534,0.04974017420949806,1.2980752570829255,4.30048495679349e-21,154.30453015584177,1,True,4999.557328130651,9.379164112033322e-13,0.023616404955044006,False,True,True
omega_sg30,sg,32+33+34+35+37,5,5154.6,85,-0.18463771518042577,0.02193181004207724,1.339558237484888,1.339558237484888,55.26037071612275,0,False,6995.3514512534075,7.958078640513122e-13,-0.004191959212376816,True,True,True
theta_pll_gfl38,gfl,32+33+34+35+38,5,5868.5,85,241.1669231266426,0.03225010175256692,1.3247614960905987,7.385642797435308e-18,159.24886575703226,1,True,10706.429198831622,7.673861546209082e-13,0.006126332498112865,False,True,True
delta_sg30,sg,32+33+34+36+37,5,5094.1,85,-0.18393591603538212,0.021804512873372643,1.3422611433635863,1.3422611433635863,48.842838806683694,0,False,4823.061539750531,3.9812597663058114e-13,-0.0043192563810814134,True,True,True
theta_pll_gfl38,gfl,32+33+34+36+38,5,5808.0,85,619.0092948811202,0.041502962213102484,1.3075599070140815,2.5269317830172866e-18,135.6124497665306,1,True,29083.482440431868,7.958078640513122e-13,0.015379192958648428,False,True,True
omega_sg30,sg,32+33+34+37+38,5,5753.0,85,-0.1889859494451771,0.022636157900497708,1.3284207171340237,1.3284207171340237,55.951368390866904,0,False,24502.607104456292,4.547473508864641e-13,-0.0034876113539563484,True,False,True
theta_pll_gfl35,gfl,32+33+35+36+37,5,5099.6,85,644.0511462468123,-0.028514754631057442,0.5741702804286608,3.2272933136764345e-17,120.33292532560024,3,True,34658.39054643059,9.947598300641403e-13,-0.0546385238855115,False,False,True
theta_pll_gfl38,gfl,32+33+35+36+38,5,5813.5,85,70.88942406610974,-0.18279780772436888,0.5383868357236321,1.7056331391629398e-17,176.00118491561844,3,True,4018.1620513978078,7.966960424710123e-13,-0.20892157697882294,False,False,False
theta_pll_gfl38,gfl,32+33+35+37+38,5,5758.5,85,612.0335426335083,-0.04348414934192538,0.5676134516157517,1.035229613591646e-30,138.77010450418027,3,True,34246.398901264896,6.892264536872972e-13,-0.06960791859637944,False,True,True
efd_sg34,sg,32+33+36+37+38,5,5698.0,85,-0.10348005043449363,0.021901281952833817,1.3227962757478822,0.4910768123333446,276.39536687938,0,False,40093.131386196364,5.779821066198565e-13,-0.00422248730162024,True,True,True
delta_sg30,sg,32+34+35+36+37,5,5005.0,85,-0.22690602697493364,0.026700435707098544,1.3520506225431934,1.3520506225431934,69.14311879896853,0,False,3390.6382308604107,8.077982727172639e-13,0.0005766664526444878,True,True,True
pss_w_sg37,sg,32+34+35+36+38,5,5718.9,85,-0.23741316592762463,0.03637247015293224,1.3285714416949486,7.316094390184931e-30,12.281076352540541,0,False,24504.838908959675,8.810729923425242e-13,0.010248700898478184,True,True,True
omega_sg30,sg,32+34+35+37+38,5,5663.9,85,-0.19184741729001775,0.022921690164483265,1.331727386059702,1.3317273860597014,58.60519014877883,0,False,4394.12101001566,8.242295734817162e-13,-0.0032020790899707913,True,True,True
omega_sg30,sg,32+34+36+37+38,5,5603.4,85,-0.19892313158022487,0.023710026383335046,1.3349078132003986,1.3349078132003986,52.70768506607133,0,False,3619.161259874972,9.763301278553627e-13,-0.0024137428711190102,True,True,True
theta_pll_gfl38,gfl,32+35+36+37+38,5,5608.9,85,1064.9867064802775,0.024464166807312202,1.321352269641071,1.2279036733929761e-17,118.14376690356723,1,True,57760.80892737066,5.893063814710331e-13,-0.0016596024471418544,False,True,True
theta_pll_gfl33,gfl,33+34+35+36+37,5,5336.1,85,196.11128201723065,0.017079536435726187,1.3050188580449666,2.4577133253937773e-17,157.87646341149946,1,True,8135.726551456336,1.1652900866465643e-12,-0.00904423281872787,False,False,True
theta_pll_gfl33,gfl,33+34+35+36+38,5,6050.0,85,62.638726454288,0.034166076910255326,1.3971190592576561,8.278811969939012e-17,184.21571464563593,1,True,2967.8318203308063,8.526512829121202e-13,0.00804230765580127,False,False,False
theta_pll_gfl38,gfl,33+34+35+37+38,5,5995.0,85,278.03109972022975,0.02067846803539537,1.311085514816235,4.332333307016391e-18,170.4691127467546,1,True,12584.572890434096,9.947598300641403e-13,-0.0054453012190586875,False,False,True
theta_pll_gfl38,gfl,33+34+36+37+38,5,5934.5,85,1005.8706390021132,0.02116411900852595,1.3070823167397967,7.897426595297474e-18,131.90438032627895,1,True,49420.0539767644,8.455458555545192e-13,-0.004959650245928107,False,False,True
theta_pll_gfl38,gfl,33+35+36+37+38,5,5940.0,85,73.3565349404672,-0.19212417793339504,0.5377675141858224,7.846944529866949e-33,191.29847031814523,3,True,4248.86767498374,7.345235530920036e-13,-0.2182479471878491,False,False,False
delta_sg32,sg,34+35+36+37+38,5,5845.4,85,-0.2274107327074341,0.029095094306271274,1.2434474086226683,1.2434474086226683,83.82567269182869,0,False,18087.721580924856,5.684341886080801e-13,0.0029713250518172175,True,True,True
theta_pll_gfl33,gfl,30+31+32+33+34+35,6,6060.400000000001,88,103.07253169996486,0.08061526006970497,0.5478030018159583,4.615037709880686e-20,167.15942070166005,1,True,5180.769514898848,1.1084466677857563e-12,0.05449149081525091,False,False,False
theta_pll_gfl33,gfl,30+31+32+33+34+36,6,5999.900000000001,88,147.2889816744423,0.0744810897124841,0.7559388332413172,1.3030558649359228e-31,162.4258940998834,1,True,7467.31512453353,4.085620730620576e-13,0.04835732045803004,False,True,True
theta_pll_gfl33,gfl,30+31+32+33+34+37,6,5944.900000000001,88,233.45515853205586,0.039849442152577026,1.01194379606676,9.971745912070883e-20,163.1420491212317,1,True,11928.555584783466,6.357137039003646e-13,0.01372567289812297,False,False,True
theta_pll_gfl38,gfl,30+31+32+33+34+38,6,6658.8,88,68.31062752789485,0.07361811819950868,0.4610015876648467,4.417437060825244e-18,194.0839125354747,1,True,3744.1037224886527,5.897504706808832e-13,0.047494348945054624,False,False,False
theta_pll_gfl35,gfl,30+31+32+33+35+36,6,6005.400000000001,88,39.48720573647006,-0.242943172145988,0.6114673299079935,1.7731868438975205e-16,221.9758823022992,3,True,2880.426176244235,9.388045896230324e-13,-0.2690669414004421,False,False,False
theta_pll_gfl32,gfl,30+31+32+33+35+37,6,5950.400000000001,88,100.77768629972896,-0.13430649864851377,0.6151232558654757,2.106655065202432e-21,180.3996404523018,3,True,6362.466618056682,9.134915046615788e-13,-0.16043026790296783,False,False,False
theta_pll_gfl38,gfl,30+31+32+33+35+38,6,6664.3,88,38.41744569089774,-0.29206044210527876,0.6004001315435062,7.067899292140706e-16,245.0510131611289,3,True,2951.724798034331,9.947598300641403e-13,-0.3181842113597328,False,False,False
theta_pll_gfl32,gfl,30+31+32+33+36+37,6,5889.900000000001,88,154.6275350238762,-0.09027149218452139,0.5756705084193462,4.203339655253711e-31,171.25594882208057,3,True,9744.945907680889,5.03375119365046e-13,-0.11639526143897545,False,False,False
theta_pll_gfl38,gfl,30+31+32+33+36+38,6,6603.8,88,46.81531664731931,-0.28778966549687196,0.5185387707054568,2.827159739008818e-16,228.66955175311568,3,True,3474.207487109158,6.536993168992922e-13,-0.313913434751326,False,False,False
theta_pll_gfl38,gfl,30+31+32+33+37+38,6,6548.8,88,36.15605685047536,-0.24775675805122255,0.5853979028961704,5.654319433985066e-16,272.77252768055024,3,True,2908.7500711770044,5.684341886080801e-13,-0.2738805273056766,False,False,False
theta_pll_gfl35,gfl,30+31+32+34+35+36,6,5910.8,88,320.13891549811757,0.06349790747063688,0.7617173588411508,6.855483569630122e-21,139.71384995030937,1,True,16411.44511862686,9.330314298949816e-13,0.03737413821618282,False,True,True
pss_w_sg39,sg,30+31+32+34+35+37,6,5855.8,88,-0.2358495765222455,0.038843393640986296,1.4005777920409406,1.58833121043845e-29,9.659569214368869,0,False,10119.782225966435,9.379164112033322e-13,0.012719624386532239,True,True,True
theta_pll_gfl38,gfl,30+31+32+34+35+38,6,6569.7,88,185.09829804595785,0.04015493760168636,1.400764223346398,3.524794465572083e-22,168.38793229548352,1,True,9587.207268713519,9.161560399206792e-13,0.014031168347232306,False,False,True
pss_w_sg33,sg,30+31+32+34+36+37,6,5795.3,88,-0.2375156615314998,0.0514258808398848,1.044855373340141,2.4669040306240413e-17,25.735570784271484,0,False,6746.4341149469265,5.677680547933051e-13,0.025302111585430744,True,True,True
theta_pll_gfl38,gfl,30+31+32+34+36+38,6,6509.2,88,324.2486466241243,0.06063603451096807,1.377848285935611,4.864015654836329e-22,157.98386472575467,1,True,17144.692706977152,6.536993168992922e-13,0.03451226525651402,False,True,True
theta_pll_gfl38,gfl,30+31+32+34+37+38,6,6454.2,88,128.23721070706227,0.04721776551008805,1.3625014498350725,6.659604154763506e-32,189.71389591360642,1,True,6796.519399682355,6.23945339839338e-13,0.021093996255633993,False,False,False
theta_pll_gfl32,gfl,30+31+32+35+36+37,6,5800.8,88,120.52404615534141,-0.03220087319680129,0.5414253511388534,7.53890412298856e-32,167.79702796703668,3,True,6989.257682478988,5.750955267558311e-13,-0.05832464245125535,False,False,True
theta_pll_gfl38,gfl,30+31+32+35+36+38,6,6514.7,88,45.31886397204969,-0.2600485701967106,0.4524181408645737,2.5737978057963593e-30,214.12541193464293,3,True,3098.3554910611933,7.434053372890048e-13,-0.28617233945116466,False,False,False
theta_pll_gfl38,gfl,30+31+32+35+37+38,6,6459.7,88,52.66424377646622,-0.1517844810108871,0.5358312183125298,5.492861170906865e-32,223.64913359723482,3,True,3528.098683379271,8.588685318500211e-13,-0.17790825026534116,False,False,False
theta_pll_gfl38,gfl,30+31+32+36+37+38,6,6399.2,88,63.503960352911896,-0.12169455109274753,0.44743690253413804,2.725178533913893e-17,215.39140783088487,3,True,4139.736999040958,3.54605234065275e-13,-0.14781832034720158,False,False,False
theta_pll_gfl33,gfl,30+31+33+34+35+36,6,6241.9,88,48.85843900903397,0.020387672966423277,0.5241622453570061,1.1619346932574378e-18,204.32435446797996,1,True,2689.874789494988,8.162359677044151e-13,-0.005736096288030779,False,False,False
theta_pll_gfl33,gfl,30+31+33+34+35+37,6,6186.9,88,150.70296190214958,0.036839322503698084,1.281364393072483,6.498585859681567e-31,182.69953763082688,1,True,7737.407873624744,7.123190925995004e-13,0.010715553249244027,False,False,False
theta_pll_gfl38,gfl,30+31+33+34+35+38,6,6900.799999999999,88,51.709903109761626,-0.059827817560007955,0.5055362795987589,1.3496744591371152e-30,220.0814011818674,3,True,3038.9630477488427,8.526512829121202e-13,-0.08595158681446201,False,False,False
theta_pll_gfl33,gfl,30+31+33+34+36+37,6,6126.4,88,282.1370743713084,0.053603632152965604,1.2289898801529664,7.657987626576966e-19,172.61355465737654,1,True,14828.021194126835,5.684341886080801e-13,0.027479862898511547,False,False,False
theta_pll_gfl38,gfl,30+31+33+34+36+38,6,6840.299999999999,88,63.65784459295938,-0.0037519100917057665,0.35000545157526086,8.834874104777614e-18,210.94986587592746,3,True,3671.0037499046025,4.809486142676178e-13,-0.029875679346159822,False,False,False
theta_pll_gfl38,gfl,30+31+33+34+37+38,6,6785.299999999999,88,54.78477468473391,-0.004183882736083426,0.48075359110978116,2.7255529558927738e-17,234.03970529557208,3,True,3323.2767190218833,5.684341886080801e-13,-0.030307651990537483,False,False,False
theta_pll_gfl35,gfl,30+31+33+35+36+37,6,6131.9,88,46.42899582503781,-0.25123243589258365,0.6033085288492606,4.240739575284689e-16,242.92308710460065,3,True,3435.623763544979,9.094947017729282e-13,-0.2773562051470377,False,False,False
x_q_gfl35,gfl,30+31+33+35+36+38,6,6845.799999999999,88,14.284743773362148,-0.74127532552411,0.5127049099139313,3.8385405947467975e-16,827.3090800440364,3,True,2100.8753626773564,7.922551503725117e-13,-0.767399094778564,False,False,False
theta_pll_gfl38,gfl,30+31+33+35+37+38,6,6790.799999999999,88,28.110086523650843,-0.3568107908342829,0.6106377941997739,5.654319433712919e-16,359.21877963511605,3,True,2682.736059095959,5.684341886080801e-13,-0.38293456008873694,False,False,False
theta_pll_gfl38,gfl,30+31+33+36+37+38,6,6730.299999999999,88,34.70135600494419,-0.38190214152955027,0.527960913377675,0.0,320.7212214206049,3,True,3105.2318766384246,7.351896869067787e-13,-0.4080259107840043,False,False,False
pss_w_sg39,sg,30+31+34+35+36+37,6,6037.3,88,-0.23762381058141593,0.03830559587974785,1.285503145750357,8.961824501287092e-05,10.370758960230868,0,False,92644.3504232978,1.1368683772161603e-12,0.012181826625293792,True,True,True
theta_pll_gfl38,gfl,30+31+34+35+36+38,6,6751.2,88,90.71008923208534,-0.01557740316742072,0.31811178733439727,2.5996886100864694e-19,189.70835682213888,3,True,4897.354873191617,7.389644451905042e-13,-0.04170117242187478,False,False,False
theta_pll_gfl38,gfl,30+31+34+35+37+38,6,6696.2,88,130.82515331671675,0.03267229857462718,1.2435895602963933,1.4752564033443632e-30,202.37028014375534,1,True,7122.214028893955,8.850697952311748e-13,0.006548529320173125,False,False,False
theta_pll_gfl38,gfl,30+31+34+36+37+38,6,6635.7,88,194.97646830727618,0.04518358374177614,1.2217245762798834,2.3466383053390127e-19,196.3918217736267,1,True,10563.069010703945,5.684341886080801e-13,0.019059814487322083,False,False,False
theta_pll_gfl38,gfl,30+31+35+36+37+38,6,6641.2,88,34.352371450081115,-0.3734725895396805,0.46324071517726234,3.675307631913397e-15,294.5132691006522,3,True,2806.980425201296,6.536993168992922e-13,-0.3995963587941345,False,False,False
theta_pll_gfl33,gfl,30+32+33+34+35+36,6,6249.6,88,37.58623753103066,-0.05606143626756419,0.547315460169483,1.1308638867425838e-15,225.50687751731877,3,True,2328.59311938418,6.799005802804459e-13,-0.08218520552201825,False,False,False
theta_pll_gfl33,gfl,30+32+33+34+35+37,6,6194.6,88,95.79569233776982,0.008183733756862765,0.5842907206298981,7.108219979582935e-20,187.63212950897227,1,True,5183.919387885066,8.322231792590173e-13,-0.01794003549759129,False,False,False
theta_pll_gfl38,gfl,30+32+33+34+35+38,6,6908.5,88,39.566531068118245,-0.14070878434096473,0.5313628832243804,8.481479150569378e-16,241.99257953522363,3,True,2611.6046690235307,8.242295734817162e-13,-0.1668325535954188,False,False,False
theta_pll_gfl33,gfl,30+32+33+34+36+37,6,6134.1,88,140.55303189602338,0.04451947236072075,1.2959080596197678,1.1813870849698226e-20,181.2788531523402,1,True,7590.23984663918,4.2232883856740955e-13,0.018395703106266693,False,False,False
theta_pll_gfl38,gfl,30+32+33+34+36+38,6,6848.0,88,47.59306442617809,-0.09494241824992146,0.3725024316666861,1.3252308102450993e-17,228.05196890714745,3,True,3062.5596620254305,3.9879211044535623e-13,-0.12106618750437552,False,False,False
theta_pll_gfl38,gfl,30+32+33+34+37+38,6,6793.0,88,41.46938876871234,-0.07854457143534234,0.5075490913578139,3.8640224836592296e-18,256.32908660734046,3,True,2839.1929520137023,5.115907697472721e-13,-0.1046683406897964,False,False,False
theta_pll_gfl35,gfl,30+32+33+35+36+37,6,6139.6,88,31.5738484517449,-0.3176145495117132,0.6453255735599497,5.654319433712919e-16,307.03317065188105,3,True,2840.8128458435044,9.534595335480844e-13,-0.34373831876616723,False,False,False
ed1_sg34,sg,30+32+33+35+36+38,6,6853.5,88,5.555901166924029,-0.5052495248673212,1.5103099681253287,1.5103099681253287,740.1020258010707,3,True,1893.1773180055786,9.396927680427325e-13,-0.5313732941217753,False,False,False
theta_pll_gfl38,gfl,30+32+33+35+37+38,6,6798.5,88,17.46719459627654,-0.43913166633060696,0.6723371568934475,5.654319433712919e-16,557.6840313818656,3,True,2354.6411390928347,5.826450433232822e-13,-0.465255435585061,False,False,False
theta_pll_gfl38,gfl,30+32+33+36+37+38,6,6738.0,88,21.829222142514865,-0.5157135317010506,0.5612215910983929,3.392591660227751e-15,490.5540224731472,3,True,2673.3321597258873,5.684341886080801e-13,-0.5418373009555046,False,False,False
theta_pll_gfl35,gfl,30+32+34+35+36+37,6,6045.0,88,330.94877029943575,0.03340165355109154,1.3264773299838115,2.45105199883427e-22,154.41850508485322,1,True,17910.767637271554,7.309708394132031e-13,0.00727788429663748,False,False,True
theta_pll_gfl38,gfl,30+32+34+35+36+38,6,6758.9,88,65.56140345544232,-0.09244560423953002,0.33113932154813097,1.7675324690209483e-17,197.11539792767164,3,True,3850.461121596631,7.513989430663059e-13,-0.11856937349398408,False,False,False
theta_pll_gfl38,gfl,30+32+34+35+37+38,6,6703.9,88,88.42523727951439,-0.006600014263484215,0.47343796718403924,1.6917707900452955e-19,206.54594020102658,3,True,5146.322281000841,8.388845174067683e-13,-0.03272378351793827,False,False,False
theta_pll_gfl38,gfl,30+32+34+36+37+38,6,6643.4,88,117.84058464973879,0.04418615789155326,1.298677546243381,4.5926794852609557e-20,201.31353456388138,1,True,6729.211812681204,3.694822225952521e-13,0.018062388637099202,False,False,False
theta_pll_gfl38,gfl,30+32+35+36+37+38,6,6648.9,88,22.64951551148517,-0.5414083689875008,0.4760924787496082,8.481479150569378e-16,417.2091719126569,3,True,2454.208652558171,6.536993168992922e-13,-0.5675321382419548,False,False,False
theta_pll_gfl33,gfl,30+33+34+35+36+37,6,6376.1,88,37.02810511115845,-0.10021002773819439,0.5575664608065138,1.9790118017995217e-15,254.83783694619405,3,True,2385.4015319490236,6.572520305780927e-13,-0.12633379699264843,False,False,False
x_q_gfl35,gfl,30+33+34+35+36+38,6,7090.0,88,13.019018425932645,-0.949404545688105,0.1599251596006484,2.8771152853305277e-16,845.9139619997956,3,True,1679.9588714791457,9.379164112033322e-13,-0.975528314942559,False,False,False
theta_pll_gfl38,gfl,30+33+34+35+37+38,6,7035.0,88,26.482004260043777,-0.25763200149981713,0.5495331756247284,2.2617277734851675e-15,350.2406074855961,3,True,2203.9744626700526,9.094947017729282e-13,-0.28375577075427116,False,False,False
theta_pll_gfl38,gfl,30+33+34+36+37+38,6,6974.5,88,31.578233148064545,-0.2716074250661563,0.40102466331854586,5.654319433712919e-16,319.07519511920134,3,True,2509.114128564897,7.958078640513122e-13,-0.29773119432061035,False,False,False
theta_pll_gfl38,gfl,30+33+35+36+37+38,6,6980.0,88,2.3616546728326333,-0.1515535116594472,2.4514600053535682,2.4514600053535682,455.79190661284065,5,True,1680.7514791909834,8.526512829121202e-13,-0.17767728091390125,False,False,False
theta_pll_gfl38,gfl,30+34+35+36+37+38,6,6885.4,88,43.342578516215056,-0.24548557114077357,0.3568382624566918,5.654319433712919e-16,255.29487971324974,3,True,2989.724088232334,5.906386491005833e-13,-0.2716093403952276,False,False,False
theta_pll_gfl33,gfl,31+32+33+34+35+36,6,6045.6,88,55.274638716476005,0.04935089761167232,1.1595742387382284,4.417437057582306e-17,170.94637886243532,1,True,2647.320006012757,9.947598300641403e-13,0.023227128357218265,False,False,False
theta_pll_gfl33,gfl,31+32+33+34+35+37,6,5990.6,88,290.22920435384157,0.018307598421222048,1.3245197721791444,4.963192415140845e-31,146.0946868364844,1,True,13242.154717033434,6.73683331342545e-13,-0.007816170833232008,False,False,True
theta_pll_gfl38,gfl,31+32+33+34+35+38,6,6704.5,88,74.71213830717046,0.05467572976166489,1.2535041941845035,8.039244210654771e-34,176.04712635291287,1,True,3630.296457082113,8.970602038971265e-13,0.028551960507210834,False,False,False
theta_pll_gfl33,gfl,31+32+33+34+36+37,6,5930.1,88,1244.8390612008398,0.022637194009013466,1.3202723907395726,2.117883699905188e-21,115.81910541230057,1,True,63517.06196550706,5.160316618457728e-13,-0.00348657524544059,False,False,True
theta_pll_gfl38,gfl,31+32+33+34+36+38,6,6644.0,88,93.9413744260705,0.06039363430764636,1.2326248191147653,3.6582850673104716e-18,172.94739264295274,1,True,4556.485965340937,1.0622613899613498e-12,0.03426986505319231,False,False,False
theta_pll_gfl38,gfl,31+32+33+34+37+38,6,6589.0,88,138.22213467237435,0.015271446179685936,1.2889583320171423,5.078558039541655e-21,174.23586206493954,1,True,6542.5182185110425,5.400124791776761e-13,-0.010852323074768121,False,False,True
theta_pll_gfl35,gfl,31+32+33+35+36+37,6,5935.6,88,76.6537720779433,-0.07323423135869475,0.5943506276367334,2.528623874322638e-32,167.1005040477628,3,True,4290.499390380088,9.303668946358812e-13,-0.09935800061314881,False,False,False
theta_pll_gfl38,gfl,31+32+33+35+36+38,6,6649.5,88,32.41842837673422,-0.2932439314331338,0.5702632199196325,1.1308638867425838e-15,233.72210934645972,3,True,2374.1204299400742,6.821210263296962e-13,-0.31936770068758785,False,False,False
theta_pll_gfl38,gfl,31+32+33+35+37+38,6,6594.5,88,75.96901725480322,-0.08882674726581326,0.5915063296036404,1.593196681432224e-21,185.87781969725427,3,True,4481.447540026914,9.379164112033322e-13,-0.11495051652026732,False,False,False
theta_pll_gfl38,gfl,31+32+33+36+37+38,6,6534.0,88,100.2214704379536,-0.012893839379785286,0.5139025317810973,2.6694101590373047e-21,179.95326608959053,3,True,5824.255040672257,6.774580896262705e-13,-0.039017608634239344,False,False,True
pss_w_sg39,sg,31+32+34+35+36+37,6,5841.0,88,-0.23650458540399114,0.02828512069841858,1.3507067672690858,0.0,9.560447891557754,0,False,16526.071972663314,6.687983500341943e-13,0.0021613514439645237,True,True,True
theta_pll_gfl38,gfl,31+32+34+35+36+38,6,6554.9,88,140.79125998131408,0.06262823688937696,1.3100753303087695,1.0249088226928e-24,158.61497930837555,1,True,6600.705466396669,9.663381206337363e-13,0.036504467634922905,False,False,False
delta_sg30,sg,31+32+34+35+37+38,6,6499.9,88,-0.16638898067778812,0.020105912139533926,1.3168403133019302,1.3168403133019302,69.53930526529486,0,False,63972.83665427323,1.0231815394945443e-12,-0.00601785711492013,False,True,True
pss_w_sg33,sg,31+32+34+36+37+38,6,6439.4,88,-0.23761529125443331,0.028958267629284048,1.3117961600025456,3.152056559806383e-06,28.81356963354986,0,False,16150.582687532411,7.105427357601002e-13,0.0028344983748299912,True,True,True
theta_pll_gfl38,gfl,31+32+35+36+37+38,6,6444.9,88,88.01880893524668,0.03607621299007614,0.4392788025023206,2.2689611006573954e-20,174.4504723056352,1,True,4791.152794403976,6.252776074688882e-13,0.009952443735622086,False,False,False
theta_pll_gfl33,gfl,31+33+34+35+36+37,6,6172.1,88,81.89790731040989,0.010745325107419408,1.299430773653735,1.984480579297725e-20,173.5321419384869,1,True,3740.2979308373883,9.379164112033322e-13,-0.015378444147034648,False,False,False
theta_pll_gfl33,gfl,31+33+34+35+36+38,6,6886.0,88,38.49960043886462,0.027949913768061798,1.1810005340147631,5.654319437190596e-16,216.7205327908504,1,True,2170.374788918515,6.510347816401918e-13,0.0018261445136077414,False,False,False
theta_pll_gfl38,gfl,31+33+34+35+37+38,6,6831.0,88,92.06277631245027,0.017104853446232453,1.3031379191620909,1.6244312811506653e-20,189.91994815662898,1,True,4519.949677547989,8.810729923425242e-13,-0.009018915808221603,False,False,False
theta_pll_gfl38,gfl,31+33+34+36+37+38,6,6770.5,88,124.81434271293313,0.01693719139108365,1.3025852151591595,4.58006836578885e-31,186.67276828992922,1,True,6098.778075807879,8.242295734817162e-13,-0.009186577863370408,False,False,False
theta_pll_gfl38,gfl,31+33+35+36+37+38,6,6776.0,88,36.50893080667209,-0.27568969715163877,0.561879679176421,0.0,254.2688536013982,5,True,2698.4465695750573,5.311306949806749e-13,-0.3018134664060928,False,False,False
theta_pll_gfl38,gfl,31+34+35+36+37+38,6,6681.4,88,222.9188670850986,0.025035913954481164,1.255802275290173,9.343197949460802e-31,169.04944724946176,1,True,10689.907411278968,8.526512829121202e-13,-0.0010878552999728924,False,True,True
theta_pll_gfl33,gfl,32+33+34+35+36+37,6,6179.8,88,62.72252906504202,0.011753075696334705,1.321205538106686,4.417457723289263e-18,179.03608000024042,1,True,3067.9091966504834,7.984723993104126e-13,-0.014370693558119351,False,False,False
theta_pll_gfl33,gfl,32+33+34+35+36+38,6,6893.7,88,30.42351338633147,0.039774470679842654,0.3650309031998018,3.1098756885421053e-15,239.31523577968585,1,True,1954.0222882658086,8.912870441690757e-13,0.013650701425388597,False,False,False
theta_pll_gfl38,gfl,32+33+34+35+37+38,6,6838.7,88,69.13048743515093,0.008535149712953554,1.3038845538990358,1.5639131827546323e-31,193.8706885869982,1,True,3626.7936146977286,6.821210263296962e-13,-0.017588619541500504,False,False,False
theta_pll_gfl38,gfl,32+33+34+36+37+38,6,6778.2,88,88.20928486974232,0.013651511106962852,1.3172385514228646,1.2528439107841544e-30,189.075027506313,1,True,4571.79741713465,7.105427357601002e-13,-0.012472258147491205,False,False,False
theta_pll_gfl38,gfl,32+33+35+36+37+38,6,6783.7,88,25.704662286338646,-0.38062146337315345,0.6003287728320128,0.0,327.77132663394315,5,True,2361.6555854497906,1.0125233984581428e-12,-0.4067452326276075,False,False,False
theta_pll_gfl38,gfl,32+34+35+36+37+38,6,6689.1,88,134.6940490594024,0.023192277845958925,1.3201958100599118,3.537584734750343e-32,172.77978633214514,1,True,6676.735356151105,7.958078640513122e-13,-0.0029314914084951314,False,False,False
theta_pll_gfl33,gfl,33+34+35+36+37+38,6,7020.2,88,29.676494451795666,-0.02837343862405167,0.4006404907444189,8.481479150569378e-16,270.2922428575102,5,True,2000.8266818992454,5.999645225074346e-13,-0.054497207878505725,False,False,False
x_q_gfl35,gfl,30+31+32+33+34+35+36,7,7085.6,91,18.273659588657317,-0.17288178331731197,0.5872225599953,5.654319433712919e-16,316.81549428301565,3,True,1657.096849318281,8.526512829121202e-13,-0.19900555257176603,False,False,False
theta_pll_gfl33,gfl,30+31+32+33+34+35+37,7,7030.6,91,37.68006885119023,-0.03959856962502224,0.6156281406081252,3.6713279657441656e-25,241.8570650448633,3,True,2515.2562094523405,8.846257060213247e-13,-0.0657223388794763,False,False,False
theta_pll_gfl38,gfl,30+31+32+33+34+35+38,7,7744.5,91,18.620469687853305,-0.28103326548505303,0.5707782991980753,0.0,369.6098601356767,3,True,1799.3368646055994,9.197087535994797e-13,-0.30715703473950706,False,False,False
theta_pll_gfl33,gfl,30+31+32+33+34+36+37,7,6970.1,91,44.578503770881056,0.04984796728359015,0.5455232161917297,2.1470042230920193e-19,230.45255158596876,1,True,2937.7385331229752,8.602007994795713e-13,0.023724198029136095,False,False,False
theta_pll_gfl38,gfl,30+31+32+33+34+36+38,7,7684.0,91,21.024381316522017,-0.3336180514222847,0.36255037838217397,1.1308638867425838e-15,356.2899406492033,3,True,1991.9893620051344,5.684341886080801e-13,-0.3597418206767387,False,False,False
theta_pll_gfl38,gfl,30+31+32+33+34+37+38,7,7629.0,91,17.81323608486859,-0.19752622034983033,0.5456324918770307,5.654319433712919e-16,401.2411736492945,3,True,1891.31652329344,7.105427357601002e-13,-0.2236499896042844,False,False,False
x_q_gfl35,gfl,30+31+32+33+35+36+37,7,6975.6,91,7.361994339372449,-0.20258915560266721,0.9231567179144324,2.8272170653986805e-16,700.2591174017012,7,True,1837.003422480948,9.094947017729282e-13,-0.22871292485712127,False,False,False
x_p_gfl36,gfl,30+31+32+33+35+36+38,7,7689.5,91,2.4435641741279626,-0.16303113221016755,2.3535512421683333,2.3535512421683333,348.4663684833285,5,True,1444.0099854599084,5.231370892033738e-13,-0.1891549014646216,False,False,False
efd_sg36,sg,30+31+32+33+35+37+38,7,7634.5,91,3.7577571639591847,-0.2262938533234627,0.9965764489348485,4.5028426152032167e-17,424.0969996173263,3,True,1664.7300588987664,7.807088309164101e-13,-0.2524176225779167,False,False,False
efd_sg34,sg,30+31+32+33+36+37+38,7,7574.0,91,2.7215414862618656,-0.2261405794001633,1.039015710829777,2.203432796826845e-16,370.3178549955359,5,True,1810.965267792564,8.695266728864226e-13,-0.25226434865461733,False,False,False
theta_pll_gfl35,gfl,30+31+32+34+35+36+37,7,6881.0,91,60.32579065548501,0.07374122638810603,0.5120228788620018,8.855064876868756e-32,198.01390807421748,1,True,3660.2737782675563,9.379164112033322e-13,0.047617457133651966,False,False,False
theta_pll_gfl38,gfl,30+31+32+34+35+36+38,7,7594.9,91,28.759299037724272,-0.3166822764624432,0.3080053841276515,1.6962958301138756e-15,263.4343798775904,3,True,2267.6368705481636,9.947598300641403e-13,-0.3428060457168972,False,False,False
theta_pll_gfl38,gfl,30+31+32+34+35+37+38,7,7539.9,91,34.55180014533358,-0.07388842797730795,0.4950105379649433,0.0,264.9418748633573,3,True,2603.7404202989082,9.663381206337363e-13,-0.10001219723176201,False,False,False
theta_pll_gfl38,gfl,30+31+32+34+36+37+38,7,7479.4,91,40.177713099404684,-0.05811437699568837,0.32589443097285736,1.7669746719008505e-17,253.6732174639341,3,True,2938.798463916329,6.303846333821639e-13,-0.08423814625014242,False,False,False
omega_sg33,sg,30+31+32+35+36+37+38,7,7484.9,91,2.248225726866482,-0.18526396138304155,1.897951464315245,1.897951464315247,541.7845767479746,7,True,1718.7365870138938,8.242295734817162e-13,-0.2113877306374956,False,False,False
theta_pll_gfl33,gfl,30+31+33+34+35+36+37,7,7212.1,91,19.01326298553685,-0.19658894711914793,0.587532815286232,1.1308638867425838e-15,415.3509603266638,3,True,1784.588450282889,8.526512829121202e-13,-0.222712716373602,False,False,False
omega_sg32,sg,30+31+33+34+35+36+38,7,7926.0,91,4.061945772040216,-0.4227957906478719,1.3856694068504956,1.3856694068504956,882.4221927175457,5,True,1395.1128075904426,1.1368683772161603e-12,-0.44891955990232596,False,False,False
ed1_sg36,sg,30+31+33+34+35+37+38,7,7871.0,91,11.40570638264055,-0.4076293093109981,0.5991724775601995,1.182555040169924e-20,682.150503371079,3,True,1703.5111414214973,8.406608742461685e-13,-0.43375307856545214,False,False,False
ed1_sg35,sg,30+31+33+34+36+37+38,7,7810.5,91,12.86548197012622,-0.5621900488032758,0.38845098260571537,7.575385630749515e-16,717.1983445060981,3,True,1874.4722590249044,5.88418203051333e-13,-0.5883138180577299,False,False,False
eq1_sg34,sg,30+31+33+35+36+37+38,7,7816.0,91,1.2052352675840075,-0.04049360518776875,0.9570921539850803,5.424360752574209e-17,131.524653854919,7,True,1383.6403376705784,7.673861546209082e-13,-0.06661737444222281,False,False,False
theta_pll_gfl38,gfl,30+31+34+35+36+37+38,7,7721.4,91,20.10986896125423,-0.5080781119380493,0.33172543459481957,1.5408227524229777e-15,438.77922732337225,3,True,2113.3116576745388,8.810729923425242e-13,-0.5342018811925033,False,False,False
x_q_gfl35,gfl,30+32+33+34+35+36+37,7,7219.8,91,10.356471471400344,-0.3253026282313154,0.6758565351285392,1.4135525550168858e-16,693.407079593774,5,True,1626.867144634477,7.105427357601002e-13,-0.3514263974857694,False,False,False
x_p_gfl36,gfl,30+32+33+34+35+36+38,7,7933.7,91,2.9252843132838264,-0.21665626470820637,2.0978628782921,2.0978628782921,513.4904132057302,5,True,1307.9276773184922,7.105427357601002e-13,-0.24278003396266043,False,False,False
efd_sg36,sg,30+32+33+34+35+37+38,7,7878.7,91,4.289652965347532,-0.4624917416241612,0.8165199452048867,3.9018329403615836e-19,606.1909869544751,3,True,1573.4517426872035,5.968558980384842e-13,-0.4886155108786152,False,False,False
ed1_sg35,sg,30+32+33+34+36+37+38,7,7818.2,91,3.7552340695810815,-0.5947389446374415,0.8078728289340368,0.8078728289340368,667.6303890861458,3,True,1717.8630920350577,7.585043704239069e-13,-0.6208627138918955,False,False,False
eq1_sg34,sg,30+32+33+35+36+37+38,7,7823.7,91,0.8838489214649645,-0.022323869647937745,0.9272236190722535,1.3740940279652866e-16,90.11974112283855,7,True,1298.6634575228672,7.58948459633757e-13,-0.0484476389023918,False,False,False
ed1_sg33,sg,30+32+34+35+36+37+38,7,7729.1,91,8.56055223403397,-0.9716600328863673,0.12351891119759996,2.8462814350219916e-23,1633.4809495901318,3,True,1912.5956543697732,1.0800249583553523e-12,-0.9977838021408213,False,False,False
theta_pll_gfl38,gfl,30+33+34+35+36+37+38,7,8060.2,91,1.8706657486564133,-0.11473703875211623,2.57771590898769,2.57771590898769,344.04900624495764,5,True,1214.618188837305,2.2737367544323206e-13,-0.14086080800657028,False,False,False
theta_pll_gfl33,gfl,31+32+33+34+35+36+37,7,7015.8,91,33.5195157639369,0.02776450841525251,1.2618351519337625,5.654319433712919e-16,212.31073883289446,1,True,2001.767442426975,8.872902412804251e-13,0.0016407391607984531,False,False,False
x_q_gfl35,gfl,31+32+33+34+35+36+38,7,7729.7,91,15.43388234255523,-0.34618346369372344,0.34873464653295344,1.3559607587096789e-15,315.65169721121515,3,True,1509.244791236487,8.242295734817162e-13,-0.37230723294817747,False,False,False
theta_pll_gfl38,gfl,31+32+33+34+35+37+38,7,7674.7,91,34.566033069497,-0.0065397267029163745,1.3032529321577853,2.827148199449459e-16,235.17685286319886,3,True,2233.4761985581918,6.470379787515412e-13,-0.032663495957370434,False,False,False
theta_pll_gfl38,gfl,31+32+33+34+36+37+38,7,7614.2,91,39.88853473086851,0.009530424033064908,1.305954168594628,1.159791474231623e-21,226.73264760160012,1,True,2542.108236585415,6.059597268404104e-13,-0.01659334522138915,False,False,False
efd_sg34,sg,31+32+33+35+36+37+38,7,7619.7,91,4.912018042119765,-0.2631796807391992,1.4234341835937088,1.0709457243687393e-16,675.8705604775201,5,True,1703.8669120033908,9.166001291305292e-13,-0.2893034499936532,False,False,False
theta_pll_gfl38,gfl,31+32+34+35+36+37+38,7,7525.1,91,52.01570171371727,0.025575674243324888,1.3365552996262378,0.0,197.72008027451884,1,True,3026.6705557490463,9.947598300641403e-13,-0.000548095011129169,False,False,False
x_q_gfl35,gfl,31+33+34+35+36+37+38,7,7856.2,91,15.86751651809298,-0.2603188818020318,0.41297250072819724,2.8271597168564594e-16,456.0993529682341,5,True,1614.6352500862295,8.526512829121202e-13,-0.2864426510564858,False,False,False
x_p_gfl36,gfl,32+33+34+35+36+37+38,7,7863.9,91,4.4412021542172555,-0.7333480583632254,0.5108343898858405,1.4135798584282297e-16,1548.9548407228274,5,True,1498.0291186127877,7.673861546209082e-13,-0.7594718276176794,False,False,False
x_p_gfl36,gfl,30+31+32+33+34+35+36+37,8,8055.8,94,2.7325018934752126,-0.20956842265045272,2.0290937806428087,2.0290937806428087,338.02339153243,5,True,1279.0106403526593,6.989964163039986e-13,-0.23569219190490678,False,False,False
x_p_gfl36,gfl,30+31+32+33+34+35+36+38,8,8769.7,94,3.005934687492446,-0.20391133743026724,2.2968692323703164,2.2968692323703164,327.19814529002787,2,True,1098.0347578275127,9.947598300641403e-13,-0.2300351066847213,False,False,False
delta_sg36,sg,30+31+32+33+34+35+37+38,8,8714.7,94,1.5044803718713116,-0.21930898344206495,1.0652381548702536,1.0652381548702536,375.08506436343123,3,True,1257.7151815310701,9.094947017729282e-13,-0.245432752696519,False,False,False
delta_sg35,sg,30+31+32+33+34+36+37+38,8,8654.2,94,1.322306120469654,-0.20267976328703774,1.0167944021783775,1.0167944021783775,336.0421415596366,3,True,1344.513525242857,5.684341886080801e-13,-0.2288035325414918,False,False,False
theta_pll_gfl38,gfl,30+31+32+33+35+36+37+38,8,8659.7,94,0.5012807790235685,-0.027033996632020628,2.95006898345631,2.95006898345631,314.30441270794154,5,True,1084.0560206871312,3.410605131648481e-13,-0.05315776588647468,False,False,False
delta_sg33,sg,30+31+32+34+35+36+37+38,8,8565.1,94,1.9354536349343214,-0.2802633550898231,1.0550500243667613,1.0550500243667613,358.32735706762475,5,True,1451.3832249569525,5.275779813018744e-13,-0.3063871243442771,False,False,False
theta_pll_gfl38,gfl,30+31+33+34+35+36+37+38,8,8896.2,94,1.1716507994963017,-0.07622033663576736,1.118147375849523,2.688825663975282,350.54892481206195,4,True,1065.4799519857227,8.775202786637237e-13,-0.10234410589022142,False,False,False
theta_pll_gfl38,gfl,30+32+33+34+35+36+37+38,8,8903.9,94,1.2501019357948004,-0.0704006450064324,2.819096933093079,2.819096933093079,318.6227197593441,4,True,1017.8947732609388,1.1084466677857563e-12,-0.09652441426088645,False,False,False
omega_sg30,sg,31+32+33+34+35+36+37+38,8,8699.9,94,3.2555237836786803,-0.24940333572901074,2.011839783383703,2.011839783383703,318.7946009370783,5,True,1230.9258466550593,2.688960165642129e-13,-0.2755271049834648,False,False,False
theta_pll_gfl38,gfl,30+31+32+33+34+35+36+37+38,9,9739.9,97,2.5151188808317055,-0.15092421043391327,2.621901236210565,2.621901236210565,388.93480785347106,2,True,892.8841263943407,9.663381206337363e-13,-0.17704797968836733,False,False,False
