x1,x2,x3,x4,x5,x6,x7,x8,x9,x10,x11,x12,x13,x14,x15,x16,x17,x18,x19,x20,x21,x22,x23,x24,x25,x26,x27,x28,x29,x30,x31,x32,x33,x34,x35,x36,x37,x38,x39,x40,x41,x42,x43,x44,x45,x46,x47,x48,x49,x50,x51,x52,x53,x54,x55,x56,x57,x58,x59,x60,x61,x62,x63,x64,x65,x66,x67,x68,x69,x70,x71,x72,x73,x74,x75,x76,x77,x78,x79,x80,x81,x82,x83,x84,x85,x86,x87,x88,x89,x90,x91,x92,x93,x94,x95,x96,x97,x98,x99,x100,x101,x102,x103,x104,x105,x106,x107,x108,x109,x110,x111,x112,x113,x114,x115,x116,x117,x118,x119,x120,x121,x122,x123,x124,x125,x126,x127,x128,x129,x130,x131,x132,x133,x134,x135,x136,x137,x138,x139,x140,x141,x142,x143,x144,x145,x146,x147,x148,x149,x150,x151,x152,x153,x154,x155,x156,x157,x158,x159,x160,x161,x162,x163,x164,x165,x166,x167,x168,x169,x170,x171,x172,x173,x174,x175,x176,x177,x178,x179,x180,x181,x182,x183,x184,x185,x186,x187,x188,x189,x190,x191,x192,x193,x194,x195,x196,x197,x198,x199,x200,x201,x202,x203,x204
-2.0,0.0,0.0,0.0,0.0,0.0,0.0,0.0,0.0,0.0,-40.0,0.0,0.0,0.0,0.0,0.0,0.0,0.0,0.0,0.0,0.0,0.0,0.0,0.0,0.0,0.0,0.0,0.0,0.0,0.0,0.0,0.0,0.0,0.0,0.0,0.0,0.0,0.0,0.0,0.0,0.0,0.0,0.0,0.0,0.0,0.0,0.0,0.0,0.0,0.0,0.0,0.0,0.0,0.0,0.0,0.0,0.0,0.0,0.0,0.0,0.0,0.0,0.0,0.0,0.0,0.0,0.0,0.0,0.0,0.0,0.0,0.0,0.0,0.0,0.0,0.0,0.0,0.0,0.0,0.0,0.0,0.0,0.0,0.0,0.0,0.0,0.0,0.0,0.0,0.0,0.0,0.0,0.0,0.0,0.0,0.0,0.0,0.0,0.0,0.0,0.0,0.0,0.0,0.0,0.0,0.0,0.0,0.0,0.0,0.0,0.0,0.0,0.0,0.0,0.0,0.0,0.0,0.0,0.0,0.0,0.0,0.0,0.0,0.0,0.0,0.0,0.0,0.0,0.0,0.0,0.0,0.0,0.0,0.0,0.0,0.0,0.0,0.0,0.0,0.0,0.0,0.0,0.0,0.0,0.0,0.0,0.0,0.0,0.0,0.0,0.0,0.0,0.0,0.0,0.0,0.0,0.0,0.0,0.0,0.0,0.0,0.0,0.0,0.0,0.0,0.0,0.0,0.0,0.0,0.0,0.0,0.0,0.0,0.0,0.0,0.0,0.0,0.0,0.0,0.0,0.0,0.0,0.0,0.0,0.0,0.0,0.0,0.0,0.0,0.0,0.0,0.0,0.0,0.0,0.0,0.0,0.0,0.0,0.0,0.0,0.0,0.0,0.0,0.0
-0.4444444444444445,-0.1388888888888889,0.0,0.0,0.0,0.0,0.0,0.0,0.0,0.0,-11.666666666666666,0.0,0.0,0.0,0.0,0.0,0.0,0.0,0.0,0.0,0.0,0.0,0.0,0.0,0.0,0.0,0.0,0.0,0.0,0.0,0.0,0.0,0.0,0.0,0.0,0.0,0.0,0.0,0.0,0.0,0.0,0.0,0.0,0.0,0.0,0.0,0.0,0.0,0.0,0.0,0.0,0.0,0.0,0.0,0.0,0.0,0.0,0.0,0.0,0.0,0.0,0.0,0.0,0.0,0.0,0.0,0.0,0.0,0.0,0.0,0.0,0.0,0.0,0.0,0.0,0.0,0.0,0.0,0.0,0.0,0.0,0.0,0.0,0.0,0.0,0.0,0.0,0.0,0.0,0.0,0.0,0.0,0.0,0.0,0.0,0.0,0.0,0.0,0.0,0.0,0.0,0.0,0.0,0.0,0.0,0.0,0.0,0.0,0.0,0.0,0.0,0.0,0.0,0.0,0.0,0.0,0.0,0.0,0.0,0.0,0.0,0.0,0.0,0.0,0.0,0.0,0.0,0.0,0.0,0.0,0.0,0.0,0.0,0.0,0.0,0.0,0.0,0.0,0.0,0.0,0.0,0.0,0.0,0.0,0.0,0.0,0.0,0.0,0.0,0.0,0.0,0.0,0.0,0.0,0.0,0.0,0.0,0.0,0.0,0.0,0.0,0.0,0.0,0.0,0.0,0.0,0.0,0.0,0.0,0.0,0.0,0.0,0.0,0.0,0.0,0.0,0.0,0.0,0.0,0.0,0.0,0.0,0.0,0.0,0.0,0.0,0.0,0.0,0.0,0.0,0.0,0.0,0.0,0.0,0.0,0.0,0.0,0.0,0.0,0.0,0.0,0.0,0.0,0.0
0.0,0.0,-1.0,0.00776,0.16,0.0,0.0,0.0,0.0,0.0,0.0,0.0,0.0,0.0,0.0,0.0,0.0,0.0,0.0,0.0,0.0,0.0,0.0,0.0,0.0,0.0,0.0,0.0,0.0,0.0,0.0,0.0,0.0,0.0,0.0,0.0,0.0,0.0,0.0,0.0,0.0,0.0,0.0,0.0,0.0,0.0,0.0,0.0,0.0,0.0,0.0,0.0,0.0,0.0,0.0,0.0,0.0,0.0,0.0,0.0,0.0,0.0,0.0,0.0,0.0,0.0,0.0,0.0,0.0,0.0,0.0,0.0,0.0,0.0,0.0,0.0,0.0,0.0,0.0,0.0,0.0,0.0,0.0,0.0,0.0,0.0,0.0,0.0,0.0,0.0,0.0,0.0,0.0,0.0,0.0,0.0,0.0,0.0,0.0,0.0,0.0,0.0,0.0,0.0,0.0,0.0,0.0,0.0,0.0,0.0,0.0,0.0,0.0,0.0,0.0,0.0,0.0,0.0,0.0,0.0,0.0,0.0,0.0,0.0,0.0,0.0,0.0,0.0,0.0,0.0,0.0,0.0,0.0,0.0,0.0,0.0,0.0,0.0,0.0,0.0,0.0,0.0,0.0,0.0,0.0,0.0,0.0,0.0,0.0,0.0,0.0,0.0,0.0,0.0,0.0,0.0,0.0,0.0,0.0,0.0,0.0,0.0,0.0,0.0,0.0,0.0,0.0,0.0,0.0,0.0,0.0,0.0,0.0,0.0,0.0,0.0,0.0,0.0,0.0,0.0,0.0,0.0,0.0,0.0,0.0,0.0,0.0,0.0,0.0,0.0,0.0,0.0,0.0,0.0,0.0,0.0,0.0,0.0,0.0,0.0,0.0,0.0,0.0,0.0
0.0,0.0,0.0,0.194,4.0,0.0,0.0,0.0,0.0,0.0,0.0,0.0,0.0,0.0,0.0,0.0,0.0,0.0,0.0,0.0,0.0,0.0,0.0,0.0,0.0,0.0,0.0,0.0,0.0,0.0,0.0,0.0,0.0,0.0,0.0,0.0,0.0,0.0,0.0,0.0,0.0,0.0,0.0,0.0,0.0,0.0,0.0,0.0,0.0,0.0,0.0,0.0,0.0,0.0,0.0,0.0,0.0,0.0,0.0,0.0,0.0,0.0,0.0,0.0,0.0,0.0,0.0,0.0,0.0,0.0,0.0,0.0,0.0,0.0,0.0,0.0,0.0,0.0,0.0,0.0,0.0,0.0,0.0,0.0,0.0,0.0,0.0,0.0,0.0,0.0,0.0,0.0,0.0,0.0,0.0,0.0,0.0,0.0,0.0,0.0,0.0,0.0,0.0,0.0,0.0,0.0,0.0,0.0,0.0,0.0,0.0,0.0,0.0,0.0,0.0,0.0,0.0,0.0,0.0,0.0,0.0,0.0,0.0,0.0,0.0,0.0,0.0,0.0,0.0,0.0,0.0,0.0,0.0,0.0,0.0,0.0,0.0,0.0,0.0,0.0,0.0,0.0,0.0,0.0,0.0,0.0,0.0,0.0,0.0,0.0,0.0,0.0,0.0,0.0,0.0,0.0,0.0,0.0,0.0,0.0,0.0,0.0,0.0,0.0,0.0,0.0,0.0,0.0,0.0,0.0,0.0,0.0,0.0,0.0,0.0,0.0,0.0,0.0,0.0,0.0,0.0,0.0,0.0,0.0,0.0,0.0,0.0,0.0,0.0,0.0,0.0,0.0,0.0,0.0,0.0,0.0,0.0,0.0,0.0,0.0,0.0,0.0,0.0,0.0
0.0,0.0,-83.33333333333334,0.0,-16.666666666666668,-83.33333333333334,0.0,0.0,0.0,0.0,0.0,0.0,0.0,0.0,0.0,0.0,0.0,0.0,0.0,0.0,0.0,0.0,0.0,0.0,0.0,0.0,0.0,0.0,0.0,0.0,0.0,0.0,0.0,0.0,0.0,0.0,0.0,0.0,0.0,0.0,0.0,0.0,0.0,0.0,0.0,0.0,0.0,0.0,0.0,0.0,0.0,0.0,0.0,0.0,0.0,0.0,0.0,0.0,0.0,0.0,0.0,0.0,0.0,0.0,0.0,0.0,0.0,0.0,0.0,0.0,0.0,0.0,0.0,0.0,0.0,0.0,0.0,0.0,0.0,0.0,0.0,0.0,0.0,0.0,0.0,0.0,0.0,0.0,0.0,0.0,0.0,0.0,0.0,0.0,0.0,0.0,0.0,0.0,0.0,0.0,0.0,0.0,0.0,0.0,0.0,0.0,0.0,0.0,0.0,0.0,0.0,0.0,0.0,0.0,0.0,0.0,0.0,0.0,0.0,0.0,0.0,0.0,0.0,0.0,0.0,0.0,0.0,0.0,0.0,0.0,0.0,0.0,0.0,0.0,0.0,0.0,0.0,0.0,0.0,0.0,0.0,0.0,0.0,0.0,0.0,0.0,0.0,0.0,0.0,0.0,0.0,0.0,0.0,0.0,0.0,0.0,0.0,0.0,0.0,0.0,0.0,0.0,0.0,0.0,0.0,0.0,0.0,0.0,0.0,0.0,0.0,0.0,0.0,0.0,0.0,0.0,0.0,0.0,0.0,0.0,0.0,0.0,0.0,0.0,0.0,0.0,0.0,0.0,0.0,0.0,0.0,0.0,0.0,0.0,0.0,0.0,0.0,0.0,0.0,0.0,0.0,0.0,0.0,0.0
0.0,0.0,0.0,0.0,0.0,-100.0,1.3790697557444829,5.158802307538309,-0.6895348778722411,10.747504380304028,16.183005139817475,3.7478974725144707,0.0,0.0,0.0,0.0,0.0,-3.0529702220624557,0.6639076424401459,0.0,0.0,0.0,0.0,0.0,0.0,0.0,0.0,0.19585880259471938,1.313522253600861,-0.024482347093117585,1.0001438284950666,1.493398078910851,1.502982385453545,0.0,0.0,0.0,0.0,0.0,-0.5924325927766819,0.6846577010138342,0.0,0.0,0.0,0.0,0.0,0.0,0.0,0.0,-0.013069569843883739,0.938598498731101,0.004479242962269488,1.6917951827122315,1.7866732257059383,1.5073879644677,0.0,0.0,0.0,0.0,0.0,-0.6066592006768398,0.6946267051046274,0.0,0.0,0.0,0.0,0.0,0.0,0.0,0.0,0.03412461466902258,1.9370814454183929,-0.001432712939161015,1.2388311484456216,1.9257300870916405,2.183428664251767,0.0,0.0,0.0,0.0,0.0,-0.474899369292653,0.7242940730388929,0.0,0.0,0.0,0.0,0.0,0.0,0.0,0.0,0.3543528337304667,1.274074133911307,-0.16106944982867297,1.0370369193210778,1.2617640267799013,1.906404025318124,0.0,0.0,0.0,0.0,0.0,-0.39282542121768815,0.720885577936289,0.0,0.0,0.0,0.0,0.0,0.0,0.0,0.0,0.19903397984243887,1.08257690635361,-0.08461347412915876,1.9053349460837001,2.041714920811865,2.1007252367029086,0.0,0.0,0.0,0.0,0.0,-0.5336090679409109,0.7682237162465975,0.0,0.0,0.0,0.0,0.0,0.0,0.0,0.0,-0.07026859358121913,0.8223185987594707,0.005839220760052112,1.9406720521578325,1.9926427482171167,1.8120563650406072,0.0,0.0,0.0,0.0,0.0,-0.5209764276586801,0.7621595953564456,0.0,0.0,0.0,0.0,0.0,0.0,0.0,0.0,-1.6998083310522238,1.5914668365090918,0.6268273086996775,2.254578203588443,4.225259310523689,0.8969612294795026,0.0,0.0,0.0,0.0,0.0,-1.4131127108805566,0.6977226854016951,0.0,0.0,0.0,0.0,0.0,0.0,0.0,0.0,-0.5353061049454926,1.5031312620824313,0.5939161104168181,1.903966040324926,2.872720519003016,1.3113481394146294,0.0,0.0,0.0,0.0,0.0,-0.8331225347911223,0.8802676355381474,0.0,0.0,14.102713625670544,12.685467037574885,-3.5256785640277424,6.342733329759271,18.682754022072512,18.852542194434076,0.0,0.0,0.0,0.0,0.0,-0.562972585473121,0.4027203295662946,0.0,0.0
0.0,0.0,0.0,0.0,0.0,0.0,-52.72880852591674,-0.5996662033062495,-16.492738411721287,-1.249304540578451,3.492181006635668,-37.46098400744433,0.0,0.0,0.0,0.0,0.0,0.46808732248454055,1.2545136689235685,0.0,0.0,0.0,0.0,0.0,0.0,0.0,0.0,0.8604387564692694,-0.13328712280119406,-0.10755483036338705,-0.10148765498417352,-0.8233218167355105,0.7995748017884474,0.0,0.0,0.0,0.0,0.0,0.32661263293843595,0.2094929763715304,0.0,0.0,0.0,0.0,0.0,0.0,0.0,0.0,0.8318004564214239,-0.054668416675921976,-0.2850771972561766,-0.09853815460376818,-0.9021747527985362,0.9782425908653752,0.0,0.0,0.0,0.0,0.0,0.3317103444558531,0.21491901006033792,0.0,0.0,0.0,0.0,0.0,0.0,0.0,0.0,1.2908460208100465,-0.12750659056393754,-0.054195829445010446,-0.0815449120099287,-1.1842683265870588,0.952408007394677,0.0,0.0,0.0,0.0,0.0,0.33624795800046003,0.15721491890208103,0.0,0.0,0.0,0.0,0.0,0.0,0.0,0.0,0.6523603421860302,-0.1983465257656109,-0.2965273913566971,-0.16144482064520665,-0.941594771890448,0.6480475028213624,0.0,0.0,0.0,0.0,0.0,0.32978943484508455,0.12260754589382371,0.0,0.0,0.0,0.0,0.0,0.0,0.0,0.0,0.877217174328902,-0.10971326000934868,-0.37292322016818685,-0.1930952961565382,-1.1418479632308107,1.0448157710993713,0.0,0.0,0.0,0.0,0.0,0.35846847572879753,0.17943642025652815,0.0,0.0,0.0,0.0,0.0,0.0,0.0,0.0,1.086421330600767,-0.040614382533785465,-0.09028007626870937,-0.09584995063697854,-1.038433645892987,0.9675864489147976,0.0,0.0,0.0,0.0,0.0,0.3551245563020455,0.17444805340282346,0.0,0.0,0.0,0.0,0.0,0.0,0.0,0.0,1.2957538793383487,0.31119563343596135,-0.4778267655742358,0.4408605169150876,-1.0506939298818836,1.9202299586959093,0.0,0.0,0.0,0.0,0.0,0.3822776261082805,0.5568253149359674,0.0,0.0,0.0,0.0,0.0,0.0,0.0,0.0,0.7178272104862379,0.11952585927486911,-0.7964212267796794,0.15139940385826828,-1.1541247542617814,1.4973023730725863,0.0,0.0,0.0,0.0,0.0,0.42428992309319585,0.29964616200179406,0.0,0.0,5.5960485111161065,-5.7600396573737,-1.3990121903197419,-2.8800197428555796,-9.242689106882533,6.833606247051134,0.0,0.0,0.0,0.0,0.0,0.20521630120657167,0.21421538570101945,0.0,0.0
0.0,0.0,0.0,0.0,0.0,0.0,0.42567415443614065,-24.05843967283782,-0.21283707721807027,11.544916765324427,-13.069446782556724,-1.3021577887228974,0.0,0.0,0.0,0.0,0.0,-0.43322538797367854,0.1616461557273637,0.0,0.0,0.0,0.0,0.0,0.0,0.0,0.0,0.07206716263651071,0.1897788177000457,-0.00900839414062047,0.1445016350362247,0.18236631128570857,0.264490103885999,0.0,0.0,0.0,0.0,0.0,-0.07234490800262967,0.1127902294944857,0.0,0.0,0.0,0.0,0.0,0.0,0.0,0.0,0.039403014416049514,0.13762686144802178,-0.013504321651250784,0.24806822248740062,0.22229802267692836,0.27403224503415025,0.0,0.0,0.0,0.0,0.0,-0.07421869830736884,0.11455063920911726,0.0,0.0,0.0,0.0,0.0,0.0,0.0,0.0,0.06928359877794313,0.2833046082275478,-0.0029088536062183735,0.18118317843608495,0.2290649153133993,0.37383348260969196,0.0,0.0,0.0,0.0,0.0,-0.054291552116004754,0.11611762842337087,0.0,0.0,0.0,0.0,0.0,0.0,0.0,0.0,0.08542046567470668,0.18064552945557014,-0.03882747956461764,0.1470370352631071,0.14185042117327837,0.31727821077490437,0.0,0.0,0.0,0.0,0.0,-0.042340472610337354,0.11388728508871006,0.0,0.0,0.0,0.0,0.0,0.0,0.0,0.0,0.07337616025831116,0.1564185542190397,-0.03119372803894359,0.27529659631597264,0.24851682402972025,0.3660616899528541,0.0,0.0,0.0,0.0,0.0,-0.06196537726762577,0.12379111389610802,0.0,0.0,0.0,0.0,0.0,0.0,0.0,0.0,0.043510058801697435,0.12093874901406805,-0.003615624359014675,0.28541547106997067,0.24632102983387225,0.3190583012566807,0.0,0.0,0.0,0.0,0.0,-0.06024272791028108,0.12263634705147852,0.0,0.0,0.0,0.0,0.0,0.0,0.0,0.0,-0.18974063339671565,0.25343854672739174,0.06996942444058497,0.3590379706900316,0.5795459204665059,0.22959327658963893,0.0,0.0,0.0,0.0,0.0,-0.19229034252268268,0.13201320717893802,0.0,0.0,0.0,0.0,0.0,0.0,0.0,0.0,-0.04435175283672654,0.2307002188407168,0.04920777157517921,0.2922202426684445,0.3721634560332838,0.2705269105015746,0.0,0.0,0.0,0.0,0.0,-0.10347780817680347,0.14652145377028244,0.0,0.0,2.386960394318125,1.610418438875428,-0.5967401252558924,0.8052091954406115,2.3340115366634753,3.158715367998431,0.0,0.0,0.0,0.0,0.0,-0.07397571336140567,0.07086802950901674,0.0,0.0
0.0,0.0,0.0,0.0,0.0,0.0,-0.09749040846989425,0.001772346763966393,-0.7045881259194717,0.0036923889448742977,-0.010321334889594774,0.11071801848183098,0.0,0.0,0.0,0.0,0.0,-0.001383458074984235,-0.0037077848129666666,0.0,0.0,0.0,0.0,0.0,0.0,0.0,0.0,-0.0025430745258137578,0.0003939374930129993,0.0003178842737718061,0.00029995240002191254,0.0024333733492879444,-0.0023631877279151913,0.0,0.0,0.0,0.0,0.0,-0.0009653217737924626,-0.0006191681250313017,0.0,0.0,0.0,0.0,0.0,0.0,0.0,0.0,-0.0024584324397074375,0.00016157554128034502,0.0008425614871271303,0.00029123498785876725,0.0026664275806086643,-0.002891250300142234,0.0,0.0,0.0,0.0,0.0,-0.0009803883432634695,-0.0006352050689119283,0.0,0.0,0.0,0.0,0.0,0.0,0.0,0.0,-0.003815167096540854,0.00037685280898675476,0.0001601787834761202,0.00024101051572004634,0.003500170802893395,-0.0028148947540730025,0.0,0.0,0.0,0.0,0.0,-0.0009937995120730062,-0.00046465742312484657,0.0,0.0,0.0,0.0,0.0,0.0,0.0,0.0,-0.0019280872175865208,0.0005862241712913849,0.0008764031716325361,0.00047715913261754553,0.0027829356360699166,-0.0019153403813477405,0.0,0.0,0.0,0.0,0.0,-0.0009747109882387125,-0.00036237341041513193,0.0,0.0,0.0,0.0,0.0,0.0,0.0,0.0,-0.002592664071521087,0.0003242636324503134,0.0011021952860255924,0.000570703870575469,0.0033747950633466247,-0.003088011031202505,0.0,0.0,0.0,0.0,0.0,-0.0010594734861478204,-0.0005303343043612495,0.0,0.0,0.0,0.0,0.0,0.0,0.0,0.0,-0.003210978572709344,0.00012003806293796793,0.00026682777875972833,0.00028328985175612775,0.003069148305748913,-0.0028597554808605353,0.0,0.0,0.0,0.0,0.0,-0.001049590346590693,-0.000515590909115869,0.0,0.0,0.0,0.0,0.0,0.0,0.0,0.0,-0.0038296725449597953,-0.0009197559756407069,0.0014122435398773445,-0.0013029877391905766,0.003105384255904557,-0.00567534627531434,0.0,0.0,0.0,0.0,0.0,-0.0011298427522415362,-0.001645728139388449,0.0,0.0,0.0,0.0,0.0,0.0,0.0,0.0,-0.0021215781822918147,-0.0003532653144835135,0.0023538671618554413,-0.0004474693454711931,0.0034110798009817727,-0.004425360310391104,0.0,0.0,0.0,0.0,0.0,-0.001254012428967478,-0.0008856208714627333,0.0,0.0,-0.016539432129061293,0.017024117068426384,0.004134858217107879,0.008512058280534106,0.02731728091163541,-0.020197102740499538,0.0,0.0,0.0,0.0,0.0,-0.0006065281740929977,-0.000633125468044962,0.0,0.0
0.0,0.0,0.0,0.0980392175195585,0.0,0.0,0.005258510717794773,0.06845694942145848,-0.0026292553588973862,-0.3210803568448962,-0.1614517237316393,-0.016086038151246373,0.0,0.0,0.0,0.0,0.0,-0.005351793906534088,0.0019968749183483354,0.0,0.0,0.0,0.0,0.0,0.0,0.0,0.0,0.0008902723906908066,0.0023444081264647775,-0.00011128403414889241,0.001785082295126402,0.0022528386853340457,0.0032673443561014445,0.0,0.0,0.0,0.0,0.0,-0.0008937034822178201,0.0013933395402991584,0.0,0.0,0.0,0.0,0.0,0.0,0.0,0.0,0.00048676005216873584,0.0017001556670489602,-0.000166823894285326,0.003064478764096518,0.0027461299273376003,0.0033852219650080282,0.0,0.0,0.0,0.0,0.0,-0.0009168511088653032,0.0014150865344627161,0.0,0.0,0.0,0.0,0.0,0.0,0.0,0.0,0.0008558859938861125,0.0034997669067754087,-3.593414752901101e-5,0.00223822300640338,0.0028297238620038573,0.004618103670347503,0.0,0.0,0.0,0.0,0.0,-0.0006706836807273296,0.0014344441334429418,0.0,0.0,0.0,0.0,0.0,0.0,0.0,0.0,0.0010552306960343115,0.002231581229126126,-0.0004796502566756836,0.0018164030345417907,0.0017523308669079407,0.0039194554202911505,0.0,0.0,0.0,0.0,0.0,-0.0005230475627839803,0.00140689187496671,0.0,0.0,0.0,0.0,0.0,0.0,0.0,0.0,0.0009064429238370427,0.0019322964179310498,-0.0003853476926219354,0.0034008409653566106,0.003070020505340902,0.00452209583299925,0.0,0.0,0.0,0.0,0.0,-0.0007654812891462262,0.0015292375456825947,0.0,0.0,0.0,0.0,0.0,0.0,0.0,0.0,0.0005374958948204851,0.0014940012243157574,-4.466514878870997e-5,0.003525843178414166,0.0030428950451911467,0.003941445538271099,0.0,0.0,0.0,0.0,0.0,-0.0007442007626820377,0.0015149722825329402,0.0,0.0,0.0,0.0,0.0,0.0,0.0,0.0,-0.0023439364216026894,0.003130820371355793,0.0008643582526783286,0.004435329223757357,0.007159345716594476,0.002836250904825272,0.0,0.0,0.0,0.0,0.0,-0.0023754339241558262,0.0016308081136860513,0.0,0.0,0.0,0.0,0.0,0.0,0.0,0.0,-0.000547893653430395,0.002849925373032023,0.0006078818540666081,0.003609905045947842,0.004597473212614695,0.003341919267353241,0.0,0.0,0.0,0.0,0.0,-0.0012782997456644131,0.0018100338651250887,0.0,0.0,0.0294870071054702,0.019894096300439566,-0.007371752105910534,0.009947047853774675,0.028832910227446724,0.03902078254923662,0.0,0.0,0.0,0.0,0.0,-0.0009138494257015634,0.0008754590543928997,0.0,0.0
0.0,0.11904762445393628,0.0,0.0,0.0,0.0,-0.2748812942259422,-0.027978042389383166,0.13744064711297108,-0.05828758599507437,-0.02789080520837523,-0.45345276018017067,0.0,0.0,0.0,0.0,0.0,0.004289334613913234,0.015546997481776176,0.0,0.0,0.0,0.0,0.0,0.0,0.0,0.0,0.010544445676699413,-0.0010179559469930082,-0.0013180555356281886,-0.0007750933456010388,-0.009319836067933365,0.01040353606123941,0.0,0.0,0.0,0.0,0.0,0.0036971887964438654,0.002858990856447635,0.0,0.0,0.0,0.0,0.0,0.0,0.0,0.0,0.010100794499978414,-0.0002344024549494068,-0.0034617751936596376,-0.0004225032797681251,-0.010143627783000861,0.012576454155552192,0.0,0.0,0.0,0.0,0.0,0.003752613179185125,0.002929485259769776,0.0,0.0,0.0,0.0,0.0,0.0,0.0,0.0,0.015700034553170653,-0.0006621513038627158,-0.0006591618064488091,-0.000423468854213219,-0.013507518644583225,0.012572154474450063,0.0,0.0,0.0,0.0,0.0,0.003868088797928024,0.002241939120621261,0.0,0.0,0.0,0.0,0.0,0.0,0.0,0.0,0.008088776529939348,-0.0018265251834886493,-0.0036767161468656702,-0.0014867063061177383,-0.010862990287697665,0.00874715876084765,0.0,0.0,0.0,0.0,0.0,0.003827201608222506,0.0018198817430458997,0.0,0.0,0.0,0.0,0.0,0.0,0.0,0.0,0.010749765730618232,-0.0008372869701350255,-0.004569948434243386,-0.0014736247510324348,-0.01293897359861005,0.01365707843953572,0.0,0.0,0.0,0.0,0.0,0.004111191895573034,0.002532059409341822,0.0,0.0,0.0,0.0,0.0,0.0,0.0,0.0,0.013168366741316821,-0.00011689124757063174,-0.001094272654866796,-0.00027586336688043196,-0.011704912714236649,0.012586504354287941,0.0,0.0,0.0,0.0,0.0,0.004076346957713838,0.0024686711711711666,0.0,0.0,0.0,0.0,0.0,0.0,0.0,0.0,0.01496558659317269,0.0045100145439738604,-0.005518762436882187,0.006389187795464469,-0.010831420590489069,0.023742504442308313,0.0,0.0,0.0,0.0,0.0,0.003997702646776329,0.007085230925346187,0.0,0.0,0.0,0.0,0.0,0.0,0.0,0.0,0.008476798033541049,0.00214067899899282,-0.009404912199501759,0.002711526411653839,-0.012707570990892968,0.018793503435027045,0.0,0.0,0.0,0.0,0.0,0.004773787754921971,0.004043978416968176,0.0,0.0,0.07445326088688269,-0.06417778039370077,-0.018613316053800694,-0.03208888924052704,-0.10374711590582662,0.09166544484844127,0.0,0.0,0.0,0.0,0.0,0.002235656007789525,0.002787252940519837,0.0,0.0
0.0,0.0,0.0,0.0,0.0,0.0,0.0,0.0,0.0,0.0,376.99111843077515,0.0,0.0,0.0,0.0,0.0,0.0,0.0,0.0,0.0,0.0,0.0,0.0,0.0,0.0,0.0,0.0,0.0,0.0,0.0,0.0,0.0,0.0,0.0,0.0,0.0,0.0,0.0,0.0,0.0,0.0,0.0,0.0,0.0,0.0,0.0,0.0,0.0,0.0,0.0,0.0,0.0,0.0,0.0,0.0,0.0,0.0,0.0,0.0,0.0,0.0,0.0,0.0,0.0,0.0,0.0,0.0,0.0,0.0,0.0,0.0,0.0,0.0,0.0,0.0,0.0,0.0,0.0,0.0,0.0,0.0,0.0,0.0,0.0,0.0,0.0,0.0,0.0,0.0,0.0,0.0,0.0,0.0,0.0,0.0,0.0,0.0,0.0,0.0,0.0,0.0,0.0,0.0,0.0,0.0,0.0,0.0,0.0,0.0,0.0,0.0,0.0,0.0,0.0,0.0,0.0,0.0,0.0,0.0,0.0,0.0,0.0,0.0,0.0,0.0,0.0,0.0,0.0,0.0,0.0,0.0,0.0,0.0,0.0,0.0,0.0,0.0,0.0,0.0,0.0,0.0,0.0,0.0,0.0,0.0,0.0,0.0,0.0,0.0,0.0,0.0,0.0,0.0,0.0,0.0,0.0,0.0,0.0,0.0,0.0,0.0,0.0,0.0,0.0,0.0,0.0,0.0,0.0,0.0,0.0,0.0,0.0,0.0,0.0,0.0,0.0,0.0,0.0,0.0,0.0,0.0,0.0,0.0,0.0,0.0,0.0,0.0,0.0,0.0,0.0,0.0,0.0,0.0,0.0,0.0,0.0,0.0,0.0,0.0,0.0,0.0,0.0,0.0,0.0
0.0,0.0,0.0,0.0,0.0,0.0,0.0,0.0,0.0,0.0,0.0,0.0,0.0,0.0,2.3866348122758145,0.0,0.0,-0.9983074885901808,-0.05815632575022289,0.0,0.0,0.0,0.0,0.0,0.0,0.0,0.0,0.0,0.0,0.0,0.0,0.0,0.0,0.0,0.0,0.0,0.0,0.0,0.0,0.0,0.0,0.0,0.0,0.0,0.0,0.0,0.0,0.0,0.0,0.0,0.0,0.0,0.0,0.0,0.0,0.0,0.0,0.0,0.0,0.0,0.0,0.0,0.0,0.0,0.0,0.0,0.0,0.0,0.0,0.0,0.0,0.0,0.0,0.0,0.0,0.0,0.0,0.0,0.0,0.0,0.0,0.0,0.0,0.0,0.0,0.0,0.0,0.0,0.0,0.0,0.0,0.0,0.0,0.0,0.0,0.0,0.0,0.0,0.0,0.0,0.0,0.0,0.0,0.0,0.0,0.0,0.0,0.0,0.0,0.0,0.0,0.0,0.0,0.0,0.0,0.0,0.0,0.0,0.0,0.0,0.0,0.0,0.0,0.0,0.0,0.0,0.0,0.0,0.0,0.0,0.0,0.0,0.0,0.0,0.0,0.0,0.0,0.0,0.0,0.0,0.0,0.0,0.0,0.0,0.0,0.0,0.0,0.0,0.0,0.0,0.0,0.0,0.0,0.0,0.0,0.0,0.0,0.0,0.0,0.0,0.0,0.0,0.0,0.0,0.0,0.0,0.0,0.0,0.0,0.0,0.0,0.0,0.0,0.0,0.0,0.0,0.0,0.0,0.0,0.0,0.0,0.0,0.0,0.0,0.0,0.0,0.0,0.0,0.0,0.0,0.0,0.0,0.0,0.0,0.0,0.0,0.0,0.0,0.0,0.0,0.0,0.0,0.0,0.0
0.0,0.0,0.0,0.0,0.0,0.0,0.0,0.0,0.0,0.0,0.0,0.0,0.0,0.0,1.3953047840655022,0.0,0.0,0.05815632575022289,-0.9983074885901808,1.0,98.17477042468103,0.0,0.0,0.0,0.0,0.0,0.0,0.0,0.0,0.0,0.0,0.0,0.0,0.0,0.0,0.0,0.0,0.0,0.0,0.0,0.0,0.0,0.0,0.0,0.0,0.0,0.0,0.0,0.0,0.0,0.0,0.0,0.0,0.0,0.0,0.0,0.0,0.0,0.0,0.0,0.0,0.0,0.0,0.0,0.0,0.0,0.0,0.0,0.0,0.0,0.0,0.0,0.0,0.0,0.0,0.0,0.0,0.0,0.0,0.0,0.0,0.0,0.0,0.0,0.0,0.0,0.0,0.0,0.0,0.0,0.0,0.0,0.0,0.0,0.0,0.0,0.0,0.0,0.0,0.0,0.0,0.0,0.0,0.0,0.0,0.0,0.0,0.0,0.0,0.0,0.0,0.0,0.0,0.0,0.0,0.0,0.0,0.0,0.0,0.0,0.0,0.0,0.0,0.0,0.0,0.0,0.0,0.0,0.0,0.0,0.0,0.0,0.0,0.0,0.0,0.0,0.0,0.0,0.0,0.0,0.0,0.0,0.0,0.0,0.0,0.0,0.0,0.0,0.0,0.0,0.0,0.0,0.0,0.0,0.0,0.0,0.0,0.0,0.0,0.0,0.0,0.0,0.0,0.0,0.0,0.0,0.0,0.0,0.0,0.0,0.0,0.0,0.0,0.0,0.0,0.0,0.0,0.0,0.0,0.0,0.0,0.0,0.0,0.0,0.0,0.0,0.0,0.0,0.0,0.0,0.0,0.0,0.0,0.0,0.0,0.0,0.0,0.0,0.0,0.0,0.0,0.0,0.0,0.0
0.0,0.0,0.0,0.0,0.0,0.0,0.0,0.0,0.0,0.0,0.0,0.0,0.0,0.0,0.0,1.0,0.0,0.0,0.0,0.0,0.0,0.0,0.0,0.0,0.0,0.0,0.0,0.0,0.0,0.0,0.0,0.0,0.0,0.0,0.0,0.0,0.0,0.0,0.0,0.0,0.0,0.0,0.0,0.0,0.0,0.0,0.0,0.0,0.0,0.0,0.0,0.0,0.0,0.0,0.0,0.0,0.0,0.0,0.0,0.0,0.0,0.0,0.0,0.0,0.0,0.0,0.0,0.0,0.0,0.0,0.0,0.0,0.0,0.0,0.0,0.0,0.0,0.0,0.0,0.0,0.0,0.0,0.0,0.0,0.0,0.0,0.0,0.0,0.0,0.0,0.0,0.0,0.0,0.0,0.0,0.0,0.0,0.0,0.0,0.0,0.0,0.0,0.0,0.0,0.0,0.0,0.0,0.0,0.0,0.0,0.0,0.0,0.0,0.0,0.0,0.0,0.0,0.0,0.0,0.0,0.0,0.0,0.0,0.0,0.0,0.0,0.0,0.0,0.0,0.0,0.0,0.0,0.0,0.0,0.0,0.0,0.0,0.0,0.0,0.0,0.0,0.0,0.0,0.0,0.0,0.0,0.0,0.0,0.0,0.0,0.0,0.0,0.0,0.0,0.0,0.0,0.0,0.0,0.0,0.0,0.0,0.0,0.0,0.0,0.0,0.0,0.0,0.0,0.0,0.0,0.0,0.0,0.0,0.0,0.0,0.0,0.0,0.0,0.0,0.0,0.0,0.0,0.0,0.0,0.0,0.0,0.0,0.0,0.0,0.0,0.0,0.0,0.0,0.0,0.0,0.0,0.0,0.0,0.0,0.0,0.0,0.0,0.0,0.0
0.0,0.0,0.0,0.0,0.0,0.0,6594.028219029106,-417.18600918939256,-3297.0141095145527,-869.1374846081469,-2810.176338689163,10558.28015610738,0.0,0.0,-65136.84907484479,-1884.9555921538756,1884.9555921538756,412.8386760351779,1898.4330106802022,0.0,0.0,0.0,0.0,0.0,0.0,0.0,0.0,1278.8537241136082,-77.78665115725725,-159.85669441603935,-59.228413436434835,-1073.2054046940736,1306.6594411247916,0.0,0.0,0.0,0.0,0.0,425.7417157979911,368.3932396727884,0.0,0.0,0.0,0.0,0.0,0.0,0.0,0.0,1218.1675148039074,3.8938530046187907,-417.49409756620514,7.018551344700957,-1162.5392362855462,1568.9632706839202,0.0,0.0,0.0,0.0,0.0,431.94075642825965,377.2397924077246,0.0,0.0,0.0,0.0,0.0,0.0,0.0,0.0,1895.308424552417,-13.485938086834578,-79.57402390896752,-8.624727786998752,-1563.6109514908364,1591.6179845358074,0.0,0.0,0.0,0.0,0.0,450.3888599241276,295.307380629266,0.0,0.0,0.0,0.0,0.0,0.0,0.0,0.0,988.0211529615154,-176.68911015016513,-449.10046817249366,-143.81669448480102,-1267.3200302860364,1120.6535183120382,0.0,0.0,0.0,0.0,0.0,448.26935034858064,244.2712155149185,0.0,0.0,0.0,0.0,0.0,0.0,0.0,0.0,1303.7335063053335,-63.90613841504562,-554.2441616974705,-112.47477946077305,-1491.0427936929307,1719.6742671738798,0.0,0.0,0.0,0.0,0.0,477.7056952506657,331.8149197973505,0.0,0.0,0.0,0.0,0.0,0.0,0.0,0.0,1586.295657045254,14.085188268646979,-131.81892592588872,33.24104703892279,-1343.8409926648924,1580.6192631542758,0.0,0.0,0.0,0.0,0.0,473.9348339447073,323.95954631531447,0.0,0.0,0.0,0.0,0.0,0.0,0.0,0.0,1747.2644932339474,598.6656116589078,-644.327410257111,848.1096861840929,-1161.9280357249895,2895.1727924622755,0.0,0.0,0.0,0.0,0.0,433.86593445779204,878.7179772540126,0.0,0.0,0.0,0.0,0.0,0.0,0.0,0.0,1004.338308115317,309.7879300849301,-1114.3020712591997,392.3979984070832,-1434.6397405937937,2312.302468940195,0.0,0.0,0.0,0.0,0.0,547.3781321096657,518.0618240424847,0.0,0.0,9465.867207524796,-7307.926283012522,-2366.4669076705077,-3653.9630326096844,-11876.212855289117,11705.25546325011,0.0,0.0,0.0,0.0,0.0,250.4241810796778,350.0740795461006,0.0,0.0
0.0,0.0,0.0,0.0,0.0,0.0,27.99192232292407,-1.7709718514306858,-13.99596116146203,-3.689524543872061,-11.929314703158536,44.82033563953175,0.0,0.0,-276.5086164480418,0.0,0.0,1.7525172425144737,8.058926593137851,0.0,0.0,0.0,0.0,0.0,0.0,0.0,0.0,5.428786914266658,-0.3302075491079614,-0.678598274720764,-0.2514270629655912,-4.55580129882459,5.546823332197677,0.0,0.0,0.0,0.0,0.0,1.8072911795940825,1.5638445282130393,0.0,0.0,0.0,0.0,0.0,0.0,0.0,0.0,5.171171447567915,0.01652956693870834,-1.772279699323639,0.029794040537067915,-4.935027106124193,6.660313929771389,0.0,0.0,0.0,0.0,0.0,1.8336063632777637,1.6013985102034967,0.0,0.0,0.0,0.0,0.0,0.0,0.0,0.0,8.04566259588533,-0.057248364556440945,-0.3377950203116183,-0.03661232591837177,-6.637593113583806,6.756484126398704,0.0,0.0,0.0,0.0,0.0,1.911919325083322,1.253592035913017,0.0,0.0,0.0,0.0,0.0,0.0,0.0,0.0,4.194190629529445,-0.7500525752008714,-1.906450048848022,-0.6105078120746943,-5.379825907277622,4.757220502177483,0.0,0.0,0.0,0.0,0.0,1.9029219193351647,1.0369414056627442,0.0,0.0,0.0,0.0,0.0,0.0,0.0,0.0,5.534402617959322,-0.2712841988315572,-2.3527893734816425,-0.47746008742703533,-6.329538284468173,7.300088338801531,0.0,0.0,0.0,0.0,0.0,2.0278804200573965,1.4085680485489769,0.0,0.0,0.0,0.0,0.0,0.0,0.0,0.0,6.733890626227929,0.059792206345422524,-0.5595767886707722,0.14110961854257784,-5.704660555209977,6.7097940995536804,0.0,0.0,0.0,0.0,0.0,2.011872957962785,1.375221663452814,0.0,0.0,0.0,0.0,0.0,0.0,0.0,0.0,7.41720998873876,2.541360264519669,-2.7351964867847447,3.6002606704767945,-4.932432534483529,12.290128162354087,0.0,0.0,0.0,0.0,0.0,1.8417788235813086,3.7301941311183677,0.0,0.0,0.0,0.0,0.0,0.0,0.0,0.0,4.2634576275502045,1.315062566837723,-4.730258346930989,1.6657457211639317,-6.090104992907394,9.815819548799201,0.0,0.0,0.0,0.0,0.0,2.323642794106368,2.1991938547094616,0.0,0.0,40.18299752304694,-31.022449110152763,-10.045749829841725,-15.511224092805914,-50.41501441810827,49.68929322318288,0.0,0.0,0.0,0.0,0.0,1.0630609987890423,1.4860789363389186,0.0,0.0
0.0,0.0,0.0,0.0,0.0,0.0,-1320.2298197562018,121.86618685396131,660.1149098781008,253.88787919048812,685.20499183041,-2102.683717306954,3.5470439938908406e6,-206632.77428721104,22683.91650536297,0.0,0.0,-4001.174312699254,-755.1374138013804,-219.24418288401017,-21524.247321584477,0.0,0.0,0.0,0.0,0.0,0.0,-256.5702113354797,25.292424887557424,32.07127218411326,19.258191164724845,227.4271397451297,-252.62721758134737,0.0,0.0,0.0,0.0,0.0,-90.2205861716857,-69.31769844532172,0.0,0.0,0.0,0.0,0.0,0.0,0.0,0.0,-245.85398624452966,6.073845666478847,84.25983033765013,10.947921665097816,247.59303548958817,-305.5133491979076,0.0,0.0,0.0,0.0,0.0,-91.57517792630834,-71.02958602983611,0.0,0.0,0.0,0.0,0.0,0.0,0.0,0.0,-382.11846980034346,16.877173750903783,16.043143088508803,10.793541278194667,329.52325418270954,-305.14321111307737,0.0,0.0,0.0,0.0,0.0,-94.33406024240345,-54.28336767292289,0.0,0.0,0.0,0.0,0.0,0.0,0.0,0.0,-196.73807285496252,44.957149584445865,89.42638562107727,36.59302285918331,264.89586408951476,-212.1533030555912,0.0,0.0,0.0,0.0,0.0,-93.30665320285155,-44.01201702028249,0.0,0.0,0.0,0.0,0.0,0.0,0.0,0.0,-261.56636337948106,20.804328401397843,111.19728771131558,36.61561012464205,315.730668206249,-331.58225695104187,0.0,0.0,0.0,0.0,0.0,-100.27413740574184,-61.32751522925549,0.0,0.0,0.0,0.0,0.0,0.0,0.0,0.0,-320.5397951492882,3.1680111464105996,26.63640370281753,7.476506918411379,285.67490318561795,-305.63832123144846,0.0,0.0,0.0,0.0,0.0,-99.42106616487271,-59.787055075597245,0.0,0.0,0.0,0.0,0.0,0.0,0.0,0.0,-364.9232597192911,-109.14677192253913,134.57038690365667,-154.62460625844778,265.2912563190132,-577.5297745563553,0.0,0.0,0.0,0.0,0.0,-97.85724650497939,-172.17737471432395,0.0,0.0,0.0,0.0,0.0,0.0,0.0,0.0,-206.5317190679727,-51.5128866359957,229.14462236338477,-65.2496486954609,310.4247729884758,-456.9105546769728,0.0,0.0,0.0,0.0,0.0,-116.51904741771928,-98.08295223162888,0.0,0.0,-1806.6210843525143,1567.0403508445256,451.65529127869246,783.5201520715443,2532.495584998285,-2223.6927105715286,0.0,0.0,0.0,0.0,0.0,-54.63595782026127,-67.68234813358255,0.0,0.0
0.0,0.0,0.0,0.0,0.0,0.0,-250.50271069629972,-642.2739836122563,125.25135534814981,-1338.0707460220465,-1997.1475927875892,-594.264845887827,206632.77428721104,3.5470439938908406e6,5864.913825310212,0.0,0.0,755.1374138013804,-4001.174312699254,3763.530566614306,369483.74936362915,0.0,0.0,0.0,0.0,0.0,0.0,-39.600548182756135,-163.8685093105116,4.950067869526036,-124.77297420908126,-174.73535209732728,-203.90732305447074,0.0,0.0,0.0,0.0,0.0,69.31769844532175,-90.22058617168565,0.0,0.0,0.0,0.0,0.0,0.0,0.0,0.0,-12.677049978467933,-117.79390090551475,4.344717353108959,-212.31991567666512,-210.47711289940912,-207.54276055851366,0.0,0.0,0.0,0.0,0.0,71.02958602983604,-91.57517792630844,0.0,0.0,0.0,0.0,0.0,0.0,0.0,0.0,-26.555777711680822,-242.85034610051383,1.1149373174181645,-155.31126678833843,-223.20830065927413,-292.6190070441342,0.0,0.0,0.0,0.0,0.0,54.283367672922736,-94.33406024240354,0.0,0.0,0.0,0.0,0.0,0.0,0.0,0.0,-56.06574573583154,-157.7573410326284,25.484426707798125,-128.40711744341124,-143.39527185568423,-252.3309247992911,0.0,0.0,0.0,0.0,0.0,44.01201702028234,-93.30665320285162,0.0,0.0,0.0,0.0,0.0,0.0,0.0,0.0,-40.291279640008355,-135.05931236551362,17.128658886032216,-237.704338725283,-238.61158107183726,-283.74877261686777,0.0,0.0,0.0,0.0,0.0,61.32751522925537,-100.27413740574204,0.0,0.0,0.0,0.0,0.0,0.0,0.0,0.0,-9.827838576614626,-103.32624370912058,0.8166794882080366,-243.84995514298524,-234.1854315477033,-245.90071010089554,0.0,0.0,0.0,0.0,0.0,59.78705507559708,-99.42106616487287,0.0,0.0,0.0,0.0,0.0,0.0,0.0,0.0,192.70777876203195,-206.68701623610048,-71.06359941895481,-292.80663038684736,-516.4074050821719,-146.55052049109048,0.0,0.0,0.0,0.0,0.0,172.177374714324,-97.85724650497941,0.0,0.0,0.0,0.0,0.0,0.0,0.0,0.0,55.351105514505015,-192.2101633236169,-61.41142981695135,-243.4661781077406,-343.5249628329642,-191.68553625705536,0.0,0.0,0.0,0.0,0.0,98.08295223162887,-116.5190474177193,0.0,0.0,-1880.4483855203366,-1505.5175987101088,470.1121173957325,-752.7587769210962,-2204.1940968389813,-2502.637863163411,0.0,0.0,0.0,0.0,0.0,67.68234813358251,-54.635957820261275,0.0,0.0
0.0,0.0,0.0,0.0,0.0,0.0,0.0,0.0,0.0,0.0,0.0,0.0,0.0,0.0,0.0,0.0,0.0,0.0,0.0,0.0,771.0628438351062,0.0,0.0,0.0,0.0,0.0,0.0,0.0,0.0,0.0,0.0,0.0,0.0,0.0,0.0,0.0,0.0,0.0,0.0,0.0,0.0,0.0,0.0,0.0,0.0,0.0,0.0,0.0,0.0,0.0,0.0,0.0,0.0,0.0,0.0,0.0,0.0,0.0,0.0,0.0,0.0,0.0,0.0,0.0,0.0,0.0,0.0,0.0,0.0,0.0,0.0,0.0,0.0,0.0,0.0,0.0,0.0,0.0,0.0,0.0,0.0,0.0,0.0,0.0,0.0,0.0,0.0,0.0,0.0,0.0,0.0,0.0,0.0,0.0,0.0,0.0,0.0,0.0,0.0,0.0,0.0,0.0,0.0,0.0,0.0,0.0,0.0,0.0,0.0,0.0,0.0,0.0,0.0,0.0,0.0,0.0,0.0,0.0,0.0,0.0,0.0,0.0,0.0,0.0,0.0,0.0,0.0,0.0,0.0,0.0,0.0,0.0,0.0,0.0,0.0,0.0,0.0,0.0,0.0,0.0,0.0,0.0,0.0,0.0,0.0,0.0,0.0,0.0,0.0,0.0,0.0,0.0,0.0,0.0,0.0,0.0,0.0,0.0,0.0,0.0,0.0,0.0,0.0,0.0,0.0,0.0,0.0,0.0,0.0,0.0,0.0,0.0,0.0,0.0,0.0,0.0,0.0,0.0,0.0,0.0,0.0,0.0,0.0,0.0,0.0,0.0,0.0,0.0,0.0,0.0,0.0,0.0,0.0,0.0,0.0,0.0,0.0,0.0,0.0,0.0,0.0,0.0,0.0,0.0
0.0,0.0,0.0,0.0,0.0,0.0,0.0,0.0,0.0,0.0,0.0,0.0,126.24420266319957,-215.93763051976381,0.5410780212149423,0.0,0.0,-0.1447454920894847,-0.1357628661142303,-0.2291169419784782,-22.49350317914206,0.0,0.0,0.0,0.0,0.0,0.0,0.0,0.0,0.0,0.0,0.0,0.0,0.0,0.0,0.0,0.0,0.0,0.0,0.0,0.0,0.0,0.0,0.0,0.0,0.0,0.0,0.0,0.0,0.0,0.0,0.0,0.0,0.0,0.0,0.0,0.0,0.0,0.0,0.0,0.0,0.0,0.0,0.0,0.0,0.0,0.0,0.0,0.0,0.0,0.0,0.0,0.0,0.0,0.0,0.0,0.0,0.0,0.0,0.0,0.0,0.0,0.0,0.0,0.0,0.0,0.0,0.0,0.0,0.0,0.0,0.0,0.0,0.0,0.0,0.0,0.0,0.0,0.0,0.0,0.0,0.0,0.0,0.0,0.0,0.0,0.0,0.0,0.0,0.0,0.0,0.0,0.0,0.0,0.0,0.0,0.0,0.0,0.0,0.0,0.0,0.0,0.0,0.0,0.0,0.0,0.0,0.0,0.0,0.0,0.0,0.0,0.0,0.0,0.0,0.0,0.0,0.0,0.0,0.0,0.0,0.0,0.0,0.0,0.0,0.0,0.0,0.0,0.0,0.0,0.0,0.0,0.0,0.0,0.0,0.0,0.0,0.0,0.0,0.0,0.0,0.0,0.0,0.0,0.0,0.0,0.0,0.0,0.0,0.0,0.0,0.0,0.0,0.0,0.0,0.0,0.0,0.0,0.0,0.0,0.0,0.0,0.0,0.0,0.0,0.0,0.0,0.0,0.0,0.0,0.0,0.0,0.0,0.0,0.0,0.0,0.0,0.0,0.0,0.0,0.0,0.0,0.0,0.0
0.0,0.0,0.0,0.0,0.0,0.0,0.0,0.0,0.0,0.0,0.0,0.0,0.0,0.0,0.0,0.0,0.0,0.0,0.0,0.0,0.0,-2.0,0.0,0.0,0.0,0.0,0.0,0.0,0.0,0.0,0.0,-40.0,0.0,0.0,0.0,0.0,0.0,0.0,0.0,0.0,0.0,0.0,0.0,0.0,0.0,0.0,0.0,0.0,0.0,0.0,0.0,0.0,0.0,0.0,0.0,0.0,0.0,0.0,0.0,0.0,0.0,0.0,0.0,0.0,0.0,0.0,0.0,0.0,0.0,0.0,0.0,0.0,0.0,0.0,0.0,0.0,0.0,0.0,0.0,0.0,0.0,0.0,0.0,0.0,0.0,0.0,0.0,0.0,0.0,0.0,0.0,0.0,0.0,0.0,0.0,0.0,0.0,0.0,0.0,0.0,0.0,0.0,0.0,0.0,0.0,0.0,0.0,0.0,0.0,0.0,0.0,0.0,0.0,0.0,0.0,0.0,0.0,0.0,0.0,0.0,0.0,0.0,0.0,0.0,0.0,0.0,0.0,0.0,0.0,0.0,0.0,0.0,0.0,0.0,0.0,0.0,0.0,0.0,0.0,0.0,0.0,0.0,0.0,0.0,0.0,0.0,0.0,0.0,0.0,0.0,0.0,0.0,0.0,0.0,0.0,0.0,0.0,0.0,0.0,0.0,0.0,0.0,0.0,0.0,0.0,0.0,0.0,0.0,0.0,0.0,0.0,0.0,0.0,0.0,0.0,0.0,0.0,0.0,0.0,0.0,0.0,0.0,0.0,0.0,0.0,0.0,0.0,0.0,0.0,0.0,0.0,0.0,0.0,0.0,0.0,0.0,0.0,0.0,0.0,0.0,0.0,0.0,0.0,0.0
0.0,0.0,0.0,0.0,0.0,0.0,0.0,0.0,0.0,0.0,0.0,0.0,0.0,0.0,0.0,0.0,0.0,0.0,0.0,0.0,0.0,-0.4444444444444445,-0.1388888888888889,0.0,0.0,0.0,0.0,0.0,0.0,0.0,0.0,-11.666666666666666,0.0,0.0,0.0,0.0,0.0,0.0,0.0,0.0,0.0,0.0,0.0,0.0,0.0,0.0,0.0,0.0,0.0,0.0,0.0,0.0,0.0,0.0,0.0,0.0,0.0,0.0,0.0,0.0,0.0,0.0,0.0,0.0,0.0,0.0,0.0,0.0,0.0,0.0,0.0,0.0,0.0,0.0,0.0,0.0,0.0,0.0,0.0,0.0,0.0,0.0,0.0,0.0,0.0,0.0,0.0,0.0,0.0,0.0,0.0,0.0,0.0,0.0,0.0,0.0,0.0,0.0,0.0,0.0,0.0,0.0,0.0,0.0,0.0,0.0,0.0,0.0,0.0,0.0,0.0,0.0,0.0,0.0,0.0,0.0,0.0,0.0,0.0,0.0,0.0,0.0,0.0,0.0,0.0,0.0,0.0,0.0,0.0,0.0,0.0,0.0,0.0,0.0,0.0,0.0,0.0,0.0,0.0,0.0,0.0,0.0,0.0,0.0,0.0,0.0,0.0,0.0,0.0,0.0,0.0,0.0,0.0,0.0,0.0,0.0,0.0,0.0,0.0,0.0,0.0,0.0,0.0,0.0,0.0,0.0,0.0,0.0,0.0,0.0,0.0,0.0,0.0,0.0,0.0,0.0,0.0,0.0,0.0,0.0,0.0,0.0,0.0,0.0,0.0,0.0,0.0,0.0,0.0,0.0,0.0,0.0,0.0,0.0,0.0,0.0,0.0,0.0,0.0,0.0,0.0,0.0,0.0,0.0
0.0,0.0,0.0,0.0,0.0,0.0,0.0,0.0,0.0,0.0,0.0,0.0,0.0,0.0,0.0,0.0,0.0,0.0,0.0,0.0,0.0,0.0,0.0,-2.0,-0.09013336800799776,0.2814814814814815,0.0,0.0,0.0,0.0,0.0,0.0,0.0,0.0,0.0,0.0,0.0,0.0,0.0,0.0,0.0,0.0,0.0,0.0,0.0,0.0,0.0,0.0,0.0,0.0,0.0,0.0,0.0,0.0,0.0,0.0,0.0,0.0,0.0,0.0,0.0,0.0,0.0,0.0,0.0,0.0,0.0,0.0,0.0,0.0,0.0,0.0,0.0,0.0,0.0,0.0,0.0,0.0,0.0,0.0,0.0,0.0,0.0,0.0,0.0,0.0,0.0,0.0,0.0,0.0,0.0,0.0,0.0,0.0,0.0,0.0,0.0,0.0,0.0,0.0,0.0,0.0,0.0,0.0,0.0,0.0,0.0,0.0,0.0,0.0,0.0,0.0,0.0,0.0,0.0,0.0,0.0,0.0,0.0,0.0,0.0,0.0,0.0,0.0,0.0,0.0,0.0,0.0,0.0,0.0,0.0,0.0,0.0,0.0,0.0,0.0,0.0,0.0,0.0,0.0,0.0,0.0,0.0,0.0,0.0,0.0,0.0,0.0,0.0,0.0,0.0,0.0,0.0,0.0,0.0,0.0,0.0,0.0,0.0,0.0,0.0,0.0,0.0,0.0,0.0,0.0,0.0,0.0,0.0,0.0,0.0,0.0,0.0,0.0,0.0,0.0,0.0,0.0,0.0,0.0,0.0,0.0,0.0,0.0,0.0,0.0,0.0,0.0,0.0,0.0,0.0,0.0,0.0,0.0,0.0,0.0,0.0,0.0,0.0,0.0,0.0,0.0,0.0,0.0
0.0,0.0,0.0,0.0,0.0,0.0,0.0,0.0,0.0,0.0,0.0,0.0,0.0,0.0,0.0,0.0,0.0,0.0,0.0,0.0,0.0,0.0,0.0,0.0,-0.7906435790175242,2.4691358024691357,0.0,0.0,0.0,0.0,0.0,0.0,0.0,0.0,0.0,0.0,0.0,0.0,0.0,0.0,0.0,0.0,0.0,0.0,0.0,0.0,0.0,0.0,0.0,0.0,0.0,0.0,0.0,0.0,0.0,0.0,0.0,0.0,0.0,0.0,0.0,0.0,0.0,0.0,0.0,0.0,0.0,0.0,0.0,0.0,0.0,0.0,0.0,0.0,0.0,0.0,0.0,0.0,0.0,0.0,0.0,0.0,0.0,0.0,0.0,0.0,0.0,0.0,0.0,0.0,0.0,0.0,0.0,0.0,0.0,0.0,0.0,0.0,0.0,0.0,0.0,0.0,0.0,0.0,0.0,0.0,0.0,0.0,0.0,0.0,0.0,0.0,0.0,0.0,0.0,0.0,0.0,0.0,0.0,0.0,0.0,0.0,0.0,0.0,0.0,0.0,0.0,0.0,0.0,0.0,0.0,0.0,0.0,0.0,0.0,0.0,0.0,0.0,0.0,0.0,0.0,0.0,0.0,0.0,0.0,0.0,0.0,0.0,0.0,0.0,0.0,0.0,0.0,0.0,0.0,0.0,0.0,0.0,0.0,0.0,0.0,0.0,0.0,0.0,0.0,0.0,0.0,0.0,0.0,0.0,0.0,0.0,0.0,0.0,0.0,0.0,0.0,0.0,0.0,0.0,0.0,0.0,0.0,0.0,0.0,0.0,0.0,0.0,0.0,0.0,0.0,0.0,0.0,0.0,0.0,0.0,0.0,0.0,0.0,0.0,0.0,0.0,0.0,0.0
0.0,0.0,0.0,0.0,0.0,0.0,0.0,0.0,0.0,0.0,0.0,0.0,0.0,0.0,0.0,0.0,0.0,0.0,0.0,0.0,0.0,0.0,0.0,-124.0,0.0,-20.0,-124.0,0.0,0.0,0.0,0.0,0.0,0.0,0.0,0.0,0.0,0.0,0.0,0.0,0.0,0.0,0.0,0.0,0.0,0.0,0.0,0.0,0.0,0.0,0.0,0.0,0.0,0.0,0.0,0.0,0.0,0.0,0.0,0.0,0.0,0.0,0.0,0.0,0.0,0.0,0.0,0.0,0.0,0.0,0.0,0.0,0.0,0.0,0.0,0.0,0.0,0.0,0.0,0.0,0.0,0.0,0.0,0.0,0.0,0.0,0.0,0.0,0.0,0.0,0.0,0.0,0.0,0.0,0.0,0.0,0.0,0.0,0.0,0.0,0.0,0.0,0.0,0.0,0.0,0.0,0.0,0.0,0.0,0.0,0.0,0.0,0.0,0.0,0.0,0.0,0.0,0.0,0.0,0.0,0.0,0.0,0.0,0.0,0.0,0.0,0.0,0.0,0.0,0.0,0.0,0.0,0.0,0.0,0.0,0.0,0.0,0.0,0.0,0.0,0.0,0.0,0.0,0.0,0.0,0.0,0.0,0.0,0.0,0.0,0.0,0.0,0.0,0.0,0.0,0.0,0.0,0.0,0.0,0.0,0.0,0.0,0.0,0.0,0.0,0.0,0.0,0.0,0.0,0.0,0.0,0.0,0.0,0.0,0.0,0.0,0.0,0.0,0.0,0.0,0.0,0.0,0.0,0.0,0.0,0.0,0.0,0.0,0.0,0.0,0.0,0.0,0.0,0.0,0.0,0.0,0.0,0.0,0.0,0.0,0.0,0.0,0.0,0.0,0.0
0.0,0.0,0.0,0.0,0.0,0.0,2.2885577708113582,1.0164365785799763,-1.1442788854056787,2.1175761212300355,2.7369288092254576,4.005238755971586,0.0,0.0,0.0,0.0,0.0,-0.5516127175662778,0.7179526128936341,0.0,0.0,0.0,0.0,0.0,0.0,0.0,-100.0,-4.1579861329249015,4.609169995320412,0.5197481980183511,3.50952023284497,8.937856772589894,0.03368626380819869,0.0,0.0,0.0,0.0,0.0,-3.5456572071621206,0.8670340715785891,0.0,0.0,0.0,0.0,0.0,0.0,0.0,0.0,-0.8149478405050747,1.4695005499941027,0.27930141717000445,2.648729946653409,3.560279423983969,1.340866083418523,0.0,0.0,0.0,0.0,0.0,-1.2331449777769778,0.8433858196868212,0.0,0.0,0.0,0.0,0.0,0.0,0.0,0.0,0.31603095969982414,1.8459035799896253,-0.013268476421755215,1.1805197232811813,1.6032259712773624,2.3209836330187166,0.0,0.0,0.0,0.0,0.0,-0.38567684465167185,0.7351244244513968,0.0,0.0,0.0,0.0,0.0,0.0,0.0,0.0,0.48581864843034667,1.1890035154714045,-0.22082663089045756,0.9677934037959469,1.0141367927384854,1.9862688981472705,0.0,0.0,0.0,0.0,0.0,-0.30769764127325383,0.724239451793585,0.0,0.0,0.0,0.0,0.0,0.0,0.0,0.0,0.3848692678552384,1.0231893004134613,-0.16361591053224678,1.8008127820712214,1.7247260632864707,2.261240005936722,0.0,0.0,0.0,0.0,0.0,-0.43759851042922765,0.7824924065484302,0.0,0.0,0.0,0.0,0.0,0.0,0.0,0.0,0.1702244568303458,0.7865752607531523,-0.014145411648853681,1.8563177675480271,1.699929249953143,1.965059960829495,0.0,0.0,0.0,0.0,0.0,-0.42611132995715223,0.775532496914633,0.0,0.0,0.0,0.0,0.0,0.0,0.0,0.0,-0.09290173373379305,1.0341935760498262,0.034258770630827315,1.4651076864207115,1.579452724075116,1.6670920478193447,0.0,0.0,0.0,0.0,0.0,-0.5090506140541946,0.714630831381408,0.0,0.0,0.0,0.0,0.0,0.0,0.0,0.0,0.06587645677802363,1.1035828969954429,-0.0730891888139951,1.3978715043500274,1.2747564800340334,1.803460083133411,0.0,0.0,0.0,0.0,0.0,-0.31563319909396703,0.7848747908128965,0.0,0.0,15.274049051913881,10.917699440512527,-3.8185124336792686,5.458849557569879,15.88071861005879,20.24921206647933,0.0,0.0,0.0,0.0,0.0,-0.4976971144054863,0.4503924608028946,0.0,0.0
0.0,0.0,0.0,0.0,0.0,0.0,-0.05405778624256542,-1.1626672893878982,0.027028893121282586,-2.4222234233076105,-3.7047421799661615,-0.42881020723093244,0.0,0.0,0.0,0.0,0.0,0.694418531786838,-0.07488313848253862,0.0,0.0,0.0,0.0,0.0,0.0,0.0,0.0,-90.90170556631553,-0.974751317847275,-20.780144838527324,-0.7421964204944672,46.34615883534366,-48.984853479462444,0.0,0.0,0.0,0.0,0.0,2.3730202201051402,1.515776511666719,0.0,0.0,0.0,0.0,0.0,0.0,0.0,0.0,2.145100228426234,-0.565254917346514,-0.7351753130603171,-1.018854757880028,-3.128538010454843,1.833795066107208,0.0,0.0,0.0,0.0,0.0,1.1275556942914395,0.23844092772779457,0.0,0.0,0.0,0.0,0.0,0.0,0.0,0.0,1.4517368716995842,-1.0956658809017181,-0.06095078934998821,-0.700716546927114,-2.292281260411994,0.01196549320187213,0.0,0.0,0.0,0.0,0.0,0.6155744957914239,-0.17659382260327258,0.0,0.0,0.0,0.0,0.0,0.0,0.0,0.0,0.5682368519953902,-0.8508869064973734,-0.2582894460296378,-0.6925822546100804,-1.6903747302208785,-0.19833059504265638,0.0,0.0,0.0,0.0,0.0,0.5679498291816055,-0.21429092231034558,0.0,0.0,0.0,0.0,0.0,0.0,0.0,0.0,0.900258856210229,-0.6560802666575538,-0.3827187171747851,-1.1547010213889002,-2.3009422571073923,0.1576760560421155,0.0,0.0,0.0,0.0,0.0,0.669664329283794,-0.1728725969112804,0.0,0.0,0.0,0.0,0.0,0.0,0.0,0.0,1.2704110927510046,-0.4497520581160922,-0.10556936532418092,-1.0614149441628606,-2.159214859242491,0.21148172453956188,0.0,0.0,0.0,0.0,0.0,0.6596608397622601,-0.17557149241766573,0.0,0.0,0.0,0.0,0.0,0.0,0.0,0.0,1.0680367364467778,-0.5217421470411636,-0.39385298969849086,-0.7391347690239621,-1.9740165675319814,0.25333092652438705,0.0,0.0,0.0,0.0,0.0,0.6698854572076989,-0.09685452180712781,0.0,0.0,0.0,0.0,0.0,0.0,0.0,0.0,0.6263505983385461,-0.6222668677399853,-0.6949289531460788,-0.7882046060002187,-1.9251613820159064,0.19861158479743032,0.0,0.0,0.0,0.0,0.0,0.6060013245951933,-0.24217529031871912,0.0,0.0,-0.8311435033991382,-12.917722912216117,0.20778588513853652,-6.458861263619006,-19.88114604436377,-1.8408099004205416,0.0,0.0,0.0,0.0,0.0,0.516441301395825,0.03761767592284576,0.0,0.0
0.0,0.0,0.0,0.0,0.0,0.0,0.43000980360026547,-0.004731760394751543,-0.2150049018001327,-0.009857833764017358,-0.11141245381511633,0.6951228078705827,0.0,0.0,0.0,0.0,0.0,0.013473416452200267,0.12494388270159482,0.0,0.0,0.0,0.0,0.0,0.0,0.0,0.0,0.2745985599946231,-27.162786498135155,-0.034324815469079645,14.546101232144983,-9.168261154931121,-8.413183731080654,0.0,0.0,0.0,0.0,0.0,-0.27272746046710394,0.4269678104160136,0.0,0.0,0.0,0.0,0.0,0.0,0.0,0.0,0.2122718938604714,0.18492125604612908,-0.07275047289387998,0.3333149270778498,0.14567382137386659,0.572584397688679,0.0,0.0,0.0,0.0,0.0,-0.04290169968336346,0.20287647860513966,0.0,0.0,0.0,0.0,0.0,0.0,0.0,0.0,0.3101923883060652,0.16600543218463631,-0.013023345542969134,0.10616626404011917,-0.08625539533868484,0.44758238939142464,0.0,0.0,0.0,0.0,0.0,0.03177380332923271,0.11075779818022842,0.0,0.0,0.0,0.0,0.0,0.0,0.0,0.0,0.19092569119164077,0.08198308487318434,-0.08678439428478787,0.06673040721133111,-0.09587700891370887,0.34718576862005424,0.0,0.0,0.0,0.0,0.0,0.03855648810561858,0.10218888694554633,0.0,0.0,0.0,0.0,0.0,0.0,0.0,0.0,0.22861674181476094,0.0836380190023342,-0.0971897199882611,0.1472028818378539,-0.06442145205667008,0.4611593959135332,0.0,0.0,0.0,0.0,0.0,0.03110425842931461,0.12048996041649501,0.0,0.0,0.0,0.0,0.0,0.0,0.0,0.0,0.2510372498478765,0.07368289130072622,-0.02086084047155152,0.17389163772438151,-0.044820847349919556,0.4135542524128024,0.0,0.0,0.0,0.0,0.0,0.031589859645494704,0.11869007351231194,0.0,0.0,0.0,0.0,0.0,0.0,0.0,0.0,0.1657440575014518,0.10884075275372483,-0.06112036257187145,0.15419107906701573,-0.036114600454837185,0.3635508076956928,0.0,0.0,0.0,0.0,0.0,0.017426637478481735,0.12052974705829902,0.0,0.0,0.0,0.0,0.0,0.0,0.0,0.0,0.12030419890480397,0.1048819564441705,-0.13347615732428056,0.13285046246452664,-0.0862053782398469,0.38032210169943115,0.0,0.0,0.0,0.0,0.0,0.0435736082517091,0.10903533669011464,0.0,0.0,2.7890795282185596,-0.1246202081350945,-0.6972699132250324,-0.06231010221056193,-0.36883318114248637,3.5705455529802306,0.0,0.0,0.0,0.0,0.0,-0.0067683943801394005,0.09292116847432608,0.0,0.0
0.0,0.0,0.0,0.0,0.0,0.0,0.0001162724080270044,0.0025007706542913553,-5.813620401350197e-5,0.005209938656082627,0.007968496757358926,0.0009223240322416434,0.0,0.0,0.0,0.0,0.0,-0.0014936185974603789,0.000161065471547717,0.0,0.0,0.0,0.0,0.0,0.0,0.0,0.0,-0.35756666580055435,0.0020965838749859474,-1.1750571690898903,0.0015963836301525244,-0.09968553773932283,0.10536108240448833,0.0,0.0,0.0,0.0,0.0,-0.005104107927215513,-0.0032602701163424548,0.0,0.0,0.0,0.0,0.0,0.0,0.0,0.0,-0.004613876859463528,0.001215801736572671,0.0015812819930872974,0.00219144556894938,0.00672914437241926,-0.003944293375381268,0.0,0.0,0.0,0.0,0.0,-0.002425249439027089,-0.000512860454823321,0.0,0.0,0.0,0.0,0.0,0.0,0.0,0.0,-0.003122527828584874,0.0023566579251660356,0.0001310985066437968,0.0015071649417902138,0.004930447222298866,-2.573647210726946e-5,0.0,0.0,0.0,0.0,0.0,-0.0013240336669451099,0.0003798340706118034,0.0,0.0,0.0,0.0,0.0,0.0,0.0,0.0,-0.0012222155530883583,0.0018301650225402233,0.0005555524549797422,0.001489668965335441,0.0036358118600872706,0.0004265874996723538,0.0,0.0,0.0,0.0,0.0,-0.0012215981982901484,0.00046091642457479667,0.0,0.0,0.0,0.0,0.0,0.0,0.0,0.0,-0.001936358706764418,0.0014111571665361197,0.0008231862592974552,0.0024836360798366087,0.00494907608248136,-0.0003391440160341256,0.0,0.0,0.0,0.0,0.0,-0.001440375005114551,0.00037183011961613354,0.0,0.0,0.0,0.0,0.0,0.0,0.0,0.0,-0.0027325158354721615,0.0009673676716543651,0.0002270682018876302,0.0022829878922509283,0.004644235892407539,-0.0004548741462623367,0.0,0.0,0.0,0.0,0.0,-0.0014188585891421594,0.00037763514977649906,0.0,0.0,0.0,0.0,0.0,0.0,0.0,0.0,-0.002297230645937714,0.0011222105088330243,0.0008471348662964744,0.001589798351439526,0.004245894546296084,-0.0005448872198083032,0.0,0.0,0.0,0.0,0.0,-0.0014408506271845903,0.00020832352305895016,0.0,0.0,0.0,0.0,0.0,0.0,0.0,0.0,-0.0013472118893509929,0.0013384282298001251,0.0014947164581881759,0.0016953422240857466,0.0041408123655521135,-0.00042719187801800037,0.0,0.0,0.0,0.0,0.0,-0.0013034428188026077,0.0005208926618571861,0.0,0.0,0.0017876991137333153,0.027784614458487206,-0.00044692479841242235,0.013892306815220625,0.042762178875437686,0.003959381519647134,0.0,0.0,0.0,0.0,0.0,-0.0011108089674343933,-8.091152205720137e-5,0.0,0.0
0.0,0.0,0.0,0.0,0.0,0.0,0.009198945954126536,-0.00010122375763241513,-0.004599472977063267,-0.0002108828200211364,-0.00238338087336863,0.014870351995570706,0.0,0.0,0.0,0.0,0.0,0.000288228846699608,0.002672850745838174,0.0,0.0,0.0,0.0,0.0,0.15243902571991327,0.0,0.0,0.005874324937065114,0.40867803027705585,-0.0007342905202202119,-0.8310183580378802,-0.19613120015265872,-0.1799782744402058,0.0,0.0,0.0,0.0,0.0,-0.005834297609119724,0.009133870389196469,0.0,0.0,0.0,0.0,0.0,0.0,0.0,0.0,0.004541007351120205,0.003955911297591835,-0.0015563079322490506,0.007130409526065223,0.0031163140898875425,0.012248960103734254,0.0,0.0,0.0,0.0,0.0,-0.0009177707424882173,0.004340016777354786,0.0,0.0,0.0,0.0,0.0,0.0,0.0,0.0,0.006635762700102228,0.0035512562410726974,-0.000278600745351969,0.0022711522315999144,-0.0018452107680548935,0.009574865911331496,0.0,0.0,0.0,0.0,0.0,0.00067971822301606,0.002369376211722599,0.0,0.0,0.0,0.0,0.0,0.0,0.0,0.0,0.004084360635086395,0.001753815751610287,-0.0018565273303152168,0.0014275242199001616,-0.002051040268980443,0.0074271402531711685,0.0,0.0,0.0,0.0,0.0,0.0008248161955726373,0.002186066550701885,0.0,0.0,0.0,0.0,0.0,0.0,0.0,0.0,0.004890663037341942,0.0017892187807603875,-0.002079122322289662,0.003149024378004337,-0.001378130104927905,0.00986531079926201,0.0,0.0,0.0,0.0,0.0,0.000665395044110276,0.002577570614916788,0.0,0.0,0.0,0.0,0.0,0.0,0.0,0.0,0.005370291734022574,0.001576254608951298,-0.00044626364898844243,0.003719961182066755,-0.0009588259359159663,0.008846922058970065,0.0,0.0,0.0,0.0,0.0,0.0006757832243459327,0.0025390666965956336,0.0,0.0,0.0,0.0,0.0,0.0,0.0,0.0,0.0035456648067280364,0.002328365990275636,-0.0013075118457483391,0.0032985187571780597,-0.00077257833416223,0.007777227876135946,0.0,0.0,0.0,0.0,0.0,0.00037279777108460883,0.0025784217470644433,0.0,0.0,0.0,0.0,0.0,0.0,0.0,0.0,0.002573596728526069,0.002243677797145884,-0.0028553766614398874,0.0028419915405648254,-0.00184414078177751,0.00813600627102243,0.0,0.0,0.0,0.0,0.0,0.0009321444859577303,0.0023325286095912993,0.0,0.0,0.05966513234589759,-0.002665926566856592,-0.014916283753284208,-0.0013329632437029059,-0.007890230573841266,0.07638257382416505,0.0,0.0,0.0,0.0,0.0,-0.00014479226654328726,0.0019878077188775155,0.0,0.0
0.0,0.0,0.0,0.0,0.0,0.0,0.005483019505143475,-0.004844246071039591,-0.002741509752571737,-0.010092178913638656,-0.01671395088278523,0.007459347230432584,0.0,0.0,0.0,0.0,0.0,0.0030345580774379086,0.0013497876997808382,0.0,0.0,0.0,0.11550011560189373,0.0,0.0,0.0,0.0,-0.1789768734193883,-0.12157645502487416,0.022372106224714458,-0.09257090304340175,-0.015478946122715985,-0.3130754289816915,0.0,0.0,0.0,0.0,0.0,0.006140514250290765,0.011898597117210702,0.0,0.0,0.0,0.0,0.0,0.0,0.0,0.0,0.01163812248124073,0.00012890981002631273,-0.0039886529427381,0.00023235600302120402,-0.010933315163688255,0.015138475379959245,0.0,0.0,0.0,0.0,0.0,0.004067853220748241,0.0036723346937396102,0.0,0.0,0.0,0.0,0.0,0.0,0.0,0.0,0.010085868348695268,-0.0023033770491577166,-0.00042345252029959507,-0.0014730899631817034,-0.010571428264610353,0.005987691541237546,0.0,0.0,0.0,0.0,0.0,0.0029531201444008056,0.0007432831253974055,0.0,0.0,0.0,0.0,0.0,0.0,0.0,0.0,0.004870057384423646,-0.0024115253632722967,-0.002213662171923927,-0.001962869166737702,-0.008223748308899798,0.003790796084010434,0.0,0.0,0.0,0.0,0.0,0.0028472559166306836,0.0004745623688293558,0.0,0.0,0.0,0.0,0.0,0.0,0.0,0.0,0.006735578330791312,-0.0015884261632077977,-0.002863434089437888,-0.0027956294469899806,-0.010317355760615451,0.0067670642826024975,0.0,0.0,0.0,0.0,0.0,0.0031666809484977255,0.0008877121204335271,0.0,0.0,0.0,0.0,0.0,0.0,0.0,0.0,0.008555301528941846,-0.0008719858206398392,-0.0007109334590361644,-0.0020578867054041054,-0.00947444320536535,0.006356719095095073,0.0,0.0,0.0,0.0,0.0,0.0031319845438842306,0.0008527321813481883,0.0,0.0,0.0,0.0,0.0,0.0,0.0,0.0,0.006591375119129741,-0.0007015734391781207,-0.002430658710795066,-0.0009938957871451293,-0.008597302113055162,0.005865382529395107,0.0,0.0,0.0,0.0,0.0,0.002986116873367978,0.0012008640957817172,0.0,0.0,0.0,0.0,0.0,0.0,0.0,0.0,0.004172050276659709,-0.0011675059888904928,-0.004628842917884247,-0.0014788407445161412,-0.009060985321392427,0.005862869455280061,0.0,0.0,0.0,0.0,0.0,0.003070309274911081,0.0004507260836040225,0.0,0.0,0.033587185093606815,-0.05477754386792538,-0.008396796648767748,-0.02738877111771377,-0.08665479522344682,0.0398033572612624,0.0,0.0,0.0,0.0,0.0,0.0020340607362853767,0.001387572402376405,0.0,0.0
0.0,0.0,0.0,0.0,0.0,0.0,0.0,0.0,0.0,0.0,0.0,0.0,0.0,0.0,0.0,0.0,0.0,0.0,0.0,0.0,0.0,0.0,0.0,0.0,0.0,0.0,0.0,0.0,0.0,0.0,0.0,376.99111843077515,0.0,0.0,0.0,0.0,0.0,0.0,0.0,0.0,0.0,0.0,0.0,0.0,0.0,0.0,0.0,0.0,0.0,0.0,0.0,0.0,0.0,0.0,0.0,0.0,0.0,0.0,0.0,0.0,0.0,0.0,0.0,0.0,0.0,0.0,0.0,0.0,0.0,0.0,0.0,0.0,0.0,0.0,0.0,0.0,0.0,0.0,0.0,0.0,0.0,0.0,0.0,0.0,0.0,0.0,0.0,0.0,0.0,0.0,0.0,0.0,0.0,0.0,0.0,0.0,0.0,0.0,0.0,0.0,0.0,0.0,0.0,0.0,0.0,0.0,0.0,0.0,0.0,0.0,0.0,0.0,0.0,0.0,0.0,0.0,0.0,0.0,0.0,0.0,0.0,0.0,0.0,0.0,0.0,0.0,0.0,0.0,0.0,0.0,0.0,0.0,0.0,0.0,0.0,0.0,0.0,0.0,0.0,0.0,0.0,0.0,0.0,0.0,0.0,0.0,0.0,0.0,0.0,0.0,0.0,0.0,0.0,0.0,0.0,0.0,0.0,0.0,0.0,0.0,0.0,0.0,0.0,0.0,0.0,0.0,0.0,0.0,0.0,0.0,0.0,0.0,0.0,0.0,0.0,0.0,0.0,0.0,0.0,0.0,0.0,0.0,0.0,0.0,0.0,0.0,0.0,0.0,0.0,0.0,0.0,0.0,0.0,0.0,0.0,0.0,0.0,0.0,0.0,0.0,0.0,0.0,0.0,0.0
0.0,0.0,0.0,0.0,0.0,0.0,0.0,0.0,0.0,0.0,0.0,0.0,0.0,0.0,0.0,0.0,0.0,0.0,0.0,0.0,0.0,0.0,0.0,0.0,0.0,0.0,0.0,0.0,0.0,0.0,0.0,0.0,0.0,0.0,0.0,5.210986533492106,0.0,0.0,-1.0,0.0,0.0,0.0,0.0,0.0,0.0,0.0,0.0,0.0,0.0,0.0,0.0,0.0,0.0,0.0,0.0,0.0,0.0,0.0,0.0,0.0,0.0,0.0,0.0,0.0,0.0,0.0,0.0,0.0,0.0,0.0,0.0,0.0,0.0,0.0,0.0,0.0,0.0,0.0,0.0,0.0,0.0,0.0,0.0,0.0,0.0,0.0,0.0,0.0,0.0,0.0,0.0,0.0,0.0,0.0,0.0,0.0,0.0,0.0,0.0,0.0,0.0,0.0,0.0,0.0,0.0,0.0,0.0,0.0,0.0,0.0,0.0,0.0,0.0,0.0,0.0,0.0,0.0,0.0,0.0,0.0,0.0,0.0,0.0,0.0,0.0,0.0,0.0,0.0,0.0,0.0,0.0,0.0,0.0,0.0,0.0,0.0,0.0,0.0,0.0,0.0,0.0,0.0,0.0,0.0,0.0,0.0,0.0,0.0,0.0,0.0,0.0,0.0,0.0,0.0,0.0,0.0,0.0,0.0,0.0,0.0,0.0,0.0,0.0,0.0,0.0,0.0,0.0,0.0,0.0,0.0,0.0,0.0,0.0,0.0,0.0,0.0,0.0,0.0,0.0,0.0,0.0,0.0,0.0,0.0,0.0,0.0,0.0,0.0,0.0,0.0,0.0,0.0,0.0,0.0,0.0,0.0,0.0,0.0,0.0,0.0,0.0,0.0,0.0,0.0
0.0,0.0,0.0,0.0,0.0,0.0,0.0,0.0,0.0,0.0,0.0,0.0,0.0,0.0,0.0,0.0,0.0,0.0,0.0,0.0,0.0,0.0,0.0,0.0,0.0,0.0,0.0,0.0,0.0,0.0,0.0,0.0,0.0,0.0,0.0,1.972563004901226,0.0,0.0,0.0,-1.0,1.0,98.17477042468103,0.0,0.0,0.0,0.0,0.0,0.0,0.0,0.0,0.0,0.0,0.0,0.0,0.0,0.0,0.0,0.0,0.0,0.0,0.0,0.0,0.0,0.0,0.0,0.0,0.0,0.0,0.0,0.0,0.0,0.0,0.0,0.0,0.0,0.0,0.0,0.0,0.0,0.0,0.0,0.0,0.0,0.0,0.0,0.0,0.0,0.0,0.0,0.0,0.0,0.0,0.0,0.0,0.0,0.0,0.0,0.0,0.0,0.0,0.0,0.0,0.0,0.0,0.0,0.0,0.0,0.0,0.0,0.0,0.0,0.0,0.0,0.0,0.0,0.0,0.0,0.0,0.0,0.0,0.0,0.0,0.0,0.0,0.0,0.0,0.0,0.0,0.0,0.0,0.0,0.0,0.0,0.0,0.0,0.0,0.0,0.0,0.0,0.0,0.0,0.0,0.0,0.0,0.0,0.0,0.0,0.0,0.0,0.0,0.0,0.0,0.0,0.0,0.0,0.0,0.0,0.0,0.0,0.0,0.0,0.0,0.0,0.0,0.0,0.0,0.0,0.0,0.0,0.0,0.0,0.0,0.0,0.0,0.0,0.0,0.0,0.0,0.0,0.0,0.0,0.0,0.0,0.0,0.0,0.0,0.0,0.0,0.0,0.0,0.0,0.0,0.0,0.0,0.0,0.0,0.0,0.0,0.0,0.0,0.0,0.0,0.0,0.0
0.0,0.0,0.0,0.0,0.0,0.0,0.0,0.0,0.0,0.0,0.0,0.0,0.0,0.0,0.0,0.0,0.0,0.0,0.0,0.0,0.0,0.0,0.0,0.0,0.0,0.0,0.0,0.0,0.0,0.0,0.0,0.0,0.0,0.0,0.0,0.0,1.0,0.0,0.0,0.0,0.0,0.0,0.0,0.0,0.0,0.0,0.0,0.0,0.0,0.0,0.0,0.0,0.0,0.0,0.0,0.0,0.0,0.0,0.0,0.0,0.0,0.0,0.0,0.0,0.0,0.0,0.0,0.0,0.0,0.0,0.0,0.0,0.0,0.0,0.0,0.0,0.0,0.0,0.0,0.0,0.0,0.0,0.0,0.0,0.0,0.0,0.0,0.0,0.0,0.0,0.0,0.0,0.0,0.0,0.0,0.0,0.0,0.0,0.0,0.0,0.0,0.0,0.0,0.0,0.0,0.0,0.0,0.0,0.0,0.0,0.0,0.0,0.0,0.0,0.0,0.0,0.0,0.0,0.0,0.0,0.0,0.0,0.0,0.0,0.0,0.0,0.0,0.0,0.0,0.0,0.0,0.0,0.0,0.0,0.0,0.0,0.0,0.0,0.0,0.0,0.0,0.0,0.0,0.0,0.0,0.0,0.0,0.0,0.0,0.0,0.0,0.0,0.0,0.0,0.0,0.0,0.0,0.0,0.0,0.0,0.0,0.0,0.0,0.0,0.0,0.0,0.0,0.0,0.0,0.0,0.0,0.0,0.0,0.0,0.0,0.0,0.0,0.0,0.0,0.0,0.0,0.0,0.0,0.0,0.0,0.0,0.0,0.0,0.0,0.0,0.0,0.0,0.0,0.0,0.0,0.0,0.0,0.0,0.0,0.0,0.0,0.0,0.0,0.0
0.0,0.0,0.0,0.0,0.0,0.0,1318.4491405960375,-702.5650818612224,-659.2245702980186,-1463.6771957162407,-2541.200361527662,1929.360900565835,0.0,0.0,0.0,0.0,0.0,453.0536868192543,348.0872844554205,0.0,0.0,0.0,0.0,0.0,0.0,0.0,0.0,4553.9404107326145,1675.8154738599828,-569.2424762119749,1276.0016050606623,-1379.1982508752196,6572.511879768179,0.0,0.0,-61967.69946123628,-1884.9555921538756,1884.9555921538756,547.129400564927,2237.436066188029,0.0,0.0,0.0,0.0,0.0,0.0,0.0,0.0,1935.4327761963107,246.39350288022828,-663.3174423701533,444.1167781409211,-1393.0155093509757,2882.8420565597967,0.0,0.0,0.0,0.0,0.0,532.206510789295,778.1584306976007,0.0,0.0,0.0,0.0,0.0,0.0,0.0,0.0,1832.830080046792,-126.74306790307111,-76.95088710702068,-81.05661263714674,-1626.740425293584,1412.6870069436259,0.0,0.0,0.0,0.0,0.0,463.88971192160574,243.37583463348975,0.0,0.0,0.0,0.0,0.0,0.0,0.0,0.0,935.6983473738503,-245.82680388773102,-425.31737768390997,-200.09155244966792,-1300.9353528414504,973.008686240638,0.0,0.0,0.0,0.0,0.0,457.0209062302787,194.16817809549966,0.0,0.0,0.0,0.0,0.0,0.0,0.0,0.0,1250.4526136481156,-125.40353012900192,-531.5933488262266,-220.71016563787853,-1563.2949325040345,1541.5111348580322,0.0,0.0,0.0,0.0,0.0,493.78059683635695,276.14025624554125,0.0,0.0,0.0,0.0,0.0,0.0,0.0,0.0,1539.8041472858636,-34.626175987620776,-127.95554720834802,-81.7177820295533,-1417.910002684005,1423.8350982377187,0.0,0.0,0.0,0.0,0.0,489.38864580380664,268.89143596051326,0.0,0.0,0.0,0.0,0.0,0.0,0.0,0.0,1152.2429886636976,33.20391990423978,-424.9051839303807,47.03889039497924,-1281.025677568718,1291.5551979122147,0.0,0.0,0.0,0.0,0.0,450.9575242955808,321.2290802109717,0.0,0.0,0.0,0.0,0.0,0.0,0.0,0.0,748.2888292907287,-38.68777100446825,-830.2180506720675,-49.00450414844453,-1409.435878803556,1311.8586831426437,0.0,0.0,0.0,0.0,0.0,495.2839662162525,199.17579790644052,0.0,0.0,8267.348793085086,-8032.057921797052,-2066.837290666094,-4016.028841211549,-12917.786335793366,10124.295933410274,0.0,0.0,0.0,0.0,0.0,284.21369491216643,314.0646172899108,0.0,0.0
0.0,0.0,0.0,0.0,0.0,0.0,5.5152363005295735,-2.9389168862545887,-2.7576181502647863,-6.122743269734436,-10.630156332371126,8.07075597228775,0.0,0.0,0.0,0.0,0.0,1.895179770457213,1.4560922889398775,0.0,0.0,0.0,0.0,0.0,0.0,0.0,0.0,19.04969762608115,7.010144001643808,-2.3812118889837,5.3376729940323004,-5.769357364376718,27.493632472293992,0.0,0.0,-259.2185735540874,0.0,0.0,2.2887101505625873,9.359472604893739,0.0,0.0,0.0,0.0,0.0,0.0,0.0,0.0,8.09615538122844,1.030694586129686,-2.7747391418378524,1.857795572887803,-5.82715667052579,12.059285921218116,0.0,0.0,0.0,0.0,0.0,2.2262858515394486,3.255133241321961,0.0,0.0,0.0,0.0,0.0,0.0,0.0,0.0,7.666955576008642,-0.5301819747278944,-0.3218951060476493,-0.33906986522988475,-6.804856986035988,5.909444985082783,0.0,0.0,0.0,0.0,0.0,1.9405082076018727,1.0180713055305999,0.0,0.0,0.0,0.0,0.0,0.0,0.0,0.0,3.9141422546256233,-1.0283240139485843,-1.7791553488274137,-0.8370077840096566,-5.441973953875684,4.070216030220897,0.0,0.0,0.0,0.0,0.0,1.9117751413624233,0.8122295743284201,0.0,0.0,0.0,0.0,0.0,0.0,0.0,0.0,5.230798393760124,-0.5245785220576328,-2.2237209189890055,-0.9232580005866788,-6.539456619678496,6.448332291980644,0.0,0.0,0.0,0.0,0.0,2.065545486978657,1.1551289453565476,0.0,0.0,0.0,0.0,0.0,0.0,0.0,0.0,6.4411917512250705,-0.14484558931800595,-0.535253926062385,-0.3418356188122727,-5.931293424144927,5.956078833817368,0.0,0.0,0.0,0.0,0.0,2.0471734110152875,1.1248062309332,0.0,0.0,0.0,0.0,0.0,0.0,0.0,0.0,4.819975350157098,0.13889611569920127,-1.777431091226329,0.19676951340401297,-5.358689312538447,5.402735602256809,0.0,0.0,0.0,0.0,0.0,1.8864112626047618,1.343741088992145,0.0,0.0,0.0,0.0,0.0,0.0,0.0,0.0,3.1301849934987227,-0.1618357450890814,-3.472905089347251,-0.20499191955692012,-5.895845112790645,5.487667599496766,0.0,0.0,0.0,0.0,0.0,2.071834267578382,0.8331770691616804,0.0,0.0,34.58334551467738,-33.59909461371024,-8.645836765168347,-16.799546806189653,-54.03670261368183,42.3511857454019,0.0,0.0,0.0,0.0,0.0,1.1889011407588979,1.3137712518862783,0.0,0.0
0.0,0.0,0.0,0.0,0.0,0.0,-262.5544339728223,139.90799623393315,131.27721698641113,291.4749805718523,506.0516951232574,-384.2106938977969,0.0,0.0,0.0,0.0,0.0,-90.2205861716856,-69.31769844532172,0.0,0.0,0.0,0.0,0.0,0.0,0.0,0.0,-906.8664160570783,-333.71995144484316,113.35828704591295,-254.10148093665632,274.65194139468053,-1308.8423991782233,3.5530575843921686e6,0.0,33383.60288715595,0.0,0.0,-4004.529605238652,-822.5515437975098,0.0,0.0,0.0,0.0,0.0,0.0,0.0,0.0,-385.41984017445355,-49.06651663032964,132.09226678782912,-88.4409005340236,277.40349423540545,-574.0858263603006,0.0,0.0,0.0,0.0,0.0,-105.98298781078825,-154.96156811981788,0.0,0.0,0.0,0.0,0.0,0.0,0.0,0.0,-364.98765816442625,25.239467665947394,15.323910483916535,16.14151990806367,323.947203143976,-281.3208534696806,0.0,0.0,0.0,0.0,0.0,-92.37845965323453,-48.465581672700544,0.0,0.0,0.0,0.0,0.0,0.0,0.0,0.0,-186.33388456151184,48.95366484968316,84.6972097127094,39.8459998786272,259.0667585752359,-193.76382220633832,0.0,0.0,0.0,0.0,0.0,-91.0106136477827,-38.666425974043584,0.0,0.0,0.0,0.0,0.0,0.0,0.0,0.0,-249.0136843942238,24.972713665943303,105.86088344802589,43.95196661503684,311.31274123370747,-306.9747410146478,0.0,0.0,0.0,0.0,0.0,-98.33089583609055,-54.99025062345745,0.0,0.0,0.0,0.0,0.0,0.0,0.0,0.0,-306.6348134876696,6.89541655961274,25.480919389717965,16.27318441467102,282.36095478874836,-283.5408714510149,0.0,0.0,0.0,0.0,0.0,-97.45628779708322,-53.54672895219613,0.0,0.0,0.0,0.0,0.0,0.0,0.0,0.0,-229.4563334851018,-6.612190131350452,84.61512592630253,-9.367270122213556,255.10196891376148,-257.1988053928253,0.0,0.0,0.0,0.0,0.0,-89.80315879586028,-63.969186776726154,0.0,0.0,0.0,0.0,0.0,0.0,0.0,0.0,-149.01337031005653,7.704237884486249,165.32866051221552,9.758700167226113,280.6734275794387,-261.2420179129085,0.0,0.0,0.0,0.0,0.0,-98.63027507222256,-39.663637580111526,0.0,0.0,-1646.3502580335135,1599.4947065921629,411.58758290777615,799.7473294617556,2572.4330011264738,-2016.1405596337117,0.0,0.0,0.0,0.0,0.0,-56.59798584362059,-62.542463933167674,0.0,0.0
0.0,0.0,0.0,0.0,0.0,0.0,-287.5886512038573,-127.72918752427964,143.79432560192862,-266.10246343495396,-343.9326176184663,-503.313146065317,0.0,0.0,0.0,0.0,0.0,69.31769844532177,-90.22058617168567,0.0,0.0,0.0,0.0,0.0,0.0,0.0,0.0,522.5079475570542,-579.2053838577858,-65.31348482444567,-441.0193192452059,-1123.1642070242626,-4.233140756196704,0.0,3.5530575843921686e6,5719.771270337568,0.0,0.0,822.55154379751,-4004.529605238652,3769.9111843077512,370110.1650408509,0.0,0.0,0.0,0.0,0.0,0.0,102.40936595160565,-184.66288529230263,-35.098051212747464,-332.8492216699804,-447.3979073246128,-168.49820148458232,0.0,0.0,0.0,0.0,0.0,154.96156811981794,-105.98298781078837,0.0,0.0,0.0,0.0,0.0,0.0,0.0,0.0,-39.713621651975814,-231.9630850452216,1.6673659220357764,-148.34848360312148,-201.46731733639078,-291.6634052237344,0.0,0.0,0.0,0.0,0.0,48.46558167270046,-92.37845965323464,0.0,0.0,0.0,0.0,0.0,0.0,0.0,0.0,-61.04977187541769,-149.4145883718988,27.749892852893176,-121.61650590232249,-127.44018791210792,-249.60191113892358,0.0,0.0,0.0,0.0,0.0,38.6664259740435,-91.01061364778289,0.0,0.0,0.0,0.0,0.0,0.0,0.0,0.0,-48.364098579446214,-128.57775957642576,20.56058170153461,-226.29680826582427,-216.73546919504201,-284.15579962614885,0.0,0.0,0.0,0.0,0.0,54.99025062345735,-98.33089583609079,0.0,0.0,0.0,0.0,0.0,0.0,0.0,0.0,-21.391036121564152,-98.84396242710353,1.7775648527202808,-233.27177045028438,-213.61940973102364,-246.93671747219986,0.0,0.0,0.0,0.0,0.0,53.54672895219601,-97.45628779708343,0.0,0.0,0.0,0.0,0.0,0.0,0.0,0.0,11.674376168166244,-129.96059763631524,-4.305084085397667,-184.1108617750893,-198.47988298588493,-209.49296521147448,0.0,0.0,0.0,0.0,0.0,63.96918677672619,-89.80315879586037,0.0,0.0,0.0,0.0,0.0,0.0,0.0,0.0,-8.278279706326353,-138.68031687312939,9.18465834538624,-175.66171394914286,-160.19062371165163,-226.62947792856002,0.0,0.0,0.0,0.0,0.0,39.6636375801115,-98.63027507222266,0.0,0.0,-1919.3936116824207,-1371.9585742567103,479.8484243715002,-685.9792666845811,-1995.629956763638,-2544.591034761219,0.0,0.0,0.0,0.0,0.0,62.5424639331677,-56.59798584362064,0.0,0.0
0.0,0.0,0.0,0.0,0.0,0.0,0.0,0.0,0.0,0.0,0.0,0.0,0.0,0.0,0.0,0.0,0.0,0.0,0.0,0.0,0.0,0.0,0.0,0.0,0.0,0.0,0.0,0.0,0.0,0.0,0.0,0.0,0.0,0.0,0.0,0.0,0.0,0.0,0.0,0.0,0.0,771.0628438351062,0.0,0.0,0.0,0.0,0.0,0.0,0.0,0.0,0.0,0.0,0.0,0.0,0.0,0.0,0.0,0.0,0.0,0.0,0.0,0.0,0.0,0.0,0.0,0.0,0.0,0.0,0.0,0.0,0.0,0.0,0.0,0.0,0.0,0.0,0.0,0.0,0.0,0.0,0.0,0.0,0.0,0.0,0.0,0.0,0.0,0.0,0.0,0.0,0.0,0.0,0.0,0.0,0.0,0.0,0.0,0.0,0.0,0.0,0.0,0.0,0.0,0.0,0.0,0.0,0.0,0.0,0.0,0.0,0.0,0.0,0.0,0.0,0.0,0.0,0.0,0.0,0.0,0.0,0.0,0.0,0.0,0.0,0.0,0.0,0.0,0.0,0.0,0.0,0.0,0.0,0.0,0.0,0.0,0.0,0.0,0.0,0.0,0.0,0.0,0.0,0.0,0.0,0.0,0.0,0.0,0.0,0.0,0.0,0.0,0.0,0.0,0.0,0.0,0.0,0.0,0.0,0.0,0.0,0.0,0.0,0.0,0.0,0.0,0.0,0.0,0.0,0.0,0.0,0.0,0.0,0.0,0.0,0.0,0.0,0.0,0.0,0.0,0.0,0.0,0.0,0.0,0.0,0.0,0.0,0.0,0.0,0.0,0.0,0.0,0.0,0.0,0.0,0.0,0.0,0.0,0.0,0.0,0.0,0.0,0.0,0.0,0.0
0.0,0.0,0.0,0.0,0.0,0.0,0.0,0.0,0.0,0.0,0.0,0.0,0.0,0.0,0.0,0.0,0.0,0.0,0.0,0.0,0.0,0.0,0.0,0.0,0.0,0.0,0.0,0.0,0.0,0.0,0.0,0.0,0.0,178.47329601429215,-471.4789539333353,0.9178938948675059,0.0,0.0,-0.233079317576358,0.1504029475972461,-0.5002547072152421,-49.11239103472242,0.0,0.0,0.0,0.0,0.0,0.0,0.0,0.0,0.0,0.0,0.0,0.0,0.0,0.0,0.0,0.0,0.0,0.0,0.0,0.0,0.0,0.0,0.0,0.0,0.0,0.0,0.0,0.0,0.0,0.0,0.0,0.0,0.0,0.0,0.0,0.0,0.0,0.0,0.0,0.0,0.0,0.0,0.0,0.0,0.0,0.0,0.0,0.0,0.0,0.0,0.0,0.0,0.0,0.0,0.0,0.0,0.0,0.0,0.0,0.0,0.0,0.0,0.0,0.0,0.0,0.0,0.0,0.0,0.0,0.0,0.0,0.0,0.0,0.0,0.0,0.0,0.0,0.0,0.0,0.0,0.0,0.0,0.0,0.0,0.0,0.0,0.0,0.0,0.0,0.0,0.0,0.0,0.0,0.0,0.0,0.0,0.0,0.0,0.0,0.0,0.0,0.0,0.0,0.0,0.0,0.0,0.0,0.0,0.0,0.0,0.0,0.0,0.0,0.0,0.0,0.0,0.0,0.0,0.0,0.0,0.0,0.0,0.0,0.0,0.0,0.0,0.0,0.0,0.0,0.0,0.0,0.0,0.0,0.0,0.0,0.0,0.0,0.0,0.0,0.0,0.0,0.0,0.0,0.0,0.0,0.0,0.0,0.0,0.0,0.0,0.0,0.0,0.0,0.0,0.0,0.0,0.0,0.0,0.0,0.0,0.0,0.0
0.0,0.0,0.0,0.0,0.0,0.0,0.0,0.0,0.0,0.0,0.0,0.0,0.0,0.0,0.0,0.0,0.0,0.0,0.0,0.0,0.0,0.0,0.0,0.0,0.0,0.0,0.0,0.0,0.0,0.0,0.0,0.0,0.0,0.0,0.0,0.0,0.0,0.0,0.0,0.0,0.0,0.0,-2.0,0.0,0.0,0.0,0.0,0.0,0.0,0.0,0.0,0.0,-40.0,0.0,0.0,0.0,0.0,0.0,0.0,0.0,0.0,0.0,0.0,0.0,0.0,0.0,0.0,0.0,0.0,0.0,0.0,0.0,0.0,0.0,0.0,0.0,0.0,0.0,0.0,0.0,0.0,0.0,0.0,0.0,0.0,0.0,0.0,0.0,0.0,0.0,0.0,0.0,0.0,0.0,0.0,0.0,0.0,0.0,0.0,0.0,0.0,0.0,0.0,0.0,0.0,0.0,0.0,0.0,0.0,0.0,0.0,0.0,0.0,0.0,0.0,0.0,0.0,0.0,0.0,0.0,0.0,0.0,0.0,0.0,0.0,0.0,0.0,0.0,0.0,0.0,0.0,0.0,0.0,0.0,0.0,0.0,0.0,0.0,0.0,0.0,0.0,0.0,0.0,0.0,0.0,0.0,0.0,0.0,0.0,0.0,0.0,0.0,0.0,0.0,0.0,0.0,0.0,0.0,0.0,0.0,0.0,0.0,0.0,0.0,0.0,0.0,0.0,0.0,0.0,0.0,0.0,0.0,0.0,0.0,0.0,0.0,0.0,0.0,0.0,0.0,0.0,0.0,0.0,0.0,0.0,0.0,0.0,0.0,0.0,0.0,0.0,0.0,0.0,0.0,0.0,0.0,0.0,0.0,0.0,0.0,0.0,0.0,0.0,0.0
0.0,0.0,0.0,0.0,0.0,0.0,0.0,0.0,0.0,0.0,0.0,0.0,0.0,0.0,0.0,0.0,0.0,0.0,0.0,0.0,0.0,0.0,0.0,0.0,0.0,0.0,0.0,0.0,0.0,0.0,0.0,0.0,0.0,0.0,0.0,0.0,0.0,0.0,0.0,0.0,0.0,0.0,-0.4444444444444445,-0.1388888888888889,0.0,0.0,0.0,0.0,0.0,0.0,0.0,0.0,-11.666666666666666,0.0,0.0,0.0,0.0,0.0,0.0,0.0,0.0,0.0,0.0,0.0,0.0,0.0,0.0,0.0,0.0,0.0,0.0,0.0,0.0,0.0,0.0,0.0,0.0,0.0,0.0,0.0,0.0,0.0,0.0,0.0,0.0,0.0,0.0,0.0,0.0,0.0,0.0,0.0,0.0,0.0,0.0,0.0,0.0,0.0,0.0,0.0,0.0,0.0,0.0,0.0,0.0,0.0,0.0,0.0,0.0,0.0,0.0,0.0,0.0,0.0,0.0,0.0,0.0,0.0,0.0,0.0,0.0,0.0,0.0,0.0,0.0,0.0,0.0,0.0,0.0,0.0,0.0,0.0,0.0,0.0,0.0,0.0,0.0,0.0,0.0,0.0,0.0,0.0,0.0,0.0,0.0,0.0,0.0,0.0,0.0,0.0,0.0,0.0,0.0,0.0,0.0,0.0,0.0,0.0,0.0,0.0,0.0,0.0,0.0,0.0,0.0,0.0,0.0,0.0,0.0,0.0,0.0,0.0,0.0,0.0,0.0,0.0,0.0,0.0,0.0,0.0,0.0,0.0,0.0,0.0,0.0,0.0,0.0,0.0,0.0,0.0,0.0,0.0,0.0,0.0,0.0,0.0,0.0,0.0,0.0,0.0,0.0,0.0,0.0,0.0
0.0,0.0,0.0,0.0,0.0,0.0,0.0,0.0,0.0,0.0,0.0,0.0,0.0,0.0,0.0,0.0,0.0,0.0,0.0,0.0,0.0,0.0,0.0,0.0,0.0,0.0,0.0,0.0,0.0,0.0,0.0,0.0,0.0,0.0,0.0,0.0,0.0,0.0,0.0,0.0,0.0,0.0,0.0,0.0,-1.0,-0.09179965390588424,0.16,0.0,0.0,0.0,0.0,0.0,0.0,0.0,0.0,0.0,0.0,0.0,0.0,0.0,0.0,0.0,0.0,0.0,0.0,0.0,0.0,0.0,0.0,0.0,0.0,0.0,0.0,0.0,0.0,0.0,0.0,0.0,0.0,0.0,0.0,0.0,0.0,0.0,0.0,0.0,0.0,0.0,0.0,0.0,0.0,0.0,0.0,0.0,0.0,0.0,0.0,0.0,0.0,0.0,0.0,0.0,0.0,0.0,0.0,0.0,0.0,0.0,0.0,0.0,0.0,0.0,0.0,0.0,0.0,0.0,0.0,0.0,0.0,0.0,0.0,0.0,0.0,0.0,0.0,0.0,0.0,0.0,0.0,0.0,0.0,0.0,0.0,0.0,0.0,0.0,0.0,0.0,0.0,0.0,0.0,0.0,0.0,0.0,0.0,0.0,0.0,0.0,0.0,0.0,0.0,0.0,0.0,0.0,0.0,0.0,0.0,0.0,0.0,0.0,0.0,0.0,0.0,0.0,0.0,0.0,0.0,0.0,0.0,0.0,0.0,0.0,0.0,0.0,0.0,0.0,0.0,0.0,0.0,0.0,0.0,0.0,0.0,0.0,0.0,0.0,0.0,0.0,0.0,0.0,0.0,0.0,0.0,0.0,0.0,0.0,0.0,0.0,0.0,0.0,0.0,0.0,0.0,0.0
0.0,0.0,0.0,0.0,0.0,0.0,0.0,0.0,0.0,0.0,0.0,0.0,0.0,0.0,0.0,0.0,0.0,0.0,0.0,0.0,0.0,0.0,0.0,0.0,0.0,0.0,0.0,0.0,0.0,0.0,0.0,0.0,0.0,0.0,0.0,0.0,0.0,0.0,0.0,0.0,0.0,0.0,0.0,0.0,0.0,-1.1474956738235529,2.0,0.0,0.0,0.0,0.0,0.0,0.0,0.0,0.0,0.0,0.0,0.0,0.0,0.0,0.0,0.0,0.0,0.0,0.0,0.0,0.0,0.0,0.0,0.0,0.0,0.0,0.0,0.0,0.0,0.0,0.0,0.0,0.0,0.0,0.0,0.0,0.0,0.0,0.0,0.0,0.0,0.0,0.0,0.0,0.0,0.0,0.0,0.0,0.0,0.0,0.0,0.0,0.0,0.0,0.0,0.0,0.0,0.0,0.0,0.0,0.0,0.0,0.0,0.0,0.0,0.0,0.0,0.0,0.0,0.0,0.0,0.0,0.0,0.0,0.0,0.0,0.0,0.0,0.0,0.0,0.0,0.0,0.0,0.0,0.0,0.0,0.0,0.0,0.0,0.0,0.0,0.0,0.0,0.0,0.0,0.0,0.0,0.0,0.0,0.0,0.0,0.0,0.0,0.0,0.0,0.0,0.0,0.0,0.0,0.0,0.0,0.0,0.0,0.0,0.0,0.0,0.0,0.0,0.0,0.0,0.0,0.0,0.0,0.0,0.0,0.0,0.0,0.0,0.0,0.0,0.0,0.0,0.0,0.0,0.0,0.0,0.0,0.0,0.0,0.0,0.0,0.0,0.0,0.0,0.0,0.0,0.0,0.0,0.0,0.0,0.0,0.0,0.0,0.0,0.0,0.0,0.0,0.0
0.0,0.0,0.0,0.0,0.0,0.0,0.0,0.0,0.0,0.0,0.0,0.0,0.0,0.0,0.0,0.0,0.0,0.0,0.0,0.0,0.0,0.0,0.0,0.0,0.0,0.0,0.0,0.0,0.0,0.0,0.0,0.0,0.0,0.0,0.0,0.0,0.0,0.0,0.0,0.0,0.0,0.0,0.0,0.0,-83.33333333333334,0.0,-16.666666666666668,-83.33333333333334,0.0,0.0,0.0,0.0,0.0,0.0,0.0,0.0,0.0,0.0,0.0,0.0,0.0,0.0,0.0,0.0,0.0,0.0,0.0,0.0,0.0,0.0,0.0,0.0,0.0,0.0,0.0,0.0,0.0,0.0,0.0,0.0,0.0,0.0,0.0,0.0,0.0,0.0,0.0,0.0,0.0,0.0,0.0,0.0,0.0,0.0,0.0,0.0,0.0,0.0,0.0,0.0,0.0,0.0,0.0,0.0,0.0,0.0,0.0,0.0,0.0,0.0,0.0,0.0,0.0,0.0,0.0,0.0,0.0,0.0,0.0,0.0,0.0,0.0,0.0,0.0,0.0,0.0,0.0,0.0,0.0,0.0,0.0,0.0,0.0,0.0,0.0,0.0,0.0,0.0,0.0,0.0,0.0,0.0,0.0,0.0,0.0,0.0,0.0,0.0,0.0,0.0,0.0,0.0,0.0,0.0,0.0,0.0,0.0,0.0,0.0,0.0,0.0,0.0,0.0,0.0,0.0,0.0,0.0,0.0,0.0,0.0,0.0,0.0,0.0,0.0,0.0,0.0,0.0,0.0,0.0,0.0,0.0,0.0,0.0,0.0,0.0,0.0,0.0,0.0,0.0,0.0,0.0,0.0,0.0,0.0,0.0,0.0,0.0,0.0,0.0,0.0,0.0,0.0,0.0,0.0
0.0,0.0,0.0,0.0,0.0,0.0,2.414907828288661,0.9888946620306364,-1.20745391414433,2.060197130698947,2.620590329716698,4.201811495233214,0.0,0.0,0.0,0.0,0.0,-0.5320043438455515,0.7533346025106222,0.0,0.0,0.0,0.0,0.0,0.0,0.0,0.0,-0.40078712291479945,2.162127175022825,0.05009838375227901,1.6462896952011967,3.010084261051423,1.6918449503284865,0.0,0.0,0.0,0.0,0.0,-1.1941036006632428,0.8978099843221131,0.0,0.0,0.0,0.0,0.0,0.0,0.0,-100.0,-3.8935975111727306,2.9891438915626223,1.3344256512001573,5.387840746619521,9.389343625851785,-0.14067299627682525,0.0,0.0,0.0,0.0,0.0,-3.305760303110004,1.0284624210259945,0.0,0.0,0.0,0.0,0.0,0.0,0.0,0.0,0.33635385782441934,1.9680475688319152,-0.014121727934974196,1.2586350644461684,1.7097935739601822,2.4740645560637926,0.0,0.0,0.0,0.0,0.0,-0.411336109049022,0.7836745046172039,0.0,0.0,0.0,0.0,0.0,0.0,0.0,0.0,0.5176576586321914,1.2677323746805222,-0.23529890645352358,1.031875023101131,1.0816335650976439,2.117348580104405,0.0,0.0,0.0,0.0,0.0,-0.328196517579497,0.7720851348844334,0.0,0.0,0.0,0.0,0.0,0.0,0.0,0.0,0.40993066862241917,1.0909115551797621,-0.1742700319397221,1.9200039248681182,1.8393105646690826,2.4103280659863526,0.0,0.0,0.0,0.0,0.0,-0.46670180749856294,0.8341654019043941,0.0,0.0,0.0,0.0,0.0,0.0,0.0,0.0,0.1809955343710902,0.8386170244689013,-0.015040472961150322,1.9791363399851771,1.8128273079516153,2.0945935293830886,0.0,0.0,0.0,0.0,0.0,-0.45445337256180035,0.826747406838429,0.0,0.0,0.0,0.0,0.0,0.0,0.0,0.0,-0.02026227728473205,1.0614876864710243,0.007471988756904738,1.5037743460269848,1.534572452142617,1.7915631896874968,0.0,0.0,0.0,0.0,0.0,-0.4921100872805959,0.7528800905249312,0.0,0.0,0.0,0.0,0.0,0.0,0.0,0.0,0.10132332443964652,1.1447120667793722,-0.11241709031475305,1.4499684465870426,1.262279082982387,1.9311130399359455,0.0,0.0,0.0,0.0,0.0,-0.3061131369644928,0.8240900514629046,0.0,0.0,15.412820547954283,9.190185573394906,-3.853205309240262,4.595092649753029,13.2061535451807,20.323653466576136,0.0,0.0,0.0,0.0,0.0,-0.4296822721182464,0.4636932761698178,0.0,0.0
0.0,0.0,0.0,0.0,0.0,0.0,-0.13160051525839675,-0.5540095638188636,0.06580025762919821,-1.1541865454260465,-1.74160552136665,-0.3757659947999313,0.0,0.0,0.0,0.0,0.0,0.3282702199051244,-0.06649449529264116,0.0,0.0,0.0,0.0,0.0,0.0,0.0,0.0,0.9493729351936547,-0.5075067445073884,-0.11867160123672467,-0.3864264477036602,-1.3592366213357057,0.5279128026279284,0.0,0.0,0.0,0.0,0.0,0.5392106010758138,0.06030102378376581,0.0,0.0,0.0,0.0,0.0,0.0,0.0,0.0,-53.035794668752644,-0.32499289130955433,-20.186926012319464,-0.5857897798435986,22.88070426065644,-21.709037520317835,0.0,0.0,0.0,0.0,0.0,1.1297151701666086,0.551922336793584,0.0,0.0,0.0,0.0,0.0,0.0,0.0,0.0,0.6826970079785898,-0.573268030077749,-0.028662853671585335,-0.36662490043880613,-1.136486915687692,-0.058902823164562995,0.0,0.0,0.0,0.0,0.0,0.3039462633648799,-0.10457687437823496,0.0,0.0,0.0,0.0,0.0,0.0,0.0,0.0,0.25714112801061256,-0.43839040167936943,-0.11688231636521187,-0.35682933945282624,-0.8333892198598823,-0.14975491296900517,0.0,0.0,0.0,0.0,0.0,0.27909114043893923,-0.1222298393099496,0.0,0.0,0.0,0.0,0.0,0.0,0.0,0.0,0.4181001549381658,-0.34098454867005523,-0.17774305006242233,-0.600132676803491,-1.1439941670096538,0.012165147161421188,0.0,0.0,0.0,0.0,0.0,0.33115559861283816,-0.10412281488456031,0.0,0.0,0.0,0.0,0.0,0.0,0.0,0.0,0.6003860273321496,-0.23612008346558244,-0.04989122986773547,-0.5572434426584871,-1.0757961730003984,0.046037814762317976,0.0,0.0,0.0,0.0,0.0,0.3260709878677158,-0.10521463462346511,0.0,0.0,0.0,0.0,0.0,0.0,0.0,0.0,0.4723180868071152,-0.2776114259599569,-0.17417368169987432,-0.39328288574918724,-0.9397134838235808,0.03194598062919433,0.0,0.0,0.0,0.0,0.0,0.3176159403855699,-0.07631450199462249,0.0,0.0,0.0,0.0,0.0,0.0,0.0,0.0,0.27969726021578456,-0.3259559795542077,-0.3103209684083731,-0.4128775253149005,-0.9204408837354165,0.015372806692488474,0.0,0.0,0.0,0.0,0.0,0.2862137803261508,-0.14147312403719947,0.0,0.0,-1.3246371497967213,-5.6285009783858335,0.33115930225315404,-2.8142504053217245,-8.601680222734911,-2.0368254148473453,0.0,0.0,0.0,0.0,0.0,0.22906686710979365,-0.015458900608844328,0.0,0.0
0.0,0.0,0.0,0.0,0.0,0.0,0.316354744365858,-0.017785098100527887,-0.15817737218292896,-0.03705228623710755,-0.12769259817563863,0.5071979409224407,0.0,0.0,0.0,0.0,0.0,0.01847198539985453,0.09119255184369492,0.0,0.0,0.0,0.0,0.0,0.0,0.0,0.0,0.22073969073277624,0.1684434005513018,-0.027592457699896974,0.12825639386791773,0.042226901315800314,0.4043121271485463,0.0,0.0,0.0,0.0,0.0,-0.016751456282626743,0.14979120161276743,0.0,0.0,0.0,0.0,0.0,0.0,0.0,0.0,0.18843266668351813,-23.256172185471172,-0.0645802200214579,14.130848058219309,-6.33572327793856,-6.415985839185983,0.0,0.0,0.0,0.0,0.0,-0.1533224863537384,0.313831724528049,0.0,0.0,0.0,0.0,0.0,0.0,0.0,0.0,0.2505791366847094,0.12053039476299951,-0.01052049890948292,0.07708339147020207,-0.08336655646580411,0.34647013595499476,0.0,0.0,0.0,0.0,0.0,0.0290511641328446,0.0844354245341233,0.0,0.0,0.0,0.0,0.0,0.0,0.0,0.0,0.15187551193208446,0.057279681196705505,-0.06903431501257852,0.04662298884097753,-0.08645031072924664,0.26724917541791327,0.0,0.0,0.0,0.0,0.0,0.03395510857287201,0.0775307406835433,0.0,0.0,0.0,0.0,0.0,0.0,0.0,0.0,0.1834509405082432,0.05997232019912465,-0.07798880081156034,0.10555126088731613,-0.0665320686245032,0.358033420374382,0.0,0.0,0.0,0.0,0.0,0.028925027671459134,0.09199410200401092,0.0,0.0,0.0,0.0,0.0,0.0,0.0,0.0,0.2034848705916955,0.05376345197008037,-0.016909304998999026,0.12688175705044918,-0.05033599813228401,0.32158182720810363,0.0,0.0,0.0,0.0,0.0,0.02922833215083845,0.09058161131535332,0.0,0.0,0.0,0.0,0.0,0.0,0.0,0.0,0.13616126243872576,0.07431459400049059,-0.05021130684233286,0.10527901681542413,-0.051165824560814054,0.27286850639052423,0.0,0.0,0.0,0.0,0.0,0.02119995588263146,0.0882328226982214,0.0,0.0,0.0,0.0,0.0,0.0,0.0,0.0,0.0972965065839549,0.07231121899090147,-0.10794938113655714,0.09159419989870785,-0.08553025375956934,0.2885076274274835,0.0,0.0,0.0,0.0,0.0,0.03930083941814911,0.07950939018567059,0.0,0.0,1.8762982194391224,-0.30665042829617234,-0.46907457582904716,-0.1533252095786392,-0.5919576422364552,2.388653813884128,0.0,0.0,0.0,0.0,0.0,0.0042944394883763694,0.06363413702473517,0.0,0.0
0.0,0.0,0.0,0.0,0.0,0.0,0.002047131929332828,0.008617980446524016,-0.0010235659646664114,0.01795412521682553,0.027091810880007425,0.005845285365350205,0.0,0.0,0.0,0.0,0.0,-0.005106457579572519,0.0010343652847495358,0.0,0.0,0.0,0.0,0.0,0.0,0.0,0.0,-0.01476811579850826,0.00789459873308926,0.0018460142311733973,0.006011115669870838,0.021143813013127687,-0.00821202828910852,0.0,0.0,0.0,0.0,0.0,-0.008387772919655149,-0.0009380217920638339,0.0,0.0,0.0,0.0,0.0,0.0,0.0,0.0,-0.9162523628947059,0.005055476593687064,-2.0939046266694668,0.009112342454283549,-0.35592429228443223,0.3376982512239171,0.0,0.0,0.0,0.0,0.0,-0.01757345699869647,-0.00858551226751403,0.0,0.0,0.0,0.0,0.0,0.0,0.0,0.0,-0.010619797653138655,0.00891755846193781,0.00044586940120778265,0.0057030896748625146,0.017678795921164267,0.0009162718686265065,0.0,0.0,0.0,0.0,0.0,-0.004728082555861802,0.0016267615532444002,0.0,0.0,0.0,0.0,0.0,0.0,0.0,0.0,-0.003999998119016468,0.006819448898271847,0.0018181807368747318,0.005550713328761188,0.012963913387323056,0.002329535437694639,0.0,0.0,0.0,0.0,0.0,-0.0043414448922532685,0.0019013649473735887,0.0,0.0,0.0,0.0,0.0,0.0,0.0,0.0,-0.006503820863864823,0.005304237263972836,0.0027649091820449528,0.009335455580156003,0.017795576116534612,-0.0001892368060283017,0.0,0.0,0.0,0.0,0.0,-0.00515134152907059,0.0016196983613906836,0.0,0.0,0.0,0.0,0.0,0.0,0.0,0.0,-0.009339396613027434,0.0036730020476746193,0.0007760906517378419,0.008668285543089852,0.016734711797130757,-0.0007161482640976057,0.0,0.0,0.0,0.0,0.0,-0.005072247089477166,0.0016366823302163317,0.0,0.0,0.0,0.0,0.0,0.0,0.0,0.0,-0.0073472161898890985,0.00431842696751131,0.002709385326928008,0.0061177720398472865,0.014617856726340575,-0.0004969405844001737,0.0,0.0,0.0,0.0,0.0,-0.004940723306072969,0.0011871218999224818,0.0,0.0,0.0,0.0,0.0,0.0,0.0,0.0,-0.004350873481083213,0.005070458060078163,0.004827245254495546,0.006422579450517213,0.014318058849985174,-0.00023913404413244957,0.0,0.0,0.0,0.0,0.0,-0.004452242205665155,0.0022007068041516344,0.0,0.0,0.020605595645312506,0.08755500724682402,-0.0051513991416136,0.04377750231874086,0.13380475141223147,0.03168414905537037,0.0,0.0,0.0,0.0,0.0,-0.003563284662616687,0.0002404732912071841,0.0,0.0
0.0,0.0,0.0,0.0,0.0,0.0,0.015442306592297858,-0.0008681486291377594,-0.007721153296148928,-0.0018086429055013207,-0.006233092076896055,0.024757985287707902,0.0,0.0,0.0,0.0,0.0,0.0009016778379119786,0.004451405801822817,0.0,0.0,0.0,0.0,0.0,0.0,0.0,0.0,0.01077502405793672,0.008222271614660069,-0.0013468778294788363,0.0062606127829725276,0.0020612327400634013,0.019735793243522433,0.0,0.0,0.0,0.0,0.0,-0.0008176932016693159,0.007311796966313161,0.0,0.0,0.0,0.0,0.0,0.17543860236179962,0.0,0.0,0.009198012872429032,0.38268207192624554,-0.00315237111227289,-1.00355749936107,-0.3092673117262869,-0.3131851890483112,0.0,0.0,0.0,0.0,0.0,-0.007484170488777906,0.015319149767348089,0.0,0.0,0.0,0.0,0.0,0.0,0.0,0.0,0.012231584710623373,0.005883481574938581,-0.0005135398553602467,0.0037626916790612984,-0.004069393449652958,0.016912337051296557,0.0,0.0,0.0,0.0,0.0,0.0014180820467915496,0.004121568385264524,0.0,0.0,0.0,0.0,0.0,0.0,0.0,0.0,0.007413538949190335,0.0027960080077878116,-0.0033697900120019816,0.002275820106238172,-0.004219921550272537,0.013045303656231818,0.0,0.0,0.0,0.0,0.0,0.0016574595649201211,0.0037845282528104485,0.0,0.0,0.0,0.0,0.0,0.0,0.0,0.0,0.008954838574184578,0.0029274444972297036,-0.003806887661229391,0.00515230120886236,-0.0032476472068685086,0.01747677866754624,0.0,0.0,0.0,0.0,0.0,0.001411924914825388,0.004490532078716552,0.0,0.0,0.0,0.0,0.0,0.0,0.0,0.0,0.009932760025046557,0.0026243693940689408,-0.0008253983122037178,0.006193512277712329,-0.0024570641965436296,0.01569745754947759,0.0,0.0,0.0,0.0,0.0,0.0014267301954314407,0.004421583802575665,0.0,0.0,0.0,0.0,0.0,0.0,0.0,0.0,0.00664647519286598,0.0036275376465053142,-0.0024509776081073644,0.005139012088022655,-0.0024975707302877007,0.013319601523635694,0.0,0.0,0.0,0.0,0.0,0.0010348389721134684,0.0043069317716129055,0.0,0.0,0.0,0.0,0.0,0.0,0.0,0.0,0.004749359735510613,0.0035297463799970896,-0.005269361277641193,0.0044710115530188135,-0.00417501056960551,0.014082998015036138,0.0,0.0,0.0,0.0,0.0,0.0019184021179965642,0.003881112586678414,0.0,0.0,0.09158823402898997,-0.014968607282628771,-0.022897059530825763,-0.007484303418264777,-0.028895382679949646,0.11659798120239975,0.0,0.0,0.0,0.0,0.0,0.00020962559406058858,0.0031061897163641994,0.0,0.0
0.0,0.0,0.0,0.0,0.0,0.0,0.00456470666634307,-0.004840184680526412,-0.0022823533331715355,-0.010083717683739085,-0.016495342898393852,0.00597309515812821,0.0,0.0,0.0,0.0,0.0,0.0030094013162778725,0.001082654779500377,0.0,0.0,0.0,0.0,0.0,0.0,0.0,0.0,0.011685835987798068,-0.0011409213029419116,-0.0014607293056851907,-0.0008687217873985431,-0.010344647120166695,0.011517115019871318,0.0,0.0,0.0,0.0,0.0,0.004103732421586091,0.0031624084915446143,0.0,0.0,0.0,0.11173184595655401,0.0,0.0,0.0,0.0,-0.13145202726254854,-0.0757360872319357,0.04505164095108889,-0.1365119885762465,-0.01691152712687823,-0.2916088184851201,0.0,0.0,0.0,0.0,0.0,0.006490418987048235,0.010100290154326367,0.0,0.0,0.0,0.0,0.0,0.0,0.0,0.0,0.010040485497927899,-0.0025318910554240283,-0.00042154713328962975,-0.0016192326406041595,-0.010764780649006793,0.0056950586438835995,0.0,0.0,0.0,0.0,0.0,0.0029993886691440656,0.000651286391863918,0.0,0.0,0.0,0.0,0.0,0.0,0.0,0.0,0.004806644439730336,-0.0025581640982655016,-0.0021848381097420598,-0.002082226257461812,-0.00834513746728131,0.0035411609178855117,0.0,0.0,0.0,0.0,0.0,0.002883876102540974,0.00038408175973454105,0.0,0.0,0.0,0.0,0.0,0.0,0.0,0.0,0.006683623416928876,-0.0017149059388344922,-0.0028413469776619902,-0.0030182338042970924,-0.010525991584628172,0.006481406375865192,0.0,0.0,0.0,0.0,0.0,0.003219288266687278,0.0007897298877679601,0.0,0.0,0.0,0.0,0.0,0.0,0.0,0.0,0.008528991688439576,-0.0009694254836628613,-0.0007087471484950698,-0.0022878443289890828,-0.009680494284814382,0.006108192700241501,0.0,0.0,0.0,0.0,0.0,0.003183181966473672,0.0007556376326211888,0.0,0.0,0.0,0.0,0.0,0.0,0.0,0.0,0.006283323630550005,-0.0009418454898904122,-0.0023170605585799663,-0.0013342812202815706,-0.00858425209444367,0.005124807341348089,0.0,0.0,0.0,0.0,0.0,0.0029710426012524104,0.0009497219440239107,0.0,0.0,0.0,0.0,0.0,0.0,0.0,0.0,0.0040179098038247915,-0.0013722609384634633,-0.004457825794712739,-0.0017381969833287693,-0.009039462121544132,0.005268270664075123,0.0,0.0,0.0,0.0,0.0,0.0030373179530290024,0.00026224199041968894,0.0,0.0,0.022630872677004626,-0.051419524116422824,-0.005657718422170867,-0.02570976129200087,-0.08077947543615345,0.02594921739800233,0.0,0.0,0.0,0.0,0.0,0.0019467447012766878,0.0010080905576259427,0.0,0.0
0.0,0.0,0.0,0.0,0.0,0.0,0.0,0.0,0.0,0.0,0.0,0.0,0.0,0.0,0.0,0.0,0.0,0.0,0.0,0.0,0.0,0.0,0.0,0.0,0.0,0.0,0.0,0.0,0.0,0.0,0.0,0.0,0.0,0.0,0.0,0.0,0.0,0.0,0.0,0.0,0.0,0.0,0.0,0.0,0.0,0.0,0.0,0.0,0.0,0.0,0.0,0.0,376.99111843077515,0.0,0.0,0.0,0.0,0.0,0.0,0.0,0.0,0.0,0.0,0.0,0.0,0.0,0.0,0.0,0.0,0.0,0.0,0.0,0.0,0.0,0.0,0.0,0.0,0.0,0.0,0.0,0.0,0.0,0.0,0.0,0.0,0.0,0.0,0.0,0.0,0.0,0.0,0.0,0.0,0.0,0.0,0.0,0.0,0.0,0.0,0.0,0.0,0.0,0.0,0.0,0.0,0.0,0.0,0.0,0.0,0.0,0.0,0.0,0.0,0.0,0.0,0.0,0.0,0.0,0.0,0.0,0.0,0.0,0.0,0.0,0.0,0.0,0.0,0.0,0.0,0.0,0.0,0.0,0.0,0.0,0.0,0.0,0.0,0.0,0.0,0.0,0.0,0.0,0.0,0.0,0.0,0.0,0.0,0.0,0.0,0.0,0.0,0.0,0.0,0.0,0.0,0.0,0.0,0.0,0.0,0.0,0.0,0.0,0.0,0.0,0.0,0.0,0.0,0.0,0.0,0.0,0.0,0.0,0.0,0.0,0.0,0.0,0.0,0.0,0.0,0.0,0.0,0.0,0.0,0.0,0.0,0.0,0.0,0.0,0.0,0.0,0.0,0.0,0.0,0.0,0.0,0.0,0.0,0.0,0.0,0.0,0.0,0.0,0.0,0.0
0.0,0.0,0.0,0.0,0.0,0.0,0.0,0.0,0.0,0.0,0.0,0.0,0.0,0.0,0.0,0.0,0.0,0.0,0.0,0.0,0.0,0.0,0.0,0.0,0.0,0.0,0.0,0.0,0.0,0.0,0.0,0.0,0.0,0.0,0.0,0.0,0.0,0.0,0.0,0.0,0.0,0.0,0.0,0.0,0.0,0.0,0.0,0.0,0.0,0.0,0.0,0.0,0.0,0.0,0.0,0.0,6.61173839848121,0.0,0.0,-0.9989949984302291,0.04482179281762918,0.0,0.0,0.0,0.0,0.0,0.0,0.0,0.0,0.0,0.0,0.0,0.0,0.0,0.0,0.0,0.0,0.0,0.0,0.0,0.0,0.0,0.0,0.0,0.0,0.0,0.0,0.0,0.0,0.0,0.0,0.0,0.0,0.0,0.0,0.0,0.0,0.0,0.0,0.0,0.0,0.0,0.0,0.0,0.0,0.0,0.0,0.0,0.0,0.0,0.0,0.0,0.0,0.0,0.0,0.0,0.0,0.0,0.0,0.0,0.0,0.0,0.0,0.0,0.0,0.0,0.0,0.0,0.0,0.0,0.0,0.0,0.0,0.0,0.0,0.0,0.0,0.0,0.0,0.0,0.0,0.0,0.0,0.0,0.0,0.0,0.0,0.0,0.0,0.0,0.0,0.0,0.0,0.0,0.0,0.0,0.0,0.0,0.0,0.0,0.0,0.0,0.0,0.0,0.0,0.0,0.0,0.0,0.0,0.0,0.0,0.0,0.0,0.0,0.0,0.0,0.0,0.0,0.0,0.0,0.0,0.0,0.0,0.0,0.0,0.0,0.0,0.0,0.0,0.0,0.0,0.0,0.0,0.0,0.0,0.0,0.0,0.0,0.0,0.0,0.0,0.0,0.0,0.0
0.0,0.0,0.0,0.0,0.0,0.0,0.0,0.0,0.0,0.0,0.0,0.0,0.0,0.0,0.0,0.0,0.0,0.0,0.0,0.0,0.0,0.0,0.0,0.0,0.0,0.0,0.0,0.0,0.0,0.0,0.0,0.0,0.0,0.0,0.0,0.0,0.0,0.0,0.0,0.0,0.0,0.0,0.0,0.0,0.0,0.0,0.0,0.0,0.0,0.0,0.0,0.0,0.0,0.0,0.0,0.0,2.086709100714783,0.0,0.0,-0.04482179281762918,-0.9989949984302291,1.0,98.17477042468103,0.0,0.0,0.0,0.0,0.0,0.0,0.0,0.0,0.0,0.0,0.0,0.0,0.0,0.0,0.0,0.0,0.0,0.0,0.0,0.0,0.0,0.0,0.0,0.0,0.0,0.0,0.0,0.0,0.0,0.0,0.0,0.0,0.0,0.0,0.0,0.0,0.0,0.0,0.0,0.0,0.0,0.0,0.0,0.0,0.0,0.0,0.0,0.0,0.0,0.0,0.0,0.0,0.0,0.0,0.0,0.0,0.0,0.0,0.0,0.0,0.0,0.0,0.0,0.0,0.0,0.0,0.0,0.0,0.0,0.0,0.0,0.0,0.0,0.0,0.0,0.0,0.0,0.0,0.0,0.0,0.0,0.0,0.0,0.0,0.0,0.0,0.0,0.0,0.0,0.0,0.0,0.0,0.0,0.0,0.0,0.0,0.0,0.0,0.0,0.0,0.0,0.0,0.0,0.0,0.0,0.0,0.0,0.0,0.0,0.0,0.0,0.0,0.0,0.0,0.0,0.0,0.0,0.0,0.0,0.0,0.0,0.0,0.0,0.0,0.0,0.0,0.0,0.0,0.0,0.0,0.0,0.0,0.0,0.0,0.0,0.0,0.0,0.0,0.0,0.0,0.0
0.0,0.0,0.0,0.0,0.0,0.0,0.0,0.0,0.0,0.0,0.0,0.0,0.0,0.0,0.0,0.0,0.0,0.0,0.0,0.0,0.0,0.0,0.0,0.0,0.0,0.0,0.0,0.0,0.0,0.0,0.0,0.0,0.0,0.0,0.0,0.0,0.0,0.0,0.0,0.0,0.0,0.0,0.0,0.0,0.0,0.0,0.0,0.0,0.0,0.0,0.0,0.0,0.0,0.0,0.0,0.0,0.0,1.0,0.0,0.0,0.0,0.0,0.0,0.0,0.0,0.0,0.0,0.0,0.0,0.0,0.0,0.0,0.0,0.0,0.0,0.0,0.0,0.0,0.0,0.0,0.0,0.0,0.0,0.0,0.0,0.0,0.0,0.0,0.0,0.0,0.0,0.0,0.0,0.0,0.0,0.0,0.0,0.0,0.0,0.0,0.0,0.0,0.0,0.0,0.0,0.0,0.0,0.0,0.0,0.0,0.0,0.0,0.0,0.0,0.0,0.0,0.0,0.0,0.0,0.0,0.0,0.0,0.0,0.0,0.0,0.0,0.0,0.0,0.0,0.0,0.0,0.0,0.0,0.0,0.0,0.0,0.0,0.0,0.0,0.0,0.0,0.0,0.0,0.0,0.0,0.0,0.0,0.0,0.0,0.0,0.0,0.0,0.0,0.0,0.0,0.0,0.0,0.0,0.0,0.0,0.0,0.0,0.0,0.0,0.0,0.0,0.0,0.0,0.0,0.0,0.0,0.0,0.0,0.0,0.0,0.0,0.0,0.0,0.0,0.0,0.0,0.0,0.0,0.0,0.0,0.0,0.0,0.0,0.0,0.0,0.0,0.0,0.0,0.0,0.0,0.0,0.0,0.0,0.0,0.0,0.0,0.0,0.0,0.0
0.0,0.0,0.0,0.0,0.0,0.0,1287.7901922933395,-744.2815019126995,-643.8950961466697,-1550.5864007033563,-2667.6955409733437,1867.4568237376852,0.0,0.0,0.0,0.0,0.0,477.25862908172587,337.0396938665671,0.0,0.0,0.0,0.0,0.0,0.0,0.0,0.0,2144.656966272163,162.1693977316769,-268.0820854020854,123.47923445336917,-1433.794628743215,2478.923462462364,0.0,0.0,0.0,0.0,0.0,568.7878412400493,756.4981689873833,0.0,0.0,0.0,0.0,0.0,0.0,0.0,0.0,3952.456919277136,1181.8503249030473,-1354.598127621666,2130.249184354046,-1561.9347024223146,6989.2907728867785,0.0,0.0,-62282.145978109846,-1884.9555921538756,1884.9555921538756,651.5598294371059,2094.291998638,0.0,0.0,0.0,0.0,0.0,0.0,0.0,0.0,1961.8272735728776,-135.426290678436,-82.36680022641626,-86.60983646697441,-1740.9935733668954,1512.377683445916,0.0,0.0,0.0,0.0,0.0,496.4798092022277,260.5929779971841,0.0,0.0,0.0,0.0,0.0,0.0,0.0,0.0,1001.5953273261579,-262.9721043912021,-455.27054666114066,-214.04702736412176,-1392.339800174522,1041.7213050060477,0.0,0.0,0.0,0.0,0.0,489.1376179738566,207.92171171667087,0.0,0.0,0.0,0.0,0.0,0.0,0.0,0.0,1338.4827401762932,-134.09695743622598,-569.0167819479229,-236.01059441340425,-1673.068659355915,1650.2582317133379,0.0,0.0,0.0,0.0,0.0,528.4672107367937,295.6687029832924,0.0,0.0,0.0,0.0,0.0,0.0,0.0,0.0,1648.1656609257195,-36.96259209010275,-136.96023575822147,-87.23172448341307,-1517.4576619543075,1524.2649603172813,0.0,0.0,0.0,0.0,0.0,523.7677025183758,287.90897543747883,0.0,0.0,0.0,0.0,0.0,0.0,0.0,0.0,1187.3238283674984,7.270525094330822,-437.8417179717488,10.299911396380185,-1358.3873576153765,1284.8500905585636,0.0,0.0,0.0,0.0,0.0,476.9706829732259,311.7655618501004,0.0,0.0,0.0,0.0,0.0,0.0,0.0,0.0,779.2423481150408,-59.73995508904249,-864.5606321110016,-75.67060083794313,-1492.3183929426393,1336.4639526339124,0.0,0.0,0.0,0.0,0.0,522.0841932526711,193.93126985633185,0.0,0.0,6986.68868313443,-8137.045742274475,-1746.672248865938,-4068.522749885819,-12998.740246205802,8475.084201374122,0.0,0.0,0.0,0.0,0.0,293.7627138879487,272.2157875776033,0.0,0.0
0.0,0.0,0.0,0.0,0.0,0.0,5.365792467888914,-3.101172924636248,-2.6828962339444575,-6.460776669597318,-11.115398087388932,7.781070098907023,0.0,0.0,0.0,0.0,0.0,1.988577621173858,1.404332057777363,0.0,0.0,0.0,0.0,0.0,0.0,0.0,0.0,8.93607069280068,0.6757058238819872,-1.117008689175356,0.5144968102223716,-5.974144286430064,10.328847760259851,0.0,0.0,0.0,0.0,0.0,2.3699493385002057,3.152075704114097,0.0,0.0,0.0,0.0,0.0,0.0,0.0,0.0,16.468570496988068,4.924376353762697,-5.644158865090275,8.87603826814186,-6.508061260092977,29.122044887028245,0.0,0.0,-259.5089415754577,0.0,0.0,2.7148326226546082,8.726216660991668,0.0,0.0,0.0,0.0,0.0,0.0,0.0,0.0,8.174280306553658,-0.5642762111601501,-0.34319500094340105,-0.3608743186123934,-7.254139889028731,6.301573681024651,0.0,0.0,0.0,0.0,0.0,2.068665871675949,1.0858040749882674,0.0,0.0,0.0,0.0,0.0,0.0,0.0,0.0,4.173313863858992,-1.095717101630009,-1.8969606110880863,-0.891862614017174,-5.801415834060509,4.3405054375251995,0.0,0.0,0.0,0.0,0.0,2.0380734082244025,0.8663404654861286,0.0,0.0,0.0,0.0,0.0,0.0,0.0,0.0,5.577011417401223,-0.5587373226509417,-2.370903258116346,-0.9833774767225179,-6.971119413982979,6.876075965472242,0.0,0.0,0.0,0.0,0.0,2.2019467114033078,1.231952929097052,0.0,0.0,0.0,0.0,0.0,0.0,0.0,0.0,6.867356920523831,-0.15401080037542814,-0.5706676489925895,-0.36346551868088783,-6.322740258142948,6.351104001322006,0.0,0.0,0.0,0.0,0.0,2.1823654271598993,1.1996207309894953,0.0,0.0,0.0,0.0,0.0,0.0,0.0,0.0,4.947182618197911,0.030293854559711782,-1.8243404915489534,0.04291629748491746,-5.659947323397402,5.353542043994016,0.0,0.0,0.0,0.0,0.0,1.9873778457217748,1.2990231743754184,0.0,0.0,0.0,0.0,0.0,0.0,0.0,0.0,3.2468431171460037,-0.24891647953767704,-3.6023359671291737,-0.31529417015809635,-6.217993303927664,5.568599802641303,0.0,0.0,0.0,0.0,0.0,2.175350805219463,0.8080469577347161,0.0,0.0,29.11120284639346,-33.90435725947698,-7.277801036941408,-16.95217812452425,-54.161417692524175,35.31285083905884,0.0,0.0,0.0,0.0,0.0,1.224011307866453,1.1342324482400137,0.0,0.0
0.0,0.0,0.0,0.0,0.0,0.0,-268.78530115724857,141.91394957841038,134.39265057862428,295.6540498734519,513.8595689201467,-393.71442866483443,0.0,0.0,0.0,0.0,0.0,-91.57517792630837,-71.0295860298361,0.0,0.0,0.0,0.0,0.0,0.0,0.0,0.0,-422.71929931975376,-44.312966997892346,52.839905441067565,-33.7408371603538,267.1608421339884,-500.7429158016694,0.0,0.0,0.0,0.0,0.0,-105.98298781078836,-154.96156811981783,0.0,0.0,0.0,0.0,0.0,0.0,0.0,0.0,-761.2726120562378,-251.02704593364172,260.905678660663,-452.4685982506406,256.6215675249617,-1384.1778132735565,3.549486755942368e6,159254.41091673178,39110.732040896895,0.0,0.0,-4006.0657987682607,-797.7805043361368,168.97417804390508,16589.00113715956,0.0,0.0,0.0,0.0,0.0,0.0,-390.6424186317488,15.750562844939545,16.401018830167697,10.073034308398372,335.35801875999186,-313.6218666611455,0.0,0.0,0.0,0.0,0.0,-96.06363130176372,-56.052096558335506,0.0,0.0,0.0,0.0,0.0,0.0,0.0,0.0,-201.38785175424496,44.969041770279176,91.53992122130916,36.60270254377333,269.8082633633333,-218.34927169532304,0.0,0.0,0.0,0.0,0.0,-95.07701326757919,-45.54969044326041,0.0,0.0,0.0,0.0,0.0,0.0,0.0,0.0,-267.537356553549,20.427592004541413,113.735680788012,35.95255420854095,321.16878619059275,-340.58473543560734,0.0,0.0,0.0,0.0,0.0,-102.09028219420316,-63.286951757250655,0.0,0.0,0.0,0.0,0.0,0.0,0.0,0.0,-327.6134255005876,2.600873294603621,27.2242123822171,6.138061478428594,290.4826940929693,-313.84004215728754,0.0,0.0,0.0,0.0,0.0,-101.22803525133051,-61.707533256735,0.0,0.0,0.0,0.0,0.0,0.0,0.0,0.0,-235.16125588739945,-7.419498739075912,86.7188932102051,-10.510957410438586,260.52921608099626,-264.69173065551405,0.0,0.0,0.0,0.0,0.0,-91.74282297408641,-66.01880420403815,0.0,0.0,0.0,0.0,0.0,0.0,0.0,0.0,-154.98227519580163,5.390273304922795,171.95109343505814,6.827678712785783,288.60214400475934,-275.7053396460142,0.0,0.0,0.0,0.0,0.0,-101.72996004231368,-43.07031621797502,0.0,0.0,-1471.2668197293015,1560.6412560131896,367.8167213750133,780.3206047512302,2501.39553484808,-1793.8615066502102,0.0,0.0,0.0,0.0,0.0,-55.7906811181755,-56.55294092321669,0.0,0.0
0.0,0.0,0.0,0.0,0.0,0.0,-291.7119996345751,-130.76042028998037,145.85599981728748,-272.41753144589234,-352.6996639677181,-510.88165532237764,0.0,0.0,0.0,0.0,0.0,71.02958602983608,-91.57517792630841,0.0,0.0,0.0,0.0,0.0,0.0,0.0,0.0,69.38116026922393,-269.9860637591213,-8.672643889022526,-205.5731410017001,-390.6255512555449,-190.35061411761643,0.0,0.0,0.0,0.0,0.0,154.96156811981797,-105.98298781078832,0.0,0.0,0.0,0.0,0.0,0.0,0.0,0.0,523.9320493127932,-364.74198363188066,-179.56359487148873,-657.4363070850203,-1192.6005224095268,79.7990193755684,-159254.41091673178,3.549486755942368e6,3887.25849521258,0.0,0.0,797.7805043361368,-4006.0657987682607,3766.1224176496253,369738.2037439966,0.0,0.0,0.0,0.0,0.0,0.0,-24.78308583637565,-248.26762918795905,1.0405113169628135,-158.77580827395744,-230.12161746773145,-297.14165485247156,0.0,0.0,0.0,0.0,0.0,56.05209655833538,-96.06363130176382,0.0,0.0,0.0,0.0,0.0,0.0,0.0,0.0,-56.08057639732448,-161.48583519187125,25.491167916728543,-131.44193778368276,-148.16427789230792,-256.54489197512686,0.0,0.0,0.0,0.0,0.0,45.54969044326029,-95.07701326757929,0.0,0.0,0.0,0.0,0.0,0.0,0.0,0.0,-39.56166264764771,-138.14242374806867,16.81848356543534,-243.1306135934924,-245.7769493193959,-287.91449386349876,0.0,0.0,0.0,0.0,0.0,63.28695175725051,-102.09028219420334,0.0,0.0,0.0,0.0,0.0,0.0,0.0,0.0,-8.068457374764467,-105.60643376554145,0.6704773982684609,-249.23120411726333,-241.0688277976232,-249.3981579594506,0.0,0.0,0.0,0.0,0.0,61.70753325673483,-101.22803525133067,0.0,0.0,0.0,0.0,0.0,0.0,0.0,0.0,13.099747215151021,-133.19177941983975,-4.830708934363337,-188.6883696777648,-204.72319536093926,-213.48506512014276,0.0,0.0,0.0,0.0,0.0,66.01880420403813,-91.74282297408642,0.0,0.0,0.0,0.0,0.0,0.0,0.0,0.0,-5.791901909149182,-144.23531921431749,6.426050108559628,-182.69804941654237,-171.73092310771895,-230.5449119666599,0.0,0.0,0.0,0.0,0.0,43.07031621797496,-101.72996004231372,0.0,0.0,-1872.7694718676723,-1226.055706249311,468.1923888967478,-613.0278348550034,-1773.4335342925913,-2476.029942172034,0.0,0.0,0.0,0.0,0.0,56.55294092321667,-55.79068111817552,0.0,0.0
0.0,0.0,0.0,0.0,0.0,0.0,0.0,0.0,0.0,0.0,0.0,0.0,0.0,0.0,0.0,0.0,0.0,0.0,0.0,0.0,0.0,0.0,0.0,0.0,0.0,0.0,0.0,0.0,0.0,0.0,0.0,0.0,0.0,0.0,0.0,0.0,0.0,0.0,0.0,0.0,0.0,0.0,0.0,0.0,0.0,0.0,0.0,0.0,0.0,0.0,0.0,0.0,0.0,0.0,0.0,0.0,0.0,0.0,0.0,0.0,0.0,0.0,771.0628438351062,0.0,0.0,0.0,0.0,0.0,0.0,0.0,0.0,0.0,0.0,0.0,0.0,0.0,0.0,0.0,0.0,0.0,0.0,0.0,0.0,0.0,0.0,0.0,0.0,0.0,0.0,0.0,0.0,0.0,0.0,0.0,0.0,0.0,0.0,0.0,0.0,0.0,0.0,0.0,0.0,0.0,0.0,0.0,0.0,0.0,0.0,0.0,0.0,0.0,0.0,0.0,0.0,0.0,0.0,0.0,0.0,0.0,0.0,0.0,0.0,0.0,0.0,0.0,0.0,0.0,0.0,0.0,0.0,0.0,0.0,0.0,0.0,0.0,0.0,0.0,0.0,0.0,0.0,0.0,0.0,0.0,0.0,0.0,0.0,0.0,0.0,0.0,0.0,0.0,0.0,0.0,0.0,0.0,0.0,0.0,0.0,0.0,0.0,0.0,0.0,0.0,0.0,0.0,0.0,0.0,0.0,0.0,0.0,0.0,0.0,0.0,0.0,0.0,0.0,0.0,0.0,0.0,0.0,0.0,0.0,0.0,0.0,0.0,0.0,0.0,0.0,0.0,0.0,0.0,0.0,0.0,0.0,0.0,0.0,0.0,0.0,0.0,0.0,0.0,0.0,0.0
0.0,0.0,0.0,0.0,0.0,0.0,0.0,0.0,0.0,0.0,0.0,0.0,0.0,0.0,0.0,0.0,0.0,0.0,0.0,0.0,0.0,0.0,0.0,0.0,0.0,0.0,0.0,0.0,0.0,0.0,0.0,0.0,0.0,0.0,0.0,0.0,0.0,0.0,0.0,0.0,0.0,0.0,0.0,0.0,0.0,0.0,0.0,0.0,0.0,0.0,0.0,0.0,0.0,0.0,188.80099145235437,-598.215996867632,1.1179286068391294,0.0,0.0,-0.24435807660306252,0.29018912456677615,-0.634726886254196,-62.314166340378335,0.0,0.0,0.0,0.0,0.0,0.0,0.0,0.0,0.0,0.0,0.0,0.0,0.0,0.0,0.0,0.0,0.0,0.0,0.0,0.0,0.0,0.0,0.0,0.0,0.0,0.0,0.0,0.0,0.0,0.0,0.0,0.0,0.0,0.0,0.0,0.0,0.0,0.0,0.0,0.0,0.0,0.0,0.0,0.0,0.0,0.0,0.0,0.0,0.0,0.0,0.0,0.0,0.0,0.0,0.0,0.0,0.0,0.0,0.0,0.0,0.0,0.0,0.0,0.0,0.0,0.0,0.0,0.0,0.0,0.0,0.0,0.0,0.0,0.0,0.0,0.0,0.0,0.0,0.0,0.0,0.0,0.0,0.0,0.0,0.0,0.0,0.0,0.0,0.0,0.0,0.0,0.0,0.0,0.0,0.0,0.0,0.0,0.0,0.0,0.0,0.0,0.0,0.0,0.0,0.0,0.0,0.0,0.0,0.0,0.0,0.0,0.0,0.0,0.0,0.0,0.0,0.0,0.0,0.0,0.0,0.0,0.0,0.0,0.0,0.0,0.0,0.0,0.0,0.0,0.0,0.0,0.0,0.0,0.0,0.0,0.0,0.0,0.0,0.0,0.0,0.0
0.0,0.0,0.0,0.0,0.0,0.0,0.0,0.0,0.0,0.0,0.0,0.0,0.0,0.0,0.0,0.0,0.0,0.0,0.0,0.0,0.0,0.0,0.0,0.0,0.0,0.0,0.0,0.0,0.0,0.0,0.0,0.0,0.0,0.0,0.0,0.0,0.0,0.0,0.0,0.0,0.0,0.0,0.0,0.0,0.0,0.0,0.0,0.0,0.0,0.0,0.0,0.0,0.0,0.0,0.0,0.0,0.0,0.0,0.0,0.0,0.0,0.0,0.0,-2.0,0.0,0.0,0.0,0.0,0.0,0.0,0.0,0.0,0.0,-40.0,0.0,0.0,0.0,0.0,0.0,0.0,0.0,0.0,0.0,0.0,0.0,0.0,0.0,0.0,0.0,0.0,0.0,0.0,0.0,0.0,0.0,0.0,0.0,0.0,0.0,0.0,0.0,0.0,0.0,0.0,0.0,0.0,0.0,0.0,0.0,0.0,0.0,0.0,0.0,0.0,0.0,0.0,0.0,0.0,0.0,0.0,0.0,0.0,0.0,0.0,0.0,0.0,0.0,0.0,0.0,0.0,0.0,0.0,0.0,0.0,0.0,0.0,0.0,0.0,0.0,0.0,0.0,0.0,0.0,0.0,0.0,0.0,0.0,0.0,0.0,0.0,0.0,0.0,0.0,0.0,0.0,0.0,0.0,0.0,0.0,0.0,0.0,0.0,0.0,0.0,0.0,0.0,0.0,0.0,0.0,0.0,0.0,0.0,0.0,0.0,0.0,0.0,0.0,0.0,0.0,0.0,0.0,0.0,0.0,0.0,0.0,0.0,0.0,0.0,0.0,0.0,0.0,0.0,0.0,0.0,0.0,0.0,0.0,0.0,0.0,0.0,0.0,0.0,0.0,0.0
0.0,0.0,0.0,0.0,0.0,0.0,0.0,0.0,0.0,0.0,0.0,0.0,0.0,0.0,0.0,0.0,0.0,0.0,0.0,0.0,0.0,0.0,0.0,0.0,0.0,0.0,0.0,0.0,0.0,0.0,0.0,0.0,0.0,0.0,0.0,0.0,0.0,0.0,0.0,0.0,0.0,0.0,0.0,0.0,0.0,0.0,0.0,0.0,0.0,0.0,0.0,0.0,0.0,0.0,0.0,0.0,0.0,0.0,0.0,0.0,0.0,0.0,0.0,-0.4444444444444445,-0.1388888888888889,0.0,0.0,0.0,0.0,0.0,0.0,0.0,0.0,-11.666666666666666,0.0,0.0,0.0,0.0,0.0,0.0,0.0,0.0,0.0,0.0,0.0,0.0,0.0,0.0,0.0,0.0,0.0,0.0,0.0,0.0,0.0,0.0,0.0,0.0,0.0,0.0,0.0,0.0,0.0,0.0,0.0,0.0,0.0,0.0,0.0,0.0,0.0,0.0,0.0,0.0,0.0,0.0,0.0,0.0,0.0,0.0,0.0,0.0,0.0,0.0,0.0,0.0,0.0,0.0,0.0,0.0,0.0,0.0,0.0,0.0,0.0,0.0,0.0,0.0,0.0,0.0,0.0,0.0,0.0,0.0,0.0,0.0,0.0,0.0,0.0,0.0,0.0,0.0,0.0,0.0,0.0,0.0,0.0,0.0,0.0,0.0,0.0,0.0,0.0,0.0,0.0,0.0,0.0,0.0,0.0,0.0,0.0,0.0,0.0,0.0,0.0,0.0,0.0,0.0,0.0,0.0,0.0,0.0,0.0,0.0,0.0,0.0,0.0,0.0,0.0,0.0,0.0,0.0,0.0,0.0,0.0,0.0,0.0,0.0,0.0,0.0,0.0,0.0,0.0,0.0
0.0,0.0,0.0,0.0,0.0,0.0,0.0,0.0,0.0,0.0,0.0,0.0,0.0,0.0,0.0,0.0,0.0,0.0,0.0,0.0,0.0,0.0,0.0,0.0,0.0,0.0,0.0,0.0,0.0,0.0,0.0,0.0,0.0,0.0,0.0,0.0,0.0,0.0,0.0,0.0,0.0,0.0,0.0,0.0,0.0,0.0,0.0,0.0,0.0,0.0,0.0,0.0,0.0,0.0,0.0,0.0,0.0,0.0,0.0,0.0,0.0,0.0,0.0,0.0,0.0,-1.0,0.0084,0.16,0.0,0.0,0.0,0.0,0.0,0.0,0.0,0.0,0.0,0.0,0.0,0.0,0.0,0.0,0.0,0.0,0.0,0.0,0.0,0.0,0.0,0.0,0.0,0.0,0.0,0.0,0.0,0.0,0.0,0.0,0.0,0.0,0.0,0.0,0.0,0.0,0.0,0.0,0.0,0.0,0.0,0.0,0.0,0.0,0.0,0.0,0.0,0.0,0.0,0.0,0.0,0.0,0.0,0.0,0.0,0.0,0.0,0.0,0.0,0.0,0.0,0.0,0.0,0.0,0.0,0.0,0.0,0.0,0.0,0.0,0.0,0.0,0.0,0.0,0.0,0.0,0.0,0.0,0.0,0.0,0.0,0.0,0.0,0.0,0.0,0.0,0.0,0.0,0.0,0.0,0.0,0.0,0.0,0.0,0.0,0.0,0.0,0.0,0.0,0.0,0.0,0.0,0.0,0.0,0.0,0.0,0.0,0.0,0.0,0.0,0.0,0.0,0.0,0.0,0.0,0.0,0.0,0.0,0.0,0.0,0.0,0.0,0.0,0.0,0.0,0.0,0.0,0.0,0.0,0.0,0.0,0.0,0.0,0.0,0.0,0.0
0.0,0.0,0.0,0.0,0.0,0.0,0.0,0.0,0.0,0.0,0.0,0.0,0.0,0.0,0.0,0.0,0.0,0.0,0.0,0.0,0.0,0.0,0.0,0.0,0.0,0.0,0.0,0.0,0.0,0.0,0.0,0.0,0.0,0.0,0.0,0.0,0.0,0.0,0.0,0.0,0.0,0.0,0.0,0.0,0.0,0.0,0.0,0.0,0.0,0.0,0.0,0.0,0.0,0.0,0.0,0.0,0.0,0.0,0.0,0.0,0.0,0.0,0.0,0.0,0.0,0.0,0.105,2.0,0.0,0.0,0.0,0.0,0.0,0.0,0.0,0.0,0.0,0.0,0.0,0.0,0.0,0.0,0.0,0.0,0.0,0.0,0.0,0.0,0.0,0.0,0.0,0.0,0.0,0.0,0.0,0.0,0.0,0.0,0.0,0.0,0.0,0.0,0.0,0.0,0.0,0.0,0.0,0.0,0.0,0.0,0.0,0.0,0.0,0.0,0.0,0.0,0.0,0.0,0.0,0.0,0.0,0.0,0.0,0.0,0.0,0.0,0.0,0.0,0.0,0.0,0.0,0.0,0.0,0.0,0.0,0.0,0.0,0.0,0.0,0.0,0.0,0.0,0.0,0.0,0.0,0.0,0.0,0.0,0.0,0.0,0.0,0.0,0.0,0.0,0.0,0.0,0.0,0.0,0.0,0.0,0.0,0.0,0.0,0.0,0.0,0.0,0.0,0.0,0.0,0.0,0.0,0.0,0.0,0.0,0.0,0.0,0.0,0.0,0.0,0.0,0.0,0.0,0.0,0.0,0.0,0.0,0.0,0.0,0.0,0.0,0.0,0.0,0.0,0.0,0.0,0.0,0.0,0.0,0.0,0.0,0.0,0.0,0.0,0.0
0.0,0.0,0.0,0.0,0.0,0.0,0.0,0.0,0.0,0.0,0.0,0.0,0.0,0.0,0.0,0.0,0.0,0.0,0.0,0.0,0.0,0.0,0.0,0.0,0.0,0.0,0.0,0.0,0.0,0.0,0.0,0.0,0.0,0.0,0.0,0.0,0.0,0.0,0.0,0.0,0.0,0.0,0.0,0.0,0.0,0.0,0.0,0.0,0.0,0.0,0.0,0.0,0.0,0.0,0.0,0.0,0.0,0.0,0.0,0.0,0.0,0.0,0.0,0.0,0.0,-83.33333333333334,0.0,-16.666666666666668,-83.33333333333334,0.0,0.0,0.0,0.0,0.0,0.0,0.0,0.0,0.0,0.0,0.0,0.0,0.0,0.0,0.0,0.0,0.0,0.0,0.0,0.0,0.0,0.0,0.0,0.0,0.0,0.0,0.0,0.0,0.0,0.0,0.0,0.0,0.0,0.0,0.0,0.0,0.0,0.0,0.0,0.0,0.0,0.0,0.0,0.0,0.0,0.0,0.0,0.0,0.0,0.0,0.0,0.0,0.0,0.0,0.0,0.0,0.0,0.0,0.0,0.0,0.0,0.0,0.0,0.0,0.0,0.0,0.0,0.0,0.0,0.0,0.0,0.0,0.0,0.0,0.0,0.0,0.0,0.0,0.0,0.0,0.0,0.0,0.0,0.0,0.0,0.0,0.0,0.0,0.0,0.0,0.0,0.0,0.0,0.0,0.0,0.0,0.0,0.0,0.0,0.0,0.0,0.0,0.0,0.0,0.0,0.0,0.0,0.0,0.0,0.0,0.0,0.0,0.0,0.0,0.0,0.0,0.0,0.0,0.0,0.0,0.0,0.0,0.0,0.0,0.0,0.0,0.0,0.0,0.0,0.0,0.0,0.0,0.0,0.0,0.0
0.0,0.0,0.0,0.0,0.0,0.0,2.552031224418873,0.7337131428669676,-1.2760156122094364,1.5285689868996415,1.7741150330218831,4.349020865585279,0.0,0.0,0.0,0.0,0.0,-0.37590663302258603,0.7802727205557369,0.0,0.0,0.0,0.0,0.0,0.0,0.0,0.0,0.7346808661454042,1.1151151500728917,-0.0918350961476215,0.8490724328037542,0.834060011720734,1.890707297659254,0.0,0.0,0.0,0.0,0.0,-0.33087248621305454,0.7613658422812638,0.0,0.0,0.0,0.0,0.0,0.0,0.0,0.0,0.47650951139271475,0.871365212399543,-0.16331079758980338,1.5706092335684654,1.1894099189826206,2.02623242486913,0.0,0.0,0.0,0.0,0.0,-0.3889372859655764,0.7950288745576101,0.0,0.0,0.0,0.0,0.0,0.0,0.0,-100.0,-6.192790174744474,6.50419817584386,0.260002660804248,4.159661595518609,11.624339992882547,1.9847247051654104,0.0,0.0,0.0,0.0,0.0,-3.0822380312924196,1.4325794235278069,0.0,0.0,0.0,0.0,0.0,0.0,0.0,0.0,-0.7346619390381579,3.392093142284128,0.3339372034511495,2.761005602967033,5.126680442597305,2.8346740826066736,0.0,0.0,0.0,0.0,0.0,-1.6829986622344866,1.362311092186083,0.0,0.0,0.0,0.0,0.0,0.0,0.0,0.0,0.21679452668549104,1.5288049733364766,-0.09216385106486567,2.69069617534691,2.95025928748417,2.876535273701182,0.0,0.0,0.0,0.0,0.0,-0.775361018247596,1.066448685157234,0.0,0.0,0.0,0.0,0.0,0.0,0.0,0.0,-0.17654228440013847,1.158210395300382,0.014670414185887931,2.7333767569758987,2.8739087441649627,2.476507206771553,0.0,0.0,0.0,0.0,0.0,-0.7573735023833557,1.0582863252094357,0.0,0.0,0.0,0.0,0.0,0.0,0.0,0.0,0.27628180385699946,1.0432406813711521,-0.10188265134997421,1.4779244200120774,1.1667407855870018,2.078193018713961,0.0,0.0,0.0,0.0,0.0,-0.3638363420839323,0.816417293902557,0.0,0.0,0.0,0.0,0.0,0.0,0.0,0.0,0.18071977584922164,1.2626490501960266,-0.20050656130420538,1.5993552745960522,1.266949580480987,2.256399613717815,0.0,0.0,0.0,0.0,0.0,-0.2931661263446225,0.9298201529626773,0.0,0.0,13.110604713597748,2.884278382530535,-3.277651324921863,1.442139148286175,3.621019518029795,16.992106515816385,0.0,0.0,0.0,0.0,0.0,-0.16960947927598477,0.41930043795323985,0.0,0.0
0.0,0.0,0.0,0.0,0.0,0.0,-1.2014905745532058,-1.4968660351872238,0.6007452872766027,-3.118470782723154,-4.516189946488924,-2.3854623814434337,0.0,0.0,0.0,0.0,0.0,0.8660111115504276,-0.4259250962517293,0.0,0.0,0.0,0.0,0.0,0.0,0.0,0.0,0.5557808425900211,-1.3005093286142615,-0.06947259615463983,-0.9902355101697862,-2.050711601258361,-0.677268566961036,0.0,0.0,0.0,0.0,0.0,0.8135194548106001,-0.44029852664993546,0.0,0.0,0.0,0.0,0.0,0.0,0.0,0.0,0.8321926157032125,-0.9211314270980905,-0.28521159928501316,-1.6603113185415912,-2.5403237270821335,-0.4282697006414352,0.0,0.0,0.0,0.0,0.0,0.8875821189480225,-0.42990961442594816,0.0,0.0,0.0,0.0,0.0,0.0,0.0,0.0,-123.04436746746426,-2.998976349396766,-24.60500704271734,-1.9179499777212494,74.23668282208344,-61.31293963217976,0.0,0.0,0.0,0.0,0.0,3.68788185125807,0.8622390444683505,0.0,0.0,0.0,0.0,0.0,0.0,0.0,0.0,3.552055370909996,-2.5699908604362682,-1.61457042217034,-2.0918526902420327,-7.038983392084626,1.8524703578076207,0.0,0.0,0.0,0.0,0.0,2.4124264928246077,-0.037927842915861536,0.0,0.0,0.0,0.0,0.0,0.0,0.0,0.0,1.8450307283804248,-1.417731248645016,-0.7843608409323112,-2.4952064618639653,-4.8675850982296325,0.200082538560712,0.0,0.0,0.0,0.0,0.0,1.4130473366851666,-0.40233351746414414,0.0,0.0,0.0,0.0,0.0,0.0,0.0,0.0,2.624554916744231,-0.9766517299191836,-0.21809680220845812,-2.304898271551991,-4.572332763413465,0.3282592303063891,0.0,0.0,0.0,0.0,0.0,1.3916614494892925,-0.40753905355967635,0.0,0.0,0.0,0.0,0.0,0.0,0.0,0.0,1.0237807333447306,-1.0224993294414624,-0.3775329900776581,-1.4485408356979919,-2.6359144133015207,-0.649511764404828,0.0,0.0,0.0,0.0,0.0,0.8802699229786713,-0.46592120008438725,0.0,0.0,0.0,0.0,0.0,0.0,0.0,0.0,0.7740788381160653,-1.222970467042953,-0.8588317757681392,-1.5490957418743398,-2.9528371765455907,-0.4467236020880672,0.0,0.0,0.0,0.0,0.0,0.8962405978242294,-0.6139537985742284,0.0,0.0,-9.119133037932283,-10.03940729519177,2.279783361397324,-5.019703497997073,-14.914957808833169,-12.300610212201128,0.0,0.0,0.0,0.0,0.0,0.43696419350717824,-0.25114888587862144,0.0,0.0
0.0,0.0,0.0,0.0,0.0,0.0,0.2224829179067927,-0.042264495691856155,-0.11124145895339634,-0.08805102919253341,-0.1849296541230281,0.34796349785229985,0.0,0.0,0.0,0.0,0.0,0.03079766286701479,0.06261926917979882,0.0,0.0,0.0,0.0,0.0,0.0,0.0,0.0,0.14723421019781668,0.025667133785774267,-0.018404273845699353,0.01954350250300361,-0.08025431783838341,0.1844685984770807,0.0,0.0,0.0,0.0,0.0,0.03183697251920968,0.0588237183615187,0.0,0.0,0.0,0.0,0.0,0.0,0.0,0.0,0.1390146530540248,0.028830617095532595,-0.047643527199632905,0.05196630847245432,-0.07901129211674304,0.2251420432898154,0.0,0.0,0.0,0.0,0.0,0.031085774200432303,0.06417901904985669,0.0,0.0,0.0,0.0,0.0,0.0,0.0,0.0,0.34120616882322663,-24.341428207503164,-0.014325450931416857,17.223504746580552,-4.6575778604116795,-5.397353945008675,0.0,0.0,0.0,0.0,0.0,-0.06234651969561021,0.26666224401414823,0.0,0.0,0.0,0.0,0.0,0.0,0.0,0.0,0.23174743949529134,0.2059517194975284,-0.1053397321131706,0.16763509361964937,0.02021353326587831,0.5411510297510621,0.0,0.0,0.0,0.0,0.0,0.002742474978993663,0.17443700423220918,0.0,0.0,0.0,0.0,0.0,0.0,0.0,0.0,0.19853441582496312,0.06888596931373524,-0.08440109910102535,0.1212392799606218,-0.06372828750361322,0.3941733023289924,0.0,0.0,0.0,0.0,0.0,0.029091810132825868,0.10217419887519992,0.0,0.0,0.0,0.0,0.0,0.0,0.0,0.0,0.21907638581267577,0.06117428206942244,-0.018204937865960932,0.14437131751859322,-0.04646141788678252,0.3537495369038092,0.0,0.0,0.0,0.0,0.0,0.029468210460308696,0.10062783462062394,0.0,0.0,0.0,0.0,0.0,0.0,0.0,0.0,0.13053768666926954,0.04192790211383391,-0.04813753722934665,0.05939786620712262,-0.09079115444586248,0.21151752969267598,0.0,0.0,0.0,0.0,0.0,0.03368968903000073,0.06365029099822636,0.0,0.0,0.0,0.0,0.0,0.0,0.0,0.0,0.09501909990138097,0.05209059438230474,-0.10542262400403886,0.06598141175431799,-0.10694107785096171,0.25350245838887814,0.0,0.0,0.0,0.0,0.0,0.044393585329466016,0.06480509371818986,0.0,0.0,0.8711116902395113,-0.5494862686620118,-0.2177779322953096,-0.27474312614302315,-0.903064644323213,1.084572488076517,0.0,0.0,0.0,0.0,0.0,0.01815999757888121,0.031595874568136416,0.0,0.0
0.0,0.0,0.0,0.0,0.0,0.0,0.0007613465552241019,0.0009485166372990877,-0.00038067327761205085,0.0019760762491842173,0.0028617666516241253,0.0015115920217718003,0.0,0.0,0.0,0.0,0.0,-0.0005487638359625918,0.00026989525484653594,0.0,0.0,0.0,0.0,0.0,0.0,0.0,0.0,-0.0003521807319402536,0.0008240916061663481,4.402258568235508e-5,0.0006274809062141036,0.0012994710457522782,0.00042916365832424124,0.0,0.0,0.0,0.0,0.0,-0.0005155015342156677,0.00027900324283428783,0.0,0.0,0.0,0.0,0.0,0.0,0.0,0.0,-0.0005273341253502454,0.0005836918356105988,0.0001807295647794421,0.0010520867410393926,0.0016097227558254082,0.00027138095645191744,0.0,0.0,0.0,0.0,0.0,-0.0005624327007233325,0.0002724201179211359,0.0,0.0,0.0,0.0,0.0,0.0,0.0,0.0,-0.3713591127575656,0.001900356408256343,-1.1004036869543976,0.0012153442062358463,-0.047041436641211735,0.03885206956116355,0.0,0.0,0.0,0.0,0.0,-0.0023368940239692957,-0.000546373596421945,0.0,0.0,0.0,0.0,0.0,0.0,0.0,0.0,-0.0022508250816809443,0.0016285218793981766,0.001023102182506286,0.0013255408519074637,0.004460381022827566,-0.0011738518432373643,0.0,0.0,0.0,0.0,0.0,-0.0015286783258590157,2.4033673807061218e-5,0.0,0.0,0.0,0.0,0.0,0.0,0.0,0.0,-0.0011691375855007614,0.0008983714273337823,0.0004970246433423457,0.001581133372618836,0.0030844346391776067,-0.0001267859729572519,0.0,0.0,0.0,0.0,0.0,-0.0008954033805499535,0.00025494601793811853,0.0,0.0,0.0,0.0,0.0,0.0,0.0,0.0,-0.0016630973951691377,0.0006188732945359482,0.00013820104175894175,0.0014605410948318588,0.0028973425780370065,-0.00020800748629029006,0.0,0.0,0.0,0.0,0.0,-0.0008818518206028063,0.00025824460142963025,0.0,0.0,0.0,0.0,0.0,0.0,0.0,0.0,-0.0006487374525819072,0.0006479254674791788,0.00023923070856046301,0.0009178944876618946,0.0016702955486595943,0.0004115750509245842,0.0,0.0,0.0,0.0,0.0,-0.0005577991935362625,0.00029523952014524907,0.0,0.0,0.0,0.0,0.0,0.0,0.0,0.0,-0.0004905092635376692,0.0007749576833511256,0.0005442145180716259,0.0009816129495871697,0.0018711194745216048,0.0002830746098141693,0.0,0.0,0.0,0.0,0.0,-0.0005679193047845688,0.0003890430932303099,0.0,0.0,0.005778506025851974,0.006361654700061503,-0.0014446265710428314,0.0031808272552347186,0.00945113677091533,0.0077945074314846735,0.0,0.0,0.0,0.0,0.0,-0.000276890381438641,0.00015914510122825125,0.0,0.0
0.0,0.0,0.0,0.0,0.0,0.0,0.01181221879829911,-0.0022439361871419107,-0.005906109399149554,-0.004674866870783126,-0.009818414633118633,0.018474321575442435,0.0,0.0,0.0,0.0,0.0,0.0016351310729115697,0.003324626067926937,0.0,0.0,0.0,0.0,0.0,0.0,0.0,0.0,0.007817061740353388,0.0013627374319578013,-0.000977132588580533,0.0010376173138258568,-0.004260918414475187,0.009793935944060791,0.0,0.0,0.0,0.0,0.0,0.0016903108284020715,0.0031231100272915355,0.0,0.0,0.0,0.0,0.0,0.0,0.0,0.0,0.0073806632594225164,0.0015306953020325174,-0.00252952349285777,0.0027590316218061156,-0.004194922822840233,0.011953398944316136,0.0,0.0,0.0,0.0,0.0,0.0016504276814809662,0.003407437399732019,0.0,0.0,0.0,0.0,0.0,0.17574692266145525,0.0,0.0,0.018115556733024514,1.4298553506308926,-0.0007605768675556703,-1.983512047674165,-0.2472833837083403,-0.2865600933776624,0.0,0.0,0.0,0.0,0.0,-0.003310145061408905,0.01415781850209353,0.0,0.0,0.0,0.0,0.0,0.0,0.0,0.0,0.01230409726292244,0.010934532841797358,-0.00559277078699711,0.008900199722021883,0.0010731910560579801,0.02873116923530449,0.0,0.0,0.0,0.0,0.0,0.0001456054011045714,0.009261331521073928,0.0,0.0,0.0,0.0,0.0,0.0,0.0,0.0,0.010540728163676074,0.003657342097642076,-0.004481082227696723,0.0064369207097646625,-0.003383506845001728,0.020927724857999118,0.0,0.0,0.0,0.0,0.0,0.0015445627455833659,0.005424704080698952,0.0,0.0,0.0,0.0,0.0,0.0,0.0,0.0,0.011631356812049925,0.0032479078008838982,-0.000966549303224531,0.007665063038425162,-0.002466762117835058,0.01878151801054387,0.0,0.0,0.0,0.0,0.0,0.001564546855221128,0.005342603427359927,0.0,0.0,0.0,0.0,0.0,0.0,0.0,0.0,0.006930598226903907,0.0022260655253081474,-0.0025557518191240483,0.0031535930865693117,-0.004820347518608087,0.011230036732313708,0.0,0.0,0.0,0.0,0.0,0.0017886765501508918,0.0033793657999462217,0.0,0.0,0.0,0.0,0.0,0.0,0.0,0.0,0.005044820557966466,0.002765630296322394,-0.005597171741284983,0.003503131294732417,-0.005677790555725767,0.013459129952847136,0.0,0.0,0.0,0.0,0.0,0.0023569753043795544,0.003440677394226887,0.0,0.0,0.04624967156883511,-0.029173709573585574,-0.011562418409089135,-0.014586854352070678,-0.0479461401716373,0.0575828816536046,0.0,0.0,0.0,0.0,0.0,0.0009641633020481781,0.0016775102872338178,0.0,0.0
0.0,0.0,0.0,0.0,0.0,0.0,0.004975271608552207,-0.007236252248269492,-0.002487635804276104,-0.015075524918180568,-0.024247088983670926,0.005934850851881293,0.0,0.0,0.0,0.0,0.0,0.00445340227280932,0.0010802886954375558,0.0,0.0,0.0,0.0,0.0,0.0,0.0,0.0,0.008218972433363414,-0.0036632135674129814,-0.001027371418576179,-0.0027892488550260884,-0.010853729635103759,0.00528824931473711,0.0,0.0,0.0,0.0,0.0,0.0043056859921178185,0.0008682442082404117,0.0,0.0,0.0,0.0,0.0,0.0,0.0,0.0,0.008881302075795234,-0.0021466572088348905,-0.0030438270190975064,-0.003869284182481736,-0.012586964607465338,0.007906878797367314,0.0,0.0,0.0,0.0,0.0,0.004544184149848946,0.0011313556301152732,0.0,0.0,0.0,0.13986014732201568,0.0,0.0,0.0,0.0,-0.23507303017779896,-0.2259601647970152,0.009869479120866055,-0.14450940672656465,-0.03564543234736009,-0.45058923662246964,0.0,0.0,0.0,0.0,0.0,0.010826851401216064,0.014359287027237778,0.0,0.0,0.0,0.0,0.0,0.0,0.0,0.0,0.022700085840192116,-0.000710605162326826,-0.010318219552110305,-0.0005783994579112696,-0.024819579152713104,0.0295144919155504,0.0,0.0,0.0,0.0,0.0,0.008912950201132091,0.007197896442774826,0.0,0.0,0.0,0.0,0.0,0.0,0.0,0.0,0.0150781027247403,-0.002273063908507322,-0.006410014289150932,-0.004000591619997069,-0.020431246818451463,0.01730721159125093,0.0,0.0,0.0,0.0,0.0,0.006376585951833273,0.0028298644387385052,0.0,0.0,0.0,0.0,0.0,0.0,0.0,0.0,0.01878478677423101,-0.0009888664479045612,-0.0015609892174440535,-0.0023337250083605354,-0.018628339500185328,0.016074562566006406,0.0,0.0,0.0,0.0,0.0,0.006314426209285125,0.0027458462641261998,0.0,0.0,0.0,0.0,0.0,0.0,0.0,0.0,0.009223471979637205,-0.001965498522502349,-0.0034012800221328303,-0.0027844564689386594,-0.0134309835819482,0.006527056124303757,0.0,0.0,0.0,0.0,0.0,0.00462702967670119,0.0009777925068585516,0.0,0.0,0.0,0.0,0.0,0.0,0.0,0.0,0.006819074028234697,-0.0022691671846370304,-0.0075656860366012085,-0.0028742780942385172,-0.015265943530656205,0.009032321335676967,0.0,0.0,0.0,0.0,0.0,0.005135439866266564,0.00048651577094845327,0.0,0.0,0.003380358546526487,-0.05972107752049817,-0.0008450896744100703,-0.029860537870335765,-0.09237145513739933,0.0007555972122823309,0.0,0.0,0.0,0.0,0.0,0.0023572624609930807,0.00041292507127335616,0.0,0.0
0.0,0.0,0.0,0.0,0.0,0.0,0.0,0.0,0.0,0.0,0.0,0.0,0.0,0.0,0.0,0.0,0.0,0.0,0.0,0.0,0.0,0.0,0.0,0.0,0.0,0.0,0.0,0.0,0.0,0.0,0.0,0.0,0.0,0.0,0.0,0.0,0.0,0.0,0.0,0.0,0.0,0.0,0.0,0.0,0.0,0.0,0.0,0.0,0.0,0.0,0.0,0.0,0.0,0.0,0.0,0.0,0.0,0.0,0.0,0.0,0.0,0.0,0.0,0.0,0.0,0.0,0.0,0.0,0.0,0.0,0.0,0.0,0.0,376.99111843077515,0.0,0.0,0.0,0.0,0.0,0.0,0.0,0.0,0.0,0.0,0.0,0.0,0.0,0.0,0.0,0.0,0.0,0.0,0.0,0.0,0.0,0.0,0.0,0.0,0.0,0.0,0.0,0.0,0.0,0.0,0.0,0.0,0.0,0.0,0.0,0.0,0.0,0.0,0.0,0.0,0.0,0.0,0.0,0.0,0.0,0.0,0.0,0.0,0.0,0.0,0.0,0.0,0.0,0.0,0.0,0.0,0.0,0.0,0.0,0.0,0.0,0.0,0.0,0.0,0.0,0.0,0.0,0.0,0.0,0.0,0.0,0.0,0.0,0.0,0.0,0.0,0.0,0.0,0.0,0.0,0.0,0.0,0.0,0.0,0.0,0.0,0.0,0.0,0.0,0.0,0.0,0.0,0.0,0.0,0.0,0.0,0.0,0.0,0.0,0.0,0.0,0.0,0.0,0.0,0.0,0.0,0.0,0.0,0.0,0.0,0.0,0.0,0.0,0.0,0.0,0.0,0.0,0.0,0.0,0.0,0.0,0.0,0.0,0.0,0.0,0.0,0.0,0.0,0.0,0.0
0.0,0.0,0.0,0.0,0.0,0.0,0.0,0.0,0.0,0.0,0.0,0.0,0.0,0.0,0.0,0.0,0.0,0.0,0.0,0.0,0.0,0.0,0.0,0.0,0.0,0.0,0.0,0.0,0.0,0.0,0.0,0.0,0.0,0.0,0.0,0.0,0.0,0.0,0.0,0.0,0.0,0.0,0.0,0.0,0.0,0.0,0.0,0.0,0.0,0.0,0.0,0.0,0.0,0.0,0.0,0.0,0.0,0.0,0.0,0.0,0.0,0.0,0.0,0.0,0.0,0.0,0.0,0.0,0.0,0.0,0.0,0.0,0.0,0.0,0.0,0.0,0.0,6.337745610343906,0.0,0.0,-0.9973212614465745,0.07314575494595264,0.0,0.0,0.0,0.0,0.0,0.0,0.0,0.0,0.0,0.0,0.0,0.0,0.0,0.0,0.0,0.0,0.0,0.0,0.0,0.0,0.0,0.0,0.0,0.0,0.0,0.0,0.0,0.0,0.0,0.0,0.0,0.0,0.0,0.0,0.0,0.0,0.0,0.0,0.0,0.0,0.0,0.0,0.0,0.0,0.0,0.0,0.0,0.0,0.0,0.0,0.0,0.0,0.0,0.0,0.0,0.0,0.0,0.0,0.0,0.0,0.0,0.0,0.0,0.0,0.0,0.0,0.0,0.0,0.0,0.0,0.0,0.0,0.0,0.0,0.0,0.0,0.0,0.0,0.0,0.0,0.0,0.0,0.0,0.0,0.0,0.0,0.0,0.0,0.0,0.0,0.0,0.0,0.0,0.0,0.0,0.0,0.0,0.0,0.0,0.0,0.0,0.0,0.0,0.0,0.0,0.0,0.0,0.0,0.0,0.0,0.0,0.0,0.0,0.0,0.0,0.0,0.0,0.0,0.0,0.0,0.0,0.0
0.0,0.0,0.0,0.0,0.0,0.0,0.0,0.0,0.0,0.0,0.0,0.0,0.0,0.0,0.0,0.0,0.0,0.0,0.0,0.0,0.0,0.0,0.0,0.0,0.0,0.0,0.0,0.0,0.0,0.0,0.0,0.0,0.0,0.0,0.0,0.0,0.0,0.0,0.0,0.0,0.0,0.0,0.0,0.0,0.0,0.0,0.0,0.0,0.0,0.0,0.0,0.0,0.0,0.0,0.0,0.0,0.0,0.0,0.0,0.0,0.0,0.0,0.0,0.0,0.0,0.0,0.0,0.0,0.0,0.0,0.0,0.0,0.0,0.0,0.0,0.0,0.0,1.1021458830588453,0.0,0.0,-0.07314575494595264,-0.9973212614465745,1.0,98.17477042468103,0.0,0.0,0.0,0.0,0.0,0.0,0.0,0.0,0.0,0.0,0.0,0.0,0.0,0.0,0.0,0.0,0.0,0.0,0.0,0.0,0.0,0.0,0.0,0.0,0.0,0.0,0.0,0.0,0.0,0.0,0.0,0.0,0.0,0.0,0.0,0.0,0.0,0.0,0.0,0.0,0.0,0.0,0.0,0.0,0.0,0.0,0.0,0.0,0.0,0.0,0.0,0.0,0.0,0.0,0.0,0.0,0.0,0.0,0.0,0.0,0.0,0.0,0.0,0.0,0.0,0.0,0.0,0.0,0.0,0.0,0.0,0.0,0.0,0.0,0.0,0.0,0.0,0.0,0.0,0.0,0.0,0.0,0.0,0.0,0.0,0.0,0.0,0.0,0.0,0.0,0.0,0.0,0.0,0.0,0.0,0.0,0.0,0.0,0.0,0.0,0.0,0.0,0.0,0.0,0.0,0.0,0.0,0.0,0.0,0.0,0.0,0.0,0.0,0.0,0.0,0.0,0.0,0.0,0.0,0.0
0.0,0.0,0.0,0.0,0.0,0.0,0.0,0.0,0.0,0.0,0.0,0.0,0.0,0.0,0.0,0.0,0.0,0.0,0.0,0.0,0.0,0.0,0.0,0.0,0.0,0.0,0.0,0.0,0.0,0.0,0.0,0.0,0.0,0.0,0.0,0.0,0.0,0.0,0.0,0.0,0.0,0.0,0.0,0.0,0.0,0.0,0.0,0.0,0.0,0.0,0.0,0.0,0.0,0.0,0.0,0.0,0.0,0.0,0.0,0.0,0.0,0.0,0.0,0.0,0.0,0.0,0.0,0.0,0.0,0.0,0.0,0.0,0.0,0.0,0.0,0.0,0.0,0.0,1.0,0.0,0.0,0.0,0.0,0.0,0.0,0.0,0.0,0.0,0.0,0.0,0.0,0.0,0.0,0.0,0.0,0.0,0.0,0.0,0.0,0.0,0.0,0.0,0.0,0.0,0.0,0.0,0.0,0.0,0.0,0.0,0.0,0.0,0.0,0.0,0.0,0.0,0.0,0.0,0.0,0.0,0.0,0.0,0.0,0.0,0.0,0.0,0.0,0.0,0.0,0.0,0.0,0.0,0.0,0.0,0.0,0.0,0.0,0.0,0.0,0.0,0.0,0.0,0.0,0.0,0.0,0.0,0.0,0.0,0.0,0.0,0.0,0.0,0.0,0.0,0.0,0.0,0.0,0.0,0.0,0.0,0.0,0.0,0.0,0.0,0.0,0.0,0.0,0.0,0.0,0.0,0.0,0.0,0.0,0.0,0.0,0.0,0.0,0.0,0.0,0.0,0.0,0.0,0.0,0.0,0.0,0.0,0.0,0.0,0.0,0.0,0.0,0.0,0.0,0.0,0.0,0.0,0.0,0.0,0.0,0.0,0.0,0.0,0.0,0.0
0.0,0.0,0.0,0.0,0.0,0.0,955.4795122471121,-786.5433249204627,-477.73975612355605,-1638.6318618042503,-2728.389800270278,1316.7900109570867,0.0,0.0,0.0,0.0,0.0,494.3246834557217,238.14740985108676,0.0,0.0,0.0,0.0,0.0,0.0,0.0,0.0,1106.1049055887527,-297.2719101383618,-138.26309495039288,-226.3491657600551,-1215.8945369668252,904.0783019861051,0.0,0.0,0.0,0.0,0.0,482.3466450443475,209.61701300411582,0.0,0.0,0.0,0.0,0.0,0.0,0.0,0.0,1152.1805533308243,-144.63819622926394,-394.87884424796545,-260.7059397044261,-1379.919447968361,1243.121178644688,0.0,0.0,0.0,0.0,0.0,503.6731214618641,246.40269447346552,0.0,0.0,0.0,0.0,0.0,0.0,0.0,0.0,6483.640729104238,2493.4056286449713,-272.2139445545568,1594.6198678330995,-2787.6953499402484,8269.329879091048,0.0,0.0,-63175.42154045785,-1884.9555921538756,1884.9555921538756,907.579300678556,1952.6843615251264,0.0,0.0,0.0,0.0,0.0,0.0,0.0,0.0,2679.985704414171,373.2111230335562,-1218.1751685582337,303.77644674326416,-2343.6292431815145,3998.694082700362,0.0,0.0,0.0,0.0,0.0,863.0623391952674,1066.226921752377,0.0,0.0,0.0,0.0,0.0,0.0,0.0,0.0,1875.7515769180338,-70.9180567412552,-797.4209110018569,-124.81575306514449,-2101.5592081333443,2509.572682172492,0.0,0.0,0.0,0.0,0.0,675.6251946584086,491.2129820919333,0.0,0.0,0.0,0.0,0.0,0.0,0.0,0.0,2276.274563910997,36.053157154507716,-189.15519738992035,85.08545785947028,-1891.1492705096884,2304.358606167324,0.0,0.0,0.0,0.0,0.0,670.4541103808845,479.8173855889413,0.0,0.0,0.0,0.0,0.0,0.0,0.0,0.0,1166.9136962222626,-99.1356381029894,-430.315205735582,-140.4421655157468,-1486.3465775929435,1081.2094987599535,0.0,0.0,0.0,0.0,0.0,517.223285838724,230.50054153148378,0.0,0.0,0.0,0.0,0.0,0.0,0.0,0.0,859.5258487037639,-106.5518857838893,-953.6342742006165,-134.96570604489247,-1697.444417219472,1412.1615931610586,0.0,0.0,0.0,0.0,0.0,589.067182121479,185.72897499485097,0.0,0.0,2192.7255955063797,-6921.613726151258,-548.1814233822129,-3460.806759935557,-10819.746445189132,2397.9462822768696,0.0,0.0,0.0,0.0,0.0,265.63860404661585,107.45236882622632,0.0,0.0
0.0,0.0,0.0,0.0,0.0,0.0,3.981164634362967,-3.2772638538352616,-1.9905823171814836,-6.82763275751771,-11.368290834459492,5.486625045654528,0.0,0.0,0.0,0.0,0.0,2.059686181065507,0.9922808743795282,0.0,0.0,0.0,0.0,0.0,0.0,0.0,0.0,4.608770439953136,-1.2386329589098408,-0.5760962289599704,-0.9431215240002296,-5.066227237361772,3.7669929249421044,0.0,0.0,0.0,0.0,0.0,2.0097776876847813,0.8734042208504825,0.0,0.0,0.0,0.0,0.0,0.0,0.0,0.0,4.800752305545101,-0.6026591509552665,-1.645328517699856,-1.086274748768442,-5.749664366534838,5.1796715776862,0.0,0.0,0.0,0.0,0.0,2.0986380060911007,1.0266778936394396,0.0,0.0,0.0,0.0,0.0,0.0,0.0,0.0,27.01516970460099,10.389190119354048,-1.13422476897732,6.644249449304581,-11.615397291417702,34.45554116287937,0.0,0.0,-263.23092308524105,0.0,0.0,3.7815804194939835,8.136184839688026,0.0,0.0,0.0,0.0,0.0,0.0,0.0,0.0,11.166607101725713,1.5550463459731507,-5.075729868992641,1.2657351947636009,-9.765121846589645,16.661225344584842,0.0,0.0,0.0,0.0,0.0,3.596093079980281,4.442612173968237,0.0,0.0,0.0,0.0,0.0,0.0,0.0,0.0,7.815631570491808,-0.2954919030885634,-3.3225871291744036,-0.5200656377714354,-8.756496700555603,10.456552842385385,0.0,0.0,0.0,0.0,0.0,2.815104977743369,2.046720758716389,0.0,0.0,0.0,0.0,0.0,0.0,0.0,0.0,9.484477349629156,0.15022148814378214,-0.7881466557913347,0.35452274108112614,-7.879788627123702,9.60149419236385,0.0,0.0,0.0,0.0,0.0,2.7935587932536854,1.9992391066205888,0.0,0.0,0.0,0.0,0.0,0.0,0.0,0.0,4.862140400926094,-0.41306515876245586,-1.7929800238982585,-0.5851756896489451,-6.193110739970598,4.505039578166473,0.0,0.0,0.0,0.0,0.0,2.1550970243280165,0.960418923047849,0.0,0.0,0.0,0.0,0.0,0.0,0.0,0.0,3.58135770293235,-0.4439661907662054,-3.9734761425025686,-0.5623571085203852,-7.0726850717478,5.884006638171077,0.0,0.0,0.0,0.0,0.0,2.4544465921728293,0.7738707291452124,0.0,0.0,9.136356647943249,-28.840057192296907,-2.284089264092554,-14.420028166398152,-45.08227685495472,9.991442842820291,0.0,0.0,0.0,0.0,0.0,1.1068275168608994,0.4477182034426097,0.0,0.0
0.0,0.0,0.0,0.0,0.0,0.0,-212.47449342713543,148.85305871763757,106.23724671356771,310.110526672393,523.4338434818878,-300.4679056914244,0.0,0.0,0.0,0.0,0.0,-94.33406024240355,-54.28336767292288,0.0,0.0,0.0,0.0,0.0,0.0,0.0,0.0,-225.567156945538,48.5576521960436,28.195890896850045,36.97283090328227,232.86668535955235,-196.22736309834585,0.0,0.0,0.0,0.0,0.0,-92.37845965323467,-48.46558167270056,0.0,0.0,0.0,0.0,0.0,0.0,0.0,0.0,-232.30897690964977,20.60352671332412,79.61764329845475,37.137228844503724,262.0484626002864,-264.5439102735742,0.0,0.0,0.0,0.0,0.0,-96.06363130176378,-56.052096558335506,0.0,0.0,0.0,0.0,0.0,0.0,0.0,0.0,-1225.697325225747,-553.040648465608,51.46057865790576,-353.68878438034886,444.62493762127184,-1654.1153768996135,3.5435398720583166e6,259891.07937680802,37674.3156718507,0.0,0.0,-4046.784682204815,-776.4469648088258,275.7529996553809,27071.987435084167,0.0,0.0,0.0,0.0,0.0,0.0,-523.4127599422695,-105.0094610279259,237.91486126885218,-85.47280339932547,416.5029564368686,-817.0934836601971,0.0,0.0,0.0,0.0,0.0,-155.26474832843368,-223.44736363169562,0.0,0.0,0.0,0.0,0.0,0.0,0.0,0.0,-373.0614809903681,-0.02312203328035505,158.5961753633865,-0.040694769835766816,388.6208393732665,-522.8942494204342,0.0,0.0,0.0,0.0,0.0,-126.52796845050285,-106.97628442374369,0.0,0.0,0.0,0.0,0.0,0.0,0.0,0.0,-448.67909648479866,-17.778180919378606,37.28459844250653,-41.95651040909453,347.69849168802045,-478.6210070505319,0.0,0.0,0.0,0.0,0.0,-125.67034071247078,-104.64693496937797,0.0,0.0,0.0,0.0,0.0,0.0,0.0,0.0,-233.38310040302477,10.022187598215773,86.0631743292239,14.198100263764188,283.31067680681036,-232.991497176687,0.0,0.0,0.0,0.0,0.0,-98.97490158988222,-53.102865767319145,0.0,0.0,0.0,0.0,0.0,0.0,0.0,0.0,-171.69601048334013,9.472549152826444,190.49479499348126,11.99856084245367,324.149808564592,-300.0998112058075,0.0,0.0,0.0,0.0,0.0,-113.83693558447158,-45.28834618523633,0.0,0.0,-554.2834566776278,1342.7499815875308,138.57087036400725,671.3749707852334,2107.1223946364676,-630.5589010067504,0.0,0.0,0.0,0.0,0.0,-50.99069126149587,-25.110773567706755,0.0,0.0
0.0,0.0,0.0,0.0,0.0,0.0,-305.9757235933536,-103.3659725506296,152.9878617966768,-215.34576759007305,-261.93047708764163,-525.9449974079597,0.0,0.0,0.0,0.0,0.0,54.28336767292277,-94.3340602424035,0.0,0.0,0.0,0.0,0.0,0.0,0.0,0.0,-76.02709720319906,-144.06720704510738,9.50338589612666,-109.69584079728047,-122.1715473554204,-223.83969566427274,0.0,0.0,0.0,0.0,0.0,48.465581672700495,-92.37845965323454,0.0,0.0,0.0,0.0,0.0,0.0,0.0,0.0,-43.00272878499485,-111.30419735533435,14.738026772833221,-200.62242285277006,-169.08632924163385,-235.9055412523692,0.0,0.0,0.0,0.0,0.0,56.052096558335386,-96.06363130176379,0.0,0.0,0.0,0.0,0.0,0.0,0.0,0.0,870.1945445925,-778.9757448810946,-36.534888253456195,-498.18215900255757,-1497.2909226290546,-128.76126187111774,-259891.07937680802,3.5435398720583166e6,-853.7853078249988,0.0,0.0,776.4469648088256,-4046.784682204815,3759.812577875356,369118.73667274124,0.0,0.0,0.0,0.0,0.0,0.0,130.9565618876617,-419.7062829415585,-59.52570253958911,-341.6213382695626,-676.5152954202798,-297.2449727741569,0.0,0.0,0.0,0.0,0.0,223.4473636316954,-155.26474832843363,0.0,0.0,0.0,0.0,0.0,0.0,0.0,0.0,0.04477992707850296,-192.62961200985896,-0.0190368760367585,-339.0280443438954,-400.23861544326957,-324.0967591991998,0.0,0.0,0.0,0.0,0.0,106.97628442374351,-126.52796845050297,0.0,0.0,0.0,0.0,0.0,0.0,0.0,0.0,55.15166588332582,-144.63204373417798,-4.583025445146321,-341.331651193127,-387.61701722635235,-276.93982839581446,0.0,0.0,0.0,0.0,0.0,104.64693496937761,-125.67034071247086,0.0,0.0,0.0,0.0,0.0,0.0,0.0,0.0,-17.695012654696146,-132.18465904129218,6.525275207284035,-187.26161569095618,-167.7894085225052,-244.76676402374005,0.0,0.0,0.0,0.0,0.0,53.102865767319045,-98.97490158988218,0.0,0.0,0.0,0.0,0.0,0.0,0.0,0.0,-10.17834763084439,-159.79007179112693,11.292762364436069,-202.40073368569418,-183.411072554539,-262.29914157401964,0.0,0.0,0.0,0.0,0.0,45.288346185236215,-113.83693558447153,0.0,0.0,-1611.299947492066,-461.9028892830145,402.82500488069667,-230.9514377586185,-610.7939482706056,-2094.779740363564,0.0,0.0,0.0,0.0,0.0,25.110773567706687,-50.99069126149585,0.0,0.0
0.0,0.0,0.0,0.0,0.0,0.0,0.0,0.0,0.0,0.0,0.0,0.0,0.0,0.0,0.0,0.0,0.0,0.0,0.0,0.0,0.0,0.0,0.0,0.0,0.0,0.0,0.0,0.0,0.0,0.0,0.0,0.0,0.0,0.0,0.0,0.0,0.0,0.0,0.0,0.0,0.0,0.0,0.0,0.0,0.0,0.0,0.0,0.0,0.0,0.0,0.0,0.0,0.0,0.0,0.0,0.0,0.0,0.0,0.0,0.0,0.0,0.0,0.0,0.0,0.0,0.0,0.0,0.0,0.0,0.0,0.0,0.0,0.0,0.0,0.0,0.0,0.0,0.0,0.0,0.0,0.0,0.0,0.0,771.0628438351062,0.0,0.0,0.0,0.0,0.0,0.0,0.0,0.0,0.0,0.0,0.0,0.0,0.0,0.0,0.0,0.0,0.0,0.0,0.0,0.0,0.0,0.0,0.0,0.0,0.0,0.0,0.0,0.0,0.0,0.0,0.0,0.0,0.0,0.0,0.0,0.0,0.0,0.0,0.0,0.0,0.0,0.0,0.0,0.0,0.0,0.0,0.0,0.0,0.0,0.0,0.0,0.0,0.0,0.0,0.0,0.0,0.0,0.0,0.0,0.0,0.0,0.0,0.0,0.0,0.0,0.0,0.0,0.0,0.0,0.0,0.0,0.0,0.0,0.0,0.0,0.0,0.0,0.0,0.0,0.0,0.0,0.0,0.0,0.0,0.0,0.0,0.0,0.0,0.0,0.0,0.0,0.0,0.0,0.0,0.0,0.0,0.0,0.0,0.0,0.0,0.0,0.0,0.0,0.0,0.0,0.0,0.0,0.0,0.0,0.0,0.0,0.0,0.0,0.0,0.0,0.0,0.0,0.0,0.0,0.0
0.0,0.0,0.0,0.0,0.0,0.0,0.0,0.0,0.0,0.0,0.0,0.0,0.0,0.0,0.0,0.0,0.0,0.0,0.0,0.0,0.0,0.0,0.0,0.0,0.0,0.0,0.0,0.0,0.0,0.0,0.0,0.0,0.0,0.0,0.0,0.0,0.0,0.0,0.0,0.0,0.0,0.0,0.0,0.0,0.0,0.0,0.0,0.0,0.0,0.0,0.0,0.0,0.0,0.0,0.0,0.0,0.0,0.0,0.0,0.0,0.0,0.0,0.0,0.0,0.0,0.0,0.0,0.0,0.0,0.0,0.0,0.0,0.0,0.0,0.0,99.71981019077482,-573.4257134335884,0.7489639158750464,0.0,0.0,-0.14377941666548108,0.2696974913016969,-0.608423578593015,-59.731845149332116,0.0,0.0,0.0,0.0,0.0,0.0,0.0,0.0,0.0,0.0,0.0,0.0,0.0,0.0,0.0,0.0,0.0,0.0,0.0,0.0,0.0,0.0,0.0,0.0,0.0,0.0,0.0,0.0,0.0,0.0,0.0,0.0,0.0,0.0,0.0,0.0,0.0,0.0,0.0,0.0,0.0,0.0,0.0,0.0,0.0,0.0,0.0,0.0,0.0,0.0,0.0,0.0,0.0,0.0,0.0,0.0,0.0,0.0,0.0,0.0,0.0,0.0,0.0,0.0,0.0,0.0,0.0,0.0,0.0,0.0,0.0,0.0,0.0,0.0,0.0,0.0,0.0,0.0,0.0,0.0,0.0,0.0,0.0,0.0,0.0,0.0,0.0,0.0,0.0,0.0,0.0,0.0,0.0,0.0,0.0,0.0,0.0,0.0,0.0,0.0,0.0,0.0,0.0,0.0,0.0,0.0,0.0,0.0,0.0,0.0,0.0,0.0,0.0,0.0,0.0,0.0,0.0,0.0,0.0,0.0
0.0,0.0,0.0,0.0,0.0,0.0,0.0,0.0,0.0,0.0,0.0,0.0,0.0,0.0,0.0,0.0,0.0,0.0,0.0,0.0,0.0,0.0,0.0,0.0,0.0,0.0,0.0,0.0,0.0,0.0,0.0,0.0,0.0,0.0,0.0,0.0,0.0,0.0,0.0,0.0,0.0,0.0,0.0,0.0,0.0,0.0,0.0,0.0,0.0,0.0,0.0,0.0,0.0,0.0,0.0,0.0,0.0,0.0,0.0,0.0,0.0,0.0,0.0,0.0,0.0,0.0,0.0,0.0,0.0,0.0,0.0,0.0,0.0,0.0,0.0,0.0,0.0,0.0,0.0,0.0,0.0,0.0,0.0,0.0,-2.0,0.0,0.0,0.0,0.0,0.0,0.0,0.0,0.0,0.0,-40.0,0.0,0.0,0.0,0.0,0.0,0.0,0.0,0.0,0.0,0.0,0.0,0.0,0.0,0.0,0.0,0.0,0.0,0.0,0.0,0.0,0.0,0.0,0.0,0.0,0.0,0.0,0.0,0.0,0.0,0.0,0.0,0.0,0.0,0.0,0.0,0.0,0.0,0.0,0.0,0.0,0.0,0.0,0.0,0.0,0.0,0.0,0.0,0.0,0.0,0.0,0.0,0.0,0.0,0.0,0.0,0.0,0.0,0.0,0.0,0.0,0.0,0.0,0.0,0.0,0.0,0.0,0.0,0.0,0.0,0.0,0.0,0.0,0.0,0.0,0.0,0.0,0.0,0.0,0.0,0.0,0.0,0.0,0.0,0.0,0.0,0.0,0.0,0.0,0.0,0.0,0.0,0.0,0.0,0.0,0.0,0.0,0.0,0.0,0.0,0.0,0.0,0.0,0.0,0.0,0.0,0.0,0.0,0.0,0.0
0.0,0.0,0.0,0.0,0.0,0.0,0.0,0.0,0.0,0.0,0.0,0.0,0.0,0.0,0.0,0.0,0.0,0.0,0.0,0.0,0.0,0.0,0.0,0.0,0.0,0.0,0.0,0.0,0.0,0.0,0.0,0.0,0.0,0.0,0.0,0.0,0.0,0.0,0.0,0.0,0.0,0.0,0.0,0.0,0.0,0.0,0.0,0.0,0.0,0.0,0.0,0.0,0.0,0.0,0.0,0.0,0.0,0.0,0.0,0.0,0.0,0.0,0.0,0.0,0.0,0.0,0.0,0.0,0.0,0.0,0.0,0.0,0.0,0.0,0.0,0.0,0.0,0.0,0.0,0.0,0.0,0.0,0.0,0.0,-0.4444444444444445,-0.1388888888888889,0.0,0.0,0.0,0.0,0.0,0.0,0.0,0.0,-11.666666666666666,0.0,0.0,0.0,0.0,0.0,0.0,0.0,0.0,0.0,0.0,0.0,0.0,0.0,0.0,0.0,0.0,0.0,0.0,0.0,0.0,0.0,0.0,0.0,0.0,0.0,0.0,0.0,0.0,0.0,0.0,0.0,0.0,0.0,0.0,0.0,0.0,0.0,0.0,0.0,0.0,0.0,0.0,0.0,0.0,0.0,0.0,0.0,0.0,0.0,0.0,0.0,0.0,0.0,0.0,0.0,0.0,0.0,0.0,0.0,0.0,0.0,0.0,0.0,0.0,0.0,0.0,0.0,0.0,0.0,0.0,0.0,0.0,0.0,0.0,0.0,0.0,0.0,0.0,0.0,0.0,0.0,0.0,0.0,0.0,0.0,0.0,0.0,0.0,0.0,0.0,0.0,0.0,0.0,0.0,0.0,0.0,0.0,0.0,0.0,0.0,0.0,0.0,0.0,0.0,0.0,0.0,0.0,0.0,0.0
0.0,0.0,0.0,0.0,0.0,0.0,0.0,0.0,0.0,0.0,0.0,0.0,0.0,0.0,0.0,0.0,0.0,0.0,0.0,0.0,0.0,0.0,0.0,0.0,0.0,0.0,0.0,0.0,0.0,0.0,0.0,0.0,0.0,0.0,0.0,0.0,0.0,0.0,0.0,0.0,0.0,0.0,0.0,0.0,0.0,0.0,0.0,0.0,0.0,0.0,0.0,0.0,0.0,0.0,0.0,0.0,0.0,0.0,0.0,0.0,0.0,0.0,0.0,0.0,0.0,0.0,0.0,0.0,0.0,0.0,0.0,0.0,0.0,0.0,0.0,0.0,0.0,0.0,0.0,0.0,0.0,0.0,0.0,0.0,0.0,0.0,-1.0,-0.03821656050955414,0.03821656050955414,0.0,0.0,0.0,0.0,0.0,0.0,0.0,0.0,0.0,0.0,0.0,0.0,0.0,0.0,0.0,0.0,0.0,0.0,0.0,0.0,0.0,0.0,0.0,0.0,0.0,0.0,0.0,0.0,0.0,0.0,0.0,0.0,0.0,0.0,0.0,0.0,0.0,0.0,0.0,0.0,0.0,0.0,0.0,0.0,0.0,0.0,0.0,0.0,0.0,0.0,0.0,0.0,0.0,0.0,0.0,0.0,0.0,0.0,0.0,0.0,0.0,0.0,0.0,0.0,0.0,0.0,0.0,0.0,0.0,0.0,0.0,0.0,0.0,0.0,0.0,0.0,0.0,0.0,0.0,0.0,0.0,0.0,0.0,0.0,0.0,0.0,0.0,0.0,0.0,0.0,0.0,0.0,0.0,0.0,0.0,0.0,0.0,0.0,0.0,0.0,0.0,0.0,0.0,0.0,0.0,0.0,0.0,0.0,0.0,0.0,0.0,0.0,0.0,0.0,0.0
0.0,0.0,0.0,0.0,0.0,0.0,0.0,0.0,0.0,0.0,0.0,0.0,0.0,0.0,0.0,0.0,0.0,0.0,0.0,0.0,0.0,0.0,0.0,0.0,0.0,0.0,0.0,0.0,0.0,0.0,0.0,0.0,0.0,0.0,0.0,0.0,0.0,0.0,0.0,0.0,0.0,0.0,0.0,0.0,0.0,0.0,0.0,0.0,0.0,0.0,0.0,0.0,0.0,0.0,0.0,0.0,0.0,0.0,0.0,0.0,0.0,0.0,0.0,0.0,0.0,0.0,0.0,0.0,0.0,0.0,0.0,0.0,0.0,0.0,0.0,0.0,0.0,0.0,0.0,0.0,0.0,0.0,0.0,0.0,0.0,0.0,0.0,-1.2738853503184713,1.2738853503184713,0.0,0.0,0.0,0.0,0.0,0.0,0.0,0.0,0.0,0.0,0.0,0.0,0.0,0.0,0.0,0.0,0.0,0.0,0.0,0.0,0.0,0.0,0.0,0.0,0.0,0.0,0.0,0.0,0.0,0.0,0.0,0.0,0.0,0.0,0.0,0.0,0.0,0.0,0.0,0.0,0.0,0.0,0.0,0.0,0.0,0.0,0.0,0.0,0.0,0.0,0.0,0.0,0.0,0.0,0.0,0.0,0.0,0.0,0.0,0.0,0.0,0.0,0.0,0.0,0.0,0.0,0.0,0.0,0.0,0.0,0.0,0.0,0.0,0.0,0.0,0.0,0.0,0.0,0.0,0.0,0.0,0.0,0.0,0.0,0.0,0.0,0.0,0.0,0.0,0.0,0.0,0.0,0.0,0.0,0.0,0.0,0.0,0.0,0.0,0.0,0.0,0.0,0.0,0.0,0.0,0.0,0.0,0.0,0.0,0.0,0.0,0.0,0.0,0.0,0.0
0.0,0.0,0.0,0.0,0.0,0.0,0.0,0.0,0.0,0.0,0.0,0.0,0.0,0.0,0.0,0.0,0.0,0.0,0.0,0.0,0.0,0.0,0.0,0.0,0.0,0.0,0.0,0.0,0.0,0.0,0.0,0.0,0.0,0.0,0.0,0.0,0.0,0.0,0.0,0.0,0.0,0.0,0.0,0.0,0.0,0.0,0.0,0.0,0.0,0.0,0.0,0.0,0.0,0.0,0.0,0.0,0.0,0.0,0.0,0.0,0.0,0.0,0.0,0.0,0.0,0.0,0.0,0.0,0.0,0.0,0.0,0.0,0.0,0.0,0.0,0.0,0.0,0.0,0.0,0.0,0.0,0.0,0.0,0.0,0.0,0.0,-2000.0,0.0,-50.0,-2000.0,0.0,0.0,0.0,0.0,0.0,0.0,0.0,0.0,0.0,0.0,0.0,0.0,0.0,0.0,0.0,0.0,0.0,0.0,0.0,0.0,0.0,0.0,0.0,0.0,0.0,0.0,0.0,0.0,0.0,0.0,0.0,0.0,0.0,0.0,0.0,0.0,0.0,0.0,0.0,0.0,0.0,0.0,0.0,0.0,0.0,0.0,0.0,0.0,0.0,0.0,0.0,0.0,0.0,0.0,0.0,0.0,0.0,0.0,0.0,0.0,0.0,0.0,0.0,0.0,0.0,0.0,0.0,0.0,0.0,0.0,0.0,0.0,0.0,0.0,0.0,0.0,0.0,0.0,0.0,0.0,0.0,0.0,0.0,0.0,0.0,0.0,0.0,0.0,0.0,0.0,0.0,0.0,0.0,0.0,0.0,0.0,0.0,0.0,0.0,0.0,0.0,0.0,0.0,0.0,0.0,0.0,0.0,0.0,0.0,0.0,0.0,0.0,0.0,0.0
0.0,0.0,0.0,0.0,0.0,0.0,2.5050374108834306,0.6192518552888764,-1.2525187054417148,1.2901079805875404,1.418724702283761,4.239307220796876,0.0,0.0,0.0,0.0,0.0,-0.3085744001569852,0.7607691289735331,0.0,0.0,0.0,0.0,0.0,0.0,0.0,0.0,0.8002046282767475,1.026588869154612,-0.10002556533304723,0.7816666364593682,0.6733352492303014,1.8745545563382182,0.0,0.0,0.0,0.0,0.0,-0.26711280343974386,0.7401698266060001,0.0,0.0,0.0,0.0,0.0,0.0,0.0,0.0,0.5603649080172445,0.810527682403306,-0.1920499756702908,1.460951440257599,0.9938832017745476,2.0350087182441126,0.0,0.0,0.0,0.0,0.0,-0.3200117554655836,0.7755133048663049,0.0,0.0,0.0,0.0,0.0,0.0,0.0,0.0,-2.3722659942041133,4.602385129863131,0.09959896157049339,2.943385818651473,6.581794024388572,3.108036897598228,0.0,0.0,0.0,0.0,0.0,-1.7069759762078278,1.3321445212985137,0.0,0.0,0.0,0.0,0.0,0.0,0.0,-100.0,-3.7836323636610283,6.3207917684117705,1.7198326785003097,5.1448296835449945,12.096130861049415,2.0575351119523484,0.0,0.0,0.0,0.0,0.0,-4.052889727280657,1.7370651616180364,0.0,0.0,0.0,0.0,0.0,0.0,0.0,0.0,0.3835114095561325,1.4394593066237793,-0.16303865679821902,2.5334478356957,2.5909501879296255,2.9598413031570243,0.0,0.0,0.0,0.0,0.0,-0.6692005812898114,1.0555560790770389,0.0,0.0,0.0,0.0,0.0,0.0,0.0,0.0,0.04952571897376338,1.0990631277940779,-0.00411551721259145,2.5937891942184104,2.538739932053026,2.5619054047274505,0.0,0.0,0.0,0.0,0.0,-0.6526768078572314,1.0467507211494818,0.0,0.0,0.0,0.0,0.0,0.0,0.0,0.0,0.3723567626618825,0.9774453235372619,-0.13731159163750536,1.3847143220907292,0.9623150220911296,2.0687601617990246,0.0,0.0,0.0,0.0,0.0,-0.29497803396517214,0.794233446569042,0.0,0.0,0.0,0.0,0.0,0.0,0.0,0.0,0.2527177093361924,1.1842938370254776,-0.2803874597650675,1.5001053496410852,1.0370290585986264,2.2688201275550255,0.0,0.0,0.0,0.0,0.0,-0.2212919315045911,0.8972504007017377,0.0,0.0,12.610835511978424,2.0700285804575964,-3.152709018931675,1.0350142593829716,2.3961562498364697,16.302145654364377,0.0,0.0,0.0,0.0,0.0,-0.13517691342178437,0.40686746525245543,0.0,0.0
0.0,0.0,0.0,0.0,0.0,0.0,-0.32439799695108834,-0.4654712101734262,0.1621989984755441,-0.9697316493276308,-1.4153933614268033,-0.6620646344520238,0.0,0.0,0.0,0.0,0.0,0.2705162878178865,-0.11811774250803514,0.0,0.0,0.0,0.0,0.0,0.0,0.0,0.0,0.19807957212259972,-0.39243495654526533,-0.024759943247465034,-0.298808336743827,-0.641987996844693,-0.1715228935815093,0.0,0.0,0.0,0.0,0.0,0.2546773153609555,-0.12323807739637681,0.0,0.0,0.0,0.0,0.0,0.0,0.0,0.0,0.2809575108027949,-0.27591119708415657,-0.09629061767087267,-0.49732152215712255,-0.7913472018031256,-0.087634878674393,0.0,0.0,0.0,0.0,0.0,0.27716247825994705,-0.11903576359150055,0.0,0.0,0.0,0.0,0.0,0.0,0.0,0.0,2.4297170911654344,-0.8048024780623564,-0.10201103071131214,-0.5146992556910919,-2.7987377565564278,1.1644913556233054,0.0,0.0,0.0,0.0,0.0,0.7737231762162898,0.08631230348151034,0.0,0.0,0.0,0.0,0.0,0.0,0.0,0.0,-50.33680692860136,-0.8632266761449768,-18.678075827235812,-0.7026262515486236,21.815512388179428,-22.46258919142164,0.0,0.0,0.0,0.0,0.0,1.4787842592783464,0.5716313742881298,0.0,0.0,0.0,0.0,0.0,0.0,0.0,0.0,0.6018495782303058,-0.41995470582254396,-0.2558587420979498,-0.7391201235495716,-1.4994930466082392,0.1368027608916089,0.0,0.0,0.0,0.0,0.0,0.4373322077127889,-0.10331618984786592,0.0,0.0,0.0,0.0,0.0,0.0,0.0,0.0,0.8439715752666638,-0.2866661047176203,-0.07013284444770954,-0.6765320625919128,-1.4059659063799432,0.16820623523250344,0.0,0.0,0.0,0.0,0.0,0.43087014481770386,-0.10520356094776431,0.0,0.0,0.0,0.0,0.0,0.0,0.0,0.0,0.3378687142840423,-0.3043692404358742,-0.12459365741394274,-0.43118979270390334,-0.8228156810766507,-0.15784944062276152,0.0,0.0,0.0,0.0,0.0,0.2754281534053748,-0.1301403703828374,0.0,0.0,0.0,0.0,0.0,0.0,0.0,0.0,0.25475546345981737,-0.3636709872038449,-0.2826483250754164,-0.4606498626928227,-0.9227496625035966,-0.0878290447196971,0.0,0.0,0.0,0.0,0.0,0.2823627003008405,-0.1751490902535312,0.0,0.0,-2.6190663263412945,-3.172960155934025,0.6547666108556707,-1.5864800306862266,-4.730529051615322,-3.5501684186281617,0.0,0.0,0.0,0.0,0.0,0.1369977368750136,-0.07067151138172403,0.0,0.0
0.0,0.0,0.0,0.0,0.0,0.0,0.4664409257225596,-0.07693493182730973,-0.23322046286127976,-0.1602811016045632,-0.3503910153328764,0.7329403350356006,0.0,0.0,0.0,0.0,0.0,0.05758239902635836,0.1318766892890716,0.0,0.0,0.0,0.0,0.0,0.0,0.0,0.0,0.29953876249623856,0.06167420740965385,-0.03744234037032531,0.04696005549125137,-0.15144543120063877,0.3845848001756345,0.0,0.0,0.0,0.0,0.0,0.06007856226507772,0.12415519027616537,0.0,0.0,0.0,0.0,0.0,0.0,0.0,0.0,0.28073618387828575,0.06562371511502856,-0.09621476383017169,0.11828474609044923,-0.14557167159950515,0.4666863745263062,0.0,0.0,0.0,0.0,0.0,0.05802993430107893,0.1351167071044635,0.0,0.0,0.0,0.0,0.0,0.0,0.0,0.0,0.6173383044621727,0.7527851132719183,-0.025918785756885568,0.4814323365768393,0.2543512619597286,1.3605848126624984,0.0,0.0,0.0,0.0,0.0,-0.0420772476211043,0.3771900454819218,0.0,0.0,0.0,0.0,0.0,0.0,0.0,0.0,0.5248054116434487,-28.50828423219548,-0.2385478846905938,13.074652939902561,-11.471061292209505,-10.691955893800477,0.0,0.0,0.0,0.0,0.0,-0.27867029280554906,0.7209073208105949,0.0,0.0,0.0,0.0,0.0,0.0,0.0,0.0,0.3964919998870403,0.1514974131047237,-0.16855697505229275,0.26663538981444335,-0.09834065673005984,0.8106355600367049,0.0,0.0,0.0,0.0,0.0,0.05036664216045363,0.21319944960752144,0.0,0.0,0.0,0.0,0.0,0.0,0.0,0.0,0.4335331141920884,0.1326267486603809,-0.03602598873185745,0.3129991524964256,-0.064769173553657,0.7264960158133849,0.0,0.0,0.0,0.0,0.0,0.05128673556452262,0.21004919397058455,0.0,0.0,0.0,0.0,0.0,0.0,0.0,0.0,0.2619773392795411,0.09328981804101587,-0.0966076865967848,0.13216058641433379,-0.16919111221859826,0.44011725618987224,0.0,0.0,0.0,0.0,0.0,0.06344343006989688,0.13427122374441264,0.0,0.0,0.0,0.0,0.0,0.0,0.0,0.0,0.19049943164918864,0.11558133625581564,-0.211356979560734,0.14640300862452607,-0.20031506611385647,0.5252331650103536,0.0,0.0,0.0,0.0,0.0,0.08538518083679424,0.13765181532974993,0.0,0.0,1.8561816417994734,-1.0639957069120587,-0.46404543119431463,-0.5319978376012594,-1.7593681242335313,2.31743551902463,0.0,0.0,0.0,0.0,0.0,0.034452361531557625,0.06678639620892206,0.0,0.0
0.0,0.0,0.0,0.0,0.0,0.0,0.03268747407655285,0.046902503279697,-0.016343737038276414,0.09771354461658133,0.14261997375014443,0.06671194267243259,0.0,0.0,0.0,0.0,0.0,-0.027258165057861685,0.011901955876732763,0.0,0.0,0.0,0.0,0.0,0.0,0.0,0.0,-0.019959188835029708,0.03954311552281448,0.002494898275097745,0.030108970625501122,0.06468895061483086,0.017283245242498423,0.0,0.0,0.0,0.0,0.0,-0.025662174927061868,0.012417898686179806,0.0,0.0,0.0,0.0,0.0,0.0,0.0,0.0,-0.02831025911779561,0.027801774939685792,0.009702578617976127,0.0501118518486839,0.07973890525715076,0.008830396154705544,0.0,0.0,0.0,0.0,0.0,-0.02792785839698376,0.011994458884302287,0.0,0.0,0.0,0.0,0.0,0.0,0.0,0.0,-0.24482677198158673,0.08109470584177265,0.010278987395847625,0.05186289291471893,0.28201058182952204,-0.1173382121870682,0.0,0.0,0.0,0.0,0.0,-0.07796304694449582,-0.008697128863483169,0.0,0.0,0.0,0.0,0.0,0.0,0.0,0.0,-4.140550319362452,0.08698173189685947,-9.60332181521555,0.07079907274046465,-2.1982071478784464,2.2634088643819785,0.0,0.0,0.0,0.0,0.0,-0.14900746180397523,-0.05759957183460917,0.0,0.0,0.0,0.0,0.0,0.0,0.0,0.0,-0.0606444635025093,0.04231610148311284,0.025781219607367557,0.07447632261930373,0.15109415147334698,-0.013784723525649785,0.0,0.0,0.0,0.0,0.0,-0.04406711920791797,0.010410499784465453,0.0,0.0,0.0,0.0,0.0,0.0,0.0,0.0,-0.08504152074661571,0.02888547695933041,0.007066830117157198,0.0681697312121945,0.14167003048493193,-0.016949047174622416,0.0,0.0,0.0,0.0,0.0,-0.043415979202895076,0.010600677881989479,0.0,0.0,0.0,0.0,0.0,0.0,0.0,0.0,-0.0340448305576408,0.030669306684861584,0.012554491658699185,0.043448188039238,0.08290977902995332,0.015905460412361436,0.0,0.0,0.0,0.0,0.0,-0.027753101773154487,0.013113397811279898,0.0,0.0,0.0,0.0,0.0,0.0,0.0,0.0,-0.025670049402180976,0.036644757607465814,0.02848063146356849,0.046416687484693665,0.09297947569257647,0.00884996100292309,0.0,0.0,0.0,0.0,0.0,-0.02845185091466769,0.017648633471856304,0.0,0.0,0.2639062616035871,0.31971853654406673,-0.06597656835027908,0.1598592635078564,0.4766646132108223,0.3577273572647913,0.0,0.0,0.0,0.0,0.0,-0.013804369986056393,0.007121108076968857,0.0,0.0
0.0,0.0,0.0,0.0,0.0,0.0,0.01336700067940228,-0.0022047578359732224,-0.006683500339701138,-0.004593245309091709,-0.010041307873565273,0.021004190275982815,0.0,0.0,0.0,0.0,0.0,0.0016501638781258386,0.003779247699145635,0.0,0.0,0.0,0.0,0.0,0.0,0.0,0.0,0.00858401272485273,0.0017674246123865966,-0.0010730014489900136,0.0013457547548683425,-0.004340037655605313,0.011021214052501959,0.0,0.0,0.0,0.0,0.0,0.0017216975147941334,0.0035579693402802873,0.0,0.0,0.0,0.0,0.0,0.0,0.0,0.0,0.008045179043457062,0.001880607374167774,-0.002757268375398544,0.0033897374654779143,-0.004171710769499912,0.013374034612630495,0.0,0.0,0.0,0.0,0.0,0.0016629890913336623,0.003872098300264156,0.0,0.0,0.0,0.0,0.0,0.0,0.0,0.0,0.01769133255703039,0.021572890725576783,-0.0007427659275070659,0.013796616066954162,0.007289054849026689,0.03899087132431789,0.0,0.0,0.0,0.0,0.0,-0.0012058260039412255,0.010809299347844022,0.0,0.0,0.0,0.0,0.0,0.18518518191469718,0.0,0.0,0.015039577162156127,0.46032861459027047,-0.006836170586424427,-1.0878020876752674,-0.32873119752281976,-0.30640403492719903,0.0,0.0,0.0,0.0,0.0,-0.00798597590357378,0.02065935494861152,0.0,0.0,0.0,0.0,0.0,0.0,0.0,0.0,0.011362443858582077,0.004341527323661658,-0.00483041061748973,0.0076410864490100575,-0.0028181910137650636,0.02323073616444074,0.0,0.0,0.0,0.0,0.0,0.0014433787921483685,0.006109749446486225,0.0,0.0,0.0,0.0,0.0,0.0,0.0,0.0,0.012423947197540586,0.003800742477097103,-0.001032412443459797,0.008969752981239539,-0.0018561184046080432,0.020819512614415697,0.0,0.0,0.0,0.0,0.0,0.0014697463094031028,0.006019471199194792,0.0,0.0,0.0,0.0,0.0,0.0,0.0,0.0,0.007507598666890001,0.0026734469305064726,-0.002768528534185284,0.0037873834626624874,-0.004848583362344201,0.012612631821260777,0.0,0.0,0.0,0.0,0.0,0.0018181259964146971,0.0038478689155232782,0.0,0.0,0.0,0.0,0.0,0.0,0.0,0.0,0.005459225149113657,0.003312264672883072,-0.006056948980212742,0.004195534756559052,-0.005740516059328555,0.015051835476619375,0.0,0.0,0.0,0.0,0.0,0.0024469203007610645,0.003944748000367697,0.0,0.0,0.05319340542125929,-0.030491388196999977,-0.01329835194979745,-0.015245693644142943,-0.050418978299379726,0.06641175859362417,0.0,0.0,0.0,0.0,0.0,0.0009873163236822514,0.0019139268324634355,0.0,0.0
0.0,0.0,0.0,0.0,0.0,0.0,0.003552175370301731,-0.006313130841177626,-0.0017760876851508664,-0.013152355396492404,-0.02097737603586679,0.0039007216107177977,0.0,0.0,0.0,0.0,0.0,0.0038657747971242223,0.0007129563918899842,0.0,0.0,0.0,0.0,0.0,0.0,0.0,0.0,0.006766020158756333,-0.0033877310591724817,-0.0008457524082206832,-0.002579490604094468,-0.009400402542259467,0.003987626053177901,0.0,0.0,0.0,0.0,0.0,0.0037291496017708074,0.0005383849520549742,0.0,0.0,0.0,0.0,0.0,0.0,0.0,0.0,0.007393128354840372,-0.0020414303963359596,-0.0025337955684954067,-0.0036796160605760187,-0.010958859921215786,0.00616875390193196,0.0,0.0,0.0,0.0,0.0,0.003945962593462937,0.0007523668937711004,0.0,0.0,0.0,0.0,0.0,0.0,0.0,0.0,0.036252809367521975,0.002628958563981073,-0.0015220646318077147,0.0016813106979759326,-0.02699662649275178,0.03365486645664479,0.0,0.0,0.0,0.0,0.0,0.007895126160213617,0.006719925461943857,0.0,0.0,0.0,0.11539348693072271,0.0,0.0,0.0,0.0,-0.16957857124230946,-0.1643862221776268,0.07708115915197436,-0.13380271750951642,-0.032350349460197964,-0.4113735086320268,0.0,0.0,0.0,0.0,0.0,0.012058284476355026,0.017331319413455556,0.0,0.0,0.0,0.0,0.0,0.0,0.0,0.0,0.012704330041532244,-0.0023179884351286744,-0.00540087427357103,-0.004079658769873968,-0.018051496638266964,0.013904708066953602,0.0,0.0,0.0,0.0,0.0,0.005596357897707441,0.002119764528003818,0.0,0.0,0.0,0.0,0.0,0.0,0.0,0.0,0.01594267042610316,-0.0011356088795102207,-0.0013248133679403975,-0.0026800371753386344,-0.016506043505302447,0.012964730626258567,0.0,0.0,0.0,0.0,0.0,0.00553911375898919,0.002050767318022749,0.0,0.0,0.0,0.0,0.0,0.0,0.0,0.0,0.007734346495150383,-0.001932454302684803,-0.0028521448621826695,-0.0027376438203517484,-0.011667286358405284,0.0049876388109157755,0.0,0.0,0.0,0.0,0.0,0.004009598204342525,0.0006168929352453177,0.0,0.0,0.0,0.0,0.0,0.0,0.0,0.0,0.0057242095951425655,-0.0022460372748642475,-0.006350946246547804,-0.002844980211988269,-0.013246018998566693,0.007061819639139843,0.0,0.0,0.0,0.0,0.0,0.0044216250435171875,0.00017188510866306592,0.0,0.0,-0.0005210886181430833,-0.05128455586345099,0.00013027216035939125,-0.025642277167526137,-0.07910585661388223,-0.0037435756556316664,0.0,0.0,0.0,0.0,0.0,0.0020386467482727717,0.00024129273992783002,0.0,0.0
0.0,0.0,0.0,0.0,0.0,0.0,0.0,0.0,0.0,0.0,0.0,0.0,0.0,0.0,0.0,0.0,0.0,0.0,0.0,0.0,0.0,0.0,0.0,0.0,0.0,0.0,0.0,0.0,0.0,0.0,0.0,0.0,0.0,0.0,0.0,0.0,0.0,0.0,0.0,0.0,0.0,0.0,0.0,0.0,0.0,0.0,0.0,0.0,0.0,0.0,0.0,0.0,0.0,0.0,0.0,0.0,0.0,0.0,0.0,0.0,0.0,0.0,0.0,0.0,0.0,0.0,0.0,0.0,0.0,0.0,0.0,0.0,0.0,0.0,0.0,0.0,0.0,0.0,0.0,0.0,0.0,0.0,0.0,0.0,0.0,0.0,0.0,0.0,0.0,0.0,0.0,0.0,0.0,0.0,376.99111843077515,0.0,0.0,0.0,0.0,0.0,0.0,0.0,0.0,0.0,0.0,0.0,0.0,0.0,0.0,0.0,0.0,0.0,0.0,0.0,0.0,0.0,0.0,0.0,0.0,0.0,0.0,0.0,0.0,0.0,0.0,0.0,0.0,0.0,0.0,0.0,0.0,0.0,0.0,0.0,0.0,0.0,0.0,0.0,0.0,0.0,0.0,0.0,0.0,0.0,0.0,0.0,0.0,0.0,0.0,0.0,0.0,0.0,0.0,0.0,0.0,0.0,0.0,0.0,0.0,0.0,0.0,0.0,0.0,0.0,0.0,0.0,0.0,0.0,0.0,0.0,0.0,0.0,0.0,0.0,0.0,0.0,0.0,0.0,0.0,0.0,0.0,0.0,0.0,0.0,0.0,0.0,0.0,0.0,0.0,0.0,0.0,0.0,0.0,0.0,0.0,0.0,0.0,0.0,0.0,0.0,0.0,0.0,0.0,0.0
0.0,0.0,0.0,0.0,0.0,0.0,0.0,0.0,0.0,0.0,0.0,0.0,0.0,0.0,0.0,0.0,0.0,0.0,0.0,0.0,0.0,0.0,0.0,0.0,0.0,0.0,0.0,0.0,0.0,0.0,0.0,0.0,0.0,0.0,0.0,0.0,0.0,0.0,0.0,0.0,0.0,0.0,0.0,0.0,0.0,0.0,0.0,0.0,0.0,0.0,0.0,0.0,0.0,0.0,0.0,0.0,0.0,0.0,0.0,0.0,0.0,0.0,0.0,0.0,0.0,0.0,0.0,0.0,0.0,0.0,0.0,0.0,0.0,0.0,0.0,0.0,0.0,0.0,0.0,0.0,0.0,0.0,0.0,0.0,0.0,0.0,0.0,0.0,0.0,0.0,0.0,0.0,0.0,0.0,0.0,0.0,0.0,0.0,5.018275142996973,0.0,0.0,-0.9984650323044236,0.05538573160414435,0.0,0.0,0.0,0.0,0.0,0.0,0.0,0.0,0.0,0.0,0.0,0.0,0.0,0.0,0.0,0.0,0.0,0.0,0.0,0.0,0.0,0.0,0.0,0.0,0.0,0.0,0.0,0.0,0.0,0.0,0.0,0.0,0.0,0.0,0.0,0.0,0.0,0.0,0.0,0.0,0.0,0.0,0.0,0.0,0.0,0.0,0.0,0.0,0.0,0.0,0.0,0.0,0.0,0.0,0.0,0.0,0.0,0.0,0.0,0.0,0.0,0.0,0.0,0.0,0.0,0.0,0.0,0.0,0.0,0.0,0.0,0.0,0.0,0.0,0.0,0.0,0.0,0.0,0.0,0.0,0.0,0.0,0.0,0.0,0.0,0.0,0.0,0.0,0.0,0.0,0.0,0.0,0.0,0.0,0.0,0.0,0.0,0.0,0.0,0.0,0.0
0.0,0.0,0.0,0.0,0.0,0.0,0.0,0.0,0.0,0.0,0.0,0.0,0.0,0.0,0.0,0.0,0.0,0.0,0.0,0.0,0.0,0.0,0.0,0.0,0.0,0.0,0.0,0.0,0.0,0.0,0.0,0.0,0.0,0.0,0.0,0.0,0.0,0.0,0.0,0.0,0.0,0.0,0.0,0.0,0.0,0.0,0.0,0.0,0.0,0.0,0.0,0.0,0.0,0.0,0.0,0.0,0.0,0.0,0.0,0.0,0.0,0.0,0.0,0.0,0.0,0.0,0.0,0.0,0.0,0.0,0.0,0.0,0.0,0.0,0.0,0.0,0.0,0.0,0.0,0.0,0.0,0.0,0.0,0.0,0.0,0.0,0.0,0.0,0.0,0.0,0.0,0.0,0.0,0.0,0.0,0.0,0.0,0.0,1.6374952580355924,0.0,0.0,-0.05538573160414435,-0.9984650323044236,1.0,98.17477042468103,0.0,0.0,0.0,0.0,0.0,0.0,0.0,0.0,0.0,0.0,0.0,0.0,0.0,0.0,0.0,0.0,0.0,0.0,0.0,0.0,0.0,0.0,0.0,0.0,0.0,0.0,0.0,0.0,0.0,0.0,0.0,0.0,0.0,0.0,0.0,0.0,0.0,0.0,0.0,0.0,0.0,0.0,0.0,0.0,0.0,0.0,0.0,0.0,0.0,0.0,0.0,0.0,0.0,0.0,0.0,0.0,0.0,0.0,0.0,0.0,0.0,0.0,0.0,0.0,0.0,0.0,0.0,0.0,0.0,0.0,0.0,0.0,0.0,0.0,0.0,0.0,0.0,0.0,0.0,0.0,0.0,0.0,0.0,0.0,0.0,0.0,0.0,0.0,0.0,0.0,0.0,0.0,0.0,0.0,0.0,0.0,0.0,0.0,0.0
0.0,0.0,0.0,0.0,0.0,0.0,0.0,0.0,0.0,0.0,0.0,0.0,0.0,0.0,0.0,0.0,0.0,0.0,0.0,0.0,0.0,0.0,0.0,0.0,0.0,0.0,0.0,0.0,0.0,0.0,0.0,0.0,0.0,0.0,0.0,0.0,0.0,0.0,0.0,0.0,0.0,0.0,0.0,0.0,0.0,0.0,0.0,0.0,0.0,0.0,0.0,0.0,0.0,0.0,0.0,0.0,0.0,0.0,0.0,0.0,0.0,0.0,0.0,0.0,0.0,0.0,0.0,0.0,0.0,0.0,0.0,0.0,0.0,0.0,0.0,0.0,0.0,0.0,0.0,0.0,0.0,0.0,0.0,0.0,0.0,0.0,0.0,0.0,0.0,0.0,0.0,0.0,0.0,0.0,0.0,0.0,0.0,0.0,0.0,1.0,0.0,0.0,0.0,0.0,0.0,0.0,0.0,0.0,0.0,0.0,0.0,0.0,0.0,0.0,0.0,0.0,0.0,0.0,0.0,0.0,0.0,0.0,0.0,0.0,0.0,0.0,0.0,0.0,0.0,0.0,0.0,0.0,0.0,0.0,0.0,0.0,0.0,0.0,0.0,0.0,0.0,0.0,0.0,0.0,0.0,0.0,0.0,0.0,0.0,0.0,0.0,0.0,0.0,0.0,0.0,0.0,0.0,0.0,0.0,0.0,0.0,0.0,0.0,0.0,0.0,0.0,0.0,0.0,0.0,0.0,0.0,0.0,0.0,0.0,0.0,0.0,0.0,0.0,0.0,0.0,0.0,0.0,0.0,0.0,0.0,0.0,0.0,0.0,0.0,0.0,0.0,0.0,0.0,0.0,0.0,0.0,0.0,0.0,0.0,0.0,0.0,0.0,0.0,0.0
0.0,0.0,0.0,0.0,0.0,0.0,800.8659180222458,-766.7403118180011,-400.43295901112293,-1597.3755861468323,-2630.4626165428585,1072.1657821016934,0.0,0.0,0.0,0.0,0.0,478.6479128477142,194.14364617117127,0.0,0.0,0.0,0.0,0.0,0.0,0.0,0.0,1011.2780207260224,-321.5537793408156,-126.4097359069783,-244.83789829624413,-1173.9005612135863,777.651589273802,0.0,0.0,0.0,0.0,0.0,465.6875905780115,168.0575367639477,0.0,0.0,0.0,0.0,0.0,0.0,0.0,0.0,1064.3527594916904,-168.91949281305895,-364.77823404083614,-304.47223663118064,-1341.4677656523372,1091.0280473651917,0.0,0.0,0.0,0.0,0.0,487.92440521440176,201.3396088337796,0.0,0.0,0.0,0.0,0.0,0.0,0.0,0.0,4556.229056385337,948.5655950833751,-191.29207424546658,606.6407833870549,-2769.4748917359057,4917.2641620146915,0.0,0.0,0.0,0.0,0.0,838.1362629571407,1073.966407384962,0.0,0.0,0.0,0.0,0.0,0.0,0.0,0.0,4959.451034600176,1908.8569550899558,-2254.2956442191207,1553.7205280622277,-2773.7257528797995,8770.146854929395,0.0,0.0,-63690.188082146655,-1884.9555921538756,1884.9555921538756,1092.8974145030452,2549.9289272979413,0.0,0.0,0.0,0.0,0.0,0.0,0.0,0.0,1753.961435763345,-124.5902958467353,-745.6453952535577,-219.27887360840532,-2086.179031762809,2248.5603262338786,0.0,0.0,0.0,0.0,0.0,664.1170033090484,421.0363555932437,0.0,0.0,0.0,0.0,0.0,0.0,0.0,0.0,2145.147897154064,-10.044371422076322,-178.258756808133,-23.704718499280578,-1885.6137745141418,2070.9386824853336,0.0,0.0,0.0,0.0,0.0,658.5769964483744,410.6402060063851,0.0,0.0,0.0,0.0,0.0,0.0,0.0,0.0,1085.7856841584853,-132.6887748973426,-400.3981541874154,-187.97577987902545,-1440.5915846984947,936.9494164865359,0.0,0.0,0.0,0.0,0.0,499.7024288131235,185.5893133884979,0.0,0.0,0.0,0.0,0.0,0.0,0.0,0.0,800.6324158310249,-147.9750694841224,-888.2926719701828,-187.4350658652192,-1642.7077019469168,1241.10665278668,0.0,0.0,0.0,0.0,0.0,564.5169017006797,139.22873196450325,0.0,0.0,1562.8628499267006,-6611.894442437219,-390.71572994802835,-3305.947122693715,-10301.943143621225,1608.487353037512,0.0,0.0,0.0,0.0,0.0,255.9860220820069,85.04833465290392,0.0,0.0
0.0,0.0,0.0,0.0,0.0,0.0,3.3600918969591644,-3.216915404733262,-1.6800459484795824,-6.701906826884445,-11.03629949058982,4.4983504423979195,0.0,0.0,0.0,0.0,0.0,2.008202543351766,0.8145439550690674,0.0,0.0,0.0,0.0,0.0,0.0,0.0,0.0,4.242891358650654,-1.3491025452398608,-0.530361349833328,-1.0272354205874323,-4.925186195100417,3.262694472289601,0.0,0.0,0.0,0.0,0.0,1.953826557483932,0.7050977633034599,0.0,0.0,0.0,0.0,0.0,0.0,0.0,0.0,4.465570331056109,-0.7087141633411915,-1.5304539259387497,-1.2774356757244922,-5.628226733048626,4.577488464436228,0.0,0.0,0.0,0.0,0.0,2.0471227497584574,0.8447351459904663,0.0,0.0,0.0,0.0,0.0,0.0,0.0,0.0,19.115994311328677,3.9797767616892936,-0.8025799751998549,2.545206051042345,-11.619535721452927,20.630743666550075,0.0,0.0,0.0,0.0,0.0,3.516462371959369,4.5059050982867745,0.0,0.0,0.0,0.0,0.0,0.0,0.0,0.0,20.807741795128944,8.008749833044766,-9.458063275056992,6.518748817996261,-11.637370522214542,36.79579654876961,0.0,0.0,-267.2168712324722,0.0,0.0,4.5853315318348935,10.698414470669974,0.0,0.0,0.0,0.0,0.0,0.0,0.0,0.0,7.358874282528244,-0.5227277551630456,-3.1284101298549682,-0.9200006515515987,-8.752717655338676,9.43400032637229,0.0,0.0,0.0,0.0,0.0,2.7863517615561104,1.7664890150997519,0.0,0.0,0.0,0.0,0.0,0.0,0.0,0.0,9.000125869766562,-0.042141899493879253,-0.7478977327343131,-0.09945489095831168,-7.911231358410186,8.688775648366358,0.0,0.0,0.0,0.0,0.0,2.7631082550680097,1.7228712044272183,0.0,0.0,0.0,0.0,0.0,0.0,0.0,0.0,4.555493743802753,-0.5567055200089249,-1.679899922280336,-0.7886662181303468,-6.044108010647692,3.9310402295201397,0.0,0.0,0.0,0.0,0.0,2.096538314543622,0.7786536223427915,0.0,0.0,0.0,0.0,0.0,0.0,0.0,0.0,3.359112221331837,-0.6208402939076725,-3.7268972771198743,-0.7863976126928106,-6.892101054837153,5.2071542981740375,0.0,0.0,0.0,0.0,0.0,2.368472205416361,0.5841443911773906,0.0,0.0,6.55710610218694,-27.74068972050515,-1.6392765988281053,-13.870344446884125,-43.222560607023084,6.748527062619379,0.0,0.0,0.0,0.0,0.0,1.074008194351291,0.3568265469740665,0.0,0.0
0.0,0.0,0.0,0.0,0.0,0.0,-177.14762596970942,148.59715029123686,88.57381298485473,309.5773841385767,514.7055174824427,-243.32205756238102,0.0,0.0,0.0,0.0,0.0,-93.30665320285163,-44.01201702028247,0.0,0.0,0.0,0.0,0.0,0.0,0.0,0.0,-207.24344782813955,56.98080385568,25.905427559474532,43.386398032250945,229.4186330044101,-168.12996449409232,0.0,0.0,0.0,0.0,0.0,-91.01061364778288,-38.66642597404358,0.0,0.0,0.0,0.0,0.0,0.0,0.0,0.0,-216.15859481184185,28.04550358126613,74.08253493500517,50.55116529556464,260.60470388691516,-231.74179804411352,0.0,0.0,0.0,0.0,0.0,-95.07701326757925,-45.5496904432604,0.0,0.0,0.0,0.0,0.0,0.0,0.0,0.0,-892.1147188881437,-221.20011328358873,37.455200985091004,-141.46518775632683,506.49318979746175,-1002.2568956927846,0.0,0.0,0.0,0.0,0.0,-155.26474832843363,-223.44736363169565,0.0,0.0,0.0,0.0,0.0,0.0,0.0,0.0,-962.7041548266717,-424.66621439589466,437.5927431799669,-345.65849113103536,468.9612637605926,-1763.3062669603478,3.5476037557796044e6,196788.69374321413,33085.36752849896,0.0,0.0,-4085.317857992295,-897.6004337071214,208.7992890255311,20498.822264918137,0.0,0.0,0.0,0.0,0.0,0.0,-352.45285661361373,14.827807639123922,149.83502157989446,26.096935841527657,398.0031432713527,-469.0193978338187,0.0,0.0,0.0,0.0,0.0,-127.78386282642496,-91.31178857385868,0.0,0.0,0.0,0.0,0.0,0.0,0.0,0.0,-428.1406545143275,-5.64635531358758,35.57788295809197,-13.325399632408763,358.36881420064674,-430.82759057924875,0.0,0.0,0.0,0.0,0.0,-126.79405244992691,-89.17725214853404,0.0,0.0,0.0,0.0,0.0,0.0,0.0,0.0,-219.12432195182484,19.658452582478834,80.80505695290896,27.849476779518508,280.59217776427306,-201.2495880150116,0.0,0.0,0.0,0.0,0.0,-97.60007883877546,-42.53898071131889,0.0,0.0,0.0,0.0,0.0,0.0,0.0,0.0,-161.4249680682273,21.267259969262696,179.09918880712715,26.938526111246148,320.3791611929294,-263.2985344147494,0.0,0.0,0.0,0.0,0.0,-111.03855370513226,-34.0105208365625,0.0,0.0,-399.4449216033401,1304.169197819587,99.86123486497985,652.08457947616,2037.787039319116,-434.23501578576696,0.0,0.0,0.0,0.0,0.0,-50.109164923745055,-19.792545603122615,0.0,0.0
0.0,0.0,0.0,0.0,0.0,0.0,-305.4496896198757,-86.17992846126562,152.7248448099378,-179.54151049329803,-207.10744897660206,-520.0487446963352,0.0,0.0,0.0,0.0,0.0,44.01201702028237,-93.30665320285159,0.0,0.0,0.0,0.0,0.0,0.0,0.0,0.0,-89.21529187535921,-132.36406004889844,11.15191001257163,-100.78481533871545,-97.46993492938331,-226.5992944265137,0.0,0.0,0.0,0.0,0.0,38.66642597404351,-91.01061364778278,0.0,0.0,0.0,0.0,0.0,0.0,0.0,0.0,-58.53527898036298,-103.56620401434692,20.06138989646805,-186.6749257325,-139.54302282529395,-243.2649523845127,0.0,0.0,0.0,0.0,0.0,45.549690443260296,-95.07701326757928,0.0,0.0,0.0,0.0,0.0,0.0,0.0,0.0,348.052412379941,-566.9717256968704,-14.612888659974013,-362.59819417636385,-856.4597641183598,-335.57179582609456,0.0,0.0,0.0,0.0,0.0,223.44736363169542,-155.26474832843365,0.0,0.0,0.0,0.0,0.0,0.0,0.0,0.0,529.5982556499897,-771.9586019249182,-240.72644987693977,-628.3382960817199,-1548.3951331941844,-161.14282908770795,-196788.69374321413,3.5476037557796044e6,2658.764082704003,0.0,0.0,897.6004337071212,-4085.317857992295,3764.124492424647,369542.0578937087,0.0,0.0,0.0,0.0,0.0,0.0,-28.71668493735461,-181.98838658178101,12.208058543297849,-320.299491611727,-348.16652268451793,-346.4995108216611,0.0,0.0,0.0,0.0,0.0,91.31178857385844,-127.78386282642508,0.0,0.0,0.0,0.0,0.0,0.0,0.0,0.0,17.516184761854543,-138.01146153951427,-1.4555701841407902,-325.70707593290507,-339.3969511110684,-298.5350683337454,0.0,0.0,0.0,0.0,0.0,89.17725214853375,-126.79405244992708,0.0,0.0,0.0,0.0,0.0,0.0,0.0,0.0,-34.70864657139663,-124.10870253603379,12.799282790600948,-175.8206763686998,-136.6786725485419,-249.20423383517075,0.0,0.0,0.0,0.0,0.0,42.538980711318786,-97.60007883877542,0.0,0.0,0.0,0.0,0.0,0.0,0.0,0.0,-22.851880906641163,-150.23125560046282,25.353905173868018,-190.29290127489136,-148.28896789082722,-270.94124990888383,0.0,0.0,0.0,0.0,0.0,34.010520836562385,-111.03855370513224,0.0,0.0,-1565.0030078443795,-332.8707742856521,391.25076945136635,-166.4353821826655,-414.6106147796972,-2027.6499942217015,0.0,0.0,0.0,0.0,0.0,19.79254560312255,-50.10916492374504,0.0,0.0
0.0,0.0,0.0,0.0,0.0,0.0,0.0,0.0,0.0,0.0,0.0,0.0,0.0,0.0,0.0,0.0,0.0,0.0,0.0,0.0,0.0,0.0,0.0,0.0,0.0,0.0,0.0,0.0,0.0,0.0,0.0,0.0,0.0,0.0,0.0,0.0,0.0,0.0,0.0,0.0,0.0,0.0,0.0,0.0,0.0,0.0,0.0,0.0,0.0,0.0,0.0,0.0,0.0,0.0,0.0,0.0,0.0,0.0,0.0,0.0,0.0,0.0,0.0,0.0,0.0,0.0,0.0,0.0,0.0,0.0,0.0,0.0,0.0,0.0,0.0,0.0,0.0,0.0,0.0,0.0,0.0,0.0,0.0,0.0,0.0,0.0,0.0,0.0,0.0,0.0,0.0,0.0,0.0,0.0,0.0,0.0,0.0,0.0,0.0,0.0,0.0,0.0,0.0,0.0,771.0628438351062,0.0,0.0,0.0,0.0,0.0,0.0,0.0,0.0,0.0,0.0,0.0,0.0,0.0,0.0,0.0,0.0,0.0,0.0,0.0,0.0,0.0,0.0,0.0,0.0,0.0,0.0,0.0,0.0,0.0,0.0,0.0,0.0,0.0,0.0,0.0,0.0,0.0,0.0,0.0,0.0,0.0,0.0,0.0,0.0,0.0,0.0,0.0,0.0,0.0,0.0,0.0,0.0,0.0,0.0,0.0,0.0,0.0,0.0,0.0,0.0,0.0,0.0,0.0,0.0,0.0,0.0,0.0,0.0,0.0,0.0,0.0,0.0,0.0,0.0,0.0,0.0,0.0,0.0,0.0,0.0,0.0,0.0,0.0,0.0,0.0,0.0,0.0,0.0,0.0,0.0,0.0,0.0,0.0,0.0,0.0,0.0,0.0,0.0,0.0
0.0,0.0,0.0,0.0,0.0,0.0,0.0,0.0,0.0,0.0,0.0,0.0,0.0,0.0,0.0,0.0,0.0,0.0,0.0,0.0,0.0,0.0,0.0,0.0,0.0,0.0,0.0,0.0,0.0,0.0,0.0,0.0,0.0,0.0,0.0,0.0,0.0,0.0,0.0,0.0,0.0,0.0,0.0,0.0,0.0,0.0,0.0,0.0,0.0,0.0,0.0,0.0,0.0,0.0,0.0,0.0,0.0,0.0,0.0,0.0,0.0,0.0,0.0,0.0,0.0,0.0,0.0,0.0,0.0,0.0,0.0,0.0,0.0,0.0,0.0,0.0,0.0,0.0,0.0,0.0,0.0,0.0,0.0,0.0,0.0,0.0,0.0,0.0,0.0,0.0,0.0,0.0,0.0,0.0,0.0,0.0,148.1570805004629,-454.0428381004289,0.7979426423595599,0.0,0.0,-0.19284698437679226,0.1369311303332476,-0.48175441372770944,-47.296128968794676,0.0,0.0,0.0,0.0,0.0,0.0,0.0,0.0,0.0,0.0,0.0,0.0,0.0,0.0,0.0,0.0,0.0,0.0,0.0,0.0,0.0,0.0,0.0,0.0,0.0,0.0,0.0,0.0,0.0,0.0,0.0,0.0,0.0,0.0,0.0,0.0,0.0,0.0,0.0,0.0,0.0,0.0,0.0,0.0,0.0,0.0,0.0,0.0,0.0,0.0,0.0,0.0,0.0,0.0,0.0,0.0,0.0,0.0,0.0,0.0,0.0,0.0,0.0,0.0,0.0,0.0,0.0,0.0,0.0,0.0,0.0,0.0,0.0,0.0,0.0,0.0,0.0,0.0,0.0,0.0,0.0,0.0,0.0,0.0,0.0,0.0,0.0,0.0,0.0,0.0,0.0,0.0,0.0,0.0,0.0,0.0,0.0,0.0,0.0
0.0,0.0,0.0,0.0,0.0,0.0,0.0,0.0,0.0,0.0,0.0,0.0,0.0,0.0,0.0,0.0,0.0,0.0,0.0,0.0,0.0,0.0,0.0,0.0,0.0,0.0,0.0,0.0,0.0,0.0,0.0,0.0,0.0,0.0,0.0,0.0,0.0,0.0,0.0,0.0,0.0,0.0,0.0,0.0,0.0,0.0,0.0,0.0,0.0,0.0,0.0,0.0,0.0,0.0,0.0,0.0,0.0,0.0,0.0,0.0,0.0,0.0,0.0,0.0,0.0,0.0,0.0,0.0,0.0,0.0,0.0,0.0,0.0,0.0,0.0,0.0,0.0,0.0,0.0,0.0,0.0,0.0,0.0,0.0,0.0,0.0,0.0,0.0,0.0,0.0,0.0,0.0,0.0,0.0,0.0,0.0,0.0,0.0,0.0,0.0,0.0,0.0,0.0,0.0,0.0,-2.0,0.0,0.0,0.0,0.0,0.0,0.0,0.0,0.0,0.0,-40.0,0.0,0.0,0.0,0.0,0.0,0.0,0.0,0.0,0.0,0.0,0.0,0.0,0.0,0.0,0.0,0.0,0.0,0.0,0.0,0.0,0.0,0.0,0.0,0.0,0.0,0.0,0.0,0.0,0.0,0.0,0.0,0.0,0.0,0.0,0.0,0.0,0.0,0.0,0.0,0.0,0.0,0.0,0.0,0.0,0.0,0.0,0.0,0.0,0.0,0.0,0.0,0.0,0.0,0.0,0.0,0.0,0.0,0.0,0.0,0.0,0.0,0.0,0.0,0.0,0.0,0.0,0.0,0.0,0.0,0.0,0.0,0.0,0.0,0.0,0.0,0.0,0.0,0.0,0.0,0.0,0.0,0.0,0.0,0.0,0.0,0.0,0.0,0.0
0.0,0.0,0.0,0.0,0.0,0.0,0.0,0.0,0.0,0.0,0.0,0.0,0.0,0.0,0.0,0.0,0.0,0.0,0.0,0.0,0.0,0.0,0.0,0.0,0.0,0.0,0.0,0.0,0.0,0.0,0.0,0.0,0.0,0.0,0.0,0.0,0.0,0.0,0.0,0.0,0.0,0.0,0.0,0.0,0.0,0.0,0.0,0.0,0.0,0.0,0.0,0.0,0.0,0.0,0.0,0.0,0.0,0.0,0.0,0.0,0.0,0.0,0.0,0.0,0.0,0.0,0.0,0.0,0.0,0.0,0.0,0.0,0.0,0.0,0.0,0.0,0.0,0.0,0.0,0.0,0.0,0.0,0.0,0.0,0.0,0.0,0.0,0.0,0.0,0.0,0.0,0.0,0.0,0.0,0.0,0.0,0.0,0.0,0.0,0.0,0.0,0.0,0.0,0.0,0.0,-0.4444444444444445,-0.1388888888888889,0.0,0.0,0.0,0.0,0.0,0.0,0.0,0.0,-11.666666666666666,0.0,0.0,0.0,0.0,0.0,0.0,0.0,0.0,0.0,0.0,0.0,0.0,0.0,0.0,0.0,0.0,0.0,0.0,0.0,0.0,0.0,0.0,0.0,0.0,0.0,0.0,0.0,0.0,0.0,0.0,0.0,0.0,0.0,0.0,0.0,0.0,0.0,0.0,0.0,0.0,0.0,0.0,0.0,0.0,0.0,0.0,0.0,0.0,0.0,0.0,0.0,0.0,0.0,0.0,0.0,0.0,0.0,0.0,0.0,0.0,0.0,0.0,0.0,0.0,0.0,0.0,0.0,0.0,0.0,0.0,0.0,0.0,0.0,0.0,0.0,0.0,0.0,0.0,0.0,0.0,0.0,0.0,0.0,0.0,0.0,0.0,0.0,0.0
0.0,0.0,0.0,0.0,0.0,0.0,0.0,0.0,0.0,0.0,0.0,0.0,0.0,0.0,0.0,0.0,0.0,0.0,0.0,0.0,0.0,0.0,0.0,0.0,0.0,0.0,0.0,0.0,0.0,0.0,0.0,0.0,0.0,0.0,0.0,0.0,0.0,0.0,0.0,0.0,0.0,0.0,0.0,0.0,0.0,0.0,0.0,0.0,0.0,0.0,0.0,0.0,0.0,0.0,0.0,0.0,0.0,0.0,0.0,0.0,0.0,0.0,0.0,0.0,0.0,0.0,0.0,0.0,0.0,0.0,0.0,0.0,0.0,0.0,0.0,0.0,0.0,0.0,0.0,0.0,0.0,0.0,0.0,0.0,0.0,0.0,0.0,0.0,0.0,0.0,0.0,0.0,0.0,0.0,0.0,0.0,0.0,0.0,0.0,0.0,0.0,0.0,0.0,0.0,0.0,0.0,0.0,-0.8025682182985554,0.005383273183316124,0.12847907358749697,0.0,0.0,0.0,0.0,0.0,0.0,0.0,0.0,0.0,0.0,0.0,0.0,0.0,0.0,0.0,0.0,0.0,0.0,0.0,0.0,0.0,0.0,0.0,0.0,0.0,0.0,0.0,0.0,0.0,0.0,0.0,0.0,0.0,0.0,0.0,0.0,0.0,0.0,0.0,0.0,0.0,0.0,0.0,0.0,0.0,0.0,0.0,0.0,0.0,0.0,0.0,0.0,0.0,0.0,0.0,0.0,0.0,0.0,0.0,0.0,0.0,0.0,0.0,0.0,0.0,0.0,0.0,0.0,0.0,0.0,0.0,0.0,0.0,0.0,0.0,0.0,0.0,0.0,0.0,0.0,0.0,0.0,0.0,0.0,0.0,0.0,0.0,0.0,0.0,0.0,0.0,0.0,0.0,0.0
0.0,0.0,0.0,0.0,0.0,0.0,0.0,0.0,0.0,0.0,0.0,0.0,0.0,0.0,0.0,0.0,0.0,0.0,0.0,0.0,0.0,0.0,0.0,0.0,0.0,0.0,0.0,0.0,0.0,0.0,0.0,0.0,0.0,0.0,0.0,0.0,0.0,0.0,0.0,0.0,0.0,0.0,0.0,0.0,0.0,0.0,0.0,0.0,0.0,0.0,0.0,0.0,0.0,0.0,0.0,0.0,0.0,0.0,0.0,0.0,0.0,0.0,0.0,0.0,0.0,0.0,0.0,0.0,0.0,0.0,0.0,0.0,0.0,0.0,0.0,0.0,0.0,0.0,0.0,0.0,0.0,0.0,0.0,0.0,0.0,0.0,0.0,0.0,0.0,0.0,0.0,0.0,0.0,0.0,0.0,0.0,0.0,0.0,0.0,0.0,0.0,0.0,0.0,0.0,0.0,0.0,0.0,0.0,0.08895966029723992,2.1231422505307855,0.0,0.0,0.0,0.0,0.0,0.0,0.0,0.0,0.0,0.0,0.0,0.0,0.0,0.0,0.0,0.0,0.0,0.0,0.0,0.0,0.0,0.0,0.0,0.0,0.0,0.0,0.0,0.0,0.0,0.0,0.0,0.0,0.0,0.0,0.0,0.0,0.0,0.0,0.0,0.0,0.0,0.0,0.0,0.0,0.0,0.0,0.0,0.0,0.0,0.0,0.0,0.0,0.0,0.0,0.0,0.0,0.0,0.0,0.0,0.0,0.0,0.0,0.0,0.0,0.0,0.0,0.0,0.0,0.0,0.0,0.0,0.0,0.0,0.0,0.0,0.0,0.0,0.0,0.0,0.0,0.0,0.0,0.0,0.0,0.0,0.0,0.0,0.0,0.0,0.0,0.0,0.0,0.0,0.0
0.0,0.0,0.0,0.0,0.0,0.0,0.0,0.0,0.0,0.0,0.0,0.0,0.0,0.0,0.0,0.0,0.0,0.0,0.0,0.0,0.0,0.0,0.0,0.0,0.0,0.0,0.0,0.0,0.0,0.0,0.0,0.0,0.0,0.0,0.0,0.0,0.0,0.0,0.0,0.0,0.0,0.0,0.0,0.0,0.0,0.0,0.0,0.0,0.0,0.0,0.0,0.0,0.0,0.0,0.0,0.0,0.0,0.0,0.0,0.0,0.0,0.0,0.0,0.0,0.0,0.0,0.0,0.0,0.0,0.0,0.0,0.0,0.0,0.0,0.0,0.0,0.0,0.0,0.0,0.0,0.0,0.0,0.0,0.0,0.0,0.0,0.0,0.0,0.0,0.0,0.0,0.0,0.0,0.0,0.0,0.0,0.0,0.0,0.0,0.0,0.0,0.0,0.0,0.0,0.0,0.0,0.0,-250.0,0.0,-50.0,-250.0,0.0,0.0,0.0,0.0,0.0,0.0,0.0,0.0,0.0,0.0,0.0,0.0,0.0,0.0,0.0,0.0,0.0,0.0,0.0,0.0,0.0,0.0,0.0,0.0,0.0,0.0,0.0,0.0,0.0,0.0,0.0,0.0,0.0,0.0,0.0,0.0,0.0,0.0,0.0,0.0,0.0,0.0,0.0,0.0,0.0,0.0,0.0,0.0,0.0,0.0,0.0,0.0,0.0,0.0,0.0,0.0,0.0,0.0,0.0,0.0,0.0,0.0,0.0,0.0,0.0,0.0,0.0,0.0,0.0,0.0,0.0,0.0,0.0,0.0,0.0,0.0,0.0,0.0,0.0,0.0,0.0,0.0,0.0,0.0,0.0,0.0,0.0,0.0,0.0,0.0,0.0,0.0,0.0
0.0,0.0,0.0,0.0,0.0,0.0,2.753364524183662,0.7946528392431289,-1.3766822620918304,1.6555266826384658,1.9238470854424556,4.693018149337287,0.0,0.0,0.0,0.0,0.0,-0.407391210616826,0.8419849862703352,0.0,0.0,0.0,0.0,0.0,0.0,0.0,0.0,0.7902477343998543,1.205146447063506,-0.0987809537627015,0.9176241804499958,0.9042607944359694,2.039302843649206,0.0,0.0,0.0,0.0,0.0,-0.35872121074688323,0.8216482919084789,0.0,0.0,0.0,0.0,0.0,0.0,0.0,0.0,0.511297851196734,0.9414644022187606,-0.17523356383976657,1.696960886387547,1.2885002104918177,2.1846895193055724,0.0,0.0,0.0,0.0,0.0,-0.4214908394167357,0.8578974106176797,0.0,0.0,0.0,0.0,0.0,0.0,0.0,0.0,-0.05591843450738778,2.9489129453123026,0.002347720712260148,1.8859326846313063,3.0198481731529623,3.232501570954804,0.0,0.0,0.0,0.0,0.0,-0.7484040157790381,1.085536243456362,0.0,0.0,0.0,0.0,0.0,0.0,0.0,0.0,0.4830837448306554,1.9491347025868642,-0.21958349304533523,1.5865047358799922,1.9924627779321649,2.837684007195388,0.0,0.0,0.0,0.0,0.0,-0.6233707708603261,1.0832529418894348,0.0,0.0,0.0,0.0,0.0,0.0,0.0,-100.0,-3.5021539819772975,3.82504379369528,1.4888383158742515,6.732075631444941,11.59527682733943,1.528471899130696,0.0,0.0,0.0,0.0,0.0,-3.311840299045422,1.5086106696962331,0.0,0.0,0.0,0.0,0.0,0.0,0.0,0.0,-2.1867538185525306,1.8777251587888724,0.18171615004157268,4.431431738005821,6.308960923475412,2.159844057844153,0.0,0.0,0.0,0.0,0.0,-1.8059497529661943,1.3435131716867579,0.0,0.0,0.0,0.0,0.0,0.0,0.0,0.0,0.2950155985465726,1.126953641330547,-0.10879099148013953,1.596517789696314,1.2643247126514923,2.241271631552652,0.0,0.0,0.0,0.0,0.0,-0.394421604608969,0.8810420451707367,0.0,0.0,0.0,0.0,0.0,0.0,0.0,0.0,0.19269669662673838,1.3639293537032187,-0.21379482037174855,1.7276436438794789,1.3731550528487515,2.432776291351927,0.0,0.0,0.0,0.0,0.0,-0.31830681121253157,1.0036426068004491,0.0,0.0,14.152739448071708,3.134864824041804,-3.538185020187115,1.5674323653077809,3.941748177050814,18.34405220902242,0.0,0.0,0.0,0.0,0.0,-0.18393802545581872,0.45252227449564986,0.0,0.0
0.0,0.0,0.0,0.0,0.0,0.0,-0.3145991518215603,-0.6382627929582607,0.15729957591078003,-1.3297140991582852,-1.9699723263261062,-0.6969082294692341,0.0,0.0,0.0,0.0,0.0,0.3741596867496566,-0.12405514613917734,0.0,0.0,0.0,0.0,0.0,0.0,0.0,0.0,0.338416308125195,-0.5064294636300394,-0.04230203293255427,-0.38560618309216776,-0.8916576968953194,-0.1317975314432213,0.0,0.0,0.0,0.0,0.0,0.35372154866186584,-0.13279777530251166,0.0,0.0,0.0,0.0,0.0,0.0,0.0,0.0,0.4439219173702139,-0.3504835013195863,-0.15214227766709978,-0.6317358273577053,-1.0888095609061361,0.00031746118221930356,0.0,0.0,0.0,0.0,0.0,0.3831100647080164,-0.12446466738995338,0.0,0.0,0.0,0.0,0.0,0.0,0.0,0.0,1.4191734013062434,-0.8550889117736657,-0.05958362064115363,-0.5468591840065274,-2.0230172189623916,0.2519416726761946,0.0,0.0,0.0,0.0,0.0,0.5479140814774344,-0.09247091985246234,0.0,0.0,0.0,0.0,0.0,0.0,0.0,0.0,0.59301580700952,-0.6893943519248484,-0.26955260599773645,-0.5611348475639525,-1.509235020032046,0.016421459281363213,0.0,0.0,0.0,0.0,0.0,0.5105126933477221,-0.12960002329654996,0.0,0.0,0.0,0.0,0.0,0.0,0.0,0.0,-54.875070545380396,-0.5763874667433889,-17.389204481195375,-1.014441723655353,26.206624136075064,-28.11204208216382,0.0,0.0,0.0,0.0,0.0,1.4284686606110055,0.5582767418064151,0.0,0.0,0.0,0.0,0.0,0.0,0.0,0.0,2.403073170208105,-0.3382175561359132,-0.19969198226778975,-0.7981934979122102,-2.8803843006880108,1.5721696682945292,0.0,0.0,0.0,0.0,0.0,0.9364113854971057,0.15149688546577117,0.0,0.0,0.0,0.0,0.0,0.0,0.0,0.0,0.5149070840636731,-0.3814003917389755,-0.18987895037214905,-0.5403172660141546,-1.1365715991072505,-0.0997089467557584,0.0,0.0,0.0,0.0,0.0,0.382159230177028,-0.13944363496422707,0.0,0.0,0.0,0.0,0.0,0.0,0.0,0.0,0.38648253747148376,-0.45468000642581835,-0.4287980340191684,-0.5759279400856495,-1.2772603594682777,0.014719225340009029,0.0,0.0,0.0,0.0,0.0,0.39687517245509607,-0.19845117570916695,0.0,0.0,-3.018134694604876,-4.485925619021217,0.7545337073815026,-2.242962742665114,-6.731350004387311,-4.140847145312888,0.0,0.0,0.0,0.0,0.0,0.1908107506846447,-0.07725808261280376,0.0,0.0
0.0,0.0,0.0,0.0,0.0,0.0,0.4296193724477494,-0.05011681474194613,-0.21480968622387464,-0.10441002656350601,-0.2564132118314487,0.6811696231314992,0.0,0.0,0.0,0.0,0.0,0.040622804754511625,0.1225214461058171,0.0,0.0,0.0,0.0,0.0,0.0,0.0,0.0,0.25964789993285065,0.07077757443905536,-0.032455983208009805,0.053891553094753734,-0.10961817450152171,0.35038989672744,0.0,0.0,0.0,0.0,0.0,0.043485645423328334,0.11582882174540068,0.0,0.0,0.0,0.0,0.0,0.0,0.0,0.0,0.23953950599461885,0.06964777685554197,-0.08209571234771955,0.12553799471245417,-0.0984011475856182,0.42037464098346156,0.0,0.0,0.0,0.0,0.0,0.04075690561474062,0.12545231570371054,0.0,0.0,0.0,0.0,0.0,0.0,0.0,0.0,0.44058093353002264,0.2953461272064767,-0.018497674196131166,0.1888841498232091,-0.06244280250961716,0.7019683819754636,0.0,0.0,0.0,0.0,0.0,0.030280308713854943,0.17941864926050166,0.0,0.0,0.0,0.0,0.0,0.0,0.0,0.0,0.2815280531199895,0.15571216937521604,-0.12796728094423987,0.12674244310568283,-0.09668569814744785,0.5511142080987368,0.0,0.0,0.0,0.0,0.0,0.04243851711439232,0.16717127916078453,0.0,0.0,0.0,0.0,0.0,0.0,0.0,0.0,0.36553335249503016,-24.447476051619727,-0.1553958117561998,12.172443007277097,-9.620548957502137,-8.646404904150431,0.0,0.0,0.0,0.0,0.0,-0.18281198150331882,0.46776296916241944,0.0,0.0,0.0,0.0,0.0,0.0,0.0,0.0,0.34357581193415965,0.2536593071463258,-0.028550664122497807,0.5986360139381739,0.2976238092099022,0.9154894183863092,0.0,0.0,0.0,0.0,0.0,-0.049608811812515564,0.3066350576079603,0.0,0.0,0.0,0.0,0.0,0.0,0.0,0.0,0.22050812955342244,0.09549829938556927,-0.08131535471932276,0.135289268576121,-0.11824154919799049,0.3994481864532553,0.0,0.0,0.0,0.0,0.0,0.04566188291017032,0.12514095767699185,0.0,0.0,0.0,0.0,0.0,0.0,0.0,0.0,0.1599820989582522,0.11778082295561743,-0.17749834173716103,0.14918902478173598,-0.1420486949023449,0.4726798326914351,0.0,0.0,0.0,0.0,0.0,0.06498435264501173,0.12995980533100165,0.0,0.0,1.762740679091959,-0.8235927230187071,-0.4406851894731519,-0.4117963492368668,-1.3824804845917162,2.2119780701892444,0.0,0.0,0.0,0.0,0.0,0.025298749010918452,0.06248243713669044,0.0,0.0
0.0,0.0,0.0,0.0,0.0,0.0,0.022212994235274622,0.04506600751617313,-0.0111064971176373,0.09388751192793948,0.1390944116503922,0.04920680298749181,0.0,0.0,0.0,0.0,0.0,-0.02641840232791338,0.00875919795107612,0.0,0.0,0.0,0.0,0.0,0.0,0.0,0.0,-0.02389465914953146,0.0357576131119637,0.0029868319994842047,0.027226608439716592,0.06295753553782023,0.009305866812483448,0.0,0.0,0.0,0.0,0.0,-0.024975320740136735,0.00937649132291725,0.0,0.0,0.0,0.0,0.0,0.0,0.0,0.0,-0.031344124529139414,0.024746690985316542,0.01074235425363671,0.04460515614890304,0.07687789480576213,-2.2415074451830597e-5,0.0,0.0,0.0,0.0,0.0,-0.027050364279626912,0.008788113137687528,0.0,0.0,0.0,0.0,0.0,0.0,0.0,0.0,-0.10020399101378076,0.060375512641715826,0.004207038112325995,0.03861224619173143,0.14283976788392996,-0.01778891929739217,0.0,0.0,0.0,0.0,0.0,-0.038686729645689866,0.006529121257066647,0.0,0.0,0.0,0.0,0.0,0.0,0.0,0.0,-0.04187124035859033,0.04867626844023827,0.01903237961215835,0.039620212139731395,0.10656299804222452,-0.0011594747736593377,0.0,0.0,0.0,0.0,0.0,-0.03604591890571752,0.009150706712682335,0.0,0.0,0.0,0.0,0.0,0.0,0.0,0.0,-2.888131551522071,0.04069715827879101,-8.03490701244441,0.07162698319148522,-1.8503787676796577,1.984915169342511,0.0,0.0,0.0,0.0,0.0,-0.10086030410349045,-0.0394184090314001,0.0,0.0,0.0,0.0,0.0,0.0,0.0,0.0,-0.16967448948194377,0.023880625809750956,0.014099710139908213,0.05635828153095012,0.203376135937101,-0.11100664314094529,0.0,0.0,0.0,0.0,0.0,-0.06611747230549024,-0.010696784857900599,0.0,0.0,0.0,0.0,0.0,0.0,0.0,0.0,-0.03635619493499408,0.026929648900753122,0.013406838529586556,0.03815033907656337,0.08025024299260047,0.0070401787375040745,0.0,0.0,0.0,0.0,0.0,-0.02698322842807343,0.009845737477903262,0.0,0.0,0.0,0.0,0.0,0.0,0.0,0.0,-0.027288485449438623,0.03210372406649053,0.030276268078330264,0.04066471234579908,0.09018389540320834,-0.0010392846443870302,0.0,0.0,0.0,0.0,0.0,-0.028022281264346704,0.014012100148672718,0.0,0.0,0.2131023182496257,0.3167390609231773,-0.05327558194401041,0.1583695257418093,0.475282396590441,0.29237400430170163,0.0,0.0,0.0,0.0,0.0,-0.013472630426513322,0.005454984013052794,0.0,0.0
0.0,0.0,0.0,0.0,0.0,0.0,0.013869334960613022,-0.0016179132864861114,-0.006934667480306509,-0.0033706525462416973,-0.00827774758609029,0.021990092333078613,0.0,0.0,0.0,0.0,0.0,0.0013114196479778785,0.003955340668691429,0.0,0.0,0.0,0.0,0.0,0.0,0.0,0.0,0.008382172515803882,0.00228490135815365,-0.0010477714261888091,0.0017397725739420776,-0.003538786370992702,0.011311582196211383,0.0,0.0,0.0,0.0,0.0,0.0014038402852234986,0.0037392837239328155,0.0,0.0,0.0,0.0,0.0,0.0,0.0,0.0,0.007733016381478919,0.002248428279590732,-0.002650283032847025,0.004052723435236736,-0.0031766688466536457,0.013570888741652723,0.0,0.0,0.0,0.0,0.0,0.001315748805060404,0.004049957473207164,0.0,0.0,0.0,0.0,0.0,0.0,0.0,0.0,0.014223205321428178,0.009534612799716423,-0.0005971575209859353,0.006097717446313044,-0.0020158312204383065,0.0226615354096057,0.0,0.0,0.0,0.0,0.0,0.0009775344670107952,0.0057921441731012355,0.0,0.0,0.0,0.0,0.0,0.0,0.0,0.0,0.009088526076661664,0.005026831593287231,-0.004131147702447681,0.004091606454206026,-0.0031212892609277397,0.01779153372466692,0.0,0.0,0.0,0.0,0.0,0.0013700360059131183,0.005396764241019072,0.0,0.0,0.0,0.0,0.0,0.13698629779067634,0.0,0.0,0.011800456008640492,0.22327338457804857,-0.005016618669785944,-0.756532652962682,-0.3105786762741977,-0.279130536264014,0.0,0.0,0.0,0.0,0.0,-0.005901690586802598,0.015100718723463793,0.0,0.0,0.0,0.0,0.0,0.0,0.0,0.0,0.011091604163308502,0.00818884371215659,-0.0009216966213762575,0.01932567274490053,0.009608142851350936,0.02955460160968594,0.0,0.0,0.0,0.0,0.0,-0.001601513507423307,0.00989905157302678,0.0,0.0,0.0,0.0,0.0,0.0,0.0,0.0,0.007118629434445765,0.0030829566525388736,-0.002625090869663971,0.004367522283196775,-0.0038171734266666075,0.012895323285272457,0.0,0.0,0.0,0.0,0.0,0.0014740954194063156,0.004039905950761532,0.0,0.0,0.0,0.0,0.0,0.0,0.0,0.0,0.005164677061725833,0.003802299873492763,-0.005730151185874302,0.004816245937319193,-0.004585735785362312,0.015259449059228236,0.0,0.0,0.0,0.0,0.0,0.002097879685678936,0.004195472055373712,0.0,0.0,0.05690628145498312,-0.026587914975968786,-0.014226570999723033,-0.013293957091793623,-0.044630401110799724,0.07140894184122522,0.0,0.0,0.0,0.0,0.0,0.0008167155547893248,0.0020171107389008658,0.0,0.0
0.0,0.0,0.0,0.0,0.0,0.0,0.004181060012078378,-0.006145381530937588,-0.002090530006039189,-0.012802877680712655,-0.020581927437413917,0.004968597641493003,0.0,0.0,0.0,0.0,0.0,0.0037809548771773984,0.0009045710314493032,0.0,0.0,0.0,0.0,0.0,0.0,0.0,0.0,0.006957287932633394,-0.003121732176510599,-0.000869660876799835,-0.0023769533877271336,-0.00921366957305178,0.004455957599853861,0.0,0.0,0.0,0.0,0.0,0.0036550724359656448,0.0007250765507644967,0.0,0.0,0.0,0.0,0.0,0.0,0.0,0.0,0.007522532224569205,-0.0018324971055915468,-0.0025781452586303563,-0.003303020172912152,-0.01068821450185255,0.006674029107892534,0.0,0.0,0.0,0.0,0.0,0.00385810662319448,0.0009476514138344114,0.0,0.0,0.0,0.0,0.0,0.0,0.0,0.0,0.018887790766234862,-0.0024803387431989793,-0.0007929989095969336,-0.0015862631388261932,-0.017948237761017522,0.013252092911230764,0.0,0.0,0.0,0.0,0.0,0.005073257174946867,0.0020722769397998712,0.0,0.0,0.0,0.0,0.0,0.0,0.0,0.0,0.00943862252436704,-0.0033074577552458474,-0.004290282431596677,-0.0026921163455026504,-0.014185066421297061,0.008883859442232515,0.0,0.0,0.0,0.0,0.0,0.004952703932088479,0.001566688192936299,0.0,0.0,0.0,0.11494253125558022,0.0,0.0,0.0,0.0,-0.1565288328498579,-0.0912041645570733,0.06654365430110759,-0.16051929515499838,-0.02640114792543292,-0.3728587265400485,0.0,0.0,0.0,0.0,0.0,0.009072426185637422,0.012102992000834199,0.0,0.0,0.0,0.0,0.0,0.0,0.0,0.0,0.025595525954564748,0.0011905909425792983,-0.0021269520122897735,0.002809794854818476,-0.019420554944119404,0.02770705407021506,0.0,0.0,0.0,0.0,0.0,0.00706186163033933,0.006136186924171581,0.0,0.0,0.0,0.0,0.0,0.0,0.0,0.0,0.00781551274524613,-0.0016813984495547426,-0.0028820760145222193,-0.0023819813325352125,-0.011403432095390954,0.0055034871478033464,0.0,0.0,0.0,0.0,0.0,0.0039279788225662585,0.0008171539452335149,0.0,0.0,0.0,0.0,0.0,0.0,0.0,0.0,0.0057784854633021925,-0.0019420155360285285,-0.006411164712597514,-0.002459886054967138,-0.012960529386681411,0.007624833290101072,0.0,0.0,0.0,0.0,0.0,0.00435797893164132,0.0003990182853698891,0.0,0.0,0.002676281613693214,-0.050672236069920225,-0.0006690704333330806,-0.025336117279885027,-0.07836333585045363,0.0003949404216616929,0.0,0.0,0.0,0.0,0.0,0.00200089998333698,0.00034400951706760785,0.0,0.0
0.0,0.0,0.0,0.0,0.0,0.0,0.0,0.0,0.0,0.0,0.0,0.0,0.0,0.0,0.0,0.0,0.0,0.0,0.0,0.0,0.0,0.0,0.0,0.0,0.0,0.0,0.0,0.0,0.0,0.0,0.0,0.0,0.0,0.0,0.0,0.0,0.0,0.0,0.0,0.0,0.0,0.0,0.0,0.0,0.0,0.0,0.0,0.0,0.0,0.0,0.0,0.0,0.0,0.0,0.0,0.0,0.0,0.0,0.0,0.0,0.0,0.0,0.0,0.0,0.0,0.0,0.0,0.0,0.0,0.0,0.0,0.0,0.0,0.0,0.0,0.0,0.0,0.0,0.0,0.0,0.0,0.0,0.0,0.0,0.0,0.0,0.0,0.0,0.0,0.0,0.0,0.0,0.0,0.0,0.0,0.0,0.0,0.0,0.0,0.0,0.0,0.0,0.0,0.0,0.0,0.0,0.0,0.0,0.0,0.0,0.0,0.0,0.0,0.0,0.0,376.99111843077515,0.0,0.0,0.0,0.0,0.0,0.0,0.0,0.0,0.0,0.0,0.0,0.0,0.0,0.0,0.0,0.0,0.0,0.0,0.0,0.0,0.0,0.0,0.0,0.0,0.0,0.0,0.0,0.0,0.0,0.0,0.0,0.0,0.0,0.0,0.0,0.0,0.0,0.0,0.0,0.0,0.0,0.0,0.0,0.0,0.0,0.0,0.0,0.0,0.0,0.0,0.0,0.0,0.0,0.0,0.0,0.0,0.0,0.0,0.0,0.0,0.0,0.0,0.0,0.0,0.0,0.0,0.0,0.0,0.0,0.0,0.0,0.0,0.0,0.0,0.0,0.0,0.0,0.0,0.0,0.0,0.0,0.0,0.0,0.0,0.0,0.0,0.0,0.0
0.0,0.0,0.0,0.0,0.0,0.0,0.0,0.0,0.0,0.0,0.0,0.0,0.0,0.0,0.0,0.0,0.0,0.0,0.0,0.0,0.0,0.0,0.0,0.0,0.0,0.0,0.0,0.0,0.0,0.0,0.0,0.0,0.0,0.0,0.0,0.0,0.0,0.0,0.0,0.0,0.0,0.0,0.0,0.0,0.0,0.0,0.0,0.0,0.0,0.0,0.0,0.0,0.0,0.0,0.0,0.0,0.0,0.0,0.0,0.0,0.0,0.0,0.0,0.0,0.0,0.0,0.0,0.0,0.0,0.0,0.0,0.0,0.0,0.0,0.0,0.0,0.0,0.0,0.0,0.0,0.0,0.0,0.0,0.0,0.0,0.0,0.0,0.0,0.0,0.0,0.0,0.0,0.0,0.0,0.0,0.0,0.0,0.0,0.0,0.0,0.0,0.0,0.0,0.0,0.0,0.0,0.0,0.0,0.0,0.0,0.0,0.0,0.0,0.0,0.0,0.0,0.0,0.0,0.0,6.1946061912488375,0.0,0.0,-0.9951760768246475,0.098104924014564,0.0,0.0,0.0,0.0,0.0,0.0,0.0,0.0,0.0,0.0,0.0,0.0,0.0,0.0,0.0,0.0,0.0,0.0,0.0,0.0,0.0,0.0,0.0,0.0,0.0,0.0,0.0,0.0,0.0,0.0,0.0,0.0,0.0,0.0,0.0,0.0,0.0,0.0,0.0,0.0,0.0,0.0,0.0,0.0,0.0,0.0,0.0,0.0,0.0,0.0,0.0,0.0,0.0,0.0,0.0,0.0,0.0,0.0,0.0,0.0,0.0,0.0,0.0,0.0,0.0,0.0,0.0,0.0,0.0,0.0,0.0,0.0,0.0,0.0,0.0,0.0,0.0,0.0,0.0,0.0
0.0,0.0,0.0,0.0,0.0,0.0,0.0,0.0,0.0,0.0,0.0,0.0,0.0,0.0,0.0,0.0,0.0,0.0,0.0,0.0,0.0,0.0,0.0,0.0,0.0,0.0,0.0,0.0,0.0,0.0,0.0,0.0,0.0,0.0,0.0,0.0,0.0,0.0,0.0,0.0,0.0,0.0,0.0,0.0,0.0,0.0,0.0,0.0,0.0,0.0,0.0,0.0,0.0,0.0,0.0,0.0,0.0,0.0,0.0,0.0,0.0,0.0,0.0,0.0,0.0,0.0,0.0,0.0,0.0,0.0,0.0,0.0,0.0,0.0,0.0,0.0,0.0,0.0,0.0,0.0,0.0,0.0,0.0,0.0,0.0,0.0,0.0,0.0,0.0,0.0,0.0,0.0,0.0,0.0,0.0,0.0,0.0,0.0,0.0,0.0,0.0,0.0,0.0,0.0,0.0,0.0,0.0,0.0,0.0,0.0,0.0,0.0,0.0,0.0,0.0,0.0,0.0,0.0,0.0,2.0243194046580344,0.0,0.0,-0.098104924014564,-0.9951760768246475,1.0,98.17477042468103,0.0,0.0,0.0,0.0,0.0,0.0,0.0,0.0,0.0,0.0,0.0,0.0,0.0,0.0,0.0,0.0,0.0,0.0,0.0,0.0,0.0,0.0,0.0,0.0,0.0,0.0,0.0,0.0,0.0,0.0,0.0,0.0,0.0,0.0,0.0,0.0,0.0,0.0,0.0,0.0,0.0,0.0,0.0,0.0,0.0,0.0,0.0,0.0,0.0,0.0,0.0,0.0,0.0,0.0,0.0,0.0,0.0,0.0,0.0,0.0,0.0,0.0,0.0,0.0,0.0,0.0,0.0,0.0,0.0,0.0,0.0,0.0,0.0,0.0,0.0,0.0,0.0,0.0
0.0,0.0,0.0,0.0,0.0,0.0,0.0,0.0,0.0,0.0,0.0,0.0,0.0,0.0,0.0,0.0,0.0,0.0,0.0,0.0,0.0,0.0,0.0,0.0,0.0,0.0,0.0,0.0,0.0,0.0,0.0,0.0,0.0,0.0,0.0,0.0,0.0,0.0,0.0,0.0,0.0,0.0,0.0,0.0,0.0,0.0,0.0,0.0,0.0,0.0,0.0,0.0,0.0,0.0,0.0,0.0,0.0,0.0,0.0,0.0,0.0,0.0,0.0,0.0,0.0,0.0,0.0,0.0,0.0,0.0,0.0,0.0,0.0,0.0,0.0,0.0,0.0,0.0,0.0,0.0,0.0,0.0,0.0,0.0,0.0,0.0,0.0,0.0,0.0,0.0,0.0,0.0,0.0,0.0,0.0,0.0,0.0,0.0,0.0,0.0,0.0,0.0,0.0,0.0,0.0,0.0,0.0,0.0,0.0,0.0,0.0,0.0,0.0,0.0,0.0,0.0,0.0,0.0,0.0,0.0,1.0,0.0,0.0,0.0,0.0,0.0,0.0,0.0,0.0,0.0,0.0,0.0,0.0,0.0,0.0,0.0,0.0,0.0,0.0,0.0,0.0,0.0,0.0,0.0,0.0,0.0,0.0,0.0,0.0,0.0,0.0,0.0,0.0,0.0,0.0,0.0,0.0,0.0,0.0,0.0,0.0,0.0,0.0,0.0,0.0,0.0,0.0,0.0,0.0,0.0,0.0,0.0,0.0,0.0,0.0,0.0,0.0,0.0,0.0,0.0,0.0,0.0,0.0,0.0,0.0,0.0,0.0,0.0,0.0,0.0,0.0,0.0,0.0,0.0,0.0,0.0,0.0,0.0,0.0,0.0,0.0,0.0,0.0,0.0
0.0,0.0,0.0,0.0,0.0,0.0,1034.838362413628,-848.5948239377853,-517.4191812068138,-1767.9058129534535,-2944.5273990527667,1427.1196235646878,0.0,0.0,0.0,0.0,0.0,533.4211370559149,258.09377404273266,0.0,0.0,0.0,0.0,0.0,0.0,0.0,0.0,1195.4087404898632,-319.7557801118275,-149.42607283972265,-243.46886337690293,-1312.1650774957907,978.5622751071631,0.0,0.0,0.0,0.0,0.0,520.5372699949219,227.2599621642851,0.0,0.0,0.0,0.0,0.0,0.0,0.0,0.0,1244.8706471796888,-155.19773932076976,-426.6458767902738,-279.73919424084727,-1488.8962790747003,1344.8748933025713,0.0,0.0,0.0,0.0,0.0,543.5021048012842,267.0262848940603,0.0,0.0,0.0,0.0,0.0,0.0,0.0,0.0,2939.5924850228444,22.514462045668992,-123.41801453294804,14.398783767528863,-2381.332972535676,2516.87923466588,0.0,0.0,0.0,0.0,0.0,687.7176989400392,474.1349639053005,0.0,0.0,0.0,0.0,0.0,0.0,0.0,0.0,1539.9497949496097,-245.4084216796254,-699.9770923942393,-199.75100884655697,-1936.7949637983531,1780.4007792737432,0.0,0.0,0.0,0.0,0.0,686.271163267871,394.9228915264743,0.0,0.0,0.0,0.0,0.0,0.0,0.0,0.0,4693.09823878054,1145.6283449946359,-1995.1334276037348,2016.3054542651842,-2509.372292911602,8505.376579323743,0.0,0.0,-66476.09926923772,-1884.9555921538756,1884.9555921538756,955.7472305636069,2098.143846827758,0.0,0.0,0.0,0.0,0.0,0.0,0.0,0.0,3690.364060200211,446.57504770789575,-306.6640348730499,1053.9171989848944,-2154.272314863993,4623.537552561342,0.0,0.0,0.0,0.0,0.0,851.1533285946665,1144.1198909737043,0.0,0.0,0.0,0.0,0.0,0.0,0.0,0.0,1260.550573380402,-105.85771195915352,-464.84507044553163,-149.96510426090038,-1603.860538252792,1170.07526532603,0.0,0.0,0.0,0.0,0.0,558.1648808380912,249.87716436834535,0.0,0.0,0.0,0.0,0.0,0.0,0.0,0.0,928.4706111581283,-113.61344553146881,-1030.1277136966544,-143.91034733489553,-1831.7239563634937,1527.6994155333407,0.0,0.0,0.0,0.0,0.0,635.8357800282344,201.6563049678115,0.0,0.0,2383.229850406548,-7471.798423212,-595.8074892363059,-3735.899100267538,-11680.81152570451,2609.3481083910547,0.0,0.0,0.0,0.0,0.0,286.685570575124,116.52990526718139,0.0,0.0
0.0,0.0,0.0,0.0,0.0,0.0,4.3118265100567825,-3.535811766407439,-2.1559132550283913,-7.36627422063939,-12.268864162719861,5.946331764852866,0.0,0.0,0.0,0.0,0.0,2.2225880710663124,1.0753907251780526,0.0,0.0,0.0,0.0,0.0,0.0,0.0,0.0,4.980869752041097,-1.332315750465948,-0.6226086368321777,-1.0144535974037623,-5.467354489565794,4.0773428129465135,0.0,0.0,0.0,0.0,0.0,2.168905291645508,0.9469165090178546,0.0,0.0,0.0,0.0,0.0,0.0,0.0,0.0,5.18696102991537,-0.646657247169874,-1.7776911532928075,-1.1655799760035304,-6.203734496144585,5.603645388760714,0.0,0.0,0.0,0.0,0.0,2.264592103338684,1.112609520391918,0.0,0.0,0.0,0.0,0.0,0.0,0.0,0.0,12.248302020928518,0.0938102585236208,-0.5142417272206168,0.05999493236470358,-9.92222071889865,10.486996811107835,0.0,0.0,0.0,0.0,0.0,2.8654904122501637,1.9755623496054187,0.0,0.0,0.0,0.0,0.0,0.0,0.0,0.0,6.416457478956707,-1.0225350903317727,-2.916571218309331,-0.8322958701939874,-8.069979015826473,7.418336580307263,0.0,0.0,0.0,0.0,0.0,2.859463180282796,1.6455120480269765,0.0,0.0,0.0,0.0,0.0,0.0,0.0,0.0,19.554575994918917,4.773451437477649,-8.313055948348895,8.401272726104933,-10.455717887131676,35.4390690805156,0.0,0.0,-276.9837469551572,0.0,0.0,3.9822801273483623,8.742266028448991,0.0,0.0,0.0,0.0,0.0,0.0,0.0,0.0,15.37651691750088,1.8607293654495656,-1.2777668119710412,4.39132166243706,-8.976134645266638,19.264739802338926,0.0,0.0,0.0,0.0,0.0,3.5464722024777773,4.767166212390435,0.0,0.0,0.0,0.0,0.0,0.0,0.0,0.0,5.252294055751675,-0.4410737998298063,-1.9368544601897153,-0.6248546010870849,-6.682752242719967,4.8753136055251245,0.0,0.0,0.0,0.0,0.0,2.325687003492047,1.0411548515347724,0.0,0.0,0.0,0.0,0.0,0.0,0.0,0.0,3.8686275464922013,-0.4733893563811201,-4.2921988070693935,-0.5996264472287315,-7.632183151514558,6.36541423138892,0.0,0.0,0.0,0.0,0.0,2.649315750117643,0.8402346040325479,0.0,0.0,9.93012437669395,-31.13249343005,-2.4825312051512745,-15.566246251114743,-48.67004802376879,10.872283784962727,0.0,0.0,0.0,0.0,0.0,1.1945232107296833,0.48554127194658914,0.0,0.0
0.0,0.0,0.0,0.0,0.0,0.0,-238.21967993413293,157.71471066572528,119.10983996706645,328.5723008306374,557.5277591919778,-339.56791772642504,0.0,0.0,0.0,0.0,0.0,-100.27413740574202,-61.32751522925549,0.0,0.0,0.0,0.0,0.0,0.0,0.0,0.0,-245.71428476600576,48.262000936409315,30.71428154202698,36.747715735344,247.87152619494935,-218.30774747720758,0.0,0.0,0.0,0.0,0.0,-98.33089583609079,-54.99025062345745,0.0,0.0,0.0,0.0,0.0,0.0,0.0,0.0,-252.03903466932144,19.02921775043225,86.37958905648887,34.299584928471646,278.0210146468896,-292.40968061675505,0.0,0.0,0.0,0.0,0.0,-102.09028219420328,-63.286951757250655,0.0,0.0,0.0,0.0,0.0,0.0,0.0,0.0,-579.5818653444358,-40.79919390389624,24.33359162692131,-26.09250755003877,432.84225461805937,-536.6792830739548,0.0,0.0,0.0,0.0,0.0,-126.52796845050294,-106.97628442374369,0.0,0.0,0.0,0.0,0.0,0.0,0.0,0.0,-309.9393952520906,24.41388444189858,140.88152576044624,19.871763217233482,357.7569461212629,-386.432116212605,0.0,0.0,0.0,0.0,0.0,-127.78386282642505,-91.31178857385868,0.0,0.0,0.0,0.0,0.0,0.0,0.0,0.0,-883.2353478515223,-273.30136657607784,375.4816705898894,-481.01030189511806,352.3971858857805,-1697.7921995781153,3.5359179075674578e6,348572.444336164,38441.43590059558,0.0,0.0,-4043.408867076061,-809.7601300729034,369.8468502781669,36309.62961835042,0.0,0.0,0.0,0.0,0.0,0.0,-701.5136468112291,-111.30228326910975,58.294792042270196,-262.67341004760175,347.4718811382276,-939.3065752325812,0.0,0.0,0.0,0.0,0.0,-145.75225645399445,-242.41072381979998,0.0,0.0,0.0,0.0,0.0,0.0,0.0,0.0,-252.4678520826291,7.00281509642186,93.10093459547853,9.920655534855458,301.01283167343615,-258.6020478984694,0.0,0.0,0.0,0.0,0.0,-105.3184083634506,-60.18707288384083,0.0,0.0,0.0,0.0,0.0,0.0,0.0,0.0,-185.65434431992324,5.612294822688078,205.98140959311687,7.108905935391,344.6510505701951,-331.5574432529675,0.0,0.0,0.0,0.0,0.0,-121.58889037882106,-52.17979375573183,0.0,0.0,-644.9242769525939,1436.2747091205508,161.23107644573886,718.1373331581165,2257.180273571569,-741.231149859554,0.0,0.0,0.0,0.0,0.0,-54.32368073519452,-28.581630138245124,0.0,0.0
0.0,0.0,0.0,0.0,0.0,0.0,-324.19134099757497,-115.89065821463254,162.0956704987874,-241.43886168656607,-297.8909764468121,-559.1259495042752,0.0,0.0,0.0,0.0,0.0,61.327515229255376,-100.27413740574193,0.0,0.0,0.0,0.0,0.0,0.0,0.0,0.0,-75.56419370523517,-156.93495106591075,9.445522966518018,-119.49361524212166,-138.6188667557938,-235.98767471724318,0.0,0.0,0.0,0.0,0.0,54.99025062345735,-98.33089583609062,0.0,0.0,0.0,0.0,0.0,0.0,0.0,0.0,-39.71690387273628,-120.75728983556472,13.611898806167838,-217.6613338902453,-190.1100184574972,-247.04105936248504,0.0,0.0,0.0,0.0,0.0,63.28695175725049,-102.09028219420324,0.0,0.0,0.0,0.0,0.0,0.0,0.0,0.0,64.19643123420347,-368.34559885582104,-2.695270219730727,-235.56985811553542,-423.99458724460015,-355.2710474744313,0.0,0.0,0.0,0.0,0.0,106.97628442374345,-126.5279684505029,0.0,0.0,0.0,0.0,0.0,0.0,0.0,0.0,-30.446383949952153,-248.5294999930019,13.839263709180553,-202.29142101953423,-286.8617742037361,-320.2277498747479,0.0,0.0,0.0,0.0,0.0,91.31178857385838,-127.78386282642501,0.0,0.0,0.0,0.0,0.0,0.0,0.0,0.0,529.2966720316323,-456.056953181999,-225.01499643956254,-802.6600652594118,-1498.9079759515787,-25.63533171970907,-348572.444336164,3.5359179075674578e6,1787.9069042743874,0.0,0.0,809.7601300729029,-4043.408867076061,3751.7254223767486,368324.7820382768,0.0,0.0,0.0,0.0,0.0,0.0,345.28315167600715,-226.13345092434426,-28.692541640702828,-533.6749879291543,-830.9043327224132,-180.132353445729,0.0,0.0,0.0,0.0,0.0,242.4107238197994,-145.7522564539945,0.0,0.0,0.0,0.0,0.0,0.0,0.0,0.0,-12.364057301396237,-142.99397380872728,4.559413329881311,-202.57481286937994,-189.3238538657686,-257.51861545347487,0.0,0.0,0.0,0.0,0.0,60.1870728838407,-105.31840836345053,0.0,0.0,0.0,0.0,0.0,0.0,0.0,0.0,-6.030466223029698,-172.78049107666146,6.690734535049771,-218.85526283637813,-207.36804569999242,-274.5084750071589,0.0,0.0,0.0,0.0,0.0,52.17979375573167,-121.58889037882093,0.0,0.0,-1723.5296184133765,-537.4369076045089,430.8824238652885,-268.7184457938212,-720.2496126373698,-2243.2845931810402,0.0,0.0,0.0,0.0,0.0,28.581630138245046,-54.32368073519447,0.0,0.0
0.0,0.0,0.0,0.0,0.0,0.0,0.0,0.0,0.0,0.0,0.0,0.0,0.0,0.0,0.0,0.0,0.0,0.0,0.0,0.0,0.0,0.0,0.0,0.0,0.0,0.0,0.0,0.0,0.0,0.0,0.0,0.0,0.0,0.0,0.0,0.0,0.0,0.0,0.0,0.0,0.0,0.0,0.0,0.0,0.0,0.0,0.0,0.0,0.0,0.0,0.0,0.0,0.0,0.0,0.0,0.0,0.0,0.0,0.0,0.0,0.0,0.0,0.0,0.0,0.0,0.0,0.0,0.0,0.0,0.0,0.0,0.0,0.0,0.0,0.0,0.0,0.0,0.0,0.0,0.0,0.0,0.0,0.0,0.0,0.0,0.0,0.0,0.0,0.0,0.0,0.0,0.0,0.0,0.0,0.0,0.0,0.0,0.0,0.0,0.0,0.0,0.0,0.0,0.0,0.0,0.0,0.0,0.0,0.0,0.0,0.0,0.0,0.0,0.0,0.0,0.0,0.0,0.0,0.0,0.0,0.0,0.0,0.0,0.0,0.0,771.0628438351062,0.0,0.0,0.0,0.0,0.0,0.0,0.0,0.0,0.0,0.0,0.0,0.0,0.0,0.0,0.0,0.0,0.0,0.0,0.0,0.0,0.0,0.0,0.0,0.0,0.0,0.0,0.0,0.0,0.0,0.0,0.0,0.0,0.0,0.0,0.0,0.0,0.0,0.0,0.0,0.0,0.0,0.0,0.0,0.0,0.0,0.0,0.0,0.0,0.0,0.0,0.0,0.0,0.0,0.0,0.0,0.0,0.0,0.0,0.0,0.0,0.0,0.0,0.0,0.0,0.0,0.0,0.0,0.0,0.0,0.0,0.0,0.0,0.0,0.0,0.0,0.0,0.0,0.0
0.0,0.0,0.0,0.0,0.0,0.0,0.0,0.0,0.0,0.0,0.0,0.0,0.0,0.0,0.0,0.0,0.0,0.0,0.0,0.0,0.0,0.0,0.0,0.0,0.0,0.0,0.0,0.0,0.0,0.0,0.0,0.0,0.0,0.0,0.0,0.0,0.0,0.0,0.0,0.0,0.0,0.0,0.0,0.0,0.0,0.0,0.0,0.0,0.0,0.0,0.0,0.0,0.0,0.0,0.0,0.0,0.0,0.0,0.0,0.0,0.0,0.0,0.0,0.0,0.0,0.0,0.0,0.0,0.0,0.0,0.0,0.0,0.0,0.0,0.0,0.0,0.0,0.0,0.0,0.0,0.0,0.0,0.0,0.0,0.0,0.0,0.0,0.0,0.0,0.0,0.0,0.0,0.0,0.0,0.0,0.0,0.0,0.0,0.0,0.0,0.0,0.0,0.0,0.0,0.0,0.0,0.0,0.0,0.0,0.0,0.0,0.0,0.0,0.0,0.0,0.0,0.0,183.15610474155682,-560.4747639065049,1.0874395867073094,0.0,0.0,-0.22458323628905144,0.24285423404432266,-0.5946821943598883,-58.38278790692758,0.0,0.0,0.0,0.0,0.0,0.0,0.0,0.0,0.0,0.0,0.0,0.0,0.0,0.0,0.0,0.0,0.0,0.0,0.0,0.0,0.0,0.0,0.0,0.0,0.0,0.0,0.0,0.0,0.0,0.0,0.0,0.0,0.0,0.0,0.0,0.0,0.0,0.0,0.0,0.0,0.0,0.0,0.0,0.0,0.0,0.0,0.0,0.0,0.0,0.0,0.0,0.0,0.0,0.0,0.0,0.0,0.0,0.0,0.0,0.0,0.0,0.0,0.0,0.0,0.0,0.0,0.0,0.0,0.0,0.0,0.0,0.0,0.0,0.0,0.0,0.0,0.0,0.0
0.0,0.0,0.0,0.0,0.0,0.0,0.0,0.0,0.0,0.0,0.0,0.0,0.0,0.0,0.0,0.0,0.0,0.0,0.0,0.0,0.0,0.0,0.0,0.0,0.0,0.0,0.0,0.0,0.0,0.0,0.0,0.0,0.0,0.0,0.0,0.0,0.0,0.0,0.0,0.0,0.0,0.0,0.0,0.0,0.0,0.0,0.0,0.0,0.0,0.0,0.0,0.0,0.0,0.0,0.0,0.0,0.0,0.0,0.0,0.0,0.0,0.0,0.0,0.0,0.0,0.0,0.0,0.0,0.0,0.0,0.0,0.0,0.0,0.0,0.0,0.0,0.0,0.0,0.0,0.0,0.0,0.0,0.0,0.0,0.0,0.0,0.0,0.0,0.0,0.0,0.0,0.0,0.0,0.0,0.0,0.0,0.0,0.0,0.0,0.0,0.0,0.0,0.0,0.0,0.0,0.0,0.0,0.0,0.0,0.0,0.0,0.0,0.0,0.0,0.0,0.0,0.0,0.0,0.0,0.0,0.0,0.0,0.0,0.0,0.0,0.0,-2.0,0.0,0.0,0.0,0.0,0.0,0.0,0.0,0.0,0.0,-40.0,0.0,0.0,0.0,0.0,0.0,0.0,0.0,0.0,0.0,0.0,0.0,0.0,0.0,0.0,0.0,0.0,0.0,0.0,0.0,0.0,0.0,0.0,0.0,0.0,0.0,0.0,0.0,0.0,0.0,0.0,0.0,0.0,0.0,0.0,0.0,0.0,0.0,0.0,0.0,0.0,0.0,0.0,0.0,0.0,0.0,0.0,0.0,0.0,0.0,0.0,0.0,0.0,0.0,0.0,0.0,0.0,0.0,0.0,0.0,0.0,0.0,0.0,0.0,0.0,0.0,0.0,0.0
0.0,0.0,0.0,0.0,0.0,0.0,0.0,0.0,0.0,0.0,0.0,0.0,0.0,0.0,0.0,0.0,0.0,0.0,0.0,0.0,0.0,0.0,0.0,0.0,0.0,0.0,0.0,0.0,0.0,0.0,0.0,0.0,0.0,0.0,0.0,0.0,0.0,0.0,0.0,0.0,0.0,0.0,0.0,0.0,0.0,0.0,0.0,0.0,0.0,0.0,0.0,0.0,0.0,0.0,0.0,0.0,0.0,0.0,0.0,0.0,0.0,0.0,0.0,0.0,0.0,0.0,0.0,0.0,0.0,0.0,0.0,0.0,0.0,0.0,0.0,0.0,0.0,0.0,0.0,0.0,0.0,0.0,0.0,0.0,0.0,0.0,0.0,0.0,0.0,0.0,0.0,0.0,0.0,0.0,0.0,0.0,0.0,0.0,0.0,0.0,0.0,0.0,0.0,0.0,0.0,0.0,0.0,0.0,0.0,0.0,0.0,0.0,0.0,0.0,0.0,0.0,0.0,0.0,0.0,0.0,0.0,0.0,0.0,0.0,0.0,0.0,-0.4444444444444445,-0.1388888888888889,0.0,0.0,0.0,0.0,0.0,0.0,0.0,0.0,-11.666666666666666,0.0,0.0,0.0,0.0,0.0,0.0,0.0,0.0,0.0,0.0,0.0,0.0,0.0,0.0,0.0,0.0,0.0,0.0,0.0,0.0,0.0,0.0,0.0,0.0,0.0,0.0,0.0,0.0,0.0,0.0,0.0,0.0,0.0,0.0,0.0,0.0,0.0,0.0,0.0,0.0,0.0,0.0,0.0,0.0,0.0,0.0,0.0,0.0,0.0,0.0,0.0,0.0,0.0,0.0,0.0,0.0,0.0,0.0,0.0,0.0,0.0,0.0,0.0,0.0,0.0,0.0,0.0
0.0,0.0,0.0,0.0,0.0,0.0,0.0,0.0,0.0,0.0,0.0,0.0,0.0,0.0,0.0,0.0,0.0,0.0,0.0,0.0,0.0,0.0,0.0,0.0,0.0,0.0,0.0,0.0,0.0,0.0,0.0,0.0,0.0,0.0,0.0,0.0,0.0,0.0,0.0,0.0,0.0,0.0,0.0,0.0,0.0,0.0,0.0,0.0,0.0,0.0,0.0,0.0,0.0,0.0,0.0,0.0,0.0,0.0,0.0,0.0,0.0,0.0,0.0,0.0,0.0,0.0,0.0,0.0,0.0,0.0,0.0,0.0,0.0,0.0,0.0,0.0,0.0,0.0,0.0,0.0,0.0,0.0,0.0,0.0,0.0,0.0,0.0,0.0,0.0,0.0,0.0,0.0,0.0,0.0,0.0,0.0,0.0,0.0,0.0,0.0,0.0,0.0,0.0,0.0,0.0,0.0,0.0,0.0,0.0,0.0,0.0,0.0,0.0,0.0,0.0,0.0,0.0,0.0,0.0,0.0,0.0,0.0,0.0,0.0,0.0,0.0,0.0,0.0,-1.0,-0.0748277371631503,0.0410958904109589,0.0,0.0,0.0,0.0,0.0,0.0,0.0,0.0,0.0,0.0,0.0,0.0,0.0,0.0,0.0,0.0,0.0,0.0,0.0,0.0,0.0,0.0,0.0,0.0,0.0,0.0,0.0,0.0,0.0,0.0,0.0,0.0,0.0,0.0,0.0,0.0,0.0,0.0,0.0,0.0,0.0,0.0,0.0,0.0,0.0,0.0,0.0,0.0,0.0,0.0,0.0,0.0,0.0,0.0,0.0,0.0,0.0,0.0,0.0,0.0,0.0,0.0,0.0,0.0,0.0,0.0,0.0,0.0,0.0,0.0,0.0,0.0,0.0
0.0,0.0,0.0,0.0,0.0,0.0,0.0,0.0,0.0,0.0,0.0,0.0,0.0,0.0,0.0,0.0,0.0,0.0,0.0,0.0,0.0,0.0,0.0,0.0,0.0,0.0,0.0,0.0,0.0,0.0,0.0,0.0,0.0,0.0,0.0,0.0,0.0,0.0,0.0,0.0,0.0,0.0,0.0,0.0,0.0,0.0,0.0,0.0,0.0,0.0,0.0,0.0,0.0,0.0,0.0,0.0,0.0,0.0,0.0,0.0,0.0,0.0,0.0,0.0,0.0,0.0,0.0,0.0,0.0,0.0,0.0,0.0,0.0,0.0,0.0,0.0,0.0,0.0,0.0,0.0,0.0,0.0,0.0,0.0,0.0,0.0,0.0,0.0,0.0,0.0,0.0,0.0,0.0,0.0,0.0,0.0,0.0,0.0,0.0,0.0,0.0,0.0,0.0,0.0,0.0,0.0,0.0,0.0,0.0,0.0,0.0,0.0,0.0,0.0,0.0,0.0,0.0,0.0,0.0,0.0,0.0,0.0,0.0,0.0,0.0,0.0,0.0,0.0,0.0,-2.4942579054383436,1.36986301369863,0.0,0.0,0.0,0.0,0.0,0.0,0.0,0.0,0.0,0.0,0.0,0.0,0.0,0.0,0.0,0.0,0.0,0.0,0.0,0.0,0.0,0.0,0.0,0.0,0.0,0.0,0.0,0.0,0.0,0.0,0.0,0.0,0.0,0.0,0.0,0.0,0.0,0.0,0.0,0.0,0.0,0.0,0.0,0.0,0.0,0.0,0.0,0.0,0.0,0.0,0.0,0.0,0.0,0.0,0.0,0.0,0.0,0.0,0.0,0.0,0.0,0.0,0.0,0.0,0.0,0.0,0.0,0.0,0.0,0.0,0.0,0.0,0.0
0.0,0.0,0.0,0.0,0.0,0.0,0.0,0.0,0.0,0.0,0.0,0.0,0.0,0.0,0.0,0.0,0.0,0.0,0.0,0.0,0.0,0.0,0.0,0.0,0.0,0.0,0.0,0.0,0.0,0.0,0.0,0.0,0.0,0.0,0.0,0.0,0.0,0.0,0.0,0.0,0.0,0.0,0.0,0.0,0.0,0.0,0.0,0.0,0.0,0.0,0.0,0.0,0.0,0.0,0.0,0.0,0.0,0.0,0.0,0.0,0.0,0.0,0.0,0.0,0.0,0.0,0.0,0.0,0.0,0.0,0.0,0.0,0.0,0.0,0.0,0.0,0.0,0.0,0.0,0.0,0.0,0.0,0.0,0.0,0.0,0.0,0.0,0.0,0.0,0.0,0.0,0.0,0.0,0.0,0.0,0.0,0.0,0.0,0.0,0.0,0.0,0.0,0.0,0.0,0.0,0.0,0.0,0.0,0.0,0.0,0.0,0.0,0.0,0.0,0.0,0.0,0.0,0.0,0.0,0.0,0.0,0.0,0.0,0.0,0.0,0.0,0.0,0.0,-2000.0,0.0,-50.0,-2000.0,0.0,0.0,0.0,0.0,0.0,0.0,0.0,0.0,0.0,0.0,0.0,0.0,0.0,0.0,0.0,0.0,0.0,0.0,0.0,0.0,0.0,0.0,0.0,0.0,0.0,0.0,0.0,0.0,0.0,0.0,0.0,0.0,0.0,0.0,0.0,0.0,0.0,0.0,0.0,0.0,0.0,0.0,0.0,0.0,0.0,0.0,0.0,0.0,0.0,0.0,0.0,0.0,0.0,0.0,0.0,0.0,0.0,0.0,0.0,0.0,0.0,0.0,0.0,0.0,0.0,0.0,0.0,0.0,0.0,0.0,0.0,0.0
0.0,0.0,0.0,0.0,0.0,0.0,2.8097428487871348,0.7132860733155302,-1.404871424393567,1.4860125936918525,1.651107608156583,4.760455738469252,0.0,0.0,0.0,0.0,0.0,-0.3573049525102283,0.854258669395809,0.0,0.0,0.0,0.0,0.0,0.0,0.0,0.0,0.8828875631806932,1.1640618688287756,-0.11036093083196105,0.8863415072747651,0.7821800409867248,2.099110837733878,0.0,0.0,0.0,0.0,0.0,-0.3102916471125044,0.8315319305746024,0.0,0.0,0.0,0.0,0.0,0.0,0.0,0.0,0.6113579590583869,0.9174196764427228,-0.20952647013254558,1.6536210011303993,1.146955949053368,2.27399927614694,0.0,0.0,0.0,0.0,0.0,-0.3703843446573789,0.8707481423417821,0.0,0.0,0.0,0.0,0.0,0.0,0.0,0.0,0.194900613564916,2.916886142059452,-0.008182850813502606,1.8654504268777083,2.782424309889513,3.4094946685380223,0.0,0.0,0.0,0.0,0.0,-0.6812611120760416,1.1133928633893693,0.0,0.0,0.0,0.0,0.0,0.0,0.0,0.0,0.6085814563543372,1.9058139547450015,-0.27662790027378786,1.5512436677138142,1.8046970584017215,2.956543230555388,0.0,0.0,0.0,0.0,0.0,-0.5577901468830422,1.104394462432034,0.0,0.0,0.0,0.0,0.0,0.0,0.0,0.0,-0.9222738244957741,2.581140729760826,0.39207773693089865,4.542806708983042,6.323230761633082,3.050985210282293,0.0,0.0,0.0,0.0,0.0,-1.7460565410188846,1.4311570029279947,0.0,0.0,0.0,0.0,0.0,0.0,0.0,-100.0,-7.1884491894466915,3.473929853288288,0.59734996248474,8.198475125825672,14.400032488931934,0.9281438862107662,0.0,0.0,0.0,0.0,0.0,-4.297061396638149,1.870095932590208,0.0,0.0,0.0,0.0,0.0,0.0,0.0,0.0,0.3988996300921477,1.1049729829703692,-0.14709963294342496,1.5653785211281506,1.1132746310501243,2.315053705590384,0.0,0.0,0.0,0.0,0.0,-0.3423788026868587,0.8921668909194237,0.0,0.0,0.0,0.0,0.0,0.0,0.0,0.0,0.2694966283009353,1.3385609756507921,-0.29900348188114956,1.6955103688100561,1.2014598760845756,2.5347898595940106,0.0,0.0,0.0,0.0,0.0,-0.2605298956583195,1.009252422811728,0.0,0.0,14.19266290967742,2.462890612273339,-3.548165886034722,1.2314452694367428,2.9022764345736105,18.354976255631044,0.0,0.0,0.0,0.0,0.0,-0.15742233030376263,0.4572309347915957,0.0,0.0
0.0,0.0,0.0,0.0,0.0,0.0,-1.1519911240699148,-1.4342063963193874,0.575995562034957,-2.9879298736023907,-4.326961592270386,-2.286894301612711,0.0,0.0,0.0,0.0,0.0,0.8297397184857245,-0.4083272543034951,0.0,0.0,0.0,0.0,0.0,0.0,0.0,0.0,0.532107388271289,-1.246262872374047,-0.0665134147553562,-0.948931102667251,-1.9647983255208386,-0.649549456357857,0.0,0.0,0.0,0.0,0.0,0.7794375677251149,-0.42208848700282187,0.0,0.0,0.0,0.0,0.0,0.0,0.0,0.0,0.7969981333210279,-0.8827425174156305,-0.2731496386080983,-1.5911164790461505,-2.4339617700691543,-0.41107821084789686,0.0,0.0,0.0,0.0,0.0,0.8504087474888251,-0.4121501671964892,0.0,0.0,0.0,0.0,0.0,0.0,0.0,0.0,2.866503904445928,-2.276532997643999,-0.12034940977028336,-1.4559222559361829,-4.640257519774252,-0.10217198455797057,0.0,0.0,0.0,0.0,0.0,1.2436714473397665,-0.3906652948406598,0.0,0.0,0.0,0.0,0.0,0.0,0.0,0.0,1.1023540124070341,-1.7546729349003773,-0.5010699432698374,-1.4282219271173393,-3.412697966851387,-0.5017307824195795,0.0,0.0,0.0,0.0,0.0,1.1448411140403962,-0.4649541563668204,0.0,0.0,0.0,0.0,0.0,0.0,0.0,0.0,3.9759202743339714,-1.6298910695136366,-1.6902461958418982,-2.868607666418944,-7.52838888010048,2.8295542937179485,0.0,0.0,0.0,0.0,0.0,2.2536412622543667,0.06924702230919247,0.0,0.0,0.0,0.0,0.0,0.0,0.0,0.0,-108.29407979585937,-1.0931510782381275,-21.94658885842164,-2.579836756122623,66.63256833766059,-60.13383182303546,0.0,0.0,0.0,0.0,0.0,4.461667342207773,1.4136883611071462,0.0,0.0,0.0,0.0,0.0,0.0,0.0,0.0,0.9806093551412695,-0.9799166240585532,-0.3616129605556353,-1.3882153314501464,-2.5255228004011103,-0.6230360674054304,0.0,0.0,0.0,0.0,0.0,0.8433939237401689,-0.4466558024304302,0.0,0.0,0.0,0.0,0.0,0.0,0.0,0.0,0.7414484532581752,-1.1720450266251605,-0.822628730300957,-1.4845901916340114,-2.8291566561456833,-0.4288492383164794,0.0,0.0,0.0,0.0,0.0,0.8586642433306515,-0.5885082272167921,0.0,0.0,-8.74090301404435,-9.618326724970357,2.1852258511982905,-4.809163219160955,-14.28911403532809,-11.79014288032195,0.0,0.0,0.0,0.0,0.0,0.41865456539200585,-0.24075569746047207,0.0,0.0
0.0,0.0,0.0,0.0,0.0,0.0,0.2254196681840843,-0.04285197762097977,-0.11270983409204212,-0.08927494982957339,-0.1874653161236083,0.3525478917511272,0.0,0.0,0.0,0.0,0.0,0.031221898837111274,0.06344433117961648,0.0,0.0,0.0,0.0,0.0,0.0,0.0,0.0,0.14920086115419787,0.02598600418310984,-0.018650105182801757,0.019786297217071574,-0.08135628241557438,0.18690903530429281,0.0,0.0,0.0,0.0,0.0,0.03227412302906538,0.05959808127642103,0.0,0.0,0.0,0.0,0.0,0.0,0.0,0.0,0.1408767872327646,0.0291980466448347,-0.04828172352243117,0.05262858903473503,-0.0801051332874566,0.2281274051105091,0.0,0.0,0.0,0.0,0.0,0.03151420996342035,0.06502474572651443,0.0,0.0,0.0,0.0,0.0,0.0,0.0,0.0,0.27389505830719896,0.13929777460968232,-0.011499411724206337,0.08908578547576726,-0.08350685882644672,0.3871084616296242,0.0,0.0,0.0,0.0,0.0,0.029871413642204518,0.0950947645698543,0.0,0.0,0.0,0.0,0.0,0.0,0.0,0.0,0.16731926816995044,0.0675885603200148,-0.07605420333782134,0.0550139356180465,-0.08948667877926432,0.2994692720513592,0.0,0.0,0.0,0.0,0.0,0.03555175776532788,0.08753790757392757,0.0,0.0,0.0,0.0,0.0,0.0,0.0,0.0,0.24136088192763577,0.1569752744439777,-0.10260751834908746,0.2762764237014827,0.07466089356684913,0.6024334890979023,0.0,0.0,0.0,0.0,0.0,-0.005294830316914828,0.1723200172500541,0.0,0.0,0.0,0.0,0.0,0.0,0.0,0.0,0.25929995707671766,-21.964994314031546,-0.02154745975800578,15.36261203738032,-4.840901510071244,-5.163024878839831,0.0,0.0,0.0,0.0,0.0,-0.10809475618515181,0.34115216394474596,0.0,0.0,0.0,0.0,0.0,0.0,0.0,0.0,0.13229042725299014,0.04246768879244101,-0.04878388402202425,0.06016256406463154,-0.09204321978610583,0.21431799163101584,0.0,0.0,0.0,0.0,0.0,0.034152611983442334,0.06448837173939394,0.0,0.0,0.0,0.0,0.0,0.0,0.0,0.0,0.09629542457383612,0.05276202983720416,-0.10683869189134751,0.06683189656336092,-0.10841325363159487,0.25686448549971386,0.0,0.0,0.0,0.0,0.0,0.0449990642096924,0.06565598513879256,0.0,0.0,0.8825345312795243,-0.5569625668388692,-0.220633642682973,-0.2784812751200464,-0.9153245389532252,1.0987781847908802,0.0,0.0,0.0,0.0,0.0,0.01840888638058438,0.03201155531648303,0.0,0.0
0.0,0.0,0.0,0.0,0.0,0.0,0.0014213498785663843,0.0017695527722867924,-0.0007106749392831916,0.003686568129106428,0.005338692464927081,0.002821616304132315,0.0,0.0,0.0,0.0,0.0,-0.0010237495962163482,0.0005038024002035581,0.0,0.0,0.0,0.0,0.0,0.0,0.0,0.0,-0.0006565248254966365,0.0015376642625964728,8.20655923559215e-5,0.001170810329491833,0.0024242077938241096,0.0008014272172995223,0.0,0.0,0.0,0.0,0.0,-0.0009616857882742991,0.0005207812866007114,0.0,0.0,0.0,0.0,0.0,0.0,0.0,0.0,-0.0009833523682121095,0.0010891455183277478,0.00033701753212684546,0.0019631515964180016,0.0030030711123023033,0.0005071965858605721,0.0,0.0,0.0,0.0,0.0,-0.0010492514609875382,0.0005085191872192691,0.0,0.0,0.0,0.0,0.0,0.0,0.0,0.0,-0.0035367503198288734,0.002808832318361933,0.00014848952859826636,0.0017963462377783047,0.005725243297836048,0.00012606185482687913,0.0,0.0,0.0,0.0,0.0,-0.0015344669101335694,0.00048201071846815086,0.0,0.0,0.0,0.0,0.0,0.0,0.0,0.0,-0.0013601066092735075,0.002164950849736767,0.0006182301999894809,0.0017621690135095854,0.004210655567927437,0.0006190455566581293,0.0,0.0,0.0,0.0,0.0,-0.0014125280520133304,0.0005736698138403435,0.0,0.0,0.0,0.0,0.0,0.0,0.0,0.0,-0.004905570608173587,0.0020109924680192636,0.002085459839933085,0.003539345983773149,0.009288678008843698,-0.0034911611450305973,0.0,0.0,0.0,0.0,0.0,-0.0027805880336305763,-8.543837247853909e-5,0.0,0.0,0.0,0.0,0.0,0.0,0.0,0.0,-0.32585565190932925,0.001348751843520433,-1.099059594075864,0.0031830546116373027,-0.08221260644847851,0.07419433429090863,0.0,0.0,0.0,0.0,0.0,-0.005504895135516473,-0.0017442372066995295,0.0,0.0,0.0,0.0,0.0,0.0,0.0,0.0,-0.0012098955961804072,0.0012090408906017557,0.00044616536259231673,0.0017128080690497667,0.0031160409578371907,0.0007687144633724113,0.0,0.0,0.0,0.0,0.0,-0.0010405964299938168,0.0005510929357706871,0.0,0.0,0.0,0.0,0.0,0.0,0.0,0.0,-0.0009148140528014902,0.0014460927879223011,0.0010149759156022151,0.0018317173149259313,0.0034906705317756443,0.0005291228379008061,0.0,0.0,0.0,0.0,0.0,-0.0010594372582277375,0.0007261133179001299,0.0,0.0,0.010784702397427917,0.011867285465056025,-0.0026961757198854194,0.005933642555691695,0.01763019703414158,0.014546916031801728,0.0,0.0,0.0,0.0,0.0,-0.0005165444448728901,0.0002970492343210443,0.0,0.0
0.0,0.0,0.0,0.0,0.0,0.0,0.02048066218241061,-0.003893346505979249,-0.010240331091205304,-0.008111138231815758,-0.017032292884536844,0.03203098617011316,0.0,0.0,0.0,0.0,0.0,0.0028366875345326352,0.005764279243005506,0.0,0.0,0.0,0.0,0.0,0.0,0.0,0.0,0.013555748969200313,0.002360976650495124,-0.0016944683975111839,0.0017976979223156611,-0.007391682145541442,0.01698175160022597,0.0,0.0,0.0,0.0,0.0,0.002932288102083704,0.005414825508240239,0.0,0.0,0.0,0.0,0.0,0.0,0.0,0.0,0.012799459390124772,0.0026528090229943316,-0.00438666988117445,0.0047816073985039705,-0.007278008113283207,0.020726675521511344,0.0,0.0,0.0,0.0,0.0,0.0028632456670963265,0.005907868916009335,0.0,0.0,0.0,0.0,0.0,0.0,0.0,0.0,0.024884927778531178,0.01265599708989327,-0.0010447871240214632,0.008093951571669965,-0.007587074274912199,0.03517101100563489,0.0,0.0,0.0,0.0,0.0,0.002713988254199008,0.008639901585165076,0.0,0.0,0.0,0.0,0.0,0.0,0.0,0.0,0.015201909556527653,0.006140806090528355,-0.006909958029226934,0.004998329736684659,-0.008130375014159506,0.02720849091964616,0.0,0.0,0.0,0.0,0.0,0.0032300799067274226,0.007953318038391456,0.0,0.0,0.0,0.0,0.0,0.0,0.0,0.0,0.021929012346747916,0.014262098745761943,-0.009322478103228496,0.025101288402988222,0.00678336789197489,0.05473451752004762,0.0,0.0,0.0,0.0,0.0,-0.0004810655250604037,0.015656256124392202,0.0,0.0,0.0,0.0,0.0,0.17667844999275478,0.0,0.0,0.02355887961144991,0.5914325363411203,-0.0019577095811906704,-1.3679750625102425,-0.4398235046869377,-0.46909024946548994,0.0,0.0,0.0,0.0,0.0,-0.00982102494849845,0.03099561932122488,0.0,0.0,0.0,0.0,0.0,0.0,0.0,0.0,0.012019339627111358,0.0038584316747172784,-0.004432294025848098,0.005466111988192306,-0.00836265134185706,0.019472011566546397,0.0,0.0,0.0,0.0,0.0,0.0031029595346073564,0.005859136280910802,0.0,0.0,0.0,0.0,0.0,0.0,0.0,0.0,0.008748988392609947,0.0047937312562788305,-0.009706904345411651,0.006072058873790166,-0.009849962257558962,0.023337603131782906,0.0,0.0,0.0,0.0,0.0,0.004088421565108063,0.005965220615899756,0.0,0.0,0.08018329431967552,-0.05060322496065389,-0.02004582447603702,-0.025301611726280204,-0.08316245348326415,0.09983026324804621,0.0,0.0,0.0,0.0,0.0,0.0016725522939162421,0.0029084323282520435,0.0,0.0
0.0,0.0,0.0,0.0,0.0,0.0,0.004174429199445554,-0.007215769301646968,-0.0020872145997227775,-0.015032852114412642,-0.024002287562654847,0.0046436922134219134,0.0,0.0,0.0,0.0,0.0,0.004421325776376636,0.0008481891818543414,0.0,0.0,0.0,0.0,0.0,0.0,0.0,0.0,0.007792086214494964,-0.0038442738194029258,-0.0009740106482602689,-0.0029271119883815208,-0.010754422837032174,0.0046485810738139295,0.0,0.0,0.0,0.0,0.0,0.00426629088059817,0.0006471458877400242,0.0,0.0,0.0,0.0,0.0,0.0,0.0,0.0,0.008501709449404947,-0.002308848826898857,-0.002913731872845713,-0.004161629629963144,-0.012528984405841541,0.007156568579435865,0.0,0.0,0.0,0.0,0.0,0.004512835497047412,0.0008939804289434235,0.0,0.0,0.0,0.0,0.0,0.0,0.0,0.0,0.021645217482394275,-0.0034986926162531642,-0.0009087687424096124,-0.0022375359601438717,-0.02123035765236653,0.014456856935728239,0.0,0.0,0.0,0.0,0.0,0.0059775158589280945,0.0021312620430644926,0.0,0.0,0.0,0.0,0.0,0.0,0.0,0.0,0.01070255845835612,-0.00422297083760684,-0.004864798693716262,-0.003437301292955544,-0.016691082290450354,0.009541872468500584,0.0,0.0,0.0,0.0,0.0,0.00581154839367949,0.001552705772223753,0.0,0.0,0.0,0.0,0.0,0.0,0.0,0.0,0.024706620310983713,-0.0003083639440454352,-0.010503296875022447,-0.0005427204249912699,-0.026380878537399222,0.034108050326816276,0.0,0.0,0.0,0.0,0.0,0.00855160122391599,0.006881109224441613,0.0,0.0,0.0,0.13259081955103083,0.0,0.0,0.0,0.0,-0.21942021588459742,-0.09511774325195113,0.018233509658728844,-0.22447789247605157,-0.03297423968488193,-0.4317140124342974,0.0,0.0,0.0,0.0,0.0,0.013184625102019988,0.018582160389389795,0.0,0.0,0.0,0.0,0.0,0.0,0.0,0.0,0.008885520144115724,-0.0021771728107373017,-0.0032766557126385266,-0.003084328401904255,-0.013342750721907428,0.005803289254812278,0.0,0.0,0.0,0.0,0.0,0.00458682317175185,0.0007393543875673608,0.0,0.0,0.0,0.0,0.0,0.0,0.0,0.0,0.006575279711771762,-0.0025285333193785092,-0.00729519898099377,-0.0032028084927573893,-0.015150419555804902,0.00819020566277852,0.0,0.0,0.0,0.0,0.0,0.005062334116593228,0.0002330997460062313,0.0,0.0,-9.218115630416177e-5,-0.05873577514931305,2.3045290106244908e-5,-0.029367886699425354,-0.0906312179084659,-0.003640129193388122,0.0,0.0,0.0,0.0,0.0,0.002332725259826505,0.0002930487685234967,0.0,0.0
0.0,0.0,0.0,0.0,0.0,0.0,0.0,0.0,0.0,0.0,0.0,0.0,0.0,0.0,0.0,0.0,0.0,0.0,0.0,0.0,0.0,0.0,0.0,0.0,0.0,0.0,0.0,0.0,0.0,0.0,0.0,0.0,0.0,0.0,0.0,0.0,0.0,0.0,0.0,0.0,0.0,0.0,0.0,0.0,0.0,0.0,0.0,0.0,0.0,0.0,0.0,0.0,0.0,0.0,0.0,0.0,0.0,0.0,0.0,0.0,0.0,0.0,0.0,0.0,0.0,0.0,0.0,0.0,0.0,0.0,0.0,0.0,0.0,0.0,0.0,0.0,0.0,0.0,0.0,0.0,0.0,0.0,0.0,0.0,0.0,0.0,0.0,0.0,0.0,0.0,0.0,0.0,0.0,0.0,0.0,0.0,0.0,0.0,0.0,0.0,0.0,0.0,0.0,0.0,0.0,0.0,0.0,0.0,0.0,0.0,0.0,0.0,0.0,0.0,0.0,0.0,0.0,0.0,0.0,0.0,0.0,0.0,0.0,0.0,0.0,0.0,0.0,0.0,0.0,0.0,0.0,0.0,0.0,0.0,0.0,0.0,376.99111843077515,0.0,0.0,0.0,0.0,0.0,0.0,0.0,0.0,0.0,0.0,0.0,0.0,0.0,0.0,0.0,0.0,0.0,0.0,0.0,0.0,0.0,0.0,0.0,0.0,0.0,0.0,0.0,0.0,0.0,0.0,0.0,0.0,0.0,0.0,0.0,0.0,0.0,0.0,0.0,0.0,0.0,0.0,0.0,0.0,0.0,0.0,0.0,0.0,0.0,0.0,0.0,0.0,0.0,0.0,0.0,0.0,0.0,0.0,0.0,0.0,0.0,0.0,0.0,0.0,0.0,0.0,0.0
0.0,0.0,0.0,0.0,0.0,0.0,0.0,0.0,0.0,0.0,0.0,0.0,0.0,0.0,0.0,0.0,0.0,0.0,0.0,0.0,0.0,0.0,0.0,0.0,0.0,0.0,0.0,0.0,0.0,0.0,0.0,0.0,0.0,0.0,0.0,0.0,0.0,0.0,0.0,0.0,0.0,0.0,0.0,0.0,0.0,0.0,0.0,0.0,0.0,0.0,0.0,0.0,0.0,0.0,0.0,0.0,0.0,0.0,0.0,0.0,0.0,0.0,0.0,0.0,0.0,0.0,0.0,0.0,0.0,0.0,0.0,0.0,0.0,0.0,0.0,0.0,0.0,0.0,0.0,0.0,0.0,0.0,0.0,0.0,0.0,0.0,0.0,0.0,0.0,0.0,0.0,0.0,0.0,0.0,0.0,0.0,0.0,0.0,0.0,0.0,0.0,0.0,0.0,0.0,0.0,0.0,0.0,0.0,0.0,0.0,0.0,0.0,0.0,0.0,0.0,0.0,0.0,0.0,0.0,0.0,0.0,0.0,0.0,0.0,0.0,0.0,0.0,0.0,0.0,0.0,0.0,0.0,0.0,0.0,0.0,0.0,0.0,0.0,0.0,0.0,5.265632114656131,0.0,0.0,-0.9894679692891886,0.14475198703551326,0.0,0.0,0.0,0.0,0.0,0.0,0.0,0.0,0.0,0.0,0.0,0.0,0.0,0.0,0.0,0.0,0.0,0.0,0.0,0.0,0.0,0.0,0.0,0.0,0.0,0.0,0.0,0.0,0.0,0.0,0.0,0.0,0.0,0.0,0.0,0.0,0.0,0.0,0.0,0.0,0.0,0.0,0.0,0.0,0.0,0.0,0.0,0.0,0.0,0.0,0.0,0.0,0.0,0.0,0.0,0.0,0.0,0.0,0.0
0.0,0.0,0.0,0.0,0.0,0.0,0.0,0.0,0.0,0.0,0.0,0.0,0.0,0.0,0.0,0.0,0.0,0.0,0.0,0.0,0.0,0.0,0.0,0.0,0.0,0.0,0.0,0.0,0.0,0.0,0.0,0.0,0.0,0.0,0.0,0.0,0.0,0.0,0.0,0.0,0.0,0.0,0.0,0.0,0.0,0.0,0.0,0.0,0.0,0.0,0.0,0.0,0.0,0.0,0.0,0.0,0.0,0.0,0.0,0.0,0.0,0.0,0.0,0.0,0.0,0.0,0.0,0.0,0.0,0.0,0.0,0.0,0.0,0.0,0.0,0.0,0.0,0.0,0.0,0.0,0.0,0.0,0.0,0.0,0.0,0.0,0.0,0.0,0.0,0.0,0.0,0.0,0.0,0.0,0.0,0.0,0.0,0.0,0.0,0.0,0.0,0.0,0.0,0.0,0.0,0.0,0.0,0.0,0.0,0.0,0.0,0.0,0.0,0.0,0.0,0.0,0.0,0.0,0.0,0.0,0.0,0.0,0.0,0.0,0.0,0.0,0.0,0.0,0.0,0.0,0.0,0.0,0.0,0.0,0.0,0.0,0.0,0.0,0.0,0.0,0.9513399763985173,0.0,0.0,-0.14475198703551326,-0.9894679692891886,1.0,98.17477042468103,0.0,0.0,0.0,0.0,0.0,0.0,0.0,0.0,0.0,0.0,0.0,0.0,0.0,0.0,0.0,0.0,0.0,0.0,0.0,0.0,0.0,0.0,0.0,0.0,0.0,0.0,0.0,0.0,0.0,0.0,0.0,0.0,0.0,0.0,0.0,0.0,0.0,0.0,0.0,0.0,0.0,0.0,0.0,0.0,0.0,0.0,0.0,0.0,0.0,0.0,0.0,0.0,0.0,0.0,0.0,0.0,0.0
0.0,0.0,0.0,0.0,0.0,0.0,0.0,0.0,0.0,0.0,0.0,0.0,0.0,0.0,0.0,0.0,0.0,0.0,0.0,0.0,0.0,0.0,0.0,0.0,0.0,0.0,0.0,0.0,0.0,0.0,0.0,0.0,0.0,0.0,0.0,0.0,0.0,0.0,0.0,0.0,0.0,0.0,0.0,0.0,0.0,0.0,0.0,0.0,0.0,0.0,0.0,0.0,0.0,0.0,0.0,0.0,0.0,0.0,0.0,0.0,0.0,0.0,0.0,0.0,0.0,0.0,0.0,0.0,0.0,0.0,0.0,0.0,0.0,0.0,0.0,0.0,0.0,0.0,0.0,0.0,0.0,0.0,0.0,0.0,0.0,0.0,0.0,0.0,0.0,0.0,0.0,0.0,0.0,0.0,0.0,0.0,0.0,0.0,0.0,0.0,0.0,0.0,0.0,0.0,0.0,0.0,0.0,0.0,0.0,0.0,0.0,0.0,0.0,0.0,0.0,0.0,0.0,0.0,0.0,0.0,0.0,0.0,0.0,0.0,0.0,0.0,0.0,0.0,0.0,0.0,0.0,0.0,0.0,0.0,0.0,0.0,0.0,0.0,0.0,0.0,0.0,1.0,0.0,0.0,0.0,0.0,0.0,0.0,0.0,0.0,0.0,0.0,0.0,0.0,0.0,0.0,0.0,0.0,0.0,0.0,0.0,0.0,0.0,0.0,0.0,0.0,0.0,0.0,0.0,0.0,0.0,0.0,0.0,0.0,0.0,0.0,0.0,0.0,0.0,0.0,0.0,0.0,0.0,0.0,0.0,0.0,0.0,0.0,0.0,0.0,0.0,0.0,0.0,0.0,0.0,0.0,0.0,0.0,0.0,0.0,0.0,0.0,0.0,0.0
0.0,0.0,0.0,0.0,0.0,0.0,926.7739273457793,-864.0089131663974,-463.3869636728896,-1800.0184975703523,-2969.6062854243423,1247.5573175926165,0.0,0.0,0.0,0.0,0.0,539.9707692377883,225.84989414961603,0.0,0.0,0.0,0.0,0.0,0.0,0.0,0.0,1152.040236515809,-356.4310465091284,-144.00501055844703,-271.3941925786867,-1324.9406696196131,895.607103996049,0.0,0.0,0.0,0.0,0.0,525.6053608630255,196.13312147937154,0.0,0.0,0.0,0.0,0.0,0.0,0.0,0.0,1210.3287676960267,-185.14925802290634,-414.80757817533043,-333.7258936908182,-1512.3368799962088,1251.9281837277729,0.0,0.0,0.0,0.0,0.0,550.3936466517921,234.1172839834882,0.0,0.0,0.0,0.0,0.0,0.0,0.0,0.0,2901.079537633194,-78.29513163218928,-121.80105860287952,-50.07246756042102,-2451.507758237853,2372.1079402205996,0.0,0.0,0.0,0.0,0.0,703.7676320375278,430.62025580576244,0.0,0.0,0.0,0.0,0.0,0.0,0.0,0.0,1502.3121973353127,-308.4613360889034,-682.8690956081349,-251.07314024598867,-1978.0683690954145,1659.2114071527524,0.0,0.0,0.0,0.0,0.0,698.0798074231438,352.5751455337756,0.0,0.0,0.0,0.0,0.0,0.0,0.0,0.0,3159.7294607633453,301.01170124549213,-1343.2665477276128,529.7804804417351,-2666.561887029986,4934.989027662602,0.0,0.0,0.0,0.0,0.0,904.6240623084624,1103.669798579277,0.0,0.0,0.0,0.0,0.0,0.0,0.0,0.0,6811.977641390541,1464.686737889627,-566.0657092082382,3456.660984777329,-2472.3060126837845,9999.016485078277,0.0,0.0,-67223.07409808364,-1884.9555921538756,1884.9555921538756,1182.0742070821912,2716.1416453002835,0.0,0.0,0.0,0.0,0.0,0.0,0.0,0.0,1233.1640766092996,-142.8091845196733,-454.74592941172114,-202.31302802171595,-1624.8964993525906,1077.6036683458738,0.0,0.0,0.0,0.0,0.0,563.9322837882003,216.4151820528887,0.0,0.0,0.0,0.0,0.0,0.0,0.0,0.0,909.1371969286027,-158.53449712036985,-1008.6775077785912,-200.8103392906621,-1853.335829514441,1423.7840267023746,0.0,0.0,0.0,0.0,0.0,637.9412075340028,164.6790757974736,0.0,0.0,1868.1305243956112,-7475.90038013195,-467.0326519768882,-3737.9500786663893,-11654.539473897537,1948.298249524123,0.0,0.0,0.0,0.0,0.0,289.012389834276,99.50552430384647,0.0,0.0
0.0,0.0,0.0,0.0,0.0,0.0,3.870326321498539,-3.6082116036801377,-1.9351631607492692,-7.517107208963949,-12.401455232865187,5.209958741162687,0.0,0.0,0.0,0.0,0.0,2.2549869168266943,0.9431780116412213,0.0,0.0,0.0,0.0,0.0,0.0,0.0,0.0,4.811067207708542,-1.4885015864164,-0.6013833215919622,-1.1333768204370693,-5.533121505412668,3.740169685442299,0.0,0.0,0.0,0.0,0.0,2.1949951361869955,0.8190769724751463,0.0,0.0,0.0,0.0,0.0,0.0,0.0,0.0,5.054487560625004,-0.7732069554268114,-1.7322894406049194,-1.3936819675283019,-6.315712020930064,5.228212036547345,0.0,0.0,0.0,0.0,0.0,2.298514184492394,0.9777036877958836,0.0,0.0,0.0,0.0,0.0,0.0,0.0,0.0,12.115278779388179,-0.32697047236655324,-0.5086567815380802,-0.20910902158900915,-10.237809593154228,9.906225809313366,0.0,0.0,0.0,0.0,0.0,2.939023541905586,1.7983252025535812,0.0,0.0,0.0,0.0,0.0,0.0,0.0,0.0,6.2738476654251,-1.2881739472846288,-2.8517485838636367,-1.048513509759959,-8.260666219386751,6.9290788104335554,0.0,0.0,0.0,0.0,0.0,2.9152704596623646,1.472398851328955,0.0,0.0,0.0,0.0,0.0,0.0,0.0,0.0,13.195433902451652,1.2570633204432133,-5.609652713632017,2.212430968944141,-11.13590310943912,20.60914465383189,0.0,0.0,0.0,0.0,0.0,3.777825655325198,4.60906607927334,0.0,0.0,0.0,0.0,0.0,0.0,0.0,0.0,28.447688901261813,6.116718939902826,-2.363962719927675,14.435457881509084,-10.324665760821622,41.75717027574244,0.0,0.0,-280.73214558267176,0.0,0.0,4.9364929058128135,11.342954514086019,0.0,0.0,0.0,0.0,0.0,0.0,0.0,0.0,5.1498507279938845,-0.5963893992801269,-1.8990770977309113,-0.844885051715935,-6.785775371525729,4.500210589314882,0.0,0.0,0.0,0.0,0.0,2.355053262815762,0.9037774485844872,0.0,0.0,0.0,0.0,0.0,0.0,0.0,0.0,3.796673082078798,-0.6620603137032092,-4.212366137057371,-0.8386096315975969,-7.739767198769953,5.945903992419295,0.0,0.0,0.0,0.0,0.0,2.6641239834601156,0.6877208592654067,0.0,0.0,7.801551734704323,-31.220315078339794,-1.950388020865215,-15.610157073950994,-48.67084577999787,8.136342396746517,0.0,0.0,0.0,0.0,0.0,1.2069526630062997,0.415547781917695,0.0,0.0
0.0,0.0,0.0,0.0,0.0,0.0,-233.41693089831563,156.9861556262067,116.70846544915779,327.05447789195324,554.1232848914763,-332.00246411993345,0.0,0.0,0.0,0.0,0.0,-99.71930165474913,-59.966399578191485,0.0,0.0,0.0,0.0,0.0,0.0,0.0,0.0,-242.67987158327554,48.93987876507294,30.334979944246587,37.26386635628169,246.4037551115018,-214.35959738073527,0.0,0.0,0.0,0.0,0.0,-97.74862949943939,-53.70735421559701,0.0,0.0,0.0,0.0,0.0,0.0,0.0,0.0,-249.20677952303976,19.733142800502623,85.40890990768195,35.56838837351178,276.63152977037254,-287.6334457381665,0.0,0.0,0.0,0.0,0.0,-101.53169114486457,-61.89263865863602,0.0,0.0,0.0,0.0,0.0,0.0,0.0,0.0,-574.2222754727653,-37.65677830304973,24.10857066090557,-24.082823167950593,431.6283808456677,-528.6409344864655,0.0,0.0,0.0,0.0,0.0,-126.04731671032572,-104.96084660921976,0.0,0.0,0.0,0.0,0.0,0.0,0.0,0.0,-306.59290520644464,26.011140152298392,139.36039411085613,21.171854865900706,356.2821226237147,-380.1664468336842,0.0,0.0,0.0,0.0,0.0,-127.17439926981619,-89.44475905130884,0.0,0.0,0.0,0.0,0.0,0.0,0.0,0.0,-604.7803242683406,-106.16373295301493,257.1046630420252,-186.84812987873372,409.52457702701065,-1026.2689639901425,0.0,0.0,0.0,0.0,0.0,-146.18947260225065,-243.13788843147051,0.0,0.0,0.0,0.0,0.0,0.0,0.0,0.0,-1209.2390181278845,-351.3124188707476,100.48605242619446,-829.097376499748,224.39452656565473,-1983.809056568107,3.5156366727960687e6,514312.14539236727,34124.182352350064,0.0,0.0,-4049.939162820771,-945.305822124363,545.7021348759521,53574.18181170492,0.0,0.0,0.0,0.0,0.0,0.0,-249.83412559633427,7.992736291321073,92.12971233759416,11.323044009494112,299.38601780833756,-254.08851298775204,0.0,0.0,0.0,0.0,0.0,-104.70432568798367,-58.80003219001056,0.0,0.0,0.0,0.0,0.0,0.0,0.0,0.0,-183.7403157058804,6.83711102297005,203.85781634585769,8.660339605758502,342.7186685295069,-326.18334338444186,0.0,0.0,0.0,0.0,0.0,-120.75160300439818,-50.75271588459517,0.0,0.0,-625.6491508000934,1425.7988030016832,156.4122946921974,712.8993802547858,2239.7945974543645,-717.1318764801674,0.0,0.0,0.0,0.0,0.0,-53.98866803416035,-27.890989185737673,0.0,0.0
0.0,0.0,0.0,0.0,0.0,0.0,-322.6937556787732,-113.55418564798963,161.34687783938654,-236.571210699483,-290.75700958790463,-556.0144559724781,0.0,0.0,0.0,0.0,0.0,59.96639957819136,-99.71930165474903,0.0,0.0,0.0,0.0,0.0,0.0,0.0,0.0,-76.62555234266743,-154.99690548260645,9.578192778687058,-118.0179460449153,-135.38495448577365,-235.23052492747607,0.0,0.0,0.0,0.0,0.0,53.70735421559691,-97.74862949943925,0.0,0.0,0.0,0.0,0.0,0.0,0.0,0.0,-41.18610370606211,-119.40029584438973,14.115427467952525,-215.2153935863316,-186.13406868009756,-246.72214925296072,0.0,0.0,0.0,0.0,0.0,61.89263865863584,-101.53169114486451,0.0,0.0,0.0,0.0,0.0,0.0,0.0,0.0,59.25192503870806,-364.93938230739815,-2.4876764322914595,-233.39146382627214,-416.51557142284383,-355.673878642966,0.0,0.0,0.0,0.0,0.0,104.96084660921952,-126.04731671032567,0.0,0.0,0.0,0.0,0.0,0.0,0.0,0.0,-32.43831033679236,-245.84606732675604,14.744684681407362,-200.10723199054408,-281.3203404857949,-319.869203415739,0.0,0.0,0.0,0.0,0.0,89.44475905130855,-127.17439926981613,0.0,0.0,0.0,0.0,0.0,0.0,0.0,0.0,205.60493804498992,-312.2772120716877,-87.40692478675744,-549.6077752386772,-862.9689237802618,-237.3433445365455,0.0,0.0,0.0,0.0,0.0,243.13788843147003,-146.18947260225067,0.0,0.0,0.0,0.0,0.0,0.0,0.0,0.0,1089.8452003659768,-389.7991056975217,-90.56459500451729,-919.9259648565563,-1861.6499592916425,172.34140725553567,-514312.14539236727,3.5156366727960687e6,-3252.883081789538,0.0,0.0,945.3058221243624,-4049.939162820771,3730.2063639375906,366212.1534162571,0.0,0.0,0.0,0.0,0.0,0.0,-14.111846184734624,-141.50227095193213,5.203934116080799,-200.46156698199584,-185.18531448112034,-256.8434950053294,0.0,0.0,0.0,0.0,0.0,58.800032190010434,-104.70432568798356,0.0,0.0,0.0,0.0,0.0,0.0,0.0,0.0,-7.346543328487594,-170.9991871966982,8.150907300241315,-216.59894485503938,-202.72420664564706,-274.2033187328859,0.0,0.0,0.0,0.0,0.0,50.752715884595005,-120.75160300439805,0.0,0.0,-1710.958531308012,-521.3743021742467,427.7396519484545,-260.6871433180416,-696.2585479645495,-2226.194426440712,0.0,0.0,0.0,0.0,0.0,27.8909891857376,-53.988668034160305,0.0,0.0
0.0,0.0,0.0,0.0,0.0,0.0,0.0,0.0,0.0,0.0,0.0,0.0,0.0,0.0,0.0,0.0,0.0,0.0,0.0,0.0,0.0,0.0,0.0,0.0,0.0,0.0,0.0,0.0,0.0,0.0,0.0,0.0,0.0,0.0,0.0,0.0,0.0,0.0,0.0,0.0,0.0,0.0,0.0,0.0,0.0,0.0,0.0,0.0,0.0,0.0,0.0,0.0,0.0,0.0,0.0,0.0,0.0,0.0,0.0,0.0,0.0,0.0,0.0,0.0,0.0,0.0,0.0,0.0,0.0,0.0,0.0,0.0,0.0,0.0,0.0,0.0,0.0,0.0,0.0,0.0,0.0,0.0,0.0,0.0,0.0,0.0,0.0,0.0,0.0,0.0,0.0,0.0,0.0,0.0,0.0,0.0,0.0,0.0,0.0,0.0,0.0,0.0,0.0,0.0,0.0,0.0,0.0,0.0,0.0,0.0,0.0,0.0,0.0,0.0,0.0,0.0,0.0,0.0,0.0,0.0,0.0,0.0,0.0,0.0,0.0,0.0,0.0,0.0,0.0,0.0,0.0,0.0,0.0,0.0,0.0,0.0,0.0,0.0,0.0,0.0,0.0,0.0,0.0,0.0,0.0,0.0,771.0628438351062,0.0,0.0,0.0,0.0,0.0,0.0,0.0,0.0,0.0,0.0,0.0,0.0,0.0,0.0,0.0,0.0,0.0,0.0,0.0,0.0,0.0,0.0,0.0,0.0,0.0,0.0,0.0,0.0,0.0,0.0,0.0,0.0,0.0,0.0,0.0,0.0,0.0,0.0,0.0,0.0,0.0,0.0,0.0,0.0,0.0,0.0,0.0,0.0,0.0,0.0,0.0,0.0,0.0,0.0,0.0,0.0,0.0
0.0,0.0,0.0,0.0,0.0,0.0,0.0,0.0,0.0,0.0,0.0,0.0,0.0,0.0,0.0,0.0,0.0,0.0,0.0,0.0,0.0,0.0,0.0,0.0,0.0,0.0,0.0,0.0,0.0,0.0,0.0,0.0,0.0,0.0,0.0,0.0,0.0,0.0,0.0,0.0,0.0,0.0,0.0,0.0,0.0,0.0,0.0,0.0,0.0,0.0,0.0,0.0,0.0,0.0,0.0,0.0,0.0,0.0,0.0,0.0,0.0,0.0,0.0,0.0,0.0,0.0,0.0,0.0,0.0,0.0,0.0,0.0,0.0,0.0,0.0,0.0,0.0,0.0,0.0,0.0,0.0,0.0,0.0,0.0,0.0,0.0,0.0,0.0,0.0,0.0,0.0,0.0,0.0,0.0,0.0,0.0,0.0,0.0,0.0,0.0,0.0,0.0,0.0,0.0,0.0,0.0,0.0,0.0,0.0,0.0,0.0,0.0,0.0,0.0,0.0,0.0,0.0,0.0,0.0,0.0,0.0,0.0,0.0,0.0,0.0,0.0,0.0,0.0,0.0,0.0,0.0,0.0,0.0,0.0,0.0,0.0,0.0,0.0,86.07521321049224,-476.4231696358134,0.5986265564427962,0.0,0.0,-0.11722305429027487,0.15782830409368892,-0.5055006830069886,-49.62741350373056,0.0,0.0,0.0,0.0,0.0,0.0,0.0,0.0,0.0,0.0,0.0,0.0,0.0,0.0,0.0,0.0,0.0,0.0,0.0,0.0,0.0,0.0,0.0,0.0,0.0,0.0,0.0,0.0,0.0,0.0,0.0,0.0,0.0,0.0,0.0,0.0,0.0,0.0,0.0,0.0,0.0,0.0,0.0,0.0,0.0,0.0,0.0,0.0,0.0,0.0,0.0,0.0,0.0,0.0,0.0,0.0,0.0
0.0,0.0,0.0,0.0,0.0,0.0,0.0,0.0,0.0,0.0,0.0,0.0,0.0,0.0,0.0,0.0,0.0,0.0,0.0,0.0,0.0,0.0,0.0,0.0,0.0,0.0,0.0,0.0,0.0,0.0,0.0,0.0,0.0,0.0,0.0,0.0,0.0,0.0,0.0,0.0,0.0,0.0,0.0,0.0,0.0,0.0,0.0,0.0,0.0,0.0,0.0,0.0,0.0,0.0,0.0,0.0,0.0,0.0,0.0,0.0,0.0,0.0,0.0,0.0,0.0,0.0,0.0,0.0,0.0,0.0,0.0,0.0,0.0,0.0,0.0,0.0,0.0,0.0,0.0,0.0,0.0,0.0,0.0,0.0,0.0,0.0,0.0,0.0,0.0,0.0,0.0,0.0,0.0,0.0,0.0,0.0,0.0,0.0,0.0,0.0,0.0,0.0,0.0,0.0,0.0,0.0,0.0,0.0,0.0,0.0,0.0,0.0,0.0,0.0,0.0,0.0,0.0,0.0,0.0,0.0,0.0,0.0,0.0,0.0,0.0,0.0,0.0,0.0,0.0,0.0,0.0,0.0,0.0,0.0,0.0,0.0,0.0,0.0,0.0,0.0,0.0,0.0,0.0,0.0,0.0,0.0,0.0,-2.0,0.0,0.0,0.0,0.0,0.0,0.0,0.0,0.0,0.0,-40.0,0.0,0.0,0.0,0.0,0.0,0.0,0.0,0.0,0.0,0.0,0.0,0.0,0.0,0.0,0.0,0.0,0.0,0.0,0.0,0.0,0.0,0.0,0.0,0.0,0.0,0.0,0.0,0.0,0.0,0.0,0.0,0.0,0.0,0.0,0.0,0.0,0.0,0.0,0.0,0.0,0.0,0.0,0.0,0.0,0.0,0.0
0.0,0.0,0.0,0.0,0.0,0.0,0.0,0.0,0.0,0.0,0.0,0.0,0.0,0.0,0.0,0.0,0.0,0.0,0.0,0.0,0.0,0.0,0.0,0.0,0.0,0.0,0.0,0.0,0.0,0.0,0.0,0.0,0.0,0.0,0.0,0.0,0.0,0.0,0.0,0.0,0.0,0.0,0.0,0.0,0.0,0.0,0.0,0.0,0.0,0.0,0.0,0.0,0.0,0.0,0.0,0.0,0.0,0.0,0.0,0.0,0.0,0.0,0.0,0.0,0.0,0.0,0.0,0.0,0.0,0.0,0.0,0.0,0.0,0.0,0.0,0.0,0.0,0.0,0.0,0.0,0.0,0.0,0.0,0.0,0.0,0.0,0.0,0.0,0.0,0.0,0.0,0.0,0.0,0.0,0.0,0.0,0.0,0.0,0.0,0.0,0.0,0.0,0.0,0.0,0.0,0.0,0.0,0.0,0.0,0.0,0.0,0.0,0.0,0.0,0.0,0.0,0.0,0.0,0.0,0.0,0.0,0.0,0.0,0.0,0.0,0.0,0.0,0.0,0.0,0.0,0.0,0.0,0.0,0.0,0.0,0.0,0.0,0.0,0.0,0.0,0.0,0.0,0.0,0.0,0.0,0.0,0.0,-0.4444444444444445,-0.1388888888888889,0.0,0.0,0.0,0.0,0.0,0.0,0.0,0.0,-11.666666666666666,0.0,0.0,0.0,0.0,0.0,0.0,0.0,0.0,0.0,0.0,0.0,0.0,0.0,0.0,0.0,0.0,0.0,0.0,0.0,0.0,0.0,0.0,0.0,0.0,0.0,0.0,0.0,0.0,0.0,0.0,0.0,0.0,0.0,0.0,0.0,0.0,0.0,0.0,0.0,0.0,0.0,0.0,0.0,0.0,0.0,0.0
0.0,0.0,0.0,0.0,0.0,0.0,0.0,0.0,0.0,0.0,0.0,0.0,0.0,0.0,0.0,0.0,0.0,0.0,0.0,0.0,0.0,0.0,0.0,0.0,0.0,0.0,0.0,0.0,0.0,0.0,0.0,0.0,0.0,0.0,0.0,0.0,0.0,0.0,0.0,0.0,0.0,0.0,0.0,0.0,0.0,0.0,0.0,0.0,0.0,0.0,0.0,0.0,0.0,0.0,0.0,0.0,0.0,0.0,0.0,0.0,0.0,0.0,0.0,0.0,0.0,0.0,0.0,0.0,0.0,0.0,0.0,0.0,0.0,0.0,0.0,0.0,0.0,0.0,0.0,0.0,0.0,0.0,0.0,0.0,0.0,0.0,0.0,0.0,0.0,0.0,0.0,0.0,0.0,0.0,0.0,0.0,0.0,0.0,0.0,0.0,0.0,0.0,0.0,0.0,0.0,0.0,0.0,0.0,0.0,0.0,0.0,0.0,0.0,0.0,0.0,0.0,0.0,0.0,0.0,0.0,0.0,0.0,0.0,0.0,0.0,0.0,0.0,0.0,0.0,0.0,0.0,0.0,0.0,0.0,0.0,0.0,0.0,0.0,0.0,0.0,0.0,0.0,0.0,0.0,0.0,0.0,0.0,0.0,0.0,-0.7936507936507936,0.006033249158249158,0.12836700336700338,0.0,0.0,0.0,0.0,0.0,0.0,0.0,0.0,0.0,0.0,0.0,0.0,0.0,0.0,0.0,0.0,0.0,0.0,0.0,0.0,0.0,0.0,0.0,0.0,0.0,0.0,0.0,0.0,0.0,0.0,0.0,0.0,0.0,0.0,0.0,0.0,0.0,0.0,0.0,0.0,0.0,0.0,0.0,0.0,0.0,0.0,0.0,0.0,0.0,0.0,0.0,0.0
0.0,0.0,0.0,0.0,0.0,0.0,0.0,0.0,0.0,0.0,0.0,0.0,0.0,0.0,0.0,0.0,0.0,0.0,0.0,0.0,0.0,0.0,0.0,0.0,0.0,0.0,0.0,0.0,0.0,0.0,0.0,0.0,0.0,0.0,0.0,0.0,0.0,0.0,0.0,0.0,0.0,0.0,0.0,0.0,0.0,0.0,0.0,0.0,0.0,0.0,0.0,0.0,0.0,0.0,0.0,0.0,0.0,0.0,0.0,0.0,0.0,0.0,0.0,0.0,0.0,0.0,0.0,0.0,0.0,0.0,0.0,0.0,0.0,0.0,0.0,0.0,0.0,0.0,0.0,0.0,0.0,0.0,0.0,0.0,0.0,0.0,0.0,0.0,0.0,0.0,0.0,0.0,0.0,0.0,0.0,0.0,0.0,0.0,0.0,0.0,0.0,0.0,0.0,0.0,0.0,0.0,0.0,0.0,0.0,0.0,0.0,0.0,0.0,0.0,0.0,0.0,0.0,0.0,0.0,0.0,0.0,0.0,0.0,0.0,0.0,0.0,0.0,0.0,0.0,0.0,0.0,0.0,0.0,0.0,0.0,0.0,0.0,0.0,0.0,0.0,0.0,0.0,0.0,0.0,0.0,0.0,0.0,0.0,0.0,0.0,0.0890151515151515,1.8939393939393938,0.0,0.0,0.0,0.0,0.0,0.0,0.0,0.0,0.0,0.0,0.0,0.0,0.0,0.0,0.0,0.0,0.0,0.0,0.0,0.0,0.0,0.0,0.0,0.0,0.0,0.0,0.0,0.0,0.0,0.0,0.0,0.0,0.0,0.0,0.0,0.0,0.0,0.0,0.0,0.0,0.0,0.0,0.0,0.0,0.0,0.0,0.0,0.0,0.0,0.0,0.0,0.0
0.0,0.0,0.0,0.0,0.0,0.0,0.0,0.0,0.0,0.0,0.0,0.0,0.0,0.0,0.0,0.0,0.0,0.0,0.0,0.0,0.0,0.0,0.0,0.0,0.0,0.0,0.0,0.0,0.0,0.0,0.0,0.0,0.0,0.0,0.0,0.0,0.0,0.0,0.0,0.0,0.0,0.0,0.0,0.0,0.0,0.0,0.0,0.0,0.0,0.0,0.0,0.0,0.0,0.0,0.0,0.0,0.0,0.0,0.0,0.0,0.0,0.0,0.0,0.0,0.0,0.0,0.0,0.0,0.0,0.0,0.0,0.0,0.0,0.0,0.0,0.0,0.0,0.0,0.0,0.0,0.0,0.0,0.0,0.0,0.0,0.0,0.0,0.0,0.0,0.0,0.0,0.0,0.0,0.0,0.0,0.0,0.0,0.0,0.0,0.0,0.0,0.0,0.0,0.0,0.0,0.0,0.0,0.0,0.0,0.0,0.0,0.0,0.0,0.0,0.0,0.0,0.0,0.0,0.0,0.0,0.0,0.0,0.0,0.0,0.0,0.0,0.0,0.0,0.0,0.0,0.0,0.0,0.0,0.0,0.0,0.0,0.0,0.0,0.0,0.0,0.0,0.0,0.0,0.0,0.0,0.0,0.0,0.0,0.0,-250.0,0.0,-50.0,-250.0,0.0,0.0,0.0,0.0,0.0,0.0,0.0,0.0,0.0,0.0,0.0,0.0,0.0,0.0,0.0,0.0,0.0,0.0,0.0,0.0,0.0,0.0,0.0,0.0,0.0,0.0,0.0,0.0,0.0,0.0,0.0,0.0,0.0,0.0,0.0,0.0,0.0,0.0,0.0,0.0,0.0,0.0,0.0,0.0,0.0,0.0,0.0,0.0,0.0,0.0,0.0
0.0,0.0,0.0,0.0,0.0,0.0,2.4634173963915553,2.3344864750481156,-1.231708698195777,4.863513296424918,6.91135295569075,4.675324360318478,0.0,0.0,0.0,0.0,0.0,-1.3360247736091844,0.8359080593455697,0.0,0.0,0.0,0.0,0.0,0.0,0.0,0.0,0.459461006701097,1.244543476636855,-0.05743261825758131,0.9476219181212114,1.2059648857226433,1.7202724959276963,0.0,0.0,0.0,0.0,0.0,-0.47840754192434937,0.7354970949363,0.0,0.0,0.0,0.0,0.0,0.0,0.0,0.0,0.2471506852466483,0.9077198968794655,-0.08470423898681007,1.6361374441455174,1.4783976734634783,1.7910505953880296,0.0,0.0,0.0,0.0,0.0,-0.49405127270116544,0.7516076826739486,0.0,0.0,0.0,0.0,0.0,0.0,0.0,0.0,0.44320238499518744,1.9792590459358703,-0.018607735143923596,1.2658051951029432,1.633718654957502,2.577107926826707,0.0,0.0,0.0,0.0,0.0,-0.38893007969918764,0.8047654780800272,0.0,0.0,0.0,0.0,0.0,0.0,0.0,0.0,0.5754374246254297,1.2656643141940513,-0.2615624331813477,1.0301917183241356,1.0181261643871888,2.1921817195232536,0.0,0.0,0.0,0.0,0.0,-0.3054025620346215,0.7902835461235338,0.0,0.0,0.0,0.0,0.0,0.0,0.0,0.0,0.4845138804963832,1.094005754419607,-0.20597690266281662,1.9254497143609686,1.7680353528498647,2.520065328592501,0.0,0.0,0.0,0.0,0.0,-0.4431216216965711,0.8575819004188175,0.0,0.0,0.0,0.0,0.0,0.0,0.0,0.0,0.26981266313029817,0.8444910548956508,-0.02242105076508123,1.9929990529286936,1.7495310169234173,2.1947231622504257,0.0,0.0,0.0,0.0,0.0,-0.43100728677890754,0.8496844571285284,0.0,0.0,0.0,0.0,0.0,0.0,0.0,-100.0,-4.971268027354416,3.6843004309960286,1.8332223118840476,5.219426039323378,10.976090503540743,0.9660721044678908,0.0,0.0,0.0,0.0,0.0,-3.690539597710342,1.3477120151792787,0.0,0.0,0.0,0.0,0.0,0.0,0.0,0.0,-0.4180716705182856,1.9052122473284254,0.46384582229818727,2.4132685614554976,3.167649855704399,2.1392243124179013,0.0,0.0,0.0,0.0,0.0,-0.8879752393071084,1.1943876441729835,0.0,0.0,14.725203657377785,10.215751125999521,-3.6813010789114196,5.107875410773223,14.832257511193816,19.503026721627382,0.0,0.0,0.0,0.0,0.0,-0.4675177573015312,0.43576938168189144,0.0,0.0
0.0,0.0,0.0,0.0,0.0,0.0,0.2932074941913643,-1.0415947937842733,-0.1466037470956822,-2.169989067489617,-3.3954523754186887,0.16921082870508192,0.0,0.0,0.0,0.0,0.0,0.6305611655626008,0.03237189575853176,0.0,0.0,0.0,0.0,0.0,0.0,0.0,0.0,0.2966228323419693,-0.47596265409192556,-0.037077849149147815,-0.36240810521419803,-0.8216586309676314,-0.1470505198085683,0.0,0.0,0.0,0.0,0.0,0.3259528453903759,-0.13160110457402788,0.0,0.0,0.0,0.0,0.0,0.0,0.0,0.0,0.3539135661244649,-0.32519109077577785,-0.12129434015432258,-0.5861470283397622,-0.9545604185728708,-0.07407204289998084,0.0,0.0,0.0,0.0,0.0,0.33478811373773654,-0.13329779597264985,0.0,0.0,0.0,0.0,0.0,0.0,0.0,0.0,0.5696481893980646,-0.7144600621042122,-0.02391652886445976,-0.45692212960303197,-1.186432809931449,-0.31177179862761245,0.0,0.0,0.0,0.0,0.0,0.31248424177741985,-0.1748884918607205,0.0,0.0,0.0,0.0,0.0,0.0,0.0,0.0,0.17354048502207753,-0.5214680789679462,-0.07888202882770912,-0.42445069383603506,-0.8519513988117563,-0.35484938946604355,0.0,0.0,0.0,0.0,0.0,0.2817371232143987,-0.18931484441789442,0.0,0.0,0.0,0.0,0.0,0.0,0.0,0.0,0.32746907292857175,-0.416604704930789,-0.13921389680433463,-0.7332241232460257,-1.2066738669118544,-0.24211120879855375,0.0,0.0,0.0,0.0,0.0,0.3424034027159247,-0.17978363621290178,0.0,0.0,0.0,0.0,0.0,0.0,0.0,0.0,0.5130125090522343,-0.2972135745437394,-0.042630614053229786,-0.7014240934220641,-1.1434649610417738,-0.17896985927881173,0.0,0.0,0.0,0.0,0.0,0.3366128240444814,-0.17997280510091615,0.0,0.0,0.0,0.0,0.0,0.0,0.0,0.0,-54.71548423381287,-0.5629671808890738,-18.9304543315745,-0.7975369051059003,29.337193636361004,-21.213533930666777,0.0,0.0,0.0,0.0,0.0,1.5210615204111064,0.4050242917471565,0.0,0.0,0.0,0.0,0.0,0.0,0.0,0.0,0.6073483398116247,-0.5361239029314873,-0.6738461607602284,-0.6790901968028062,-1.781757346880255,0.2951531345311433,0.0,0.0,0.0,0.0,0.0,0.565787954424342,-0.18820183363596735,0.0,0.0,-2.0191470471798705,-6.171599140221382,0.5047867843606941,-3.0857994781467064,-9.39579510561081,-2.9603540753054554,0.0,0.0,0.0,0.0,0.0,0.2535503831734864,-0.035702934049243996,0.0,0.0
0.0,0.0,0.0,0.0,0.0,0.0,0.6888023774823739,0.04588941155909736,-0.34440118874118686,0.09560293694920004,-0.007532960603568367,1.129161634481922,0.0,0.0,0.0,0.0,0.0,-0.010414412199053015,0.20285879899861753,0.0,0.0,0.0,0.0,0.0,0.0,0.0,0.0,0.2397453740934402,0.06094814306004029,-0.029968167806429656,0.046407214626648145,-0.10672417570809126,0.3192026242703706,0.0,0.0,0.0,0.0,0.0,0.04233759305008833,0.10486278946004837,0.0,0.0,0.0,0.0,0.0,0.0,0.0,0.0,0.21835327918072528,0.054551838270896186,-0.07483470387638197,0.09832802558236269,-0.10658845933061181,0.36868368223963527,0.0,0.0,0.0,0.0,0.0,0.042883438240362046,0.10770519718139454,0.0,0.0,0.0,0.0,0.0,0.0,0.0,0.0,0.3616628412807507,0.11646999258321718,-0.015184318924692068,0.07448662265212878,-0.17830747081431633,0.436117573708125,0.0,0.0,0.0,0.0,0.0,0.05626364475822309,0.10052978434915669,0.0,0.0,0.0,0.0,0.0,0.0,0.0,0.0,0.2092151806196009,0.04476809365430149,-0.09509779753542927,0.036439140150039524,-0.1628959573932131,0.32974674079699645,0.0,0.0,0.0,0.0,0.0,0.060904768749847016,0.09063808171187568,0.0,0.0,0.0,0.0,0.0,0.0,0.0,0.0,0.2595662125101932,0.054397577539086944,-0.11034698208025259,0.09573971591230825,-0.15741334006908833,0.45532970116542737,0.0,0.0,0.0,0.0,0.0,0.05783846915027443,0.11015512347009074,0.0,0.0,0.0,0.0,0.0,0.0,0.0,0.0,0.29662420291012237,0.053201425727604675,-0.024649051806689613,0.1255553750094771,-0.13250249504380915,0.4112111337602249,0.0,0.0,0.0,0.0,0.0,0.05789932696316598,0.10829222753080796,0.0,0.0,0.0,0.0,0.0,0.0,0.0,0.0,0.31977025051926944,-24.763774706601946,-0.11791960415392104,13.251317891059275,-7.150699619589246,-9.5395767506961,0.0,0.0,0.0,0.0,0.0,-0.13030098565582687,0.489343032976513,0.0,0.0,0.0,0.0,0.0,0.0,0.0,0.0,0.1853285007277531,0.1818419442398766,-0.20561988978776052,0.23033310215352112,-0.10718351361915353,0.6167962418813371,0.0,0.0,0.0,0.0,0.0,0.060546700345344505,0.18202050996908722,0.0,0.0,2.3825694969438014,-0.5413190862013236,-0.5956424008632392,-0.2706595350343795,-0.9861255136702144,3.0240614662661094,0.0,0.0,0.0,0.0,0.0,0.011486045632852179,0.08157008237308966,0.0,0.0
0.0,0.0,0.0,0.0,0.0,0.0,-0.020187445884974675,0.07171419199765693,0.010093722942487341,0.1494045607249814,0.23377816884529123,-0.011650228985641555,0.0,0.0,0.0,0.0,0.0,-0.04341437261713918,-0.002228817157698173,0.0,0.0,0.0,0.0,0.0,0.0,0.0,0.0,-0.0204225931968958,0.03277020715056697,0.0025528238126858948,0.024951933893998367,0.05657150474385785,0.010124483411243931,0.0,0.0,0.0,0.0,0.0,-0.022441975589741026,0.009060785381076145,0.0,0.0,0.0,0.0,0.0,0.0,0.0,0.0,-0.024367081693461263,0.022389528498979454,0.008351160787251176,0.04035644262054533,0.0657218426391987,0.005099887919839284,0.0,0.0,0.0,0.0,0.0,-0.023050287127389393,0.00917760321988223,0.0,0.0,0.0,0.0,0.0,0.0,0.0,0.0,-0.039220491374759456,0.04919084309383668,0.0016466619775161815,0.031459259902096554,0.0816863437024489,0.02146560520430764,0.0,0.0,0.0,0.0,0.0,-0.021514657182233783,0.012041138222200027,0.0,0.0,0.0,0.0,0.0,0.0,0.0,0.0,-0.011948327446054178,0.03590327271115557,0.005431057254004155,0.029223589377502614,0.05865717316528043,0.02443151348132575,0.0,0.0,0.0,0.0,0.0,-0.019397706543500176,0.013034398003532361,0.0,0.0,0.0,0.0,0.0,0.0,0.0,0.0,-0.022546368424109235,0.028683390100278847,0.009584928979815712,0.05048275573722734,0.0830799480629839,0.016669447482050622,0.0,0.0,0.0,0.0,0.0,-0.02357460262815651,0.012378170745810439,0.0,0.0,0.0,0.0,0.0,0.0,0.0,0.0,-0.035321103552857565,0.02046326601892955,0.0029351337578061277,0.04829331176349035,0.0787279911997398,0.012322141898851082,0.0,0.0,0.0,0.0,0.0,-0.023175919116008088,0.012391195094660874,0.0,0.0,0.0,0.0,0.0,0.0,0.0,0.0,-3.53443004892154,0.038760501434515024,-8.437267183358319,0.05491071487616069,-2.0198767790175545,1.4605597630970197,0.0,0.0,0.0,0.0,0.0,-0.10472565585576665,-0.027886074311625604,0.0,0.0,0.0,0.0,0.0,0.0,0.0,0.0,-0.04181616086277203,0.03691233168483447,0.046394560762034256,0.046755614609311796,0.1226746612309495,-0.020321403951698843,0.0,0.0,0.0,0.0,0.0,-0.03895471274979549,0.012957766793980528,0.0,0.0,0.13901903108297353,0.4249169142507029,-0.0347547593244021,0.21245845079359663,0.6469040150693892,0.20382148778430942,0.0,0.0,0.0,0.0,0.0,-0.017457038925780995,0.0024581603926655754,0.0,0.0
0.0,0.0,0.0,0.0,0.0,0.0,0.0242102201196157,0.0016129339725367213,-0.012105110059807847,0.00336027897592601,-0.0002647706226441585,0.039688091410706436,0.0,0.0,0.0,0.0,0.0,-0.00036604869553014325,0.007130138247937572,0.0,0.0,0.0,0.0,0.0,0.0,0.0,0.0,0.008426637986757425,0.0021422225120051393,-0.0010533296093244234,0.0016311338607105075,-0.003751171410617774,0.011219423812953393,0.0,0.0,0.0,0.0,0.0,0.0014880936544148034,0.0036857468820941366,0.0,0.0,0.0,0.0,0.0,0.0,0.0,0.0,0.0076747426048780374,0.0019174033883207217,-0.0026303112658460997,0.0034560611593375647,-0.003746401213127132,0.012958597985908418,0.0,0.0,0.0,0.0,0.0,0.0015072791750224154,0.0037856526298864304,0.0,0.0,0.0,0.0,0.0,0.0,0.0,0.0,0.012711827488889106,0.004093720129242515,-0.0005337027216382517,0.0026180768088608073,-0.006267201244520992,0.0153287834111412,0.0,0.0,0.0,0.0,0.0,0.0019775704452519843,0.0035334491970926184,0.0,0.0,0.0,0.0,0.0,0.0,0.0,0.0,0.00735355414085415,0.0015735215747479689,-0.003342524193424849,0.001280773169260087,-0.005725513026682532,0.011590031392749417,0.0,0.0,0.0,0.0,0.0,0.0021406979795243523,0.0031857728445781634,0.0,0.0,0.0,0.0,0.0,0.0,0.0,0.0,0.009123306402419514,0.001911981388636915,-0.0038785068301634418,0.0033650865214758493,-0.005532808447563863,0.016004056682420383,0.0,0.0,0.0,0.0,0.0,0.002032922816886733,0.003871763329653412,0.0,0.0,0.0,0.0,0.0,0.0,0.0,0.0,0.010425831094700863,0.001869938707602174,-0.0008663718208420925,0.004413055711698849,-0.004657235044881938,0.014453364839360673,0.0,0.0,0.0,0.0,0.0,0.002035061864448514,0.0038062857380765326,0.0,0.0,0.0,0.0,0.0,0.14925373559222252,0.0,0.0,0.011239374900349089,0.32877248342452087,-0.0041446714853382366,-0.8826692962381056,-0.25133480582961254,-0.33529973259744,0.0,0.0,0.0,0.0,0.0,-0.0045798557723636495,0.01719956685640927,0.0,0.0,0.0,0.0,0.0,0.0,0.0,0.0,0.006513978382968165,0.006391431912760715,-0.007227185845275614,0.008095812799533163,-0.0037673163489914618,0.02167932816881286,0.0,0.0,0.0,0.0,0.0,0.002128112490312525,0.006397708191344146,0.0,0.0,0.08374322426430292,-0.01902643582588191,-0.020935807001979185,-0.009513217629424989,-0.034660617518173314,0.10629056482230828,0.0,0.0,0.0,0.0,0.0,0.0004037147695275166,0.002867048247780214,0.0,0.0
0.0,0.0,0.0,0.0,0.0,0.0,0.019895342143284794,-0.008157854243042523,-0.009947671071642395,-0.016995528997663607,-0.030534125525237783,0.029831251487091766,0.0,0.0,0.0,0.0,0.0,0.005374143075156783,0.005376941754016224,0.0,0.0,0.0,0.0,0.0,0.0,0.0,0.0,0.008663659241836257,-0.0027251244166062406,-0.0010829572622989684,-0.00207496778960408,-0.010019781834298086,0.006691307207902462,0.0,0.0,0.0,0.0,0.0,0.003974858020093091,0.0014538044205292624,0.0,0.0,0.0,0.0,0.0,0.0,0.0,0.0,0.008639160373039087,-0.001538094303334215,-0.00296083947391445,-0.0027723680961090455,-0.011204123085837134,0.008584485875179534,0.0,0.0,0.0,0.0,0.0,0.00406750854881201,0.001509927743101855,0.0,0.0,0.0,0.0,0.0,0.0,0.0,0.0,0.014161341377793082,-0.003464108597273025,-0.0005945601796423568,-0.0022154182737387056,-0.015075059449650577,0.008151380520007748,0.0,0.0,0.0,0.0,0.0,0.0042037498540636814,0.0009582741065529936,0.0,0.0,0.0,0.0,0.0,0.0,0.0,0.0,0.006797983256185627,-0.00353759743744691,-0.003089992004554436,-0.0028794393125820025,-0.011699278981885778,0.005098649118757164,0.0,0.0,0.0,0.0,0.0,0.004045360365663175,0.0005812648752720783,0.0,0.0,0.0,0.0,0.0,0.0,0.0,0.0,0.009436432767615764,-0.002358927751399443,-0.004011623344346921,-0.004151711951039821,-0.014731935927470945,0.00925577210525576,0.0,0.0,0.0,0.0,0.0,0.004510633869223897,0.0011559265612728859,0.0,0.0,0.0,0.0,0.0,0.0,0.0,0.0,0.012024039358596602,-0.001321926797188275,-0.0009991806675516853,-0.0031197474971038463,-0.013542281112807314,0.008713587612760648,0.0,0.0,0.0,0.0,0.0,0.00446040968806748,0.0011075151229887551,0.0,0.0,0.0,0.14405069777441662,0.0,0.0,0.0,0.0,-0.1608657264397092,-0.15011848257825164,0.05932141202284971,-0.21266786778862548,-0.028275205679557675,-0.4288351535242958,0.0,0.0,0.0,0.0,0.0,0.010325839265096379,0.015892273814609375,0.0,0.0,0.0,0.0,0.0,0.0,0.0,0.0,0.010075859318834802,-0.00023080845254375786,-0.011179052733498633,-0.0002923573386760992,-0.018611716379823444,0.018106839536941744,0.0,0.0,0.0,0.0,0.0,0.006574946034534848,0.00288305389981825,0.0,0.0,0.04170893692702202,-0.06873176972234595,-0.010427234697889195,-0.034365883836989894,-0.1087020530219931,0.049385770819641024,0.0,0.0,0.0,0.0,0.0,0.0025540493615120873,0.0017266739628412839,0.0,0.0
0.0,0.0,0.0,0.0,0.0,0.0,0.0,0.0,0.0,0.0,0.0,0.0,0.0,0.0,0.0,0.0,0.0,0.0,0.0,0.0,0.0,0.0,0.0,0.0,0.0,0.0,0.0,0.0,0.0,0.0,0.0,0.0,0.0,0.0,0.0,0.0,0.0,0.0,0.0,0.0,0.0,0.0,0.0,0.0,0.0,0.0,0.0,0.0,0.0,0.0,0.0,0.0,0.0,0.0,0.0,0.0,0.0,0.0,0.0,0.0,0.0,0.0,0.0,0.0,0.0,0.0,0.0,0.0,0.0,0.0,0.0,0.0,0.0,0.0,0.0,0.0,0.0,0.0,0.0,0.0,0.0,0.0,0.0,0.0,0.0,0.0,0.0,0.0,0.0,0.0,0.0,0.0,0.0,0.0,0.0,0.0,0.0,0.0,0.0,0.0,0.0,0.0,0.0,0.0,0.0,0.0,0.0,0.0,0.0,0.0,0.0,0.0,0.0,0.0,0.0,0.0,0.0,0.0,0.0,0.0,0.0,0.0,0.0,0.0,0.0,0.0,0.0,0.0,0.0,0.0,0.0,0.0,0.0,0.0,0.0,0.0,0.0,0.0,0.0,0.0,0.0,0.0,0.0,0.0,0.0,0.0,0.0,0.0,0.0,0.0,0.0,0.0,0.0,0.0,0.0,0.0,0.0,376.99111843077515,0.0,0.0,0.0,0.0,0.0,0.0,0.0,0.0,0.0,0.0,0.0,0.0,0.0,0.0,0.0,0.0,0.0,0.0,0.0,0.0,0.0,0.0,0.0,0.0,0.0,0.0,0.0,0.0,0.0,0.0,0.0,0.0,0.0,0.0,0.0,0.0,0.0,0.0,0.0,0.0,0.0,0.0,0.0,0.0,0.0,0.0
0.0,0.0,0.0,0.0,0.0,0.0,0.0,0.0,0.0,0.0,0.0,0.0,0.0,0.0,0.0,0.0,0.0,0.0,0.0,0.0,0.0,0.0,0.0,0.0,0.0,0.0,0.0,0.0,0.0,0.0,0.0,0.0,0.0,0.0,0.0,0.0,0.0,0.0,0.0,0.0,0.0,0.0,0.0,0.0,0.0,0.0,0.0,0.0,0.0,0.0,0.0,0.0,0.0,0.0,0.0,0.0,0.0,0.0,0.0,0.0,0.0,0.0,0.0,0.0,0.0,0.0,0.0,0.0,0.0,0.0,0.0,0.0,0.0,0.0,0.0,0.0,0.0,0.0,0.0,0.0,0.0,0.0,0.0,0.0,0.0,0.0,0.0,0.0,0.0,0.0,0.0,0.0,0.0,0.0,0.0,0.0,0.0,0.0,0.0,0.0,0.0,0.0,0.0,0.0,0.0,0.0,0.0,0.0,0.0,0.0,0.0,0.0,0.0,0.0,0.0,0.0,0.0,0.0,0.0,0.0,0.0,0.0,0.0,0.0,0.0,0.0,0.0,0.0,0.0,0.0,0.0,0.0,0.0,0.0,0.0,0.0,0.0,0.0,0.0,0.0,0.0,0.0,0.0,0.0,0.0,0.0,0.0,0.0,0.0,0.0,0.0,0.0,0.0,0.0,0.0,0.0,0.0,0.0,0.0,0.0,0.0,5.253940639617367,0.0,0.0,-0.9991073358627367,0.042243714624364076,0.0,0.0,0.0,0.0,0.0,0.0,0.0,0.0,0.0,0.0,0.0,0.0,0.0,0.0,0.0,0.0,0.0,0.0,0.0,0.0,0.0,0.0,0.0,0.0,0.0,0.0,0.0,0.0,0.0,0.0,0.0,0.0,0.0,0.0,0.0,0.0,0.0,0.0
0.0,0.0,0.0,0.0,0.0,0.0,0.0,0.0,0.0,0.0,0.0,0.0,0.0,0.0,0.0,0.0,0.0,0.0,0.0,0.0,0.0,0.0,0.0,0.0,0.0,0.0,0.0,0.0,0.0,0.0,0.0,0.0,0.0,0.0,0.0,0.0,0.0,0.0,0.0,0.0,0.0,0.0,0.0,0.0,0.0,0.0,0.0,0.0,0.0,0.0,0.0,0.0,0.0,0.0,0.0,0.0,0.0,0.0,0.0,0.0,0.0,0.0,0.0,0.0,0.0,0.0,0.0,0.0,0.0,0.0,0.0,0.0,0.0,0.0,0.0,0.0,0.0,0.0,0.0,0.0,0.0,0.0,0.0,0.0,0.0,0.0,0.0,0.0,0.0,0.0,0.0,0.0,0.0,0.0,0.0,0.0,0.0,0.0,0.0,0.0,0.0,0.0,0.0,0.0,0.0,0.0,0.0,0.0,0.0,0.0,0.0,0.0,0.0,0.0,0.0,0.0,0.0,0.0,0.0,0.0,0.0,0.0,0.0,0.0,0.0,0.0,0.0,0.0,0.0,0.0,0.0,0.0,0.0,0.0,0.0,0.0,0.0,0.0,0.0,0.0,0.0,0.0,0.0,0.0,0.0,0.0,0.0,0.0,0.0,0.0,0.0,0.0,0.0,0.0,0.0,0.0,0.0,0.0,0.0,0.0,0.0,0.004280278441041951,0.0,0.0,-0.042243714624364076,-0.9991073358627367,1.0,98.17477042468103,0.0,0.0,0.0,0.0,0.0,0.0,0.0,0.0,0.0,0.0,0.0,0.0,0.0,0.0,0.0,0.0,0.0,0.0,0.0,0.0,0.0,0.0,0.0,0.0,0.0,0.0,0.0,0.0,0.0,0.0,0.0,0.0,0.0,0.0,0.0,0.0
0.0,0.0,0.0,0.0,0.0,0.0,0.0,0.0,0.0,0.0,0.0,0.0,0.0,0.0,0.0,0.0,0.0,0.0,0.0,0.0,0.0,0.0,0.0,0.0,0.0,0.0,0.0,0.0,0.0,0.0,0.0,0.0,0.0,0.0,0.0,0.0,0.0,0.0,0.0,0.0,0.0,0.0,0.0,0.0,0.0,0.0,0.0,0.0,0.0,0.0,0.0,0.0,0.0,0.0,0.0,0.0,0.0,0.0,0.0,0.0,0.0,0.0,0.0,0.0,0.0,0.0,0.0,0.0,0.0,0.0,0.0,0.0,0.0,0.0,0.0,0.0,0.0,0.0,0.0,0.0,0.0,0.0,0.0,0.0,0.0,0.0,0.0,0.0,0.0,0.0,0.0,0.0,0.0,0.0,0.0,0.0,0.0,0.0,0.0,0.0,0.0,0.0,0.0,0.0,0.0,0.0,0.0,0.0,0.0,0.0,0.0,0.0,0.0,0.0,0.0,0.0,0.0,0.0,0.0,0.0,0.0,0.0,0.0,0.0,0.0,0.0,0.0,0.0,0.0,0.0,0.0,0.0,0.0,0.0,0.0,0.0,0.0,0.0,0.0,0.0,0.0,0.0,0.0,0.0,0.0,0.0,0.0,0.0,0.0,0.0,0.0,0.0,0.0,0.0,0.0,0.0,0.0,0.0,0.0,0.0,0.0,0.0,1.0,0.0,0.0,0.0,0.0,0.0,0.0,0.0,0.0,0.0,0.0,0.0,0.0,0.0,0.0,0.0,0.0,0.0,0.0,0.0,0.0,0.0,0.0,0.0,0.0,0.0,0.0,0.0,0.0,0.0,0.0,0.0,0.0,0.0,0.0,0.0,0.0,0.0,0.0,0.0,0.0,0.0
0.0,0.0,0.0,0.0,0.0,0.0,3040.0900136673763,-759.232289591544,-1520.0450068336877,-1581.733873796593,-3107.857607037194,4701.369469498231,0.0,0.0,0.0,0.0,0.0,529.5712331705901,846.4092180910803,0.0,0.0,0.0,0.0,0.0,0.0,0.0,0.0,1234.487438034102,-185.91045090466704,-154.31090938804334,-141.55617814263408,-1174.582375548224,1152.3932731144866,0.0,0.0,0.0,0.0,0.0,465.95806704358137,303.08461451293726,0.0,0.0,0.0,0.0,0.0,0.0,0.0,0.0,1200.2512817512213,-75.01934055086875,-411.35379136101045,-135.22007453217623,-1294.4931676501647,1417.8366518003045,0.0,0.0,0.0,0.0,0.0,476.164576862387,312.99535733476654,0.0,0.0,0.0,0.0,0.0,0.0,0.0,0.0,1973.003315203126,-178.4467566626709,-82.83602338417383,-114.12292498886882,-1793.5216583613617,1474.0022691413465,0.0,0.0,0.0,0.0,0.0,509.841533258607,246.39812910131036,0.0,0.0,0.0,0.0,0.0,0.0,0.0,0.0,999.9614180238076,-292.32445029221395,-454.5278607070622,-237.93846786812537,-1428.285647528258,1006.5210818949937,0.0,0.0,0.0,0.0,0.0,500.6668226200994,193.48110068082212,0.0,0.0,0.0,0.0,0.0,0.0,0.0,0.0,1342.279136187989,-158.49469723387367,-570.6307086551814,-278.9506072375196,-1727.7106851923809,1614.5221576046595,0.0,0.0,0.0,0.0,0.0,543.3022202287859,280.72999299725114,0.0,0.0,0.0,0.0,0.0,0.0,0.0,0.0,1659.7101144225135,-55.100671089405374,-137.9195635188379,-130.03759443075413,-1570.085251306417,1494.0517966955636,0.0,0.0,0.0,0.0,0.0,538.2989680943256,273.05522157991174,0.0,0.0,0.0,0.0,0.0,0.0,0.0,0.0,4121.063059270404,1783.7940146357378,-1519.6977325232103,2527.041728315828,-2211.187132289415,7463.609504389702,0.0,0.0,-65114.014427426606,-1884.9555921538756,1884.9555921538756,853.8134138771811,2338.060488798923,0.0,0.0,0.0,0.0,0.0,0.0,0.0,0.0,1296.939298842793,246.493914001563,-1438.9395837244556,312.2255875082792,-2046.6316161888221,2751.829353451436,0.0,0.0,0.0,0.0,0.0,756.6781185285021,562.5572540513689,0.0,0.0,7766.358166734066,-7774.025224753205,-1941.5896284793316,-3887.012496534611,-12487.89889416536,9497.063591857725,0.0,0.0,0.0,0.0,0.0,276.0721424506159,296.1856301004805,0.0,0.0
0.0,0.0,0.0,0.0,0.0,0.0,12.66704172361407,-3.1634678732981008,-6.333520861807033,-6.590557807485804,-12.94940669598831,19.58903945624263,0.0,0.0,0.0,0.0,0.0,2.206546804877459,3.526705075379502,0.0,0.0,0.0,0.0,0.0,0.0,0.0,0.0,5.143697658475426,-0.7746268787694461,-0.6429621224501807,-0.5898174089276421,-4.894093231450935,4.801638637977028,0.0,0.0,0.0,0.0,0.0,1.9414919460149227,1.2628525604705723,0.0,0.0,0.0,0.0,0.0,0.0,0.0,0.0,5.001047007296756,-0.31258058562861984,-1.7139741306708771,-0.563416977217401,-5.393721531875687,5.907652715834603,0.0,0.0,0.0,0.0,0.0,1.984019070259946,1.304147322228194,0.0,0.0,0.0,0.0,0.0,0.0,0.0,0.0,8.220847146679693,-0.7435281527611289,-0.34515009743405767,-0.4755121874536201,-7.473006909839008,6.141676121422277,0.0,0.0,0.0,0.0,0.0,2.1243397219108626,1.02665887125546,0.0,0.0,0.0,0.0,0.0,0.0,0.0,0.0,4.166505908432532,-1.218018542884225,-1.8938660862794259,-0.9914102827838559,-5.95119019803441,4.193837841229141,0.0,0.0,0.0,0.0,0.0,2.086111760917081,0.806171252836759,0.0,0.0,0.0,0.0,0.0,0.0,0.0,0.0,5.592829734116622,-0.660394571807807,-2.3776279527299224,-1.1622941968229985,-7.198794521634921,6.727175656686082,0.0,0.0,0.0,0.0,0.0,2.263759250953275,1.1697083041552132,0.0,0.0,0.0,0.0,0.0,0.0,0.0,0.0,6.915458810093807,-0.2295861295391891,-0.5746648479951579,-0.5418233101281423,-6.5420218804434045,6.225215819564849,0.0,0.0,0.0,0.0,0.0,2.24291236705969,1.1377300899162992,0.0,0.0,0.0,0.0,0.0,0.0,0.0,0.0,17.17109608029335,7.432475060982242,-6.332073885513377,10.529340534649286,-9.213279717872563,31.098372934957098,0.0,0.0,-271.30839344761085,0.0,0.0,3.557555891154922,9.741918703328846,0.0,0.0,0.0,0.0,0.0,0.0,0.0,0.0,5.403913745178305,1.0270579750065127,-5.995581598851899,1.3009399479511636,-8.527631734120094,11.465955639380985,0.0,0.0,0.0,0.0,0.0,3.152825493868759,2.3439885585473705,0.0,0.0,32.35982569472528,-32.391771769805025,-8.08995678533055,-16.195885402227546,-52.032912059022344,39.57109829940719,0.0,0.0,0.0,0.0,0.0,1.1503005935442332,1.2341067920853357,0.0,0.0
0.0,0.0,0.0,0.0,0.0,0.0,-615.5569815355236,138.07075273555378,307.7784907677617,287.6473901023233,579.221064480851,-956.5284620735272,0.0,0.0,0.0,0.0,0.0,-97.8572465049794,-172.17737471432392,0.0,0.0,0.0,0.0,0.0,0.0,0.0,0.0,-247.08769382720772,30.236759278320363,30.885957652019112,23.022912708940193,226.37489304442056,-237.51143027735304,0.0,0.0,0.0,0.0,0.0,-89.80315879586034,-63.96918677672613,0.0,0.0,0.0,0.0,0.0,0.0,0.0,0.0,-239.17578024334892,10.048574087795513,81.97105514545252,18.1122484830756,248.69240222575516,-290.49227829923046,0.0,0.0,0.0,0.0,0.0,-91.74282297408638,-66.01880420403815,0.0,0.0,0.0,0.0,0.0,0.0,0.0,0.0,-393.3592193857548,24.8573780273551,16.515082992683215,15.897160257153763,346.76450753380516,-305.79587259537675,0.0,0.0,0.0,0.0,0.0,-98.97490158988215,-53.10286576731915,0.0,0.0,0.0,0.0,0.0,0.0,0.0,0.0,-201.2253826306156,51.213586703885795,91.46607162885174,41.68547086011077,277.650522979217,-211.10785568854462,0.0,0.0,0.0,0.0,0.0,-97.60007883877539,-42.53898071131889,0.0,0.0,0.0,0.0,0.0,0.0,0.0,0.0,-268.5826645043348,25.602681084915076,114.1800628845808,45.06070903436664,333.00917912935535,-333.34105702862274,0.0,0.0,0.0,0.0,0.0,-105.31840836345047,-60.18707288384083,0.0,0.0,0.0,0.0,0.0,0.0,0.0,0.0,-330.3508601201554,6.4367760914627405,27.45168932810745,15.190792821108621,301.8694660402905,-307.73936405772764,0.0,0.0,0.0,0.0,0.0,-104.39118123805713,-58.624176000547436,0.0,0.0,0.0,0.0,0.0,0.0,0.0,0.0,-790.315361186149,-373.0674130367862,291.439476926006,-528.5122118830028,379.9427514921047,-1484.2539745159443,3.5498858973089503e6,150094.35063899515,33271.67974216004,0.0,0.0,-4045.1909609660784,-847.4983454626788,159.25505222909504,15634.828191561992,0.0,0.0,0.0,0.0,0.0,0.0,-254.80591482416682,-58.96357184815719,282.70430029744887,-74.68718218235918,388.7825368387736,-556.708989148288,0.0,0.0,0.0,0.0,0.0,-145.2433788232218,-117.82705937146471,0.0,0.0,-1617.2925690508239,1486.4129118253707,404.32316033735873,743.2064337634091,2396.0937355185656,-1985.6439415064349,0.0,0.0,0.0,0.0,0.0,-52.22969405624826,-61.010852561147324,0.0,0.0
0.0,0.0,0.0,0.0,0.0,0.0,-283.81209522525165,-299.46016121963135,141.90604761262574,-623.8753110836543,-893.7725149018568,-547.6000941246834,0.0,0.0,0.0,0.0,0.0,172.177374714324,-97.85724650497944,0.0,0.0,0.0,0.0,0.0,0.0,0.0,0.0,-47.34193134959472,-157.81213199179183,5.9177406376657435,-120.16151948743499,-161.2528780601108,-206.32663272008548,0.0,0.0,0.0,0.0,0.0,63.96918677672619,-89.80315879586034,0.0,0.0,0.0,0.0,0.0,0.0,0.0,0.0,-20.97291945140413,-114.59422963743418,7.187903119467256,-206.55260575136737,-196.4619962487498,-212.98871018530917,0.0,0.0,0.0,0.0,0.0,66.01880420403808,-91.74282297408645,0.0,0.0,0.0,0.0,0.0,0.0,0.0,0.0,-39.11241391078933,-249.9942560211012,1.6421243737201092,-159.8800463573368,-220.14427677691162,-311.2087845630176,0.0,0.0,0.0,0.0,0.0,53.102865767319,-98.97490158988224,0.0,0.0,0.0,0.0,0.0,0.0,0.0,0.0,-63.86810455957903,-161.3555569159294,29.03095300441808,-131.33589734353785,-139.79528683581765,-266.79786028662653,0.0,0.0,0.0,0.0,0.0,42.53898071131876,-97.6000788387755,0.0,0.0,0.0,0.0,0.0,0.0,0.0,0.0,-49.58414245455542,-138.68216659274975,21.079247664726985,-244.08056079616594,-236.45649599644918,-302.869545210471,0.0,0.0,0.0,0.0,0.0,60.187072883840685,-105.31840836345066,0.0,0.0,0.0,0.0,0.0,0.0,0.0,0.0,-19.968236681357695,-106.48884787112084,1.6593322312143293,-251.31370157714218,-232.81246251298026,-263.0317917010377,0.0,0.0,0.0,0.0,0.0,58.624176000547294,-104.39118123805734,0.0,0.0,0.0,0.0,0.0,0.0,0.0,0.0,658.681802754906,-447.62267007801273,-242.89782216488288,-634.1321680341424,-1396.5930933788602,-58.75224574256322,-150094.35063899515,3.5498858973089503e6,-3372.544706491036,0.0,0.0,847.498345462679,-4045.1909609660784,3766.545919792852,369779.78096968227,0.0,0.0,0.0,0.0,0.0,0.0,63.35694036992426,-237.13687527124048,-70.2938136605919,-300.37333985037526,-414.8525631755912,-245.52457068356335,0.0,0.0,0.0,0.0,0.0,117.82705937146469,-145.24337882322186,0.0,0.0,-1783.695460523544,-1347.7438329807517,445.92388506523594,-673.8718964074299,-1966.852087631209,-2369.0564145469743,0.0,0.0,0.0,0.0,0.0,61.010852561147296,-52.229694056248285,0.0,0.0
0.0,0.0,0.0,0.0,0.0,0.0,0.0,0.0,0.0,0.0,0.0,0.0,0.0,0.0,0.0,0.0,0.0,0.0,0.0,0.0,0.0,0.0,0.0,0.0,0.0,0.0,0.0,0.0,0.0,0.0,0.0,0.0,0.0,0.0,0.0,0.0,0.0,0.0,0.0,0.0,0.0,0.0,0.0,0.0,0.0,0.0,0.0,0.0,0.0,0.0,0.0,0.0,0.0,0.0,0.0,0.0,0.0,0.0,0.0,0.0,0.0,0.0,0.0,0.0,0.0,0.0,0.0,0.0,0.0,0.0,0.0,0.0,0.0,0.0,0.0,0.0,0.0,0.0,0.0,0.0,0.0,0.0,0.0,0.0,0.0,0.0,0.0,0.0,0.0,0.0,0.0,0.0,0.0,0.0,0.0,0.0,0.0,0.0,0.0,0.0,0.0,0.0,0.0,0.0,0.0,0.0,0.0,0.0,0.0,0.0,0.0,0.0,0.0,0.0,0.0,0.0,0.0,0.0,0.0,0.0,0.0,0.0,0.0,0.0,0.0,0.0,0.0,0.0,0.0,0.0,0.0,0.0,0.0,0.0,0.0,0.0,0.0,0.0,0.0,0.0,0.0,0.0,0.0,0.0,0.0,0.0,0.0,0.0,0.0,0.0,0.0,0.0,0.0,0.0,0.0,0.0,0.0,0.0,0.0,0.0,0.0,0.0,0.0,0.0,0.0,0.0,0.0,771.0628438351062,0.0,0.0,0.0,0.0,0.0,0.0,0.0,0.0,0.0,0.0,0.0,0.0,0.0,0.0,0.0,0.0,0.0,0.0,0.0,0.0,0.0,0.0,0.0,0.0,0.0,0.0,0.0,0.0,0.0,0.0,0.0,0.0,0.0,0.0,0.0,0.0
0.0,0.0,0.0,0.0,0.0,0.0,0.0,0.0,0.0,0.0,0.0,0.0,0.0,0.0,0.0,0.0,0.0,0.0,0.0,0.0,0.0,0.0,0.0,0.0,0.0,0.0,0.0,0.0,0.0,0.0,0.0,0.0,0.0,0.0,0.0,0.0,0.0,0.0,0.0,0.0,0.0,0.0,0.0,0.0,0.0,0.0,0.0,0.0,0.0,0.0,0.0,0.0,0.0,0.0,0.0,0.0,0.0,0.0,0.0,0.0,0.0,0.0,0.0,0.0,0.0,0.0,0.0,0.0,0.0,0.0,0.0,0.0,0.0,0.0,0.0,0.0,0.0,0.0,0.0,0.0,0.0,0.0,0.0,0.0,0.0,0.0,0.0,0.0,0.0,0.0,0.0,0.0,0.0,0.0,0.0,0.0,0.0,0.0,0.0,0.0,0.0,0.0,0.0,0.0,0.0,0.0,0.0,0.0,0.0,0.0,0.0,0.0,0.0,0.0,0.0,0.0,0.0,0.0,0.0,0.0,0.0,0.0,0.0,0.0,0.0,0.0,0.0,0.0,0.0,0.0,0.0,0.0,0.0,0.0,0.0,0.0,0.0,0.0,0.0,0.0,0.0,0.0,0.0,0.0,0.0,0.0,0.0,0.0,0.0,0.0,0.0,0.0,0.0,0.0,0.0,0.0,0.0,0.0,0.0,0.38727046960404965,-475.3653498955809,0.2664053078366713,0.0,0.0,-0.04408859953670656,0.16063447106764905,-0.5043783014032672,-49.51722394745633,0.0,0.0,0.0,0.0,0.0,0.0,0.0,0.0,0.0,0.0,0.0,0.0,0.0,0.0,0.0,0.0,0.0,0.0,0.0,0.0,0.0,0.0,0.0,0.0,0.0,0.0,0.0,0.0,0.0,0.0,0.0,0.0,0.0,0.0,0.0,0.0
0.0,0.0,0.0,0.0,0.0,0.0,0.0,0.0,0.0,0.0,0.0,0.0,0.0,0.0,0.0,0.0,0.0,0.0,0.0,0.0,0.0,0.0,0.0,0.0,0.0,0.0,0.0,0.0,0.0,0.0,0.0,0.0,0.0,0.0,0.0,0.0,0.0,0.0,0.0,0.0,0.0,0.0,0.0,0.0,0.0,0.0,0.0,0.0,0.0,0.0,0.0,0.0,0.0,0.0,0.0,0.0,0.0,0.0,0.0,0.0,0.0,0.0,0.0,0.0,0.0,0.0,0.0,0.0,0.0,0.0,0.0,0.0,0.0,0.0,0.0,0.0,0.0,0.0,0.0,0.0,0.0,0.0,0.0,0.0,0.0,0.0,0.0,0.0,0.0,0.0,0.0,0.0,0.0,0.0,0.0,0.0,0.0,0.0,0.0,0.0,0.0,0.0,0.0,0.0,0.0,0.0,0.0,0.0,0.0,0.0,0.0,0.0,0.0,0.0,0.0,0.0,0.0,0.0,0.0,0.0,0.0,0.0,0.0,0.0,0.0,0.0,0.0,0.0,0.0,0.0,0.0,0.0,0.0,0.0,0.0,0.0,0.0,0.0,0.0,0.0,0.0,0.0,0.0,0.0,0.0,0.0,0.0,0.0,0.0,0.0,0.0,0.0,0.0,0.0,0.0,0.0,0.0,0.0,0.0,0.0,0.0,0.0,0.0,0.0,0.0,0.0,0.0,0.0,-2.0,0.0,0.0,0.0,0.0,0.0,0.0,0.0,0.0,0.0,-40.0,0.0,0.0,0.0,0.0,0.0,0.0,0.0,0.0,0.0,0.0,0.0,0.0,0.0,0.0,0.0,0.0,0.0,0.0,0.0,0.0,0.0,0.0,0.0,0.0,0.0
0.0,0.0,0.0,0.0,0.0,0.0,0.0,0.0,0.0,0.0,0.0,0.0,0.0,0.0,0.0,0.0,0.0,0.0,0.0,0.0,0.0,0.0,0.0,0.0,0.0,0.0,0.0,0.0,0.0,0.0,0.0,0.0,0.0,0.0,0.0,0.0,0.0,0.0,0.0,0.0,0.0,0.0,0.0,0.0,0.0,0.0,0.0,0.0,0.0,0.0,0.0,0.0,0.0,0.0,0.0,0.0,0.0,0.0,0.0,0.0,0.0,0.0,0.0,0.0,0.0,0.0,0.0,0.0,0.0,0.0,0.0,0.0,0.0,0.0,0.0,0.0,0.0,0.0,0.0,0.0,0.0,0.0,0.0,0.0,0.0,0.0,0.0,0.0,0.0,0.0,0.0,0.0,0.0,0.0,0.0,0.0,0.0,0.0,0.0,0.0,0.0,0.0,0.0,0.0,0.0,0.0,0.0,0.0,0.0,0.0,0.0,0.0,0.0,0.0,0.0,0.0,0.0,0.0,0.0,0.0,0.0,0.0,0.0,0.0,0.0,0.0,0.0,0.0,0.0,0.0,0.0,0.0,0.0,0.0,0.0,0.0,0.0,0.0,0.0,0.0,0.0,0.0,0.0,0.0,0.0,0.0,0.0,0.0,0.0,0.0,0.0,0.0,0.0,0.0,0.0,0.0,0.0,0.0,0.0,0.0,0.0,0.0,0.0,0.0,0.0,0.0,0.0,0.0,-0.4444444444444445,-0.1388888888888889,0.0,0.0,0.0,0.0,0.0,0.0,0.0,0.0,-11.666666666666666,0.0,0.0,0.0,0.0,0.0,0.0,0.0,0.0,0.0,0.0,0.0,0.0,0.0,0.0,0.0,0.0,0.0,0.0,0.0,0.0,0.0,0.0,0.0,0.0,0.0
0.0,0.0,0.0,0.0,0.0,0.0,0.0,0.0,0.0,0.0,0.0,0.0,0.0,0.0,0.0,0.0,0.0,0.0,0.0,0.0,0.0,0.0,0.0,0.0,0.0,0.0,0.0,0.0,0.0,0.0,0.0,0.0,0.0,0.0,0.0,0.0,0.0,0.0,0.0,0.0,0.0,0.0,0.0,0.0,0.0,0.0,0.0,0.0,0.0,0.0,0.0,0.0,0.0,0.0,0.0,0.0,0.0,0.0,0.0,0.0,0.0,0.0,0.0,0.0,0.0,0.0,0.0,0.0,0.0,0.0,0.0,0.0,0.0,0.0,0.0,0.0,0.0,0.0,0.0,0.0,0.0,0.0,0.0,0.0,0.0,0.0,0.0,0.0,0.0,0.0,0.0,0.0,0.0,0.0,0.0,0.0,0.0,0.0,0.0,0.0,0.0,0.0,0.0,0.0,0.0,0.0,0.0,0.0,0.0,0.0,0.0,0.0,0.0,0.0,0.0,0.0,0.0,0.0,0.0,0.0,0.0,0.0,0.0,0.0,0.0,0.0,0.0,0.0,0.0,0.0,0.0,0.0,0.0,0.0,0.0,0.0,0.0,0.0,0.0,0.0,0.0,0.0,0.0,0.0,0.0,0.0,0.0,0.0,0.0,0.0,0.0,0.0,0.0,0.0,0.0,0.0,0.0,0.0,0.0,0.0,0.0,0.0,0.0,0.0,0.0,0.0,0.0,0.0,0.0,0.0,-1.0,-0.03386774742636574,0.02142857142857143,0.0,0.0,0.0,0.0,0.0,0.0,0.0,0.0,0.0,0.0,0.0,0.0,0.0,0.0,0.0,0.0,0.0,0.0,0.0,0.0,0.0,0.0,0.0,0.0,0.0,0.0,0.0,0.0,0.0,0.0,0.0
0.0,0.0,0.0,0.0,0.0,0.0,0.0,0.0,0.0,0.0,0.0,0.0,0.0,0.0,0.0,0.0,0.0,0.0,0.0,0.0,0.0,0.0,0.0,0.0,0.0,0.0,0.0,0.0,0.0,0.0,0.0,0.0,0.0,0.0,0.0,0.0,0.0,0.0,0.0,0.0,0.0,0.0,0.0,0.0,0.0,0.0,0.0,0.0,0.0,0.0,0.0,0.0,0.0,0.0,0.0,0.0,0.0,0.0,0.0,0.0,0.0,0.0,0.0,0.0,0.0,0.0,0.0,0.0,0.0,0.0,0.0,0.0,0.0,0.0,0.0,0.0,0.0,0.0,0.0,0.0,0.0,0.0,0.0,0.0,0.0,0.0,0.0,0.0,0.0,0.0,0.0,0.0,0.0,0.0,0.0,0.0,0.0,0.0,0.0,0.0,0.0,0.0,0.0,0.0,0.0,0.0,0.0,0.0,0.0,0.0,0.0,0.0,0.0,0.0,0.0,0.0,0.0,0.0,0.0,0.0,0.0,0.0,0.0,0.0,0.0,0.0,0.0,0.0,0.0,0.0,0.0,0.0,0.0,0.0,0.0,0.0,0.0,0.0,0.0,0.0,0.0,0.0,0.0,0.0,0.0,0.0,0.0,0.0,0.0,0.0,0.0,0.0,0.0,0.0,0.0,0.0,0.0,0.0,0.0,0.0,0.0,0.0,0.0,0.0,0.0,0.0,0.0,0.0,0.0,0.0,0.0,-1.1289249142121913,0.7142857142857143,0.0,0.0,0.0,0.0,0.0,0.0,0.0,0.0,0.0,0.0,0.0,0.0,0.0,0.0,0.0,0.0,0.0,0.0,0.0,0.0,0.0,0.0,0.0,0.0,0.0,0.0,0.0,0.0,0.0,0.0,0.0
0.0,0.0,0.0,0.0,0.0,0.0,0.0,0.0,0.0,0.0,0.0,0.0,0.0,0.0,0.0,0.0,0.0,0.0,0.0,0.0,0.0,0.0,0.0,0.0,0.0,0.0,0.0,0.0,0.0,0.0,0.0,0.0,0.0,0.0,0.0,0.0,0.0,0.0,0.0,0.0,0.0,0.0,0.0,0.0,0.0,0.0,0.0,0.0,0.0,0.0,0.0,0.0,0.0,0.0,0.0,0.0,0.0,0.0,0.0,0.0,0.0,0.0,0.0,0.0,0.0,0.0,0.0,0.0,0.0,0.0,0.0,0.0,0.0,0.0,0.0,0.0,0.0,0.0,0.0,0.0,0.0,0.0,0.0,0.0,0.0,0.0,0.0,0.0,0.0,0.0,0.0,0.0,0.0,0.0,0.0,0.0,0.0,0.0,0.0,0.0,0.0,0.0,0.0,0.0,0.0,0.0,0.0,0.0,0.0,0.0,0.0,0.0,0.0,0.0,0.0,0.0,0.0,0.0,0.0,0.0,0.0,0.0,0.0,0.0,0.0,0.0,0.0,0.0,0.0,0.0,0.0,0.0,0.0,0.0,0.0,0.0,0.0,0.0,0.0,0.0,0.0,0.0,0.0,0.0,0.0,0.0,0.0,0.0,0.0,0.0,0.0,0.0,0.0,0.0,0.0,0.0,0.0,0.0,0.0,0.0,0.0,0.0,0.0,0.0,0.0,0.0,0.0,0.0,0.0,0.0,-2000.0,0.0,-50.0,-2000.0,0.0,0.0,0.0,0.0,0.0,0.0,0.0,0.0,0.0,0.0,0.0,0.0,0.0,0.0,0.0,0.0,0.0,0.0,0.0,0.0,0.0,0.0,0.0,0.0,0.0,0.0,0.0,0.0,0.0,0.0
0.0,0.0,0.0,0.0,0.0,0.0,3.3212258995099924,1.223792971975312,-1.6606129497549957,2.5495685903044802,3.1685810573343516,5.738771033212161,0.0,0.0,0.0,0.0,0.0,-0.6501412523832516,1.0291316740506338,0.0,0.0,0.0,0.0,0.0,0.0,0.0,0.0,1.0333821416965694,1.0476655467368858,-0.12917275066362924,0.7977148678093161,0.521754694766443,2.1474613183103166,0.0,0.0,0.0,0.0,0.0,-0.20698063763365412,0.8240527811424073,0.0,0.0,0.0,0.0,0.0,0.0,0.0,0.0,0.8107303138767944,0.8103203572533672,-0.27785597354075225,1.4605777429947169,0.7530462939398131,2.3558356364840445,0.0,0.0,0.0,0.0,0.0,-0.23059032649055755,0.852295971620692,0.0,0.0,0.0,0.0,0.0,0.0,0.0,0.0,1.1790175964675647,2.0579822590309464,-0.04950074256782724,1.3161514356900743,1.1113547394918388,3.288403961469045,0.0,0.0,0.0,0.0,0.0,-0.23500810082059465,0.9505712993804861,0.0,0.0,0.0,0.0,0.0,0.0,0.0,0.0,0.9736025217653695,1.252421434993163,-0.44254654571730534,1.0194126323322787,0.5817853715987578,2.7089972341633417,0.0,0.0,0.0,0.0,0.0,-0.1487449035907337,0.916167714096751,0.0,0.0,0.0,0.0,0.0,0.0,0.0,0.0,0.9982704405082596,1.1161615655725066,-0.4243854750767492,1.9644439336175374,1.2788144318097694,3.277392545554022,0.0,0.0,0.0,0.0,0.0,-0.2811600817184108,1.019436352572069,0.0,0.0,0.0,0.0,0.0,0.0,0.0,0.0,0.8813768826680319,0.8855856146556406,-0.07324117259806222,2.08998222191241,1.315216695727368,2.885663387897948,0.0,0.0,0.0,0.0,0.0,-0.26995929771502636,1.008232544569308,0.0,0.0,0.0,0.0,0.0,0.0,0.0,0.0,0.07110769099916511,1.7637383205371315,-0.026221922650104517,2.498629492675568,2.4290189983620154,3.0890965154425873,0.0,0.0,0.0,0.0,0.0,-0.7752938112714511,1.2780179619154912,0.0,0.0,0.0,0.0,0.0,0.0,0.0,-100.0,-4.365648123283928,5.853068946970334,4.843637554055705,7.413886456777553,15.33386242444644,0.9271471934813276,0.0,0.0,0.0,0.0,0.0,-4.715743595200784,2.7387331908562094,0.0,0.0,15.72303067175927,3.5860205978466735,-3.930757843658377,1.7930102454874697,4.538553451607537,20.385578802099413,0.0,0.0,0.0,0.0,0.0,-0.20844976413429347,0.5022101318229277,0.0,0.0
0.0,0.0,0.0,0.0,0.0,0.0,-0.2610233405284127,-0.34956732221092607,0.1305116702642063,-0.7282652256674359,-1.059059209957663,-0.5253945847117129,0.0,0.0,0.0,0.0,0.0,0.20272617515050886,-0.09377196848092068,0.0,0.0,0.0,0.0,0.0,0.0,0.0,0.0,0.004250260084459141,-0.22718933675346406,-0.0005312824404378207,-0.1729868012749407,-0.2873959002351278,-0.2187238226567751,0.0,0.0,0.0,0.0,0.0,0.11401025669850978,-0.10633763614133747,0.0,0.0,0.0,0.0,0.0,0.0,0.0,0.0,0.043629727124780235,-0.16355773081686478,-0.014952913562099105,-0.2948078240753603,-0.3510547571759104,-0.20962767767188947,0.0,0.0,0.0,0.0,0.0,0.12046241438099792,-0.10833634201834903,0.0,0.0,0.0,0.0,0.0,0.0,0.0,0.0,0.14104313307028812,-0.39175068081642167,-0.005921658711447569,-0.25053822438288775,-0.5104460203831562,-0.3161616289742276,0.0,0.0,0.0,0.0,0.0,0.1309366051984344,-0.12303764444813117,0.0,0.0,0.0,0.0,0.0,0.0,0.0,0.0,0.0056425949408926025,-0.27076369399593503,-0.0025648155629733947,-0.2203890178851135,-0.3534028611817755,-0.2970454045196529,0.0,0.0,0.0,0.0,0.0,0.11421734012851692,-0.12633346389460956,0.0,0.0,0.0,0.0,0.0,0.0,0.0,0.0,0.061610366916307516,-0.22333727545115514,-0.0261918451878809,-0.3930735203963536,-0.5281756588544763,-0.2894862325510473,0.0,0.0,0.0,0.0,0.0,0.14491004831567217,-0.12904864284475343,0.0,0.0,0.0,0.0,0.0,0.0,0.0,0.0,0.13798067421276633,-0.16475757845178754,-0.011465998909141531,-0.38882791702016495,-0.5067892141577222,-0.24211641714240495,0.0,0.0,0.0,0.0,0.0,0.1420678079805165,-0.12843864439838412,0.0,0.0,0.0,0.0,0.0,0.0,0.0,0.0,0.29936966124204206,-0.27575753714003814,-0.11039661097938108,-0.39065654303856345,-0.7377004669236338,-0.15023236242160798,0.0,0.0,0.0,0.0,0.0,0.2468112966000651,-0.11964661048194546,0.0,0.0,0.0,0.0,0.0,0.0,0.0,0.0,-35.97047326065114,-0.49691213438312093,-20.362271344589654,-0.6294219625105196,12.825119361289813,-8.606771429532047,0.0,0.0,0.0,0.0,0.0,0.9994934422545919,0.04797864310633176,0.0,0.0,-1.9936571400844685,-1.8582275605998204,0.49841430730197167,-0.9291137526101645,-2.7413068517816135,-2.669018578044305,0.0,0.0,0.0,0.0,0.0,0.08216369318683492,-0.05660404505651581,0.0,0.0
0.0,0.0,0.0,0.0,0.0,0.0,0.47340092440968357,-0.08366025860426826,-0.23670046220484173,-0.1742921984998091,-0.37344917484261897,0.7422399221094139,0.0,0.0,0.0,0.0,0.0,0.06177917430211987,0.133560763553488,0.0,0.0,0.0,0.0,0.0,0.0,0.0,0.0,0.23435150085279827,0.001788437815427506,-0.02929393374033599,0.0013617546553501747,-0.17660081906493608,0.25521667953523636,0.0,0.0,0.0,0.0,0.0,0.07005773115862175,0.07511263371035841,0.0,0.0,0.0,0.0,0.0,0.0,0.0,0.0,0.22490266060840733,0.01377200315055949,-0.07707932791662088,0.024823615867607795,-0.18995962061541635,0.3108643168222108,0.0,0.0,0.0,0.0,0.0,0.07137452551363938,0.07936346666767559,0.0,0.0,0.0,0.0,0.0,0.0,0.0,0.0,0.4061048065364695,0.05905568482340487,-0.017050203104811836,0.0377681702672132,-0.2725577595091598,0.40993163800362653,0.0,0.0,0.0,0.0,0.0,0.0810600886940954,0.0862641094788131,0.0,0.0,0.0,0.0,0.0,0.0,0.0,0.0,0.22246327803828375,0.002980911664942468,-0.10111965924890724,0.002426323058839653,-0.23047262853702,0.30043217228731367,0.0,0.0,0.0,0.0,0.0,0.08323145192076938,0.07524906513570609,0.0,0.0,0.0,0.0,0.0,0.0,0.0,0.0,0.28496245290468725,0.020958756003788263,-0.1211434507601158,0.036887402646492096,-0.25334189345674946,0.4346519236759083,0.0,0.0,0.0,0.0,0.0,0.08502027555687029,0.09547014185634864,0.0,0.0,0.0,0.0,0.0,0.0,0.0,0.0,0.33673307821305376,0.029303265212852876,-0.0279820426265573,0.06915571157133273,-0.22345500102533902,0.3957067856963043,0.0,0.0,0.0,0.0,0.0,0.08461839425958323,0.09359760719680564,0.0,0.0,0.0,0.0,0.0,0.0,0.0,0.0,0.3207633998863729,0.11170908709472172,-0.11828584141346711,0.1582545530505522,-0.21073618689967655,0.5345816248184008,0.0,0.0,0.0,0.0,0.0,0.07882599590650478,0.16260507654257075,0.0,0.0,0.0,0.0,0.0,0.0,0.0,0.0,0.35177022856334433,-24.53663964262778,-0.39028511720420206,14.253589789502016,-6.3722827565620594,-8.560409881247914,0.0,0.0,0.0,0.0,0.0,-0.03160945646404312,0.6584897446771186,0.0,0.0,1.4690927028902157,-1.0945567944943986,-0.36727319214094417,-0.5472783809370338,-1.782028097374824,1.8190194310670975,0.0,0.0,0.0,0.0,0.0,0.03729207376576558,0.05413137001307775,0.0,0.0
0.0,0.0,0.0,0.0,0.0,0.0,0.012410333409412432,0.016620149787719363,-0.006205166704706213,0.03462531068186245,0.05035288365123372,0.02497984262469584,0.0,0.0,0.0,0.0,0.0,-0.009638599442255235,0.004458380583702878,0.0,0.0,0.0,0.0,0.0,0.0,0.0,0.0,-0.0002020782686256144,0.010801698462926775,2.5259780244372417e-5,0.008224643339954887,0.01366421460699961,0.01039920628652098,0.0,0.0,0.0,0.0,0.0,-0.005420608344284023,0.005055814226464296,0.0,0.0,0.0,0.0,0.0,0.0,0.0,0.0,-0.002074371813202927,0.007776338955034084,0.0007109350542066769,0.014016613920701769,0.01669086976166079,0.009966730816035236,0.0,0.0,0.0,0.0,0.0,-0.005727375654393838,0.005150842534166019,0.0,0.0,0.0,0.0,0.0,0.0,0.0,0.0,-0.006705884243788034,0.01862575412778804,0.0002815447798539554,0.011911819418521976,0.02426911435444278,0.015031878830797579,0.0,0.0,0.0,0.0,0.0,-0.006225370201452528,0.005849814757634064,0.0,0.0,0.0,0.0,0.0,0.0,0.0,0.0,-0.0002682767156721718,0.01287343771959699,0.00012194394649042917,0.010478377857667101,0.01680251017486587,0.014122999500197594,0.0,0.0,0.0,0.0,0.0,-0.005430454109052609,0.006006514224069594,0.0,0.0,0.0,0.0,0.0,0.0,0.0,0.0,-0.0029292598637338414,0.010618552522880293,0.0012452891405469345,0.018688648427588536,0.025112068567702015,0.013763599286256693,0.0,0.0,0.0,0.0,0.0,-0.006889736413344999,0.006135607185523882,0.0,0.0,0.0,0.0,0.0,0.0,0.0,0.0,-0.006560279887497463,0.007833385612853046,0.0005451499817845468,0.01848679156177736,0.024095251801081144,0.011511405281025261,0.0,0.0,0.0,0.0,0.0,-0.00675460232871657,0.006106604859205702,0.0,0.0,0.0,0.0,0.0,0.0,0.0,0.0,-0.014233506096257264,0.013110869584069975,0.005248797853670057,0.0185737334364906,0.035073908456876024,0.007142785402874314,0.0,0.0,0.0,0.0,0.0,-0.01173462294144066,0.005688588324634574,0.0,0.0,0.0,0.0,0.0,0.0,0.0,0.0,-0.8725843441640597,0.023625646849792032,-2.124879101349593,0.029925815806927693,-0.6097692526917609,0.4092082447602853,0.0,0.0,0.0,0.0,0.0,-0.04752083409012462,-0.0022811406683992397,0.0,0.0,0.0947882659168203,0.0883492776198406,-0.023697067538546487,0.0441746374934136,0.1303352104039654,0.1268982703324195,0.0,0.0,0.0,0.0,0.0,-0.0039064660828149085,0.0026912346997424916,0.0,0.0
0.0,0.0,0.0,0.0,0.0,0.0,0.015594109295552067,-0.00275581890338705,-0.007797054647776032,-0.005741289153918017,-0.012301638946082319,0.02444982650452022,0.0,0.0,0.0,0.0,0.0,0.0020350429130605065,0.004399571350748034,0.0,0.0,0.0,0.0,0.0,0.0,0.0,0.0,0.007719678457392649,5.8912210188122564e-5,-0.0009649596798170418,4.4857011962401895e-5,-0.0058173364946777365,0.008406989909627124,0.0,0.0,0.0,0.0,0.0,0.0023077435221493287,0.002474255032384424,0.0,0.0,0.0,0.0,0.0,0.0,0.0,0.0,0.007408428014291002,0.000453658012215151,-0.002539039114590493,0.0008177047381835614,-0.006257383399308408,0.010240056329965037,0.0,0.0,0.0,0.0,0.0,0.0023511195149560947,0.0026142800097673853,0.0,0.0,0.0,0.0,0.0,0.0,0.0,0.0,0.0133773349650206,0.0019453295424131476,-0.0005616438773526786,0.0012441060941618541,-0.008978215444840168,0.013503393079987143,0.0,0.0,0.0,0.0,0.0,0.0026701677530079015,0.0028415913069318966,0.0,0.0,0.0,0.0,0.0,0.0,0.0,0.0,0.007328073294959589,9.819301126516301e-5,-0.003330941992187176,7.992453122698135e-5,-0.007591906085779383,0.009896415256033804,0.0,0.0,0.0,0.0,0.0,0.0027416937550310693,0.0024787491650498225,0.0,0.0,0.0,0.0,0.0,0.0,0.0,0.0,0.00938683345679036,0.0006903939451099154,-0.0039905376482930535,0.0012150930824981459,-0.008345233336062846,0.014317694059799397,0.0,0.0,0.0,0.0,0.0,0.002800618674382693,0.003144843513827552,0.0,0.0,0.0,0.0,0.0,0.0,0.0,0.0,0.011092188786132906,0.0009652670640970749,-0.0009217452027062532,0.0022780304580093413,-0.007360741242683468,0.01303481794598191,0.0,0.0,0.0,0.0,0.0,0.0027873804643357915,0.003083161103348454,0.0,0.0,0.0,0.0,0.0,0.0,0.0,0.0,0.010566138040559043,0.003679764072352965,-0.003896406289062612,0.005212999530717801,-0.00694177590620316,0.017609438120990348,0.0,0.0,0.0,0.0,0.0,0.0025965754017687587,0.005356308373876487,0.0,0.0,0.0,0.0,0.0,0.20876826888598693,0.0,0.0,0.01158752150300177,0.37067512051465507,-0.012856224946537478,-0.9181731954338928,-0.2099068012845602,-0.2819850161242593,0.0,0.0,0.0,0.0,0.0,-0.0010412343818042616,0.021691045621213656,0.0,0.0,0.0483927913802346,-0.03605535478161317,-0.012098198385890234,-0.018027676853539988,-0.05870107024581736,0.05991958687905981,0.0,0.0,0.0,0.0,0.0,0.001228423190948131,0.001783119670403071,0.0,0.0
0.0,0.0,0.0,0.0,0.0,0.0,0.004505547961518549,-0.006827742210046498,-0.0022527739807592746,-0.014224462372367517,-0.022835974558178124,0.0052939125523783215,0.0,0.0,0.0,0.0,0.0,0.004197319456440401,0.0009643238311564518,0.0,0.0,0.0,0.0,0.0,0.0,0.0,0.0,0.004264825552696568,-0.003430950018298034,-0.0005331031237272032,-0.002612398440352974,-0.007545753044895005,0.0012400205264125343,0.0,0.0,0.0,0.0,0.0,0.0029934081903334304,-0.0002747175744891091,0.0,0.0,0.0,0.0,0.0,0.0,0.0,0.0,0.004695737221974033,-0.0022462569214315147,-0.0016093374269725675,-0.004048809628344148,-0.008755508460408885,0.0023759863479465362,0.0,0.0,0.0,0.0,0.0,0.0031153567037595854,-0.0002290001702085214,0.0,0.0,0.0,0.0,0.0,0.0,0.0,0.0,0.009428089326890085,-0.004912984529053161,-0.0003958358417000137,-0.0031420249679320516,-0.012665399163629599,0.0025275914790478435,0.0,0.0,0.0,0.0,0.0,0.0034485970685088382,-0.00032941614220253617,0.0,0.0,0.0,0.0,0.0,0.0,0.0,0.0,0.004072988311506782,-0.004073773892588691,-0.001851358092967914,-0.003315861938591798,-0.00951737290579532,0.0008565306032010547,0.0,0.0,0.0,0.0,0.0,0.0032326637003898926,-0.0005770649215765702,0.0,0.0,0.0,0.0,0.0,0.0,0.0,0.0,0.006046202141930133,-0.003028664011681401,-0.00257036596927248,-0.0053304475160471645,-0.012591262451257705,0.0033772354199863444,0.0,0.0,0.0,0.0,0.0,0.003732565846483633,-0.0002560504065482088,0.0,0.0,0.0,0.0,0.0,0.0,0.0,0.0,0.008138131099786509,-0.0019861952091859364,-0.0006762671862924511,-0.004687421077927475,-0.011729641208758081,0.003401310745889024,0.0,0.0,0.0,0.0,0.0,0.0036820396334969036,-0.00028031182315965843,0.0,0.0,0.0,0.0,0.0,0.0,0.0,0.0,0.010311943626354729,-0.0022012713767029348,-0.0038026686613363454,-0.0031184680398266083,-0.015021429825539346,0.007290791476992032,0.0,0.0,0.0,0.0,0.0,0.005174812845454463,0.001090452951680005,0.0,0.0,0.0,0.14492753422878743,0.0,0.0,0.0,0.0,-0.05900289757664681,-0.11576279203835185,0.06546305208981727,-0.14663285258857947,-0.03900291958825701,-0.2846106992139056,0.0,0.0,0.0,0.0,0.0,0.01466857819073604,0.012532759953320503,0.0,0.0,-0.004059893605275629,-0.047941206798045796,0.0010149734466917534,-0.023970602684643322,-0.07372264805566367,-0.008082920075127332,0.0,0.0,0.0,0.0,0.0,0.001920752287391869,0.00010733626629003755,0.0,0.0
0.0,0.0,0.0,0.0,0.0,0.0,0.0,0.0,0.0,0.0,0.0,0.0,0.0,0.0,0.0,0.0,0.0,0.0,0.0,0.0,0.0,0.0,0.0,0.0,0.0,0.0,0.0,0.0,0.0,0.0,0.0,0.0,0.0,0.0,0.0,0.0,0.0,0.0,0.0,0.0,0.0,0.0,0.0,0.0,0.0,0.0,0.0,0.0,0.0,0.0,0.0,0.0,0.0,0.0,0.0,0.0,0.0,0.0,0.0,0.0,0.0,0.0,0.0,0.0,0.0,0.0,0.0,0.0,0.0,0.0,0.0,0.0,0.0,0.0,0.0,0.0,0.0,0.0,0.0,0.0,0.0,0.0,0.0,0.0,0.0,0.0,0.0,0.0,0.0,0.0,0.0,0.0,0.0,0.0,0.0,0.0,0.0,0.0,0.0,0.0,0.0,0.0,0.0,0.0,0.0,0.0,0.0,0.0,0.0,0.0,0.0,0.0,0.0,0.0,0.0,0.0,0.0,0.0,0.0,0.0,0.0,0.0,0.0,0.0,0.0,0.0,0.0,0.0,0.0,0.0,0.0,0.0,0.0,0.0,0.0,0.0,0.0,0.0,0.0,0.0,0.0,0.0,0.0,0.0,0.0,0.0,0.0,0.0,0.0,0.0,0.0,0.0,0.0,0.0,0.0,0.0,0.0,0.0,0.0,0.0,0.0,0.0,0.0,0.0,0.0,0.0,0.0,0.0,0.0,0.0,0.0,0.0,0.0,0.0,0.0,0.0,0.0,0.0,376.99111843077515,0.0,0.0,0.0,0.0,0.0,0.0,0.0,0.0,0.0,0.0,0.0,0.0,0.0,0.0,0.0,0.0,0.0,0.0,0.0,0.0,0.0,0.0,0.0,0.0,0.0
0.0,0.0,0.0,0.0,0.0,0.0,0.0,0.0,0.0,0.0,0.0,0.0,0.0,0.0,0.0,0.0,0.0,0.0,0.0,0.0,0.0,0.0,0.0,0.0,0.0,0.0,0.0,0.0,0.0,0.0,0.0,0.0,0.0,0.0,0.0,0.0,0.0,0.0,0.0,0.0,0.0,0.0,0.0,0.0,0.0,0.0,0.0,0.0,0.0,0.0,0.0,0.0,0.0,0.0,0.0,0.0,0.0,0.0,0.0,0.0,0.0,0.0,0.0,0.0,0.0,0.0,0.0,0.0,0.0,0.0,0.0,0.0,0.0,0.0,0.0,0.0,0.0,0.0,0.0,0.0,0.0,0.0,0.0,0.0,0.0,0.0,0.0,0.0,0.0,0.0,0.0,0.0,0.0,0.0,0.0,0.0,0.0,0.0,0.0,0.0,0.0,0.0,0.0,0.0,0.0,0.0,0.0,0.0,0.0,0.0,0.0,0.0,0.0,0.0,0.0,0.0,0.0,0.0,0.0,0.0,0.0,0.0,0.0,0.0,0.0,0.0,0.0,0.0,0.0,0.0,0.0,0.0,0.0,0.0,0.0,0.0,0.0,0.0,0.0,0.0,0.0,0.0,0.0,0.0,0.0,0.0,0.0,0.0,0.0,0.0,0.0,0.0,0.0,0.0,0.0,0.0,0.0,0.0,0.0,0.0,0.0,0.0,0.0,0.0,0.0,0.0,0.0,0.0,0.0,0.0,0.0,0.0,0.0,0.0,0.0,0.0,0.0,0.0,0.0,0.0,0.0,0.0,8.085728307799437,0.0,0.0,-0.9907295287612337,0.13584918417327338,0.0,0.0,0.0,0.0,0.0,0.0,0.0,0.0,0.0,0.0,0.0,0.0,0.0,0.0,0.0,0.0,0.0
0.0,0.0,0.0,0.0,0.0,0.0,0.0,0.0,0.0,0.0,0.0,0.0,0.0,0.0,0.0,0.0,0.0,0.0,0.0,0.0,0.0,0.0,0.0,0.0,0.0,0.0,0.0,0.0,0.0,0.0,0.0,0.0,0.0,0.0,0.0,0.0,0.0,0.0,0.0,0.0,0.0,0.0,0.0,0.0,0.0,0.0,0.0,0.0,0.0,0.0,0.0,0.0,0.0,0.0,0.0,0.0,0.0,0.0,0.0,0.0,0.0,0.0,0.0,0.0,0.0,0.0,0.0,0.0,0.0,0.0,0.0,0.0,0.0,0.0,0.0,0.0,0.0,0.0,0.0,0.0,0.0,0.0,0.0,0.0,0.0,0.0,0.0,0.0,0.0,0.0,0.0,0.0,0.0,0.0,0.0,0.0,0.0,0.0,0.0,0.0,0.0,0.0,0.0,0.0,0.0,0.0,0.0,0.0,0.0,0.0,0.0,0.0,0.0,0.0,0.0,0.0,0.0,0.0,0.0,0.0,0.0,0.0,0.0,0.0,0.0,0.0,0.0,0.0,0.0,0.0,0.0,0.0,0.0,0.0,0.0,0.0,0.0,0.0,0.0,0.0,0.0,0.0,0.0,0.0,0.0,0.0,0.0,0.0,0.0,0.0,0.0,0.0,0.0,0.0,0.0,0.0,0.0,0.0,0.0,0.0,0.0,0.0,0.0,0.0,0.0,0.0,0.0,0.0,0.0,0.0,0.0,0.0,0.0,0.0,0.0,0.0,0.0,0.0,0.0,0.0,0.0,0.0,0.22251947516002069,0.0,0.0,-0.13584918417327338,-0.9907295287612337,1.0,98.17477042468103,0.0,0.0,0.0,0.0,0.0,0.0,0.0,0.0,0.0,0.0,0.0,0.0,0.0,0.0,0.0
0.0,0.0,0.0,0.0,0.0,0.0,0.0,0.0,0.0,0.0,0.0,0.0,0.0,0.0,0.0,0.0,0.0,0.0,0.0,0.0,0.0,0.0,0.0,0.0,0.0,0.0,0.0,0.0,0.0,0.0,0.0,0.0,0.0,0.0,0.0,0.0,0.0,0.0,0.0,0.0,0.0,0.0,0.0,0.0,0.0,0.0,0.0,0.0,0.0,0.0,0.0,0.0,0.0,0.0,0.0,0.0,0.0,0.0,0.0,0.0,0.0,0.0,0.0,0.0,0.0,0.0,0.0,0.0,0.0,0.0,0.0,0.0,0.0,0.0,0.0,0.0,0.0,0.0,0.0,0.0,0.0,0.0,0.0,0.0,0.0,0.0,0.0,0.0,0.0,0.0,0.0,0.0,0.0,0.0,0.0,0.0,0.0,0.0,0.0,0.0,0.0,0.0,0.0,0.0,0.0,0.0,0.0,0.0,0.0,0.0,0.0,0.0,0.0,0.0,0.0,0.0,0.0,0.0,0.0,0.0,0.0,0.0,0.0,0.0,0.0,0.0,0.0,0.0,0.0,0.0,0.0,0.0,0.0,0.0,0.0,0.0,0.0,0.0,0.0,0.0,0.0,0.0,0.0,0.0,0.0,0.0,0.0,0.0,0.0,0.0,0.0,0.0,0.0,0.0,0.0,0.0,0.0,0.0,0.0,0.0,0.0,0.0,0.0,0.0,0.0,0.0,0.0,0.0,0.0,0.0,0.0,0.0,0.0,0.0,0.0,0.0,0.0,0.0,0.0,0.0,0.0,0.0,0.0,1.0,0.0,0.0,0.0,0.0,0.0,0.0,0.0,0.0,0.0,0.0,0.0,0.0,0.0,0.0,0.0,0.0,0.0,0.0,0.0,0.0
0.0,0.0,0.0,0.0,0.0,0.0,1593.6870196782236,-1023.6113245077476,-796.8435098391117,-2132.523507985603,-3629.1597703157977,2280.9505569485564,0.0,0.0,0.0,0.0,0.0,651.9838200251351,411.88274345536126,0.0,0.0,0.0,0.0,0.0,0.0,0.0,0.0,1039.2003019475155,-418.1345905695856,-129.90002059901116,-318.3765856208774,-1316.0050256014006,712.9142624776906,0.0,0.0,0.0,0.0,0.0,522.0605814578546,131.1280472638584,0.0,0.0,0.0,0.0,0.0,0.0,0.0,0.0,1071.4627395146983,-246.08652592222566,-367.21498814677466,-443.5634615316852,-1494.1557211133027,974.840060663077,0.0,0.0,0.0,0.0,0.0,539.9534358729283,146.08544826381305,0.0,0.0,0.0,0.0,0.0,0.0,0.0,0.0,2051.477712346331,-474.7083347490648,-86.13075023370486,-303.5925375800972,-2156.4928432380307,1211.0092075589093,0.0,0.0,0.0,0.0,0.0,602.2136162003496,148.8842323808851,0.0,0.0,0.0,0.0,0.0,0.0,0.0,0.0,989.4986372406887,-494.5938685921305,-449.7720518521603,-402.57634006372734,-1676.830424840893,765.0172773958321,0.0,0.0,0.0,0.0,0.0,580.4179786532485,94.23407412063037,0.0,0.0,0.0,0.0,0.0,0.0,0.0,0.0,1369.46298136954,-326.5552909728722,-582.1871252169216,-574.7371887091701,-2105.18111705431,1369.8065532146497,0.0,0.0,0.0,0.0,0.0,645.8415615626385,178.12280851862297,0.0,0.0,0.0,0.0,0.0,0.0,0.0,0.0,1740.4748023206382,-179.99324847941926,-144.6309948741383,-424.78410123286346,-1933.566201042486,1287.2574672364929,0.0,0.0,0.0,0.0,0.0,638.7436345192339,171.02679726375604,0.0,0.0,0.0,0.0,0.0,0.0,0.0,0.0,1972.824142633873,-25.514913478970183,-727.5055812318794,-36.146130397736734,-2310.582209238091,2070.648991378975,0.0,0.0,0.0,0.0,0.0,809.6602736856428,491.170404584952,0.0,0.0,0.0,0.0,0.0,0.0,0.0,0.0,3984.372421921325,2573.974198557106,-4420.616446211661,3260.3669329156296,-3991.8548373724293,11224.166236883499,0.0,0.0,-65031.65721415364,-1884.9555921538756,1884.9555921538756,1735.0643973242936,2987.556015409262,0.0,0.0,2726.213668741871,-8300.818100439994,-681.5534476532796,-4150.408926528181,-12981.806587221967,2999.64162066779,0.0,0.0,0.0,0.0,0.0,318.1642237406552,132.0587801643544,0.0,0.0
0.0,0.0,0.0,0.0,0.0,0.0,6.640362581992599,-4.265047185448948,-3.320181290996299,-8.88551461660668,-15.121499042982492,9.50396065395232,0.0,0.0,0.0,0.0,0.0,2.7165992501047294,1.7161780977306722,0.0,0.0,0.0,0.0,0.0,0.0,0.0,0.0,4.330001258114649,-1.7422274607066068,-0.5412500858292132,-1.3265691067536558,-5.483354273339169,2.9704760936570445,0.0,0.0,0.0,0.0,0.0,2.175252422741061,0.5463668635994101,0.0,0.0,0.0,0.0,0.0,0.0,0.0,0.0,4.464428081311243,-1.0253605246759403,-1.530062450611561,-1.848181089715355,-6.225648837972095,4.061833586096155,0.0,0.0,0.0,0.0,0.0,2.249805982803868,0.6086893677658878,0.0,0.0,0.0,0.0,0.0,0.0,0.0,0.0,8.547823801443046,-1.97795139478777,-0.3588781259737703,-1.2649689065837382,-8.985386846825127,5.045871698162123,0.0,0.0,0.0,0.0,0.0,2.5092234008347902,0.620350968253688,0.0,0.0,0.0,0.0,0.0,0.0,0.0,0.0,4.12291098850287,-2.060807785800544,-1.874050216050668,-1.6774014169321974,-6.986793436837055,3.187571989149301,0.0,0.0,0.0,0.0,0.0,2.4184082443885355,0.39264197550262664,0.0,0.0,0.0,0.0,0.0,0.0,0.0,0.0,5.706095755706418,-1.360647045720301,-2.42577968840384,-2.394738286288209,-8.771587987726292,5.707527305061041,0.0,0.0,0.0,0.0,0.0,2.691006506510994,0.7421783688275958,0.0,0.0,0.0,0.0,0.0,0.0,0.0,0.0,7.251978343002659,-0.7499718686642469,-0.6026291453089097,-1.769933755136931,-8.056525837677025,5.363572780152054,0.0,0.0,0.0,0.0,0.0,2.6614318104968078,0.7126116552656503,0.0,0.0,0.0,0.0,0.0,0.0,0.0,0.0,8.220100594307805,-0.10631213949570889,-3.031273255132831,-0.15060887665723618,-9.627425871825379,8.62770413074573,0.0,0.0,0.0,0.0,0.0,3.3735844736901783,2.0465433524373,0.0,0.0,0.0,0.0,0.0,0.0,0.0,0.0,16.60155175800552,10.724892493987943,-18.41923519254859,13.584862220481792,-16.63272848905179,46.767359320347914,0.0,0.0,-270.96523839230684,0.0,0.0,7.229434988851224,12.448150064205258,0.0,0.0,11.359223619757797,-34.58674208516664,-2.8398060318886653,-17.293370527200757,-54.09086078009153,12.49850675278246,0.0,0.0,0.0,0.0,0.0,1.3256842655860634,0.5502449173514767,0.0,0.0
0.0,0.0,0.0,0.0,0.0,0.0,-369.8835344581502,180.26479911684694,184.94176722907508,375.55164990368263,659.0980674540377,-546.2128506132659,0.0,0.0,0.0,0.0,0.0,-117.02683707336139,-98.51039744030369,0.0,0.0,0.0,0.0,0.0,0.0,0.0,0.0,-221.86123146144377,64.28533553946153,27.732650272477557,48.94822407939511,249.70971056000917,-176.75942272617405,0.0,0.0,0.0,0.0,0.0,-99.0601055121786,-39.83649159252128,0.0,0.0,0.0,0.0,0.0,0.0,0.0,0.0,-224.40037509282422,34.52683978718131,76.90718308801519,62.2335762364829,280.77081691305295,-231.789396012,0.0,0.0,0.0,0.0,0.0,-102.17329889997855,-43.25801652556779,0.0,0.0,0.0,0.0,0.0,0.0,0.0,0.0,-423.27666892881035,58.155579945844934,17.771159214576564,37.192521802959675,404.814217926724,-294.1207032419685,0.0,0.0,0.0,0.0,0.0,-114.33303660486997,-45.48571266070668,0.0,0.0,0.0,0.0,0.0,0.0,0.0,0.0,-211.0735159870646,75.81539628376093,95.94249532458883,61.71019637440613,319.5930653600928,-196.58468147896184,0.0,0.0,0.0,0.0,0.0,-111.52245938577843,-34.15873858333048,0.0,0.0,0.0,0.0,0.0,0.0,0.0,0.0,-286.16390606866673,45.119171996165115,121.65421342631105,79.40972566301386,391.8718586421437,-325.13902806690874,0.0,0.0,0.0,0.0,0.0,-122.11877439472795,-52.40719313883619,0.0,0.0,0.0,0.0,0.0,0.0,0.0,0.0,-357.0783371873094,20.25354122611412,29.67270487716568,47.798361211872674,357.52525558366403,-302.2294370660156,0.0,0.0,0.0,0.0,0.0,-120.91512644413741,-50.82144589290207,0.0,0.0,0.0,0.0,0.0,0.0,0.0,0.0,-388.90646632112305,-25.095224696712783,143.41451866462327,-35.551571240699104,412.60106859746804,-459.6516953501639,0.0,0.0,0.0,0.0,0.0,-145.87634902810626,-118.34054933923848,0.0,0.0,0.0,0.0,0.0,0.0,0.0,0.0,-708.4677216288025,-605.7480566878631,786.0369790262117,-767.2807811399648,522.6963320099006,-2221.561876510467,3.520119066246381e6,482679.97416033753,43773.11750952274,0.0,0.0,-4156.039803841365,-1010.8490434800509,512.1393587939069,50279.163975035146,-804.1588254993825,1570.029934740627,201.0397153620208,785.0149439750468,2473.6605872068762,-937.4877528543974,0.0,0.0,0.0,0.0,0.0,-58.96601987037854,-34.5251197286702,0.0,0.0
0.0,0.0,0.0,0.0,0.0,0.0,-370.5442993470199,-179.94334591903652,185.2721496735099,-374.8819557681889,-492.27721540172894,-653.0063431248171,0.0,0.0,0.0,0.0,0.0,98.51039744030373,-117.02683707336143,0.0,0.0,0.0,0.0,0.0,0.0,0.0,0.0,-100.65205447056466,-141.7002741048672,12.581505148291882,-107.89360762905406,-100.41942448843189,-248.1457527504797,0.0,0.0,0.0,0.0,0.0,39.8364915925213,-99.0601055121786,0.0,0.0,0.0,0.0,0.0,0.0,0.0,0.0,-72.06282438098094,-107.51501714742938,24.69759164268353,-193.7925410334101,-134.0154610890596,-267.03013195565995,0.0,0.0,0.0,0.0,0.0,43.258016525567726,-102.1732988999786,0.0,0.0,0.0,0.0,0.0,0.0,0.0,0.0,-91.50623656126189,-269.007895900304,3.8418651875433127,-172.03993224308311,-196.4720249080214,-376.76980515388624,0.0,0.0,0.0,0.0,0.0,45.48571266070656,-114.33303660487009,0.0,0.0,0.0,0.0,0.0,0.0,0.0,0.0,-94.5488486302358,-169.2524286800108,42.97674402793185,-137.76358263164263,-117.61612002979156,-316.6522796288096,0.0,0.0,0.0,0.0,0.0,34.158738583330354,-111.52245938577856,0.0,0.0,0.0,0.0,0.0,0.0,0.0,0.0,-87.38129589902876,-147.7602084538346,37.14760176015097,-260.0579110411433,-215.93787916630973,-371.11987821301886,0.0,0.0,0.0,0.0,0.0,52.40719313883604,-122.11877439472815,0.0,0.0,0.0,0.0,0.0,0.0,0.0,0.0,-62.83075550430858,-115.1044701775008,5.221146933678955,-271.64657188697436,-215.8455082355366,-324.5744920408581,0.0,0.0,0.0,0.0,0.0,50.82144589290191,-120.91512644413763,0.0,0.0,0.0,0.0,0.0,0.0,0.0,0.0,44.307723661032455,-220.27074180108556,-16.339072276379337,-312.0502431846609,-364.67172694156847,-328.7920663431461,0.0,0.0,0.0,0.0,0.0,118.34054933923849,-145.87634902810635,0.0,0.0,0.0,0.0,0.0,0.0,0.0,0.0,650.8822702532727,-659.34035265046,-722.146567574555,-835.1643480045542,-2016.6128030159173,187.0224018382078,-482679.97416033753,3.520119066246381e6,-8204.003761316406,0.0,0.0,1010.8490434800509,-4156.039803841366,3734.962331100923,366679.0694006646,-1884.0358861279458,-670.1323672314344,471.0089925877281,-335.06617362996764,-914.8573789728405,-2457.1493703232663,0.0,0.0,0.0,0.0,0.0,34.52511972867017,-58.96601987037857,0.0,0.0
0.0,0.0,0.0,0.0,0.0,0.0,0.0,0.0,0.0,0.0,0.0,0.0,0.0,0.0,0.0,0.0,0.0,0.0,0.0,0.0,0.0,0.0,0.0,0.0,0.0,0.0,0.0,0.0,0.0,0.0,0.0,0.0,0.0,0.0,0.0,0.0,0.0,0.0,0.0,0.0,0.0,0.0,0.0,0.0,0.0,0.0,0.0,0.0,0.0,0.0,0.0,0.0,0.0,0.0,0.0,0.0,0.0,0.0,0.0,0.0,0.0,0.0,0.0,0.0,0.0,0.0,0.0,0.0,0.0,0.0,0.0,0.0,0.0,0.0,0.0,0.0,0.0,0.0,0.0,0.0,0.0,0.0,0.0,0.0,0.0,0.0,0.0,0.0,0.0,0.0,0.0,0.0,0.0,0.0,0.0,0.0,0.0,0.0,0.0,0.0,0.0,0.0,0.0,0.0,0.0,0.0,0.0,0.0,0.0,0.0,0.0,0.0,0.0,0.0,0.0,0.0,0.0,0.0,0.0,0.0,0.0,0.0,0.0,0.0,0.0,0.0,0.0,0.0,0.0,0.0,0.0,0.0,0.0,0.0,0.0,0.0,0.0,0.0,0.0,0.0,0.0,0.0,0.0,0.0,0.0,0.0,0.0,0.0,0.0,0.0,0.0,0.0,0.0,0.0,0.0,0.0,0.0,0.0,0.0,0.0,0.0,0.0,0.0,0.0,0.0,0.0,0.0,0.0,0.0,0.0,0.0,0.0,0.0,0.0,0.0,0.0,0.0,0.0,0.0,0.0,0.0,0.0,0.0,0.0,0.0,0.0,0.0,0.0,771.0628438351062,0.0,0.0,0.0,0.0,0.0,0.0,0.0,0.0,0.0,0.0,0.0,0.0,0.0,0.0,0.0
0.0,0.0,0.0,0.0,0.0,0.0,0.0,0.0,0.0,0.0,0.0,0.0,0.0,0.0,0.0,0.0,0.0,0.0,0.0,0.0,0.0,0.0,0.0,0.0,0.0,0.0,0.0,0.0,0.0,0.0,0.0,0.0,0.0,0.0,0.0,0.0,0.0,0.0,0.0,0.0,0.0,0.0,0.0,0.0,0.0,0.0,0.0,0.0,0.0,0.0,0.0,0.0,0.0,0.0,0.0,0.0,0.0,0.0,0.0,0.0,0.0,0.0,0.0,0.0,0.0,0.0,0.0,0.0,0.0,0.0,0.0,0.0,0.0,0.0,0.0,0.0,0.0,0.0,0.0,0.0,0.0,0.0,0.0,0.0,0.0,0.0,0.0,0.0,0.0,0.0,0.0,0.0,0.0,0.0,0.0,0.0,0.0,0.0,0.0,0.0,0.0,0.0,0.0,0.0,0.0,0.0,0.0,0.0,0.0,0.0,0.0,0.0,0.0,0.0,0.0,0.0,0.0,0.0,0.0,0.0,0.0,0.0,0.0,0.0,0.0,0.0,0.0,0.0,0.0,0.0,0.0,0.0,0.0,0.0,0.0,0.0,0.0,0.0,0.0,0.0,0.0,0.0,0.0,0.0,0.0,0.0,0.0,0.0,0.0,0.0,0.0,0.0,0.0,0.0,0.0,0.0,0.0,0.0,0.0,0.0,0.0,0.0,0.0,0.0,0.0,0.0,0.0,0.0,0.0,0.0,0.0,0.0,0.0,0.0,0.0,0.0,0.0,0.0,0.0,0.0,20.13308779516927,-731.5794619403255,0.7012069612198542,0.0,0.0,-0.040340508256485504,0.42919850177693614,-0.7762299175487459,-76.20619395211722,0.0,0.0,0.0,0.0,0.0,0.0,0.0,0.0,0.0,0.0,0.0,0.0,0.0,0.0,0.0
0.0,0.0,0.0,0.0,0.0,0.0,0.7695307288250881,-0.18925104389001127,-0.384765364412544,-0.3942729924371889,-0.7773127162519846,1.1909068780073173,0.0,0.0,0.0,0.0,0.0,0.13229478382125603,0.2143986786231734,0.0,0.0,0.0,0.0,0.0,0.0,0.0,0.0,0.5509120957092789,0.054357257531681996,-0.06886400287487024,0.04138877396648099,-0.3524242829755442,0.6492608041559408,0.0,0.0,0.0,0.0,0.0,0.13980708470775938,0.20034614164851983,0.0,0.0,0.0,0.0,0.0,0.0,0.0,0.0,0.47829254685394096,0.04818112056992324,-0.16392188495813875,0.08684500112462445,-0.3682698086355325,0.6917832614464827,0.0,0.0,0.0,0.0,0.0,0.139672293836086,0.1828421974764438,0.0,0.0,0.0,0.0,0.0,0.0,0.0,0.0,0.5793508516493314,-0.0028254898868730165,-0.024323892577911985,-0.0018069993338459107,-0.47665087221188074,0.4879622847684805,0.0,0.0,0.0,0.0,0.0,0.1373498716071782,0.09074974725184687,0.0,0.0,0.0,0.0,0.0,0.0,0.0,0.0,0.30223993778266134,-0.05315467940210031,-0.1373817728008761,-0.04326542977952886,-0.38652979082211575,0.3438198494128917,0.0,0.0,0.0,0.0,0.0,0.13675695348964098,0.07514753500125224,0.0,0.0,0.0,0.0,0.0,0.0,0.0,0.0,0.39863794406346365,-0.018809146017980987,-0.1694692604429489,-0.03310408988379457,-0.4543917413718359,0.5270491495086164,0.0,0.0,0.0,0.0,0.0,0.14566035113424877,0.10193820288765161,0.0,0.0,0.0,0.0,0.0,0.0,0.0,0.0,0.4848268183537565,0.004855797078126414,-0.040288423013462825,0.01145968204377922,-0.4094302636017346,0.48435177295434684,0.0,0.0,0.0,0.0,0.0,0.14451618994852533,0.0995330368117624,0.0,0.0,0.0,0.0,0.0,0.0,0.0,0.0,0.44240366790141694,0.11218345270557442,-0.1631423351936679,0.15892657105446262,-0.35028685563483675,0.6657513036201883,0.0,0.0,0.0,0.0,0.0,0.12781453042644358,0.19435199490707933,0.0,0.0,0.0,0.0,0.0,0.0,0.0,0.0,0.27007736619632666,0.05571156702691808,-0.29964780405273717,0.0705679765621965,-0.42065865672950437,0.5797272456312627,0.0,0.0,0.0,0.0,0.0,0.15615048493642925,0.12018502565368115,0.0,0.0,-39.26480841279281,-3.360478054783542,-25.898083339527016,-1.6802389773167503,-4.508850599188985,-14.007578977203057,0.0,0.0,0.0,0.0,0.0,0.058335405646035524,0.608540169252581,0.0,0.0
0.0,0.0,0.0,0.0,0.0,0.0,0.1633867375219462,0.15723385750908134,-0.08169336876097308,0.32757052346076965,0.4660646783728843,0.31079595854394976,0.0,0.0,0.0,0.0,0.0,-0.09004744907272544,0.05556381170459408,0.0,0.0,0.0,0.0,0.0,0.0,0.0,0.0,-0.03574518722491757,0.14778177848512272,0.004468147813400863,0.11252419463068591,0.2121128298282677,0.1066056874203472,0.0,0.0,0.0,0.0,0.0,-0.08414538327785301,0.058718978218867894,0.0,0.0,0.0,0.0,0.0,0.0,0.0,0.0,-0.0422357933491168,0.09624728185424819,0.014475180313867367,0.17348279164125624,0.22248709061687788,0.10211298552382371,0.0,0.0,0.0,0.0,0.0,-0.07679372639484967,0.05866236605021828,0.0,0.0,0.0,0.0,0.0,0.0,0.0,0.0,0.0018672495795246241,0.15464349504139985,-7.839598070704048e-5,0.09889990894027854,0.15443816967459012,0.17358370500817683,0.0,0.0,0.0,0.0,0.0,-0.038114895560462304,0.05768694867019564,0.0,0.0,0.0,0.0,0.0,0.0,0.0,0.0,0.02784130886166787,0.10178934643639127,-0.012655138816443002,0.08285178031520225,0.10129973399346115,0.15168173764020304,0.0,0.0,0.0,0.0,0.0,-0.031561966120413856,0.057437923049627006,0.0,0.0,0.0,0.0,0.0,0.0,0.0,0.0,0.015299447510063959,0.08645111206383908,-0.006504112549565733,0.15215392456305332,0.16366443999691027,0.16692358464146673,0.0,0.0,0.0,0.0,0.0,-0.042814047138902474,0.061177350228589104,0.0,0.0,0.0,0.0,0.0,0.0,0.0,0.0,-0.0063267569809973626,0.06563940434450448,0.0005257445584782298,0.15490900695160786,0.15968044971882747,0.1439419915526377,0.0,0.0,0.0,0.0,0.0,-0.04180387734158417,0.060696802508966696,0.0,0.0,0.0,0.0,0.0,0.0,0.0,0.0,-0.08318910694412764,0.10523971882538434,0.030677108157622687,0.14908961391614423,0.24572702675365574,0.09062287079423305,0.0,0.0,0.0,0.0,0.0,-0.08162784153319044,0.05368210519411992,0.0,0.0,0.0,0.0,0.0,0.0,0.0,0.0,-0.025142305339423056,0.10556673444262919,0.0278951053540154,0.13371784782674762,0.17911264193884677,0.11491103580826757,0.0,0.0,0.0,0.0,0.0,-0.050477713045402633,0.06558320662371245,0.0,0.0,1.693680983837165,-23.742682928044676,-0.42342026488765094,18.128658144713157,-5.882651397312108,1.7884544312571542,0.0,0.0,0.0,0.0,0.0,-0.2555868825842507,0.02450087147356326,0.0,0.0
0.0,0.0,0.0,0.0,0.0,0.0,-0.016929676045946446,0.004163522968480876,0.008464838022973221,0.00867400583966113,0.01710087976945744,-0.02619995133441387,0.0,0.0,0.0,0.0,0.0,-0.002910485246095299,-0.004716770932995878,0.0,0.0,0.0,0.0,0.0,0.0,0.0,0.0,-0.0121200661140479,-0.0011958596665301313,0.0015150080643026157,-0.0009105530278969426,0.007753334230863536,-0.01428373770138184,0.0,0.0,0.0,0.0,0.0,-0.003075755865713513,-0.004407615119338118,0.0,0.0,0.0,0.0,0.0,0.0,0.0,0.0,-0.010522436038117434,-0.0010599846532767777,0.0036062814715914636,-0.0019105900260728012,0.008101935795626142,-0.015219231762425501,0.0,0.0,0.0,0.0,0.0,-0.0030727904665346327,-0.004022528347284164,0.0,0.0,0.0,0.0,0.0,0.0,0.0,0.0,-0.012745718745164935,6.216077755451207e-5,0.0005351256370868731,3.975398537230557e-5,0.010486319195966947,-0.010735170272385512,0.0,0.0,0.0,0.0,0.0,-0.0030216971774630658,-0.001996494440931542,0.0,0.0,0.0,0.0,0.0,0.0,0.0,0.0,-0.006649278635850945,0.0011694029476609022,0.0030223990037249082,0.0009518394558127591,0.008503655404010843,-0.007564036692353303,0.0,0.0,0.0,0.0,0.0,-0.0030086529788681594,-0.0016532457711793268,0.0,0.0,0.0,0.0,0.0,0.0,0.0,0.0,-0.008770034775506077,0.0004138012126838672,0.003728323732342311,0.0007282899779508629,0.009996618317144799,-0.01159508129726758,0.0,0.0,0.0,0.0,0.0,-0.003204527727185992,-0.0022426404650907304,0.0,0.0,0.0,0.0,0.0,0.0,0.0,0.0,-0.010666190011213527,-0.00010682753579320539,0.000886345306913678,-0.00025211300513878403,0.00900746580551345,-0.010655739012419231,0.0,0.0,0.0,0.0,0.0,-0.00317935618108254,-0.002189726811384304,0.0,0.0,0.0,0.0,0.0,0.0,0.0,0.0,-0.009732880700611842,-0.00246803596124206,0.0035891313767611567,-0.0034963845656340265,0.007706310829335213,-0.014646528689848035,0.0,0.0,0.0,0.0,0.0,-0.002811919671340757,-0.0042757438909345555,0.0,0.0,0.0,0.0,0.0,0.0,0.0,0.0,-0.0059417020604586295,-0.0012256544754460825,0.006592251693752884,-0.0015524954854499102,0.009254490454496481,-0.012753999412773189,0.0,0.0,0.0,0.0,0.0,-0.0034353106709947433,-0.0026440705662230473,0.0,0.0,-2.2790312335854903,0.07393051725674356,-4.0016706383020635,0.036965257526721335,0.09919471325126428,0.3081667377131596,0.0,0.0,0.0,0.0,0.0,-0.001283378925106881,-0.013387883732883807,0.0,0.0
0.0,0.0,0.0,0.0,0.0,0.0,0.0018154080104791804,0.0017470426839399208,-0.0009077040052395897,0.003639672113580592,0.005178495900904371,0.0034532880778616135,0.0,0.0,0.0,0.0,0.0,-0.001000527110395873,0.000617375622961612,0.0,0.0,0.0,0.0,0.0,0.0,0.0,0.0,-0.00039716870664289425,0.0016420195943303872,4.9646081777986515e-5,0.0012502687023653123,0.0023568089811691196,0.0011845075178121018,0.0,0.0,0.0,0.0,0.0,-0.0009349486082181954,0.0006524330251184976,0.0,0.0,0.0,0.0,0.0,0.0,0.0,0.0,-0.0004692865451495465,0.001069414134311728,0.00016083532050081866,0.001927586378199907,0.00247207853379063,0.0011345886129159914,0.0,0.0,0.0,0.0,0.0,-0.0008532635400289491,0.0006518040010862177,0.0,0.0,0.0,0.0,0.0,0.0,0.0,0.0,2.0747215445057485e-5,0.0017182608816639436,-8.710663639135094e-7,0.0010988877656102703,0.001715979488930884,0.0019287076377185837,0.0,0.0,0.0,0.0,0.0,-0.0004234987965883486,0.0006409660312968038,0.0,0.0,0.0,0.0,0.0,0.0,0.0,0.0,0.0003093478448512862,0.0011309926234205154,-0.00014061263924809513,0.0009205752434249828,0.001125552485717746,0.0016853524694343007,0.0,0.0,0.0,0.0,0.0,-0.0003506884768647488,0.0006381990802379145,0.0,0.0,0.0,0.0,0.0,0.0,0.0,0.0,0.0001699938439736893,0.000960567814351798,-7.226790988438574e-5,0.0016905989902669405,0.001818493593221243,0.0018547063078195951,0.0,0.0,0.0,0.0,0.0,-0.0004757115866063285,0.0006797482668992829,0.0,0.0,0.0,0.0,0.0,0.0,0.0,0.0,-7.029729265580648e-5,0.0007293266409343008,5.8416056125670375e-6,0.0017212110137002391,0.0017742270390675974,0.0015993552994096915,0.0,0.0,0.0,0.0,0.0,-0.00046448747888614436,0.0006744088483341571,0.0,0.0,0.0,0.0,0.0,0.0,0.0,0.0,-0.0009243233166993932,0.0011693300905192315,0.0003408567227202509,0.001656551097645006,0.0027303000202198095,0.001006920684430536,0.0,0.0,0.0,0.0,0.0,-0.0009069759250047719,0.0005964677749667478,0.0,0.0,0.0,0.0,0.0,0.0,0.0,0.0,-0.0002793589198693144,0.0011729635970088165,0.0003099455835944952,0.0014857537139824888,0.001990140264048026,0.0012767891572029717,0.0,0.0,0.0,0.0,0.0,-0.0005608634213715451,0.0007287022218777492,0.0,0.0,0.01881867568866322,0.4028590410106182,-0.0047046691324808924,-0.6080942306864002,-0.06536278667111815,0.01987171388647818,0.0,0.0,0.0,0.0,0.0,-0.002839853962776669,0.0002722318776384963,0.0,0.0
0.0,0.0,0.0,0.0,0.0,0.0,0.0056372050688462,-0.001254834908464671,-0.0028186025344230994,-0.0026142392887541937,-0.005273747749575771,0.008762603786782461,0.0,0.0,0.0,0.0,0.0,0.0008904200617102944,0.0015772704780214022,0.0,0.0,0.0,0.0,0.0,0.0,0.0,0.0,0.0039339678819132005,0.0004889631345680571,-0.0004917459203376772,0.00037230694802407773,-0.002390518006732094,0.004735349739669915,0.0,0.0,0.0,0.0,0.0,0.0009483210142072199,0.0014784183709429047,0.0,0.0,0.0,0.0,0.0,0.0,0.0,0.0,0.003407940791344364,0.00041025926329858205,-0.0011679798943500853,0.0007394798161833148,-0.0024974414181114348,0.0050378401967320794,0.0,0.0,0.0,0.0,0.0,0.0009522506117643168,0.0013526313613906856,0.0,0.0,0.0,0.0,0.0,0.0,0.0,0.0,0.004163332240589471,8.273067542455934e-5,-0.0001747964051454463,5.2909152524432216e-5,-0.0033213935862840454,0.003621195556501179,0.0,0.0,0.0,0.0,0.0,0.0009613354544206607,0.0006903843024999362,0.0,0.0,0.0,0.0,0.0,0.0,0.0,0.0,0.002189857144251171,-0.00031405034109211356,-0.0009953894871240557,-0.00025562232963484004,-0.002709361575965483,0.0025710765245577725,0.0,0.0,0.0,0.0,0.0,0.0009614416993626919,0.0005781312462274116,0.0,0.0,0.0,0.0,0.0,0.0,0.0,0.0,0.0028740298481674917,-7.752904286874443e-5,-0.0012218097150891512,-0.00013645108615127703,-0.0031553358941290217,0.0038975605153288486,0.0,0.0,0.0,0.0,0.0,0.0010179076473965424,0.0007730882129418208,0.0,0.0,0.0,0.0,0.0,0.0,0.0,0.0,0.0034788072679160973,7.861568243728235e-5,-0.0002890839645958844,0.00018553302576095005,-0.002834984458243209,0.0035755090490749027,0.0,0.0,0.0,0.0,0.0,0.001010360942894269,0.0007554892098250003,0.0,0.0,0.0,0.0,0.0,0.0,0.0,0.0,0.0031228285271575865,0.0008760466087266207,-0.0011515852496128444,0.0012410661309757859,-0.002352767605045162,0.0048431700532235175,0.0,0.0,0.0,0.0,0.0,0.0008638431265558846,0.0014320003439224568,0.0,0.0,0.0,0.0,0.0,0.0,0.0,0.0,0.001923499849997269,0.0004705673625697574,-0.0021341014771614365,0.0005960519221567163,-0.0029027034119094956,0.004241350178207374,0.0,0.0,0.0,0.0,0.0,0.001088163528106996,0.0009071097284397065,0.0,0.0,-0.07618565566806199,-0.02841200153261768,0.019046414768456546,-0.014206000342937062,-0.03631106675282036,-0.09943967991484981,0.0,0.0,0.0,0.0,0.0,0.00024880342123454206,0.0043881092412737036,0.0,0.0
0.0,0.0,0.0,0.0,0.0,0.0,0.0,0.0,0.0,0.0,0.0,0.0,0.0,0.0,0.0,0.0,0.0,0.0,0.0,0.0,0.0,0.0,0.0,0.0,0.0,0.0,0.0,0.0,0.0,0.0,0.0,0.0,0.0,0.0,0.0,0.0,0.0,0.0,0.0,0.0,0.0,0.0,0.0,0.0,0.0,0.0,0.0,0.0,0.0,0.0,0.0,0.0,0.0,0.0,0.0,0.0,0.0,0.0,0.0,0.0,0.0,0.0,0.0,0.0,0.0,0.0,0.0,0.0,0.0,0.0,0.0,0.0,0.0,0.0,0.0,0.0,0.0,0.0,0.0,0.0,0.0,0.0,0.0,0.0,0.0,0.0,0.0,0.0,0.0,0.0,0.0,0.0,0.0,0.0,0.0,0.0,0.0,0.0,0.0,0.0,0.0,0.0,0.0,0.0,0.0,0.0,0.0,0.0,0.0,0.0,0.0,0.0,0.0,0.0,0.0,0.0,0.0,0.0,0.0,0.0,0.0,0.0,0.0,0.0,0.0,0.0,0.0,0.0,0.0,0.0,0.0,0.0,0.0,0.0,0.0,0.0,0.0,0.0,0.0,0.0,0.0,0.0,0.0,0.0,0.0,0.0,0.0,0.0,0.0,0.0,0.0,0.0,0.0,0.0,0.0,0.0,0.0,0.0,0.0,0.0,0.0,0.0,0.0,0.0,0.0,0.0,0.0,0.0,0.0,0.0,0.0,0.0,0.0,0.0,0.0,0.0,0.0,0.0,0.0,0.0,0.0,0.0,0.0,0.0,0.0,0.0,0.0,0.0,0.0,0.0,0.0,0.0,0.0,376.99111843077515,0.0,0.0,0.0,0.0,0.0,0.0,0.0,0.0,0.0,0.0
0.0,0.0,0.0,0.0,0.0,0.0,0.0,0.0,0.0,0.0,0.0,0.0,0.0,0.0,0.0,0.0,0.0,0.0,0.0,0.0,0.0,0.0,0.0,0.0,0.0,0.0,0.0,0.0,0.0,0.0,0.0,0.0,0.0,0.0,0.0,0.0,0.0,0.0,0.0,0.0,0.0,0.0,0.0,0.0,0.0,0.0,0.0,0.0,0.0,0.0,0.0,0.0,0.0,0.0,0.0,0.0,0.0,0.0,0.0,0.0,0.0,0.0,0.0,0.0,0.0,0.0,0.0,0.0,0.0,0.0,0.0,0.0,0.0,0.0,0.0,0.0,0.0,0.0,0.0,0.0,0.0,0.0,0.0,0.0,0.0,0.0,0.0,0.0,0.0,0.0,0.0,0.0,0.0,0.0,0.0,0.0,0.0,0.0,0.0,0.0,0.0,0.0,0.0,0.0,0.0,0.0,0.0,0.0,0.0,0.0,0.0,0.0,0.0,0.0,0.0,0.0,0.0,0.0,0.0,0.0,0.0,0.0,0.0,0.0,0.0,0.0,0.0,0.0,0.0,0.0,0.0,0.0,0.0,0.0,0.0,0.0,0.0,0.0,0.0,0.0,0.0,0.0,0.0,0.0,0.0,0.0,0.0,0.0,0.0,0.0,0.0,0.0,0.0,0.0,0.0,0.0,0.0,0.0,0.0,0.0,0.0,0.0,0.0,0.0,0.0,0.0,0.0,0.0,0.0,0.0,0.0,0.0,0.0,0.0,0.0,0.0,0.0,0.0,0.0,0.0,0.0,0.0,0.0,0.0,0.0,0.0,0.0,0.0,0.0,0.0,0.0,0.0,0.0,0.0,0.0,0.0,0.0,2.631477897061642,0.0,0.0,-0.984646820328857,-0.1745584120467178,0.0,0.0
0.0,0.0,0.0,0.0,0.0,0.0,0.0,0.0,0.0,0.0,0.0,0.0,0.0,0.0,0.0,0.0,0.0,0.0,0.0,0.0,0.0,0.0,0.0,0.0,0.0,0.0,0.0,0.0,0.0,0.0,0.0,0.0,0.0,0.0,0.0,0.0,0.0,0.0,0.0,0.0,0.0,0.0,0.0,0.0,0.0,0.0,0.0,0.0,0.0,0.0,0.0,0.0,0.0,0.0,0.0,0.0,0.0,0.0,0.0,0.0,0.0,0.0,0.0,0.0,0.0,0.0,0.0,0.0,0.0,0.0,0.0,0.0,0.0,0.0,0.0,0.0,0.0,0.0,0.0,0.0,0.0,0.0,0.0,0.0,0.0,0.0,0.0,0.0,0.0,0.0,0.0,0.0,0.0,0.0,0.0,0.0,0.0,0.0,0.0,0.0,0.0,0.0,0.0,0.0,0.0,0.0,0.0,0.0,0.0,0.0,0.0,0.0,0.0,0.0,0.0,0.0,0.0,0.0,0.0,0.0,0.0,0.0,0.0,0.0,0.0,0.0,0.0,0.0,0.0,0.0,0.0,0.0,0.0,0.0,0.0,0.0,0.0,0.0,0.0,0.0,0.0,0.0,0.0,0.0,0.0,0.0,0.0,0.0,0.0,0.0,0.0,0.0,0.0,0.0,0.0,0.0,0.0,0.0,0.0,0.0,0.0,0.0,0.0,0.0,0.0,0.0,0.0,0.0,0.0,0.0,0.0,0.0,0.0,0.0,0.0,0.0,0.0,0.0,0.0,0.0,0.0,0.0,0.0,0.0,0.0,0.0,0.0,0.0,0.0,0.0,0.0,0.0,0.0,0.0,0.0,0.0,0.0,-0.7455393047440216,0.0,0.0,0.1745584120467178,-0.984646820328857,1.0,98.17477042468103
0.0,0.0,0.0,0.0,0.0,0.0,0.0,0.0,0.0,0.0,0.0,0.0,0.0,0.0,0.0,0.0,0.0,0.0,0.0,0.0,0.0,0.0,0.0,0.0,0.0,0.0,0.0,0.0,0.0,0.0,0.0,0.0,0.0,0.0,0.0,0.0,0.0,0.0,0.0,0.0,0.0,0.0,0.0,0.0,0.0,0.0,0.0,0.0,0.0,0.0,0.0,0.0,0.0,0.0,0.0,0.0,0.0,0.0,0.0,0.0,0.0,0.0,0.0,0.0,0.0,0.0,0.0,0.0,0.0,0.0,0.0,0.0,0.0,0.0,0.0,0.0,0.0,0.0,0.0,0.0,0.0,0.0,0.0,0.0,0.0,0.0,0.0,0.0,0.0,0.0,0.0,0.0,0.0,0.0,0.0,0.0,0.0,0.0,0.0,0.0,0.0,0.0,0.0,0.0,0.0,0.0,0.0,0.0,0.0,0.0,0.0,0.0,0.0,0.0,0.0,0.0,0.0,0.0,0.0,0.0,0.0,0.0,0.0,0.0,0.0,0.0,0.0,0.0,0.0,0.0,0.0,0.0,0.0,0.0,0.0,0.0,0.0,0.0,0.0,0.0,0.0,0.0,0.0,0.0,0.0,0.0,0.0,0.0,0.0,0.0,0.0,0.0,0.0,0.0,0.0,0.0,0.0,0.0,0.0,0.0,0.0,0.0,0.0,0.0,0.0,0.0,0.0,0.0,0.0,0.0,0.0,0.0,0.0,0.0,0.0,0.0,0.0,0.0,0.0,0.0,0.0,0.0,0.0,0.0,0.0,0.0,0.0,0.0,0.0,0.0,0.0,0.0,0.0,0.0,0.0,0.0,0.0,0.0,1.0,0.0,0.0,0.0,0.0,0.0
0.0,0.0,0.0,0.0,0.0,0.0,1366.340124498158,-295.94519568402046,-683.1700622490789,-616.5524665087819,-1252.0303318145661,2126.278014452263,0.0,0.0,0.0,0.0,0.0,210.91186942161528,382.7144030447774,0.0,0.0,0.0,0.0,0.0,0.0,0.0,0.0,947.1675889920067,124.17368593118462,-118.39593299790184,94.5484899894943,-567.4922014844873,1146.4514340063545,0.0,0.0,0.0,0.0,0.0,225.12475478155653,359.00972743942015,0.0,0.0,0.0,0.0,0.0,0.0,0.0,0.0,820.0405275528476,103.01130326960772,-281.0467984557132,185.67473405511888,-592.8375049634801,1219.2071176369343,0.0,0.0,0.0,0.0,0.0,226.3837754534795,328.6736231118721,0.0,0.0,0.0,0.0,0.0,0.0,0.0,0.0,1004.0722562515045,26.500823036410505,-42.15570863837444,16.948200662703552,-794.4170148546837,880.6086323176967,0.0,0.0,0.0,0.0,0.0,230.21291044154515,168.93053918419955,0.0,0.0,0.0,0.0,0.0,0.0,0.0,0.0,529.2662633797227,-71.42218699177432,-240.5755443183292,-58.134328919889825,-649.0754490877193,626.4433182891528,0.0,0.0,0.0,0.0,0.0,230.5160929227455,141.85001585468598,0.0,0.0,0.0,0.0,0.0,0.0,0.0,0.0,693.7241968887848,-15.034437141701193,-294.9165485847593,-26.460603687979596,-753.9811835676321,946.9723119425703,0.0,0.0,0.0,0.0,0.0,243.6563296103459,189.02254071715532,0.0,0.0,0.0,0.0,0.0,0.0,0.0,0.0,838.6510668605432,21.73855509701448,-69.69071772287133,51.30299423448779,-676.8967534724251,868.335740393295,0.0,0.0,0.0,0.0,0.0,241.87921927506628,184.75816298003232,0.0,0.0,0.0,0.0,0.0,0.0,0.0,0.0,749.5506689756537,215.71743884786466,-276.40694540966854,305.5997301377257,-556.9648502867577,1171.7754659591835,0.0,0.0,0.0,0.0,0.0,204.85943374138554,347.6026118215251,0.0,0.0,0.0,0.0,0.0,0.0,0.0,0.0,462.7896255153849,117.94942500818988,-513.4598910568011,149.40258735642576,-692.4041839477902,1027.6745641052883,0.0,0.0,0.0,0.0,0.0,260.27402101452793,221.52862745399506,0.0,0.0,31316.578092012765,-4551.476727697703,-7829.144872993223,-2275.7382960265695,-9005.633062792733,39902.090525057516,0.0,0.0,-63806.349711892246,-1884.9555921538756,1884.9555921538756,49.173427252840774,1059.236220729275,0.0,0.0
0.0,0.0,0.0,0.0,0.0,0.0,5.758823453969033,-1.2473439837101772,-2.8794117269845154,-2.5986331961357956,-5.277032790486622,8.961794709632642,0.0,0.0,0.0,0.0,0.0,0.888947194456258,1.6130571304385288,0.0,0.0,0.0,0.0,0.0,0.0,0.0,0.0,3.992103304680358,0.5233648065257082,-0.4990128472244703,0.3985011139805622,-2.391854957091096,4.832040930816655,0.0,0.0,0.0,0.0,0.0,0.9488513838245277,1.5131471304339563,0.0,0.0,0.0,0.0,0.0,0.0,0.0,0.0,3.4562906692145843,0.43417001276370953,-1.1845505124166105,0.7825782132240401,-2.498679843154071,5.138690153648506,0.0,0.0,0.0,0.0,0.0,0.9541578793628659,1.385287115221638,0.0,0.0,0.0,0.0,0.0,0.0,0.0,0.0,4.231943975812418,0.11169514714179746,-0.17767705073765688,0.07143294244893725,-3.3482931924124903,3.711571924612377,0.0,0.0,0.0,0.0,0.0,0.9702968421162177,0.7120051103695113,0.0,0.0,0.0,0.0,0.0,0.0,0.0,0.0,2.230741025822671,-0.30102882745470183,-1.0139730673434002,-0.24502342488666556,-2.735710422743191,2.6403209634722424,0.0,0.0,0.0,0.0,0.0,0.9715746896684224,0.597866653846442,0.0,0.0,0.0,0.0,0.0,0.0,0.0,0.0,2.9238950858566772,-0.06336684964196018,-1.2430084621699178,-0.11152563142393593,-3.1778650468713976,3.991280254817331,0.0,0.0,0.0,0.0,0.0,1.0269579005325922,0.7966884828260329,0.0,0.0,0.0,0.0,0.0,0.0,0.0,0.0,3.5347300038535594,0.09162323399824433,-0.2937310648721622,0.21623084996125697,-2.852971108671961,3.6598443813784183,0.0,0.0,0.0,0.0,0.0,1.0194677708821454,0.7787150675037338,0.0,0.0,0.0,0.0,0.0,0.0,0.0,0.0,3.159191401204431,0.9092016138540093,-1.164994551155248,1.2880357254312005,-2.3474844845428198,4.938776162069984,0.0,0.0,0.0,0.0,0.0,0.8634375077215968,1.4650686441298244,0.0,0.0,0.0,0.0,0.0,0.0,0.0,0.0,1.9505566014541327,0.49713091414102073,-2.164120638978041,0.6296990835044468,-2.9183315213035725,4.331422518233244,0.0,0.0,0.0,0.0,0.0,1.0969978190663263,0.9336944971708284,0.0,0.0,131.99249672959377,-19.1834744948933,-32.998125657529535,-9.59173696159063,-37.95676491524982,168.17854548661208,0.0,0.0,-268.9297464406642,0.0,0.0,0.20725519297745046,4.464447967133889,0.0,0.0
0.0,0.0,0.0,0.0,0.0,0.0,-251.37097498578274,82.6490384414295,125.68548749289134,172.18548991094144,320.5005455345247,-382.9020438445231,0.0,0.0,0.0,0.0,0.0,-55.679257979668506,-68.97477545459928,0.0,0.0,0.0,0.0,0.0,0.0,0.0,0.0,-196.07102140245573,-3.3813572046127067,24.508874440583533,-2.574637415437637,145.39601349396463,-215.38090221214452,0.0,0.0,0.0,0.0,0.0,-57.67875188138343,-63.736742668169505,0.0,0.0,0.0,0.0,0.0,0.0,0.0,0.0,-171.40750306475613,-6.662923320212151,58.74530385881813,-12.009716179127711,152.02158530089451,-230.69767436585798,0.0,0.0,0.0,0.0,0.0,-56.856031279977664,-57.63284680633932,0.0,0.0,0.0,0.0,0.0,0.0,0.0,0.0,-202.02928364365914,17.302641417397098,8.482146145036303,11.065642690943754,182.67290203716087,-152.0117442706749,0.0,0.0,0.0,0.0,0.0,-51.96438328491408,-25.59027598902812,0.0,0.0,0.0,0.0,0.0,0.0,0.0,0.0,-102.56134784541686,29.293758076782424,46.61878867240487,23.84375274774881,145.60891555238143,-104.00873093113015,0.0,0.0,0.0,0.0,0.0,-51.066023773455164,-20.17049387760414,0.0,0.0,0.0,0.0,0.0,0.0,0.0,0.0,-137.5330055677317,15.686887369287684,58.46813402275841,27.608915841975303,175.87666407981365,-166.35798344857702,0.0,0.0,0.0,0.0,0.0,-55.361017811942816,-29.127410252093373,0.0,0.0,0.0,0.0,0.0,0.0,0.0,0.0,-169.89958347747628,5.230643858170696,14.118415132632416,12.344320517201462,159.7622094843894,-153.87895854872608,0.0,0.0,0.0,0.0,0.0,-54.85505799471922,-28.33857335294274,0.0,0.0,0.0,0.0,0.0,0.0,0.0,0.0,-163.2012203003131,-28.054577059653575,60.1826569669904,-39.74398743258132,148.1965532259865,-222.82336336281895,0.0,0.0,0.0,0.0,0.0,-53.22704544000067,-62.17588443286848,0.0,0.0,0.0,0.0,0.0,0.0,0.0,0.0,-96.9250707676245,-8.308183677477858,107.53727727062622,-10.523698081287192,165.73183966647935,-190.23345309190617,0.0,0.0,0.0,0.0,0.0,-59.831260217624866,-35.03172551024445,0.0,0.0,-6061.75287723288,1833.2049167181565,1515.438287053587,916.6024310421989,3212.5404698450825,-7666.501075047014,3.4985068529170784e6,-620216.0898420439,23241.76537837182,0.0,0.0,-3942.904144126777,-586.8210628189523,-658.0697098899224,-64605.84269187957
0.0,0.0,0.0,0.0,0.0,0.0,-169.8896855682474,-122.28858570883452,84.94484278412367,-254.76787676983938,-352.89456838638876,-311.0725142195194,0.0,0.0,0.0,0.0,0.0,68.97477545459925,-55.67925797966854,0.0,0.0,0.0,0.0,0.0,0.0,0.0,0.0,5.294217517682626,-125.22835690460684,-0.6617771023678514,-95.35153893843247,-160.66693530576606,-117.37002401613658,0.0,0.0,0.0,0.0,0.0,63.73674266816959,-57.678751881383405,0.0,0.0,0.0,0.0,0.0,0.0,0.0,0.0,13.906545633714503,-82.12499922775139,-4.766093865625281,-148.027807695823,-168.58667247491064,-115.52053932561105,0.0,0.0,0.0,0.0,0.0,57.63284680633931,-56.856031279977685,0.0,0.0,0.0,0.0,0.0,0.0,0.0,0.0,-27.225239609843406,-128.39704262643158,1.1430444984977348,-82.11438716226391,-107.22926985242972,-165.88681346447166,0.0,0.0,0.0,0.0,0.0,25.590275989028072,-51.96438328491413,0.0,0.0,0.0,0.0,0.0,0.0,0.0,0.0,-36.53204011288269,-82.24033759212124,16.605470711648813,-66.93979892570046,-67.06022005959318,-141.29682812134342,0.0,0.0,0.0,0.0,0.0,20.170493877604077,-51.06602377345522,0.0,0.0,0.0,0.0,0.0,0.0,0.0,0.0,-30.380445524731062,-71.01491537194094,12.915357686532257,-124.98622421854921,-115.88349895268212,-162.08376963760813,0.0,0.0,0.0,0.0,0.0,29.127410252093313,-55.361017811942915,0.0,0.0,0.0,0.0,0.0,0.0,0.0,0.0,-16.226560171072514,-54.76725833775395,1.3484042042999576,-129.25074027235488,-114.56488096554055,-141.09196409446662,0.0,0.0,0.0,0.0,0.0,28.338573352942674,-54.8550579947193,0.0,0.0,0.0,0.0,0.0,0.0,0.0,0.0,49.532708425961864,-92.43470338369077,-18.26585606627292,-130.94917388361276,-188.6979870489359,-104.81766848388281,0.0,0.0,0.0,0.0,0.0,62.17588443286845,-53.227045440000694,0.0,0.0,0.0,0.0,0.0,0.0,0.0,0.0,8.92722542643573,-90.20398303210183,-9.90465633232916,-114.25836500614889,-130.21715422852483,-121.19117921914479,0.0,0.0,0.0,0.0,0.0,35.03172551024441,-59.83126021762489,0.0,0.0,-2199.8458585401295,-5051.460826372727,549.9614892202254,-2525.730337913739,-7655.8369897248085,-3125.0016660691817,620216.0898420439,3.4985068529170784e6,163.20335713144533,0.0,0.0,586.8210628189523,-3942.904144126777,3712.031060550823,364427.79717886227
0.0,0.0,0.0,0.0,0.0,0.0,0.0,0.0,0.0,0.0,0.0,0.0,0.0,0.0,0.0,0.0,0.0,0.0,0.0,0.0,0.0,0.0,0.0,0.0,0.0,0.0,0.0,0.0,0.0,0.0,0.0,0.0,0.0,0.0,0.0,0.0,0.0,0.0,0.0,0.0,0.0,0.0,0.0,0.0,0.0,0.0,0.0,0.0,0.0,0.0,0.0,0.0,0.0,0.0,0.0,0.0,0.0,0.0,0.0,0.0,0.0,0.0,0.0,0.0,0.0,0.0,0.0,0.0,0.0,0.0,0.0,0.0,0.0,0.0,0.0,0.0,0.0,0.0,0.0,0.0,0.0,0.0,0.0,0.0,0.0,0.0,0.0,0.0,0.0,0.0,0.0,0.0,0.0,0.0,0.0,0.0,0.0,0.0,0.0,0.0,0.0,0.0,0.0,0.0,0.0,0.0,0.0,0.0,0.0,0.0,0.0,0.0,0.0,0.0,0.0,0.0,0.0,0.0,0.0,0.0,0.0,0.0,0.0,0.0,0.0,0.0,0.0,0.0,0.0,0.0,0.0,0.0,0.0,0.0,0.0,0.0,0.0,0.0,0.0,0.0,0.0,0.0,0.0,0.0,0.0,0.0,0.0,0.0,0.0,0.0,0.0,0.0,0.0,0.0,0.0,0.0,0.0,0.0,0.0,0.0,0.0,0.0,0.0,0.0,0.0,0.0,0.0,0.0,0.0,0.0,0.0,0.0,0.0,0.0,0.0,0.0,0.0,0.0,0.0,0.0,0.0,0.0,0.0,0.0,0.0,0.0,0.0,0.0,0.0,0.0,0.0,0.0,0.0,0.0,0.0,0.0,0.0,0.0,0.0,0.0,0.0,0.0,0.0,771.0628438351062
0.0,0.0,0.0,0.0,0.0,0.0,0.0,0.0,0.0,0.0,0.0,0.0,0.0,0.0,0.0,0.0,0.0,0.0,0.0,0.0,0.0,0.0,0.0,0.0,0.0,0.0,0.0,0.0,0.0,0.0,0.0,0.0,0.0,0.0,0.0,0.0,0.0,0.0,0.0,0.0,0.0,0.0,0.0,0.0,0.0,0.0,0.0,0.0,0.0,0.0,0.0,0.0,0.0,0.0,0.0,0.0,0.0,0.0,0.0,0.0,0.0,0.0,0.0,0.0,0.0,0.0,0.0,0.0,0.0,0.0,0.0,0.0,0.0,0.0,0.0,0.0,0.0,0.0,0.0,0.0,0.0,0.0,0.0,0.0,0.0,0.0,0.0,0.0,0.0,0.0,0.0,0.0,0.0,0.0,0.0,0.0,0.0,0.0,0.0,0.0,0.0,0.0,0.0,0.0,0.0,0.0,0.0,0.0,0.0,0.0,0.0,0.0,0.0,0.0,0.0,0.0,0.0,0.0,0.0,0.0,0.0,0.0,0.0,0.0,0.0,0.0,0.0,0.0,0.0,0.0,0.0,0.0,0.0,0.0,0.0,0.0,0.0,0.0,0.0,0.0,0.0,0.0,0.0,0.0,0.0,0.0,0.0,0.0,0.0,0.0,0.0,0.0,0.0,0.0,0.0,0.0,0.0,0.0,0.0,0.0,0.0,0.0,0.0,0.0,0.0,0.0,0.0,0.0,0.0,0.0,0.0,0.0,0.0,0.0,0.0,0.0,0.0,0.0,0.0,0.0,0.0,0.0,0.0,0.0,0.0,0.0,0.0,0.0,0.0,0.0,0.0,0.0,0.0,0.0,0.0,-67.45480711909231,-238.09051092939185,-0.17391690215264852,0.0,0.0,0.05690722950012588,-0.06937312714169895,-0.25262187811791764,-24.801094888478314
