time,frequency_spread_hz,voltage_pu,voltage_deviation_pu
0.0,0.0,1.0299999713897703,0.0
0.01,1.2789769243681803e-13,1.029999971389773,2.6645352591003757e-15
0.02,9.237055564881302e-14,1.0299999713897725,2.220446049250313e-15
0.03,1.2789769243681803e-13,1.0299999713897727,2.4424906541753444e-15
0.04,1.5631940186722204e-13,1.0299999713897732,2.886579864025407e-15
0.05,9.947598300641403e-14,1.0299999713897732,2.886579864025407e-15
0.06,9.237055564881302e-14,1.0299999713897732,2.886579864025407e-15
0.07,1.0658141036401503e-13,1.0299999713897732,2.886579864025407e-15
0.08,1.2079226507921703e-13,1.0299999713897734,3.1086244689504383e-15
0.09,1.2079226507921703e-13,1.029999971389773,2.6645352591003757e-15
0.1,9.947598300641403e-14,1.0299999713897732,2.886579864025407e-15
0.11,9.947598300641403e-14,1.029999971389774,3.774758283725532e-15
0.12,9.947598300641403e-14,1.029999971389774,3.774758283725532e-15
0.13,1.0658141036401503e-13,1.0299999713897743,3.9968028886505635e-15
0.14,1.0658141036401503e-13,1.029999971389775,4.6629367034256575e-15
0.15,1.1368683772161603e-13,1.0299999713897754,5.10702591327572e-15
0.16,1.0658141036401503e-13,1.0299999713897756,5.329070518200751e-15
0.17,1.0658141036401503e-13,1.0299999713897756,5.329070518200751e-15
0.18,9.947598300641403e-14,1.0299999713897758,5.551115123125783e-15
0.19,8.526512829121202e-14,1.0299999713897752,4.884981308350689e-15
0.2,7.815970093361102e-14,1.0299999713897745,4.218847493575595e-15
0.21,6.394884621840902e-14,1.0299999713897738,3.552713678800501e-15
0.22,6.394884621840902e-14,1.0299999713897725,2.220446049250313e-15
0.23,8.526512829121202e-14,1.0299999713897714,1.1102230246251565e-15
0.24,1.0658141036401503e-13,1.02999997138977,2.220446049250313e-16
0.25,1.3500311979441904e-13,1.0299999713897692,1.1102230246251565e-15
0.26,1.4210854715202004e-13,1.0299999713897685,1.7763568394002505e-15
0.27,1.4210854715202004e-13,1.0299999713897678,2.4424906541753444e-15
0.28,1.2079226507921703e-13,1.0299999713897683,1.9984014443252818e-15
0.29,9.237055564881302e-14,1.0299999713897696,6.661338147750939e-16
0.3,4.263256414560601e-14,1.0299999713897718,1.5543122344752192e-15
0.31,6.394884621840902e-14,1.0299999713897743,3.9968028886505635e-15
0.32,5.684341886080802e-14,1.0299999713897745,4.218847493575595e-15
0.33,4.263256414560601e-14,1.0299999713897747,4.440892098500626e-15
0.34,2.842170943040401e-14,1.0299999713897747,4.440892098500626e-15
0.35,3.552713678800501e-14,1.029999971389775,4.6629367034256575e-15
0.36,3.552713678800501e-14,1.0299999713897747,4.440892098500626e-15
0.37,3.552713678800501e-14,1.0299999713897747,4.440892098500626e-15
0.38,3.552713678800501e-14,1.0299999713897747,4.440892098500626e-15
0.39,4.263256414560601e-14,1.0299999713897747,4.440892098500626e-15
0.4,4.973799150320701e-14,1.0299999713897747,4.440892098500626e-15
0.41,5.684341886080802e-14,1.0299999713897745,4.218847493575595e-15
0.42,6.394884621840902e-14,1.0299999713897745,4.218847493575595e-15
0.43,7.105427357601002e-14,1.0299999713897745,4.218847493575595e-15
0.44,6.394884621840902e-14,1.0299999713897745,4.218847493575595e-15
0.45,6.394884621840902e-14,1.0299999713897745,4.218847493575595e-15
0.46,7.105427357601002e-14,1.0299999713897745,4.218847493575595e-15
0.47,7.815970093361102e-14,1.0299999713897745,4.218847493575595e-15
0.48,1.0658141036401503e-13,1.029999971389775,4.6629367034256575e-15
0.49,1.1368683772161603e-13,1.029999971389775,4.6629367034256575e-15
0.5,1.4210854715202004e-13,1.0299999713897754,5.10702591327572e-15
0.51,1.4921397450962104e-13,1.0299999713897756,5.329070518200751e-15
0.52,1.7053025658242404e-13,1.0299999713897763,5.995204332975845e-15
0.53,1.8474111129762605e-13,1.0299999713897767,6.439293542825908e-15
0.54,1.9895196601282805e-13,1.0299999713897772,6.8833827526759706e-15
0.55,2.1316282072803006e-13,1.0299999713897776,7.327471962526033e-15
0.56,2.2737367544323206e-13,1.0299999713897783,7.993605777301127e-15
0.57,2.4868995751603507e-13,1.029999971389779,8.659739592076221e-15
0.58,2.7711166694643907e-13,1.0299999713897796,9.325873406851315e-15
0.59,3.055333763768431e-13,1.0299999713897805,1.021405182655144e-14
0.6,3.268496584496461e-13,1.0299999713897814,1.1102230246251565e-14
0.61,3.552713678800501e-13,1.029999971389782,1.176836406102666e-14
0.62,3.836930773104541e-13,1.029999971389783,1.2656542480726785e-14
0.63,4.121147867408581e-13,1.0299999713897838,1.354472090042691e-14
0.64,4.263256414560601e-13,1.0299999713897847,1.4432899320127035e-14
0.65,4.476419235288631e-13,1.0299999713897856,1.532107773982716e-14
0.66,4.618527782440651e-13,1.0299999713897865,1.6209256159527285e-14
0.67,4.689582056016661e-13,1.0299999713897876,1.7319479184152442e-14
0.68,4.831690603168681e-13,1.0299999713897883,1.7985612998927536e-14
0.69,4.831690603168681e-13,1.029999971389789,1.865174681370263e-14
0.7,4.831690603168681e-13,1.0299999713897896,1.9317880628477724e-14
0.71,4.760636329592671e-13,1.0299999713897905,2.020605904817785e-14
0.72,4.618527782440651e-13,1.0299999713897912,2.0872192862952943e-14
0.73,4.334310688136611e-13,1.0299999713897916,2.1316282072803006e-14
0.74,4.050093593832571e-13,1.029999971389792,2.1760371282653068e-14
0.75,3.623767952376511e-13,1.0299999713897923,2.19824158875781e-14
0.76,3.481659405224491e-13,1.0299999713897923,2.19824158875781e-14
0.77,3.481659405224491e-13,1.0299999713897923,2.19824158875781e-14
0.78,3.694822225952521e-13,1.0299999713897923,2.19824158875781e-14
0.79,3.694822225952521e-13,1.0299999713897927,2.2426505097428162e-14
0.8,3.907985046680551e-13,1.0299999713897927,2.2426505097428162e-14
0.81,3.836930773104541e-13,1.0299999713897932,2.2870594307278225e-14
0.82,3.979039320256561e-13,1.0299999713897936,2.3314683517128287e-14
0.83,3.979039320256561e-13,1.0299999713897936,2.3314683517128287e-14
0.84,3.907985046680551e-13,1.0299999713897938,2.353672812205332e-14
0.85,3.836930773104541e-13,1.029999971389794,2.375877272697835e-14
0.86,3.836930773104541e-13,1.0299999713897947,2.4424906541753444e-14
0.87,3.694822225952521e-13,1.029999971389795,2.4646951146678475e-14
0.88,3.694822225952521e-13,1.0299999713897952,2.4868995751603507e-14
0.89,3.481659405224491e-13,1.0299999713897958,2.55351295663786e-14
0.9,3.339550858072471e-13,1.029999971389796,2.5757174171303632e-14
0.91,3.126388037344441e-13,1.0299999713897965,2.6201263381153694e-14
0.92,2.984279490192421e-13,1.029999971389797,2.6645352591003757e-14
0.93,2.7711166694643907e-13,1.0299999713897974,2.708944180085382e-14
0.94,2.7000623958883807e-13,1.0299999713897978,2.7533531010703882e-14
0.95,2.7000623958883807e-13,1.0299999713897983,2.7977620220553945e-14
0.96,2.6290081223123707e-13,1.0299999713897987,2.842170943040401e-14
0.97,2.6290081223123707e-13,1.0299999713897987,2.842170943040401e-14
0.98,2.4868995751603507e-13,1.0299999713897992,2.886579864025407e-14
0.99,2.4158453015843406e-13,1.0299999713897992,2.886579864025407e-14
1.0,2.3447910280083306e-13,1.029999971389799,2.864375403532904e-14
1.0,2.3447910280083306e-13,1.029999971389799,2.864375403532904e-14
1.0,2.3447910280083306e-13,1.029999971389799,2.864375403532904e-14
1.0,2.3447910280083306e-13,1.029999971389799,2.864375403532904e-14
1.01,0.0002233606185058079,1.0299605652465225,3.94061432478221e-5
1.02,0.00021876418721689106,1.0299576347317538,4.233665801645081e-5
1.03,0.00020912918839144368,1.0299550139595743,4.495743019594656e-5
1.04,0.00019725541031334615,1.0299526637218175,4.7307667952800614e-5
1.05,0.00019910606581419188,1.0299505338236754,4.9437566094878704e-5
1.06,0.00022902859554818633,1.0299485819228622,5.138946690808055e-5
1.07,0.00025651306804519436,1.0299467723928903,5.3198996879944005e-5
1.08,0.0002820189713972354,1.0299450754117327,5.4895978037539095e-5
1.09,0.0003058951947849664,1.0299434661532325,5.650523653777384e-5
1.1,0.0003284049583669457,1.029941924055193,5.80473345772603e-5
1.1,0.0003284049583669457,1.029941924055193,5.80473345772603e-5
1.1,0.0003284049583669457,1.029941924055193,5.80473345772603e-5
1.1,0.0003284049583669457,1.029941924055193,5.80473345772603e-5
1.11,0.0003773535254225635,1.0299798360325805,2.0135357189809966e-5
1.12,0.0003463124813620766,1.0299813109611176,1.86604286527281e-5
1.13,0.0003126664928245759,1.029982501756603,1.7469633167177534e-5
1.14,0.00028008982722127485,1.0299834381133717,1.6533276398611463e-5
1.15,0.00025017227284962473,1.0299841626969253,1.580869284500963e-5
1.16,0.00022367000336487308,1.0299847118935546,1.5259496215724866e-5
1.17,0.00020273083750765863,1.0299851166378977,1.4854751872572791e-5
1.18,0.0001929973922329964,1.0299854030823887,1.4568307381557233e-5
1.19,0.0001842780543910294,1.029985593217317,1.4378172453310967e-5
1.2,0.00017633218399737416,1.0299857054468806,1.4265942889668537e-5
1.21,0.00016898187026725964,1.0299857551006468,1.4216289123458736e-5
1.22,0.00016844629097079178,1.02998575490975,1.4216480020312616e-5
1.23,0.00016813350748634548,1.0299857153987284,1.4255991041878247e-5
1.24,0.00016733956792336357,1.0299856452607392,1.4326129031072554e-5
1.25,0.0001660469606008519,1.0299855516458754,1.441974389493339e-5
1.26,0.0001642436629651911,1.029985440428964,1.453096080639149e-5
1.27,0.00016192268849124503,1.0299853164377122,1.4654952058101856e-5
1.28,0.00015908176586520995,1.0299851836234148,1.4787766355439658e-5
1.29,0.00015572303276911725,1.0299850452292425,1.492616052778395e-5
1.3,0.0001518527926904767,1.0299849039177633,1.5067472006968785e-5
1.31,0.00014748128653963022,1.0299847618712383,1.5209518531955624e-5
1.32,0.00014262248472363126,1.0299846208813188,1.5350508451472678e-5
1.33,0.00013729378846960572,1.0299844824376065,1.5488952163744685e-5
1.34,0.0001315158584134224,1.0299843477640998,1.5623625670535546e-5
1.35,0.00012531235878299185,1.0299842178805318,1.5753509238436436e-5
1.36,0.00011870964780058557,1.0299840936433153,1.587774645495088e-5
1.37,0.00011173649221518644,1.029983975779374,1.5995610396224436e-5
1.38,0.00010442386092535116,1.02998386490099,1.6106488780254224e-5
1.39,9.680458071414932e-5,1.0299837615381218,1.6209851648518736e-5
1.4,8.8913096206511e-5,1.0299836661496033,1.630524016693613e-5
1.41,8.078494747110199e-5,1.0299835791445697,1.6392245200558264e-5
1.42,7.245680362188978e-5,1.0299835008823501,1.6470507420152103e-5
1.43,6.474680768775443e-5,1.029983431687154,1.6539702616391594e-5
1.44,5.87596677661395e-5,1.0299833718522053,1.6599537564943034e-5
1.45,5.2673930667879176e-5,1.0299833216464203,1.664974335002789e-5
1.46,4.650258480864977e-5,1.0299832813189627,1.6690070807623414e-5
1.47,4.0258712076024494e-5,1.0299832510992497,1.6720290520577663e-5
1.48,3.395547411599864e-5,1.0299832311978874,1.6740191882913535e-5
1.49,2.7605912762851403e-5,1.0299832218102964,1.674957947384037e-5
1.5,2.1223105783008123e-5,1.0299832231175612,1.674827220909947e-5
1.51,2.018845393791935e-5,1.0299832352848786,1.6736104891723613e-5
1.52,2.2092209874813307e-5,1.0299832584614317,1.6712928338602495e-5
1.53,2.38170031607865e-5,1.0299832927803898,1.6678609380482712e-5
1.54,2.9733341705195926e-5,1.0299833383592842,1.6633030486046252e-5
1.55,3.741739589457893e-5,1.0299833952969548,1.6576092815467902e-5
1.56,4.484327441645064e-5,1.0299834636754321,1.650771433814313e-5
1.57,5.199075406636666e-5,1.0299835435587739,1.6427830996423864e-5
1.58,5.8842089615041004e-5,1.0299836349902791,1.6336399491168052e-5
1.59,6.538201379413522e-5,1.0299837379924839,1.6233397286402607e-5
1.6,7.159773726783669e-5,1.0299838525671563,1.611882261398634e-5
1.61,7.747897905829859e-5,1.0299839786952858,1.5992694484490144e-5
1.62,8.301781340236403e-5,1.029984116336371,1.585505339929405e-5
1.63,8.820875935811046e-5,1.0299842654266962,1.570596307409744e-5
1.64,9.304905718465761e-5,1.0299844258798627,1.5545509907566313e-5
1.65,9.753808020462884e-5,1.0299845975869801,1.537380279015288e-5
1.66,0.00010167733478994023,1.0299847804166575,1.5190973112755302e-5
1.67,0.00010547046036890606,1.0299849742149962,1.4997174774045163e-5
1.68,0.0001089232294333442,1.0299851788055814,1.4792584188905167e-5
1.69,0.00011204363445926901,1.0299853939888026,1.4577400967663579e-5
1.7,0.00011484054194710325,1.0299856195484258,1.4351841344462102e-5
1.71,0.00011732531188357598,1.0299858552422267,1.4116147543541402e-5
1.72,0.0001195107079396962,1.029986100808435,1.3870581335284626e-5
1.73,0.0001246100770018188,1.0299863559680627,1.3615421707635633e-5
1.74,0.00012974016436118063,1.029986620424894,1.3350964876313043e-5
1.75,0.00013469615314676275,1.0299868938654784,1.3077524291915665e-5
1.76,0.00013946830668487564,1.0299871759591213,1.279543064902633e-5
1.77,0.00014404753768815226,1.0299874663569053,1.25050328649845e-5
1.78,0.0001484257129718003,1.029987764706787,1.2206682983295636e-5
1.79,0.0001525954561003573,1.0299880706340157,1.1900755754634673e-5
1.8,0.0001565502422948839,1.02998838375451,1.1587635260212892e-5
1.81,0.00016028442531990095,1.029988703677498,1.1267712272333696e-5
1.82,0.00016379323739101892,1.0299890300055086,1.0941384261720088e-5
1.83,0.0001670727892886248,1.0299893623343652,1.0609055405064183e-5
1.84,0.00017012007020866804,1.0299897002531782,1.0271136592132635e-5
1.85,0.00017293299790566152,1.0299900433425495,9.928047220775227e-6
1.86,0.0001755100946922994,1.0299903911877066,9.58020206365262e-6
1.87,0.0001778508704859405,1.029990743370891,9.228018879259281e-6
1.88,0.0001799558082495878,1.029991099468686,8.871921084230294e-6
1.89,0.00018182605355576698,1.0299914590620494,8.51232772092203e-6
1.9,0.00018346341460073745,1.0299918217363073,8.149653462963258e-6
1.91,0.00018487036219738684,1.0299921870811501,7.784308620140123e-6
1.92,0.00018605002976812557,1.029992554690628,7.416699142392957e-6
1.93,0.00018700621334488687,1.0299929241631456,7.047226624701253e-6
1.94,0.00018774341947391804,1.0299932951008746,6.676288895723914e-6
1.95,0.00018826646844871675,1.0299936671132806,6.30427648973253e-6
1.96,0.00018858041408975623,1.0299940398228864,5.93156688388774e-6
1.97,0.00018869123647391461,1.0299944128557987,5.558533971550261e-6
1.98,0.00018860509678120252,1.0299947858486582,5.185541112062708e-6
1.99,0.00018832833742976618,1.029995158448638,4.812941132303905e-6
2.0,0.00018786748192667346,1.0299955303134438,4.441076326466842e-6
2.01,0.00018722923501002242,1.0299959011113125,4.07027845783503e-6
2.02,0.0001864204825210436,1.029996270521013,3.700868757228193e-6
2.03,0.00018544829151068143,1.0299966382318448,3.333157925444752e-6
2.04,0.00018431993960632553,1.029997003943066,2.9674467043605546e-6
2.05,0.00018304222553666705,1.0299973673635547,2.604026215546895e-6
2.06,0.00018162221905981824,1.0299977282164976,2.2431732726868603e-6
2.07,0.00018006693819927477,1.0299980862356837,1.8851540866116068e-6
2.08,0.00017838319432428307,1.0299984411650784,1.5302246918480478e-6
2.09,0.00017657759227773795,1.0299987927588279,1.1786309424000052e-6
2.1,0.00017465653029091754,1.0299991407812616,8.306085086395854e-7
2.11,0.0001726262000190104,1.0299994850068974,4.863828728662867e-7
2.12,0.00017049258649848298,1.0299998252204436,1.4616932664246463e-7
2.13,0.00016826146789128416,1.0300001612168566,1.8982708627213185e-7
2.14,0.00016593836455314204,1.0300004927992201,5.214094498384725e-7
2.15,0.00016352846482448058,1.0300008197752981,8.483855278296204e-7
2.16,0.00016103662395039464,1.0300011419675523,1.1705777820392171e-6
2.17,0.00015846740952696337,1.0300014592048785,1.4878151082253765e-6
2.18,0.00015582510149414475,1.0300017713226142,1.799932843882246e-6
2.19,0.0001531136921784082,1.0300020781625443,2.106772774013166e-6
2.2,0.00015033688629984,1.0300023795729072,2.40818313690383e-6
2.21,0.00014749810090108895,1.0300026754084028,2.704018632559979e-6
2.22,0.00014460046542552618,1.0300029655301968,2.9941404264821614e-6
2.23,0.00014164682170303422,1.0300032498059293,3.278416158991604e-6
2.24,0.00013863965236282638,1.030003528108782,3.5567190117546943e-6
2.25,0.00013558170109462253,1.030003800313647,3.8289238766253675e-6
2.26,0.00013247501113511362,1.030004066303029,4.094913258700927e-6
2.27,0.00012932143317812006,1.0300043259636942,4.354573923892602e-6
2.28,0.00012612272741563402,1.0300045791862733,4.607796503020012e-6
2.29,0.000122880563431238,1.0300048258652719,4.854475501581135e-6
2.3,0.0001195965202782645,1.0300050658990743,5.094509303971151e-6
2.31,0.00011627208643716358,1.0300052991899515,5.3278001812540055e-6
2.32,0.00011290865980839726,1.0300055256440679,5.554254297601702e-6
2.33,0.00010950754776928306,1.0300057451714877,5.7737817173997286e-6
2.34,0.00010606996709583427,1.030005957686181,5.986296410798175e-6
2.35,0.00010259701844006486,1.03000616310503,6.191715259618036e-6
2.36,9.909016442577467e-5,1.0300063613519679,6.389962197594912e-6
2.37,9.555069043187814e-5,1.0300065523522965,6.580962526259171e-6
2.38,9.197986867093277e-5,1.0300067360344078,6.764644637557993e-6
2.39,8.837909489045614e-5,1.0300069123316704,6.940941900124287e-6
2.4,8.474988818818474e-5,1.0300070811824351,7.109792664827808e-6
2.41,8.10938911470771e-5,1.0300072425300382,7.27114026788378e-6
2.42,7.741286975004869e-5,1.030007396322806,7.4249330357378795e-6
2.43,7.370871342970986e-5,1.0300075425140616,7.571124291283482e-6
2.44,6.998343503283877e-5,1.0300076810621255,7.70967235519393e-6
2.45,6.623917085590847e-5,1.0300078119303224,7.840540552139785e-6
2.46,6.247822776117573e-5,1.0300079350864555,7.963696685209243e-6
2.47,5.87029845462439e-5,1.0300080505078615,8.079118091197657e-6
2.48,5.491600512641526e-5,1.030008158177181,8.186787410657814e-6
2.49,5.112013939623239e-5,1.0300082580812038,8.286691433490034e-6
2.5,4.731835978333265e-5,1.0300083502142037,8.378824433386e-6
2.51,4.351376124134276e-5,1.0300084345779392,8.463188168938984e-6
2.52,3.970956132093306e-5,1.0300085111816568,8.539791886530423e-6
2.53,3.590910009165782e-5,1.0300085800420902,8.608652319885834e-6
2.54,3.211584017037694e-5,1.0300086411834621,8.669793691851169e-6
2.55,2.833336674967768e-5,1.0300086946374871,8.723247716835303e-6
2.56,2.4565387562347496e-5,1.0300087404433678,8.76905359747937e-6
2.57,2.081573288137406e-5,1.0300087786477983,8.80725802798743e-6
2.58,1.7088483048155467e-5,1.0300088093068376,8.837917067294754e-6
2.59,1.339688880364065e-5,1.0300088324808554,8.861091085110573e-6
2.6,9.762737690266476e-6,1.0300088482396959,8.876849925565367e-6
2.61,6.9602638888e-6,1.0300088566638443,8.88527407405526e-6
2.62,8.227921625802992e-6,1.0300088578409303,8.886451160039499e-6
2.63,9.84736968945299e-6,1.0300088518657244,8.880475954153866e-6
2.64,1.1361835007051013e-5,1.030008838840138,8.867450367766594e-6
2.65,1.2764379476948307e-5,1.0300088188732197,8.847483449425653e-6
2.66,1.5562615082842512e-5,1.030008792081154,8.820691383748525e-6
2.67,1.838493646033612e-5,1.030008758587259,8.78719748875767e-6
2.68,2.1091051500832236e-5,1.0300087185219822,8.747132211883724e-6
2.69,2.3678867840715156e-5,1.0300086720228987,8.700633128411184e-6
2.7,2.6146891975997733e-5,1.0300086192347078,8.647844937481608e-6
2.71,2.8494439952453376e-5,1.0300085603126004,8.588922830066181e-6
2.72,3.0720376564374874e-5,1.0300084953989905,8.524009220245432e-6
2.73,3.348436197825322e-5,1.0300084246582213,8.453268451003026e-6
2.74,3.633333486163792e-5,1.0300083482589506,8.376869180315438e-6
2.75,3.9099190246361104e-5,1.030008266372433,8.294982662748751e-6
2.76,4.177959551299182e-5,1.0300081791725169,8.207782746572079e-6
2.77,4.4372451519336664e-5,1.030008086835638,8.115445867762361e-6
2.78,4.687589262886149e-5,1.0300079895408185,8.018151048228006e-6
2.79,4.928828671069141e-5,1.0300078874696585,7.916079888259375e-6
2.8,5.160823511829449e-5,1.0300077808063348,7.80941656453038e-6
2.81,5.3834572689481774e-5,1.0300076697375944,7.69834782410328e-6
2.82,5.596636782456699e-5,1.0300075544527492,7.583062978877564e-6
2.83,5.800298601599252e-5,1.0300074351457134,7.4637559430712486e-6
2.84,5.9943901874248695e-5,1.0300073120033784,7.340613608075586e-6
2.85,6.178874485129882e-5,1.0300071852084034,7.213818633111657e-6
2.86,6.35376795656839e-5,1.0300070549538691,7.083564098842032e-6
2.87,6.519105210145426e-5,1.030006921430111,6.95004034079183e-6
2.88,6.674938990158807e-5,1.0300067848247176,6.813434947350316e-6
2.89,6.821340198115422e-5,1.0300066453225216,6.673932751333211e-6
2.9,6.95839786999386e-5,1.0300065031055994,6.531715829094509e-6
2.91,7.086219191876353e-5,1.0300063583532635,6.386963493199005e-6
2.92,7.204929494264434e-5,1.0300062112420585,6.239852288203451e-6
2.93,7.314672252078935e-5,1.030006061945757,6.090555986659751e-6
2.94,7.41560908181782e-5,1.030005910635353,5.939245582675667e-6
2.95,7.507919750082692e-5,1.030005757479059,5.7860892888061954e-6
2.96,7.591802165762829e-5,1.0300056026423,5.631252529614272e-6
2.97,7.667481619932914e-5,1.0300054462851225,5.474895352186593e-6
2.98,7.735121366181374e-5,1.0300052885621778,5.317172407481863e-6
2.99,7.79496056892981e-5,1.0300051296243722,5.15823460189857e-6
3.0,7.847242624592354e-5,1.030004969617968,4.998228197772292e-6
3.01,7.892210884108408e-5,1.030004808684632,4.837294861781416e-6
3.02,7.930108648679379e-5,1.030004646961432,4.675571661616473e-6
3.03,7.961179173321398e-5,1.030004484580833,4.513191062649469e-6
3.04,7.985665663312602e-5,1.0300043216706947,4.350280924381167e-6
3.05,8.003811277745854e-5,1.0300041583542672,4.186964496888379e-6
3.06,8.015859125265479e-5,1.0300039947501878,4.0233604174932935e-6
3.07,8.022052266198898e-5,1.030003830972477,3.859582706766673e-6
3.08,8.02263371610934e-5,1.0300036671305364,3.6957407660853647e-6
3.09,8.01784643797987e-5,1.0300035033291448,3.531939374523674e-6
3.1,8.007935490894624e-5,1.0300033396651411,3.368275370840834e-6
3.11,7.993117699811592e-5,1.0300031762389388,3.2048491684921743e-6
3.12,7.973610853895252e-5,1.0300030131433364,3.041753566135341e-6
3.13,7.949629892323173e-5,1.0300028504639238,2.8790741535278386e-6
3.14,7.921379395270378e-5,1.0300026882835727,2.716893802379161e-6
3.15,7.889053583909345e-5,1.030002526682435,2.5552926647964824e-6
3.16,7.852836315436207e-5,1.0300023657379413,2.394348171064209e-6
3.17,7.812901088044555e-5,1.0300022055248008,2.2341350305321583e-6
3.18,7.769411042346519e-5,1.0300020461149981,2.0747252278408013e-6
3.19,7.722518955688429e-5,1.0300018875777934,1.916188023143306e-6
3.2,7.672367244282441e-5,1.0300017299797206,1.7585899503291813e-6
3.21,7.619087968180338e-5,1.0300015733845878,1.6019948174683663e-6
3.22,7.562802824168102e-5,1.030001417853474,1.4464637037026051e-6
3.23,7.503617988646738e-5,1.0300012634434137,1.292053643409119e-6
3.24,7.441638022953612e-5,1.0300011102095903,1.1388198200013022e-6
3.25,7.37697621531197e-5,1.0300009582128198,9.868230494980423e-7
3.26,7.309702535707174e-5,1.0300008075054568,8.36115686464467e-7
3.27,7.239882032905598e-5,1.0300006581393508,6.867495805362722e-7
3.28,7.167574834454626e-5,1.030000510165846,5.387760757535887e-7
3.29,7.092836145261572e-5,1.0300003636357826,3.9224601233733836e-7
3.3,7.015716256830729e-5,1.0300002185994974,2.47209727133324e-7
3.31,6.936260532341976e-5,1.030000075106825,1.0371705472245196e-7
3.32,6.854509418019461e-5,1.0299999332070973,3.8182673023356983e-8
3.33,6.77049844028943e-5,1.0299997929491465,1.784406238325431e-7
3.34,6.684258203648596e-5,1.029999654381306,3.1700846436777397e-7
3.35,6.595814389953603e-5,1.0299995175514096,4.538383606700336e-7
3.36,6.505187763394815e-5,1.0299993825067955,5.888829748279534e-7
3.37,6.412394168364699e-5,1.0299992492943053,7.220954649778122e-7
3.38,6.3174377672226e-5,1.029999117958881,8.534308892915732e-7
3.39,6.220363010811525e-5,1.0299989885426266,9.828471436712505e-7
3.4,6.121188472008043e-5,1.029998861092482,1.1102972883314521e-6
3.41,6.019927973710537e-5,1.0299987356549156,1.2357348546654379e-6
3.42,5.916600728284038e-5,1.0299986122754825,1.3591142877800166e-6
3.43,5.8112313247704606e-5,1.0299984909988267,1.4803909436089668e-6
3.44,5.703849737415112e-5,1.0299983718686827,1.5995210875807686e-6
3.45,5.5944913242456096e-5,1.029998254927879,1.7164618912879348e-6
3.46,5.483196821387537e-5,1.029998140218339,1.831171431376788e-6
3.47,5.3700123508804154e-5,1.029998027781083,1.943608687327014e-6
3.48,5.2549894157039034e-5,1.0299979176562328,2.0537335374548604e-6
3.49,5.1381849004883406e-5,1.0299978098830116,2.1615067586910897e-6
3.5,5.019661074356918e-5,1.0299977044997473,2.2668900230282674e-6
3.51,4.899485585951879e-5,1.0299976015438748,2.36984589552236e-6
3.52,4.777733025917996e-5,1.029997501052225,2.4703375451906595e-6
3.53,4.65448479474162e-5,1.0299974030557015,2.5683340687532308e-6
3.54,4.5298214409683624e-5,1.0299973075823765,2.663807393776807e-6
3.55,4.4038458717921e-5,1.0299972146640277,2.756725742569799e-6
3.56,4.2766667299076744e-5,1.0299971243295145,2.8470602557728597e-6
3.57,4.148398396353059e-5,1.0299970366047824,2.9347849879179932e-6
3.58,4.019160984825021e-5,1.029996951512864,3.0198769063183306e-6
3.59,3.889080345942375e-5,1.0299968690738817,3.1023158886256397e-6
3.6,3.7582880658248996e-5,1.0299967893050506,3.1820847197217006e-6
3.61,3.626921466093336e-5,1.0299967122206797,3.259169090608083e-6
3.62,3.4951236017377596e-5,1.0299966378321754,3.3335575948534313e-6
3.63,3.363043266801924e-5,1.0299965661480441,3.405241726150976e-6
3.64,3.230834990120002e-5,1.0299964971738933,3.474215876986264e-6
3.65,3.0986590324744157e-5,1.029996430912435,3.540477335306491e-6
3.66,2.9666813965434358e-5,1.0299963673634878,3.6040262825220992e-6
3.67,2.8350845816760284e-5,1.0299963065222864,3.6648674839323547e-6
3.68,2.7040221858953828e-5,1.029996248380837,3.7230089333650795e-6
3.69,2.5736441472190563e-5,1.02999619293056,3.7784592101797188e-6
3.7,2.4441376908157508e-5,1.0299961401557158,3.831234054452182e-6
3.71,2.315686352716284e-5,1.0299960900372662,3.88135250406485e-6
3.72,2.1884699798135898e-5,1.0299960425528754,3.928836894928622e-6
3.73,2.0626647241783758e-5,1.0299959976769129,3.9737128574302005e-6
3.74,1.938443050164551e-5,1.0299959553804554,4.0160093148777776e-6
3.75,1.8159737308565127e-5,1.029995915631288,4.055758482390814e-6
3.76,1.6954218445164315e-5,1.0299958783939054,4.0929958649016385e-6
3.77,1.5769487831107654e-5,1.029995843629516,4.127760254268864e-6
3.78,1.4607122452048316e-5,1.0299958112960415,4.160093728833303e-6
3.79,1.3468662395155206e-5,1.0299957813481184,4.190041651863652e-6
3.8,1.2355610842007536e-5,1.0299957537371027,4.21765266755969e-6
3.81,1.1269434025962255e-5,1.0299957284110681,4.242978702162503e-6
3.82,1.022491522206792e-5,1.02999570531481,4.266074960179722e-6
3.83,9.210885558275095e-6,1.0299956843873477,4.287002422609376e-6
3.84,8.56709496588337e-6,1.029995665569182,4.305820588301756e-6
3.85,8.475102383442845e-6,1.029995648807776,4.322581994342656e-6
3.86,8.391220305270508e-6,1.0299956340341998,4.33735557048287e-6
3.87,8.312906849994306e-6,1.0299956211786983,4.350211072035037e-6
3.88,8.237764824059468e-6,1.0299956101706897,4.361219080539769e-6
3.89,8.16354165777966e-6,1.02999560093877,4.370451000212938e-6
3.9,8.08812941954784e-6,1.0299955934107112,4.377979059055903e-6
3.91,8.009564879785103e-6,1.029995587513463,4.383876307301193e-6
3.92,7.926029439886406e-6,1.0299955831731544,4.388216615858198e-6
3.93,7.835849139326001e-6,1.0299955803150938,4.3910746765352116e-6
3.94,7.737494719606275e-6,1.0299955788637707,4.392525999596941e-6
3.95,8.09983552585436e-6,1.0299955787428565,4.3926469137645086e-6
3.96,8.541474215917333e-6,1.0299955798752045,4.3915145657713595e-6
3.97,8.932218577228923e-6,1.0299955821828524,4.389206917920774e-6
3.98,9.271177333403102e-6,1.0299955855870218,4.3858027485299544e-6
3.99,9.557788047231952e-6,1.0299955900071327,4.381382637586029e-6
4.0,9.791887570997915e-6,1.0299955953629738,4.37602679648208e-6
4.01,9.972525354839945e-6,1.0299956015891687,4.369800601589091e-6
4.02,1.0100197492590723e-5,1.0299956086067112,4.36278305904203e-6
4.03,1.017558080462777e-5,1.029995616338563,4.355051207216576e-6
4.04,1.0199532837873448e-5,1.0299956247096522,4.346680118061386e-6
4.05,1.0173091880005813e-5,1.0299956336468747,4.3377428955437836e-6
4.06,1.0097476959458618e-5,1.029995643079094,4.328310676315894e-6
4.07,9.974087838315882e-6,1.029995652937141,4.318452629270553e-6
4.08,9.804505012311893e-6,1.0299956631538154,4.3082359548751725e-6
4.09,9.590489725042062e-6,1.0299956736638847,4.297725885615833e-6
4.1,9.33398391822493e-6,1.0299956844040845,4.286985685775235e-6
4.11,9.037110309861873e-6,1.0299956953131202,4.2760766501004355e-6
4.12,8.70217233028825e-6,1.0299957063316652,4.265058105135111e-6
4.13,8.331654171911396e-6,1.0299957174023622,4.253987408109339e-6
4.14,7.928220711050926e-6,1.0299957284698231,4.2429199471616386e-6
4.15,7.494717607414714e-6,1.0299957394806298,4.231909140450796e-6
4.16,7.0342146756274815e-6,1.0299957503834287,4.221006341564859e-6
4.17,6.5501148824864686e-6,1.0299957611306072,4.210259163084373e-6
4.18,6.044012216932515e-6,1.0299957716742782,4.199715492037015e-6
4.19,5.519343403648236e-6,1.0299957819726173,4.1894171529666124e-6
4.2,4.979459589549151e-6,1.0299957919861369,4.179403633397527e-6
4.21,4.8829622016910434e-6,1.0299958016776862,4.169712084056698e-6
4.22,4.895763233037087e-6,1.0299958110124505,4.160377319761821e-6
4.23,4.898685894261234e-6,1.0299958199579504,4.1514318198654365e-6
4.24,4.891773620840922e-6,1.0299958284840427,4.142905727588797e-6
4.25,4.875095648060324e-6,1.02999583656292,4.134826850243911e-6
4.26,4.848747124697184e-6,1.029995844169109,4.127220661231945e-6
4.27,4.812849056179402e-6,1.029995851279472,4.120110298266866e-6
4.28,4.767548276163325e-6,1.0299958578732051,4.113516565151798e-6
4.29,4.766606103601134e-6,1.02999586393184,4.107457930224712e-6
4.3,5.2295906627364275e-6,1.029995869439241,4.101950529245002e-6
4.31,5.667768476769197e-6,1.029995874381607,4.097008163395088e-6
4.32,6.079065606456879e-6,1.02999587874747,4.0926423003906365e-6
4.33,6.461519539868732e-6,1.0299958825276956,4.088862074702604e-6
4.34,6.813462029242601e-6,1.0299958857183178,4.085671452491724e-6
4.35,7.133310894857914e-6,1.0299958883034128,4.0830863574647935e-6
4.36,7.419832790844794e-6,1.029995890280834,4.081108936349054e-6
4.37,7.671986665513941e-6,1.0299958916494725,4.079740297813217e-6
4.38,7.888920663390309e-6,1.0299958924090766,4.078980693655865e-6
4.39,8.069972118107671e-6,1.0299958925602508,4.078829519471583e-6
4.4,8.214667538197773e-6,1.029995892104454,4.079285316205272e-6
4.41,8.322722628406609e-6,1.0299958910440015,4.080345768819882e-6
4.42,8.394042311010708e-6,1.029995889382062,4.08200770829481e-6
4.43,8.428720654762856e-6,1.0299958871226589,4.084267111403861e-6
4.44,8.427040953051801e-6,1.0299958842706693,4.0871191009372865e-6
4.45,8.389475681269687e-6,1.0299958808318233,4.090557947034057e-6
4.46,8.316686503917481e-6,1.0299958768127035,4.09457706673777e-6
4.47,8.209524288815828e-6,1.0299958722207458,4.099169024440741e-6
4.48,8.069029064472488e-6,1.0299958670642375,4.1043255327721795e-6
4.49,7.89643008403118e-6,1.0299958613523177,4.110037452598192e-6
4.5,7.886248155841713e-6,1.0299958550949762,4.116294794132003e-6
4.51,8.03681498240394e-6,1.0299958483033806,4.123086389640207e-6
4.52,8.18153401382915e-6,1.0299958409846275,4.130405142799276e-6
4.53,8.320717341803174e-6,1.0299958331485972,4.13824117306838e-6
4.54,8.454784790501435e-6,1.029995824805723,4.146584047237667e-6
4.55,8.58414738047486e-6,1.0299958159663272,4.155423443119588e-6
4.56,8.709207293122745e-6,1.0299958066406252,4.164749145108004e-6
4.57,8.830357913325315e-6,1.0299957968387217,4.1745510486190796e-6
4.58,8.947983779705737e-6,1.0299957865706129,4.184819157426745e-6
4.59,9.062460648578963e-6,1.0299957758461835,4.195543586771322e-6
4.6,9.174155444213739e-6,1.0299957646752096,4.206714560694991e-6
4.61,9.283426251727178e-6,1.0299957530673551,4.218322415150411e-6
4.62,9.521845939275408e-6,1.0299957410321747,4.230357595558232e-6
4.63,9.78764696668577e-6,1.02999572857911,4.242810660359808e-6
4.64,1.0048297802711659e-5,1.0299957157174924,4.255672277908573e-6
4.65,1.0303813262169115e-5,1.0299957024565412,4.268933229134575e-6
4.66,1.0554212494184867e-5,1.0299956888053632,4.282584407100387e-6
4.67,1.0799519024828896e-5,1.0299956747729533,4.296616817001109e-6
4.68,1.1039760678954735e-5,1.0299956603681932,4.311021577052543e-6
4.69,1.1274970638908144e-5,1.029995645599493,4.325790277315278e-6
4.7,1.1505154603241863e-5,1.0299956304740052,4.340915765066455e-6
4.71,1.1730266848530846e-5,1.0299956150049057,4.356384864623308e-6
4.72,1.1950277091443695e-5,1.0299955991993763,4.37219039395309e-6
4.73,1.2165138940645193e-5,1.029995583064921,4.388324849280423e-6
4.74,1.2374789911007156e-5,1.0299955666093652,4.404780405087294e-6
4.75,1.2579151430713864e-5,1.0299955498408557,4.42154891455715e-6
4.76,1.2778128798629496e-5,1.0299955327678616,4.438621908686713e-6
4.77,1.300897937994705e-5,1.0299955153991731,4.455990597174164e-6
4.78,1.3350104829612519e-5,1.0299954977439023,4.473645867975051e-6
4.79,1.366643610367646e-5,1.0299954798114825,4.491578287746378e-6
4.8,1.3957032713562967e-5,1.0299954616116693,4.509778100958428e-6
4.81,1.4221068006747828e-5,1.02999544315454,4.528235230338851e-6
4.82,1.4457829117020538e-5,1.0299954244504927,4.546939277538797e-6
4.83,1.4666717035538568e-5,1.0299954055102487,4.5658795215786085e-6
4.84,1.4847246497140532e-5,1.0299953863448505,4.585044919735992e-6
4.85,1.4999046108243874e-5,1.029995366965662,4.604424108212157e-6
4.86,1.51218582757906e-5,1.02999534738437,4.624005400355458e-6
4.87,1.5215539200141848e-5,1.0299953276129823,4.643776787993659e-6
4.88,1.5280417372309785e-5,1.0299953076641382,4.663725632125804e-6
4.89,1.531614937988479e-5,1.0299952875505671,4.683839203156737e-6
4.9,1.532248258229174e-5,1.0299952672858166,4.704103953701022e-6
4.91,1.529998253602116e-5,1.029995246884678,4.724505092257303e-6
4.92,1.5249271669404152e-5,1.0299952263625785,4.745027191832563e-6
4.93,1.5171029183136397e-5,1.029995205735581,4.765654189275992e-6
4.94,1.5237229611386738e-5,1.029995185020385,4.786369385278988e-6
4.95,1.5295716465857367e-5,1.0299951642343266,4.807155443709021e-6
4.96,1.5343933711164937e-5,1.0299951433953791,4.8279943911655465e-6
4.97,1.538156831060178e-5,1.029995122522153,4.848867617202046e-6
4.98,1.5408316706100322e-5,1.0299951016338973,4.869755872993764e-6
4.99,1.5423884747178818e-5,1.0299950807504983,4.890639272003838e-6
5.0,1.5427987740679328e-5,1.029995059892482,4.911497288206945e-6
5.01,1.5420350408135164e-5,1.0299950390810129,4.932308757421566e-6
5.02,1.540070692840345e-5,1.029995018337894,4.9530518761997655e-6
5.03,1.5368800887927137e-5,1.02999499768557,4.973704200272877e-6
5.04,1.5324385337578406e-5,1.0299949771471237,4.994242646549907e-6
5.05,1.526722275002612e-5,1.0299949567462794,5.014643490897086e-6
5.06,1.519708502684125e-5,1.0299949365074024,5.034882367915827e-6
5.07,1.5113753519813145e-5,1.0299949164554987,5.0549342716088574e-6
5.08,1.5017019002527832e-5,1.029994896616216,5.074773554269996e-6
5.09,1.4906697707317562e-5,1.0299948770193232,5.094370447045193e-6
5.1,1.478269690835532e-5,1.0299948576794402,5.113710330073573e-6
5.11,1.4644898591598121e-5,1.0299948386244853,5.132765285020824e-6
5.12,1.44932111609819e-5,1.029994819882897,5.151506873302125e-6
5.13,1.4327571754790824e-5,1.0299948014828035,5.1699069667510145e-6
5.14,1.414794620302473e-5,1.0299947834520233,5.187937746953253e-6
5.15,1.3954329055820835e-5,1.0299947658180648,5.20557170546887e-6
5.16,1.3746743533715744e-5,1.0299947486081273,5.2227816429439855e-6
5.17,1.3525241627121432e-5,1.0299947318491007,5.2395406695548985e-6
5.18,1.3289904018165544e-5,1.0299947155675686,5.255822201677418e-6
5.19,1.3040840066480541e-5,1.0299946997898055,5.2715999647734435e-6
5.2,1.2778187880257974e-5,1.02999468454178,5.2868479902823395e-6
5.21,1.2502114280721344e-5,1.029994669849153,5.301540617175249e-6
5.22,1.2212814766598967e-5,1.0299946557372803,5.31565248995669e-6
5.23,1.1910513563861969e-5,1.0299946422312118,5.329158558442515e-6
5.24,1.1595463625724278e-5,1.029994629355692,5.342034078203994e-6
5.25,1.1267946611326352e-5,1.0299946171351615,5.354254608791464e-6
5.26,1.0928272850208032e-5,1.0299946055937559,5.365796014400459e-6
5.27,1.0576781434679106e-5,1.0299945947553077,5.3766344625394424e-6
5.28,1.021384014876503e-5,1.0299945846433454,5.3867464249179875e-6
5.29,9.839954799417683e-6,1.029994575281965,5.396107805255568e-6
5.3,9.455408246594743e-6,1.0299945666901178,5.404699652489242e-6
5.31,9.060447624165135e-6,1.0299945588860806,5.41250368968349e-6
5.32,8.655600304052768e-6,1.0299945518901106,5.419499659709004e-6
5.33,8.241397743802281e-6,1.0299945457212687,5.4256685015907635e-6
5.34,7.818375344470496e-6,1.0299945403974224,5.4309923478435e-6
5.35,7.387072542996975e-6,1.0299945359352443,5.435454526026007e-6
5.36,6.948032748255173e-6,1.0299945323502135,5.439039556742742e-6
5.37,6.501803405001283e-6,1.0299945296566155,5.441733154754047e-6
5.38,6.048935915714537e-6,1.0299945278675433,5.443522226977748e-6
5.39,5.589985740073189e-6,1.0299945269948967,5.4443948735993786e-6
5.4,5.1255122812676746e-6,1.029994527049383,5.444340387183999e-6
5.41,4.6560789925820245e-6,1.0299945280405187,5.4433492515659765e-6
5.42,4.1859093542484516e-6,1.0299945299766278,5.441413142515117e-6
5.43,3.8325377289538665e-6,1.0299945328648432,5.438524927070532e-6
5.44,3.54792138779203e-6,1.029994536711107,5.434678663318593e-6
5.45,3.2546250992027126e-6,1.029994541520171,5.429869599282711e-6
5.46,2.95393567029123e-6,1.0299945472955963,5.424094174033556e-6
5.47,2.64718674714004e-6,1.029994554039754,5.417350016356792e-6
5.48,2.3357587721761774e-6,1.029994561753825,5.4096359451971665e-6
5.49,2.028821889155097e-6,1.029994570437802,5.40095196832624e-6
5.5,1.8479128627291175e-6,1.0299945800904866,5.391299283674655e-6
5.51,1.6668215820914156e-6,1.0299945907058892,5.380683881117676e-6
5.52,1.5846964203092284e-6,1.0299946022878876,5.369101882646277e-6
5.53,1.7392890825362883e-6,1.0299946148329486,5.356556821656255e-6
5.54,1.8946560089716513e-6,1.0299946283336026,5.343056167728122e-6
5.55,2.1138371053552873e-6,1.029994642781726,5.328608044363747e-6
5.56,2.5889193366879226e-6,1.0299946581685435,5.3132212267659185e-6
5.57,3.0600795568602734e-6,1.0299946744846282,5.296905142060382e-6
5.58,3.526861561908845e-6,1.0299946917198994,5.279669870850157e-6
5.59,3.988831252854652e-6,1.029994709863626,5.261526144328954e-6
5.6,4.445576699652065e-6,1.0299947289044225,5.242485347833892e-6
5.61,4.896708190926802e-6,1.0299947488302539,5.222559516404601e-6
5.62,5.341858141605371e-6,1.029994769628432,5.201761338335942e-6
5.63,5.780681142653066e-6,1.029994791285616,5.180104154289822e-6
5.64,6.212853961073961e-6,1.029994813787815,5.157601955296798e-6
5.65,6.638075511489205e-6,1.0299948371203853,5.13426938497652e-6
5.66,7.0560668845587315e-6,1.0299948612680316,5.1101217386495534e-6
5.67,7.4665713469812545e-6,1.0299948862148063,5.085174964003514e-6
5.68,7.869354341494272e-6,1.0299949119441112,5.0594456590946635e-6
5.69,8.264203444241502e-6,1.0299949384386955,5.032951074790404e-6
5.7,8.650928428721727e-6,1.029994965680657,5.005709113214962e-6
5.71,9.02936122315623e-6,1.0299949936514408,4.977738329525749e-6
5.72,9.399355931805076e-6,1.0299950223318415,4.949057928804734e-6
5.73,9.760931675373286e-6,1.029995051700511,4.919689259308413e-6
5.74,1.011368873093943e-5,1.0299950817459835,4.88964378675405e-6
5.75,1.0457587585221972e-5,1.0299951124485616,4.858941208718548e-6
5.76,1.0792616343735517e-5,1.029995143788403,4.827601367329848e-6
5.77,1.1118772427209933e-5,1.0299951757458958,4.795643874455635e-6
5.78,1.1436062735015184e-5,1.02999520830166,4.763088110371072e-6
5.79,1.1744503559896202e-5,1.0299952414365456,4.729953224646977e-6
5.8,1.204412065192173e-5,1.0299952751316332,4.696258137038001e-6
5.81,1.2334949133219197e-5,1.0299953093682335,4.662021536816496e-6
5.82,1.2617033583239845e-5,1.0299953441278877,4.627261882550471e-6
5.83,1.28904279534936e-5,1.0299953793923664,4.591997403879944e-6
5.84,1.3155195667025055e-5,1.029995415143671,4.5562460992965015e-6
5.85,1.3411409554464626e-5,1.0299954513640315,4.520025738807831e-6
5.86,1.3659151825606841e-5,1.0299954880359083,4.483353861939321e-6
5.87,1.389851414757004e-5,1.02999552514199,4.446247780176549e-6
5.88,1.4129597595058385e-5,1.0299955626651958,4.408724574522793e-6
5.89,1.4352512678783569e-5,1.0299956005886723,4.3708010979415235e-6
5.9,1.4567379288621396e-5,1.0299956388957956,4.332493974690266e-6
5.91,1.4774326771771484e-5,1.0299956775701704,4.293819599876514e-6
5.92,1.4973493875913846e-5,1.0299957165956295,4.254794140789997e-6
5.93,1.5165028770525169e-5,1.0299957559562336,4.215433536680635e-6
5.94,1.534908906108967e-5,1.0299957956362722,4.175753498092405e-6
5.95,1.5525846244202057e-5,1.0299958356205987,4.135769171575987e-6
5.96,1.569546270019373e-5,1.0299958758962602,4.0954935101034096e-6
5.97,1.5857998455715006e-5,1.0299959164444223,4.0549453479421516e-6
5.98,1.6013606050080398e-5,1.029995957251943,4.014137827246245e-6
5.99,1.616243056901112e-5,1.029995998305827,3.973083943176192e-6
6.0,1.6304609523842828e-5,1.0299960395932235,3.931796546785549e-6
6.01,1.6440272986528726e-5,1.0299960811014273,3.890288343022519e-6
6.02,1.6569543447531032e-5,1.029996122817878,3.848571892284269e-6
6.03,1.6692535893980676e-5,1.0299961647301599,3.8066596104169292e-6
6.04,1.680935782388815e-5,1.0299962068260016,3.7645637687155897e-6
6.05,1.6920109189300092e-5,1.0299962490932755,3.7222964948124826e-6
6.06,1.702488245314271e-5,1.029996291519999,3.6798697713447126e-6
6.07,1.712376253237835e-5,1.029996334094332,3.637295438396748e-6
6.08,1.7216826854848932e-5,1.0299963768045783,3.594585191946109e-6
6.09,1.730414531664337e-5,1.029996419639185,3.5517505851956344e-6
6.1,1.7385780303413867e-5,1.0299964625867428,3.5088030274632587e-6
6.11,1.7461786690375902e-5,1.0299965056359839,3.465753786402459e-6
6.12,1.7532211835202816e-5,1.029996548775784,3.4226139862258975e-6
6.13,1.759709554960409e-5,1.0299965919951608,3.3793946094817784e-6
6.14,1.7656470177485062e-5,1.0299966352832746,3.3361064957215802e-6
6.15,1.7710360523892632e-5,1.029996678629427,3.292760343276413e-6
6.16,1.7758783869226136e-5,1.0299967220230613,3.249366709034973e-6
6.17,1.7801749997659044e-5,1.0299967654537634,3.2059360068892317e-6
6.18,1.7839216098991528e-5,1.029996808910973,3.162478797280599e-6
6.19,1.787117761864465e-5,1.0299968523839573,3.1190058129570986e-6
6.2,1.789780846195299e-5,1.029996895863113,3.0755266573478934e-6
6.21,1.7919051195747215e-5,1.0299969393375732,3.032052197093904e-6
6.22,1.7934851896939108e-5,1.0299969827964146,2.9885933556794697e-6
6.23,1.7945160209364985e-5,1.0299970262286555,2.945161114764616e-6
6.24,1.7949929357996552e-5,1.029997069623256,2.9017665141850557e-6
6.25,1.794911609920291e-5,1.0299971129691181,2.8584206521742317e-6
6.26,1.7942680763383123e-5,1.0299971562550854,2.8151346849192294e-6
6.27,1.793058720522822e-5,1.0299971994699424,2.7719198278930435e-6
6.28,1.7912802853459198e-5,1.0299972426024147,2.7287873556325337e-6
6.29,1.7889298689510724e-5,1.0299972856411699,2.685748600406157e-6
6.3,1.7860049283058288e-5,1.0299973285748152,2.6428149551005475e-6
6.31,1.782503269254221e-5,1.0299973713918995,2.599997870778026e-6
6.32,1.778423057174905e-5,1.0299974140809116,2.5573088586750004e-6
6.33,1.7737628148495332e-5,1.029997456630281,2.5147594893137892e-6
6.34,1.7685214174889552e-5,1.0299974990283773,2.472361392946709e-6
6.35,1.7626980941543025e-5,1.0299975412635107,2.4301262595560758e-6
6.36,1.7562924348624165e-5,1.029997583323931,2.3880658392982923e-6
6.37,1.749304381348793e-5,1.0299976251978276,2.346191942725895e-6
6.38,1.741734231330838e-5,1.0299976668733304,2.3045164398993734e-6
6.39,1.733582638507869e-5,1.0299977083385086,2.26305126171944e-6
6.4,1.7248506111400275e-5,1.0299977495813706,2.221808399704983e-6
6.41,1.7155395163115372e-5,1.029997790589865,2.1807999053269356e-6
6.42,1.705651072825276e-5,1.0299978313518794,2.1400378908964512e-6
6.43,1.695192661799183e-5,1.029997871852888,2.0995368823495397e-6
6.44,1.6841629971509064e-5,1.0299979120860925,2.0593036778038254e-6
6.45,1.6725653601668e-5,1.0299979520411935,2.0193485767983077e-6
6.46,1.6604081821469663e-5,1.0299979917055546,1.9796842156694083e-6
6.47,1.647700681672859e-5,1.0299980310669143,1.940322855942256e-6
6.48,1.634452873133796e-5,1.029998070113387,1.9012763832204627e-6
6.49,1.620675556068818e-5,1.0299981088334615,1.8625563087404373e-6
6.5,1.606380322982659e-5,1.0299981472160016,1.8241737687052506e-6
6.51,1.591579553661404e-5,1.0299981852502462,1.786139524062591e-6
6.52,1.576286420146289e-5,1.0299982229258091,1.7484639611708985e-6
6.53,1.560514885312614e-5,1.0299982602326792,1.7111570911332308e-6
6.54,1.5442796986064877e-5,1.0299982971612198,1.674228550463397e-6
6.55,1.5275964052818836e-5,1.0299983337021685,1.6376876017520914e-6
6.56,1.5104813336108691e-5,1.0299983698466388,1.6015431314464479e-6
6.57,1.4929516069628335e-5,1.0299984055861178,1.5658036525145747e-6
6.58,1.4750251374096024e-5,1.029998440912468,1.5304773022251084e-6
6.59,1.4567206257254384e-5,1.0299984758179255,1.4955718448117494e-6
6.6,1.438057565650297e-5,1.029998510295102,1.4610946683646375e-6
6.61,1.4190562374949423e-5,1.0299985443369828,1.4270527874948868e-6
6.62,1.3997377145358314e-5,1.0299985779369285,1.3934528417802738e-6
6.63,1.3801238601729438e-5,1.029998611088674,1.3603010962093265e-6
6.64,1.3602373229559817e-5,1.029998643786328,1.3276034422915473e-6
6.65,1.340101548663597e-5,1.0299986760243747,1.2953653956149225e-6
6.66,1.3197407710663356e-5,1.0299987077976716,1.2635920987325022e-6
6.67,1.2991800105055518e-5,1.0299987391014516,1.2322883187199096e-6
6.68,1.278455806641432e-5,1.0299987699355182,1.20145425208662e-6
6.69,1.2575649108725884e-5,1.0299988002895761,1.1711001941527854e-6
6.7,1.2365356603538658e-5,1.0299988301616807,1.1412280895850557e-6
6.71,1.2153956383542663e-5,1.0299988595502856,1.1118394847020596e-6
6.72,1.1941716387298129e-5,1.0299988884542304,1.0829355399089025e-6
6.73,1.172889660239207e-5,1.0299989168727406,1.0545170296971662e-6
6.74,1.1515749093859995e-5,1.0299989448054276,1.0265843426449095e-6
6.75,1.1302518004185913e-5,1.029998972252289,9.99137481194623e-7
6.76,1.1089439503564336e-5,1.0299989992137086,9.721760616532293e-7
6.77,1.0876741903587117e-5,1.0299990256904563,9.456993139700387e-7
6.78,1.066464550802948e-5,1.0299990516836872,9.197060830690162e-7
6.79,1.045336270522057e-5,1.0299990771949439,8.941948264062916e-7
6.8,1.0243098003570594e-5,1.0299991022261532,8.691636170787831e-7
6.81,1.0034047932094836e-5,1.0299991267796298,8.446101404935291e-7
6.82,9.826401075940794e-6,1.029999150858073,8.205316972542676e-7
6.83,9.620338140337026e-6,1.0299991744645693,7.9692520094099e-7
6.84,9.416031851117168e-6,1.0299991976025913,7.737871789981199e-7
6.85,9.21364704709049e-6,1.0299992202759964,7.51113773844736e-7
6.86,9.013340587671337e-6,1.0299992424890299,7.289007404320813e-7
6.87,8.815261402617125e-6,1.0299992642463216,7.071434486860539e-7
6.88,8.619550555977185e-6,1.0299992855528892,6.858368810647164e-7
6.89,8.426341096878787e-6,1.0299993064141355,6.649756347787417e-7
6.9,8.235758194530263e-6,1.0299993268358494,6.445539209032347e-7
6.91,8.047919067166731e-6,1.0299993468242066,6.245655637115988e-7
6.92,7.862932989155524e-6,1.029999366385769,6.050040013416691e-7
6.93,7.680880990790229e-6,1.0299993855282013,5.858615690357283e-7
6.94,7.501801107423489e-6,1.0299994042593363,5.67130433948293e-7
6.95,7.325923014889213e-6,1.0299994225795273,5.488102430284414e-7
6.96,7.153272200355332e-6,1.0299994404967054,5.308930648428856e-7
6.97,6.983867848475711e-6,1.0299994580186753,5.133710949678516e-7
6.98,6.817722876917287e-6,1.0299994751531116,4.962366586536149e-7
6.99,6.696206860112852e-6,1.029999491907562,4.794822083820094e-7
7.0,6.580534574140984e-6,1.0299995082894449,4.6310032542074e-7
7.01,6.461018003278696e-6,1.0299995243060514,4.4708371893520393e-7
7.02,6.337736031980512e-6,1.0299995399645436,4.314252266546248e-7
7.03,6.2107857559112745e-6,1.029999555271956,4.1611781420591853e-7
7.04,6.080282290099603e-6,1.0299995702351943,4.01154576001872e-7
7.05,5.9463589110464454e-6,1.0299995848610364,3.865287339088752e-7
7.06,5.8091669856707995e-6,1.0299995991561322,3.722336381350999e-7
7.07,5.668875999731426e-6,1.029999613127003,3.5826276723049943e-7
7.08,5.5256735294051396e-6,1.0299996267800424,3.446097278647642e-7
7.09,5.379765262603087e-6,1.0299996401215155,3.312682548273216e-7
7.1,5.23137499897075e-6,1.0299996531575597,3.182322105832469e-7
7.11,5.080744671204229e-6,1.029999665894184,3.054955863834863e-7
7.12,4.9281342739959655e-6,1.0299996783372698,2.9305250048849985e-7
7.13,4.773821942194445e-6,1.02999969049257,2.808972003887078e-7
7.14,4.618103929487916e-6,1.0299997023657097,2.690240605840444e-7
7.15,4.473928285619877e-6,1.0299997139621861,2.5742758413827005e-7
7.16,4.361478360692672e-6,1.029999725287368,2.4610240223488233e-7
7.17,4.251336370941772e-6,1.029999736346497,2.3504327328893737e-7
7.18,4.143389247701634e-6,1.0299997471446856,2.2424508472340676e-7
7.19,4.037501746267935e-6,1.0299997576861566,2.1370361369399404e-7
7.2,3.933585887239133e-6,1.0299997679756183,2.0341415196689638e-7
7.21,3.831602178649973e-6,1.0299997780196717,1.9337009860009857e-7
7.22,3.7314333027893554e-6,1.0299997878216258,1.835681444628534e-7
7.23,3.655680018255225e-6,1.0299997973846782,1.7400509211284998e-7
7.24,3.587841334251607e-6,1.029999806711915,1.6467785535212442e-7
7.25,3.520096264253425e-6,1.0299998158063104,1.5558345989319378e-7
7.26,3.452314409457813e-6,1.0299998246707283,1.4671904202678832e-7
7.27,3.384375467874179e-6,1.02999983330792,1.380818501761638e-7
7.28,3.316169220113352e-6,1.0299998417205263,1.296692440089231e-7
7.29,3.2475955720201455e-6,1.0299998499110767,1.2147869354883767e-7
7.3,3.178564504935366e-6,1.0299998578819884,1.135077818403829e-7
7.31,3.108996104117523e-6,1.0299998656355684,1.0575420184011364e-7
7.32,3.038820530321118e-6,1.0299998731740119,9.821575841506558e-8
7.33,2.9679780624292107e-6,1.0299998804994024,9.089036789866611e-8
7.34,2.8964190903479903e-6,1.0299998876137129,8.377605742460048e-8
7.35,2.8241040652687843e-6,1.0299998945188045,7.68709658149902e-8
7.36,2.7510035707223324e-6,1.0299999012164271,7.017334313630386e-8
7.37,2.6770982373136576e-6,1.0299999077082198,6.36815504773125e-8
7.38,2.602378849303477e-6,1.0299999139957092,5.739406105931266e-8
7.39,2.526846259343074e-6,1.029999920080312,5.1309458237724925e-8
7.4,2.4505114168960063e-6,1.029999925963333,4.542643727845075e-8
7.41,2.3733953540272523e-6,1.0299999316459654,3.9743804913783265e-8
7.42,2.2955292280357753e-6,1.0299999371292918,3.426047845422886e-8
7.43,2.216954300138241e-6,1.0299999424142827,2.897548756486401e-8
7.44,2.137721878625598e-6,1.0299999475017982,2.388797204488924e-8
7.45,2.0579959141286963e-6,1.0299999523928345,1.899693580220685e-8
7.46,1.9777374191676245e-6,1.029999957088852,1.4300918227405646e-8
7.47,1.8968399189134288e-6,1.02999996159072,9.799050237901952e-9
7.48,1.8154342953380365e-6,1.0299999658995367,5.490233601079808e-9
7.49,1.7336483466579011e-6,1.0299999700164713,1.3732990300496795e-9
7.5,1.6516066949634478e-6,1.029999973942764,2.5529938163515453e-9
7.51,1.569430892800483e-6,1.0299999776797264,6.2899561115159486e-9
7.52,1.4872393236942116e-6,1.0299999812287408,9.838970527198398e-9
7.53,1.405147294519793e-6,1.02999998459126,1.3201489679204315e-8
7.54,1.3232669573426392e-6,1.0299999877688095,1.6379039236014137e-8
7.55,1.2417073520509803e-6,1.0299999907629835,1.9373213255846622e-8
7.56,1.1605744134612905e-6,1.0299999935754498,2.2185679515729362e-8
7.57,1.0799709428965798e-6,1.0299999962079447,2.481817440447287e-8
7.58,9.99996586870111e-7,1.0299999986622774,2.7272507141518076e-8
7.59,9.207479294559562e-7,1.0300000009403274,2.9550557112401066e-8
7.6,8.423184070238676e-7,1.0300000030440448,3.1654274534886895e-8
7.61,7.647983082392784e-7,1.0300000049754516,3.358568134714801e-8
7.62,6.882748451175758e-7,1.03000000673664,3.534686965345202e-8
7.63,6.128320748644001e-7,1.0300000083297733,3.6940003056429305e-8
7.64,5.385509496136365e-7,1.0300000097570867,3.836731643502844e-8
7.65,4.6550928800570546e-7,1.0300000110208853,3.963111505633776e-8
7.66,4.0962017777701476e-7,1.0300000121235453,4.073377501967457e-8
7.67,3.6184064811095595e-7,1.0300000130675144,4.167774414476355e-8
7.68,3.384262328154364e-7,1.0300000138553111,4.246554086151377e-8
7.69,3.5016352484262825e-7,1.0300000144895247,4.3099754432063264e-8
7.7,4.1188589250396035e-7,1.030000014972815,4.358304472873442e-8
7.71,4.715898924700923e-7,1.0300000153079136,4.391814334425703e-8
7.72,5.289730751201205e-7,1.0300000154976228,4.410785248154525e-8
7.73,5.838547778580505e-7,1.0300000155458138,4.4156043488285945e-8
7.74,6.359322668458844e-7,1.0300000154534994,4.406372910992218e-8
7.75,6.848909208656551e-7,1.030000015222351,4.383258067619522e-8
7.76,7.305799911705435e-7,1.0300000148556956,4.346592530346527e-8
7.77,7.72866215470458e-7,1.030000014356756,4.2966985747128206e-8
7.78,8.116337681940422e-7,1.0300000137286498,4.233887951343718e-8
7.79,8.467843031212396e-7,1.0300000129743898,4.158461952563641e-8
7.8,8.782369320670114e-7,1.0300000120968837,4.0707113457827404e-8
7.81,9.059282248813361e-7,1.0300000110989338,3.9709163512924306e-8
7.82,9.298122094492101e-7,1.0300000099832378,3.859346753287696e-8
7.83,9.498603574797926e-7,1.0300000087523888,3.736261855458167e-8
7.84,9.660616342443973e-7,1.030000007408874,3.601910369965822e-8
7.85,9.78422434627646e-7,1.030000005955076,3.456530572876204e-8
7.86,9.869666186546056e-7,1.0300000043932729,3.300350259749507e-8
7.87,9.917355399124972e-7,1.0300000027256366,3.1335866346182684e-8
7.88,1.022046795640108e-6,1.030000000954235,2.956446465418594e-8
7.89,1.0662705562936026e-6,1.02999999908103,2.7691259729678563e-8
7.9,1.1098560932509827e-6,1.0299999971078788,2.571810853169154e-8
7.91,1.1528529668680676e-6,1.0299999950365337,2.3646763436246943e-8
7.92,1.1953130041320037e-6,1.0299999928686416,2.1478871348179496e-8
7.93,1.237290192079854e-6,1.029999990605744,1.921597370113659e-8
7.94,1.2788408056962908e-6,1.0299999882492785,1.6859508233935117e-8
7.95,1.3200232515941934e-6,1.0299999858005755,1.441080521580318e-8
7.96,1.3608982598611874e-6,1.0299999832608617,1.187109144318299e-8
7.97,1.401528685107678e-6,1.0299999806312583,9.241488019284816e-9
7.98,1.441979634364543e-6,1.029999977912781,6.5230107981761876e-9
7.99,1.4823184670831324e-6,1.0299999751063407,3.716570384781903e-9
8.0,1.5226147098701404e-6,1.0299999722127426,8.229723569286307e-10
8.01,1.5629538410166788e-6,1.029999969230358,2.15941220460536e-9
8.02,1.6033520324754136e-6,1.0299999661627708,5.2269994998965785e-9
8.03,1.643857949318317e-6,1.0299999630117664,8.378003846232218e-9
8.04,1.684538872837038e-6,1.0299999597768204,1.1612949935013717e-8
8.05,1.7254580342296322e-6,1.0299999564573832,1.493238710459366e-8
8.06,1.7666746288114155e-6,1.0299999530528783,1.8336892004811034e-8
8.07,1.8082437520661188e-6,1.0299999495627057,2.182706460018835e-8
8.08,1.8502164209621697e-6,1.0299999459862386,2.5403531722645312e-8
8.09,1.8926395881635472e-6,1.0299999423228252,2.9066945073097372e-8
8.1,1.9355561349243544e-6,1.029999938571788,3.2817982331678763e-8
8.11,1.979004878194246e-6,1.0299999347324242,3.665734604751947e-8
8.12,2.0230205777238552e-6,1.029999930804005,4.0585765193057455e-8
8.13,2.0676339005376576e-6,1.029999926785777,4.460399338768184e-8
8.14,2.1128714635665347e-6,1.0299999226769596,4.8712810674089724e-8
8.15,2.1587557839097826e-6,1.0299999184767479,5.291302240806317e-8
8.16,2.2053053356785313e-6,1.0299999141843112,5.72054590364246e-8
8.17,2.2525345215740344e-6,1.0299999097987926,6.159097765134902e-8
8.18,2.300453651571388e-6,1.02999990531931,6.60704602140072e-8
8.19,2.3490689784466667e-6,1.0299999007449556,7.064481466478867e-8
8.2,2.3983827119877787e-6,1.0299998960747956,7.531497470125714e-8
8.21,2.4483929479401922e-6,1.0299998913078707,8.00818995561059e-8
8.22,2.4990937319557815e-6,1.0299998864431956,8.494657466329159e-8
8.23,2.5504750453819724e-6,1.0299998814797595,8.991001076985583e-8
8.24,2.60252278394546e-6,1.029999876416526,9.497324438001442e-8
8.25,2.6552187861739185e-6,1.029999871252432,1.0013733819924653e-7
8.26,2.708540826290573e-6,1.0299998659863896,1.054033806902055e-7
8.27,2.7624625715816364e-6,1.0299998606172847,1.1077248562862962e-7
8.28,2.8169536747668644e-6,1.029999855143977,1.1624579321356521e-7
8.29,2.8719796674181453e-6,1.0299998495653004,1.2182446984532191e-7
8.3,2.9274110673327414e-6,1.0299998438806488,1.2750912148362659e-7
8.31,2.9833732853035144e-6,1.0299998380893098,1.3330046044757182e-7
8.32,3.0398231913864038e-6,1.0299998321905666,1.3919920371918693e-7
8.33,3.0966904276397145e-6,1.0299998261838819,1.452058884243712e-7
8.34,3.1539052471885043e-6,1.0299998200688452,1.5132092512359918e-7
8.35,3.2113986065951394e-6,1.0299998138451711,1.5754459914418817e-7
8.36,3.269102158753867e-6,1.029999807512702,1.6387706835985227e-7
8.37,3.326948217363679e-6,1.0299998010714047,1.7031836563319303e-7
8.38,3.3848697782445925e-6,1.0299997945213735,1.7686839681729793e-7
8.39,3.4428004838105153e-6,1.0299997878628278,1.8352694253209734e-7
8.4,3.500674701228945e-6,1.029999781096114,1.9029365638800755e-7
8.41,3.5584274584721243e-6,1.0299997742217035,1.971680667622877e-7
8.42,3.6159944372116115e-6,1.029999767240195,2.0414957524472754e-7
8.43,3.673312015450847e-6,1.029999760152312,2.112374581919596e-7
8.44,3.730317274630579e-6,1.029999752958905,2.1843086539519163e-7
8.45,3.7869479214691637e-6,1.0299997456609502,2.2572882008020656e-7
8.46,3.843142373227693e-6,1.0299997382595492,2.3313022112780857e-7
8.47,3.898839707972002e-6,1.0299997307559305,2.40633839743154e-7
8.48,3.953979707205235e-6,1.029999723151448,2.4823832234233123e-7
8.49,4.008502784813572e-6,1.0299997154475815,2.5594218877600383e-7
8.5,4.0623500936476376e-6,1.0299997076459373,2.637438329955444e-7
8.51,4.115463397624808e-6,1.0299996997482463,2.716415239412129e-7
8.52,4.1677851783106235e-6,1.029999691756367,2.796334033217107e-7
8.53,4.219258599391651e-6,1.0299996836722827,2.877174876125821e-7
8.54,4.269827464042919e-6,1.0299996754981025,2.958916678341694e-7
8.55,4.319436300193047e-6,1.0299996672360616,3.0415370866343494e-7
8.56,4.368030275259116e-6,1.0299996588885214,3.1250124887804986e-7
8.57,4.415555252990089e-6,1.029999650457968,3.2093180224457285e-7
8.58,4.461957765045099e-6,1.0299996419470148,3.2944275552004854e-7
8.59,4.50718501809888e-6,1.0299996333583996,3.380313706724536e-7
8.6,4.551231576499504e-6,1.0299996246962524,3.46693517894181e-7
8.61,4.593994688661951e-6,1.0299996159603382,3.554294321084228e-7
8.62,4.635432148347718e-6,1.0299996071533821,3.6423638816174275e-7
8.63,4.675521743990885e-6,1.0299995982787808,3.731109894378193e-7
8.64,4.714243281966901e-6,1.029999589339904,3.8204986618772807e-7
8.65,4.751578693173997e-6,1.0299995803400936,3.91049676640165e-7
8.66,4.787511919346343e-6,1.0299995712826637,4.0010710655735693e-7
8.67,4.822029019635465e-6,1.0299995621709017,4.09218868568928e-7
8.68,4.8551180853451115e-6,1.029999553008067,4.1838170328212243e-7
8.69,4.886769289669246e-6,1.0299995437973914,4.275923788377156e-7
8.7,4.916974873481195e-6,1.0299995345420796,4.3684769068796925e-7
8.71,4.945729152439071e-6,1.0299995252453082,4.4614446204072067e-7
8.72,4.973028502774923e-6,1.0299995159102273,4.554795429712044e-7
8.73,4.998871375505587e-6,1.029999506539958,4.6484981219840904e-7
8.74,5.023258268010977e-6,1.0299994971375954,4.742521748646311e-7
8.75,5.046191787982934e-6,1.029999487706206,4.83683564311832e-7
8.76,5.067676546843813e-6,1.029999478248829,4.931409411934595e-7
8.77,5.087719294749604e-6,1.0299994687684766,5.026212936964924e-7
8.78,5.1063287926922385e-6,1.0299994592681327,5.121216375414406e-7
8.79,5.123515919081001e-6,1.0299994497507539,5.21639016426434e-7
8.8,5.139293577371973e-6,1.0299994402192698,5.311705004729106e-7
8.81,5.153676774227733e-6,1.0299994306765814,5.407131888901517e-7
8.82,5.166682541357659e-6,1.0299994211255632,5.50264207088702e-7
8.83,5.178330013677623e-6,1.0299994115690612,5.598207091228602e-7
8.84,5.188640400888289e-6,1.0299994020098944,5.69379875914322e-7
8.85,5.197636959053398e-6,1.0299993924508546,5.789389156962699e-7
8.86,5.205345011916052e-6,1.0299993828947052,5.884950651235954e-7
8.87,5.211791950898714e-6,1.0299993733441821,5.980455881626767e-7
8.88,5.21700723510321e-6,1.029999363801994,6.07587776313423e-7
8.89,5.2210224268378624e-6,1.0299993542708226,6.171189477210959e-7
8.9,5.223865350956203e-6,1.0299993447518974,6.26637872924718e-7
8.91,5.2255497209330315e-6,1.0299993352494816,6.361402886678746e-7
8.92,5.226104256905728e-6,1.029999325766303,6.45623467354639e-7
8.93,5.225557693222527e-6,1.0299993163042975,6.550854727560562e-7
8.94,5.2239374497276e-6,1.0299993068653845,6.645243857406058e-7
8.95,5.221269539390505e-6,1.029999297451465,6.73938305384425e-7
8.96,5.217578632255027e-6,1.029999288064421,6.833253491933533e-7
8.97,5.212888012806616e-6,1.029999278706118,6.926836522147539e-7
8.98,5.207219587077816e-6,1.029999269378402,7.020113683697815e-7
8.99,5.200593932386255e-6,1.0299992600831014,7.113066688990699e-7
9.0,5.193030204964089e-6,1.0299992508220268,7.205677434729552e-7
9.01,5.184546232328557e-6,1.0299992415969708,7.297927995253417e-7
9.02,5.175158442227712e-6,1.0299992324097071,7.389800631418808e-7
9.03,5.1648819194838325e-6,1.0299992232619928,7.481277775056583e-7
9.04,5.153730370466292e-6,1.0299992141555656,7.572342046735514e-7
9.05,5.141716108880701e-6,1.0299992050921463,7.662976240219166e-7
9.06,5.128850119717754e-6,1.029999196073437,7.753163333568125e-7
9.07,5.1151420024098115e-6,1.029999187101122,7.842886482478661e-7
9.08,5.100599963725472e-6,1.0299991781768683,7.93212902028273e-7
9.09,5.085230867507562e-6,1.029999169302324,8.020874462388861e-7
9.1,5.069040213356857e-6,1.0299991604791199,8.109106504061714e-7
9.11,5.052032101104942e-6,1.0299991517088687,8.196809015981188e-7
9.12,5.034209294763059e-6,1.0299991429931652,8.283966050903757e-7
9.13,5.015573165678688e-6,1.0299991343335861,8.370561841442026e-7
9.14,4.996123735168112e-6,1.029999125731691,8.45658079340339e-7
9.15,4.97585963188385e-6,1.0299991171890208,8.542007494671822e-7
9.16,4.9547781202363694e-6,1.0299991087070994,8.626826708546531e-7
9.17,4.932875128815795e-6,1.0299991002874318,8.711023384844196e-7
9.18,4.91014518644306e-6,1.0299990919315067,8.794582635474057e-7
9.19,4.886581436380766e-6,1.0299990836407933,8.877489769965052e-7
9.2,4.862175678965741e-6,1.0299990754167443,8.959730259938681e-7
9.21,4.8368920815278216e-6,1.0299990672622878,9.041274824372891e-7
9.22,4.810772324503887e-6,1.0299990591771608,9.122126094496252e-7
9.23,4.78382126800625e-6,1.0299990511620953,9.202276749498139e-7
9.24,4.756018839202625e-6,1.0299990432190012,9.281707691322083e-7
9.25,4.727346357924489e-6,1.0299990353497819,9.360399884084103e-7
9.26,4.697786515350799e-6,1.0299990275563349,9.438334354072708e-7
9.27,4.66732338111342e-6,1.029999019840551,9.515492191969344e-7
9.28,4.635942403297122e-6,1.0299990122043157,9.59185454618705e-7
9.29,4.603630387123303e-6,1.0299990046495069,9.6674026339727e-7
9.3,4.5703755588988315e-6,1.0299989971779981,9.742117721422971e-7
9.31,4.536167466540064e-6,1.0299989897916557,9.815981145688824e-7
9.32,4.500997086154257e-6,1.0299989824923403,9.888974299432363e-7
9.33,4.464856736774436e-6,1.0299989752819063,9.961078639708631e-7
9.34,4.427740144308245e-6,1.0299989681622024,1.0032275679083824e-6
9.35,4.389642384694525e-6,1.029998961135071,1.0102546992296624e-6
9.36,4.35055992653588e-6,1.0299989542023489,1.0171874214037757e-6
9.37,4.310490588466109e-6,1.0299989473658668,1.0240239034509102e-6
9.38,4.269433624415342e-6,1.0299989406274495,1.0307623208305472e-6
9.39,4.227389602817766e-6,1.0299989339889155,1.0374008547753277e-6
9.4,4.184360506087614e-6,1.0299989274520782,1.043937692069008e-6
9.41,4.1403497021974545e-6,1.0299989210187448,1.0503710254905485e-6
9.42,4.095361894940197e-6,1.0299989146907167,1.0566990535920695e-6
9.43,4.04940319498337e-6,1.0299989084697891,1.0629199811429402e-6
9.44,4.002481105658262e-6,1.0299989023577523,1.0690320180195556e-6
9.45,3.95460445901108e-6,1.02999889635639,1.0750333803155598e-6
9.46,3.905783515278927e-6,1.0299988904674806,1.080922289675712e-6
9.47,3.856029870519251e-6,1.0299988846927974,1.0866969728517972e-6
9.48,3.8053565276641166e-6,1.0299988790341064,1.0923556639230725e-6
9.49,3.7537778680984957e-6,1.0299988734931695,1.0978966007435531e-6
9.5,3.7013096161331305e-6,1.0299988680717427,1.103318027606548e-6
9.51,3.647968917164235e-6,1.0299988627715755,1.1086181948005702e-6
9.52,3.593774252408366e-6,1.0299988575944126,1.113795357721159e-6
9.53,3.538745517062125e-6,1.0299988525419932,1.118847777092924e-6
9.54,3.482922743103245e-6,1.0299988476158457,1.1237739245828493e-6
9.55,3.4263462396211253e-6,1.0299988428168194,1.1285729508703213e-6
9.56,3.3689488390109545e-6,1.0299988381471252,1.1332426450572086e-6
9.57,3.310772825670938e-6,1.029998833608167,1.137781603377519e-6
9.58,3.2518600505682116e-6,1.0299988292012696,1.1421885006690502e-6
9.59,3.192252044925681e-6,1.0299988249276824,1.1464620879308995e-6
9.6,3.1319898852189e-6,1.0299988207885766,1.1506011936557314e-6
9.61,3.0711142997574825e-6,1.0299988167850476,1.1546047227195544e-6
9.62,3.0096656189471105e-6,1.029998812918113,1.1584716572698994e-6
9.63,2.9476838179220977e-6,1.0299988091887142,1.1622010560596863e-6
9.64,2.8852084454911164e-6,1.0299988055977147,1.1657920555574464e-6
9.65,2.8222786809806166e-6,1.0299988021459017,1.1692438686150552e-6
9.66,2.7589333200239707e-6,1.0299987988339865,1.1725557838015987e-6
9.67,2.695210774561474e-6,1.0299987956626018,1.1757271685119974e-6
9.68,2.631149065734917e-6,1.0299987926323049,1.178757465414293e-6
9.69,2.5667858096767304e-6,1.0299987897435756,1.181646194670094e-6
9.7,2.50215828856426e-6,1.0299987869968172,1.1843929530463981e-6
9.71,2.437303344038355e-6,1.029998784392356,1.1869974143596806e-6
9.72,2.372257469573924e-6,1.0299987819304417,1.1894593285877164e-6
9.73,2.3070567607419434e-6,1.0299987796112475,1.1917785227577582e-6
9.74,2.2417369009986032e-6,1.0299987774348696,1.193954900724492e-6
9.75,2.1763332398450075e-6,1.0299987754013273,1.1959884429479928e-6
9.76,2.1108807146674735e-6,1.0299987735105642,1.1978792060496346e-6
9.77,2.045413850737532e-6,1.0299987717624461,1.199627324144359e-6
9.78,1.9799668322662e-6,1.0299987701567626,1.2012330077304512e-6
9.79,1.9145734313497087e-6,1.0299987686932268,1.2026965434674963e-6
9.8,1.8492670506020659e-6,1.0299987673714754,1.2040182948425127e-6
9.81,1.7840806876279203e-6,1.029998766191068,1.2051987023919963e-6
9.82,1.7190469776551254e-6,1.0299987651514877,1.2062382825916984e-6
9.83,1.654198143796748e-6,1.029998764252141,1.2071376291888924e-6
9.84,1.5895660325782046e-6,1.0299987634923584,1.207897411870107e-6
9.85,1.525182128148117e-6,1.0299987628713934,1.208518376927259e-6
9.86,1.4610774883294653e-6,1.0299987623884226,1.2090013477017436e-6
9.87,1.3972828227792888e-6,1.0299987620425464,1.2093472239183e-6
9.88,1.3338161224396572e-6,1.029998761832475,1.2095572952119937e-6
9.89,1.270687356225153e-6,1.0299987617571489,1.209632621401724e-6
9.9,1.207977106787439e-6,1.029998761817242,1.20957252836007e-6
9.91,1.1456977446755445e-6,1.0299987620114213,1.2093783490207954e-6
9.92,1.0838609441066183e-6,1.0299987623383593,1.209051410988593e-6
9.93,1.0224775195410984e-6,1.0299987627967342,1.208593036094996e-6
9.94,9.61557582002115e-7,1.0299987633852288,1.2080045415086005e-6
9.95,9.011103898615147e-7,1.029998764102532,1.2072872381807542e-6
9.96,8.411444980538363e-7,1.0299987649473388,1.2064424315116895e-6
9.97,7.816676159677627e-7,1.0299987659183485,1.2054714217946128e-6
9.98,7.226867282383864e-7,1.0299987670142665,1.2043755037716153e-6
9.99,6.642079810603718e-7,1.0299987682338034,1.203155966855718e-6
10.0,6.062367887693654e-7,1.0299987695756763,1.2018140940206479e-6
10.01,5.490070336122699e-7,1.0299987710386065,1.2003511637992403e-6
10.02,4.925104022390769e-7,1.0299987726213216,1.1987684487291261e-6
10.03,4.365214181234478e-7,1.0299987743225543,1.1970672160188656e-6
10.04,3.815580313926148e-7,1.0299987761410438,1.1952487264377254e-6
10.05,3.2890745416125355e-7,1.0299987780755335,1.1933142367581695e-6
10.06,2.798813554250046e-7,1.0299987801247732,1.1912649970913236e-6
10.07,2.3708610541461894e-7,1.029998782287518,1.189102252219243e-6
10.08,1.9595749023437747e-7,1.0299987845625282,1.1868272420390014e-6
10.09,1.5817248311122967e-7,1.0299987869485707,1.18444119956429e-6
10.1,1.2070310617673385e-7,1.0299987894444165,1.1819453538119973e-6
10.11,1.279125783071322e-7,1.029998792048843,1.1793409273597177e-6
10.12,1.4101939171951017e-7,1.029998794760633,1.176629137233931e-6
10.13,1.5454364898914719e-7,1.0299987975785752,1.1738111951320462e-6
10.14,1.9449863231102427e-7,1.0299988005014629,1.170888307422402e-6
10.15,2.446233935415876e-7,1.0299988035280958,1.1678616744781323e-6
10.16,2.9469703122231294e-7,1.0299988066572787,1.1647324915653456e-6
10.17,3.4466108189690203e-7,1.029998809887822,1.1615019481769906e-6
10.18,3.944546662637549e-7,1.029998813218542,1.1581712282549006e-6
10.19,4.4401446075426065e-7,1.0299988166482599,1.1547415104118386e-6
10.2,4.932746904273699e-7,1.0299988201758028,1.1512139674874078e-6
10.21,5.421672000238686e-7,1.0299988238000033,1.1475897669921409e-6
10.22,5.906364819452392e-7,1.0299988275199154,1.1438698548360549e-6
10.23,6.386690643012116e-7,1.0299988313346065,1.140055163828535e-6
10.24,6.861491925747032e-7,1.0299988352419742,1.1361477960658561e-6
10.25,7.330225173518556e-7,1.029998839241193,1.132148577331904e-6
10.26,7.792377942905659e-7,1.0299988433314264,1.1280583438466607e-6
10.27,8.247469125421958e-7,1.0299988475118287,1.123877941600071e-6
10.28,8.695048165918706e-7,1.0299988517815437,1.119608226574087e-6
10.29,9.134695488910438e-7,1.0299988561397047,1.1152500656308462e-6
10.3,9.566023138063429e-7,1.0299988605854349,1.1108043354024488e-6
10.31,9.988673355110222e-7,1.0299988651178476,1.106271922735047e-6
10.32,1.0402319929880832e-6,1.029998869736046,1.1016537242447555e-6
10.33,1.0806667560814276e-6,1.0299988744391226,1.0969506476499191e-6
10.34,1.1201451641795757e-6,1.0299988792261598,1.0921636104388455e-6
10.35,1.1586439043753671e-6,1.0299988840962302,1.0872935400918493e-6
10.36,1.1961427262008328e-6,1.0299988890483955,1.0823413747473865e-6
10.37,1.2326244913651863e-6,1.029998894081708,1.0773080623138753e-6
10.38,1.2680751737548235e-6,1.0299988991952091,1.0721945611358308e-6
10.39,1.3024838452224685e-6,1.0299989043879298,1.0670018404379533e-6
10.4,1.3358426471654639e-6,1.0299989096588917,1.0617308785487722e-6
10.41,1.3681468544746167e-6,1.0299989150071052,1.0563826651210917e-6
10.42,1.3993948115853527e-6,1.029998920431571,1.0509581993556338e-6
10.43,1.4355249646769153e-6,1.0299989259312787,1.045458491555351e-6
10.44,1.4738767006861053e-6,1.0299989315052092,1.0398845611270247e-6
10.45,1.511813650267868e-6,1.0299989371523313,1.0342374390237552e-6
10.46,1.549329702754676e-6,1.0299989428716043,1.028518165968606e-6
10.47,1.5864181932556676e-6,1.0299989486619776,1.0227277926766476e-6
10.48,1.6230719879217759e-6,1.029998954522389,1.0168673811872253e-6
10.49,1.6592833915751726e-6,1.0299989604517672,1.0109380030876025e-6
10.5,1.6950441903418323e-6,1.02999896644903,1.0049407401790944e-6
10.51,1.7303456658623872e-6,1.0299989725130847,9.98876685587291e-7
10.52,1.7651786023975546e-6,1.0299989786428283,9.927469419857005e-7
10.53,1.7995332015630083e-6,1.0299989848371478,9.865526224839272e-7
10.54,1.8333991889107892e-6,1.0299989910949185,9.80294851737895e-7
10.55,1.8667657712967411e-6,1.0299989974150068,9.73974763507357e-7
10.56,1.8996215942479466e-6,1.0299990037962679,9.675935024322513e-7
10.57,1.931960262879784e-6,1.0299990102370125,9.611527578279322e-7
10.58,1.963784065139862e-6,1.029999016735747,9.54654023388457e-7
10.59,1.995066831739223e-6,1.0299990232931868,9.480965834640642e-7
10.6,2.0257981674376424e-6,1.0299990299078121,9.41481958172119e-7
10.61,2.055968380432205e-6,1.02999903657811,9.348116603025147e-7
10.62,2.0855683970921746e-6,1.0299990433025754,9.280871948735836e-7
10.63,2.1145897974861327e-6,1.0299990500797112,9.213100591320966e-7
10.64,2.14302480827655e-6,1.0299990569080266,9.144817436634867e-7
10.65,2.1708663524577787e-6,1.0299990637860394,9.076037308375362e-7
10.66,2.1981079783017776e-6,1.0299990707122746,9.006774956965558e-7
10.67,2.2247438806743958e-6,1.0299990776852643,8.937045059553839e-7
10.68,2.2507689223516536e-6,1.0299990847035485,8.866862217793425e-7
10.69,2.2761786055980338e-6,1.0299990917656747,8.796240955621926e-7
10.7,2.300969107693618e-6,1.0299990988701975,8.72519572814312e-7
10.71,2.3251372809340864e-6,1.0299991060156795,8.653740908304286e-7
10.72,2.3486805389438814e-6,1.0299991132006896,8.58189080688021e-7
10.73,2.3715970485227444e-6,1.0299991204238055,8.509659648048284e-7
10.74,2.3938856017480248e-6,1.0299991276836113,8.437061589372519e-7
10.75,2.4155456017638244e-6,1.029999134978699,8.364110712921757e-7
10.76,2.436577204889545e-6,1.0299991423076682,8.290821020828787e-7
10.77,2.456981086140786e-6,1.0299991496691248,8.217206455274351e-7
10.78,2.476758680813873e-6,1.029999157061683,8.143280871841796e-7
10.79,2.4959120494827403e-6,1.0299991644839643,8.069058059501089e-7
10.8,2.514443885104356e-6,1.0299991719345973,7.994551729506583e-7
10.81,2.532357562756715e-6,1.0299991794122179,7.919775524278805e-7
10.82,2.549657118322557e-6,1.029999186915469,7.844743012963562e-7
10.83,2.566347177435091e-6,1.0299991944430016,7.76946768699105e-7
10.84,2.5824330904811177e-6,1.0299992019934734,7.693962968957635e-7
10.85,2.597920854441327e-6,1.0299992095655492,7.618242210405413e-7
10.86,2.6128170702577336e-6,1.029999217157902,7.542318682940419e-7
10.87,2.6271290636259437e-6,1.0299992247692111,7.466205591555308e-7
10.88,2.6408647499920335e-6,1.0299992323981628,7.389916074629355e-7
10.89,2.6540327411339604e-6,1.0299992400434523,7.313463179503543e-7
10.9,2.6666422812127166e-6,1.0299992477037798,7.236859904669046e-7
10.91,2.6787032894048934e-6,1.0299992553778547,7.160119155358302e-7
10.92,2.6902263101646895e-6,1.0299992630643922,7.083253781292598e-7
10.93,2.7012225487510477e-6,1.0299992707621153,7.006276550036716e-7
10.94,2.7117039138602195e-6,1.0299992784697538,6.929200164762506e-7
10.95,2.7216812270580704e-6,1.0299992861871097,6.852026606107842e-7
10.96,2.7311544883446004e-6,1.029999293911888,6.774778822382643e-7
10.97,2.740136601175891e-6,1.0299993016422908,6.697474794759017e-7
10.98,2.748642643268795e-6,1.029999309377415,6.620123553791046e-7
10.99,2.756687173643968e-6,1.0299993171163695,6.54273400790828e-7
11.0,2.764284253942151e-6,1.0299993248582764,6.465314938974842e-7
11.01,2.771447405791605e-6,1.029999332602269,6.387875013391664e-7
11.02,2.7781897458112326e-6,1.0299993403474927,6.310422775435143e-7
11.03,2.7845238292911745e-6,1.0299993480931064,6.232966638375359e-7
11.04,2.7904616928253745e-6,1.0299993558382796,6.155514906680537e-7
11.05,2.796014925365853e-6,1.029999363582195,6.078075753812584e-7
11.06,2.8011945971684327e-6,1.0299993713240465,6.000657237770213e-7
11.07,2.806011302425304e-6,1.0299993790630415,5.923267287766265e-7
11.08,2.8104751024216057e-6,1.0299993867983979,5.845913724211727e-7
11.09,2.814595568167988e-6,1.0299993945293466,5.768604236511266e-7
11.1,2.8183818088223234e-6,1.029999402255131,5.691346391945018e-7
11.11,2.8218424006354326e-6,1.029999409975006,5.614147642329925e-7
11.12,2.824985415372794e-6,1.0299994176882388,5.53701531513795e-7
11.13,2.827818462947107e-6,1.0299994253941083,5.459956620157413e-7
11.14,2.8303486203640205e-6,1.0299994330919058,5.382978645052106e-7
11.15,2.8325825311981134e-6,1.0299994407809354,5.306088348699944e-7
11.16,2.834526213746358e-6,1.0299994484605117,5.229292585617884e-7
11.17,2.8361853239289303e-6,1.029999456129963,5.152598072655223e-7
11.18,2.8375649563372463e-6,1.0299994637886285,5.076011417859405e-7
11.19,2.838669708182806e-6,1.0299994714358598,4.999539104932893e-7
11.2,2.839503700613477e-6,1.0299994790710205,4.923187497674064e-7
11.21,2.8400705502917845e-6,1.029999486693487,4.846962833315871e-7
11.22,2.840373355184056e-6,1.0299994943026463,4.770871240289409e-7
11.23,2.84041470166585e-6,1.0299995018978985,4.6949187182399044e-7
11.24,2.84019675689251e-6,1.0299995094786558,4.6191111446880484e-7
11.25,2.839721133796047e-6,1.0299995170443412,4.5434542905731234e-7
11.26,2.838988933717701e-6,1.0299995245943916,4.4679537869463104e-7
11.27,2.838000810356789e-6,1.029999532128254,4.392615162718272e-7
11.28,2.836756870294721e-6,1.0299995396453887,4.3174438157933537e-7
11.29,2.835256744049275e-6,1.0299995471452676,4.242445026392261e-7
11.3,2.833499593180022e-6,1.0299995546273744,4.167623959272504e-7
11.31,2.8314840179177736e-6,1.029999562091205,4.092985652626169e-7
11.32,2.8292081850622708e-6,1.0299995695362671,4.0185350314025925e-7
11.33,2.8266697071899216e-6,1.0299995769620809,3.9442768939856876e-7
11.34,2.823865763446065e-6,1.0299995843681777,3.870215925516618e-7
11.35,2.820790228952319e-6,1.029999591752555,3.796372152198302e-7
11.36,2.8174581458983994e-6,1.0299995991165662,3.722732040412069e-7
11.37,2.813862771233744e-6,1.0299996064597066,3.6493006372317893e-7
11.38,2.80999636714796e-6,1.0299996137812744,3.5760849592669786e-7
11.39,2.8058515511020232e-6,1.0299996210805678,3.5030920253475983e-7
11.4,2.8014212887228496e-6,1.029999628356888,3.4303288232173657e-7
11.41,2.796698943541287e-6,1.029999635609536,3.3578023428404435e-7
11.42,2.7916781561998505e-6,1.0299996428378146,3.2855195564174267e-7
11.43,2.7863529368232776e-6,1.0299996500410276,3.2134874272671254e-7
11.44,2.780717636596819e-6,1.0299996572184795,3.14171290760612e-7
11.45,2.774766976187948e-6,1.0299996643694762,3.0702029407692066e-7
11.46,2.768496003113796e-6,1.029999671493325,2.9989644523276127e-7
11.47,2.761900127268291e-6,1.0299996785893337,2.92800436563212e-7
11.48,2.7549750711841625e-6,1.0299996856568123,2.857329579608603e-7
11.49,2.747716976614356e-6,1.0299996926950703,2.7869469998442753e-7
11.5,2.7401222411072013e-6,1.0299996997034198,2.7168635052809975e-7
11.51,2.732187645904105e-6,1.0299997066811732,2.647085970419738e-7
11.52,2.7239103772558337e-6,1.0299997136276444,2.577621258659235e-7
11.53,2.715287841681402e-6,1.0299997205421478,2.5084762245164427e-7
11.54,2.7063179146580296e-6,1.0299997274240003,2.4396577003038544e-7
11.55,2.696998770090886e-6,1.029999734272518,2.371172522774856e-7
11.56,2.6873289087347985e-6,1.0299997410870203,2.3030274998170341e-7
11.57,2.677307215037672e-6,1.0299997478668255,2.2352294481997603e-7
11.58,2.666932886086215e-6,1.0299997546112547,2.167785155826607e-7
11.59,2.6562054813439318e-6,1.0299997613196292,2.1007014106011468e-7
11.6,2.6451249297565482e-6,1.0299997679912718,2.0339849848838298e-7
11.61,2.6336914658031674e-6,1.0299997746255067,1.967642635491984e-7
11.62,2.62190567923426e-6,1.0299997812216586,1.9016811170224912e-7
11.63,2.6097685363879464e-6,1.0299997877790534,1.8361071685291108e-7
11.64,2.5972813375574333e-6,1.0299997942970192,1.770927511302034e-7
11.65,2.5844457098855855e-6,1.0299998007748834,1.7061488688518978e-7
11.66,2.5712636428920632e-6,1.0299998072119763,1.6417779402644328e-7
11.67,2.5577374671570396e-6,1.0299998136076283,1.5778214201844776e-7
11.68,2.543869847215774e-6,1.0299998199611708,1.5142859943750864e-7
11.69,2.52966383840203e-6,1.0299998262719374,1.451178328615299e-7
11.7,2.515122808688375e-6,1.0299998325392619,1.3885050842432634e-7
11.71,2.500250460002462e-6,1.0299998387624796,1.3262729070540047e-7
11.72,2.48505088507045e-6,1.0299998449409271,1.2644884317403182e-7
11.73,2.4695284750464452e-6,1.0299998510739417,1.203158286333661e-7
11.74,2.4536880118830595e-6,1.029999857160862,1.1422890833223676e-7
11.75,2.437534568855426e-6,1.0299998632010279,1.0818874240925425e-7
11.76,2.4210719260508995e-6,1.0299998691948515,1.0219491874963182e-7
11.77,2.4042961328518686e-6,1.0299998751402784,9.624949193209886e-8
11.78,2.387216319732488e-6,1.0299998810365687,9.035320158723437e-8
11.79,2.369842363236785e-6,1.029999886883276,8.450649424673884e-8
11.8,2.3521838699025466e-6,1.0299998926799643,7.870980600621635e-8
11.81,2.3342503823187144e-6,1.0299998984262095,7.296356074881771e-8
11.82,2.316051109119144e-6,1.0299999041215986,6.726817169955268e-8
11.83,2.2975950884074336e-6,1.02999990976573,6.162404031506696e-8
11.84,2.2788912090732083e-6,1.0299999153582136,5.603155672773141e-8
11.85,2.259948082894425e-6,1.0299999208986703,5.049109996768664e-8
11.86,2.2407741937513492e-6,1.029999926386733,4.500303729670918e-8
11.87,2.221377755518006e-6,1.0299999318220452,3.956772509638995e-8
11.88,2.2017668470653007e-6,1.0299999372042627,3.418550753586658e-8
11.89,2.181949305679609e-6,1.0299999425330515,2.8856718792269476e-8
11.9,2.1619327270627764e-6,1.02999994780809,2.3581680386186576e-8
11.91,2.14172459322981e-6,1.0299999530290673,1.836070295802017e-8
11.92,2.121332130400333e-6,1.029999958195685,1.3194085379808485e-8
11.93,2.100762351631147e-6,1.0299999633076546,8.082115643404109e-9
11.94,2.0800220994487972e-6,1.0299999683646996,3.0250706384293835e-9
11.95,2.059118010322436e-6,1.029999973366556,1.976785624080435e-9
11.96,2.0380565075583945e-6,1.0299999783129694,6.923199125097312e-9
11.97,2.016843815511038e-6,1.0299999832036981,1.181392783600188e-8
11.98,1.9954859595827656e-6,1.0299999880385113,1.6648741052449623e-8
11.99,1.9739887449077287e-6,1.0299999928171903,2.1427420060504687e-8
12.0,1.9523577989843943e-6,1.0299999975395266,2.614975636028305e-8
12.01,1.9305985503592638e-6,1.0300000022053242,3.081555388639856e-8
12.02,1.908716185994308e-6,1.0300000068143984,3.542462811978453e-8
12.03,1.8867157578483784e-6,1.0300000113665757,3.99768054215599e-8
12.04,1.8646020336632319e-6,1.030000015861694,4.4471923699163085e-8
12.05,1.8423796461775055e-6,1.0300000202996034,4.890983307248575e-8
12.06,1.8200530149670158e-6,1.0300000246801642,5.329039387547141e-8
12.07,1.7976263109176216e-6,1.0300000290032492,5.761347887656143e-8
12.08,1.775103527279498e-6,1.0300000332687427,6.187897239051665e-8
12.09,1.7524885294051273e-6,1.0300000374765397,6.608676939023894e-8
12.1,1.7297848344810518e-6,1.0300000416265476,7.023677728312805e-8
12.11,1.7069959099558218e-6,1.0300000457186849,7.432891457881396e-8
12.12,1.6841248822174748e-6,1.0300000497528816,7.836311133324614e-8
12.13,1.6611747852834924e-6,1.0300000537290794,8.233930914869347e-8
12.14,1.6381484115868261e-6,1.030000057647231,8.625746072965512e-8
12.15,1.615048326186752e-6,1.0300000615073013,9.01175309930835e-8
12.16,1.5918769094014351e-6,1.0300000653092665,9.39194961802059e-8
12.17,1.5686363710187834e-6,1.0300000690531144,9.766334407856903e-8
12.18,1.5453286650313203e-6,1.030000072738844,1.0134907379999447e-7
12.19,1.521955603323022e-6,1.0300000763664663,1.0497669600262327e-7
12.2,1.4985187135607703e-6,1.0300000799360036,1.0854623333500513e-7
12.21,1.4750194097246094e-6,1.03000008344749,1.1205771976996459e-7
12.22,1.4514752137984033e-6,1.0300000868999242,1.1551015388633346e-7
12.23,1.4278794395750083e-6,1.0300000902943012,1.1890453088803099e-7
12.24,1.4042241645029208e-6,1.0300000936310656,1.2224129530835626e-7
12.25,1.3805086638285502e-6,1.0300000969101066,1.255203363470514e-7
12.26,1.3567324188556995e-6,1.0300001001313204,1.287415500872413e-7
12.27,1.335646139466462e-6,1.0300001032946116,1.3190484127179047e-7
12.28,1.3158879568209159e-6,1.030000106399892,1.3501012174899074e-7
12.29,1.2960549184981573e-6,1.0300001094470819,1.3805731158278434e-7
12.3,1.2761438625830124e-6,1.0300001124361082,1.4104633794254084e-7
12.31,1.2561519824316747e-6,1.0300001153669074,1.4397713710145865e-7
12.32,1.23607686930427e-6,1.0300001182394227,1.468496524381635e-7
12.33,1.2159163631508818e-6,1.030000121053605,1.496638346587531e-7
12.34,1.1956687231418073e-6,1.0300001238094134,1.5241964312906475e-7
12.35,1.1753324997698655e-6,1.030000126506815,1.5511704476445232e-7
12.36,1.1549065774829614e-6,1.0300001291457848,1.5775601447387544e-7
12.37,1.1343902528437866e-6,1.0300001317263052,1.6033653493785494e-7
12.38,1.1137830639995627e-6,1.0300001342483667,1.628585963864282e-7
12.39,1.0930849612122984e-6,1.030000136711968,1.6532219770937218e-7
12.4,1.0722961860665237e-6,1.0300001391171147,1.6772734445780202e-7
12.41,1.051417363839846e-6,1.030000141463822,1.7007405173075085e-7
12.42,1.0304494324486768e-6,1.0300001437521114,1.7236234106654535e-7
12.43,1.0093936424482308e-6,1.0300001459820127,1.745922424412072e-7
12.44,9.882516778247918e-7,1.030000148153564,1.767637938243638e-7
12.45,9.67025449938319e-7,1.0300001502668112,1.788770409572038e-7
12.46,9.457172893689858e-7,1.0300001523218076,1.8093203735247698e-7
12.47,9.24329818019487e-7,1.0300001543186157,1.8292884540471732e-7
12.48,9.028660343801675e-7,1.0300001562573042,1.8486753394775235e-7
12.49,8.813292424747488e-7,1.0300001581379508,1.8674818047514918e-7
12.5,8.597231158091745e-7,1.0300001599606412,1.8857087091816993e-7
12.51,8.380516547390471e-7,1.0300001617254684,1.9033569809145945e-7
12.52,8.16319200680482e-7,1.0300001634325342,1.920427639134914e-7
12.53,7.945304290046806e-7,1.0300001650819475,1.936921771861222e-7
12.54,7.726903277216479e-7,1.0300001666738257,1.9528405537094784e-7
12.55,7.508043111670304e-7,1.030000168208294,1.9681852370112551e-7
12.56,7.288780636827141e-7,1.0300001696854857,1.9829571540341817e-7
12.57,7.069176177765257e-7,1.0300001711055418,1.9971577147614994e-7
12.58,6.849293399113776e-7,1.0300001724686116,2.0107884135533993e-7
12.59,6.629199447161227e-7,1.0300001737748519,2.0238508158243462e-7
12.6,6.408965376181186e-7,1.0300001750244283,2.036346580247539e-7
12.61,6.188664372075436e-7,1.0300001762175135,2.0482774321095576e-7
12.62,5.968374452436365e-7,1.030000177354289,2.0596451877352706e-7
12.63,5.748176334918753e-7,1.030000178434944,2.0704517367242659e-7
12.64,5.528153792511148e-7,1.0300001794596751,2.080699048612189e-7
12.65,5.308394932512783e-7,1.030000180428688,2.0903891773116356e-7
12.66,5.088990278068195e-7,1.0300001813421957,2.099524254450813e-7
12.67,4.870034260306966e-7,1.0300001822004192,2.1081064893735402e-7
12.68,4.6512185036817755e-7,1.0300001830045782,2.1161480789899656e-7
12.69,4.4328017168027145e-7,1.0300001837540635,2.1236429326165762e-7
12.7,4.215237510152292e-7,1.0300001844482551,2.1305848485475565e-7
12.71,3.9986069566566584e-7,1.030000185087599,2.1369782876590193e-7
12.72,3.782988216016747e-7,1.0300001856725431,2.142827728590646e-7
12.73,3.568456889979643e-7,1.03000018620354,2.148137696611485e-7
12.74,3.355086590772771e-7,1.0300001866810455,2.1529127525177216e-7
12.75,3.142947875289792e-7,1.0300001871055189,2.1571574859713394e-7
12.76,2.932108955633339e-7,1.030000187477423,2.160876526602351e-7
12.77,2.7226349175180076e-7,1.0300001877972238,2.164074535127014e-7
12.78,2.5145889992472803e-7,1.0300001880653915,2.1667562122296147e-7
12.79,2.3080313837908761e-7,1.0300001882823995,2.1689262919011298e-7
12.8,2.1030198382732124e-7,1.0300001884487247,2.1705895436596734e-7
12.81,1.8996100692447726e-7,1.0300001885648473,2.1717507703300498e-7
12.82,1.7577494304532593e-7,1.0300001886312518,2.1724148147050926e-7
12.83,1.781460525762668e-7,1.0300001886484256,2.1725865528843258e-7
12.84,1.805107245900217e-7,1.0300001886168597,2.1722708942739644e-7
12.85,1.8286886671603497e-7,1.0300001885370489,2.171472786027806e-7
12.86,1.852203439511868e-7,1.0300001884094914,2.1701972108267853e-7
12.87,1.8756491471094705e-7,1.0300001882346892,2.1684491890994195e-7
12.88,1.8990230188364876e-7,1.0300001880131473,2.1662337701400247e-7
12.89,1.922320933545052e-7,1.0300001877453748,2.1635560454313918e-7
12.9,1.9455387700872961e-7,1.030000187431884,2.1604211375425564e-7
12.91,2.004786239240275e-7,1.0300001870731912,2.156834209010583e-7
12.92,2.2107161612439086e-7,1.0300001866698159,2.1528004556792268e-7
12.93,2.4144851806795486e-7,1.0300001862222812,2.14832510891938e-7
12.94,2.616064023186482e-7,1.030000185731114,2.1434134378495173e-7
12.95,2.8154254749779284e-7,1.0300001851968448,2.1380707448948044e-7
12.96,3.012543956515401e-7,1.030000184620007,2.1323023680075437e-7
12.97,3.207395664617252e-7,1.0300001840011388,2.1261136851080664e-7
12.98,3.3999588566757666e-7,1.0300001833407806,2.1195101029825025e-7
12.99,3.590213424331523e-7,1.0300001826394773,2.112497070605457e-7
13.0,3.778141177690486e-7,1.0300001818977775,2.105080072478671e-7
13.01,3.9637254900526386e-7,1.0300001811162327,2.0972646241901316e-7
13.02,4.1469523637260863e-7,1.0300001802953984,2.0890562812958535e-7
13.03,4.327808582615944e-7,1.0300001794358338,2.080460634878989e-7
13.04,4.5062836306897225e-7,1.0300001785381014,2.0714833115498266e-7
13.05,4.6823681287833097e-7,1.0300001776027674,2.062129971225346e-7
13.06,4.856054900415074e-7,1.0300001766304014,2.0524063115701097e-7
13.07,5.027338545460225e-7,1.0300001756215775,2.0423180724371548e-7
13.08,5.19621586647645e-7,1.0300001745768725,2.0318710225453174e-7
13.09,5.362684447618449e-7,1.030000173496867,2.0210709661405701e-7
13.1,5.526744715211862e-7,1.0300001723821446,2.0099237429960226e-7
13.11,5.688398729830624e-7,1.0300001712332942,1.9984352395141514e-7
13.12,5.847649973134139e-7,1.0300001700509065,1.9866113620814474e-7
13.13,6.004504058410021e-7,1.030000168835577,1.9744580681546609e-7
13.14,6.15896837530272e-7,1.0300001675879047,1.9619813440563405e-7
13.15,6.311052374030623e-7,1.0300001663084914,1.949187211636172e-7
13.16,6.460766854843314e-7,1.0300001649979433,1.9360817304914235e-7
13.17,6.608124678564309e-7,1.0300001636568699,1.9226709957465005e-7
13.18,6.753140695536786e-7,1.0300001622858845,1.9089611424938369e-7
13.19,6.895600463963092e-7,1.0300001608859337,1.8949616342744946e-7
13.2,7.035715867687031e-7,1.0300001594574404,1.8806767010381975e-7
13.21,7.173618286060446e-7,1.0300001580007623,1.866109919923531e-7
13.22,7.309307434866241e-7,1.030000156516414,1.851266437924437e-7
13.23,7.442783385158691e-7,1.0300001550049103,1.836151399814412e-7
13.24,7.574046065883522e-7,1.030000153466766,1.8207699570282898e-7
13.25,7.703094837552271e-7,1.030000151902496,1.805127256560013e-7
13.26,7.829929202785024e-7,1.0300001503126146,1.7892284431830774e-7
13.27,7.954548664201866e-7,1.0300001486976376,1.7730786727732095e-7
13.28,8.076951871771598e-7,1.0300001470580797,1.7566830945447975e-7
13.29,8.19713839916858e-7,1.0300001453944563,1.7400468599326757e-7
13.3,8.315107180578707e-7,1.030000143707282,1.7231751181512323e-7
13.31,8.430856297536593e-7,1.0300001419970728,1.7060730250761935e-7
13.32,8.544384613173861e-7,1.0300001402643435,1.6887457321423938e-7
13.33,8.655690706405039e-7,1.0300001385096098,1.6711983952255594e-7
13.34,8.764772729819015e-7,1.0300001367333875,1.6534361724218627e-7
13.35,8.871628622841854e-7,1.0300001349361918,1.635464215166138e-7
13.36,8.976256751225264e-7,1.030000133118538,1.6172876771136657e-7
13.37,9.078654628069671e-7,1.0300001312809428,1.5989117252424023e-7
13.38,9.178820121746867e-7,1.0300001294239212,1.580341508766736e-7
13.39,9.276750532194455e-7,1.0300001275479893,1.5615821902237315e-7
13.4,9.372443372512862e-7,1.030000125653663,1.542638927709561e-7
13.41,9.46589594263969e-7,1.0300001237414584,1.5235168815408429e-7
13.42,9.557105116186904e-7,1.0300001218118917,1.5042212142546418e-7
13.43,9.646068050983558e-7,1.0300001198654787,1.4847570839471302e-7
13.44,9.73278126537025e-7,1.030000117902736,1.4651296575962647e-7
13.45,9.817241561904666e-7,1.0300001159241798,1.4453440955186636e-7
13.46,9.89944538787313e-7,1.0300001139303268,1.4254055646922836e-7
13.47,9.97938897739914e-7,1.0300001119216926,1.4053192232132972e-7
13.48,1.0057068919877565e-6,1.0300001098987943,1.3850902402801069e-7
13.49,1.0132480667834898e-6,1.0300001078621484,1.3647237806502233e-7
13.5,1.0205620455394637e-6,1.0300001058122719,1.344225015742495e-7
13.51,1.0276484090354643e-6,1.0300001037496809,1.3235991058735408e-7
13.52,1.0345066883132858e-6,1.0300001016748925,1.302851222462209e-7
13.53,1.0411364428364323e-6,1.0300000995884238,1.2819865347069026e-7
13.54,1.0475372178575526e-6,1.0300000974907912,1.261010209585578e-7
13.55,1.0537084946804498e-6,1.0300000953825124,1.23992742073753e-7
13.56,1.0596498043469182e-6,1.030000093264104,1.2187433373611611e-7
13.57,1.0653606139499061e-6,1.030000091136083,1.1974631264344282e-7
13.58,1.0708403905823616e-6,1.0300000889989673,1.1760919704784101e-7
13.59,1.0760886013372328e-6,1.030000086853274,1.1546350364710634e-7
13.6,1.081104670674904e-6,1.0300000846995199,1.1330974958312368e-7
13.61,1.085888044372041e-6,1.030000082538223,1.1114845266391171e-7
13.62,1.0904381326781731e-6,1.0300000803699005,1.0898013025339992e-7
13.63,1.094754288999411e-6,1.0300000781950702,1.0680529993756238e-7
13.64,1.0988359449015661e-6,1.03000007601425,1.0462447974646238e-7
13.65,1.1026824324744666e-6,1.0300000738279569,1.024381865999402e-7
13.66,1.1062931406513599e-6,1.0300000716367095,1.0024693919419292e-7
13.67,1.10966735888951e-6,1.0300000694410252,9.805125489315003e-8
13.68,1.112804426384173e-6,1.0300000672414216,9.585165128278561e-8
13.69,1.115703675225177e-6,1.0300000650384178,9.364864750338597e-8
13.7,1.11839377581191e-6,1.0300000628324322,9.14426618869868e-8
13.71,1.1208394070649774e-6,1.030000060623949,8.923417871287143e-8
13.72,1.1230338543555263e-6,1.030000058413537,8.702376663727307e-8
13.73,1.1249796045831317e-6,1.030000056201748,8.481197766307957e-8
13.74,1.1266791730690784e-6,1.0300000539891283,8.259935802001905e-8
13.75,1.1281350609237961e-6,1.0300000517762171,8.038644683239227e-8
13.76,1.1293498403119884e-6,1.0300000495635457,7.81737754529388e-8
13.77,1.1303259768169482e-6,1.0300000473516404,7.596187012737232e-8
13.78,1.1310660710250886e-6,1.0300000451410194,7.375124910780073e-8
13.79,1.1315726453631214e-6,1.030000042932195,7.154242465112759e-8
13.8,1.1318483217337416e-6,1.0300000407256718,6.933590146473989e-8
13.81,1.131895601247379e-6,1.0300000385219494,6.713217914899872e-8
13.82,1.1317171200175835e-6,1.0300000363215187,6.493174842248095e-8
13.83,1.131315464419913e-6,1.030000034124865,6.273509467469296e-8
13.84,1.1306932492516353e-6,1.0300000319324667,6.054269641175836e-8
13.85,1.1298530750991631e-6,1.0300000297447949,5.835502459028419e-8
13.86,1.128797592286901e-6,1.030000027562315,5.6172544615762376e-8
13.87,1.1275294156121163e-6,1.0300000253854844,5.399571412212367e-8
13.88,1.126051223820923e-6,1.0300000232147548,5.182498452604989e-8
13.89,1.1243656388160161e-6,1.0300000210505706,4.9660800360840085e-8
13.9,1.1224753819760735e-6,1.0300000188933698,4.7503599498455173e-8
13.91,1.1203830538875081e-6,1.0300000167435834,4.535381314951792e-8
13.92,1.1180914256669894e-6,1.0300000146016357,4.321186541922373e-8
13.93,1.115603176060631e-6,1.0300000124679438,4.1078173529385253e-8
13.94,1.1129209696036924e-6,1.0300000103429192,3.8953148928655423e-8
13.95,1.1100475774128427e-6,1.0300000082269654,3.6837195072081386e-8
13.96,1.1069856924450505e-6,1.0300000061204797,3.4730709419505956e-8
13.97,1.1037381000278401e-6,1.0300000040238528,3.26340825473892e-8
13.98,1.1003075073290347e-6,1.0300000019374687,3.054769837085303e-8
13.99,1.0966967209924405e-6,1.0299999998617044,2.847193414368121e-8
14.0,1.092908469502163e-6,1.0299999977969296,2.6407159348096343e-8
14.01,1.0889455595020081e-6,1.0299999957435082,2.4353737915205897e-8
14.02,1.0848107763195003e-6,1.029999993701797,2.231202667068999e-8
14.03,1.080506912387591e-6,1.029999991672146,2.0282375778890582e-8
14.04,1.0760367885609412e-6,1.0299999896548984,1.8265128076677684e-8
14.05,1.0714032612213487e-6,1.0299999876503902,1.6260619961627754e-8
14.06,1.0666091156963375e-6,1.0299999856589521,1.426918183611292e-8
14.07,1.0616572012622782e-6,1.0299999836809062,1.2291135886854931e-8
14.08,1.056550402722678e-6,1.029999981716569,1.0326798749460409e-8
14.09,1.0512915551430524e-6,1.0299999797662496,8.376479287974803e-9
14.1,1.045883550432336e-6,1.0299999778302513,6.440481037373047e-9
14.11,1.0403292449723267e-6,1.0299999759088696,4.519099316979691e-9
14.12,1.034631573304523e-6,1.0299999740023937,2.6126234509149526e-9
14.13,1.028793413127005e-6,1.0299999721111062,7.213358799162961e-10
14.14,1.0228176847704162e-6,1.0299999702352822,1.1544880607061714e-9
14.15,1.0167073298816831e-6,1.0299999683751908,3.0145794749358856e-9
14.16,1.0104652474751674e-6,1.0299999665310942,4.85867612809443e-9
14.17,1.0040944218303594e-6,1.0299999647032476,6.686522668886141e-9
14.18,9.975977732779029e-7,1.0299999628918994,8.497870851442713e-9
14.19,9.909783287298524e-7,1.0299999610972916,1.0292478647144776e-8
14.2,9.842389872005697e-7,1.0299999593196592,1.207011113280032e-8
14.21,9.773827756021092e-7,1.02999995755923,1.3830540268600089e-8
14.22,9.704126995302431e-7,1.0299999558162263,1.5573544009939155e-8
14.23,9.633317787915985e-7,1.029999954090862,1.7298908305818372e-8
14.24,9.56142969243956e-7,1.0299999523833452,1.9006425100442925e-8
14.25,9.488494256970625e-7,1.0299999506940527,2.0695717584118256e-8
14.26,9.414573796107106e-7,1.0299999490237763,2.2365993945783202e-8
14.27,9.339698010535358e-7,1.0299999473717878,2.4017982491741918e-8
14.28,9.263873650411369e-7,1.0299999457382878,2.565148249367155e-8
14.29,9.187107963271046e-7,1.0299999441234746,2.7266295665739904e-8
14.3,9.10940833875884e-7,1.0299999425275415,2.886222882914069e-8
14.31,9.030782095464929e-7,1.029999940950679,3.043909124755828e-8
14.32,8.951237759902142e-7,1.0299999393930739,3.199669640352454e-8
14.33,8.870783432257667e-7,1.0299999378549085,3.3534861776374214e-8
14.34,8.789427283772966e-7,1.0299999363363623,3.505340795406653e-8
14.35,8.707178551503603e-7,1.0299999348376114,3.655215885522978e-8
14.36,8.624046046179501e-7,1.0299999333588274,3.803094283938435e-8
14.37,8.540039218019047e-7,1.0299999319001785,3.9489591818764325e-8
14.38,8.455167588294898e-7,1.0299999304618292,4.092794103627284e-8
14.39,8.369441175659631e-7,1.0299999290439406,4.2345829731615936e-8
14.4,8.282870282982913e-7,1.02999992764667,4.374310025312411e-8
14.41,8.195464999971591e-7,1.029999926270171,4.511959939001997e-8
14.42,8.107236482146618e-7,1.0299999249145937,4.6475176596061374e-8
14.43,8.018195529757577e-7,1.029999923580084,4.780968620998749e-8
14.44,7.928353582542513e-7,1.0299999222667848,4.912298545711735e-8
14.45,7.837722080239473e-7,1.0299999209748352,5.041493511548367e-8
14.46,7.746313102074964e-7,1.0299999197043699,5.168540040401126e-8
14.47,7.654138514112674e-7,1.0299999184555213,5.2934248984115584e-8
14.48,7.561210750850478e-7,1.0299999172284164,5.416135384628262e-8
14.49,7.46754260205762e-7,1.0299999160231803,5.5366589979399805e-8
14.5,7.373147141720438e-7,1.0299999148399328,5.654983747938047e-8
14.51,7.278037514879543e-7,1.0299999136787914,5.7710978884628616e-8
14.52,7.182227221846915e-7,1.029999912539869,5.884990139648494e-8
14.53,7.085729833988808e-7,1.029999911423275,5.99664953249146e-8
14.54,6.988559988485576e-7,1.0299999103291158,6.106065453259646e-8
14.55,6.890731398812022e-7,1.0299999092574932,6.213227710105684e-8
14.56,6.79225927058269e-7,1.0299999082085058,6.318126444249117e-8
14.57,6.69315831203221e-7,1.0299999071822483,6.420752196589774e-8
14.58,6.593443657720854e-7,1.0299999061788119,6.521095841094393e-8
14.59,6.493130655371715e-7,1.029999905198284,6.61914862920554e-8
14.6,6.392235292196347e-7,1.0299999042407486,6.714902167637149e-8
14.61,6.290773626460577e-7,1.0299999033062854,6.808348484987903e-8
14.62,6.188761787484509e-7,1.029999902394971,6.899479920718932e-8
14.63,6.086216188805338e-7,1.0299999015068784,6.988289191767194e-8
14.64,5.98315423872009e-7,1.0299999006420757,7.074769459158858e-8
14.65,5.879592492874508e-7,1.0299998998006292,7.158914105964698e-8
14.66,5.775548714836987e-7,1.0299998989826,7.240717025958077e-8
14.67,5.671040739230193e-7,1.0299998981880463,7.320172401570346e-8
14.68,5.566086116459701e-7,1.029999897417022,7.397274837117607e-8
14.69,5.460703178528092e-7,1.0299998966695776,7.472019269982866e-8
14.7,5.354910683763592e-7,1.0299998959457604,7.544400992820499e-8
14.71,5.24872731944015e-7,1.0299998952456133,7.614415697965171e-8
14.72,5.142172199157358e-7,1.0299998945691755,7.682059477431835e-8
14.73,5.035264507569082e-7,1.0299998939164832,7.747328711893431e-8
14.74,4.928024068817649e-7,1.0299998932875685,7.810220181703187e-8
14.75,4.820471133371029e-7,1.0299998926824592,7.870731111303542e-8
14.76,4.7126250990459084e-7,1.0299998921011801,7.92885901379492e-8
14.77,4.604506997907265e-7,1.0299998915437525,7.984601779753575e-8
14.78,4.4961375778029833e-7,1.0299998910101933,8.037957699436049e-8
14.79,4.387537657635221e-7,1.0299998905005163,8.088925396165791e-8
14.8,4.278728695794598e-7,1.029999890014731,8.137503937355461e-8
14.81,4.1697321506717344e-7,1.0299998895528435,8.183692679075705e-8
14.82,4.0605700490914387e-7,1.0299998891148565,8.227491377077456e-8
14.83,3.95098645356029e-7,1.0299998886999338,8.26898365335893e-8
14.84,3.841241849045218e-7,1.0299998883090222,8.308074805896126e-8
14.85,3.731468325440801e-7,1.0299998879424164,8.344735391574432e-8
14.86,3.621687696409026e-7,1.029999887600036,8.378973426204084e-8
14.87,3.5119212782319664e-7,1.0299998872817988,8.410797147639926e-8
14.88,3.402190387191695e-7,1.0299998869876197,8.440215060190326e-8
14.89,3.2925155579732746e-7,1.0299998867174118,8.467235845799337e-8
14.9,3.1829179647502315e-7,1.029999886471087,8.491868319637774e-8
14.91,3.073417502719167e-7,1.0299998862485544,8.51412158553444e-8
14.92,2.964034351293776e-7,1.0299998860497215,8.534004880544899e-8
14.93,2.854788050399293e-7,1.0299998858744934,8.551527685973781e-8
14.94,2.745698353123771e-7,1.0299998857227735,8.566699682965861e-8
14.95,2.6367840888497085e-7,1.029999885594463,8.579530730301599e-8
14.96,2.5280641580138763e-7,1.0299998854894608,8.590030953214978e-8
14.97,2.419557389998772e-7,1.0299998854076642,8.598210610166745e-8
14.98,2.3112816194270636e-7,1.029999885348969,8.604080137253334e-8
14.99,2.2032553204098804e-7,1.029999885313267,8.607650325842542e-8
15.0,2.0954957591357015e-7,1.0299998853004506,8.608931967302169e-8
15.01,1.9880207702271946e-7,1.0299998853104084,8.607936186066922e-8
15.02,1.88084705143865e-7,1.0299998853430272,8.604674306411653e-8
15.03,1.7739916557957258e-7,1.0299998853981922,8.599157808042435e-8
15.04,1.667471209998439e-7,1.0299998854757864,8.591398392709948e-8
15.05,1.5613016302040705e-7,1.0299998855756902,8.581408006413938e-8
15.06,1.521868355780498e-7,1.0299998856977832,8.569198706176451e-8
15.07,1.4968470196663475e-7,1.0299998858419421,8.554782815473061e-8
15.08,1.4735388731423882e-7,1.0299998860080413,8.538172902028407e-8
15.09,1.4537663872715711e-7,1.0299998861959534,8.519381688998351e-8
15.1,1.4343044085762813e-7,1.02999988640555,8.498422032765518e-8
15.11,1.4151606109180648e-7,1.029999886636699,8.475307122779441e-8
15.12,1.3963428813212886e-7,1.0299998868892672,8.450050303920875e-8
15.13,1.3778572593992067e-7,1.0299998871631193,8.422665098706261e-8
15.14,1.359709287385158e-7,1.0299998874581175,8.393165273901104e-8
15.15,1.3419036548611984e-7,1.0299998877741225,8.361564773906593e-8
15.16,1.3244442698123748e-7,1.029999888110993,8.327877720759602e-8
15.17,1.3073337612468094e-7,1.029999888468585,8.29211852515499e-8
15.18,1.290574331846983e-7,1.0299998888467525,8.2543017754233e-8
15.19,1.2741669053184523e-7,1.0299998892453484,8.21444219312184e-8
15.2,1.2581119079868586e-7,1.0299998896642226,8.172554766261442e-8
15.21,1.2600399657003436e-7,1.029999890103223,8.128654727102003e-8
15.22,1.3383433383751253e-7,1.0299998905621963,8.082757396721263e-8
15.23,1.4164267270189157e-7,1.0299998910409858,8.03487845146833e-8
15.24,1.4942764892111882e-7,1.0299998915394335,7.985033678714615e-8
15.25,1.571878840422869e-7,1.0299998920573796,7.933239065671671e-8
15.26,1.6492194987449693e-7,1.029999892594662,7.879510821595659e-8
15.27,1.7262833296172175e-7,1.0299998931511163,7.823865399991803e-8
15.28,1.8030547721537005e-7,1.0299998937265762,7.766319409796552e-8
15.29,1.8795174838714956e-7,1.0299998943208735,7.706889681990958e-8
15.3,1.9556549091248598e-7,1.0299998949338371,7.645593314009602e-8
15.31,2.031449284345399e-7,1.0299998955652947,7.582447558718286e-8
15.32,2.10688305912754e-7,1.0299998962150723,7.517469802209575e-8
15.33,2.181937759360153e-7,1.0299998968829924,7.450677785847404e-8
15.34,2.2565939872265517e-7,1.0299998975688769,7.382089339813547e-8
15.35,2.3308321317472291e-7,1.0299998982725442,7.311722605152227e-8
15.36,2.404632510888405e-7,1.0299998989938122,7.239595811725508e-8
15.37,2.4779736662594587e-7,1.0299998997324953,7.165727500257901e-8
15.38,2.550834423686865e-7,1.0299999004884066,7.090136366905142e-8
15.39,2.623192898454363e-7,1.0299999012613568,7.01284135207203e-8
15.4,2.695026424248681e-7,1.0299999020511548,6.933861551594589e-8
15.41,2.766312263702275e-7,1.0299999028576075,6.853216283353447e-8
15.42,2.837026045199309e-7,1.0299999036805185,6.77092517609168e-8
15.43,2.907144036612408e-7,1.0299999045196913,6.687007902961284e-8
15.44,2.976641297891547e-7,1.0299999053749256,6.601484470181163e-8
15.45,3.0454922494982384e-7,1.0299999062460201,6.514375017196983e-8
15.46,3.113671169785448e-7,1.0299999071327708,6.425699949907937e-8
15.47,3.1811512712920376e-7,1.0299999080349718,6.335479851848902e-8
15.48,3.247905553394048e-7,1.0299999089524148,6.24373555080382e-8
15.49,3.3139062338705116e-7,1.0299999098848898,6.150488052192316e-8
15.5,3.379124819957724e-7,1.029999910832185,6.0557585390697e-8
15.51,3.4435327478377076e-7,1.0299999117940852,5.9595685053537295e-8
15.52,3.5071003168241077e-7,1.029999912770375,5.861939533780003e-8
15.53,3.569797755176296e-7,1.0299999137608347,5.7628935623554867e-8
15.54,3.6318058960205235e-7,1.0299999147639967,5.662577362564036e-8
15.55,3.6928079083509147e-7,1.0299999157806854,5.560908489243843e-8
15.56,3.7526663021481e-7,1.0299999168114016,5.4578368713364966e-8
15.57,3.8113959988095303e-7,1.0299999178559085,5.353386178796882e-8
15.58,3.8690109960271e-7,1.0299999189139712,5.2475799039441995e-8
15.59,3.925525504655525e-7,1.0299999199853538,5.1404416501199535e-8
15.6,3.9809535934409723e-7,1.0299999210698207,5.031994954052266e-8
15.61,4.035308620586875e-7,1.029999922167137,4.922263330264798e-8
15.62,4.088604228513759e-7,1.029999923277067,4.811270337690132e-8
15.63,4.140853491207963e-7,1.0299999243993758,4.6990394464430096e-8
15.64,4.192069624764372e-7,1.029999925533829,4.5855941266381706e-8
15.65,4.2422652057894084e-7,1.029999926680191,4.4709579372081976e-8
15.66,4.291452881943769e-7,1.0299999278382275,4.35515428165445e-8
15.67,4.3396451587796037e-7,1.0299999290077035,4.2382066745005886e-8
15.68,4.3868539734148726e-7,1.029999930188385,4.1201385192479734e-8
15.69,4.4330913340218103e-7,1.0299999313800376,4.000973263806884e-8
15.7,4.478368751392736e-7,1.0299999325824267,3.8807343560876006e-8
15.71,4.5226980915913373e-7,1.0299999337953185,3.759445177387022e-8
15.72,4.5660902969757444e-7,1.029999935018479,3.637129131206507e-8
15.73,4.608556380958362e-7,1.0299999362516743,3.513809598842954e-8
15.74,4.65010728589732e-7,1.0299999374946702,3.389510006002183e-8
15.75,4.690753527825109e-7,1.0299999387472332,3.2642537117766324e-8
15.76,4.7305055517199435e-7,1.02999994000913,3.1380640308498187e-8
15.77,4.769373660451492e-7,1.029999941280127,3.01096432231418e-8
15.78,4.807367588455236e-7,1.0299999425599908,2.882977945262155e-8
15.79,4.844497070166653e-7,1.0299999438484884,2.7541281921728e-8
15.8,4.880771626858404e-7,1.0299999451453863,2.6244383999340926e-8
15.81,4.916200637694601e-7,1.0299999464504517,2.4939318610250893e-8
15.82,4.950793055513714e-7,1.0299999477634518,2.3626318457203865e-8
15.83,4.984557833154213e-7,1.0299999490841536,2.2305616687035013e-8
15.84,5.017503568183201e-7,1.0299999504123245,2.097744578044569e-8
15.85,5.049638573950688e-7,1.029999951747732,1.964203821813726e-8
15.86,5.08097116380668e-7,1.0299999530901436,1.8299626702855676e-8
15.87,5.111509224775546e-7,1.0299999544393268,1.6950443493257694e-8
15.88,5.14126043071883e-7,1.0299999557950492,1.559472107004467e-8
15.89,5.170232668660901e-7,1.0299999571570788,1.4232691469828751e-8
15.9,5.198432759812022e-7,1.0299999585251836,1.2864586729222083e-8
15.91,5.225868164870917e-7,1.0299999598991316,1.1490638662792207e-8
15.92,5.252545562939304e-7,1.0299999612786912,1.0111079085106667e-8
15.93,5.278471917335992e-7,1.02999996266363,8.726140254822212e-9
15.94,5.303653338728509e-7,1.0299999640537167,7.336053542417176e-9
15.95,5.328095937784383e-7,1.0299999654487197,5.941050540414494e-9
15.96,5.351806180442509e-7,1.0299999668484079,4.5413623972478945e-9
15.97,5.374789537881952e-7,1.0299999682525494,3.1372209274849183e-9
15.98,5.397051552336052e-7,1.0299999696609132,1.7288570575146878e-9
15.99,5.41859783709242e-7,1.0299999710732681,3.165021578155347e-10
16.0,5.439433081733114e-7,1.029999972489383,1.099612623178814e-9
16.01,5.459562686382924e-7,1.0299999739090269,2.519256581123841e-9
16.02,5.48288547008724e-7,1.0299999753319689,3.9421985675858195e-9
16.03,5.510534535346778e-7,1.0299999767579782,5.3682078782202325e-9
16.04,5.537113523246262e-7,1.029999978186824,6.797053808682563e-9
16.05,5.562623854871163e-7,1.0299999796182764,8.228506098717503e-9
16.06,5.587066596035584e-7,1.029999981052104,9.662333821935931e-9
16.07,5.610443665204912e-7,1.0299999824880768,1.1098306496037935e-8
16.08,5.632757194007354e-7,1.0299999839259641,1.2536193860768208e-8
16.09,5.654009385125391e-7,1.0299999853655366,1.3975766322005256e-8
16.1,5.67420293862142e-7,1.0299999868065632,1.541679295335996e-8
16.11,5.693341122992024e-7,1.029999988248814,1.6859043716621613e-8
16.12,5.711426709353873e-7,1.0299999896920593,1.8302289017668727e-8
16.13,5.728463392529193e-7,1.0299999911360693,1.9746299040335202e-8
16.14,5.74445508050303e-7,1.0299999925806143,2.1190843968454942e-8
16.15,5.7594060365318e-7,1.0299999940254636,2.2635693319728034e-8
16.16,5.77332059492619e-7,1.029999995470389,2.408061861025601e-8
16.17,5.78620351632253e-7,1.02999999691516,2.552538980182817e-8
16.18,5.798059845574244e-7,1.0299999983595476,2.6969777300323017e-8
16.19,5.808895267023217e-7,1.0299999998033222,2.841355195570827e-8
16.2,5.818715251848516e-7,1.0300000012462551,2.9856484839996256e-8
16.21,5.827525768609121e-7,1.0300000026881162,3.1298345914976267e-8
16.22,5.835333141135379e-7,1.0300000041286768,3.273890647470523e-8
16.23,5.842143906420461e-7,1.0300000055677083,3.417793803528468e-8
16.24,5.847965027783175e-7,1.0300000070049813,3.561521100259313e-8
16.25,5.852691558061451e-7,1.0300000084397243,3.704995399367306e-8
16.26,5.856399383219468e-7,1.0300000098719408,3.848217056123815e-8
16.27,5.859183431766724e-7,1.030000011301826,3.991205566045153e-8
16.28,5.861048606448094e-7,1.0300000127291773,4.133940700867811e-8
16.29,5.862000662659739e-7,1.0300000141537948,4.276402454372885e-8
16.3,5.86204578212346e-7,1.03000001557548,4.4185709757726954e-8
16.31,5.861189364964048e-7,1.0300000169940364,4.560426614119706e-8
16.32,5.859437166577663e-7,1.030000018409269,4.701949873897604e-8
16.33,5.85679522657756e-7,1.030000019820986,4.8431215704525243e-8
16.34,5.853269442468445e-7,1.0300000212289966,4.983922630152904e-8
16.35,5.848865640700751e-7,1.0300000226331116,5.124334134798403e-8
16.36,5.843589860887732e-7,1.0300000240331446,5.2643374326422077e-8
16.37,5.837448071588369e-7,1.030000025428911,5.403914071777649e-8
16.38,5.83044659663301e-7,1.0300000268202274,5.54304571132036e-8
16.39,5.822591617743456e-7,1.030000028206913,5.6817142768395e-8
16.4,5.813889103478687e-7,1.030000029588789,5.819901871539912e-8
16.41,5.804345306614778e-7,1.0300000309656785,5.957590820671044e-8
16.42,5.793966622036351e-7,1.0300000323374057,6.094763538300185e-8
16.43,5.782759586736574e-7,1.030000033703798,6.231402771561534e-8
16.44,5.770730240328703e-7,1.030000035064684,6.36749137861159e-8
16.45,5.757885404023e-7,1.0300000364198942,6.503012395242536e-8
16.46,5.744231259541266e-7,1.0300000377692613,6.637949101495622e-8
16.47,5.729774557039491e-7,1.0300000391126203,6.772284999456701e-8
16.48,5.714521904565117e-7,1.030000040449807,6.906003680029471e-8
16.49,5.698479981219862e-7,1.0300000417806605,7.039089022775613e-8
16.5,5.681655110834072e-7,1.0300000431050214,7.171525107096954e-8
16.51,5.6640546830522e-7,1.030000044422731,7.303296079008703e-8
16.52,5.645685092758868e-7,1.030000045733635,7.434386462001896e-8
16.53,5.626553374327159e-7,1.0300000470375785,7.564780823976491e-8
16.54,5.60666620685879e-7,1.0300000483344105,7.694464021490433e-8
16.55,5.586030837889666e-7,1.0300000496239805,7.823421022123966e-8
16.56,5.564653946521503e-7,1.0300000509061413,7.951637104319786e-8
16.57,5.542542780290205e-7,1.0300000521807469,8.079097657542889e-8
16.58,5.519704870948772e-7,1.0300000534476528,8.205788248893953e-8
16.59,5.496146471273278e-7,1.0300000547067172,8.331694689722724e-8
16.6,5.47187546828809e-7,1.0300000559578002,8.456802991219092e-8
16.61,5.446899109529113e-7,1.030000057200764,8.581099364413092e-8
16.62,5.421224287260884e-7,1.0300000584354714,8.704570109152598e-8
16.63,5.394858746399223e-7,1.0300000596617889,8.827201858352396e-8
16.64,5.367809521317213e-7,1.0300000608795845,8.948981422562952e-8
16.65,5.340084570093495e-7,1.0300000620887273,9.069895701152575e-8
16.66,5.311690927101154e-7,1.0300000632890896,9.189931926556483e-8
16.67,5.282636408310282e-7,1.0300000644805445,9.309077420027734e-8
16.68,5.252928616528152e-7,1.0300000656629678,9.427319747068452e-8
16.69,5.222575154562037e-7,1.0300000668362368,9.544646650816446e-8
16.7,5.191583696273483e-7,1.0300000680002315,9.66104611865859e-8
16.71,5.159962341849678e-7,1.030000069154833,9.776506271208518e-8
16.72,5.127718267772252e-7,1.0300000702999246,9.891015428920014e-8
16.73,5.094859858445488e-7,1.0300000714353919,1.0004562156495922e-7
16.74,5.061394858785206e-7,1.0300000725611225,1.0117135218479234e-7
16.75,5.02733129792432e-7,1.0300000736770054,1.0228723512639704e-7
16.76,4.992676920778649e-7,1.0300000747829319,1.0339316158791689e-7
16.77,4.957440324915297e-7,1.0300000758787953,1.0448902498794155e-7
16.78,4.921628971032987e-7,1.030000076964491,1.0557472074346208e-7
16.79,4.885251527753098e-7,1.030000078039916,1.066501456037372e-7
16.8,4.848316024208543e-7,1.0300000791049693,1.0771519898256088e-7
16.81,4.810830773749331e-7,1.0300000801595524,1.0876978207008392e-7
16.82,4.772803876562648e-7,1.030000081203568,1.0981379761076937e-7
16.83,4.734244072324145e-7,1.030000082236921,1.1084715079157093e-7
16.84,4.6951596033295573e-7,1.0300000832595193,1.1186974901988833e-7
16.85,4.655558711874619e-7,1.0300000842712713,1.1288150103538896e-7
16.86,4.619004911887714e-7,1.0300000852720879,1.1388231757614165e-7
16.87,4.58269035163994e-7,1.0300000862618823,1.1487211204475045e-7
16.88,4.54603949151533e-7,1.0300000872405692,1.1585079895404249e-7
16.89,4.509066755531421e-7,1.0300000882080658,1.1681829548138012e-7
16.9,4.471786709814296e-7,1.0300000891642904,1.1777452013639333e-7
16.91,4.4342137783814906e-7,1.0300000901091646,1.1871939431529199e-7
16.92,4.396363308956097e-7,1.0300000910426108,1.1965284052450897e-7
16.93,4.3582502939898404e-7,1.0300000919645538,1.205747834909232e-7
16.94,4.319889725934445e-7,1.0300000928749204,1.2148515016185968e-7
16.95,4.281297734110012e-7,1.0300000937736398,1.223838694830448e-7
16.96,4.2424893820225407e-7,1.030000094660642,1.2327087173247264e-7
16.97,4.203481083209226e-7,1.0300000955358604,1.241460900747171e-7
16.98,4.164288398555982e-7,1.030000096399229,1.2500945878457514e-7
16.99,4.1249273152743626e-7,1.0300000972506853,1.2586091502342356e-7
17.0,4.0854148863900264e-7,1.0300000980901671,1.2670039684081758e-7
17.01,4.0458764516415613e-7,1.0300000989177334,1.275279630785775e-7
17.02,4.006582514648471e-7,1.0300000997334315,1.2834366125424879e-7
17.03,3.967147534922333e-7,1.0300001005366959,1.2914692559817809e-7
17.04,3.9275714414088725e-7,1.0300001013274964,1.2993772613434373e-7
17.05,3.887854802542279e-7,1.0300001021058043,1.307160339969471e-7
17.06,3.847998044648193e-7,1.0300001028715926,1.3148182231859096e-7
17.07,3.808001807215078e-7,1.030000103624836,1.3223506578619038e-7
17.08,3.767866729731395e-7,1.0300001043655114,1.3297574108506183e-7
17.09,3.727594091174069e-7,1.0300001050935954,1.337038251225664e-7
17.1,3.6871846020858356e-7,1.0300001058090684,1.3441929813673426e-7
17.11,3.646639399335072e-7,1.0300001065119109,1.3512214058764016e-7
17.12,3.6059604724414385e-7,1.0300001072021059,1.3581233559989414e-7
17.13,3.565148460893397e-7,1.0300001078796373,1.3648986696424004e-7
17.14,3.5242055673734285e-7,1.0300001085444916,1.3715472135800155e-7
17.15,3.483133426129825e-7,1.0300001091966557,1.378068854585024e-7
17.16,3.4419336714108795e-7,1.0300001098361191,1.3844634882964613e-7
17.17,3.40060886117044e-7,1.0300001104628722,1.3907310192351474e-7
17.18,3.359160913873893e-7,1.0300001110769073,1.3968713696854707e-7
17.19,3.31759203220372e-7,1.0300001116782187,1.4028844841362798e-7
17.2,3.27590498727659e-7,1.0300001122668017,1.4087703137377616e-7
17.21,3.2341020528292574e-7,1.0300001128426532,1.4145288296241176e-7
17.22,3.1921862131412126e-7,1.0300001134057728,1.4201600251340096e-7
17.23,3.1501605235462193e-7,1.03000011395616,1.4256638980469916e-7
17.24,3.1080276841066734e-7,1.0300001144938176,1.43104047278797e-7
17.25,3.065791034373433e-7,1.0300001150187488,1.4362897848840817e-7
17.26,3.0234539849516295e-7,1.030000115530959,1.4414118876260318e-7
17.27,2.9810200175006685e-7,1.0300001160304548,1.4464068454067558e-7
17.28,2.9384925426256814e-7,1.0300001165172452,1.4512747492645417e-7
17.29,2.8958753972574414e-7,1.03000011699134,1.4560156968990157e-7
17.3,2.8531725604352687e-7,1.0300001174527513,1.4606298104347104e-7
17.31,2.81038794014421e-7,1.0300001179014922,1.4651172186574968e-7
17.32,2.76752579964068e-7,1.0300001183375775,1.469478072557706e-7
17.33,2.724590402181093e-7,1.0300001187610246,1.4737125431096842e-7
17.34,2.681586295238958e-7,1.030000119171851,1.477820807949115e-7
17.35,2.638518026287784e-7,1.030000119570077,1.481803066916143e-7
17.36,2.595390427018174e-7,1.0300001199557238,1.485659535394035e-7
17.37,2.5522080449036366e-7,1.0300001203288152,1.489390448750072e-7
17.38,2.5089763511232377e-7,1.0300001206893752,1.4929960490128735e-7
17.39,2.4657003194761273e-7,1.030000121037431,1.4964766070768576e-7
17.4,2.422385065870003e-7,1.0300001213730101,1.4998323982773343e-7
17.41,2.3790364878095716e-7,1.0300001216961425,1.5030637223745202e-7
17.42,2.335659772256804e-7,1.0300001220068593,1.5061708902308624e-7
17.43,2.2922608877706807e-7,1.030000122305194,1.509154237133714e-7
17.44,2.2488453765845406e-7,1.0300001225911806,1.512014102811321e-7
17.45,2.2054198467458264e-7,1.0300001228648554,1.514750851416835e-7
17.46,2.1619899115421504e-7,1.0300001231262566,1.5173648626465308e-7
17.47,2.1185621079666817e-7,1.0300001233754232,1.519856529519359e-7
17.48,2.0751426177412213e-7,1.0300001236123972,1.5222262694791766e-7
17.49,2.0317386173474006e-7,1.0300001238372212,1.5244745088516254e-7
17.5,1.9883562885070205e-7,1.0300001240499388,1.526601685064577e-7
17.51,1.9450025945388916e-7,1.030000124250597,1.5286082666321477e-7
17.52,1.9016846408703714e-7,1.0300001244392432,1.530494728729792e-7
17.53,1.8584095329288175e-7,1.030000124615927,1.5322615665169792e-7
17.54,1.8151846603586819e-7,1.030000124780699,1.5339092862554082e-7
17.55,1.7720173417501428e-7,1.0300001249336121,1.535438418631685e-7
17.56,1.728915179910473e-7,1.0300001250747208,1.5368495054346454e-7
17.57,1.6858857065926713e-7,1.0300001252040811,1.53814310843714e-7
17.58,1.6429371640924728e-7,1.0300001253217503,1.5393198005142494e-7
17.59,1.6000772973256971e-7,1.0300001254277877,1.540380174525069e-7
17.6,1.5573142775338056e-7,1.0300001255222546,1.541324843312708e-7
17.61,1.5146564180668065e-7,1.0300001256052134,1.5421544308225066e-7
17.62,1.4721121743832555e-7,1.0300001256767282,1.5428695787633728e-7
17.63,1.429690001941708e-7,1.0300001257368647,1.5434709443873373e-7
17.64,1.387398640417814e-7,1.030000125785691,1.5439592071508912e-7
17.65,1.345247042650044e-7,1.0300001258232758,1.5443350553923096e-7
17.66,1.3032440193683215e-7,1.03000012584969,1.5445991974338824e-7
17.67,1.261398665519664e-7,1.0300001258650067,1.5447523638023597e-7
17.68,1.2197207155395517e-7,1.0300001258692992,1.5447952894653838e-7
17.69,1.1782191222664551e-7,1.0300001258626437,1.5447287338155036e-7
17.7,1.1369034780273068e-7,1.0300001258451177,1.5445534740088362e-7
17.71,1.0957835883118605e-7,1.0300001258168006,1.5442703027446214e-7
17.72,1.0548695428269639e-7,1.0300001257777724,1.5438800216038828e-7
17.73,1.0141709338995497e-7,1.0300001257281164,1.543383461033443e-7
17.74,9.736977801821922e-8,1.0300001256679163,1.5427814603619083e-7
17.75,9.334607398159278e-8,1.0300001255972582,1.5420748789019e-7
17.76,8.934699735618779e-8,1.0300001255162292,1.5412645892887156e-7
17.77,8.537361395610787e-8,1.0300001254249183,1.5403514797007745e-7
17.78,8.14270038063114e-8,1.0300001253234163,1.539336460520957e-7
17.79,7.750821140461994e-8,1.0300001252118163,1.5382204598957117e-7
17.8,7.464733187134698e-8,1.030000125090629,1.537008587071398e-7
17.81,7.525722622858666e-8,1.0300001249601591,1.5357038884999952e-7
17.82,7.587646422280159e-8,1.0300001248195234,1.5342975312471197e-7
17.83,7.650425715155507e-8,1.0300001246688275,1.5327905722450907e-7
17.84,7.713978789070097e-8,1.0300001245081771,1.531184068426228e-7
17.85,7.778228905408469e-8,1.0300001243376773,1.5294790700615124e-7
17.86,7.84310074664063e-8,1.0300001241574348,1.527676645185494e-7
17.87,7.908517574151119e-8,1.030000123967555,1.5257778462896e-7
17.88,7.974405491495418e-8,1.0300001237681438,1.5237837347470418e-7
17.89,8.040693444399949e-8,1.0300001235593075,1.521695371931031e-7
17.9,8.107312510219344e-8,1.0300001233411522,1.5195138192147795e-7
17.91,8.174188081966349e-8,1.030000123113784,1.5172401379714984e-7
17.92,8.24125550025201e-8,1.0300001228773095,1.5148753917948454e-7
17.93,8.308448684601899e-8,1.030000122631835,1.5124206464989243e-7
17.94,8.375701554541592e-8,1.0300001223774664,1.5098769612365004e-7
17.95,8.4429487401394e-8,1.0300001221143114,1.5072454107034616e-7
17.96,8.51012842417731e-8,1.0300001218424757,1.5045270540525735e-7
17.97,8.577181631608255e-8,1.0300001215620662,1.5017229593183856e-7
17.98,8.644047966299695e-8,1.03000012127319,1.4988341967558938e-7
17.99,8.710665611033619e-8,1.030000120975954,1.4958618366200938e-7
18.0,8.776980564562109e-8,1.0300001206704645,1.492806942504643e-7
18.01,8.842938825637248e-8,1.0300001203568294,1.4896705913258756e-7
18.02,9.187853322600859e-8,1.0300001200351556,1.4864538533387872e-7
18.03,9.55823722392779e-8,1.0300001197055504,1.4831578010188196e-7
18.04,9.924534793981366e-8,1.030000119368121,1.4797835068414145e-7
18.05,1.028670482128291e-7,1.0300001190229746,1.4763320432820137e-7
18.06,1.0644706094353751e-7,1.030000118670219,1.4728044872569512e-7
18.07,1.0998500954428891e-7,1.0300001183099616,1.4692019134621148e-7
18.08,1.1348048900572394e-7,1.0300001179423104,1.4655254010342844e-7
18.09,1.1693312984561999e-7,1.0300001175673728,1.4617760246693479e-7
18.1,1.2034261231974597e-7,1.0300001171852569,1.4579548657245311e-7
18.11,1.2370855984045193e-7,1.0300001167960702,1.454062998895722e-7
18.12,1.2703065266350677e-7,1.0300001163999213,1.4501015099810388e-7
18.13,1.3030852841211527e-7,1.0300001159969179,1.4460714758968152e-7
18.14,1.3354192418546518e-7,1.030000115587168,1.4419739780002772e-7
18.15,1.367305060284707e-7,1.0300001151707805,1.4378101020895429e-7
18.16,1.3987398972403753e-7,1.0300001147478635,1.4335809317422843e-7
18.17,1.4297209816049872e-7,1.0300001143185253,1.4292875505361735e-7
18.18,1.460245755424694e-7,1.0300001138828747,1.4249310442693286e-7
18.19,1.490311447582826e-7,1.0300001134410202,1.4205124987398676e-7
18.2,1.519915642234082e-7,1.0300001129930703,1.4160329997459087e-7
18.21,1.5490559235331602e-7,1.030000112539134,1.411493637526462e-7
18.22,1.5777300887975798e-7,1.0300001120793205,1.4068955023205376e-7
18.23,1.6059361485076806e-7,1.0300001116137383,1.4022396799262538e-7
18.24,1.6336718999809818e-7,1.0300001111424966,1.3975272628030666e-7
18.25,1.6609354958063705e-7,1.0300001106657046,1.3927593434104324e-7
18.26,1.6877253017355542e-7,1.030000110183472,1.3879370164282534e-7
18.27,1.714039328248873e-7,1.0300001096959075,1.3830613720955398e-7
18.28,1.739876225315129e-7,1.0300001092031208,1.378133505092194e-7
18.29,1.7652343586860297e-7,1.0300001087052215,1.373154512318564e-7
18.3,1.7901127336017453e-7,1.030000108202319,1.3681254862341063e-7
18.31,1.8145096447597098e-7,1.0300001076945233,1.3630475304005074e-7
18.32,1.8384240974000932e-7,1.0300001071819442,1.3579217394976695e-7
18.33,1.8618553809801597e-7,1.0300001066646916,1.352749212646387e-7
18.34,1.8848021454687114e-7,1.030000106142875,1.347531046747008e-7
18.35,1.907264106648654e-7,1.0300001056166048,1.3422683453612194e-7
18.36,1.9292401276516102e-7,1.0300001050859913,1.3369622098302614e-7
18.37,1.950729711097665e-7,1.0300001045511447,1.3316137437158204e-7
18.38,1.971732785932545e-7,1.0300001040121753,1.326224050579583e-7
18.39,1.9922484995049672e-7,1.0300001034691935,1.3207942317627897e-7
18.4,2.0122767807606579e-7,1.03000010292231,1.315325397488465e-7
18.41,2.0318177007538907e-7,1.0300001023716352,1.3098186490978492e-7
18.42,2.0508709752675713e-7,1.0300001018172802,1.3042750990344132e-7
18.43,2.0694368885187941e-7,1.0300001012593554,1.2986958508598434e-7
18.44,2.0875153694532855e-7,1.0300001006979718,1.2930820147971644e-7
18.45,2.1051072707223284e-7,1.0300001001332406,1.287434703289847e-7
18.46,2.1222125212716492e-7,1.0300000995652727,1.2817550243404696e-7
18.47,2.1388319026982572e-7,1.0300000989941793,1.276044090392503e-7
18.48,2.1549660544906146e-7,1.030000098420072,1.2703030161098638e-7
18.49,2.1706156871914573e-7,1.0300000978430617,1.2645329139360229e-7
18.5,2.185781653452068e-7,1.0300000972632601,1.2587348985348967e-7
18.51,2.2004651611950976e-7,1.030000096680779,1.2529100867908483e-7
18.52,2.2146669920175555e-7,1.0300000960957292,1.247059588926902e-7
18.53,2.2283884959506395e-7,1.0300000955082236,1.2411845329296511e-7
18.54,2.2416310230255476e-7,1.0300000949183734,1.2352860312425662e-7
18.55,2.2543961364362985e-7,1.0300000943262906,1.229365202970456e-7
18.56,2.2666849730512695e-7,1.0300000937320877,1.2234231738794676e-7
18.57,2.2784998066072149e-7,1.030000093135876,1.2174610564130717e-7
18.58,2.289841916081059e-7,1.0300000925377684,1.2114799807783072e-7
18.59,2.3007130778296414e-7,1.030000091937877,1.205481066079983e-7
18.6,2.3111158498068107e-7,1.0300000913363139,1.1994654358638002e-7
18.61,2.3210518662608592e-7,1.030000090733192,1.1934342181163515e-7
18.62,2.330523614091362e-7,1.0300000901286241,1.1873885386037841e-7
18.63,2.3395332959808002e-7,1.0300000895227224,1.1813295208717989e-7
18.64,2.348083327774475e-7,1.0300000889156,1.1752582973478809e-7
18.65,2.3561761253176883e-7,1.0300000883073699,1.1691759960186232e-7
18.66,2.3638042279117144e-7,1.030000087698828,1.1630905771831124e-7
18.67,2.3709890228928998e-7,1.030000087089327,1.1569955682411148e-7
18.68,2.3777334945407347e-7,1.030000086478906,1.1508913577706892e-7
18.69,2.3840390639406905e-7,1.030000085867671,1.144779007145047e-7
18.7,2.389907649558154e-7,1.0300000852557267,1.1386595644147235e-7
18.71,2.395340601424323e-7,1.0300000846431763,1.1325340598666855e-7
18.72,2.400339624841763e-7,1.030000084030123,1.1264035282287921e-7
18.73,2.4049065672215875e-7,1.030000083416669,1.1202689864653337e-7
18.74,2.4090432049206356e-7,1.0300000828029148,1.1141314448792627e-7
18.75,2.412751314295747e-7,1.0300000821889608,1.1079919048917475e-7
18.76,2.416032600649487e-7,1.0300000815749062,1.1018513590421719e-7
18.77,2.4188891956100633e-7,1.0300000809608492,1.0957107887676898e-7
18.78,2.421322875534315e-7,1.0300000803468874,1.0895711710645628e-7
18.79,2.423335629941903e-7,1.0300000797331172,1.0834334696063763e-7
18.8,2.4249297325695807e-7,1.0300000791196342,1.0772986391849315e-7
18.81,2.426106959774188e-7,1.0300000785065333,1.0711676301511375e-7
18.82,2.4268693721296586e-7,1.0300000778939078,1.0650413750923349e-7
18.83,2.427219527589841e-7,1.0300000772818507,1.0589208043754184e-7
18.84,2.4271591314573016e-7,1.0300000766704545,1.0528068417059444e-7
18.85,2.4266908837944356e-7,1.0300000760598096,1.0467003930259011e-7
18.86,2.4258167741209036e-7,1.0300000754500065,1.0406023620568305e-7
18.87,2.4245391472277333e-7,1.0300000748411344,1.0345136414180445e-7
18.88,2.4228604189602265e-7,1.0300000742332815,1.0284351126266245e-7
18.89,2.420783147272232e-7,1.0300000736265356,1.02236765275876e-7
18.9,2.418309605900504e-7,1.0300000730209826,1.0163121233475181e-7
18.91,2.4154422817446175e-7,1.0300000724167084,1.0102693814850738e-7
18.92,2.4121839459212424e-7,1.0300000718137983,1.0042402798227101e-7
18.93,2.4085368011128594e-7,1.030000071212335,9.982256465868034e-8
18.94,2.404503760544685e-7,1.030000070612402,9.92226316665068e-8
18.95,2.400087453224842e-7,1.0300000700140812,9.862431094020963e-8
18.96,2.3952905081614517e-7,1.0300000694174536,9.8027683304025e-8
18.97,2.3901158385797316e-7,1.0300000688225994,9.743282913809992e-8
18.98,2.38456600243353e-7,1.030000068229598,9.683982771235833e-8
18.99,2.3786440550566113e-7,1.0300000676385273,9.624875696445656e-8
19.0,2.372352980728465e-7,1.0300000670494651,9.565969483205095e-8
19.01,2.3656954084572135e-7,1.0300000664624878,9.507271747644097e-8
19.02,2.3586742514680736e-7,1.030000065877671,9.448790061483692e-8
19.03,2.3512928493119034e-7,1.0300000652950887,9.390531841013683e-8
19.04,2.343554186268193e-7,1.0300000647148158,9.332504546932796e-8
19.05,2.335461175562159e-7,1.0300000641369245,9.274715417895152e-8
19.06,2.3270171567446596e-7,1.030000063561487,9.21717167035041e-8
19.07,2.3182250430409113e-7,1.0300000629885742,9.159880387521468e-8
19.08,2.3090883871645929e-7,1.030000062418256,9.102848563813382e-8
19.09,2.299610457612289e-7,1.0300000618506018,9.046083149222284e-8
19.1,2.2897942386634895e-7,1.0300000612856803,8.989591004926467e-8
19.11,2.2796434251404207e-7,1.0300000607235582,8.93337879226408e-8
19.12,2.2691611434311199e-7,1.0300000601643022,8.877453194777729e-8
19.13,2.2583509462492657e-7,1.030000059607978,8.821820762783261e-8
19.14,2.2472165284170842e-7,1.03000005905465,8.76648797998314e-8
19.15,2.2357611584311599e-7,1.0300000585043823,8.711461196853065e-8
19.16,2.223988317950898e-7,1.030000057957237,8.656746675050897e-8
19.17,2.2119018439070715e-7,1.0300000574132768,8.602350654030033e-8
19.18,2.19950550217618e-7,1.030000056872562,8.548279173403728e-8
19.19,2.1868027033633552e-7,1.0300000563351532,8.494538294989695e-8
19.2,2.1737972843993703e-7,1.0300000558011093,8.441133902969966e-8
19.21,2.1604930822149981e-7,1.0300000552704884,8.38807181491319e-8
19.22,2.1468938626867384e-7,1.0300000547433479,8.335357759570172e-8
19.23,2.1330035337996378e-7,1.0300000542197443,8.28299739907834e-8
19.24,2.1188260745930165e-7,1.0300000536997331,8.230996284552816e-8
19.25,2.104365250943374e-7,1.0300000531833686,8.17935983388196e-8
19.26,2.0896253261071251e-7,1.0300000526707047,8.128093442749673e-8
19.27,2.0746100659607691e-7,1.030000052161794,8.07720237361309e-8
19.28,2.0593238048149942e-7,1.0300000516566883,8.026691800111507e-8
19.29,2.043770450654847e-7,1.0300000511554386,7.976566829270837e-8
19.3,2.027954479899563e-7,1.030000050658095,7.926832479299151e-8
19.31,2.011879729479915e-7,1.030000050164706,7.877493568564375e-8
19.32,1.9955506758151387e-7,1.0300000496753203,7.82855500425228e-8
19.33,1.9789716532159218e-7,1.030000049189985,7.780021471504028e-8
19.34,1.9621468538844056e-7,1.0300000487087464,7.731897611051863e-8
19.35,1.9450806831855516e-7,1.0300000482316498,7.684187952605726e-8
19.36,1.9277777596471424e-7,1.0300000477587397,7.636896937057713e-8
19.37,1.9102423465255924e-7,1.0300000472900595,7.590028916482083e-8
19.38,1.8924790623486842e-7,1.030000046825652,7.54358817633971e-8
19.39,1.8744924545899266e-7,1.030000046365559,7.497578868864707e-8
19.4,1.856287141777102e-7,1.030000045909821,7.452005079677804e-8
19.41,1.837867742437993e-7,1.0300000454584786,7.406870827786349e-8
19.42,1.8192388751003818e-7,1.0300000450115696,7.362179932357549e-8
19.43,1.8004054425091454e-7,1.0300000445691329,7.317936256967528e-8
19.44,1.7813719921377924e-7,1.0300000441312054,7.274143509761188e-8
19.45,1.7621434977854733e-7,1.0300000436978232,7.23080528786113e-8
19.46,1.7427247200885176e-7,1.0300000432690215,7.187925121776573e-8
19.47,1.7231207039003493e-7,1.0300000428448348,7.145506453198891e-8
19.48,1.7033361388030244e-7,1.0300000424252966,7.10355263500162e-8
19.49,1.6833762828127874e-7,1.0300000420104394,7.062066909035991e-8
19.5,1.6632459676202416e-7,1.0300000416002946,7.021052428335395e-8
19.51,1.642939793100595e-7,1.0300000411950274,6.980525713018437e-8
19.52,1.6224645804641114e-7,1.0300000407946885,6.940491825702111e-8
19.53,1.6018370274650806e-7,1.03000004039918,6.900940974219338e-8
19.54,1.5810621079026532e-7,1.0300000400085234,6.861875312402788e-8
19.55,1.5601445113588852e-7,1.0300000396227393,6.823296905267284e-8
19.56,1.5390900642842098e-7,1.0300000392418478,6.785207751214273e-8
19.57,1.5179033852064094e-7,1.0300000388658677,6.747609737622895e-8
19.58,1.4965892347618137e-7,1.0300000384948171,6.710504685258911e-8
19.59,1.4751529420209408e-7,1.030000038128713,6.673894281661319e-8
19.6,1.4535992676201204e-7,1.0300000377675722,6.637780192164655e-8
19.61,1.431932972195682e-7,1.0300000374114096,6.602163926672233e-8
19.62,1.4101589584925023e-7,1.0300000370602402,6.567046995087367e-8
19.63,1.3882817739840903e-7,1.0300000367140776,6.532430729677685e-8
19.64,1.3663063924695962e-7,1.0300000363729347,6.498316440506358e-8
19.65,1.3442374324768025e-7,1.030000036036823,6.46470528220533e-8
19.66,1.3220792283163973e-7,1.0300000357057542,6.431598387202087e-8
19.67,1.2998366827332575e-7,1.0300000353797385,6.398996821310732e-8
19.68,1.2775139879295239e-7,1.0300000350587852,6.366901494914146e-8
19.69,1.2551160466500733e-7,1.0300000347429024,6.335313207372906e-8
19.7,1.232646837934226e-7,1.030000034432098,6.30423278025205e-8
19.71,1.2101109803097643e-7,1.0300000341263789,6.273660857480934e-8
19.72,1.1875126659788293e-7,1.0300000338257507,6.24359803857999e-8
19.73,1.1648563003063828e-7,1.0300000335302186,6.214044834251808e-8
19.74,1.1421460754945656e-7,1.0300000332397865,6.185001621972219e-8
19.75,1.1193864679626131e-7,1.0300000329544579,6.15646875701259e-8
19.76,1.0965809593699305e-7,1.0300000326742347,6.128446439213064e-8
19.77,1.0737343103528474e-7,1.030000032399119,6.100934868413788e-8
19.78,1.0508503578421369e-7,1.030000032129111,6.07393406681922e-8
19.79,1.0279332229856664e-7,1.0300000318642106,6.047444034429361e-8
19.8,1.0049863874428411e-7,1.0300000316044167,6.021464638017449e-8
19.81,9.820143276328963e-8,1.030000031349727,5.995995677743338e-8
19.82,9.590205962695109e-8,1.0300000311001392,5.971036887153502e-8
19.83,9.36009172392005e-8,1.030000030855649,5.946587866567654e-8
19.84,9.129838218768782e-8,1.0300000306162522,5.9226481941010434e-8
19.85,8.899482395463565e-8,1.0300000303819428,5.8992172480287763e-8
19.86,8.669061912769394e-8,1.0300000301527146,5.87629442883042e-8
19.87,8.43861158728032e-8,1.0300000299285608,5.853879048167698e-8
19.88,8.20816907776134e-8,1.0300000297094722,5.831970195657732e-8
19.89,7.977766358635563e-8,1.030000029495441,5.810567071939943e-8
19.9,7.747445351924398e-8,1.0300000292864562,5.7896685889957666e-8
19.91,7.517235189880012e-8,1.030000029082508,5.769273769828942e-8
19.92,7.287169268010985e-8,1.030000028883584,5.749381370989681e-8
19.93,7.057286666167784e-8,1.0300000286896722,5.729990193437118e-8
19.94,6.827614384974368e-8,1.030000028500759,5.711098860494701e-8
19.95,6.598191504281203e-8,1.03000002831683,5.69270597328142e-8
19.96,6.369043603626778e-8,1.0300000281378698,5.67480995528058e-8
19.97,6.140206920690616e-8,1.030000027963863,5.657409274384406e-8
19.98,5.911712008810355e-8,1.030000027794792,5.6405021764405205e-8
19.99,5.68358800023816e-8,1.0300000276306396,5.624086929501004e-8
20.0,5.4558690010253486e-8,1.0300000274713865,5.608161623982255e-8
