time,frequency_spread_hz,voltage_pu,voltage_deviation_pu
0.0,0.0,1.0299999713897703,0.0
0.01,7.105427357601002e-14,1.029999971389771,6.661338147750939e-16
0.02,1.2789769243681803e-13,1.029999971389773,2.6645352591003757e-15
0.03,4.973799150320701e-14,1.0299999713897712,8.881784197001252e-16
0.04,1.4921397450962104e-13,1.029999971389773,2.6645352591003757e-15
0.05,1.2789769243681803e-13,1.0299999713897732,2.886579864025407e-15
0.06,1.5631940186722204e-13,1.029999971389774,3.774758283725532e-15
0.07,2.4158453015843406e-13,1.0299999713897754,5.10702591327572e-15
0.08,1.9184653865522705e-13,1.0299999713897743,3.9968028886505635e-15
0.09,1.4921397450962104e-13,1.0299999713897738,3.552713678800501e-15
0.1,1.3500311979441904e-13,1.029999971389774,3.774758283725532e-15
0.11,1.3500311979441904e-13,1.0299999713897743,3.9968028886505635e-15
0.12,1.4210854715202004e-13,1.0299999713897747,4.440892098500626e-15
0.13,1.4210854715202004e-13,1.0299999713897752,4.884981308350689e-15
0.14,1.4210854715202004e-13,1.0299999713897756,5.329070518200751e-15
0.15,1.4210854715202004e-13,1.029999971389776,5.773159728050814e-15
0.16,1.4210854715202004e-13,1.0299999713897765,6.217248937900877e-15
0.17,1.2079226507921703e-13,1.029999971389777,6.661338147750939e-15
0.18,1.0658141036401503e-13,1.0299999713897772,6.8833827526759706e-15
0.19,9.947598300641403e-14,1.0299999713897772,6.8833827526759706e-15
0.2,1.3500311979441904e-13,1.029999971389777,6.661338147750939e-15
0.21,1.4210854715202004e-13,1.0299999713897772,6.8833827526759706e-15
0.22,1.4921397450962104e-13,1.0299999713897776,7.327471962526033e-15
0.23,1.4921397450962104e-13,1.029999971389778,7.771561172376096e-15
0.24,1.4921397450962104e-13,1.0299999713897783,7.993605777301127e-15
0.25,1.6342482922482304e-13,1.0299999713897785,8.215650382226158e-15
0.26,1.7053025658242404e-13,1.029999971389779,8.659739592076221e-15
0.27,1.6342482922482304e-13,1.0299999713897792,8.881784197001252e-15
0.28,1.7053025658242404e-13,1.0299999713897794,9.103828801926284e-15
0.29,1.9184653865522705e-13,1.0299999713897798,9.547918011776346e-15
0.3,1.8474111129762605e-13,1.02999997138978,9.769962616701378e-15
0.31,1.9895196601282805e-13,1.0299999713897803,9.992007221626409e-15
0.32,2.0605739337042905e-13,1.029999971389781,1.0658141036401503e-14
0.33,2.1316282072803006e-13,1.0299999713897814,1.1102230246251565e-14
0.34,2.2737367544323206e-13,1.0299999713897818,1.1546319456101628e-14
0.35,2.3447910280083306e-13,1.0299999713897825,1.2212453270876722e-14
0.36,2.3447910280083306e-13,1.0299999713897827,1.2434497875801753e-14
0.37,2.4868995751603507e-13,1.0299999713897832,1.2878587085651816e-14
0.38,2.6290081223123707e-13,1.029999971389784,1.3766765505351941e-14
0.39,2.7711166694643907e-13,1.0299999713897845,1.4210854715202004e-14
0.4,2.8421709430404007e-13,1.0299999713897852,1.4876988529977098e-14
0.41,2.984279490192421e-13,1.0299999713897858,1.554312234475219e-14
0.42,2.984279490192421e-13,1.0299999713897865,1.6209256159527285e-14
0.43,2.984279490192421e-13,1.0299999713897872,1.687538997430238e-14
0.44,3.126388037344441e-13,1.029999971389788,1.7763568394002505e-14
0.45,3.197442310920451e-13,1.029999971389789,1.865174681370263e-14
0.46,3.197442310920451e-13,1.0299999713897894,1.9095836023552692e-14
0.47,3.197442310920451e-13,1.0299999713897903,1.9984014443252818e-14
0.48,3.268496584496461e-13,1.0299999713897907,2.042810365310288e-14
0.49,3.197442310920451e-13,1.0299999713897916,2.1316282072803006e-14
0.5,3.126388037344441e-13,1.0299999713897918,2.1538326677728037e-14
0.51,3.055333763768431e-13,1.0299999713897925,2.220446049250313e-14
0.52,2.984279490192421e-13,1.029999971389793,2.2648549702353193e-14
0.53,2.8421709430404007e-13,1.0299999713897932,2.2870594307278225e-14
0.54,2.8421709430404007e-13,1.0299999713897936,2.3314683517128287e-14
0.55,2.984279490192421e-13,1.0299999713897943,2.398081733190338e-14
0.56,2.984279490192421e-13,1.029999971389795,2.4646951146678475e-14
0.57,3.197442310920451e-13,1.0299999713897956,2.531308496145357e-14
0.58,3.268496584496461e-13,1.0299999713897963,2.5979218776228663e-14
0.59,3.339550858072471e-13,1.029999971389797,2.6645352591003757e-14
0.6,3.410605131648481e-13,1.0299999713897974,2.708944180085382e-14
0.61,3.410605131648481e-13,1.029999971389798,2.7755575615628914e-14
0.62,3.552713678800501e-13,1.0299999713897985,2.8199664825478976e-14
0.63,3.481659405224491e-13,1.0299999713897992,2.886579864025407e-14
0.64,3.552713678800501e-13,1.0299999713897998,2.9531932455029164e-14
0.65,3.410605131648481e-13,1.0299999713898005,3.019806626980426e-14
0.66,3.410605131648481e-13,1.029999971389801,3.064215547965432e-14
0.67,3.410605131648481e-13,1.0299999713898016,3.1308289294429414e-14
0.68,3.197442310920451e-13,1.0299999713898018,3.1530333899354446e-14
0.69,3.197442310920451e-13,1.0299999713898025,3.219646771412954e-14
0.7,3.126388037344441e-13,1.029999971389803,3.26405569239796e-14
0.71,3.055333763768431e-13,1.0299999713898034,3.3084646133829665e-14
0.72,2.913225216616411e-13,1.0299999713898036,3.3306690738754696e-14
0.73,2.7711166694643907e-13,1.029999971389804,3.375077994860476e-14
0.74,2.6290081223123707e-13,1.0299999713898045,3.419486915845482e-14
0.75,2.5579538487363607e-13,1.0299999713898047,3.441691376337985e-14
0.76,2.5579538487363607e-13,1.029999971389805,3.4638958368304884e-14
0.77,2.4158453015843406e-13,1.0299999713898051,3.4861002973229915e-14
0.78,2.4158453015843406e-13,1.0299999713898054,3.5083047578154947e-14
0.79,2.3447910280083306e-13,1.0299999713898058,3.552713678800501e-14
0.8,2.4158453015843406e-13,1.0299999713898058,3.552713678800501e-14
0.81,2.4158453015843406e-13,1.0299999713898058,3.552713678800501e-14
0.82,2.2737367544323206e-13,1.029999971389806,3.574918139293004e-14
0.83,2.2026824808563106e-13,1.0299999713898063,3.597122599785507e-14
0.84,2.1316282072803006e-13,1.0299999713898063,3.597122599785507e-14
0.85,2.0605739337042905e-13,1.0299999713898063,3.597122599785507e-14
0.86,1.9895196601282805e-13,1.0299999713898063,3.597122599785507e-14
0.87,1.9184653865522705e-13,1.0299999713898065,3.6193270602780103e-14
0.88,1.9184653865522705e-13,1.0299999713898065,3.6193270602780103e-14
0.89,1.7763568394002505e-13,1.0299999713898067,3.6415315207705135e-14
0.9,1.7763568394002505e-13,1.0299999713898067,3.6415315207705135e-14
0.91,1.6342482922482304e-13,1.0299999713898067,3.6415315207705135e-14
0.92,1.5631940186722204e-13,1.029999971389807,3.6637359812630166e-14
0.93,1.4210854715202004e-13,1.029999971389807,3.6637359812630166e-14
0.94,1.4210854715202004e-13,1.0299999713898071,3.68594044175552e-14
0.95,1.2789769243681803e-13,1.0299999713898074,3.708144902248023e-14
0.96,1.1368683772161603e-13,1.0299999713898076,3.730349362740526e-14
0.97,1.0658141036401503e-13,1.029999971389808,3.774758283725532e-14
0.98,9.947598300641403e-14,1.0299999713898083,3.7969627442180354e-14
0.99,9.237055564881302e-14,1.0299999713898087,3.8413716652030416e-14
1.0,9.947598300641403e-14,1.0299999713898091,3.885780586188048e-14
1.0,9.947598300641403e-14,1.0299999713898091,3.885780586188048e-14
1.0,9.947598300641403e-14,1.0299999713898091,3.885780586188048e-14
1.0,9.947598300641403e-14,1.0299999713898091,3.885780586188048e-14
1.01,0.0002645094690763017,1.029959506051772,4.046533799839658e-5
1.02,0.0002524330183248935,1.0299565102933015,4.346109646879981e-5
1.03,0.0002362064780925266,1.0299538185933543,4.615279641595471e-5
1.04,0.0002238589665992663,1.0299513728754206,4.859851434968476e-5
1.05,0.0002612470265219713,1.0299491235954301,5.084779434016973e-5
1.06,0.0002962941368451766,1.0299470287860544,5.294260371591086e-5
1.07,0.0003296537415877765,1.0299450530791523,5.4918310617990684e-5
1.08,0.00036178672490194685,1.0299431668242367,5.6804565533585816e-5
1.09,0.000393013843556389,1.029941345289502,5.862610026818871e-5
1.1,0.0004235539637562624,1.0299395679496963,6.040344007396392e-5
1.1,0.0004235539637562624,1.0299395679496963,6.040344007396392e-5
1.1,0.0004235539637562624,1.0299395679496963,6.040344007396392e-5
1.1,0.0004235539637562624,1.0299395679496963,6.040344007396392e-5
1.11,0.0004576004077989637,1.0299782810268476,2.1690362922655027e-5
1.12,0.0004201346949770368,1.0299795402033702,2.0431186400049484e-5
1.13,0.0003830019097534887,1.029980497875904,1.947351386633045e-5
1.14,0.00034843044638677156,1.029981202518488,1.8768871282270894e-5
1.15,0.0003175516226150421,1.0299816960495807,1.8275340189610745e-5
1.16,0.00030103390054847523,1.0299820143814262,1.7957008344060554e-5
1.17,0.000295371067807082,1.0299821880933377,1.778329643253862e-5
1.18,0.0002905674871129804,1.029982243075717,1.7728314053222505e-5
1.19,0.0002862904698091029,1.0299822011431206,1.7770246649728705e-5
1.2,0.0002823084822480837,1.0299820805923394,1.789079743086397e-5
1.21,0.0002784635827666193,1.0299818967118848,1.8074677885504542e-5
1.22,0.00027465077498334267,1.0299816622393478,1.8309150422446407e-5
1.23,0.0002708029336062623,1.0299813877560635,1.8583633706770186e-5
1.24,0.00026687943950065574,1.0299810820345,1.8889355270390595e-5
1.25,0.00026285786464796956,1.0299807523395794,1.9219050190866227e-5
1.26,0.00025872816920013975,1.029980404671815,1.956671795522169e-5
1.27,0.00025448806243844047,1.0299800440008644,1.9927388905882637e-5
1.28,0.0002501403470844821,1.0299796744261742,2.029696359606703e-5
1.29,0.00024569065441681914,1.0299792993290915,2.067206067879468e-5
1.3,0.00024114587509416197,1.0299789215188533,2.104987091700039e-5
1.31,0.0002365134592920981,1.0299785433090374,2.142808073291036e-5
1.32,0.00023180065591077437,1.0299781666176853,2.1804772085021185e-5
1.33,0.000227014175145257,1.0299777930390002,2.2178350770118982e-5
1.34,0.0002221600013356806,1.0299774238988915,2.2547490878821463e-5
1.35,0.00021724332545147718,1.0299770603007254,2.2911089044841404e-5
1.36,0.0002122684638052874,1.0299767031608222,2.326822894804792e-5
1.37,0.00020723894837715306,1.0299763532562043,2.3618133565994626e-5
1.38,0.00020215754462782343,1.0299760112372596,2.3960152510715815e-5
1.39,0.00019702633571938577,1.0299756776538826,2.429373588763717e-5
1.4,0.00019184674835059923,1.0299753529697255,2.461842004475301e-5
1.41,0.0001866196810880183,1.0299750375843024,2.4933805467863834e-5
1.42,0.00018134557910087779,1.0299747318449501,2.5239544820143678e-5
1.43,0.00017602442420638909,1.0299744360470462,2.5535342724092303e-5
1.44,0.00017065589233311584,1.029974150454294,2.582093547620623e-5
1.45,0.00016523929790679404,1.0299738752949594,2.609609481085684e-5
1.46,0.00015977373012532325,1.02997361077559,2.6360614180376274e-5
1.47,0.00015425810688185493,1.0299733570858036,2.661430396666553e-5
1.48,0.00014869117492111172,1.029973114398308,2.685699146232068e-5
1.49,0.00014307149393744112,1.0299728828697627,2.708852000754547e-5
1.5,0.00013739764096243334,1.029972662652711,2.7308737059250632e-5
1.51,0.00013166803361741586,1.0299724538882298,2.751750154050825e-5
1.52,0.00012588108682365373,1.0299722567131813,2.771467658901905e-5
1.53,0.0001200352554420192,1.0299720712617788,2.7900127991475898e-5
1.54,0.00011412903437957311,1.0299718976655927,2.8073724177568593e-5
1.55,0.00010816095849719431,1.0299717360535559,2.823533621443275e-5
1.56,0.0001021295826078017,1.0299715865528511,2.8384836919137513e-5
1.57,9.603365673171993e-5,1.0299714492914473,2.8522098322936174e-5
1.58,8.987199847609872e-5,1.0299713243972881,2.864699248217306e-5
1.59,8.364354767564919e-5,1.0299712119990472,2.8759390723109846e-5
1.6,7.734744070120314e-5,1.029971112225638,2.885916413220002e-5
1.61,7.0983010274972e-5,1.0299710252062109,2.894618355941958e-5
1.62,6.454978561265534e-5,1.0299709510701447,2.9020319625594482e-5
1.63,5.804749234528117e-5,1.029970889947039,2.9081442731282436e-5
1.64,5.147604056077171e-5,1.0299708419685643,2.9129421206031125e-5
1.65,4.483563795787404e-5,1.0299708072625489,2.916412722142603e-5
1.66,3.812671557312797e-5,1.029970785958752,2.9185431018374786e-5
1.67,3.1349948102388225e-5,1.0299707781874068,2.919320236349776e-5
1.68,2.4729699553915907e-5,1.029970784075972,2.9187313798306747e-5
1.69,2.0576244651238085e-5,1.02997080374911,2.91676406602992e-5
1.7,2.3035111098579364e-5,1.0299708373286682,2.9134061102054076e-5
1.71,2.536254498153312e-5,1.0299708849336562,2.9086456114102432e-5
1.72,2.7547593020926797e-5,1.0299709466802187,2.902470955157277e-5
1.73,3.1286515088879696e-5,1.0299710226839778,2.8948705792508633e-5
1.74,3.827613493001536e-5,1.0299711130475717,2.8858342198567755e-5
1.75,4.512696729364052e-5,1.0299712178734908,2.8753516279511615e-5
1.76,5.182915026580304e-5,1.0299713372598258,2.8634129944471454e-5
1.77,5.83737763975023e-5,1.0299714712964323,2.850009333799086e-5
1.78,6.475289280416519e-5,1.0299716200648972,2.835132487311043e-5
1.79,7.095950105906468e-5,1.0299717836385025,2.8187751267783057e-5
1.8,7.698755725016326e-5,1.029971962082189,2.8009307581289278e-5
1.81,8.283197196590208e-5,1.0299721554525172,2.7815937253095058e-5
1.82,8.848861030230637e-5,1.0299723637976277,2.760759214259778e-5
1.83,9.39544314064733e-5,1.02997258715743,2.7384232340388337e-5
1.84,9.922680754215207e-5,1.0299728255533098,2.7145836460462647e-5
1.85,0.00010430466582533882,1.0299730790014732,2.6892388297117265e-5
1.86,0.00010918782982116682,1.02997334750647,2.6623883300214146e-5
1.87,0.00011493848166566067,1.029973631060224,2.6340329546181707e-5
1.88,0.00012249946910003473,1.029973929641987,2.604174778331192e-5
1.89,0.00013004671396998901,1.0299742432182928,2.5728171477501505e-5
1.9,0.00013757422831872645,1.0299745717429083,2.5399646861989922e-5
1.91,0.00014507592140944325,1.0299749151567865,2.505623298376669e-5
1.92,0.00015254559974664517,1.029975273388015,2.4698001755307786e-5
1.93,0.0001599769504281312,1.0299756463512986,2.432503847171752e-5
1.94,0.0001673636024293046,1.029976033941243,2.3937448527355798e-5
1.95,0.0001746995308167243,1.029976436047449,2.3535342321245878e-5
1.96,0.00018197830573996043,1.0299768525387787,2.311885099159916e-5
1.97,0.00018919359022362414,1.0299772832713519,2.2688118418434655e-5
1.98,0.00019633914011762954,1.0299777280884974,2.2243301272872884e-5
1.99,0.00020340880430325115,1.0299781868207032,2.1784569067095916e-5
2.0,0.00021039652450838275,1.0299786592855653,2.1312104204973537e-5
2.01,0.00021729633537859172,1.0299791452877383,2.0826102032023286e-5
2.02,0.00022410236447711895,1.0299796446188827,2.032677088759094e-5
2.03,0.0002308088322564572,1.0299801570576164,1.9814332153922365e-5
2.04,0.0002374100121400602,1.0299806823651743,1.9289024596025328e-5
2.05,0.00024390040163524418,1.029981220286236,1.8751103534331293e-5
2.06,0.00025027481049022526,1.0299817705692302,1.8200820540048568e-5
2.07,0.0002565280235842238,1.0299823329353917,1.7638454378632318e-5
2.08,0.00026265505528755284,1.029982907097739,1.706429203118809e-5
2.09,0.00026865114944740753,1.0299834927610305,1.6478628739768908e-5
2.1,0.000274511779373654,1.029984089621722,1.5881768048231493e-5
2.11,0.0002802326478317241,1.0299846973679214,1.5274021848865615e-5
2.12,0.00028580968707814236,1.0299853156793488,1.4655710421473955e-5
2.13,0.0002912390588178937,1.029985944227293,1.402716247733693e-5
2.14,0.0002965171542399503,1.0299865826745707,1.3388715199624812e-5
2.15,0.00030164059329251813,1.0299872306747266,1.2740715043646489e-5
2.16,0.0003066061604073411,1.0299878878476914,1.2083542078933363e-5
2.17,0.0003114109790729458,1.0299885538574916,1.1417532278734654e-5
2.18,0.00031605244244303776,1.029989228327411,1.0743062359264144e-5
2.19,0.0003205281813265515,1.0299899108795283,1.0060510241993725e-5
2.2,0.0003248360642089665,1.0299906011346915,9.37025507874445e-6
2.21,0.00032897419716704235,1.029991298712491,8.672677279220053e-6
2.22,0.00033294092398961084,1.0299920032312337,7.968158536542091e-6
2.23,0.0003367348261207326,1.0299927143079206,7.257081849676439e-6
2.24,0.0003403547226312753,1.0299934315582226,6.539831547636155e-6
2.25,0.0003437996702757573,1.0299941545964602,5.816793310131629e-6
2.26,0.00034706896344971483,1.0299948830355832,5.088354187110511e-6
2.27,0.0003501621552857159,1.029995616483698,4.354906072201459e-6
2.28,0.00035307892350999737,1.0299963545176818,3.616872088496592e-6
2.29,0.00035581885799018664,1.0299970967744045,2.874615365744404e-6
2.3,0.00035838217959849317,1.0299978428547027,2.1285350675359638e-6
2.31,0.0003607692250255923,1.0299985923639583,1.3790258119872334e-6
2.32,0.00036298044678773067,1.029999344912099,6.264776712949782e-7
2.33,0.00036501641310593413,1.0300001001135983,1.2872382804118843e-7
2.34,0.0003668778080978541,1.0300008575874802,8.86197709881742e-7
2.35,0.00036856543150776133,1.0300016169573214,1.6455675511117818e-6
2.36,0.000370080199004974,1.0300023778512581,2.40646148785828e-6
2.37,0.0003714231419991165,1.030003139901995,3.168512224815956e-6
2.38,0.0003725954076472249,1.030003902746813,3.93135704279679e-6
2.39,0.00037359825892480103,1.030004666027582,4.694637811608615e-6
2.4,0.0003744330746258129,1.0300054293907712,5.4580010009352975e-6
2.41,0.00037510136598939425,1.0300061924524155,6.221062645250797e-6
2.42,0.00037560424674154547,1.0300069548585602,6.98346878991174e-6
2.43,0.00037594320640721435,1.0300077162740873,7.744884316984724e-6
2.44,0.00037611980911123055,1.0300084763557174,8.504965947064846e-6
2.45,0.00037613558908589084,1.0300092347656886,9.263375918333594e-6
2.46,0.0003759920507491188,1.030009991171791,1.001978202075371e-5
2.47,0.0003756906685836725,1.0300107452474014,1.077385763115224e-5
2.48,0.00037523288724372605,1.0300114966715217,1.1525281751412209e-5
2.49,0.0003746201214553935,1.0300122451288145,1.2273739044221799e-5
2.5,0.00037385375614462646,1.0300129903096453,1.301891987504078e-5
2.51,0.00037293514632352753,1.0300137319101221,1.3760520351846495e-5
2.52,0.0003718656171258772,1.0300144696321394,1.449824236909869e-5
2.53,0.00037064646385687183,1.03001520318342,1.523179364970595e-5
2.54,0.000369278947140117,1.0300159322690312,1.5960879260923377e-5
2.55,0.0003677642197459363,1.0300166565638287,1.668517405839509e-5
2.56,0.00036610335374831493,1.030017375797623,1.7404407852694703e-5
2.57,0.0003642973519788484,1.0300180896885607,1.811829879039273e-5
2.58,0.0003623471468330308,1.0300187979574744,1.8826567704133268e-5
2.59,0.00036025360046210153,1.030019500327944,1.9528938173696275e-5
2.6,0.00035801750472330696,1.0300201965263553,2.022513658506142e-5
2.61,0.00035563958112305727,1.0300208862819642,2.091489219391285e-5
2.62,0.0003531204809021915,1.030021569326958,2.1597937187811667e-5
2.63,0.0003504607849507124,1.0300222453965187,2.2274006748368436e-5
2.64,0.00034766100386462995,1.0300229142288853,2.294283911496997e-5
2.65,0.00034472157794596114,1.0300235755654206,2.36041756502825e-5
2.66,0.0003416428772169411,1.0300242291506723,2.4257760901980063e-5
2.67,0.00033842520128501974,1.0300248747324403,2.490334267002403e-5
2.68,0.0003350686772805034,1.0300255120359267,2.554064615645224e-5
2.69,0.0003315738905129706,1.0300261408037175,2.6169413947174647e-5
2.7,0.00032794093354482357,1.0300267607863776,2.6789396607274085e-5
2.71,0.0003241698452356445,1.030027371731296,2.740034152570736e-5
2.72,0.0003202606802261698,1.0300279733861009,2.800199633057332e-5
2.73,0.000316213508988028,1.0300285654987302,2.8594108959945075e-5
2.74,0.00031202841780952895,1.030029147817503,2.9176427732702237e-5
2.75,0.00030770550877434744,1.0300297200911896,2.9748701419363144e-5
2.76,0.0003032448998041559,1.0300302820690814,3.031067931114073e-5
2.77,0.000298646724601781,1.030030833501059,3.086211128877636e-5
2.78,0.0002939111327080468,1.0300313741376617,3.140274789137365e-5
2.79,0.0002890382894946697,1.0300319037301509,3.193234038056936e-5
2.8,0.00028402837609320386,1.0300324220305805,3.245064081025539e-5
2.81,0.00027888158949451736,1.0300329287918586,3.295740208830722e-5
2.82,0.00027359812590788124,1.0300334237659594,3.345237618912478e-5
2.83,0.00026817836241121995,1.030033906692059,3.3935302288679026e-5
2.84,0.0002626229396440749,1.0300343773351415,3.4405945371185354e-5
2.85,0.0002569322730110457,1.0300348354468725,3.486405710217966e-5
2.86,0.000251106907519727,1.0300352807806883,3.530939091800356e-5
2.87,0.00024514751792281686,1.0300357130918545,3.574170208420213e-5
2.88,0.00023905490860443024,1.030036132137523,3.616074775281142e-5
2.89,0.00023283001362273126,1.0300365376767877,3.656628701742548e-5
2.9,0.00022647389673835505,1.0300369294707372,3.6958080966931206e-5
2.91,0.00021998775128651005,1.0300373072825046,3.733589273435811e-5
2.92,0.0002133729003972462,1.0300376708773171,3.7699487546838384e-5
2.93,0.00020663079676808138,1.0300380200225407,3.804863277045989e-5
2.94,0.0001997630228345315,1.0300383544877252,3.838309795489714e-5
2.95,0.00019277129066352927,1.030038674044643,3.870265487271318e-5
2.96,0.00018565744200316203,1.0300389784673303,3.9007077559993775e-5
2.97,0.00017842352663421934,1.0300392675341545,3.929614438424878e-5
2.98,0.0001710716951492941,1.0300395410401473,3.956965037699156e-5
2.99,0.00016360420470107329,1.0300397987729382,3.9827383167878594e-5
3.0,0.0001560235926376663,1.030040040523286,4.0069133515618915e-5
3.01,0.00014833254064683388,1.0300402660885197,4.029469874944347e-5
3.02,0.00014053387464230127,1.0300404752725612,4.0503882790865475e-5
3.03,0.00013263056490586678,1.0300406678859426,4.0696496172332175e-5
3.04,0.0001246257259737149,1.0300408437458235,4.0872356053212044e-5
3.05,0.00011652261672168152,1.0300410026760007,4.1031286230452935e-5
3.06,0.00010832464029419953,1.030041144506918,4.11731171476859e-5
3.07,0.00010003534415403692,1.0300412690756724,4.129768590210858e-5
3.08,9.16584200467696e-5,1.0300413762260148,4.140483624448521e-5
3.09,8.319770403630855e-5,1.0300414658083499,4.1494418579590686e-5
3.1,7.465717646226722e-5,1.0300415376797314,4.1566289961103564e-5
3.11,6.604096198969955e-5,1.0300415917038546,4.1620314084278576e-5
3.12,5.735356869962516e-5,1.030041627769513,4.165637974273828e-5
3.13,4.859885260799501e-5,1.0300416457662265,4.16743764561911e-5
3.14,3.9942157691541524e-5,1.0300416455833163,4.167419354605961e-5
3.15,3.142888459706228e-5,1.0300416271248543,4.165573508396747e-5
3.16,2.415894689988818e-5,1.0300415903054607,4.161891569043341e-5
3.17,2.3926184397282668e-5,1.0300415350502763,4.156366050600546e-5
3.18,2.361830325980918e-5,1.0300414612949296,4.148990515928652e-5
3.19,2.323797689030016e-5,1.0300413689855012,4.139759573096313e-5
3.2,2.3746349846476278e-5,1.0300412580784857,4.128668871539176e-5
3.21,2.956245715068917e-5,1.0300411285407478,4.115715097752215e-5
3.22,3.5333754816235796e-5,1.030040980349478,4.100895970782226e-5
3.23,4.161787082068713e-5,1.0300408134921424,4.084210237209618e-5
3.24,5.079912774164086e-5,1.0300406279664307,4.065657666041389e-5
3.25,5.998932189754669e-5,1.0300404237802012,4.045239043093396e-5
3.26,6.918329471261586e-5,1.0300402009514222,4.022956165194991e-5
3.27,7.837578127833922e-5,1.030039959513721,3.998812395078488e-5
3.28,8.756170283419351e-5,1.0300396995230692,3.972813329888858e-5
3.29,9.673624688844029e-5,1.030039421015208,3.944962543767083e-5
3.3,0.00010589423890650096,1.0300391240553606,3.9152665590291846e-5
3.31,0.00011503058019712853,1.0300388087193333,3.883732956300179e-5
3.32,0.0001241402478768805,1.0300384750934393,3.850370366897948e-5
3.33,0.0001332182948345917,1.0300381232744236,3.815188465328134e-5
3.34,0.00014225984981663942,1.0300377533693819,3.7781979611573036e-5
3.35,0.00015126011732746747,1.0300373654956794,3.739410590908321e-5
3.36,0.00016021437770774583,1.030036959780866,3.698839109578245e-5
3.37,0.00016911798712726522,1.03003653636259,3.656497281978588e-5
3.38,0.00017796637752098832,1.0300360953885095,3.612399873920147e-5
3.39,0.00018675505665299852,1.0300356370161987,3.566562642842719e-5
3.4,0.0001954796080880783,1.030035161413058,3.519002328777887e-5
3.41,0.0002041356912272363,1.030034668756216,3.469736644579058e-5
3.42,0.00021271904122954766,1.0300341592324342,3.418784266395747e-5
3.43,0.00022122558659987135,1.0300336330309132,3.3661641142934684e-5
3.44,0.00022965125614859971,1.0300330903430857,3.311895331536974e-5
3.45,0.00023799213739295055,1.0300325313779102,3.2559988139890805e-5
3.46,0.000246244462289269,1.0300319563518134,3.1984962043152265e-5
3.47,0.000254404569083988,1.0300313654887494,3.13940989791206e-5
3.48,0.0002624689024628424,1.0300307590201014,3.078763033115273e-5
3.49,0.00027043401345139273,1.0300301371845828,3.016579481252002e-5
3.5,0.0002782965594860798,1.0300295002281374,2.9528838367154364e-5
3.51,0.00028605330432185383,1.0300288484038382,2.8877014067951734e-5
3.52,0.0002937011181103344,1.030028181971787,2.821058201663007e-5
3.53,0.0003012369774140211,1.030027501199012,2.752980924181081e-5
3.54,0.00030865796510681776,1.0300268063593674,2.683496959710041e-5
3.55,0.0003159612704948245,1.0300260977334281,2.6126343657839612e-5
3.56,0.00032314418921686183,1.0300253756083901,2.5404218619851093e-5
3.57,0.0003302041233226305,1.0300246402779654,2.466888819507851e-5
3.58,0.0003371386343502536,1.0300238920348397,2.3920645069397395e-5
3.59,0.00034394552705663273,1.030023131117629,2.3159727858823587e-5
3.6,0.00035062211294700774,1.0300223578601724,2.238647040209152e-5
3.61,0.00035716629015780654,1.0300215725591837,2.160116941340995e-5
3.62,0.0003635760113738229,1.0300207755162323,2.0804126461992922e-5
3.63,0.00036984928385663807,1.030019967037653,1.999564788279784e-5
3.64,0.00037598416945883173,1.0300191474344653,1.9176044695035088e-5
3.65,0.00038197878454582224,1.0300183170222874,1.8345632517124955e-5
3.66,0.0003878313000953426,1.0300174761212564,1.7504731486095437e-5
3.67,0.0003935399416121754,1.0300166250559457,1.665366617542574e-5
3.68,0.00039910298919920706,1.0300157641552865,1.579276551622044e-5
3.69,0.0004045187775005843,1.0300148937524898,1.4922362719493876e-5
3.7,0.00040978569573724144,1.0300140141849696,1.4042795199342706e-5
3.71,0.0004149021876713732,1.0300131257942686,1.3154404498338934e-5
3.72,0.00041986675166327814,1.0300122289259845,1.2257536214255182e-5
3.73,0.00042467794061451514,1.0300113239296993,1.1352539929010419e-5
3.74,0.00042933452562721186,1.0300104110940673,1.0439704297038332e-5
3.75,0.00043383507739491733,1.0300094907308854,9.519341115149516e-6
3.76,0.00043817812953506063,1.03000856322039,8.591830619630869e-6
3.77,0.00044236240960060513,1.030007628896224,7.657506453817575e-6
3.78,0.00044638665291785173,1.0300066880959622,6.716706191900457e-6
3.79,0.000450249602671704,1.0300057411610701,5.769771299846127e-6
3.8,0.00045395000987724643,1.0300047884368695,4.8170470992037195e-6
3.81,0.00045748663336553363,1.0300038302725087,3.8588827384611335e-6
3.82,0.00046085823976937945,1.03000286702093,2.8956311597383433e-6
3.83,0.00046406360357309495,1.0300018990388444,1.9276490741404473e-6
3.84,0.0004671015070840667,1.0300009266867076,9.552969373327613e-7
3.85,0.0004699707404043352,1.0299999503286967,2.1061073551820186e-8
3.86,0.00047267010149454336,1.029998970332693,1.0010570772323035e-6
3.87,0.0004751983961455153,1.029997987070266,1.984319504266807e-6
3.88,0.00047755443791430707,1.0299970009166595,2.970473110819327e-6
3.89,0.00047973704823789376,1.0299960122507814,3.959138988873789e-6
3.9,0.00048174517159793595,1.0299950213007596,4.950089010691272e-6
3.91,0.0004835777717673295,1.0299940285017213,5.942888049004225e-6
3.92,0.00048523366844932525,1.0299930342220573,6.937167712939285e-6
3.93,0.00048671170818437304,1.0299920388208246,7.932568945712148e-6
3.94,0.0004880107650677701,1.0299910426604006,8.928729369639399e-6
3.95,0.0004891297406786066,1.0299900461065141,9.925283256162487e-6
3.96,0.000490067564115293,1.029989049528281,1.0921861489210372e-5
3.97,0.0004908231920381922,1.0299880532982402,1.191809153011647e-5
3.98,0.0004913956085843552,1.0299870577923946,1.291359737565223e-5
3.99,0.0004917838254243634,1.0299860633902542,1.3907999516060698e-5
4.0,0.0004919868817623296,1.0299850704748807,1.4900914889537376e-5
4.01,0.0004920038442861596,1.0299840794329376,1.589195683271427e-5
4.02,0.0004918338072457118,1.02998309065474,1.6880735030255778e-5
4.03,0.000491475892381743,1.0299821045343087,1.7866855461567965e-5
4.04,0.000490929248947225,1.0299811214694266,1.8849920343733118e-5
4.05,0.000490193053757082,1.029980141861699,1.9829528071335645e-5
4.06,0.0004892664836404492,1.0299791660279052,2.0805361865106065e-5
4.07,0.0004881490974852909,1.029978194298556,2.177709121431448e-5
4.08,0.00048684030581114257,1.0299772271153707,2.2744274399633113e-5
4.09,0.00048533947824580537,1.0299762648624284,2.3706527341849082e-5
4.1,0.00048364607291517814,1.029975307924334,2.4663465436391974e-5
4.11,0.0004817596363935195,1.0299743566863127,2.5614703457632615e-5
4.12,0.00047967980369634233,1.02997341153431,2.6559855460295267e-5
4.13,0.00047740629833725734,1.0299724728550874,2.7498534682868225e-5
4.14,0.0004749389322427078,1.0299715410363266,2.843035344368694e-5
4.15,0.00047227760583723466,1.0299706164667275,2.9354923042790304e-5
4.16,0.0004694223079866333,1.0299696995361158,3.0271853654451064e-5
4.17,0.0004663731159979534,1.0299687906355448,3.118075422547939e-5
4.18,0.0004631301956763423,1.0299678901574012,3.2081232369085555e-5
4.19,0.00045969380126109627,1.0299669984955144,3.2972894255856033e-5
4.2,0.0004560642754753985,1.0299661160452627,3.385534450761618e-5
4.21,0.0004522420494552648,1.0299652432036819,3.472818608840633e-5
4.22,0.0004482276428205978,1.0299643803695777,3.559102019257132e-5
4.23,0.00044402164789403287,1.0299635278141024,3.644357566789935e-5
4.24,0.000439624932873528,1.0299626859449675,3.72854448027482e-5
4.25,0.00043503837164848846,1.0299618551522407,3.811623752958404e-5
4.26,0.00043026294419945543,1.0299610358128004,3.893557696987848e-5
4.27,0.00042529974426486206,1.0299602282992266,3.974309054366465e-5
4.28,0.0004201499792415575,1.0299594329799266,4.053840984363788e-5
4.29,0.0004148149702984938,1.029958650219264,4.132117050636985e-5
4.3,0.0004092961522985661,1.029957880377682,4.2091012088185664e-5
4.31,0.00040359507378440185,1.0299571238118306,4.2847577939708614e-5
4.32,0.00039771339706362596,1.029956380874689,4.359051508129319e-5
4.33,0.0003916528981520173,1.0299556519156885,4.431947408178871e-5
4.34,0.00038541546673087623,1.029954937280834,4.503410893619275e-5
4.35,0.00037900310623939504,1.0299542373128248,4.5734076945525004e-5
4.36,0.00037241793382492006,1.0299535523511718,4.641903859847751e-5
4.37,0.0003656621803713733,1.029952882732316,4.708865745417512e-5
4.38,0.00035873819040688204,1.0299522287897434,4.774260002693431e-5
4.39,0.00035164842537938057,1.0299515908440326,4.838054573763628e-5
4.4,0.0003443952871080569,1.0299509691623638,4.900222740644722e-5
4.41,0.00033698137936255534,1.0299503640634802,4.960732629011311e-5
4.42,0.00032940950000437397,1.0299497758565257,5.019553324459025e-5
4.43,0.0003216825215162089,1.0299492048419647,5.076654780555856e-5
4.44,0.00031380339098774357,1.0299486513116918,5.132007807850947e-5
4.45,0.00030577513008012147,1.0299481155491372,5.185584063305271e-5
4.46,0.0002976008350614734,1.0299475978293697,5.237356040055374e-5
4.47,0.00028928367683533907,1.0299470984191963,5.287297057399165e-5
4.48,0.00028082690087671835,1.029946617577258,5.33538125122579e-5
4.49,0.00027223382726759837,1.0299461555541216,5.381583564867398e-5
4.5,0.0002635078506969535,1.029945712592368,5.4258797402395587e-5
4.51,0.00025465244047495617,1.0299452889266758,5.468246309447977e-5
4.52,0.000245671140483239,1.0299448847839041,5.508660586617253e-5
4.53,0.00023656756920331645,1.029944500383167,5.54710066031916e-5
4.54,0.00022734541974500644,1.029944135935906,5.583545386422806e-5
4.55,0.0002180084598251142,1.0299437916459602,5.617974381011415e-5
4.56,0.00020856051323647762,1.029943467719498,5.650367027221215e-5
4.57,0.0001990052224201122,1.0299431643450767,5.680704469357423e-5
4.58,0.00018934644297985415,1.0299428816807108,5.708970905948796e-5
4.59,0.000179588134706421,1.02994261990082,5.735148895036346e-5
4.6,0.0001697342733706364,1.0299423791698512,5.759221991907815e-5
4.61,0.00015978885074474647,1.0299421596423228,5.7811747447455986e-5
4.62,0.00014975587460241968,1.0299419614628593,5.8009926910962406e-5
4.63,0.00013963936871874694,1.0299417847662236,5.8186623546729876e-5
4.64,0.0001294433728844524,1.029941629677343,5.834171242735664e-5
4.65,0.00011917194287036637,1.0299414963113303,5.847507844003452e-5
4.66,0.00010882915043453067,1.0299413847734995,5.8586616270783765e-5
4.67,9.8419083393253e-5,1.0299412951593767,5.867623039357284e-5
4.68,8.794584550742002e-5,1.0299412275547033,5.874383506698777e-5
4.69,7.741355656065707e-5,1.0299411820354376,5.8789354332677846e-5
4.7,6.682635233801193e-5,1.0299411586677478,5.881272202246102e-5
4.71,5.6188384611743913e-5,1.0299411575080015,5.881388176876001e-5
4.72,4.550382119106189e-5,1.0299411786027484,5.879278702192181e-5
4.73,3.7320489049363914e-5,1.0299412219886994,5.874940107086779e-5
4.74,2.983751920027089e-5,1.0299412877616037,5.868362816663364e-5
4.75,2.2324519818539557e-5,1.029941375906019,5.8595483751311406e-5
4.76,1.4784307033721689e-5,1.0299414864333003,5.8484956469984084e-5
4.77,1.5692876914386034e-5,1.0299416193508657,5.835203890458551e-5
4.78,1.93505055747778e-5,1.0299417746576802,5.8196732090065595e-5
4.79,3.024551434549494e-5,1.0299419523442042,5.801904556612669e-5
4.8,4.115410044391865e-5,1.0299421523923311,5.781899743917407e-5
4.81,5.2072164933747445e-5,1.029942374775324,5.759661444626474e-5
4.82,6.299561695044531e-5,1.0299426194577443,5.735193202593969e-5
4.83,7.392037366571458e-5,1.0299428863953775,5.708499439283088e-5
4.84,8.484236033723391e-5,1.0299431755351514,5.679585461892955e-5
4.85,9.575751024470947e-5,1.0299434868150528,5.648457471751911e-5
4.86,0.00010666176473250744,1.0299438201640352,5.615122573510156e-5
4.87,0.00011755107315991609,1.0299441755019256,5.579588784465628e-5
4.88,0.0001284213929935163,1.0299445527393238,5.5418650446448225e-5
4.89,0.000139268689714811,1.0299449517774977,5.5019612272610985e-5
4.9,0.00015008893684154145,1.029945372508275,5.459888149528247e-5
4.91,0.0001608781098738632,1.0299458148163825,5.4156573387809104e-5
4.92,0.00017163214160120788,1.0299462786195366,5.3692770233704223e-5
4.93,0.0001823471001145549,1.0299467637687392,5.320762103111498e-5
4.94,0.00019301897970791515,1.0299472701201648,5.270126960543742e-5
4.95,0.00020364377975568004,1.0299477975239912,5.2173865779048256e-5
4.96,0.00021421750458472388,1.0299483458242724,5.162556549787034e-5
4.97,0.0002247361635951961,1.0299489148588064,5.1056530963933255e-5
4.98,0.000235195771139729,1.0299495044590021,5.0466930768156004e-5
4.99,0.0002455923466868626,1.0299501144497416,4.9856940028680796e-5
5.0,0.0002559219146363034,1.0299507446492413,4.922674052898479e-5
5.01,0.00026618050443971697,1.029951394868907,4.857652086331932e-5
5.02,0.0002763641505794112,1.02995206491319,4.7906476580372725e-5
5.03,0.0002864688925114933,1.0299527545794385,4.721681033181824e-5
5.04,0.000296490774772451,1.0299534636577483,4.6507732021972004e-5
5.05,0.0003064258468583603,1.029954191930808,4.577945896233615e-5
5.06,0.0003162701633243614,1.0299549391737477,4.503221602258911e-5
5.07,0.00032601978374202645,1.029955705153979,4.426623579134592e-5
5.08,0.00033567077267093737,1.0299564896310383,4.3481758732033526e-5
5.09,0.0003452191997084242,1.0299572923564275,4.2679033342762906e-5
5.1,0.00035466076903389876,1.0299581130088031,4.185838096715244e-5
5.11,0.0003639919113709311,1.029958951358485,4.102003128525489e-5
5.12,0.00037320874625379474,1.0299598071355611,4.016425420916292e-5
5.13,0.0003823072689073115,1.0299606800438363,3.929134593394501e-5
5.14,0.00039128350030637193,1.0299615697831257,3.840160664458914e-5
5.15,0.00040013348716883,1.0299624760491082,3.7495340662108134e-5
5.16,0.0004088533019341867,1.0299633985331822,3.657285658809073e-5
5.17,0.0004174390428417496,1.0299643369223195,3.5634467450806895e-5
5.18,0.0004258868338240518,1.0299652908989227,3.4680490847538437e-5
5.19,0.0004341928246347493,1.0299662601406794,3.371124909090639e-5
5.2,0.00044235319072072343,1.0299672443204217,3.2727069348537086e-5
5.21,0.00045036413327892433,1.029968243105984,3.17282837862809e-5
5.22,0.00045822187929189795,1.029969256160061,3.071522970921059e-5
5.23,0.0004659226814638373,1.0299702831400714,2.968824969884487e-5
5.24,0.0004734628182561096,1.029971323698017,2.8647691753258542e-5
5.25,0.000480838593901467,1.0299723774803486,2.7593909421641527e-5
5.26,0.0004880463383329925,1.029973444127831,2.6527261939301994e-5
5.27,0.0004950824072977866,1.02997452327541,2.544811436022698e-5
5.28,0.0005019428527930359,1.0299756144468821,2.4356942888159594e-5
5.29,0.0005086241449490103,1.0299767171770116,2.3254212758727633e-5
5.3,0.0005151231573847781,1.029977831173951,2.2140215819366205e-5
5.31,0.0005214362758749758,1.0299789560079617,2.1015381808542344e-5
5.32,0.0005275599671890063,1.0299800912478443,1.988014192599863e-5
5.33,0.000533490779019985,1.0299812364608532,1.8734928917130134e-5
5.34,0.0005392253400202662,1.0299823912126165,1.7580177153808663e-5
5.35,0.0005447603598227602,1.029983555067059,1.6416322711210185e-5
5.36,0.0005500926289414565,1.0299847275863283,1.5243803441977732e-5
5.37,0.0005552190189348494,1.0299859083307243,1.4063059045943405e-5
5.38,0.000560136482249618,1.029987096858635,1.287453113518744e-5
5.39,0.0005648420523343134,1.0299882927264719,1.1678663298431147e-5
5.4,0.0005693328435327771,1.0299894954886124,1.047590115788033e-5
5.41,0.0005736060512191443,1.0299907046973453,9.266692424958478e-6
5.42,0.0005776589516415243,1.02999191990282,8.051486950266806e-6
5.43,0.0005814889020570035,1.0299931406529996,6.830736770657708e-6
5.44,0.0005850933406605918,1.0299943664936195,5.604896150757099e-6
5.45,0.0005884697865710109,1.0299955969681485,4.374421621822222e-6
5.46,0.000591615784003352,1.0299968315867716,3.1398029987084186e-6
5.47,0.0005945285390538402,1.0299980695358053,1.9018539649806598e-6
5.48,0.0005972064064749816,1.0299993105854313,6.608043390254892e-7
5.49,0.0005996472090714633,1.0300005542144108,5.828246405492621e-7
5.5,0.000601848894987711,1.0300017999032942,1.8285135239271e-6
5.51,0.0006038095376652564,1.0300030471344503,3.0757446800588895e-6
5.52,0.0006055273358711588,1.0300042953921003,4.324002329969545e-6
5.53,0.0006070006137051109,1.0300055441623557,5.572772585393793e-6
5.54,0.000608227820592333,1.03000679293326,6.821543489632376e-6
5.55,0.0006092075312125189,1.0300080411948378,8.069805067512092e-6
5.56,0.0006099384456419443,1.0300092884391434,9.317049373125386e-6
5.57,0.0006104193892468857,1.030010534160319,1.0562770548672162e-5
5.58,0.0006106493126836199,1.0300117778546511,1.1806464880859124e-5
5.59,0.0006106272919979006,1.0300130190206376,1.3047630867291105e-5
5.6,0.0006103525284686384,1.0300142571590531,1.4285769282862404e-5
5.61,0.0006098243487500099,1.0300154917730235,1.5520383253253556e-5
5.62,0.0006090422047932975,1.0300167223681005,1.6750978330204447e-5
5.63,0.0006080056738895223,1.0300179484523415,1.797706257122833e-5
5.64,0.0006067144586339168,1.0300191695363967,1.9198146626431267e-5
5.65,0.0006051683277163988,1.030020384835131,2.0413445360745186e-5
5.66,0.000603367018300105,1.0300215939368218,2.1622547051514118e-5
5.67,0.0006013106223221598,1.0300227963885675,2.2824998797243978e-5
5.68,0.000598999371931086,1.030023991659674,2.402026990377948e-5
5.69,0.0005964336200037224,1.0300251792243846,2.5207834614349167e-5
5.7,0.0005936138401736457,1.0300263585620233,2.638717225300624e-5
5.71,0.0005905406268382762,1.0300275291571463,2.755776737606297e-5
5.72,0.000587214695151772,1.030028690499691,2.871910992063853e-5
5.73,0.0005836368809895021,1.0300298420851297,2.9870695359424104e-5
5.74,0.0005798081410404166,1.030030983414624,3.1012024853671605e-5
5.75,0.0005757295527004658,1.030032113995181,3.2142605410623304e-5
5.76,0.0005714023141436542,1.0300332333398134,3.32619500431619e-5
5.77,0.0005668277442723024,1.0300343409676977,3.43695779274622e-5
5.78,0.0005620072828165235,1.0300354364043358,3.546501456552775e-5
5.79,0.0005569424901565867,1.0300365191817185,3.654779194817159e-5
5.8,0.0005516350475076592,1.0300375888384876,3.761744871733086e-5
5.81,0.0005460867567990135,1.0300386449201013,3.8673530331045924e-5
5.82,0.0005402995407450817,1.0300396869790003,3.971558922999385e-5
5.83,0.0005342754428099283,1.030040714574772,4.074318500180141e-5
5.84,0.0005280166271788289,1.0300417272743199,4.1755884549576905e-5
5.85,0.0005215253788435348,1.0300427246520283,4.275326225799958e-5
5.86,0.0005148042316847068,1.030043706098752,4.3734708981668646e-5
5.87,0.0005078554197197604,1.0300446710651814,4.469967541109732e-5
5.88,0.0005006813585737291,1.030045619283496,4.564789372563105e-5
5.89,0.0004932847952616726,1.0300465503270342,4.657893726389695e-5
5.9,0.0004856685587952825,1.030047463776316,4.7492386545666676e-5
5.91,0.0004778355601828821,1.03004835921923,4.838782945970621e-5
5.92,0.00046978879254311323,1.0300492362512177,4.9264861447406716e-5
5.93,0.00046153133101967114,1.0300500944754551,5.0123085684861124e-5
5.94,0.0004530663327813045,1.0300509335030321,5.096211326183209e-5
5.95,0.0004443970370644479,1.0300517529531283,5.1781563358055394e-5
5.96,0.00043552676511637856,1.0300525524531865,5.2581063416212714e-5
5.97,0.0004264589202662705,1.0300533316390832,5.336024931290595e-5
5.98,0.00041719698787545667,1.0300540901552944,5.411876552408046e-5
5.99,0.000407744535309007,1.0300548276550603,5.48562652900042e-5
6.0,0.0003981052120494155,1.030055543800544,5.557241077380759e-5
6.01,0.0003882827495260699,1.0300562382629883,5.6266873218024926e-5
6.02,0.0003782809613142035,1.0300569107228665,5.693933309625088e-5
6.03,0.0003681037429643652,1.0300575608700324,5.75894802621324e-5
6.04,0.00035775552323968896,1.0300581883515112,5.821696174090896e-5
6.05,0.0003472398466257687,1.0300587928732,5.882148342961635e-5
6.06,0.00033656083415678495,1.0300593741551078,5.9402765337557284e-5
6.07,0.0003257227264796825,1.0300599319216808,5.996053191048567e-5
6.08,0.00031472981478231077,1.0300604659058334,6.04945160631587e-5
6.09,0.0003035864408644784,1.0300609758490764,6.1004459306124303e-5
6.1,0.00029229699710242585,1.0300614615016324,6.149011186207254e-5
6.11,0.0002808659264843527,1.0300619226225511,6.195123278085468e-5
6.12,0.0002692977225322579,1.0300623589798141,6.23875900438442e-5
6.13,0.0002575969294156266,1.0300627703504348,6.279896066452295e-5
6.14,0.00024576814182353246,1.0300631565205511,6.318513078085175e-5
6.15,0.00023381600508542988,1.0300635172855108,6.354589574053549e-5
6.16,0.0002217452151000998,1.0300638524499515,6.388106018118123e-5
6.17,0.00020956051832143885,1.0300641618278727,6.419043810246272e-5
6.18,0.00019726671184372435,1.0300644452427001,6.44738529298472e-5
6.19,0.0001848686433092439,1.0300647025273446,6.473113757432536e-5
6.2,0.0001723712109509279,1.0300649335242518,6.496213448148325e-5
6.21,0.00015977936359234945,1.0300651380854478,6.516669567746547e-5
6.22,0.00014709852861471973,1.030065316140019,6.534475024877473e-5
6.23,0.00013433333045043128,1.0300654675245897,6.549613481943162e-5
6.24,0.00012148881509688181,1.030065592119143,6.562072937277286e-5
6.25,0.000108570161629018,1.030065689828077,6.571843830660562e-5
6.26,9.558257118413849e-5,1.0300657605659513,6.578917618105251e-5
6.27,8.253126697610469e-5,1.0300658042574833,6.583286771300045e-5
6.28,6.942149426691913e-5,1.0300658208375382,6.584944776788504e-5
6.29,5.62585204164634e-5,1.03006581025111,6.583886133970651e-5
6.3,4.595162870657532e-5,1.0300657724532964,6.580106352616077e-5
6.31,3.671095187485207e-5,1.0300657074092638,6.573601949355634e-5
6.32,2.7437683819186987e-5,1.0300656150942056,6.5643704435292e-5
6.33,1.81355832751251e-5,1.030065495493292,6.55241035216747e-5
6.34,1.8976891666966367e-5,1.0300653486016136,6.537721184329826e-5
6.35,2.35387950269228e-5,1.0300651744241154,6.5203034345096e-5
6.36,3.6924837594654036e-5,1.0300649729755238,6.500158575351023e-5
6.37,5.032114811598376e-5,1.0300647442802662,6.477289049588997e-5
6.38,6.372226064854658e-5,1.0300644883723833,6.451698261300542e-5
6.39,7.712268716630888e-5,1.0300642052954339,6.423390566356879e-5
6.4,9.051691757377966e-5,1.0300638951023902,6.392371261987329e-5
6.41,0.00010389914771735675,1.0300635579761201,6.358658634986192e-5
6.42,0.00011726431625902478,1.030063193930388,6.322254061763566e-5
6.43,0.00013060686212185146,1.030062803050029,6.283166025866649e-5
6.44,0.00014392121197204233,1.0300623854395377,6.241404976736753e-5
6.45,0.00015720181077938378,1.0300619412154948,6.196982572448384e-5
6.46,0.00017044312193092992,1.030061470506426,6.149911665565e-5
6.47,0.00018363962713863202,1.0300609734526573,6.1002062887061115e-5
6.48,0.00019678582649618193,1.0300604502061625,6.047881639226205e-5
6.49,0.00020987623842216863,1.0300599009304061,5.9929540635828005e-5
6.5,0.00022290539973113255,1.0300593258001802,5.935441040993972e-5
6.51,0.0002358678655980384,1.0300587250014366,5.875361166629567e-5
6.52,0.00024875820953695893,1.0300580987311125,5.812734134225117e-5
6.53,0.00026157102342239114,1.030057447196954,5.747580718362677e-5
6.54,0.0002743009175034672,1.0300567706173291,5.679922755885691e-5
6.55,0.00028694252038974355,1.0300560692210436,5.6097831273360654e-5
6.56,0.0002994904790298847,1.0300553432471447,5.537185737436445e-5
6.57,0.0003119394587685065,1.0300545929447262,5.4621554955947005e-5
6.58,0.000324284143275122,1.0300538185727266,5.384718295631252e-5
6.59,0.0003365192346009849,1.0300530203997238,5.3049009953509696e-5
6.6,0.0003486394602703058,1.0300521987024547,5.222731268439418e-5
6.61,0.00036063989848855726,1.0300513537488798,5.138235910950861e-5
6.62,0.000372515398801454,1.0300504858559727,5.051446620241151e-5
6.63,0.0003842608480439935,1.0300495953176492,4.962392787888348e-5
6.64,0.00039587119852058095,1.030048682440312,4.8711050541605516e-5
6.65,0.00040734146795529114,1.0300477475426493,4.777615287898662e-5
6.66,0.00041866673952739575,1.030046790955435,4.68195656646575e-5
6.67,0.0004298421618571524,1.030045813021326,4.5841631555632034e-5
6.68,0.0004408629490129101,1.0300448140946576,4.4842704887360085e-5
6.69,0.000451724380489793,1.030043794541242,4.382315147166693e-5
6.7,0.00046242180121680576,1.0300427547381625,4.2783348392250176e-5
6.71,0.00047295062158525525,1.0300416950735705,4.172368380017666e-5
6.72,0.0004833063174345398,1.0300406159464803,4.064455671004552e-5
6.73,0.0004934844300095165,1.0300395177665655,3.954637679526307e-5
6.74,0.0005034805660244501,1.0300384009539572,3.842956418687038e-5
6.75,0.0005132903976274861,1.0300372659390373,3.729454926704179e-5
6.76,0.0005229096623935447,1.0300361131622404,3.614177247013295e-5
6.77,0.0005323341633811651,1.0300349430738516,3.497168408128637e-5
6.78,0.0005415597690330287,1.0300337561338053,3.378474403503695e-5
6.79,0.0005505824132754356,1.030032552811489,3.258142171880252e-5
6.8,0.0005593982207372505,1.030031333538266,3.1362148495750475e-5
6.81,0.0005680039751041477,1.030030098544633,3.0127154862613637e-5
6.82,0.0005763954536206484,1.0300288484835725,2.887709380217096e-5
6.83,0.0005845690530676961,1.0300275838119857,2.7612422215383958e-5
6.84,0.0005925212642594602,1.030026304996426,2.6333606655715158e-5
6.85,0.0006002486719509648,1.0300250125129613,2.5041123191016368e-5
6.86,0.0006077479549588816,1.03002370684704,2.3735457269635774e-5
6.87,0.0006150158860904753,1.03002238849336,2.241710358963367e-5
6.88,0.0006220493321364984,1.0300210579557427,2.1086565972439075e-5
6.89,0.0006288452538925071,1.0300197157470123,1.9744357242057475e-5
6.9,0.0006354007061872835,1.0300183623888777,1.8390999107387174e-5
6.91,0.0006417128378259918,1.0300169984118195,1.7027022049198592e-5
6.92,0.0006477788916399163,1.0300156243549847,1.565296521444104e-5
6.93,0.0006535962044296184,1.0300142407660815,1.4269376311215609e-5
6.94,0.0006591622070359904,1.0300128482012822,1.2876811511963737e-5
6.95,0.0006644744242692013,1.030011447225132,1.1475835361762776e-5
6.96,0.0006695304749868569,1.0300100384104582,1.0067020687953843e-5
6.97,0.0006743280720016287,1.0300086223382925,8.65094852220416e-6
6.98,0.0006788650221594139,1.0300071995977906,7.2282080203489585e-6
6.99,0.0006831392263038083,1.030005770786164,5.799396393779688e-6
7.0,0.0006871489332027636,1.030004336362545,4.364972774784093e-6
7.01,0.0006908928106597045,1.030002896559154,2.9251693836052084e-6
7.02,0.0006943686342282263,1.0300014522218564,1.480832086064865e-6
7.03,0.0006975748531132808,1.030000003901638,3.2511867642526227e-8
7.04,0.0007005100137504883,1.0299985521536934,1.4192360768827683e-6
7.05,0.0007031727597208715,1.02999709753745,2.8738523203397648e-6
7.06,0.0007055618318574375,1.0299956406165938,4.330773176519642e-6
7.07,0.0007076760681883343,1.0299941819591043,5.789430665981143e-6
7.08,0.0007095144039510615,1.029992722137294,7.249252476304591e-6
7.09,0.0007110758715853649,1.0299912617278544,8.709661915906608e-6
7.1,0.0007123596007261312,1.0299898013119089,1.017007786141555e-5
7.11,0.0007133648182602315,1.0299883414750688,1.1629914701494215e-5
7.12,0.0007140908482199393,1.0299868828075,1.3088582270226468e-5
7.13,0.0007145371118824073,1.0299854259039913,1.454548577894954e-5
7.14,0.0007147031277412452,1.0299839713640297,1.6000025740536827e-5
7.15,0.000714588511442571,1.0299825197918833,1.7451597887019332e-5
7.16,0.0007141929759129084,1.0299810717966889,1.8899593081433963e-5
7.17,0.0007135163312241843,1.0299796279925437,2.0343397226563198e-5
7.18,0.0007125584846932043,1.0299781889986057,2.1782391164570925e-5
7.19,0.0007113194408248091,1.0299767554391983,2.321595057197534e-5
7.2,0.0007097994861808843,1.0299753277187689,2.464367100141196e-5
7.21,0.0007079990822731475,1.029973906141429,2.606524834125601e-5
7.22,0.0007059183805893099,1.0299724915307507,2.7479859019630126e-5
7.23,0.0007035578421010769,1.0299710844521388,2.8886937631478204e-5
7.24,0.0007009180194614828,1.0299696854684595,3.0285921310824193e-5
7.25,0.0006979995570262076,1.0299682951402278,3.1676249542478274e-5
7.26,0.0006948031907896279,1.0299669140257992,3.30573639710785e-5
7.27,0.0006913297484274494,1.0299655426815642,3.442870820613564e-5
7.28,0.0006875801493038125,1.0299641816621476,3.57897276226371e-5
7.29,0.0006835554044215542,1.0299628315206089,3.713986916142886e-5
7.3,0.0006792566165145786,1.0299614928086467,3.847858112360214e-5
7.31,0.0006746849799270649,1.0299601660768065,3.980531296376988e-5
7.32,0.0006698417807058377,1.0299588518746892,4.111951508112277e-5
7.33,0.0006647283965861561,1.029957550751164,4.2420638606266436e-5
7.34,0.0006593462969419761,1.0299562632545816,4.370813518872474e-5
7.35,0.0006536970428641098,1.029954989932992,4.498145677822585e-5
7.36,0.0006477822870607497,1.029953731334361,4.624005540931897e-5
7.37,0.0006416037739569447,1.02995248800679,4.7483382980217925e-5
7.38,0.0006351633396448619,1.0299512604987382,4.871089103208881e-5
7.39,0.0006284629118695761,1.0299500493592444,4.992203052589517e-5
7.4,0.0006215045100645966,1.0299488551381502,5.1116251620131337e-5
7.41,0.000614290114697269,1.0299476779066639,5.229348310642479e-5
7.42,0.0006068221771258209,1.0299465183844458,5.345300532444419e-5
7.43,0.0005991029711225337,1.0299453770994598,5.459429031051677e-5
7.44,0.0005911348436669073,1.0299442545410908,5.571684867944349e-5
7.45,0.0005829202322189531,1.0299431511910413,5.682019872899069e-5
7.46,0.0005744616646055078,1.0299420675235829,5.790386618742538e-5
7.47,0.0005657617590699715,1.0299410040058044,5.896738396593548e-5
7.48,0.0005568232243007287,1.029939961097856,6.001029191438079e-5
7.49,0.0005476488593600948,1.0299389392531937,6.103213657659978e-5
7.5,0.0005382415537482643,1.0299379389188172,6.203247095304398e-5
7.51,0.0005286042873677843,1.0299369605355064,6.301085426385633e-5
7.52,0.0005187401305519757,1.0299360045380537,6.396685171661254e-5
7.53,0.0005086522440223007,1.0299350713554931,6.490003427717106e-5
7.54,0.0004983438789309957,1.029934161411325,6.580997844518599e-5
7.55,0.0004878183768397548,1.0299332751237362,6.669626603406087e-5
7.56,0.0004770791697126242,1.0299324129058165,6.755848395378905e-5
7.57,0.00046612973540050007,1.0299315751617462,6.83962280241257e-5
7.58,0.0004549732669261175,1.0299307622078708,6.920918189945446e-5
7.59,0.00044361377432977633,1.0299299744304975,6.999695927278893e-5
7.6,0.0004320549635181692,1.02992921221113,7.075917864018955e-5
7.61,0.0004203006220038219,1.0299284759194545,7.149547031581882e-5
7.62,0.0004083546188482501,1.0299277659135317,7.220547623854046e-5
7.63,0.00039622090467617,1.0299270825399853,7.28888497849578e-5
7.64,0.00038390351170392023,1.029926426134177,7.354525559333247e-5
7.65,0.00037140655366840747,1.0299257970203786,7.417436939172184e-5
7.66,0.00035873422590526616,1.029925195511934,7.477587783633055e-5
7.67,0.0003458908053204368,1.0299246219114124,7.534947835785566e-5
7.68,0.00033288065037595516,1.029924076510755,7.589487901538128e-5
7.69,0.0003197082010828467,1.0299235595914102,7.641179836004319e-5
7.7,0.00030637797905797015,1.0299230714244634,7.689996530690912e-5
7.71,0.0002928945874458577,1.0299226122707563,7.735911901396442e-5
7.72,0.000279262710982664,1.0299221823809954,7.77890087748645e-5
7.73,0.0002654871159393224,1.0299217819958562,7.818939391412982e-5
7.74,0.0002515725477394426,1.0299214113686832,7.856002108708182e-5
7.75,0.00023752359781781252,1.0299210707545159,7.89006352543975e-5
7.76,0.00022334542265411983,1.02992076030744,7.921108233022167e-5
7.77,0.00020904302756719062,1.029920480239416,7.949115035432719e-5
7.78,0.00019462147778881445,1.029920230749016,7.974064075422227e-5
7.79,0.00018008589844242806,1.0299200120214698,7.995936830051953e-5
7.8,0.00016544147459995884,1.0299198242286915,8.014716107873632e-5
7.81,0.00015069345116813793,1.0299196675293052,8.030386046509186e-5
7.82,0.0001358471330590305,1.029919542068651,8.042932111917978e-5
7.83,0.00012090788503371641,1.0299194479787872,8.052341098307991e-5
7.84,0.0001058811317591335,1.0299193853784758,8.058601129445897e-5
7.85,9.077235782939397e-5,1.0299193543731613,8.0617016608997e-5
7.86,7.55871077728898e-5,1.0299193550549368,8.061633483347208e-5
7.87,6.0517574247853645e-5,1.0299193875025003,8.058388726994714e-5
7.88,4.985163880633081e-5,1.0299194517810972,8.051960867305752e-5
7.89,3.9137198108107896e-5,1.0299195479424563,8.042344731395978e-5
7.9,2.8378255635175265e-5,1.0299196760247114,8.029536505893553e-5
7.91,1.8866900809655363e-5,1.0299198361085664,8.01352812038747e-5
7.92,2.355556049593588e-5,1.0299200282589234,7.994313084691562e-5
7.93,3.237372848730047e-5,1.029920252423274,7.97189664962783e-5
7.94,4.7965159033935834e-5,1.0299205086009777,7.946278879256141e-5
7.95,6.358099776804238e-5,1.0299207967793365,7.917461043382978e-5
7.96,7.921522706055839e-5,1.029921116933453,7.885445631727883e-5
7.97,9.486180814377576e-5,1.029921469026082,7.85023636882265e-5
7.98,0.00011051468108291829,1.0299218530074674,7.811838230287194e-5
7.99,0.00012616776502483162,1.029922268815173,7.770257459727148e-5
8.0,0.00014181495788534448,1.0299227163739018,7.725501586852701e-5
8.01,0.00015745013655532603,1.0299231955953068,7.67757944635239e-5
8.02,0.000173067156836737,1.0299237063777904,7.626501197988134e-5
8.03,0.0001886598534142081,1.0299242486062978,7.572278347245387e-5
8.04,0.00020422203991898868,1.0299248221520965,7.514923767382164e-5
8.05,0.00021974750889341976,1.0299254268725524,7.454451721788935e-5
8.06,0.00023523003173409052,1.029926062610894,7.390877887636371e-5
8.07,0.000250663358869474,1.0299267291959664,7.324219380389074e-5
8.08,0.0002660412194970263,1.0299274264419827,7.254494778763387e-5
8.09,0.00028135721443334205,1.029928154153679,7.181723609117618e-5
8.1,0.0002966049753680977,1.02992891216707,7.105922270023157e-5
8.11,0.0003117786822741664,1.029929700247407,7.027114236324294e-5
8.12,0.0003268719544919918,1.0299305181444132,6.945324535712061e-5
8.13,0.0003418784406363784,1.029931365599807,6.860578996326083e-5
8.14,0.00035679181851833164,1.029932242347021,6.772904274932046e-5
8.15,0.0003716057951734797,1.0299331481109217,6.6823278848549e-5
8.16,0.0003863141068478626,1.0299340826075196,6.588878225066708e-5
8.17,0.000400910519026354,1.0299350455436753,6.492584609496532e-5
8.18,0.00041538882634739593,1.0299360366168024,6.393477296784411e-5
8.19,0.00042974285275931834,1.0299370555145668,6.291587520346198e-5
8.2,0.0004439664513640196,1.0299381019145788,6.186947519148944e-5
8.21,0.00045805350448802074,1.0299391754840852,6.079590568508486e-5
8.22,0.00047199792368957105,1.0299402758796556,5.969551011464347e-5
8.23,0.00048579364974443706,1.0299414027468674,5.8568642902878665e-5
8.24,0.000499434652653008,1.029942555719986,5.74156697843442e-5
8.25,0.0005129149315834525,1.0299437344216449,5.6236968125400466e-5
8.26,0.0005262285149854051,1.0299449384625217,5.503292724862163e-5
8.27,0.0005393694604975963,1.029946167441014,5.380394875631467e-5
8.28,0.0005523309054566994,1.0299474206922576,5.2550697512643296e-5
8.29,0.0005651080841531098,1.0299486979890367,5.127340073363129e-5
8.3,0.0005776950276796811,1.0299499988457679,4.9972544002407915e-5
8.31,0.0005900858405212261,1.0299513227721475,4.864861762277073e-5
8.32,0.0006022747091805059,1.0299526692748022,4.7302114968061915e-5
8.33,0.0006142559021569127,1.02995403785701,4.593353276027834e-5
8.34,0.0006260237699677873,1.0299554280184215,4.454337134873754e-5
8.35,0.0006375727451697344,1.029956839254786,4.3132134984302795e-5
8.36,0.0006488973422875688,1.0299582710576773,4.1700332092942105e-5
8.37,0.0006599921578853696,1.0299597229142248,4.024847554551236e-5
8.38,0.0006708518705167421,1.0299611943068465,3.87770829237688e-5
8.39,0.0006814712407603452,1.029962684712986,3.728667678437603e-5
8.4,0.0006918451112269963,1.0299641936048531,3.5777784917145894e-5
8.41,0.0007019684065099341,1.029965720449169,3.425094060127698e-5
8.42,0.0007118361331990286,1.0299672647069136,3.270668285670908e-5
8.43,0.0007214433799305198,1.0299688258330801,3.1145556690148624e-5
8.44,0.0007307853173443846,1.0299704032764327,2.956811333754139e-5
8.45,0.0007398571980772317,1.0299719964792706,2.797491049966183e-5
8.46,0.0007486533671681173,1.0299736044241057,2.6366965664603725e-5
8.47,0.0007571699274393495,1.0299752266915405,2.4744698229772766e-5
8.48,0.000765402502409529,1.029976862728165,2.3108661605375502e-5
8.49,0.0007733465438306553,1.0299785118646145,2.1459525155753667e-5
8.5,0.0007809976337611602,1.0299801734332803,1.979795648998639e-5
8.51,0.0007883514845161699,1.0299818467681834,1.8124621586901313e-5
8.52,0.0007954039385822398,1.0299835312048553,1.6440184914978673e-5
8.53,0.0008021509687310413,1.0299852260802294,1.4745309540931117e-5
8.54,0.0008085886779838347,1.029986930732537,1.304065723317649e-5
8.55,0.0008147132995830475,1.0299886445012145,1.1326888555762693e-5
8.56,0.0008205211970562232,1.0299903667268175,9.604662952744647e-6
8.57,0.0008260088641236507,1.0299920967509422,7.87463882812034e-6
8.58,0.0008311729247907351,1.029993833916157,6.137473613332389e-6
8.59,0.000836010133291154,1.029995577565942,4.393823828330312e-6
8.6,0.0008405173740726468,1.029997327044636,2.644345134195092e-6
8.61,0.0008446916618964906,1.0299990816973958,8.896923744394769e-7
8.62,0.0008485301417096025,1.0300008408701586,8.694803883546598e-7
8.63,0.0008520300887226995,1.0300026039096202,2.632519849887771e-6
8.64,0.0008551883261134208,1.030004369736148,4.398346377776363e-6
8.65,0.0008580023683393279,1.0300061375522633,6.166162493048688e-6
8.66,0.000860470184903761,1.0300079068826025,7.935492832178426e-6
8.67,0.0008625894612634966,1.0300096769660105,9.705576240248703e-6
8.68,0.0008643580467619927,1.0300114470465784,1.147565680814644e-5
8.69,0.0008657739546080734,1.0300132163737565,1.3244983986249181e-5
8.7,0.0008668353618759284,1.0300149842024768,1.5012812706549639e-5
8.71,0.000867540609505113,1.0300167497932837,1.6778403513439955e-5
8.72,0.0008678882022934431,1.0300185124124726,1.854102270226754e-5
8.73,0.0008678768088969946,1.0300202713322393,2.0299942468993137e-5
8.74,0.0008675052618372092,1.0300220258308346,2.2054441064289776e-5
8.75,0.000866772557543527,1.0300237751927284,2.3803802958077824e-5
8.76,0.000865677856232594,1.030025518708781,2.554731901072138e-5
8.77,0.0008642204820574761,1.030027255676424,2.7284286653772583e-5
8.78,0.0008623999230081836,1.030028985399846,2.9014010075822938e-5
8.79,0.0008602158309116703,1.0300307071901893,3.0735800419012804e-5
8.8,0.0008576680214957833,1.030032420365751,3.244897598064789e-5
8.81,0.0008547564743466296,1.030034124252193,3.415286242280935e-5
8.82,0.00085148126795076,1.0300358179519096,3.584656213928561e-5
8.83,0.0008478424270563778,1.0300375003851086,3.752899533826515e-5
8.84,0.0008438404205222128,1.0300391711700365,3.919978026623028e-5
8.85,0.000839475862449035,1.0300408295593761,4.085816960586186e-5
8.86,0.0008347495361604729,1.0300424748129917,4.2503423221429415e-5
8.87,0.0008296623941816961,1.030044106198258,4.413480848763918e-5
8.88,0.0008242155582323107,1.0300457229903917,4.575160062136874e-5
8.89,0.0008184103192334646,1.0300473244727857,4.735308301540009e-5
8.9,0.0008122481373504797,1.0300489099373484,4.893854757814786e-5
8.91,0.0008057306419075871,1.0300504786848437,5.050729507338758e-5
8.92,0.0007988596315016139,1.0300520300252327,5.2058635462426395e-5
8.93,0.0007916370738740852,1.0300535632780201,5.3591888249826525e-5
8.94,0.0007840651059893844,1.030055077772599,5.510638282868463e-5
8.95,0.0007761460340347526,1.030056572848599,5.6601458828797746e-5
8.96,0.0007678823333776563,1.0300580478562356,5.807646646527331e-5
8.97,0.0007592766486368419,1.0300595021566572,5.9530766886917164e-5
8.98,0.0007503317935899645,1.030060935122297,6.096373252661991e-5
8.99,0.0007410507512730646,1.0300623461372214,6.237474745107718e-5
9.0,0.0007314366738668809,1.0300637345974806,6.376320771028787e-5
9.01,0.0007214928828176426,1.0300650999114556,6.512852168527594e-5
9.02,0.0007112228687304878,1.030066441500208,6.64701104378107e-5
9.03,0.0007006302914547291,1.0300677587978277,6.778740805746253e-5
9.04,0.0006897193719197503,1.0300690506230405,6.907923327026388e-5
9.05,0.0006784934032779688,1.0300703166065208,7.034521675053362e-5
9.06,0.0006669564880397161,1.0300715562838847,7.158489411440705e-5
9.07,0.0006551130024163854,1.030072769080265,7.279769049461926e-5
9.08,0.0006429674529968565,1.030073954431143,7.398304137273826e-5
9.09,0.0006305244765627549,1.030075111782716,7.514039294576058e-5
9.1,0.0006177888403087195,1.0300762405922512,7.62692024809386e-5
9.11,0.0006047654416292403,1.0300773403284396,7.736893866927552e-5
9.12,0.0005914593083389263,1.0300784104717389,7.843908196858429e-5
9.13,0.0005778755984806594,1.0300794505147088,7.947912493855291e-5
9.14,0.0005640196004392806,1.03008045996234,8.048857256981456e-5
9.15,0.0005498967328918525,1.0300814383323738,8.146694260346976e-5
9.16,0.0005355125448502918,1.0300823851556118,8.241376584150473e-5
9.17,0.0005208727156258419,1.0300832999762197,8.332858644943819e-5
9.18,0.0005059830548006516,1.0300841823520204,8.42109622500864e-5
9.19,0.0004908495022917236,1.0300850318547754,8.506046500511566e-5
9.2,0.00047547886555321384,1.0300858480368504,8.587664708015197e-5
9.21,0.0004598767291099648,1.0300866304647067,8.665907493643488e-5
9.22,0.00044404935725594896,1.0300873787571134,8.74073673431397e-5
9.23,0.0004280033245862569,1.030088092542897,8.812115312673008e-5
9.24,0.00041174528592335946,1.0300887714631584,8.880007338807339e-5
9.25,0.00039528197632421325,1.0300894151715008,8.944378173048051e-5
9.26,0.000378620211137104,1.0300900233342432,9.005194447286868e-5
9.27,0.0003617668858879597,1.0300905956306203,9.062424085004572e-5
9.28,0.00034472897640114297,1.030091131752969,9.11603631987834e-5
9.29,0.000327513538699975,1.0300916314069006,9.16600171303461e-5
9.3,0.00031012770909910614,1.0300920943114582,9.212292168792047e-5
9.31,0.0002925787040979344,1.030092520199261,9.25488094907223e-5
9.32,0.000274873820487187,1.0300929088166324,9.293742686211637e-5
9.33,0.0002570204352849714,1.0300932599237151,9.328853394485748e-5
9.34,0.0002390260057225646,1.0300935732945706,9.360190480034447e-5
9.35,0.00022089806931546718,1.0300938487172626,9.387732749233102e-5
9.36,0.00020264435330119568,1.0300940860108494,9.411462107911106e-5
9.37,0.00018427309393587166,1.0300942851098243,9.431372005397343e-5
9.38,0.00016579128831750722,1.0300944457581773,9.447436840703816e-5
9.39,0.00014720686168345765,1.0300945678287559,9.459643898557246e-5
9.4,0.00012852775658700466,1.0300946512091882,9.467981941790882e-5
9.41,0.000109761933138941,1.030094695801874,9.472441210367499e-5
9.42,9.091736875888046e-5,1.0300947015239594,9.473013418914711e-5
9.43,7.273393354978452e-5,1.030094668307294,9.469691752372889e-5
9.44,5.951872110898648e-5,1.030094596098376,9.462470860577277e-5
9.45,4.625598204199832e-5,1.0300944848582754,9.451346850508635e-5
9.46,3.295130739644492e-5,1.0300943345625477,9.436317277744521e-5
9.47,2.3816440013035844e-5,1.0300941452011279,9.417381135756742e-5
9.48,2.9593242715009183e-5,1.0300939167782086,9.394538843832123e-5
9.49,4.2525558086481396e-5,1.0300936493121051,9.367792233483385e-5
9.5,6.17107685911833e-5,1.030093342835102,9.33714453317247e-5
9.51,8.09021382721653e-5,1.0300929973932869,9.302600351657198e-5
9.52,0.00010009151530709914,1.0300926130463668,9.264165659650381e-5
9.53,0.00011927054597293818,1.030092189950714,9.221856094376868e-5
9.54,0.00013843120308365542,1.0300917282594182,9.175686964790764e-5
9.55,0.00015756555339407896,1.030091228014557,9.12566247868174e-5
9.56,0.0001766654190475947,1.0300906893541681,9.071796439785729e-5
9.57,0.00019572266476330924,1.0300901124339321,9.014104416182889e-5
9.58,0.00021472919785736622,1.0300894974269101,8.952603713985319e-5
9.59,0.00023367696825715711,1.03008884452327,8.887313349981163e-5
9.6,0.00025255796844447786,1.0300881539299986,8.818254022835426e-5
9.61,0.0002713642335265831,1.0300874258706,8.745448082980722e-5
9.62,0.0002900878412006591,1.030086660584788,8.668919501775285e-5
9.63,0.0003087209117396128,1.0300858583281594,8.588693838906813e-5
9.64,0.000327255608027599,1.0300850193718616,8.504798209130193e-5
9.65,0.00034568413551738786,1.0300841440022481,8.417261247783969e-5
9.66,0.00036399874228010276,1.0300832325205203,8.326113074996755e-5
9.67,0.00038219171895548243,1.0300822852423628,8.231385259249713e-5
9.68,0.00040025539880161887,1.030081302497568,8.133110779762198e-5
9.69,0.0004181821576523248,1.0300802846296473,8.031323987700567e-5
9.7,0.00043596441393845,1.0300792319954406,7.926060567031712e-5
9.71,0.00045359462866656486,1.0300781449647078,7.817357493755672e-5
9.72,0.00047106602080759785,1.030077023875247,7.705248547673627e-5
9.73,0.0004883708065719361,1.0300758691655754,7.589777580507828e-5
9.74,0.0005055017744908241,1.0300746812381463,7.470984837598671e-5
9.75,0.0005224518210411588,1.0300734605114195,7.348912164917287e-5
9.76,0.0005392139213498126,1.0300722074218023,7.223603203199147e-5
9.77,0.0005557811292504766,1.0300709224232392,7.09510334688801e-5
9.78,0.0005721465772836609,1.0300696059867973,6.963459702702401e-5
9.79,0.0005883034766540618,1.0300682586002499,6.828721047957842e-5
9.8,0.0006042451172945107,1.0300668807676547,6.690937788444984e-5
9.81,0.0006199648677949199,1.03006547300893,6.550161915974684e-5
9.82,0.0006354561754875476,1.03006403585943,6.406446965967483e-5
9.83,0.0006507125663333113,1.0300625698695172,6.259847974687816e-5
9.84,0.0006657276450567906,1.030061075604132,6.110421436167357e-5
9.85,0.0006804950950041189,1.0300595536423658,5.958225259550254e-5
9.86,0.0006950095031896808,1.0300580044054615,5.8033015691183465e-5
9.87,0.000709264403326415,1.0300564285542184,5.6457164448131536e-5
9.88,0.0007232539243915426,1.0300548266646459,5.485527487558706e-5
9.89,0.0007369723605350487,1.03005319931847,5.3227928699772775e-5
9.9,0.0007504141121685848,1.0300515471148266,5.157572505631869e-5
9.91,0.0007635736859299413,1.03004987066989,4.98992801196696e-5
9.92,0.0007764456947114695,1.0300481706165114,4.81992267411524e-5
9.93,0.0007890248576458703,1.0300464476038556,4.647621408526703e-5
9.94,0.0008013060001132999,1.0300447022970456,4.4730907275303267e-5
9.95,0.0008132840537200536,1.0300429353768121,4.296398704184412e-5
9.96,0.0008249540563269875,1.0300411475391476,4.117614937726444e-5
9.97,0.0008363111520424127,1.0300393394949663,3.9368105196002645e-5
9.98,0.0008473505912220958,1.030037511969772,3.7540580001715895e-5
9.99,0.0008580677304479423,1.03003566570333,3.569431355976427e-5
10.0,0.000868458398365135,1.0300338013148864,3.3829925116135584e-5
10.01,0.0008785186627591202,1.0300319193544676,3.194796469729866e-5
10.02,0.0008882439512518658,1.030030020680545,3.0049290774769588e-5
10.03,0.0008976303274295105,1.0300281059917356,2.8134601965268402e-5
10.04,0.000906673975990202,1.0300261760013327,2.620461156244147e-5
10.05,0.0009153712027156757,1.0300242314371044,2.4260047334134782e-5
10.06,0.0009237184344925709,1.0300222730410973,2.2301651326994687e-5
10.07,0.0009317122193479577,1.0300203015694533,2.0330179683059058e-5
10.08,0.0009393492263711778,1.0300183177922366,1.834640246634045e-5
10.09,0.0009466262457991093,1.0300163224932681,1.6351103497846964e-5
10.1,0.0009535401889380068,1.0300143164699778,1.4345080207478489e-5
10.11,0.0009600880882345564,1.0300123005332593,1.232914348903158e-5
10.12,0.0009662670972190313,1.0300102755073433,1.0304117572967897e-5
10.13,0.000972074490547925,1.0300082422296781,8.270839907842387e-6
10.14,0.0009775076639542135,1.0300062015508225,6.23016105216756e-6
10.15,0.000982564888929005,1.030004153898961,4.18250919076435e-6
10.16,0.0009872436240883076,1.0300021002150188,2.1288252485263115e-6
10.17,0.0009915417490375944,1.030000041326278,6.993650769615556e-8
10.18,0.0009954573830981417,1.029997978009198,1.9933805723848508e-6
10.19,0.0009989887746471027,1.0299959110495438,4.060340226486048e-6
10.2,0.0010021343011814565,1.029993841242437,6.1301473333053025e-6
10.21,0.0010048924692398487,1.0299917693924183,8.201997351964252e-6
10.22,0.0010072619144523287,1.0299896963135247,1.0275076245624959e-5
10.23,0.0010092414015403506,1.0299876228293754,1.2348560394892516e-5
10.24,0.0010108298242812452,1.0299855497732728,1.4421616497450884e-5
10.25,0.001012026205543748,1.0299834779883146,1.6493401455708323e-5
10.26,0.0010128296972808926,1.0299814083275176,1.8563062252674456e-5
10.27,0.0010132395805086958,1.0299793416539533,2.062973581695715e-5
10.28,0.0010132552653487892,1.0299772788408974,2.2692548872882412e-5
10.29,0.0010128762909502598,1.029975220771989,2.4750617781288398e-5
10.3,0.0010121027165652663,1.0299731679085067,2.6803481263604212e-5
10.31,0.0010109343656878877,1.0299711211378826,2.8850251887702072e-5
10.32,0.0010093712234322538,1.0299690813375415,3.0890052228782494e-5
10.33,0.0010074134835278414,1.0299670492989133,3.29220908570349e-5
10.34,0.0010050614690797488,1.0299650258143285,3.494557544181376e-5
10.35,0.0010023156326184335,1.0299630116773326,3.695971243766749e-5
10.36,0.000999176556078396,1.0299610076830101,3.896370676015337e-5
10.37,0.000995644950812391,1.0299590146283177,4.095676145254856e-5
10.38,0.0009917216575843213,1.029957033312426,4.2938077344345515e-5
10.39,0.0009874076465266057,1.0299550645370683,4.490685270197581e-5
10.4,0.0009827040172183388,1.0299531091068994,4.686228287087424e-5
10.41,0.000977611998642658,1.0299511678298592,4.880355991110363e-5
10.42,0.0009721329491796382,1.0299492415175464,5.0729872223875816e-5
10.43,0.0009662683566205033,1.0299473309855973,5.264040417296556e-5
10.44,0.000960019838167625,1.0299454370540722,5.453433569813093e-5
10.45,0.0009533891404416295,1.029943560547847,5.641084192320456e-5
10.46,0.0009463781394458692,1.0299417022970134,5.826909275685743e-5
10.47,0.0009389888113986444,1.029939862992088,6.010839768233467e-5
10.48,0.000931223400151282,1.029938042864136,6.192852563424722e-5
10.49,0.0009230843649632448,1.0299362430379995,6.372835177081981e-5
10.5,0.0009145740681759662,1.029934464250944,6.550713882624848e-5
10.51,0.0009056950035457589,1.0299327072336273,6.726415614299874e-5
10.52,0.0008964497963006579,1.029930972710582,6.899867918819247e-5
10.53,0.0008868412030693662,1.029929261400699,7.070998907132697e-5
10.54,0.0008768721119665202,1.0299275740177096,7.239737206066188e-5
10.55,0.0008665455425145296,1.0299259112706693,7.406011910093824e-5
10.56,0.0008558646456862107,1.0299242738644396,7.569752533065355e-5
10.57,0.0008448327038834691,1.0299226625001672,7.730888960311155e-5
10.58,0.0008334531309870385,1.0299210778757646,7.889351400569566e-5
10.59,0.0008217294722427937,1.0299195206863836,8.045070338669191e-5
10.6,0.000809665404425175,1.029917991624893,8.197976487722691e-5
10.61,0.0007972644078080293,1.0299164912873917,8.348010237857473e-5
10.62,0.0007845303968565531,1.029915020244578,8.495114519235791e-5
10.63,0.0007714675388399428,1.0299135791835654,8.63922062048772e-5
10.64,0.0007580798757089724,1.02991216873902,8.780265075025717e-5
10.65,0.0007443715705619525,1.0299107895324995,8.918185727080363e-5
10.66,0.0007303469076589408,1.0299094421729298,9.052921684049586e-5
10.67,0.0007160102924430589,1.0299081272570731,9.184413269713865e-5
10.68,0.000701366251462332,1.0299068453699833,9.312601978694879e-5
10.69,0.0006864194324336381,1.0299055970854565,9.437430431380456e-5
10.7,0.0006711746042356026,1.0299043829664674,9.558842330292805e-5
10.71,0.0006556366569014926,1.0299032035655975,9.676782417278318e-5
10.72,0.0006398106015907956,1.0299020594254518,9.791196431852e-5
10.73,0.0006237015706318516,1.0299009510790629,9.902031070740946e-5
10.74,0.0006073148175218535,1.0298998790502851,0.00010009233948515828
10.75,0.0005906552903027773,1.0298988438470809,0.00010112754268942759
10.76,0.0005737284466960091,1.029897845915973,0.00010212547379717662
10.77,0.0005565400077216509,1.029896885743782,0.00010308564598826564
10.78,0.0005390955226474148,1.0298959638115417,0.00010400757822859319
10.79,0.0005214006498590606,1.0298950805826648,0.00010489080710551768
10.8,0.0005034611569101344,1.0298942365032642,0.00010573488650611473
10.81,0.00048528292046512433,1.0298934320024575,0.00010653938731275403
10.82,0.00046687192634209396,1.0298926674926543,0.00010730389711599564
10.83,0.00044823426949136547,1.029891943369826,0.00010802801994436173
10.84,0.0004293761540026253,1.0298912600137564,0.00010871137601387026
10.85,0.00041030389309781867,1.0298906177882765,0.00010935360149377793
10.86,0.000391023909138255,1.0298900170414789,0.00010995434829141892
10.87,0.00037154273361750256,1.0298894581059137,0.00011051328385658366
10.88,0.0003518670071827046,1.029888941298767,0.00011103009100321692
10.89,0.0003320030817022257,1.0298884669928932,0.00011150439687712677
10.9,0.0003119577103376514,1.0298880354638915,0.00011193592587876999
10.91,0.0002917379128604125,1.0298876469664713,0.00011232442329900394
10.92,0.0002713505829419205,1.0298873017820334,0.00011266960773692603
10.93,0.000250802701927455,1.0298870001726217,0.00011297121714859415
10.94,0.0002301013388859019,1.0298867423809808,0.00011322900878951714
10.95,0.00020925365058133139,1.0298865286305865,0.00011344275918379054
10.96,0.00018826688148720905,1.0298863591256595,0.00011361226411077396
10.97,0.00016714836377929032,1.0298862340511543,0.00011373733861597124
10.98,0.0001459055173569368,1.0298861535727284,0.00011381781704189464
10.99,0.00012454584981469452,1.0298861178366865,0.00011385355308379808
11.0,0.0001030769564493994,1.029886126969907,0.00011384441986339588
11.01,8.30440743797567e-5,1.0298861810797415,0.00011379031002878293
11.02,6.796111705398289e-5,1.0298862802538988,0.00011369113587145208
11.03,5.2808046575592016e-5,1.0298864246647845,0.00011354672498575802
11.04,3.759021463878298e-5,1.02988661437275,0.00011335701702019918
11.05,2.7948820992662604e-5,1.0298868493867643,0.00011312200300594988
11.06,3.4579454663230536e-5,1.0298871297502936,0.00011284163947666848
11.07,4.961254377633395e-5,1.029887455489086,0.00011251590068428463
11.08,7.167425373211245e-5,1.0298878266109242,0.00011214477884613494
11.09,9.377392571963128e-5,1.0298882431053504,0.00011172828441985416
11.1,0.00011590333490119065,1.029888704943377,0.00011126644639336547
11.11,0.00013805420419998882,1.029889212077171,0.00011075931259929561
11.12,0.0001602182043427547,1.0298897644397222,0.00011020695004804182
11.13,0.00018238695375316638,1.0298903619444888,0.00010960944528148886
11.14,0.00020455201873659234,1.0298910044850236,0.00010896690474671011
11.15,0.00022670491323850683,1.0298916919345817,0.00010827945518854243
11.16,0.0002488370991002853,1.0298924241457066,0.00010754724406369931
11.17,0.00027093998586025236,1.0298932009498012,0.00010677043996909497
11.18,0.0002930047851918971,1.0298940221981796,0.00010594919159068183
11.19,0.0003150229990325215,1.029894887741069,0.0001050836487013207
11.2,0.00033698609320254036,1.0298957973181744,0.0001041740715959083
11.21,0.00035888525186322795,1.0298967506866963,0.00010322070307400288
11.22,0.00038071165898401205,1.02989774759103,0.000102223798740253
11.23,0.000402456498576953,1.0298987877622496,0.00010118362752065124
11.24,0.00042411095451200254,1.0298998709175768,0.00010010047219344287
11.25,0.00044566621064490164,1.0299009967598374,9.897462993291306e-5
11.26,0.00046711345073191524,1.0299021649769025,9.78064128678291e-5
11.27,0.0004884438584937811,1.0299033752411173,9.659614865298316e-5
11.28,0.0005096486175730774,1.0299046272087196,9.534418105072717e-5
11.29,0.0005307189115555389,1.0299059205192431,9.405087052716254e-5
11.3,0.0005516459239558458,1.029907254794912,9.271659485832195e-5
11.31,0.0005724208382389406,1.0299086296400233,9.134174974700926e-5
11.32,0.0005930348377845007,1.0299100446403193,8.992674945096368e-5
11.33,0.0006134788213927322,1.0299114993205134,8.847206925688411e-5
11.34,0.0006337436200993807,1.0299129931487203,8.697824104997309e-5
11.35,0.0006538210941613443,1.0299145257184916,8.54456712786611e-5
11.36,0.000673702263149778,1.0299160964935588,8.387489621153321e-5
11.37,0.0006933782135476463,1.029917704931765,8.226645800535337e-5
11.38,0.0007128400986431416,1.0299193504844446,8.0620905325679e-5
11.39,0.0007320791386291603,1.029921032595804,7.89387939663655e-5
11.4,0.0007510866205251432,1.029922750702296,7.722068747417765e-5
11.41,0.0007698538981912861,1.029924504231998,7.546715777229096e-5
11.42,0.0007883723923640673,1.0299262926039807,7.367878578956599e-5
11.43,0.0008066335906420363,1.029928115227683,7.185616208738033e-5
11.44,0.0008246290474573925,1.0299299715022838,6.999988748646047e-5
11.45,0.0008423503840973012,1.029931860816074,6.81105736963783e-5
11.46,0.000859789288739421,1.02993378254583,6.61888439403846e-5
11.47,0.0008769375163382165,1.0299357360561898,6.423533358046463e-5
11.48,0.0008937867485059314,1.0299377206583196,6.225073145071924e-5
11.49,0.0009103276221509304,1.0299397352394801,6.0236150290160495e-5
11.5,0.0009265533083251398,1.0299417793836534,5.819200611689723e-5
11.51,0.0009424555493993125,1.0299438522872524,5.6119102517904196e-5
11.52,0.0009580262279484941,1.0299459531479753,5.401824179496195e-5
11.53,0.0009732573667804445,1.0299480811643045,5.189022546581157e-5
11.54,0.0009881411288645836,1.0299502355350152,4.973585475509523e-5
11.55,0.0010026698174172566,1.0299524154586934,4.755593107685918e-5
11.56,0.0010168358757809415,1.0299546201332628,4.535125650750871e-5
11.57,0.0010306318876160958,1.0299568487555217,4.312263424854912e-5
11.58,0.0010440505767022046,1.0299591005206925,4.087086907778037e-5
11.59,0.00105708480701594,1.0299613746219793,3.859676779094379e-5
11.6,0.0010697275828093211,1.0299636702501405,3.6301139629824064e-5
11.61,0.0010819720484462891,1.0299659865930704,3.3984796699915165e-5
11.62,0.0010938114885874484,1.0299683228353964,3.164855437387537e-5
11.63,0.001105239328033747,1.0299706781580877,2.9293231682547827e-5
11.64,0.0011162476073138805,1.0299730509794371,2.6920410333142186e-5
11.65,0.001126831075417556,1.0299754407716564,2.4530618113915992e-5
11.66,0.0011369834099923537,1.0299778465909148,2.21247988554385e-5
11.67,0.0011466983471279946,1.0299802674371201,1.9703952650163004e-5
11.68,0.0011559698296181864,1.0299827023171093,1.726907266097477e-5
11.69,0.0011647920069322026,1.0299851502444781,1.4821145292165383e-5
11.7,0.0011731592352788311,1.0299876102394327,1.2361150337536486e-5
11.71,0.0011810660775424253,1.0299900813286544,9.890061115847004e-6
11.72,0.001188507303297115,1.0299925625451842,7.408844586054286e-6
11.73,0.001195477888835228,1.0299950529283242,4.918461446123956e-6
11.74,0.0012019730171033416,1.029997551523556,2.4198662142982386e-6
11.75,0.0012079880778372853,1.0300000573824795,8.599270917564183e-8
11.76,0.0012135186673489784,1.0300025695627666,2.598172996304271e-6
11.77,0.0012185605887822248,1.030005087128136,5.115738365812916e-6
11.78,0.0012231098518711292,1.0300076091483445,7.637758574263742e-6
11.79,0.0012271617451702355,1.0300101339933239,1.0162603553576233e-5
11.8,0.0012307128987814053,1.0300126607521014,1.2689362331119725e-5
11.81,0.0012337600084109113,1.0300151885245639,1.5217134793577003e-5
11.82,0.0012362997079975457,1.0300177162075106,1.7744817740306118e-5
11.83,0.0012383288823940575,1.0300202427086784,2.027131890813827e-5
11.84,0.0012398446675732089,1.0300227669469926,2.279555722228821e-5
11.85,0.0012408444504714566,1.030025287852831,2.531646306080937e-5
11.86,0.0012413258690244788,1.0300278043683107,2.783297854036526e-5
11.87,0.0012412868122595455,1.0300303154475858,3.034405781554561e-5
11.88,0.0012407254201107776,1.0300328200571691,3.284866739883263e-5
11.89,0.0012396400836536259,1.0300353171762624,3.534578649211362e-5
11.9,0.0012380294448561813,1.0300378057971098,3.7834407339509823e-5
11.91,0.0012358923967923374,1.0300402849253625,4.031353559219575e-5
11.92,0.0012332280835209986,1.0300427535804626,4.278219069231426e-5
11.93,0.0012300359001358174,1.0300452107960412,4.523940627088052e-5
11.94,0.0012263153433451635,1.0300476552592652,4.768386949494108e-5
11.95,0.0012220659540602696,1.030050085566089,5.011417631872739e-5
11.96,0.001217287888238161,1.0300525009954562,5.2529605685913694e-5
11.97,0.0012119814653885896,1.0300549004524355,5.492906266524322e-5
11.98,0.0012061472662097117,1.030057282854293,5.731146452281344e-5
11.99,0.001199786132659142,1.030059647131116,5.967574134579934e-5
12.0,0.0011928991679681644,1.0300619922264431,6.202083667283809e-5
12.01,0.0011854877364783079,1.030064317097904,6.434570813373952e-5
12.02,0.0011775534639468788,1.0300666207178677,6.664932809741231e-5
12.03,0.0011690982372130065,1.0300689020740983,6.893068432800575e-5
12.04,0.0011601242044037008,1.0300711601704151,7.118878064482637e-5
12.05,0.0011506337748983242,1.030073394027362,7.342263759180234e-5
12.06,0.00114062961928596,1.030075602682881,7.563129311072281e-5
12.07,0.0011301146694080444,1.0300777851929892,7.781380321891795e-5
12.08,0.0011190921183086289,1.0300799406324634,7.996924269315642e-5
12.09,0.0011075654202983287,1.0300820680955254,8.209670575509698e-5
12.1,0.0010955382908974798,1.030084166696533,8.419530676273546e-5
12.11,0.0010830147068858764,1.030086235570673,8.62641809027398e-5
12.12,0.0010699993786644768,1.030088272869299,8.830147952876288e-5
12.13,0.0010564958852512518,1.030090278183773,9.03067940027924e-5
12.14,0.0010425090665435732,1.0300922506227221,9.227923295185292e-5
12.15,0.001028044013267504,1.0300941892727706,9.421788300034706e-5
12.16,0.0010131060322535745,1.0300960932354006,9.612184563034809e-5
12.17,0.0009977006464865212,1.030097961627719,9.799023794876405e-5
12.18,0.0009818335949702828,1.0300997935832175,9.982219344717436e-5
12.19,0.0009655108329127415,1.0301015882525268,0.00010161686275655946
12.2,0.0009487385315765096,1.0301033448041585,0.00010337341438826364
12.21,0.0009315230783428774,1.0301050624252401,0.00010509103546985088
12.22,0.0009138710766904978,1.0301067403222381,0.00010676893246786001
12.23,0.0008957893462167021,1.030108377721672,0.00010840633190167814
12.24,0.0008772849226375001,1.0301099738708146,0.00011000248104431343
12.25,0.000858365604578637,1.0301115279659274,0.00011155657615713466
12.26,0.0008390389688344158,1.0301130391636373,0.00011306777386699274
12.27,0.0008193123080673104,1.0301145067929571,0.00011453540318684396
12.28,0.000799193771072737,1.0301159301538816,0.00011595876411130135
12.29,0.0007786916698080404,1.030117308561906,0.00011733717213568973
12.3,0.0007578144793427555,1.0301186413486731,0.0001186699589028617
12.31,0.0007365708378443969,1.0301199278626054,0.00011995647283513655
12.32,0.0007149695466068806,1.0301211674695085,0.00012119607973826163
12.33,0.0006930195700789454,1.0301223595531603,0.00012238816339005254
12.34,0.0006707300358073098,1.0301235035158733,0.0001235321261030542
12.35,0.0006481102344437772,1.030124598779034,0.00012462738926366512
12.36,0.0006251696197949741,1.030125644783621,0.0001256733938506116
12.37,0.000601917808758401,1.0301266409906986,0.0001266696009283308
12.38,0.0005783645814005922,1.0301275868818858,0.00012761549211548484
12.39,0.0005545209250428229,1.0301284820018257,0.00012851061205543246
12.4,0.0005303961263862789,1.0301293258181619,0.0001293544283915704
12.41,0.0005060005262222944,1.0301301178916726,0.00013014650190235066
12.42,0.0004813447238234403,1.0301308578096993,0.0001308864199289772
12.43,0.00045643940601536315,1.030131545177215,0.000131573787444772
12.44,0.0004312953471696801,1.0301321796171428,0.00013220822737247673
12.45,0.000405923409225295,1.0301327607706374,0.00013278938086713765
12.46,0.00038033454163866054,1.0301332882973417,0.00013331690757145687
12.47,0.0003545397814406215,1.0301337618756095,0.0001337904858391692
12.48,0.00032855025323641485,1.0301341812026956,0.0001342098129253344
12.49,0.0003023771691275101,1.0301345459949205,0.00013457460515020614
12.5,0.00027603182881108523,1.0301348559877963,0.00013488459802601938
12.51,0.0002495256194947615,1.0301351109361265,0.00013513954635624437
12.52,0.0002228702664552884,1.0301353106639246,0.00013533927415432245
12.53,0.0001960777322764784,1.0301354550885518,0.00013548369878146893
12.54,0.00016915911217552093,1.0301355439511555,0.0001355725613851888
12.55,0.00014212626093268454,1.0301355771388296,0.0001356057490593532
12.56,0.00011499104233081425,1.0301355545593893,0.00013558316961903571
12.57,9.342974914261504e-5,1.030135476141272,0.00013550475150170271
12.58,7.440650870904619e-5,1.030135341833409,0.00013537044363864936
12.59,5.5323181904043395e-5,1.0301351516050608,0.00013518021529046464
12.6,3.6188050565044705e-5,1.030134905445624,0.0001349340558536305
12.61,3.881410838602051e-5,1.030134603364403,0.00013463197463270404
12.62,4.9304476988254464e-5,1.0301342453903515,0.00013427400058119154
12.63,7.682332486069754e-5,1.0301338315717805,0.00013386018201022587
12.64,0.00010434930580771606,1.0301333619760358,0.0001333905862654916
12.65,0.00013187047505169858,1.0301328366891453,0.0001328652993750623
12.66,0.00015937480917926905,1.0301322558549089,0.00013228446513857683
12.67,0.00018685023542985846,1.0301316197930876,0.00013164840331736372
12.68,0.0002142851788633493,1.030130928530094,0.0001309571403236287
12.69,0.00024166769956934786,1.030130182267058,0.00013021087728781744
12.7,0.0002689859279456641,1.0301293812309888,0.00012940984121856403
12.71,0.00029622806488305287,1.0301285256742536,0.00012855428448332873
12.72,0.0003233823816302106,1.0301276158740327,0.00012764448426239028
12.73,0.0003504372198435135,1.0301266521317494,0.00012668074197907941
12.74,0.00037738099158701743,1.0301256347724725,0.00012566338270225685
12.75,0.0004042021793182471,1.0301245641442962,0.00012459275452592067
12.76,0.0004308893359450394,1.0301234406176951,0.00012346922792483284
12.77,0.00045743108473317307,1.0301222645848558,0.00012229319508549885
12.78,0.0004838161193632118,1.0301210364589855,0.00012106506921516491
12.79,0.0005100332039305044,1.0301197566735991,0.00011978528382883269
12.8,0.0005360711729309742,1.0301184256817837,0.00011845429201340352
12.81,0.0005619189312753292,1.0301170439554432,0.00011707256567294877
12.82,0.0005875654542535358,1.0301156119845234,0.00011564059475310806
12.83,0.0006130002916009403,1.0301141302584953,0.00011415886872501169
12.84,0.0006382129479050036,1.030112599311374,0.00011262792160371404
12.85,0.0006631923685915808,1.0301110197064811,0.00011104831671082671
12.86,0.0006879282189160563,1.0301093920041209,0.00010942061435059713
12.87,0.0007124102740263538,1.0301077167922488,0.0001077454024784874
12.88,0.000736628418948726,1.0301059946856557,0.0001060232958853824
12.89,0.0007605726485664377,1.0301042263251399,0.00010425493536958541
12.9,0.0007842330677263476,1.0301024123766684,0.00010244098689815573
12.91,0.0008075998910754834,1.0301005535305299,0.00010058214075958638
12.92,0.0008306634432031501,1.0300986505004806,9.86791107102647e-5
12.93,0.0008534141585698762,1.0300967040228806,9.673263311027469e-5
12.94,0.0008758425815074133,1.0300947148558262,9.474346605586881e-5
12.95,0.0008979393662613688,1.0300926837782733,9.271238850305785e-5
12.96,0.0009196967275215684,1.030090611359146,9.063996937563878e-5
12.97,0.0009411048738741101,1.030088498496643,8.852710687268228e-5
12.98,0.0009621552900611618,1.0300863459482519,8.637455848159448e-5
12.99,0.000982839605732977,1.03008415450055,8.418311077962315e-5
13.0,0.0010031495950997282,1.0300819249684445,8.195357867424313e-5
13.01,0.0010230771769315083,1.0300796581943767,7.968680460646027e-5
13.02,0.0010426144146507,1.0300773550475288,7.738365775855627e-5
13.03,0.001061753516204078,1.0300750164230363,7.504503326605239e-5
13.04,0.0010804868341409701,1.0300726432412053,7.267185143500221e-5
13.05,0.0010988068655848338,1.0300702364467387,7.026505696838825e-5
13.06,0.0011167062522687843,1.0300677970079661,6.78256181958492e-5
13.07,0.001134177780492962,1.0300653259160852,6.535452631495353e-5
13.08,0.0011512147986323384,1.0300628240691112,6.285267934091898e-5
13.09,0.0011678113975506221,1.0300602921625508,6.032077278050885e-5
13.1,0.001183960331999856,1.0300577313393944,5.7759949624092144e-5
13.11,0.0011996554863245024,1.0300551425304871,5.517114071684759e-5
13.12,0.001214890903021626,1.0300525266939051,5.255530413483811e-5
13.13,0.0012296607828403694,1.0300498848143835,4.9913424613245994e-5
13.14,0.001243959484639845,1.0300472179027624,4.724651299214955e-5
13.15,0.0012577815255099267,1.030044526995447,4.455560567673267e-5
13.16,0.0012711215807215126,1.030041813153887,4.1841764116812286e-5
13.17,0.0012839744837265243,1.0300390774640735,3.91060743032412e-5
13.18,0.001296335226150802,1.0300363210360537,3.6349646283406756e-5
13.19,0.0013081989578154207,1.0300335450034661,3.3573613695825344e-5
13.2,0.0013195609867295843,1.030030750523093,3.077913332272253e-5
13.21,0.0013304175946657892,1.0300279384281563,2.7967038386034204e-5
13.22,0.0013407647871161998,1.0300251096756488,2.513828587846767e-5
13.23,0.0013505982809149941,1.0300222654950366,2.2294105266329467e-5
13.24,0.0013599144942730845,1.0300194069331314,1.9435543361145946e-5
13.25,0.0013687100095083338,1.0300165350591235,1.6563669353208965e-5
13.26,0.0013769815730597657,1.0300136509644062,1.3679574635938607e-5
13.27,0.001384726095537303,1.030010755762424,1.0784372653782626e-5
13.28,0.0013919406516649246,1.0300078505885435,7.879198773208529e-6
13.29,0.0013986224803019809,1.0300049365999489,4.965210178564661e-6
13.3,0.0014047689844574052,1.0300020149755642,2.0435857939204993e-6
13.31,0.001410377731261292,1.029999086915996,8.844737742208508e-7
13.32,0.0014154464519791077,1.0299961536435043,3.817746266010502e-6
13.33,0.0014199730420401124,1.0299932164019951,6.754987775137167e-6
13.34,0.001423956478234345,1.0299902758261892,9.695563581102462e-6
13.35,0.0014273948621692512,1.0299873332301928,1.263815957752712e-5
13.36,0.0014302867911197836,1.0299843897815362,1.5581608234116473e-5
13.37,0.0014326311578329864,1.029981446577837,1.852481193331812e-5
13.38,0.001434427020761575,1.029978504731011,2.1466658759239365e-5
13.39,0.0014356736040213036,1.029975565367568,2.4406022202327904e-5
13.4,0.0014363702974264925,1.0299726296289253,2.7341760844956653e-5
13.41,0.0014365166564971332,1.0299696986717508,3.0272718019475064e-5
13.42,0.001436112402444678,1.0299667736683245,3.319772144583233e-5
13.43,0.00143515742209388,1.0299638558069268,3.6115582843443406e-5
13.44,0.0014336517680391125,1.0299609462922472,3.902509752307104e-5
13.45,0.0014315956585377876,1.0299580463458162,4.1925043954060826e-5
13.46,0.0014289894775103562,1.0299551572064596,4.481418331070408e-5
13.47,0.0014258338472359355,1.029952279978053,4.769141171734326e-5
13.48,0.0014221299513792474,1.029949415204192,5.055618557836539e-5
13.49,0.0014178786837675261,1.029946564376774,5.340701299627604e-5
13.5,0.0014130812304600227,1.029943728581911,5.62428078592081e-5
13.51,0.001407738941423986,1.0299409089083909,5.906248137943493e-5
13.52,0.0014018533306199288,1.029938106448394,6.186494137638832e-5
13.53,0.0013954260759021508,1.0299353222982237,6.464909154657583e-5
13.54,0.0013884590191182156,1.0299325575590568,6.741383071351414e-5
13.55,0.0013809541660165792,1.0299298133377024,7.015805206789238e-5
13.56,0.0013729136863247504,1.0299270907473799,7.288064239041603e-5
13.57,0.0013643399137279744,1.0299243909085063,7.558048126399264e-5
13.58,0.0013552353458337052,1.0299217149494981,7.825644027215084e-5
13.59,0.0013456026441787117,1.0299190640075835,8.090738218680116e-5
13.6,0.0013354446343001314,1.0299164392296274,8.353216014289622e-5
13.61,0.0013247642881708543,1.0299138417538491,8.612963592113942e-5
13.62,0.0013135644121149426,1.0299112719678933,8.869942187694768e-5
13.63,0.0013018488973841613,1.0299087312650792,9.124012469108322e-5
13.64,0.0012896211362800614,1.029906220666432,9.375072333828172e-5
13.65,0.0012768846848274507,1.0299037411832648,9.623020650550984e-5
13.66,0.0012636432628738703,1.0299012938181535,9.86775716167454e-5
13.67,0.0012499007539545914,1.0298988795659139,0.00010109182385642512
13.68,0.0012356612054276184,1.0298964994145765,0.00010347197519378071
13.69,0.0012209288283884234,1.0298941543463616,0.0001058170434087291
13.7,0.0012057079976770524,1.0298918453386499,0.00010812605112042739
13.71,0.001190003251920757,1.0298895733649525,0.00011039802481782601
13.72,0.0011738192934984681,1.0298873393958736,0.00011263199389666134
13.73,0.0011571609885479006,1.0298851444000703,0.00011482698970000094
13.74,0.0011400333669726592,1.0298829893452055,0.000116982044564784
13.75,0.0011224416224209222,1.0298808751988946,0.00011909619087568935
13.76,0.001104390081081874,1.0298788025859884,0.00012116880378187922
13.77,0.0010858849771437917,1.0298767724190352,0.00012319897073509445
13.78,0.0010669318966449737,1.0298747856236763,0.00012518576609399368
13.79,0.0010475364087270123,1.029872843070085,0.00012712831968531013
13.8,0.0010277042445636653,1.0298709456089252,0.0001290257808450601
13.81,0.0010074412973040126,1.029869094072289,0.00013087731748129272
13.82,0.000986753622171932,1.0298672892746124,0.00013268211515793382
13.83,0.0009656474363524126,1.0298655320135737,0.0001344393761966156
13.84,0.0009441291190910306,1.0298638230709676,0.00013614831880270906
13.85,0.0009222052115944734,1.0298621632135612,0.0001378081762091199
13.86,0.0008998824171442266,1.0298605531939242,0.00013941819584606385
13.87,0.0008771676010113083,1.029858993751238,0.0001409776385323802
13.88,0.0008540677904633753,1.0298574856120795,0.00014248577769082615
13.89,0.0008305901748286715,1.02985602949118,0.00014394189859023854
13.9,0.0008067410641743322,1.0298546260895285,0.00014534530024179482
13.91,0.0007825281765150294,1.029853275988616,0.00014669540115419544
13.92,0.0007579593054103384,1.0298519798563606,0.00014799153340971927
13.93,0.0007330419212294714,1.0298507383563045,0.00014923303346581207
13.94,0.0007077836483802002,1.0298495521253934,0.00015041926437686648
13.95,0.000682192265152537,1.0298484217745807,0.00015154961518959453
13.96,0.0006562757038324207,1.0298473478893937,0.0001526235003765919
13.97,0.0006300420506804016,1.0298463310304686,0.00015364035930165443
13.98,0.0006034995458463754,1.0298453717340441,0.00015459965572617307
13.99,0.0005766565834619541,1.0298444705124226,0.0001555008773477251
14.0,0.0005495217116333606,1.0298436278543885,0.00015634353538174217
14.01,0.000522103632398796,1.0298428442255956,0.0001571271641747085
14.02,0.0004944112017355451,1.0298421200689092,0.0001578513208611021
14.03,0.0004664534296168199,1.0298414558047133,0.00015851558505697305
14.04,0.00043823883751770154,1.0298408519599744,0.00015911942979585092
14.05,0.0004097763486257122,1.0298403089523946,0.00015966243737564056
14.06,0.00038107570698997506,1.0298398270703468,0.00016014431942346086
14.07,0.000352146211135107,1.0298394067040118,0.00016056468575853522
14.08,0.00032299729193852045,1.0298390482152124,0.00016092317455784766
14.09,0.0002936385126943719,1.029838751937468,0.00016121945230218593
14.1,0.0002640795690567188,1.029838518176008,0.00016145321376237476
14.11,0.00023433028908925735,1.0298383472077355,0.000161624182034803
14.12,0.0002044006332582171,1.0298382392811538,0.0001617321086164747
14.13,0.0001743006944394665,1.0298381946162445,0.00016177677352580133
14.14,0.0001440406978119313,1.0298382134043016,0.00016175798546869125
14.15,0.00011636284762772675,1.0298382958077226,0.0001616755820477156
14.16,9.509477553848455e-5,1.0298384419597555,0.00016152943001479514
14.17,7.372304324348988e-5,1.0298386519642002,0.00016131942557007228
14.18,5.225499597116823e-5,1.029838925995614,0.0001610453941562895
14.19,3.999180719205242e-5,1.0298392643075223,0.00016070708224802388
14.2,4.9352790846057815e-5,1.029839666791374,0.00016030459839622146
14.21,7.13788447086472e-5,1.029840133500314,0.0001598378894562824
14.22,0.00010253849839614304,1.0298406644636755,0.00015930692609478214
14.23,0.00013376143648713423,1.0298412596864182,0.00015871170335213236
14.24,0.00016503639718479235,1.02984191914853,0.00015805224124032513
14.25,0.00019635203057077888,1.0298426428043823,0.00015732858538797245
14.26,0.00022769689833523898,1.0298434305820465,0.00015654080772375956
14.27,0.0002590594740894403,1.0298442823825706,0.00015568900719964418
14.28,0.00029042814308155585,1.0298451980792134,0.00015477331055691046
14.29,0.00032179120238851056,1.0298461775166412,0.00015379387312908221
14.3,0.0003531368608378216,1.0298472205100848,0.0001527508796854704
14.31,0.00038445323901470374,1.0298483268444607,0.0001516445453095816
14.32,0.0004157283692478586,1.0298494962734506,0.00015047511631971489
14.33,0.0004469500207378019,1.0298507285513718,0.00014924283839845565
14.34,0.000478105977379073,1.0298520235178612,0.0001479478719090821
14.35,0.000509184603487256,1.029853380776301,0.00014659061346922186
14.36,0.0005401734795356106,1.029854799963606,0.00014517142616421452
14.37,0.0005710601710475771,1.0298562807027154,0.00014369068705488708
14.38,0.0006018322286394095,1.0298578226015114,0.0001421487882589112
14.39,0.0006324771879704372,1.0298594252517104,0.000140546138059916
14.4,0.000662982569814119,1.0298610882277273,0.0001388831620430242
14.41,0.0006933358799940947,1.029862811085514,0.00013716030425636738
14.42,0.0007235246093841852,1.0298645933613726,0.00013537802839769242
14.43,0.0007535362339581297,1.029866434570747,0.00013353681902339432
14.44,0.0007833582147611651,1.029868334206988,0.00013163718278219605
14.45,0.0008129779979100249,1.0298702917401008,0.00012967964966947854
14.46,0.0008423830145645184,1.0298723066154698,0.0001276647743004844
14.47,0.0008715606810341114,1.029874378252565,0.0001255931372052821
14.48,0.0009004980556568398,1.0298765059777706,0.0001234654119997014
14.49,0.0009291813370069235,1.0298786888582758,0.00012128253149445989
14.5,0.0009575992465826744,1.0298809264230597,0.00011904496671055753
14.51,0.0009857387919183225,1.0298832178930633,0.00011675349670703383
14.52,0.0010135870677459025,1.02988556248599,0.00011440890378033863
14.53,0.0010411312560165698,1.0298879594150365,0.00011201197473376112
14.54,0.0010683586258295463,1.029890407887616,0.00010956350215418631
14.55,0.0010952565334889641,1.02989290710408,0.00010706428569018378
14.56,0.0011218124224754433,1.0298954562564346,0.00010451513333564755
14.57,0.0011480138234176707,1.0298980545270575,0.00010191686271276978
14.58,0.001173848354170559,1.0299007010874135,9.927030235679091e-5
14.59,0.0011993037197868262,1.0299033950967698,9.657629300052761e-5
14.6,0.0012243677124601504,1.0299061357009156,9.383568885468208e-5
14.61,0.0012490282115749096,1.0299089220308841,9.104935888615273e-5
14.62,0.001273271140576071,1.0299117525742405,8.821881552978361e-5
14.63,0.0012970857601573016,1.0299146265925723,8.534479719801702e-5
14.64,0.0013204599356271274,1.02991754303989,8.242834988037018e-5
14.65,0.0013433813957206553,1.0299205007927152,7.947059705504245e-5
14.66,0.0013658380572536544,1.0299234987343124,7.647265545784876e-5
14.67,0.0013878180252220318,1.029926535753639,7.343563613138038e-5
14.68,0.0014093095927307786,1.0299296107443108,7.03606454595107e-5
14.69,0.0014303012410223914,1.0299327226035881,6.724878618213914e-5
14.7,0.001450781639420029,1.0299358702313783,6.41011583919493e-5
14.71,0.00147073964545541,1.0299390525292598,6.091886051051709e-5
14.72,0.0014901643047338098,1.0299422683995272,5.770299024310255e-5
14.73,0.0015090448509980092,1.0299455167442593,5.445464551101509e-5
14.74,0.001527370706114084,1.029948796464408,5.117492536221846e-5
14.75,0.0015451301258622152,1.0299521058845358,4.786550523450117e-5
14.76,0.0015623126665289533,1.0299554435416935,4.4527848076736376e-5
14.77,0.0015789087530748702,1.0299588084085485,4.11629812218095e-5
14.78,0.001594907997578332,1.0299621990790673,3.777231070301035e-5
14.79,0.0016103003023246742,1.029965614163217,3.435722655331652e-5
14.8,0.0016250758598772563,1.0299690522864515,3.091910331876058e-5
14.81,0.0016392251529282476,1.029972512089233,2.7459300537380216e-5
14.82,0.001652738954398103,1.0299759922265839,2.397916318641613e-5
14.83,0.0016656083274853017,1.0299794913676752,2.048002209509292e-5
14.84,0.0016778246255455542,1.0299830081954466,1.6963194323649233e-5
14.85,0.0016893794921415406,1.0299865414062637,1.3429983506618726e-5
14.86,0.0017002648611068594,1.029990089709608,9.88168016236024e-6
14.87,0.0017104729564323407,1.0299936518278061,6.3195619641742695e-6
14.88,0.00171999583485416,1.0299972262224768,2.745167293483064e-6
14.89,0.0017288248354603297,1.0300008105691838,8.391794135143016e-7
14.9,0.0017369539202221063,1.0300044040008247,4.432611054427937e-6
14.91,0.0017443759715476403,1.0300080049287386,8.033538968277298e-6
14.92,0.0017510842414978356,1.0300116117858162,1.1640396045953239e-5
14.93,0.001757072351878719,1.0300152230267114,1.5251636941160385e-5
14.94,0.0017623342941206488,1.0300188371280965,1.8865738326212522e-5
14.95,0.0017668644294133173,1.0300224525889534,2.248119918313307e-5
14.96,0.0017706574885778537,1.0300260679308986,2.60965411282843e-5
14.97,0.0017737085721520884,1.0300296816985497,2.9710308779407058e-5
14.98,0.0017760131503479215,1.0300332924599251,3.332107015485697e-5
14.99,0.0017775670630726381,1.030036898806883,3.692741711280867e-5
15.0,0.0017783665199360144,1.0300404993555963,4.052796582598717e-5
15.01,0.0017784081002290009,1.0300440927470613,4.4121357291038166e-5
15.02,0.0017776876684578724,1.0300476763779989,4.7704988228591816e-5
15.03,0.001776202820757078,1.0300512492355771,5.12778458068297e-5
15.04,0.0017739510049779028,1.0300548097566946,5.4838366924325754e-5
15.05,0.0017709300014487894,1.0300583563093813,5.838491961096537e-5
15.06,0.001767138002648494,1.030061887284662,6.191589489179528e-5
15.07,0.0017625736133695113,1.0300654010975496,6.542970777934087e-5
15.08,0.0017572358505759667,1.030068896188064,6.892479829367915e-5
15.09,0.001751124143453353,1.0300723710222826,7.239963251226555e-5
15.1,0.0017442383333872158,1.0300758240934107,7.585270364041108e-5
15.11,0.0017365786740626277,1.0300792539228822,7.928253311195732e-5
15.12,0.0017281458313149756,1.0300826590614802,8.268767170993563e-5
15.13,0.0017189408832152253,1.0300860380904824,8.606670071209521e-5
15.14,0.0017089653200841326,1.0300893896228298,8.94182330595239e-5
15.15,0.0016982210444567158,1.030092712304313,9.274091454281042e-5
15.16,0.0016867103710538345,1.0300960048147842,9.603342501396384e-5
15.17,0.001674436140476132,1.0300992650514387,9.929366166838705e-5
15.18,0.0016614008306561345,1.0301024909912326,0.00010251960146234751
15.19,0.0016476077321812,1.0301056817561665,0.00010571036639617226
15.2,0.001633060872329395,1.0301088358574573,0.00010886446768698654
15.21,0.0016177646519111022,1.0301119518299908,0.00011198044022053821
15.22,0.0016017238451979665,1.0301150282338227,0.00011505684405244132
15.23,0.0015849436001005301,1.0301180636556786,0.00011809226590830946
15.24,0.0015674294379266485,1.0301210567104606,0.0001210853206903284
15.25,0.0015491872536017581,1.030124006042752,0.00012403465298160832
15.26,0.0015302233155267686,1.0301269103283202,0.00012693893854986982
15.27,0.0015105442656562218,1.0301297682756214,0.00012979688585113003
15.28,0.0014901571194485541,1.0301325786272963,0.00013260723752606118
15.29,0.0014690697070207648,1.0301353400326783,0.00013536864290797368
15.3,0.0014472904192786018,1.0301380508392146,0.00013807944944432826
15.31,0.001424826631399867,1.0301407099625717,0.00014073857280139102
15.32,0.001401687265399687,1.0301433161418425,0.00014334475207222752
15.33,0.0013778815588381121,1.0301458681381663,0.00014589674839604605
15.34,0.0013534190647135347,1.030148364736286,0.00014839334651561842
15.35,0.001328309651576376,1.0301508047460846,0.00015083335631427275
15.36,0.0013025635034580318,1.0301531870040976,0.0001532156143273511
15.37,0.001276191119885084,1.030155510374999,0.00015553898522879805
15.38,0.0012492033158721938,1.0301577737530612,0.00015780236329088204
15.39,0.0012216112219149977,1.0301599760635876,0.00016000467381727113
15.4,0.001193426284061161,1.0301621162643138,0.00016214487454346838
15.41,0.0011646604260704407,1.030164193337458,0.000164221947687615
15.42,0.0011353273982663836,1.0301662060926364,0.0001662347028661415
15.43,0.0011054381140453984,1.0301681535796956,0.00016818218992531442
15.44,0.0010750057849904238,1.0301700348593779,0.00017006346960757313
15.45,0.0010440438380072692,1.0301718490138885,0.00017187762411818852
15.46,0.0010125659153814581,1.030173595148145,0.000173623758374708
15.47,0.0009805858746574359,1.0301752723909756,0.0001753010012053302
15.48,0.000948117788681202,1.030176879896274,0.000176908506503759
15.49,0.0009151759456926811,1.0301784168441037,0.00017844545433343129
15.5,0.0008817748492049304,1.0301798824417523,0.00017991105198200685
15.51,0.0008479292180112452,1.0301812759247344,0.0001813045349641218
15.52,0.0008136539862846348,1.0301825965577462,0.0001826251679759583
15.53,0.000778964303499663,1.0301838436355613,0.0001838722457909725
15.54,0.0007438772877179645,1.030185016584086,0.00018504519431572497
15.55,0.0007084074028185228,1.0301861146719624,0.0001861432821921305
15.56,0.0006725706927284136,1.0301871373258076,0.00018716593603729237
15.57,0.0006363835554452635,1.0301880840127877,0.00018811262301743348
15.58,0.0005998624905529937,1.030188954223964,0.0001889828341936628
15.59,0.0005630240992715585,1.0301897474748547,0.00018977608508441435
15.6,0.0005258850844356289,1.0301904633059435,0.00019049191617326322
15.61,0.0004884622504732761,1.0301911012831142,0.00019112989334391095
15.62,0.0004507725034486043,1.0301916609980293,0.00019168960825899362
15.63,0.00041283285104043443,1.0301921420684377,0.00019217067866739157
15.64,0.0003746604024783551,1.0301925441384232,0.0001925727486529194
15.65,0.0003362723686706204,1.030192866878582,0.00019289548881173957
15.66,0.000297686982726475,1.0301931101817556,0.00019313879198534778
15.67,0.0002589214107473481,1.0301932737858448,0.00019330239607451283
15.68,0.0002199930247357429,1.0301933574561424,0.0001933860663720921
15.69,0.0001809196486206588,1.0301933610724203,0.00019338968265003587
15.7,0.00014499627594233289,1.0301932845423156,0.00019331315254533799
15.71,0.00011761348876149214,1.0301931278011114,0.00019315641134109995
15.72,9.014705346288565e-5,1.0301928908114497,0.00019291942167942722
15.73,6.260936032020936e-5,1.0301925735629784,0.0001926021732081562
15.74,5.10116600338506e-5,1.0301921760719328,0.0001922046821625223
15.75,6.293814906399575e-5,1.0301916983806514,0.00019172699088110257
15.76,9.51583200290429e-5,1.0301911405570245,0.00019116916725425703
15.77,0.00013475099710547056,1.0301905026938822,0.00019053130411195163
15.78,0.0001743285234567793,1.0301897849886175,0.0001898135988471772
15.79,0.00021387301335806796,1.0301889878453931,0.00018901645562285907
15.8,0.0002533671354498779,1.0301881112859015,0.00018813989613120086
15.81,0.0002927932115497356,1.030187155586845,0.0001871841970746413
15.82,0.00033213368099893614,1.0301861210617065,0.0001861496719361977
15.83,0.00037137110062701595,1.0301850080597803,0.00018503667001001922
15.84,0.00041048814479438533,1.0301838169651527,0.0001838455753824242
15.85,0.0004494676053568014,1.0301825481956246,0.00018257680585431757
15.86,0.0004882923917080007,1.030181202201583,0.00018123081181276035
15.87,0.0005269455307086446,1.0301797794648162,0.00017980807504591745
15.88,0.0005654101667573741,1.030178280497282,0.00017830910751182039
15.89,0.0006036695617765986,1.0301767058398223,0.0001767344500520629
15.9,0.0006417070951698634,1.0301750560608296,0.00017508467105931125
15.91,0.0006795062638573768,1.0301733317548654,0.00017336036509507657
15.92,0.000717050682304432,1.0301715335412323,0.00017156215146196807
15.93,0.0007543240824290365,1.0301696620625016,0.00016969067273131522
15.94,0.0007913118944173902,1.0301677180284552,0.0001677466386849069
15.95,0.000827997314821971,1.0301657021668795,0.0001657307771092409
15.96,0.0008643648144257554,1.0301636152050841,0.00016364381531386307
15.97,0.000900399285193032,1.0301614579141922,0.00016148652442193878
15.98,0.0009360857682665369,1.0301592311056111,0.00015925971584085374
15.99,0.0009714094539248208,1.030156935629423,0.00015696423965261275
16.0,0.0010063556816319874,1.0301545723727468,0.00015460098297648273
16.01,0.0010409099399950605,1.0301521422580766,0.00015217086830632276
16.02,0.0010750578668137223,1.0301496462415922,0.00014967485182193485
16.03,0.001108785249016364,1.030147085311451,0.00014711392168065274
16.04,0.0011420780227240357,1.0301444604860537,0.00014448909628339557
16.05,0.0011749242878380528,1.0301417726020365,0.00014180121226625708
16.06,0.0012073096901943359,1.0301390227590732,0.00013905136930292272
16.07,0.0012392213872516322,1.030136211971938,0.0001362405821676571
16.08,0.0012706468840875118,1.0301333412869629,0.0001333698971925923
16.09,0.0013015738825998824,1.0301304117951993,0.0001304404054289776
16.1,0.0013319902816277818,1.0301274246307415,0.00012745324097118704
16.11,0.001361884176887429,1.0301243809690475,0.00012440957927717378
16.12,0.001391243861014857,1.0301212820252643,0.00012131063549403187
16.13,0.0014200578235161743,1.0301181290525494,0.00011815766277911699
16.14,0.0014483147508173033,1.0301149233403986,0.00011495195062827257
16.15,0.0014760035262213478,1.0301116662129761,0.00011169482320583235
16.16,0.00150311523201907,1.0301083586079869,0.00010838721821659902
16.17,0.001529638754732332,1.0301050018810132,0.00010503049124288566
16.18,0.0015555641137510179,1.03010159731887,0.00010162592909979118
16.19,0.0015808819516465178,1.030098146179814,9.817479004370355e-5
16.2,0.0016055831169552448,1.030094649768718,9.467837894772124e-5
16.21,0.0016296586640862643,1.030091109435665,9.113804589477859e-5
16.22,0.0016530998533639263,1.0300875265745624,8.755518479208746e-5
16.23,0.0016758981510420767,1.030083902621781,8.393123201066999e-5
16.24,0.00169804522926853,1.0300802390548187,8.026766504842797e-5
16.25,0.0017195329660921743,1.0300765373909906,7.656600122030177e-5
16.26,0.00174035344551271,1.0300727991861478,7.282779637751702e-5
16.27,0.0017605006772782872,1.030069025507841,6.90541180707882e-5
16.28,0.0017799673181997377,1.0300652177898342,6.524640006388971e-5
16.29,0.0017987463929358682,1.0300613775641174,6.140617434713391e-5
16.3,0.0018168317750593133,1.0300575062364477,5.753484667736508e-5
16.31,0.0018342175451238063,1.0300536052572955,5.3633867525215706e-5
16.32,0.0018508979905931255,1.0300496761209914,4.9704731221122955e-5
16.33,0.0018668676058979372,1.0300457203649147,4.574897514442178e-5
16.34,0.001882121092357636,1.0300417395687196,4.176817894929741e-5
16.35,0.0018966533582656098,1.0300377353536085,3.776396383825542e-5
16.36,0.0019104595188395024,1.0300337093816454,3.3737991875115725e-5
16.37,0.0019235348962141074,1.0300296633551131,2.969196534285956e-5
16.38,0.0019358761943735203,1.0300255984884392,2.5627098668934423e-5
16.39,0.001947479753809489,1.0300215161521482,2.154476237792302e-5
16.4,0.0019583416267607845,1.0300174180735495,1.7446683779231975e-5
16.41,0.0019684587590944602,1.0300133057439027,1.3334354132421566e-5
16.42,0.001977828300127271,1.0300091806928857,9.209303115431666e-6
16.43,0.0019864476025546196,1.0300050444884816,5.073098711338986e-6
16.44,0.0019943142224576604,1.0300008987369136,9.273471432980074e-7
16.45,0.0020014259193530393,1.0299967450826282,3.2263071421123612e-6
16.46,0.0020077806561431544,1.0299925852083294,7.386181440915962e-6
16.47,0.002013376599137473,1.029988420835063,1.1550554707362437e-5
16.48,0.002018212118080953,1.029984253722349,1.57176674213666e-5
16.49,0.0020222863665040336,1.029980085237266,1.988615250425596e-5
16.5,0.002025598843161447,1.0299759166209355,2.4054768834824714e-5
16.51,0.002028148562324361,1.0299717497026217,2.822168714855522e-5
16.52,0.0020299352339137045,1.0299675859929118,3.238539685845865e-5
16.53,0.0020309587677047602,1.029963427029357,3.654436041333753e-5
16.54,0.0020312192734834866,1.0299592743771555,4.069701261477654e-5
16.55,0.002030717060890197,1.0299551296298861,4.484175988417327e-5
16.56,0.0020294526395474577,1.0299509944102845,4.897697948580415e-5
16.57,0.002027426718974823,1.0299468703710652,5.310101870503736e-5
16.58,0.0020246402086527837,1.0299427591957913,5.7212193979028214e-5
16.59,0.0020210942179588187,1.029938662599785,6.130878998522604e-5
16.6,0.0020167900562171326,1.0299345823310833,6.538905868702649e-5
16.61,0.002011729385515082,1.0299305197135542,6.945167621608128e-5
16.62,0.0020059144561699327,1.0299264757901894,7.349559958091945e-5
16.63,0.001999347307098276,1.0299224524734505,7.751891631979646e-5
16.64,0.001992030217323304,1.029918451251491,8.152013827933402e-5
16.65,0.0019839656644933257,1.0299144736238928,8.5497765877518e-5
16.66,0.0019751563248178172,1.0299105211030941,8.945028667617372e-5
16.67,0.001965605073124266,1.0299065952158482,9.337617392213282e-5
16.68,0.0019553149828084315,1.0299026975047127,9.727388505753609e-5
16.69,0.0019442893258911909,1.0298988295295657,0.00010114186020460103
16.7,0.0019325315729545878,1.0298949928691519,0.00010497852061841506
16.71,0.0019200453931986772,1.029891189122653,0.00010878226711730221
16.72,0.0019068346544131032,1.0298874199112844,0.00011255147848587832
16.73,0.0018929031704573163,1.0298836866244667,0.0001162847653035648
16.74,0.0018782550991573999,1.029879990143698,0.00011998124607237592
16.75,0.0018628954013806265,1.0298763322547575,0.00012363913501278745
16.76,0.0018468285357755576,1.0298727143670607,0.0001272570227095482
16.77,0.0018300591655631138,1.0298691378841347,0.00013083350563558582
16.78,0.0018125921585507854,1.0298656042055072,0.00013436718426307337
16.79,0.0017944325871823708,1.0298621147285985,0.00013785666117183126
16.8,0.0017755857284171839,1.0298586708506212,0.0001413005391490696
16.81,0.001756057063857952,1.0298552739704787,0.00014469741929157287
16.82,0.0017358522796797615,1.029851925490667,0.00014804589910322186
16.83,0.0017149772666229524,1.0298486268191729,0.00015134457059740036
16.84,0.001693438120042856,1.0298453793713718,0.00015459201839851389
16.85,0.0016712407962486964,1.02984218448246,0.00015778690731038658
16.86,0.0016483907120843355,1.0298390430040314,0.0001609283857388899
16.87,0.0016248955639497353,1.0298359564243666,0.00016401496540363603
16.88,0.0016007617545739095,1.0298329260189656,0.00016704537080469706
16.89,0.0015759959014118863,1.0298299530410553,0.00017001834871499533
16.9,0.0015506048367086578,1.0298270387235409,0.0001729326662294195
16.91,0.0015245956075276013,1.029824184280931,0.00017578710883925375
16.92,0.001497975475679425,1.02982139091124,0.00017858047853036574
16.93,0.0014707519177505901,1.0298186597978558,0.0001813115919144792
16.94,0.0014429326251104158,1.0298159921113832,0.00018397927838709194
16.95,0.0014145255039252902,1.0298133890114496,0.0001865823783206988
16.96,0.0013855386751089327,1.0298108516484794,0.00018911974129087739
16.97,0.001355980289858394,1.0298083811589265,0.00019159023084380777
16.98,0.0013258568718370611,1.0298059784657387,0.00019399292403154966
16.99,0.0012951785894514956,1.0298036446322456,0.00019632675752467854
17.0,0.001263953737321799,1.0298013807405855,0.0001985906491848155
17.01,0.0012321908340595655,1.0297991878378887,0.00020078355188157815
17.02,0.0011998986223318298,1.0297970669378609,0.00020290445190940254
17.03,0.0011670860688113294,1.029795019022308,0.00020495236746231882
17.04,0.0011337623642475592,1.0297930450426063,0.00020692634716401592
17.05,0.0010999369233744005,1.0297911459211126,0.0002088254686576363
17.06,0.001065619384952754,1.0297893225525165,0.00021064883725374628
17.07,0.0010308196117918556,1.0297875758051298,0.00021239558464047903
17.08,0.000995547690720855,1.0297859065221124,0.00021406486765784827
17.09,0.000959813932595921,1.029784315522639,0.000215655867131348
17.1,0.0009236265545524702,1.029782803789635,0.0002171676001352374
17.11,0.0008869976315892814,1.0297813719213291,0.00021859946844116074
17.12,0.0008499375216644012,1.0297800207332064,0.00021995065656388313
17.13,0.0008124567394105497,1.0297787510058622,0.00022122038390803844
17.14,0.0007745660239777408,1.0297775634789306,0.000222407910839717
17.15,0.0007362763390545979,1.029776458851832,0.00022351253793817527
17.16,0.0006975988728754601,1.0297754377844428,0.00022453360532748157
17.17,0.0006585450381635383,1.0297745008976829,0.00022547049208743175
17.18,0.0006191264722446022,1.0297736487740237,0.00022632261574662138
17.19,0.0005793550368622391,1.0297728819579146,0.00022708943185567598
17.2,0.0005392428184407549,1.029772200956126,0.00022777043364419214
17.21,0.0004988021278080623,1.0297716062380102,0.00022836515176005712
17.22,0.00045804396452098217,1.0297710985956516,0.0002288727941186508
17.23,0.0004169815546859468,1.0297706783076002,0.00022929308217012334
17.24,0.00037562758187448253,1.029770345810014,0.00022962557975625408
17.25,0.0003339947122427134,1.0297701015517247,0.00022986983804562655
17.26,0.00029209581897049475,1.02976994594018,0.0002300254495903875
17.27,0.0002499439822756244,1.0297698793411754,0.00023009204859492094
17.28,0.00020755248923620684,1.029769902078498,0.00023006931127222963
17.29,0.00016741769080397262,1.0297700144334785,0.00022995695629179913
17.3,0.00013760357710879134,1.0297702166444562,0.00022975474531405915
17.31,0.00010763185752438176,1.029770508906156,0.00022946248361432886
17.32,7.75122790344085e-5,1.0297708913689743,0.00022908002079602419
17.33,5.477501557749065e-5,1.02977136413818,0.00022860725159024042
17.34,6.792857366377802e-5,1.0297719275995059,0.00022804379026442056
17.35,9.474050490609898e-5,1.0297725817594428,0.00022738963032753468
17.36,0.00013854813337843552,1.029773326606076,0.0002266447836942742
17.37,0.0001824675735377923,1.0297741621894385,0.00022580920033177243
17.38,0.00022648375327349868,1.0297750885266839,0.00022488286308641747
17.39,0.0002705814404393436,1.0297761056007686,0.00022386578900168708
17.4,0.00031474524295305173,1.029777213359051,0.00022275803071925004
17.41,0.00035895960875365063,1.029778411711808,0.0002215596779622242
17.42,0.0004032088258227873,1.0297797005306721,0.00022027085909814836
17.43,0.0004474770221705171,1.0297810796469877,0.00021889174278255652
17.44,0.0004917481658566203,1.0297825488500898,0.00021742253968048963
17.45,0.0005360060649053366,1.0297841078855061,0.00021586350426416878
17.46,0.0005802343674474741,1.029785756453085,0.00021421493668527525
17.47,0.0006244161687192218,1.0297874942750633,0.00021247711470695485
17.48,0.0006685348599404506,1.0297893211103286,0.00021065027944167092
17.49,0.0007125741177205214,1.0297912364594686,0.00020873493030171275
17.5,0.0007565167481828894,1.029793239861413,0.0002067315283573734
17.51,0.0008003454856009284,1.0297953308387302,0.0002046405510400806
17.52,0.0008440429924618797,1.0297975088954059,0.00020246249436439712
17.53,0.0008875918594739574,1.0297997735145668,0.00020019787520353383
17.54,0.0009309746054952939,1.029802124156148,0.00019784723362237244
17.55,0.0009741736776049947,1.0298045602545056,0.00019541113526466702
17.56,0.0010171714510960328,1.0298070812159805,0.00019289017378976148
17.57,0.001059950229453932,1.02980968641641,0.0001902849733603773
17.58,0.001102492244314135,1.0298123751985917,0.00018759619117858506
17.59,0.0011447796556041112,1.0298151468697063,0.00018482452006396421
17.6,0.001186794422196158,1.0298180006765527,0.00018197071321757186
17.61,0.0012285160314462473,1.0298209353290046,0.00017903606076563605
17.62,0.0012699285855077846,1.029823950281938,0.00017602110783232483
17.63,0.0013110132734297508,1.029827044542935,0.00017292684683534176
17.64,0.0013517513561041028,1.0298302171207234,0.0001697542690468623
17.65,0.0013921241661307704,1.0298334670225533,0.0001665043672169908
17.66,0.0014321131078744997,1.0298367932515542,0.00016317813821609128
17.67,0.001471699657443537,1.0298401948040798,0.00015977658569044095
17.68,0.0015108653627109447,1.0298436706670322,0.0001563007227380897
17.69,0.0015495918432790745,1.0298472198151793,0.0001527515745909369
17.7,0.0015878607905861486,1.029850841208461,0.00014913018130924272
17.71,0.001625653967693097,1.0298545337892884,0.00014543760048191245
17.72,0.0016629516621620155,1.0298582960987104,0.00014167529105990617
17.73,0.0016997349299572306,1.0298621266172152,0.00013784477255507355
17.74,0.001735986330473338,1.0298660242372988,0.00013394715247150302
17.75,0.001771686881561152,1.0298699875037145,0.00012998388605578448
17.76,0.0018068178095802523,1.029874014978636,0.0001259564111342204
17.77,0.0018413605494771446,1.029878105239253,0.00012186615051734684
17.78,0.001875296744756838,1.0298822568753903,0.00011771451438002956
17.79,0.0019086082475254784,1.02988646848715,0.00011350290262024387
17.8,0.0019412771184263988,1.0298907386825773,0.0001092327071929855
17.81,0.0019732856267182797,1.0298950660753559,0.00010490531441442741
17.82,0.0020046162501543563,1.0298994492825317,0.00010052210723854316
17.83,0.0020352516751529492,1.0299038869222716,9.608446749864719e-5
17.84,0.002065171344867167,1.029908376337763,9.159505200728724e-5
17.85,0.0020943599998233253,1.0299129163245833,8.7055065187025e-5
17.86,0.0021228001224358195,1.029917505115718,8.246627405239515e-5
17.87,0.0021504741661431126,1.0299221408553338,7.78305344364405e-5
17.88,0.002177364950753713,1.0299268217196353,7.314967013494211e-5
17.89,0.002203455662474596,1.0299315459152552,6.842547451513248e-5
17.9,0.0022287298538969935,1.0299363116777038,6.365971206645504e-5
17.91,0.002253171443953761,1.0299411172698751,5.885411989514644e-5
17.92,0.0022767647179691153,1.0299459609806079,5.401040916241939e-5
17.93,0.002299494327701268,1.0299508411233125,4.91302664578086e-5
17.94,0.002321345291214527,1.0299557560346557,4.421535511456298e-5
17.95,0.0023423019234414255,1.029960703586266,3.9267803504383636e-5
17.96,0.002362347893075878,1.0299656808639188,3.429052585146586e-5
17.97,0.002381470309117617,1.0299706864817075,2.928490806275441e-5
17.98,0.0023996545381947954,1.0299757182434925,2.4253146277741777e-5
17.99,0.0024168864575671023,1.0299807739966256,1.9197393144709807e-5
18.0,0.0024331524551399752,1.0299858516315061,1.4119758264152793e-5
18.01,0.002448439429457494,1.0299909490812083,9.022308562034453e-6
18.02,0.0024627347897094864,1.029996064321184,3.907068586217477e-6
18.03,0.002476026455710212,1.0300011953690427,1.2239792723800491e-6
18.04,0.0024883028579480992,1.0300063402844044,6.368894634123379e-6
18.05,0.00249955293755022,1.0300114971688337,1.1525779063381592e-5
18.06,0.002509766146260972,1.0300166641658477,1.6692776077409377e-5
18.07,0.0025189304671187074,1.0300218380346189,2.186664484860046e-5
18.08,0.002527036328579868,1.0300270166623136,2.704527254326905e-5
18.09,0.0025340744111730373,1.0300321980239744,3.222663420410221e-5
18.1,0.0025400354066960062,1.0300373797558695,3.7408366099223045e-5
18.11,0.002544910622511054,1.030042559542647,4.258815287672135e-5
18.12,0.0025486919815165265,1.0300477351183068,4.776372853654287e-5
18.13,0.0025513720221397307,1.0300529042672468,5.293287747654141e-5
18.14,0.002552943898393778,1.0300580648253803,5.809343561002933e-5
18.15,0.0025534013797425814,1.030063214681329,6.324329155882324e-5
18.16,0.002552738851314018,1.0300683517776859,6.838038791556755e-5
18.17,0.0025509513137009776,1.0300734741123498,7.350272257955481e-5
18.18,0.002548034383053732,1.0300785797399306,7.860835016026968e-5
18.19,0.002543983069351441,1.0300836647543934,8.369336462310528e-5
18.2,0.0025387941547379,1.0300887277124275,8.875632265725741e-5
18.21,0.0025324647281266266,1.0300937662492997,9.379485952942801e-5
18.22,0.002524992509307822,1.0300987779886701,9.880659889982546e-5
18.23,0.002516375878244048,1.0301037606015968,0.00010378921182652157
18.24,0.0025066138751057565,1.0301087118088088,0.00010874041903852216
18.25,0.0024957062002002317,1.030113629383024,0.00011365799325369075
18.26,0.0024836532139858036,1.0301185111513202,0.00011853976154996282
18.27,0.002470455937157112,1.0301233549975477,0.00012338360777741642
18.28,0.002456116050502999,1.030128158864788,0.00012818747501763816
18.29,0.002440635895077037,1.0301329207578551,0.0001329493680848337
18.3,0.0024240184720412117,1.0301376387458354,0.0001376673560651298
18.31,0.0024062679822804967,1.0301423098201323,0.0001423384303620434
18.32,0.0023873878019671224,1.0301469314945608,0.0001469601047905389
18.33,0.002367382684631991,1.030151502025563,0.00015153063579265158
18.34,0.0023462585065772146,1.0301560192239623,0.00015604783419198576
18.35,0.0023240217253501783,1.0301604809450589,0.00016050955528856825
18.36,0.0023006793796511715,1.030164885091698,0.00016491370192772692
18.37,0.0022762390892694384,1.0301692296173433,0.00016925822757296594
18.38,0.002250709055253708,1.0301735125291585,0.00017354113938816695
18.39,0.0022240980597842963,1.0301777318910899,0.00017776050131956822
18.4,0.0021964154661944235,1.0301818858269467,0.00018191443717641143
18.41,0.002167672290859457,1.0301859722230418,0.00018600083327147132
18.42,0.0021378794691742087,1.0301899887913715,0.00019001740160118352
18.43,0.0021070477834257417,1.0301939337793988,0.00019396238962854362
18.44,0.002075189787326792,1.0301978052721543,0.00019783388238403532
18.45,0.0020423185392246523,1.030201601393148,0.00020163000337780623
18.46,0.0020084476019732733,1.0302053203076027,0.00020534891783241527
18.47,0.001973591043068268,1.0302089602256468,0.0002089888358765002
18.48,0.0019377634346042782,1.0302125194054708,0.00021254801570047555
18.49,0.0019009798532110267,1.0302159961564388,0.0002160247666684878
18.5,0.0018632558801598975,1.0302193888421558,0.00021941745238551746
18.51,0.001824608533063099,1.03022269579538,0.00022272440560966444
18.52,0.001785055723310336,1.0302259151326223,0.00022594374285200836
18.53,0.0017446136258314482,1.030229045360925,0.00022907397115479178
18.54,0.0017033008743325695,1.0302320849501727,0.00023211356040242492
18.55,0.0016611364668577266,1.0302350324032066,0.0002350610134362885
18.56,0.001618139765945159,1.0302378862586736,0.0002379148689033439
18.57,0.0015743304983786288,1.0302406450938009,0.00024067370403058064
18.58,0.0015297287554503214,1.0302433075270814,0.00024333613731108983
18.59,0.0014843549928045263,1.0302458722208785,0.0002459008311082034
18.6,0.0014382300304589535,1.03024833788394,0.000248366494169705
18.61,0.0013913755723038435,1.030250703279771,0.0002507318900006883
18.62,0.0013438154972646998,1.0302529671524219,0.00025299576265158663
18.63,0.001295570348588626,1.030255128301825,0.0002551569120547992
18.64,0.0012466635180317098,1.030257185663044,0.0002572142732737426
18.65,0.0011971186041677129,1.0302591382013027,0.0002591668115323742
18.66,0.001146959412352544,1.0302609849139637,0.0002610135241933875
18.67,0.0010962099547384696,1.0302627248323921,0.00026275344262183253
18.68,0.001044894450238587,1.030264357023704,0.00026438563393371695
18.69,0.0009930373246618274,1.0302658805923912,0.00026590920262092865
18.7,0.0009406632104997925,1.0302672946818316,0.0002673232920613611
18.71,0.0008877969994927071,1.0302685984807236,0.0002686270909533217
18.72,0.0008344663966894927,1.030269791465453,0.00026982007568276956
18.73,0.0007806951592499445,1.0302708727839103,0.0002709013941399885
18.74,0.0007265096596924536,1.0302718418804093,0.0002718704906390368
18.75,0.0006719363218223862,1.0302726982308215,0.00027272684105117406
18.76,0.000617001620852875,1.0302734413433303,0.0002734699535600349
18.77,0.0005617320833337658,1.030274070759054,0.00027409936928379786
18.78,0.0005061542871516167,1.030274586052531,0.00027461466276079705
18.79,0.00045029486160075294,1.0302749868320684,0.00027501544229813213
18.8,0.0003941804872837906,1.0302752727399571,0.00027530135018682955
18.81,0.0003378378962111128,1.0302754434525485,0.0002754720627782259
18.82,0.0002812952663617807,1.0302754990268006,0.000275527637030315
18.83,0.00022466221131622888,1.0302754391493452,0.0002754677595748767
18.84,0.0001832882632726296,1.0302752637399164,0.00027529235014611686
18.85,0.0001435694881024574,1.0302749727991944,0.0002750014094241582
18.86,0.0001037573561788463,1.0302745663651953,0.0002745949754250354
18.87,6.735075938735235e-5,1.0302740445125262,0.00027407312275595785
18.88,8.458593323723562e-5,1.0302734073515092,0.0002734359617388993
18.89,0.00011784562884287197,1.0302726550271692,0.00027268363739896273
18.9,0.00017501815345610794,1.030271787718091,0.00027181632832062874
18.91,0.00023214809093730082,1.0302708056351426,0.00027083424537233114
18.92,0.0002892087423234102,1.0302697091149848,0.0002697377252145472
18.93,0.00034617347887433425,1.0302684987454815,0.00026852735571125663
18.94,0.00040301591761249256,1.0302671747401233,0.000267203350353018
18.95,0.00045970984290022443,1.0302657375946487,0.00026576620487839264
18.96,0.0005162292459672813,1.030264187854236,0.00026421646446572744
18.97,0.0005725483249676699,1.0302625261115144,0.00026255472174407934
18.98,0.0006286414849867583,1.0302607530044614,0.00026078161469111905
18.99,0.0006844833379915372,1.0302588692141916,0.0002588978244213447
19.0,0.0007400487028661473,1.0302568754626356,0.0002569040728652716
19.01,0.0007953126053976689,1.030254772510108,0.000254801120337822
19.02,0.0008502502782974375,1.0302525611527782,0.00025258976300790437
19.03,0.0009048371611726225,1.030250242220033,0.0002502708302627443
19.04,0.0009590500449832007,1.0302478166345015,0.00024784524473120406
19.05,0.001012865173812827,1.0302452853802382,0.00024531399046789915
19.06,0.0010662585420604387,1.0302426493930346,0.0002426780032642739
19.07,0.0011192074575419042,1.0302399097013157,0.0002399383115454512
19.08,0.001171689444170454,1.030237067391079,0.0002370960013087231
19.09,0.0012236822419495752,1.0302341236028452,0.00023415221307487855
19.1,0.0012751638070156446,1.0302310795285388,0.00023110813876847658
19.11,0.0013261123115810847,1.030227936408303,0.00022796501853261653
19.12,0.0013765061439769966,1.0302246955272485,0.00022472413747820497
19.13,0.0014263244474577164,1.0302213581833684,0.00022138679359806623
19.14,0.0014755483865585006,1.0302179255904547,0.0002179542006843782
19.15,0.0015241565687915681,1.0302143991359793,0.00021442774620905602
19.16,0.0015721298772248815,1.0302107801739244,0.00021080878415413729
19.17,0.0016194494596604159,1.030207070126592,0.0002070987368216759
19.18,0.0016660967286128425,1.030203270481236,0.00020329909146576952
19.19,0.0017120533612668964,1.0301993827866702,0.00019941139689994003
19.2,0.0017573012995342197,1.0301954086498446,0.00019543726007431594
19.21,0.001801822750017834,1.030191349732406,0.0001913783426357174
19.22,0.0018456001840121417,1.0301872077472356,0.00018723635746531464
19.23,0.0018886195358192026,1.0301829840325472,0.00018301264277686968
19.24,0.0019308631134720144,1.0301786803485526,0.0001787089587823587
19.25,0.0019723156492119642,1.0301742983388968,0.00017432694912655755
19.26,0.002012962470736568,1.0301698396871675,0.0001698682973971799
19.27,0.0020527891697597056,1.0301653061507454,0.00016533476097513322
19.28,0.002091781602025833,1.030160699557592,0.00016072816782175536
19.29,0.0021299258873170857,1.0301560218030537,0.00015605041328337066
19.3,0.002167208409460386,1.0301512748466877,0.00015130345691738434
19.31,0.002203615816306126,1.0301464607091115,0.00014648931934124754
19.32,0.0022391371075514144,1.0301415810688923,0.00014160967912202338
19.33,0.002273760586533058,1.0301366376629784,0.00013666627320807478
19.34,0.0023074742822473127,1.0301316324917218,0.00013166110195150793
19.35,0.002340267803404572,1.0301265674239732,0.00012659603420295262
19.36,0.002372131013224532,1.0301214444075526,0.00012147301778231423
19.37,0.0024030540294361913,1.0301162654666536,0.0001162940768832943
19.38,0.0024330272242067963,1.0301110326993048,0.00011106130953453253
19.39,0.0024620412242484235,1.0301057482748852,0.00010577688511492767
19.4,0.0024900869107113976,1.0301004144317025,0.00010044304193224107
19.41,0.0025171562651067347,1.0300950332543226,9.506186455232601e-5
19.42,0.0025432432794403326,1.030089606248752,8.963485898161316e-5
19.43,0.0025683393106064045,1.030084135769779,8.416438000868887e-5
19.44,0.002592438033104827,1.0300786238011834,7.865241141313817e-5
19.45,0.0026155333618405052,1.0300730724056189,7.310101584856454e-5
19.46,0.002637619452016793,1.0300674837229893,6.751233321899974e-5
19.47,0.0026586906992136505,1.030061859968908,6.188857913769219e-5
19.48,0.002678741739373436,1.030056203433239,5.623204346871802e-5
19.49,0.0026977674487653758,1.0300505164787275,5.05450889571879e-5
19.5,0.002715762944021094,1.0300448015397132,4.4830149942942654e-5
19.51,0.002732726493093196,1.0300390599192744,3.9088529504072156e-5
19.52,0.0027486531963489824,1.0300332941641464,3.332277437606557e-5
19.53,0.0027635402397763187,1.030027506349772,2.753496000162947e-5
19.54,0.002777385138209354,1.030021698587597,2.1727197826670874e-5
19.55,0.0027901856346801424,1.0300158730612363,1.5901671466034273e-5
19.56,0.002801939700404432,1.0300100320261476,1.0060636377318133e-5
19.57,0.0028126455347248225,1.0300041778094033,4.2064196330571235e-6
19.58,0.0028223015651533956,1.0299983128095613,1.658580208951932e-6
19.59,0.002830906447385928,1.0299924394966358,7.531893134515855e-6
19.6,0.0028384602428204175,1.0299865596583528,1.3411731417445338e-5
19.61,0.002844962830366171,1.0299806752962501,1.9296093520138058e-5
19.62,0.0028504140496039554,1.0299747887311363,2.518265863393765e-5
19.63,0.002854814445825582,1.0299689020591245,3.106933064578321e-5
19.64,0.0028581647874190708,1.029963017436613,3.695395315728156e-5
19.65,0.0028604660656768033,1.0299571370812541,4.283430851614867e-5
19.66,0.0028617194949376312,1.0299512632730183,4.870811675194986e-5
19.67,0.0028619265125016113,1.0299453983553535,5.4573034416804944e-5
19.68,0.002861088778672638,1.0299395447364403,6.042665332994801e-5
19.69,0.002859208176758443,1.0299337048905408,6.626649922947259e-5
19.7,0.002856287555019321,1.0299278801600558,7.209122971452153e-5
19.71,0.0028523296225912986,1.0299220729422027,7.789844756755926e-5
19.72,0.002847337336106648,1.0299162853579387,8.368603183162016e-5
19.73,0.0028413139187364322,1.0299105194522629,8.94519375074232e-5
19.74,0.0028342628034323525,1.0299047773099268,9.519407984348582e-5
19.75,0.002826187632898325,1.0298990610577246,0.00010091033204573385
19.76,0.002817092259583376,1.0298933728668658,0.00010659852290451077
19.77,0.0028069807457242746,1.0298877149554198,0.00011225643435053279
19.78,0.002795857363331322,1.0298820895908343,0.0001178817989360148
19.79,0.0027837265941386136,1.0298764990925247,0.00012347229724563036
19.8,0.0027705931296893027,1.0298709458345312,0.00012902555523908177
19.81,0.0027564615591728625,1.029865431431281,0.00013453995848933253
19.82,0.0027413376135569933,1.0298599572164455,0.00014001417332476507
19.83,0.0027252269457775924,1.0298545257597125,0.00014544563005780553
19.84,0.002708134852255739,1.0298491390342663,0.00015083235550394924
19.85,0.002690066904975197,1.029843799032993,0.00015617235677733987
19.86,0.0026710289514468855,1.0298385077718077,0.00016146361796254283
19.87,0.002651027114630722,1.0298332672930248,0.0001667040967454625
19.88,0.0026300677930848337,1.0298280796687638,0.00017189172100651184
19.89,0.002608157660837662,1.029822947004387,0.00017702438538336196
19.9,0.00258530296190429,1.029817871196928,0.00018210019284237156
19.91,0.0025615101884923774,1.0298128537818931,0.00018711760787715193
19.92,0.0025367869841019797,1.0298078968340014,0.0001920745557688619
19.93,0.002511140175748494,1.0298030022125537,0.00019696917721656604
19.94,0.002484576859821175,1.029798171774537,0.00020179961523325574
19.95,0.0024571044021399757,1.0297934073784119,0.00020656401135843439
19.96,0.002428730437891602,1.0297887108879027,0.00021126050186759393
19.97,0.0023994628716721422,1.0297840841757786,0.00021588721399168342
19.98,0.0023693098774941745,1.029779529127628,0.00022044226214235074
19.99,0.0023382789543191507,1.0297750475065899,0.00022492388318040568
20.0,0.002306378338268189,1.0297706407614877,0.00022933062828256467
