time_s,frequency_deviation_Hz,RoCoF_Hz_s
0.0,0.0,0.0
0.01,-6.661338147750939e-15,-6.661338147750939e-13
0.02,-6.661338147750939e-15,0.0
0.03,-1.3322676295501878e-14,-6.661338147750939e-13
0.04,-1.9984014443252818e-14,-6.661338147750939e-13
0.05,-1.9984014443252818e-14,0.0
0.06,-2.6645352591003757e-14,-6.661338147750939e-13
0.07,-1.9984014443252818e-14,6.661338147750939e-13
0.08,-2.6645352591003757e-14,-6.661338147750939e-13
0.09,-2.6645352591003757e-14,0.0
0.1,-3.3306690738754696e-14,-6.661338147750939e-13
0.11,-2.6645352591003757e-14,6.661338147750939e-13
0.12,-3.9968028886505635e-14,-1.3322676295501878e-12
0.13,-3.9968028886505635e-14,0.0
0.14,-3.9968028886505635e-14,0.0
0.15,-3.9968028886505635e-14,0.0
0.16,-4.6629367034256575e-14,-6.661338147750939e-13
0.17,-5.3290705182007514e-14,-6.661338147750939e-13
0.18,-5.3290705182007514e-14,0.0
0.19,-5.995204332975845e-14,-6.661338147750939e-13
0.2,-7.327471962526033e-14,-1.3322676295501878e-12
0.21,-6.661338147750939e-14,6.661338147750939e-13
0.22,-6.661338147750939e-14,0.0
0.23,-6.661338147750939e-14,0.0
0.24,-6.661338147750939e-14,0.0
0.25,-5.995204332975845e-14,6.661338147750939e-13
0.26,-6.661338147750939e-14,-6.661338147750939e-13
0.27,-5.995204332975845e-14,6.661338147750939e-13
0.28,-6.661338147750939e-14,-6.661338147750939e-13
0.29,-6.661338147750939e-14,0.0
0.3,-6.661338147750939e-14,0.0
0.31,-7.327471962526033e-14,-6.661338147750939e-13
0.32,-7.327471962526033e-14,0.0
0.33,-7.327471962526033e-14,0.0
0.34,-7.327471962526033e-14,0.0
0.35,-7.993605777301127e-14,-6.661338147750939e-13
0.36,-7.327471962526033e-14,6.661338147750939e-13
0.37,-5.995204332975845e-14,1.3322676295501878e-12
0.38,-5.3290705182007514e-14,6.661338147750939e-13
0.39,-2.6645352591003757e-14,2.6645352591003757e-12
0.4,-1.9984014443252818e-14,6.661338147750939e-13
0.41,-1.3322676295501878e-14,6.661338147750939e-13
0.42,0.0,1.3322676295501878e-12
0.43,1.3322676295501878e-14,1.3322676295501878e-12
0.44,1.3322676295501878e-14,0.0
0.45,2.6645352591003757e-14,1.3322676295501878e-12
0.46,3.9968028886505635e-14,1.3322676295501878e-12
0.47,3.9968028886505635e-14,0.0
0.48,5.3290705182007514e-14,1.3322676295501878e-12
0.49,6.661338147750939e-14,1.3322676295501878e-12
0.5,7.993605777301127e-14,1.3322676295501878e-12
0.51,9.325873406851315e-14,1.3322676295501878e-12
0.52,1.0658141036401503e-13,1.3322676295501878e-12
0.53,1.199040866595169e-13,1.3322676295501878e-12
0.54,1.3322676295501878e-13,1.3322676295501878e-12
0.55,1.4654943925052066e-13,1.3322676295501878e-12
0.56,1.5987211554602254e-13,1.3322676295501878e-12
0.57,1.865174681370263e-13,2.6645352591003757e-12
0.58,1.9984014443252818e-13,1.3322676295501878e-12
0.59,2.1316282072803006e-13,1.3322676295501878e-12
0.6,2.1316282072803006e-13,0.0
0.61,2.2648549702353193e-13,1.3322676295501878e-12
0.62,2.2648549702353193e-13,0.0
0.63,2.398081733190338e-13,1.3322676295501878e-12
0.64,2.398081733190338e-13,0.0
0.65,2.398081733190338e-13,0.0
0.66,2.398081733190338e-13,0.0
0.67,2.398081733190338e-13,0.0
0.68,2.398081733190338e-13,0.0
0.69,2.531308496145357e-13,1.3322676295501878e-12
0.7,2.531308496145357e-13,0.0
0.71,2.531308496145357e-13,0.0
0.72,2.531308496145357e-13,0.0
0.73,2.531308496145357e-13,0.0
0.74,2.531308496145357e-13,0.0
0.75,2.6645352591003757e-13,1.3322676295501878e-12
0.76,2.6645352591003757e-13,0.0
0.77,2.531308496145357e-13,-1.3322676295501878e-12
0.78,2.531308496145357e-13,0.0
0.79,2.398081733190338e-13,-1.3322676295501878e-12
0.8,2.398081733190338e-13,0.0
0.81,2.2648549702353193e-13,-1.3322676295501878e-12
0.82,2.2648549702353193e-13,0.0
0.83,1.9984014443252818e-13,-2.6645352591003757e-12
0.84,1.865174681370263e-13,-1.3322676295501878e-12
0.85,1.7319479184152442e-13,-1.3322676295501878e-12
0.86,1.4654943925052066e-13,-2.6645352591003757e-12
0.87,1.3322676295501878e-13,-1.3322676295501878e-12
0.88,1.0658141036401503e-13,-2.6645352591003757e-12
0.89,7.993605777301127e-14,-2.6645352591003757e-12
0.9,5.3290705182007514e-14,-2.6645352591003757e-12
0.91,2.6645352591003757e-14,-2.6645352591003757e-12
0.92,-6.661338147750939e-15,-3.3306690738754696e-12
0.93,-3.3306690738754696e-14,-2.6645352591003757e-12
0.94,-7.327471962526033e-14,-3.9968028886505635e-12
0.95,-1.0658141036401503e-13,-3.3306690738754696e-12
0.96,-1.3988810110276972e-13,-3.3306690738754696e-12
0.97,-1.7985612998927536e-13,-3.9968028886505635e-12
0.98,-2.1316282072803006e-13,-3.3306690738754696e-12
0.99,-2.531308496145357e-13,-3.9968028886505635e-12
1.0,-2.9309887850104133e-13,-3.9968028886505635e-12
1.01,0.002548481039839068,0.25484810401321667
1.02,0.005086733969812407,0.2538252929973339
1.03,0.007641005001444157,0.25542710316317496
1.04,0.010339935186678417,0.26989301852342606
1.05,0.013280140439824173,0.29402052531457556
1.06,0.016532127034167843,0.325198659434367
1.07,0.02014469268865504,0.36125656544871987
1.08,0.024148718005814196,0.40040253171591544
1.09,0.02856061907858365,0.4411901072769453
1.1,0.033385562644134836,0.48249435655511874
1.11,0.038620444439980695,0.5234881795845858
1.12,0.044256579350760994,0.5636134910780299
1.13,0.050282033448043606,0.6025454097282612
1.14,0.05668353201704779,0.6401498569004183
1.15,0.06344789601747447,0.6764364000426681
1.16,0.0705629859869017,0.7115089969427224
1.17,0.07801816228779845,0.745517630089676
1.18,0.08580429989510918,0.7786137607310728
1.19,0.09391342156580773,0.8109121670698549
1.2,0.10233803297192257,0.8424611406114835
1.21,0.11107025589053965,0.8732222918617083
1.22,0.12010086031997602,0.9030604429436373
1.23,0.12941829371392544,0.9317433393949415
1.24,0.13900779634055116,0.9589502626625723
1.25,0.14885067734287105,0.9842881002319892
1.26,0.15892380829280572,1.0073130949934672
1.27,0.1691993711438089,1.0275562851003173
1.28,0.17964487745342428,1.0445506309615382
1.29,0.1902234567236638,1.057857927023953
1.3,0.20089439468709003,1.067093796342622
1.31,0.2116138882163643,1.071949352927426
1.32,0.2223359726500762,1.072208443371192
1.33,0.2330135699493452,1.0677597299268982
1.34,0.24359960221435273,1.058603226500754
1.35,0.2540481146957996,1.0448512481446848
1.36,0.26431535501697745,1.0267240321177873
1.37,0.2743607609274479,1.0045405910470429
1.38,0.28414781658607335,0.9787055658625476
1.39,0.29364474695641185,0.9496930370338497
1.4,0.30282503049197107,0.9180283535559219
1.41,0.311667721320914,0.8842690828942956
1.42,0.32015758286160434,0.8489861540690313
1.43,0.3282850445856189,0.8127461724014573
1.44,0.3360460019106437,0.7760957325024798
1.45,0.3434414855371637,0.7395483626519983
1.46,0.3504772306678383,0.703574513067462
1.47,0.35716317846803847,0.6685947800200154
1.48,0.36351294165862136,0.6349763190582891
1.49,0.36954326395482795,0.6030322296206592
1.5,0.3752734990238471,0.5730235069019152
1.51,0.3807251294877867,0.5451630463939594
1.52,0.3859213406675499,0.519621117976321
1.53,0.3908866574841907,0.4965316816640808
1.54,0.39564664694828444,0.4759989464093728
1.55,0.4002276832000229,0.4581036251738446
1.56,0.4046567673249202,0.4429084124897287
1.57,0.4089613906916245,0.4304623366704341
1.58,0.4131694282111553,0.4208037519530805
1.59,0.4173090467828855,0.4139618571730175
1.6,0.42140861450998823,0.40995677271027375
1.61,0.42549659746692114,0.4087982956932912
1.62,0.42960143314282107,0.41048356758999205
1.63,0.43375137263689467,0.4149939494073607
1.64,0.43797428711895403,0.4222914482059359
1.65,0.4422974376868716,0.4323150567917544
1.66,0.4467472112728199,0.44497735859483356
1.67,0.451348828462379,0.4601617189559093
1.68,0.4561260317716087,0.4777203309229705
1.69,0.4611007649421994,0.4974733170590717
1.7,0.4662928550608969,0.5192090118697479
1.71,0.471719709785936,0.5426854725039121
1.72,0.47739604161866733,0.5676331832731307
1.73,0.48333363019036124,0.5937588571693908
1.74,0.48954113185706305,0.6207501666701809
1.75,0.49602394386117243,0.6482812004109384
1.76,0.5027841279243361,0.6760184063163699
1.77,0.5098203956159786,0.703626769164245
1.78,0.5171281553458984,0.7307759729919816
1.79,0.5246996184829689,0.7571463137070467
1.8,0.532523960042961,0.7824341559992121
1.81,0.5405875276981664,0.8063567655205439
1.82,0.5488740916032508,0.8286563905084421
1.83,0.5573651267365243,0.8491035133273428
1.84,0.5660401191148079,0.8674992378283619
1.85,0.5748768873464183,0.8836768231610392
1.86,0.5838519114147012,0.8975024068282877
1.87,0.592940661438357,0.9088750023655834
1.88,0.6021179201029758,0.9177258664618826
1.89,0.6113580936611429,0.9240173558167086
1.9,0.6206355076161563,0.9277413955013358
1.91,0.6299246844205042,0.9289176804347932
1.92,0.6392006016493479,0.9275917228843689
1.93,0.6484389300956384,0.9238328446290467
1.94,0.6576162520226392,0.9177321927000825
1.95,0.6667102603936126,0.9094008370973405
1.96,0.675699940244816,0.8989679851203469
1.97,0.6845657334933364,0.8865793248520326
1.98,0.6932896883939632,0.8723954900626829
1.99,0.7018555946094773,0.8565906215514119
2.0,0.7102491044786596,0.8393509869182303
2.01,0.7184578406091724,0.8208736130512762
2.02,0.7264714894215851,0.8013648812412733
2.03,0.7342818798130635,0.781039039147835
2.04,0.7418830456925463,0.7601165879482785
2.05,0.7492712708072347,0.7388225114688396
2.06,0.7564451141641637,0.7173843356929055
2.07,0.763405414263616,0.6960300099452255
2.08,0.7701552705206494,0.6749856257033393
2.09,0.7767000005226077,0.6544730001958321
2.1,0.7830470722071592,0.6347071684551508
2.11,0.7892060105729337,0.6158938365774524
2.12,0.7951882791436216,0.5982268570687843
2.13,0.8010071370880256,0.5818857944404066
2.14,0.8066774735536475,0.5670336465621872
2.15,0.81221562144004,0.5538147886392508
2.16,0.8176391533897576,0.5423531949717564
2.17,0.8229666632571897,0.5327509867432134
2.18,0.8282175366684807,0.5250873411291046
2.19,0.8334117145150755,0.5194177846594705
2.2,0.8385694533012078,0.5157738786132349
2.21,0.8437110861888053,0.5141632887597503
2.22,0.8488567884075016,0.5145702218696258
2.23,0.8540263503840873,0.516956197658569
2.24,0.8592389616005391,0.521261121645189
2.25,0.8645130077087382,0.5274046108199038
2.26,0.8698658829899797,0.5352875281241509
2.27,0.8753138197603683,0.5447936770388573
2.28,0.8808717358899631,0.5557916129594886
2.29,0.8865531012026473,0.568136531268415
2.3,0.8923698231323263,0.581672192967897
2.31,0.8983321518210552,0.5962328688728924
2.32,0.9044486044856859,0.6116452664630678
2.33,0.9107259089168496,0.6277304431163699
2.34,0.9171689656615012,0.6443056744651621
2.35,0.923780828627967,0.6611862966465765
2.36,0.9305627035985076,0.6781874970540613
2.37,0.9375139643685548,0.6951260770047263
2.38,0.9446321860083184,0.7118221639763611
2.39,0.951913194946723,0.7281008938404554
2.4,0.9593511353608886,0.7437940414165567
2.41,0.9669385514367024,0.7587416075813813
2.42,0.9746664848853337,0.7727933448631319
2.43,0.982524586989939,0.7858102104605358
2.44,0.9905012443499039,0.7976657359964889
2.45,0.9985837171761247,0.8082472826220766
2.46,1.0067582889837334,0.8174571807608721
2.47,1.0150104260637471,0.8252137080013711
2.48,1.023324945210713,0.8314519146965793
2.49,1.031686187665195,0.836124245448211
2.5,1.0400781974076745,0.8392009742479445
2.51,1.048484901477682,0.8406704070007542
2.52,1.0568902902291155,0.8405388751433485
2.53,1.0652785951038224,0.8388304874706876
2.54,1.0736344617743132,0.8355866670490819
2.55,1.0819431163796267,0.8308654605313492
2.56,1.0901905228182285,0.8247406438601779
2.57,1.0983635291696991,0.8173006351470669
2.58,1.106450001519459,0.8086472349759788
2.59,1.1144389437141466,0.7988942194687709
2.6,1.1223206018004506,0.7881658086303922
2.61,1.1300865521932613,0.7765950392810694
2.62,1.1377297728763702,0.7643220683108964
2.63,1.145244697213812,0.751492433744172
2.64,1.152627250207714,0.7382552993902003
2.65,1.159874867275703,0.7247617067989154
2.66,1.1669864958528509,0.7111628577147755
2.67,1.1739625803064202,0.6976084453569342
2.68,1.1808050308320395,0.684245052561927
2.69,1.1875171771391901,0.6712146307150668
2.7,1.1941037078550387,0.6586530715848582
2.71,1.2005705966681823,0.6466888813143612
2.72,1.2069250163178902,0.6354419649707843
2.73,1.2131752415908181,0.6250225272927956
2.74,1.2193305425379197,0.6155300947101594
2.75,1.2254010691634987,0.6070526625578943
2.76,1.2313977288683242,0.5996659704825547
2.77,1.2373320579626768,0.5934329094352542
2.78,1.2432160885666166,0.5884030603939827
2.79,1.2490622122742412,0.5846123707624606
2.8,1.254883041933157,0.5820829658915727
2.81,1.2606912729336628,0.580823100050587
2.82,1.2664995453933114,0.5808272459648656
2.83,1.2723203086236978,0.5820763230386383
2.84,1.2781656892517912,0.5845380628093366
2.85,1.2840473643339267,0.5881675082135551
2.86,1.2899764407797099,0.592907644578311
2.87,1.2959633423199524,0.5986901540242506
2.88,1.3020177052005888,0.6054362880636432
2.89,1.308148283678885,0.6130578478296123
2.9,1.3143628662945606,0.6214582615675646
2.91,1.3206682037764184,0.6305337481857798
2.92,1.32706994924082,0.6401745464401642
2.93,1.3335726113271873,0.6502662086367295
2.94,1.3401795206033418,0.6606909276154482
2.95,1.346892809484861,0.6713288881519119
2.96,1.3537134057909261,0.6820596306065241
2.97,1.360641039756647,0.6927633965720936
2.98,1.3676742643169293,0.7033224560282214
2.99,1.3748104882177614,0.7136223900832128
3.0,1.3820460213576657,0.7235533139904327
3.01,1.3893761317433384,0.7330110385672661
3.02,1.396795113142506,0.7418981399167635
3.03,1.40429636256159,0.7501249419084033
3.04,1.4118724665210536,0.7576103959463509
3.05,1.419515294951199,0.7642828430145521
3.06,1.4272161016426432,0.7700806691444129
3.07,1.4349656299295654,0.7749528286922214
3.08,1.4427542223917422,0.778859246217678
3.09,1.4505719333310418,0.7817710939299616
3.1,1.4584086426412712,0.7836709310229395
3.11,1.466254169915886,0.7845527274614739
3.12,1.4740983874512903,0.7844217535404319
3.13,1.4819313309386262,0.7832943487335875
3.14,1.4897433067312482,0.781197579262205
3.15,1.4975249944530722,0.7781687721823971
3.16,1.505267544004858,0.7742549551785771
3.17,1.5129626659327755,0.7695121927917548
3.18,1.5206027142405087,0.7640048307733238
3.19,1.5281807609413,0.7578046700791319
3.2,1.5356906615330157,0.7509900591715635
3.21,1.5431271108925548,0.7436449359539132
3.22,1.5504856891019125,0.7358578209357702
3.23,1.5577628967700186,0.7277207668106023
3.24,1.5649561797460088,0.7193282975990201
3.25,1.5720639429754746,0.7107763229465824
3.26,1.5790855535736714,0.7021610598196837
3.27,1.5860213332708017,0.6935779697130329
3.28,1.5928725403556454,0.6851207084843658
3.29,1.5996413416318855,0.6768801276240133
3.3,1.606330774727831,0.6689433095945496
3.31,1.6129447013604281,0.6613926632597078
3.32,1.619487752281139,0.6543050920710947
3.33,1.6259652645009037,0.647751221976467
3.34,1.632383211759878,0.6417947258974266
3.35,1.6387481290270678,0.6364917267189796
3.36,1.6450670319414495,0.6318902914381752
3.37,1.6513473322672123,0.6280300325762767
3.38,1.6575967502075395,0.6249417940327184
3.39,1.6638232247068663,0.6226474499326784
3.4,1.6700348227070538,0.6211598000187557
3.41,1.676239648338882,0.6204825631828115
3.42,1.682445753089481,0.6206104750599017
3.43,1.6886610478772113,0.6215294787730308
3.44,1.6948932179705078,0.6232170093296574
3.45,1.7011496416332106,0.6256423662702737
3.46,1.7074373133262633,0.6287671693052665
3.47,1.7137627722357651,0.6325458909501869
3.48,1.720132036823565,0.6369264587799961
3.49,1.7265505460419917,0.6418509218426571
3.5,1.7330231077489167,0.6472561706925006
3.51,1.7395538547966805,0.6530747047763796
3.52,1.7461462091718705,0.6592354375190013
3.53,1.7528028544734964,0.6656645301625908
3.54,1.75952571692378,0.6722862450283529
3.55,1.7663159550113328,0.6790238087552858
3.56,1.7731739577703731,0.685800275904036
3.57,1.7800993516076913,0.6925393837318161
3.58,1.787091015485185,0.6991663877493615
3.59,1.7941471041985713,0.7056088713386366
3.6,1.8012650793732332,0.711797517466195
3.61,1.80844174774212,0.7176668368886752
3.62,1.8156733061816421,0.7231558439522168
3.63,1.8229553929125553,0.7282086730913129
3.64,1.8302831442100498,0.7327751297494522
3.65,1.8376512559128955,0.7368111702845681
3.66,1.845054048975392,0.7402793062496471
3.67,1.8524855382685734,0.7431489293181492
3.68,1.8599395038051547,0.7453965536581286
3.69,1.867409563565876,0.7470059760721348
3.7,1.8748892470656564,0.7479683499780343
3.71,1.882372068831497,0.7482821765840697
3.72,1.8898516009606814,0.7479532129184285
3.73,1.897321543957431,0.7469942996749523
3.74,1.9047757950748512,0.7454251117420263
3.75,1.9122085134308309,0.7432718355979695
3.76,1.9196141812157341,0.7405667784903258
3.77,1.9269876603638147,0.7373479148080619
3.78,1.9343242441179287,0.7336583754113946
3.79,1.9416197030000415,0.7295458882112804
3.8,1.948870324746217,0.7250621746175412
3.81,1.9560729478613093,0.7202623115092344
3.82,1.9632249885173003,0.7152040655991065
3.83,1.9703244605985981,0.7099472081297797
3.84,1.9773699887782437,0.7045528179645544
3.85,1.9843608145879221,0.6990825809678469
3.86,1.9912967955250371,0.6935980937115005
3.87,1.9981783973134482,0.6881601788411018
3.88,2.005006679508292,0.6828282194843993
3.89,2.0117832747159925,0.6776595207700353
3.9,2.018510361745882,0.6727087029889667
3.91,2.025190633093241,0.6680271347359046
3.92,2.031827257196621,0.6636624103379951
3.93,2.0384238359676043,0.6596578770983186
3.94,2.0449843581353244,0.6560522167720073
3.95,2.0515131489829264,0.652879084760194
3.96,2.0580148170891954,0.6501668106269065
3.97,2.064494198705824,0.6479381616628643
3.98,2.0709563004224485,0.6462101716624424
3.99,2.07740624078415,0.6449940361701323
4.0,2.0838491915150303,0.6442950730880526
4.01,2.090290319011374,0.6441127496343846
4.02,2.0967347267490632,0.6444407737689062
4.03,2.1031873992288563,0.6452672479793087
4.04,2.109653148065127,0.6465748836270713
4.05,2.1161365607825555,0.6483412717428472
4.06,2.12264195285111,0.6505392068554272
4.07,2.1291733234528687,0.6531370601758901
4.08,2.1357343154174835,0.6560991964614793
4.09,2.1423281797164595,0.6593864298976015
4.1,2.148957744848179,0.6629565131719417
4.11,2.155625391389031,0.6667646540852168
4.12,2.1623330319215883,0.6707640532557235
4.13,2.1690820964923185,0.6749064570730212
4.14,2.1758735236833537,0.6791427191035204
4.15,2.1827077573212295,0.683423363787572
4.16,2.1895847487822007,0.6876991460971205
4.17,2.1965039647894313,0.6919216007230666
4.18,2.2034644005389348,0.6960435749503446
4.19,2.210464597932895,0.7000197393960406
4.2,2.2175026686432586,0.7038070710363442
4.21,2.224576321678229,0.7073653034970206
4.22,2.2316828950786194,0.7106573400390559
4.23,2.238819391328435,0.7136496249815494
4.24,2.2459825160270164,0.7163124698581491
4.25,2.2531687193406436,0.7186203313627182
4.26,2.2603742397259596,0.7205520385316078
4.27,2.26759514939856,0.7220909672600584
4.28,2.2748274010077107,0.7232251609150531
4.29,2.2820668749732143,0.7239473965503507
4.3,2.289309426938373,0.7242551965158661
4.31,2.296550934802193,0.724150786381994
4.32,2.3037873448040136,0.7236410001820737
4.33,2.311014716154647,0.7227371350633227
4.34,2.318229263729732,0.7214547575085106
4.35,2.3254273983721774,0.7198134642445453
4.36,2.332605764383824,0.7178366011646453
4.37,2.3397612738231155,0.7155509439291663
4.38,2.346891137271836,0.7129863448720464
4.39,2.3539928907735064,0.7101753501670416
4.4,2.3610644186985086,0.7071527925002208
4.41,2.3681039723397035,0.7039553641194907
4.42,2.375110184091316,0.7006211751612312
4.43,2.3820820771199447,0.6971893028628884
4.44,2.389019070485854,0.6936993365909139
4.45,2.3959209797255054,0.6901909239651616
4.46,2.402788012958328,0.686703323282245
4.47,2.409620762628548,0.6832749670220295
4.48,2.4164201930409357,0.6799430412387508
4.49,2.4231876238946004,0.6767430853664713
4.5,2.429924710060316,0.6737086165715667
4.51,2.4366334178845817,0.6708707824265581
4.52,2.443315998339406,0.6682580454824283
4.53,2.449974957366936,0.6658959027530109
4.54,2.4566130237931905,0.6638066426254419
4.55,2.4632331152086584,0.6620091415467932
4.56,2.469838302228049,0.6605187019390613
4.57,2.476431771556382,0.6593469328333157
4.58,2.4830167882917165,0.6585016735334293
4.59,2.4895966579021644,0.6579869610447986
4.6,2.4961746883071445,0.6578030404980062
4.61,2.502754152489781,0.6579464182636663
4.62,2.509338252051725,0.6584099561943724
4.63,2.515930082108153,0.6591830056428272
4.64,2.522532597899052,0.6602515790898877
4.65,2.5291485834675775,0.6615985568525495
4.66,2.535780622730117,0.6632039262539635
4.67,2.542431073229192,0.6650450499074978
4.68,2.5491020428285394,0.667096959934721
4.69,2.555795369570091,0.6693326741551431
4.7,2.5625126048774893,0.6717235307398539
4.71,2.5692550002476677,0.67423953701784
4.72,2.5760234975303975,0.6768497282729768
4.73,2.582818722858251,0.6795225327853593
4.74,2.5896409842401136,0.6822261381862482
4.75,2.5964902727963546,0.6849288556241007
4.76,2.603366267568328,0.6875994771973204
4.77,2.610268343797655,0.6902076229327037
4.78,2.617195584530183,0.6927240732528261
4.79,2.6241467953676656,0.6951210837482513
4.8,2.6311205221519485,0.6973726784282874
4.81,2.6381150713396595,0.699454918771103
4.82,2.6451285327971608,0.7013461457501258
4.83,2.65215880471831,0.7030271921149023
4.84,2.659203620361592,0.7044815643282298
4.85,2.666260576254613,0.7056955893021133
4.86,2.673327161544794,0.7066585290180782
4.87,2.680400788134878,0.7073626590083926
4.88,2.6874788212496137,0.707803311473576
4.89,2.694558610080615,0.7079788831001466
4.9,2.701637518158706,0.7078908078090862
4.91,2.708712953107373,0.7075434948666803
4.92,2.715782395458941,0.7069442351568256
4.93,2.722843426204271,0.7061030745330044
4.94,2.7298937527916944,0.7050326587423328
4.95,2.7369312332978923,0.7037480506197902
4.96,2.7439538985250467,0.7022665227154334
4.97,2.750959971800988,0.7006073275941382
4.98,2.7579478862934126,0.698791449242453
4.99,2.7649162996766297,0.6968413383217076
5.0,2.771864106023063,0.6947806346433438
5.01,2.7787904448304435,0.6926338807380361
5.02,2.7856947071158267,0.6904262285383211
5.03,2.7925765385592927,0.6881831443465991
5.04,2.7994358397018138,0.685930114252109
5.05,2.806272763240405,0.6836923538591222
5.06,2.8130877084937644,0.6814945253359461
5.07,2.819881313145931,0.6793604652166607
5.08,2.826654442397496,0.6773129251564924
5.09,2.8334081756917273,0.6753733294231345
5.1,2.8401623619599636,0.6754186268236317
5.11,2.8469544127292012,0.6792050769237612
5.12,2.8537860765503575,0.6831663821156297
5.13,2.860657640757509,0.6871564207151515
5.14,2.8675688865835713,0.6911245826062284
5.15,2.87451911266154,0.695022607796858
5.16,2.8815071597013375,0.6988047039797607
5.17,2.888531437206776,0.7024277505438548
5.18,2.8955899527021245,0.7058515495348416
5.19,2.9026803436719995,0.709039096987496
5.2,2.9097999122070783,0.7119568535078891
5.21,2.9169456622042755,0.7145749997197193
5.22,2.9241143388604307,0.7168676656155171
5.23,2.931302470117476,0.7188131257045427
5.24,2.9385064096677693,0.7203939550293192
5.25,2.945722381081315,0.7215971413545574
5.26,2.952946522596256,0.7224141514940996
5.27,2.960174932096935,0.7228409500679156
5.28,2.9674037117972585,0.7228779700323429
5.29,2.9746290121551144,0.7225300357855957
5.3,2.98184707455162,0.7218062396505687
5.31,2.9890542722865554,0.7207197734935278
5.32,2.9962471494585285,0.7192877171973144
5.33,3.003422457336109,0.7175307877580472
5.34,3.0105771878453202,0.7154730509211227
5.35,3.0177086038475665,0.7131416002246205
5.36,3.0248142659152943,0.7105662067727891
5.37,3.0318920553542705,0.707778943897619
5.38,3.0389401932705162,0.70481379162457
5.39,3.0459572555226133,0.7017062252097084
5.4,3.0529421834533466,0.6984927930733242
5.41,3.0598942903407567,0.6952106887410103
5.42,3.0668132635590784,0.6918973218321689
5.43,3.0736991624879195,0.6885898928841172
5.44,3.0805524122540406,0.6853249766121117
5.45,3.0873737934407597,0.6821381186719044
5.46,3.094164427940429,0.6790634499669324
5.47,3.1009257611694085,0.6761333228979538
5.48,3.1076595408972674,0.6733779727858824
5.49,3.1143677929854308,0.6708252088163391
5.5,3.121052794348569,0.6685001363138099
5.51,3.1277170434932566,0.6664249144687773
5.52,3.134363229002184,0.664618550892726
5.53,3.140994196346303,0.6630967344118943
5.54,3.1476129134306152,0.6618717084312387
5.55,3.1542224352741455,0.6609521843530253
5.56,3.16082586824026,0.6603432966114653
5.57,3.167426334227499,0.6600465987238735
5.58,3.174026935221823,0.6600600994324246
5.59,3.1806307186068183,0.6603783384995232
5.6,3.187240643605991,0.6609924999172456
5.61,3.1938595492222266,0.6618905616235793
5.62,3.2004901240121164,0.663057478988982
5.63,3.2071348780075093,0.6644753995392882
5.64,3.2137961170688545,0.6661239061345192
5.65,3.220475919921957,0.6679802853102323
5.66,3.2271761180962377,0.6700198174280914
5.67,3.2338982789519255,0.6722160855687775
5.68,3.2406436919407255,0.6745412988800048
5.69,3.24741335820534,0.6769666264614393
5.7,3.2542079835916438,0.6794625386303821
5.71,3.2610279750955673,0.6819991503923539
5.72,3.2678734407415666,0.6845465645999305
5.73,3.274744192842949,0.6870752101382216
5.74,3.2816397545578013,0.6895561714852505
5.75,3.288559369619608,0.6919615061806716
5.76,3.2955020150826275,0.6942645463019481
5.77,3.302466416898766,0.6964401816138555
5.78,3.309451068107081,0.6984651208314929
5.79,3.3164542493916027,0.7003181284521709
5.8,3.323474051741422,0.7019802349819138
5.81,3.3305084009206753,0.7034349179253496
5.82,3.337555083447592,0.7046682526916648
5.83,3.3446117737662773,0.7056690318685277
5.84,3.351676062285045,0.7064288518767725
5.85,3.358745483947656,0.7069421662611042
5.86,3.3658175470086737,0.7072063061017708
5.87,3.3728897616771913,0.7072214668517596
5.88,3.379959668311292,0.7069906634100676
5.89,3.387024864849053,0.7065196537761054
5.9,3.3940830331730965,0.7058168324043379
5.91,3.4011319641293225,0.7048930956226052
5.92,3.4081695809294033,0.7037616800080748
5.93,3.415193960702023,0.7024379772619938
5.94,3.4222033539744023,0.700939327237915
5.95,3.42919620189436,0.699284791995769
5.96,3.436171151032088,0.6974949137728004
5.97,3.4431270656279667,0.6955914595878632
5.98,3.45006303718697,0.6935971559003384
5.99,3.4569783913549257,0.6915354167955634
6.0,3.463872692037193,0.6894300682267485
6.01,3.470745742753727,0.6873050716533768
6.02,3.477597585260046,0.6851842506319095
6.03,3.4844284954853766,0.6830910225330555
6.04,3.491238976881066,0.6810481395689294
6.05,3.4980297512924574,0.6790774411391531
6.06,3.504801747491144,0.6771996198686736
6.07,3.51155608753857,0.67543400474257
6.08,3.5182940711593824,0.6737983620812571
6.09,3.5250171583384216,0.6723087179039133
6.1,3.5317269503642024,0.6709792025780814
6.11,3.538425169555146,0.669821919094371
6.12,3.545113637918238,0.6688468363091893
6.13,3.551794254995495,0.6680617077257089
6.14,3.558468975162592,0.6674720167096915
6.15,3.5651397846470445,0.6670809484452533
6.16,3.571808678528887,0.6668893881842664
6.17,3.578477637984143,0.6668959455256029
6.18,3.585148608025137,0.6670970040993929
6.19,3.591823475980256,0.6674867955118735
6.2,3.598504050951381,0.6680574971125175
6.21,3.605192044466432,0.6687993515051005
6.22,3.6118890525238623,0.6697008057430232
6.23,3.618596539220582,0.6707486696719833
6.24,3.625315822114441,0.6719282893858924
6.25,3.6320480594716553,0.6732237357214288
6.26,3.63879423951349,0.6746180041834471
6.27,3.6455551717543733,0.6760932240883477
6.28,3.6523314804997797,0.6776308745406467
6.29,3.659123600541845,0.6792120042065086
6.3,3.6659317750738474,0.6808174532002553
6.31,3.67275605581443,0.6824280740582722
6.32,3.6795963053063074,0.6840249491877337
6.33,3.6864522013327194,0.6855896026412012
6.34,3.69332324336614,0.6871042033420593
6.35,3.7002087609471346,0.6885517580994538
6.36,3.7071079238730498,0.6899162925915192
6.37,3.7140197540528375,0.6911830179787692
6.38,3.7209431388638903,0.6923384811052813
6.39,3.72787684584285,0.6933706978959897
6.4,3.7348195385145333,0.6942692671683126
6.41,3.7417697931703353,0.6950254655802013
6.42,3.748726116388963,0.6956323218627603
6.43,3.7556869630859824,0.6960846697019463
6.44,3.7626507548829924,0.696379179701001
6.45,3.7696158985752515,0.696514369225909
6.46,3.776580804491685,0.6964905916433395
6.47,3.7835439045410357,0.6963100049350857
6.48,3.79050366974083,0.6959765199794354
6.49,3.7974586270377353,0.6954957296905206
6.5,3.804407375235632,0.6948748197896926
6.51,3.811348599866373,0.6941224630740983
6.52,3.8182810868506145,0.6932486984241315
6.53,3.8252037348118595,0.6922647961244976
6.54,3.832115565920491,0.6911831108631361
6.55,3.839015735170097,0.6900169249606236
6.56,3.8459035379973106,0.6887802827213463
6.57,3.852778416192213,0.6874878194902401
6.58,3.859639962055663,0.6861545863450225
6.59,3.866487920778474,0.6847958722810965
6.6,3.873322191048074,0.683427026960004
6.61,3.8801428238933644,0.682063284529022
6.62,3.8869500198166396,0.6807195923275167
6.63,3.893744124268901,0.6794104452261251
6.64,3.9005256215426476,0.6781497273746773
6.65,3.907295127179431,0.6769505636783357
6.66,3.9140533789927145,0.67582518132836
6.67,3.920801226836126,0.6747847843411314
6.68,3.9275396212524427,0.6738394416316851
6.69,3.9342696011472,0.6729979894757321
6.7,3.9409922806424857,0.672267949528571
6.71,3.947708835271424,0.6716554628938276
6.72,3.954420487677668,0.6711652406243829
6.73,3.9611284929970925,0.6708005319424615
6.74,3.9678341240914605,0.6705631094368059
6.75,3.974538656796729,0.6704532705268385
6.76,3.981243355365427,0.6704698568698042
6.77,3.987949458250988,0.6706102885560838
6.78,3.9946581644028845,0.6708706151896671
6.79,4.00137062021908,0.6712455816195728
6.8,4.008087907290805,0.6717287071724698
6.81,4.014811031071472,0.6723123780667528
6.82,4.021540910577306,0.672987950583348
6.83,4.028278369229237,0.6737458651930872
6.84,4.0350241269220355,0.6745757692798726
6.85,4.041778793392443,0.6754666470407678
6.86,4.048542862941806,0.676406954936315
6.87,4.055316710551478,0.6773847609671257
6.88,4.062100589413737,0.678387886225984
6.89,4.0688946298916795,0.6794040477942076
6.9,4.075698839895083,0.680421000340381
6.91,4.082513106644536,0.6814266749453068
6.92,4.089337199787595,0.682409314305854
6.93,4.096170775802275,0.6833576014679821
6.94,4.1030133836288,0.6842607826524905
6.95,4.109864471444702,0.6851087815902268
6.96,4.116723394483968,0.6858923039265719
6.97,4.123589423803824,0.6866029319856359
6.98,4.130461755870871,0.6872332067047182
6.99,4.137339522858312,0.6877766987440914
7.0,4.144221803522532,0.688228066421992
7.01,4.1511076345246956,0.6885831002163556
7.02,4.1579960220638545,0.6888387539158991
7.03,4.164885953677908,0.6889931614053602
7.04,4.171776410079762,0.6890456401853484
7.05,4.17866637689567,0.6889966815908366
7.06,4.185554856171101,0.6888479275430903
7.07,4.19244087751538,0.6886021344278959
7.08,4.199323508763215,0.6882631247835391
7.09,4.2062018660363165,0.6878357273101265
7.1,4.213075123104959,0.6873257068642502
7.11,4.219942519953586,0.6867396848626584
7.12,4.2268033704579855,0.6860850504399885
7.13,4.233657069109649,0.6853698651663187
7.14,4.240503096709092,0.6846027599443083
7.15,4.247341024995754,0.6837928286662631
7.16,4.254170520170462,0.6829495174707212
7.17,4.260991345287017,0.6820825116555795
7.18,4.267803361506708,0.681201621969052
7.19,4.274606528207721,0.6803166701012664
7.2,4.2814009019757915,0.6794373768070905
7.21,4.288186634503739,0.6785732527947452
7.22,4.294963969437933,0.6777334934193746
7.23,4.301733238224976,0.6769268787043536
7.24,4.308494855017955,0.6761616792978487
7.25,4.315249310713312,0.6754455695356931
7.26,4.32199716620675,0.6747855493438593
7.27,4.3287390449553165,0.6741878748566243
7.28,4.335475624932847,0.6736579977530965
7.29,4.342207630091934,0.6732005159086896
7.3,4.348935821420996,0.6728191329061772
7.31,4.3556609877187125,0.6725166297716356
7.32,4.362383936192571,0.6722948473858459
7.33,4.369105482986484,0.6721546793913014
7.34,4.375826443754116,0.6720960767632178
7.35,4.382547624370434,0.6721180616318101
7.36,4.389269811899892,0.6722187529457635
7.37,4.3959937659151205,0.6723954015228628
7.38,4.4027202102609575,0.6726444345837024
7.39,4.409449825350635,0.6729615089677843
7.4,4.416183241070191,0.6733415719555325
7.41,4.422921030363369,0.6737789293178587
7.42,4.429663703567011,0.6742673203641303
7.43,4.436411703547285,0.6747999980274422
7.44,4.4431654016749,0.675369812761506
7.45,4.449925094681042,0.6759693006141987
7.46,4.456691002403406,0.6765907722363629
7.47,4.463463266448824,0.6772264045418197
7.48,4.470241949770153,0.6778683321329027
7.49,4.4770270371435705,0.6785087373417653
7.5,4.483818436536202,0.6791399392631625
7.51,4.49061598131947,0.6797544783267995
7.52,4.497419433304799,0.6803451985328834
7.53,4.504228486551729,0.6809053246930041
7.54,4.511042771891152,0.6814285339422632
7.55,4.517861862103794,0.6819090212641932
7.56,4.524685277676919,0.6823415573125047
7.57,4.531512493072034,0.6827215395115438
7.58,4.538342943425224,0.6830450353190187
7.59,4.545176031596552,0.6833088171327439
7.6,4.552011135480396,0.683510388384434
7.61,4.55884761548996,0.6836480009564383
7.62,4.565684822123153,0.6837206633192316
7.63,4.572522103531824,0.6837281408671458
7.64,4.579358813005863,0.6836709474038472
7.65,4.58619431628104,0.6835503275177679
7.66,4.5930279986008715,0.6833682319831169
7.67,4.599859271439555,0.6831272838683233
7.68,4.606687578827433,0.6828307387878318
7.69,4.613512403213611,0.682482438617793
7.7,4.620333270798702,0.682086758509115
7.71,4.62714975629281,0.6816485494107738
7.72,4.633961487038949,0.6811730746139055
7.73,4.640768146477008,0.6806659438058915
7.74,4.647569476918556,0.6801330441548181
7.75,4.654365281608008,0.6795804689452289
7.76,4.661155426059009,0.6790144451001012
7.77,4.667939838657138,0.6784412598128675
7.78,4.674718510534235,0.6778671877096798
7.79,4.681491494732204,0.6772984197969123
7.8,4.688258904678486,0.6767409946282221
7.81,4.695020911988377,0.6762007309890627
7.82,4.701777743646134,0.675683165775709
7.83,4.708529678585247,0.6751934939113191
7.84,4.7152770437339875,0.6747365148740414
7.85,4.722020209577638,0.674316584365009
7.86,4.728759585286655,0.6739375709017281
7.87,4.735495613483511,0.6736028196856481
7.88,4.742228764697209,0.6733151213698108
7.89,4.748959531587822,0.6730766890612472
7.9,4.755688423007909,0.6728891420086924
7.91,4.762415957969051,0.6727534961141757
7.92,4.7691426595863184,0.672670161726785
7.93,4.7758690490614075,0.6726389475089078
7.94,4.782595639777321,0.6726590715913083
7.95,4.789322931575533,0.6727291798211965
7.96,4.796051405276454,0.6728473700921
7.97,4.802781517495096,0.6730112218642503
7.98,4.809513695815322,0.6732178320225657
7.99,4.816248334358426,0.673463854310441
8.0,4.822985789805774,0.6737455447347607
8.01,4.829726377911681,0.6740588105906831
8.02,4.836470370529846,0.6743992618165606
8.03,4.843217993193423,0.6747622663576536
8.04,4.849969423246203,0.6751430052780449
8.05,4.856724788556117,0.6755365309913941
8.06,4.863484166819001,0.6759378262883864
8.07,4.870247585440559,0.6763418621558159
8.08,4.8770150219889885,0.6767436548429373
8.09,4.883786405208208,0.6771383219219551
8.1,4.8905616165896015,0.6775211381393476
8.11,4.897340492422204,0.6778875832602616
8.12,4.904122826376556,0.6782333954351571
8.13,4.910908372480454,0.6785546103897921
8.14,4.917696848551847,0.6788476071393212
8.15,4.924487939954005,0.67910914021585
8.16,4.931281303684836,0.6793363730830393
8.17,4.938076572726935,0.679526904209915
8.18,4.944873360584121,0.6796787857186182
8.19,4.95167126601217,0.6797905428048701
8.2,4.958469877793101,0.6798611780931552
8.21,4.965268779604219,0.6798901811118085
8.22,4.972067554827051,0.6798775222831566
8.23,4.978865791318343,0.6798236491292187
8.24,4.9856630860427975,0.6797294724454339
8.25,4.992459049526574,0.6795963483776646
8.26,4.999253310116019,0.6794260589444434
8.27,5.006045517924358,0.6792207808339334
8.28,5.01283534852492,0.6789830600562041
8.29,5.01962250624338,0.6787157718459724
8.3,5.026406727120922,0.6784220877542602
8.31,5.033187781437944,0.6781054317022139
8.32,5.039965475822408,0.6777694384463295
8.33,5.046739654923567,0.677417910115885
8.34,5.0535102025936895,0.6770547670122973
8.35,5.060277042656991,0.6766840063301416
8.36,5.067040139152064,0.6763096495072674
8.37,5.073799496170555,0.6759357018490952
8.38,5.080555157195827,0.6755661025272808
8.39,5.087307204032525,0.6752046836697723
8.4,5.094055755309821,0.6748551277295789
8.41,5.100800964569054,0.6745209259233498
8.42,5.107543018025469,0.6742053456414432
8.43,5.1142821319347975,0.6739113909328687
8.44,5.12101854971847,0.6736417783672621
8.45,5.127752538768862,0.6733989050391465
8.46,5.1344843870717405,0.6731848302878873
8.47,5.141214399622376,0.6730012550635323
8.48,5.147942894702702,0.6728495080325914
8.49,5.154670200087672,0.672730538497035
8.5,5.1613966491552254,0.6726449067553375
8.51,5.168122577051326,0.6725927896100714
8.52,5.174848316829039,0.672573977771318
8.53,5.181574195726655,0.6725878897615445
8.54,5.188300531527172,0.6726335800517624
8.55,5.195027629099589,0.6727097572416518
8.56,5.201755777144941,0.6728148045351823
8.57,5.208485245144359,0.6729467999417871
8.58,5.215216280623909,0.6731035479550229
8.59,5.221949106647159,0.6732826023250205
8.6,5.228683919685175,0.6734813038016263
8.61,5.235420887770359,0.6736968085183648
8.62,5.242160149036801,0.6739261266441865
8.63,5.248901810607465,0.6741661570663915
8.64,5.255645947840097,0.6744137232632674
8.65,5.262392603982131,0.6746656142033736
8.66,5.269141790139935,0.6749186157803955
8.67,5.275893485678469,0.6751695538533831
8.68,5.282647638912317,0.675415323384776
8.69,5.289404168191685,0.6756529279368095
8.7,5.296162963278301,0.6758795086616587
8.71,5.302923887035731,0.6760923757429538
8.72,5.309686777415918,0.6762890380187514
8.73,5.316451449657258,0.6764672241339476
8.74,5.323217698767353,0.6766249110095046
8.75,5.329985302130571,0.6767603363218022
8.76,5.336754022339485,0.6768720208913948
8.77,5.343523610102041,0.6769587762556206
8.78,5.350293807268818,0.6770197166776626
8.79,5.3570643499116555,0.6770542642837718
8.8,5.3638349713960665,0.6770621484410988
8.81,5.3706054054884955,0.6770434092429056
8.82,5.3773753893464615,0.6769983857966011
8.83,5.384144666492259,0.6769277145797226
8.84,5.390912989610266,0.6768323118007125
8.85,5.397680123241884,0.6767133631617739
8.86,5.404445846282684,0.6765723040800253
8.87,5.4112099542742165,0.6764107991532597
8.88,5.417972261504849,0.6762307230632203
8.89,5.424732602809765,0.676034130491665
8.9,5.431490835180948,0.6758232371182338
8.91,5.438246839028897,0.6756003847949721
8.92,5.445000519221419,0.6753680192521649
8.93,5.451751805786937,0.6751286565518377
8.94,5.458500654343088,0.6748848556150655
8.95,5.465247046221178,0.6746391878089675
8.96,5.4719909882985185,0.6743942077340748
8.97,5.478732512543205,0.6741524244686659
8.98,5.485471675281941,0.6739162738735871
8.99,5.49220855620125,0.673688091930913
9.0,5.498943257100688,0.673470089943784
9.01,5.505675900412679,0.6732643311990749
9.02,5.512406627511015,0.6730727098336331
9.03,5.519135596830895,0.6728969319880207
9.04,5.525862981823186,0.6727384992291086
9.05,5.532588968769905,0.6725986946718443
9.06,5.539313754486548,0.6724785716643034
9.07,5.5460375439404785,0.6723789453930706
9.08,5.552760547813249,0.6723003872770583
9.09,5.559482980033694,0.6722432220445107
9.1,5.566205055312343,0.6722075278648987
9.11,5.572926986704543,0.6721931392199565
9.12,5.579648983228163,0.6721996523619822
9.13,5.586371247564328,0.6722264336165296
9.14,5.5930939738634144,0.6722726299086546
9.15,5.599817345681339,0.6723371817924928
9.16,5.606541534067397,0.6724188386058039
9.17,5.613266695822041,0.6725161754643771
9.18,5.619992971942991,0.672627612094967
9.19,5.626720486272743,0.6727514329751827
9.2,5.633449344361838,0.6728858089095624
9.21,5.640179632555968,0.6730288194130019
9.22,5.646911417314557,0.6731784758589043
9.23,5.653644744764215,0.6733327449657267
9.24,5.660379640489581,0.6734895725366563
9.25,5.667116109560042,0.6736469070460771
9.26,5.6738541367871465,0.6738027227104482
9.27,5.680593687209328,0.6739550422181217
9.28,5.68733470679057,0.6741019581242291
9.29,5.694077123326684,0.6742416536114071
9.3,5.700820847542403,0.6743724215718672
9.31,5.7075657743649755,0.6744926822572772
9.32,5.714311784357102,0.6746009992126822
9.33,5.721058745291088,0.6746960933985413
9.34,5.7278065138444445,0.6747768553356792
9.35,5.734554937393659,0.6748423549214344
9.36,5.741303855887785,0.6748918494126066
9.37,5.748053103776649,0.6749247888864218
9.38,5.754802511972228,0.6749408195578788
9.39,5.761551909820963,0.6749397848735406
9.4,5.768301127062676,0.6749217241712735
9.41,5.775049995757584,0.6748868694907983
9.42,5.781798352154661,0.674835639707716
9.43,5.7885460384875875,0.6747686332926328
9.44,5.79529290467411,0.6746866186522205
9.45,5.802038809903718,0.6745905229608162
9.46,5.808783624095626,0.6744814191907977
9.47,5.815527229214252,0.6743605118626483
9.48,5.822269520427974,0.6742291213721607
9.49,5.829010407101758,0.6740886673783919
9.5,5.8357498136139885,0.6739406512230595
9.51,5.842487679991839,0.6737866377850565
9.52,5.84922396235966,0.6736282367820756
9.53,5.855958633198957,0.6734670839296797
9.54,5.862691681420067,0.6733048221110316
9.55,5.869423112246799,0.6731430826731888
9.56,5.876152946918576,0.6729834671777013
9.57,5.882881222216669,0.67282752980935
9.58,5.889607989821926,0.6726767605256256
9.59,5.89633331551334,0.6725325691414596
9.6,5.903057278220842,0.6723962707502196
9.61,5.909779968942881,0.6722690722038571
9.62,5.9165014895446255,0.6721520601744579
9.63,5.923221951451678,0.6720461907052666
9.64,5.929941474255882,0.6719522804203848
9.65,5.936660184248375,0.6718709992492577
9.66,5.943378212902202,0.6718028653827091
9.67,5.950095695316775,0.6717482414573261
9.68,5.956812768646196,0.6717073329420842
9.69,5.963529570527939,0.6716801881743173
9.7,5.970246237528682,0.671666700074347
9.71,5.976962903627561,0.6716666098878221
9.72,5.983679698750057,0.6716795122496677
9.73,5.990396747370204,0.6717048620146215
9.74,5.997114167195123,0.6717419824919801
9.75,6.003832067946235,0.6717900751112005
9.76,6.010550550248035,0.6718482301799611
9.77,6.017269704637087,0.6719154389052129
9.78,6.02398961069837,0.6719906061283254
9.79,6.030710336339191,0.6720725640820824
9.8,6.0374319372053575,0.6721600866166355
9.81,6.044154456243729,0.6722519038371289
9.82,6.050877923415152,0.6723467171423358
9.83,6.057602355557492,0.6724432142339865
9.84,6.064327756398367,0.6725400840874585
9.85,6.071054116716179,0.6726360317812485
9.86,6.077781414643395,0.6727297927215936
9.87,6.084509616109148,0.6728201465753259
9.88,6.091238675409505,0.672905930035661
9.89,6.097968535904412,0.6729860494907314
9.9,6.104699130823588,0.6730594919175381
9.91,6.111430384175898,0.6731253352310063
9.92,6.11816221174712,0.6731827571222482
9.93,6.124894522182491,0.6732310435371147
9.94,6.131627218117561,0.6732695935069977
9.95,6.138360197375996,0.6732979258434746
9.96,6.14509335419497,0.6733156818974351
9.97,6.1518265804742756,0.6733226279305171
9.98,6.158559767032927,0.6733186558651738
9.99,6.1652928048581,0.6733037825172872
10.0,6.1720255863340645,0.6732781475964345
10.01,6.178758006437364,0.6732420103299219
10.02,6.185489963883097,0.6731957445733627
10.03,6.19222136221417,0.6731398331072391
10.04,6.198952110816931,0.6730748602761238
10.05,6.205682125859027,0.6730015042095694
10.06,6.212411331134482,0.6729205275455286
10.07,6.219139658810704,0.6728327676222001
10.08,6.225867050071727,0.6727391261023286
10.09,6.232593455647963,0.6726405576236161
10.1,6.239318836232695,0.6725380584731155
10.11,6.2460431627790625,0.6724326546367898
10.12,6.252766416677926,0.6723253898863746
10.13,6.259488589816309,0.6722173138382637
10.14,6.26620968451582,0.6721094699511099
10.15,6.2729297133560635,0.6720028840243586
10.16,6.279648698884124,0.6718985528060273
10.17,6.2863666732182555,0.6717974334131682
10.18,6.293083677548443,0.6717004330187848
10.19,6.299799761544169,0.6716083995725874
10.2,6.3065149826742894,0.6715221130120241
10.21,6.31322940545092,0.6714422776630258
10.22,6.319943100605281,0.6713695154361154
10.23,6.326656144206191,0.6713043600909963
10.24,6.333368616731381,0.6712472525189916
10.25,6.340080602104439,0.6711985373057949
10.26,6.346792186706747,0.671158460230803
10.27,6.3535034583766015,0.6711271669854746
10.28,6.360214505408055,0.6711047031453532
10.29,6.366925415558922,0.6710910150866667
10.3,6.3736362750805275,0.6710859521605883
10.31,6.38034716777665,0.671089269612235
10.32,6.3870581741066745,0.6711006330024638
10.33,6.393769370339313,0.6711196232638272
10.34,6.400480827765271,0.6711457425958578
10.35,6.407192611976589,0.6711784211317351
10.36,6.413904782223057,0.6712170246467863
10.37,6.420617390847965,0.6712608624908079
10.38,6.42733048280947,0.6713091961505491
10.39,6.434044095292282,0.6713612482811548
10.4,6.440758257412789,0.6714162120506906
10.41,6.447472990017609,0.6714732604820028
10.42,6.4541883055788585,0.6715315561249824
10.43,6.460904208184588,0.6715902605729518
10.44,6.4676206936228064,0.6716485438218456
10.45,6.474337749557741,0.671705593493499
10.46,6.4810553557937745,0.6717606236033014
10.47,6.487773484623416,0.6718128829641401
10.48,6.49449210125411,0.6718616630694285
10.49,6.501211164308236,0.671906305412584
10.5,6.50793062638924,0.6719462081004046
10.51,6.514650434705698,0.6719808316457687
10.52,6.521370531747652,0.6720097041954531
10.53,6.5280908560043605,0.672032425670821
10.54,6.534811342716211,0.6720486711850882
10.55,6.5415319246521975,0.6720581935986125
10.56,6.5482525329026675,0.672060825047005
10.57,6.554973097679313,0.672056477664551
10.58,6.561693549112797,0.6720451433483987
10.59,6.568413818039458,0.6720268926660999
10.6,6.575133836767444,0.6720018727985888
10.61,6.581853539815974,0.6719703048529979
10.62,6.588572864618283,0.6719324802308968
10.63,6.595291752180961,0.67188875626778
10.64,6.602010147694131,0.6718395513169995
10.65,6.6087280010854865,0.6717853391355888
10.66,6.615445267513218,0.6717266427731516
10.67,6.622161907792856,0.6716640279638142
10.68,6.628877888754228,0.6715980961371493
10.69,6.63559318352644,0.6715294772212665
10.7,6.642307771748155,0.6714588221714557
10.71,6.649021639701491,0.6713867953336283
10.72,6.655734780370595,0.6713140669103446
10.73,6.662447193423957,0.6712413053362454
10.74,6.669158885122504,0.6711691698546574
10.75,6.675869868155604,0.6710983033100248
10.76,6.682580161407778,0.6710293252174537
10.77,6.689289789659538,0.6709628251759803
10.78,6.6959987832274726,0.6708993567934307
10.79,6.702707177547862,0.6708394320389388
10.8,6.7094150127084395,0.6707835160577602
10.81,6.716122332937293,0.6707320228853675
10.82,6.72282918605172,0.6706853114426536
10.83,6.7295356228756775,0.6706436823957773
10.84,6.736241696632566,0.6706073756888031
10.85,6.742947462320084,0.6705765687518017
10.86,6.749652976075926,0.6705513755842496
10.87,6.756358294538454,0.6705318462527643
10.88,6.763063474212481,0.6705179674026951
10.89,6.76976857084612,0.6705096633639052
10.9,6.776473638824814,0.6705067978693968
10.91,6.78317873059012,0.6705091765306648
10.92,6.7898838960887264,0.6705165498606114
10.93,6.7965891822573665,0.6705286168640079
10.94,6.803294632549455,0.6705450292088244
10.95,6.810000286506894,0.6705653957439495
10.96,6.81670617938154,0.6705892874645514
10.97,6.82341234181175,0.670616243021005
10.98,6.830118799553788,0.6706457742038374
10.99,6.836825573271299,0.6706773717510828
11.0,6.843532678385507,0.6707105114207579
11.01,6.8502401249857,0.6707446600193734
11.02,6.856947917799792,0.6707792814091285
11.03,6.863656056225356,0.6708138425564059
11.04,6.870364534420079,0.6708478194723533
11.05,6.877073341447391,0.6708807027311359
11.06,6.883782461478538,0.6709120031147542
11.07,6.890491874044868,0.6709412566330286
11.08,6.89720155433768,0.6709680292811271
11.09,6.903911473552693,0.6709919215013294
11.1,6.910621599273372,0.6710125720679194
11.11,6.917331895887697,0.6710296614325095
11.12,6.92404232503502,0.6710429147323005
11.13,6.9307528460778745,0.671052104285419
11.14,6.937463416588852,0.6710570510977121
11.15,6.944173992855918,0.671057626706606
11.16,6.9508845303845845,0.6710537528666904
11.17,6.957594984409874,0.6710454025289359
11.18,6.964305310404644,0.6710325994769839
11.19,6.9710154645641875,0.6710154159543791
11.2,6.9777254042976145,0.6709939733426928
11.21,6.984435088674612,0.6709684376997593
11.22,6.991144478865747,0.6709390191135256
11.23,6.997853538542973,0.6709059677225682
11.24,7.004562234246441,0.6708695703467882
11.25,7.011270535723284,0.6708301476843204
11.26,7.017978416208566,0.6707880485281592
11.27,7.024685852684964,0.6707436476398598
11.28,7.031392826076739,0.6706973391774618
11.29,7.0380993214098275,0.6706495333088647
11.3,7.044805327922639,0.6706006512811058
11.31,7.051510839117916,0.6705511195277403
11.32,7.058215852786467,0.6705013668550919
11.33,7.064920370959267,0.6704518172799823
11.34,7.071624399834904,0.6704028875637036
11.35,7.078327949647285,0.6703549812381304
11.36,7.08503103449488,0.6703084847594631
11.37,7.091733672136509,0.6702637641629039
11.38,7.098435883733218,0.6702211596709695
11.39,7.105137693579056,0.6701809845837126
11.4,7.111839128778472,0.6701435199416572
11.41,7.118540218913019,0.6701090134546561
11.42,7.125240995681339,0.670077676832026
11.43,7.131941492513811,0.6700496832472425
11.44,7.138641744190588,0.6700251676776681
11.45,7.145341786427619,0.6700042237031134
11.46,7.152041655481582,0.6699869053963248
11.47,7.1587413877378125,0.6699732256230106
11.48,7.165441019309156,0.6699631571343012
11.49,7.172140585649984,0.6699566340828689
11.5,7.178840121165924,0.6699535515939381
11.51,7.185539658865823,0.6699537699899061
11.52,7.192239230008064,0.669957114224129
11.53,7.198938863792583,0.6699633784519321
11.54,7.205638587069423,0.6699723276839542
11.55,7.212338424076181,0.6699837006758358
11.56,7.219038396221054,0.669997214487239
11.57,7.225738521878702,0.6700125657648215
11.58,7.232438816248541,0.6700294369839099
11.59,7.2391392912272545,0.6700474978713622
11.6,7.245839955333175,0.670066410592085
11.61,7.252540813668076,0.6700858334900417
11.62,7.259241867905684,0.6701054237607806
11.63,7.265943116340217,0.6701248434533014
11.64,7.2726445539448825,0.6701437604665905
11.65,7.279346172489225,0.670161854434248
11.66,7.286047960676294,0.6701788187069013
11.67,7.292749904314162,0.6701943637867913
11.68,7.299451986525423,0.6702082211260674
11.69,7.306154187964391,0.670220143896838
11.7,7.312856487083397,0.6702299119005772
11.71,7.319558860394801,0.6702373311404664
11.72,7.326261282767428,0.6702422372626415
11.73,7.332963727732329,0.6702444964901133
11.74,7.33966616778905,0.6702440056720604
11.75,7.3463685747398255,0.6702406950775952
11.76,7.353070919999456,0.6702345259630427
11.77,7.359773174930488,0.6702254931032492
11.78,7.366475311155756,0.6702136225267274
11.79,7.3731773008702595,0.6701989714503753
11.8,7.379879117147912,0.6701816277652206
11.81,7.386580734216541,0.6701617068629595
11.82,7.3932821277416005,0.6701393525059274
11.83,7.399983275063002,0.6701147321401812
11.84,7.406684155430079,0.67008803670765
11.85,7.41338475020374,0.6700594773660917
11.86,7.4200850430272025,0.6700292823462739
11.87,7.426785019986131,0.6699976958928211
11.88,7.4334846697142964,0.6699649728165724
11.89,7.4401839834976835,0.6699313783387062
11.9,7.446882955323675,0.6698971825991329
11.91,7.453581581913173,0.6698626589498602
11.92,7.46027986272332,0.6698280810146784
11.93,7.466977799904675,0.6697937181354696
11.94,7.4736753982552395,0.6697598350564604
11.95,7.480372665116528,0.6697266861288576
11.96,7.4870696102684775,0.6696945151949407
11.97,7.493766245784443,0.6696635515965887
11.98,7.50046258586436,0.6696340079916929
11.99,7.507158646658536,0.6696060794175729
12.0,7.513854446051038,0.6695799392502089
12.01,7.520550003454565,0.6695557403526564
12.02,7.5272453395656935,0.6695336111128825
12.03,7.533940476126499,0.6695136560805892
12.04,7.540635435674781,0.6694959548281254
12.05,7.5473302412780585,0.6694805603277842
12.06,7.554024916289932,0.6694675011873485
12.07,7.560719484076031,0.669456778609856
12.08,7.567413967772927,0.6694483696896292
12.09,7.574108390032808,0.6694422259880817
12.1,7.580802772784918,0.6694382752110428
12.11,7.587497137014019,0.6694364229100636
12.12,7.594191502535326,0.6694365521306977
12.13,7.60088588781195,0.669438527662436
12.14,7.607580309760453,0.6694421948503226
12.15,7.614274783599315,0.6694473838861903
12.16,7.620969322709086,0.6694539109770581
12.17,7.627663938508205,0.6694615799118786
12.18,7.634358640371732,0.6694701863527719
12.19,7.641053435546139,0.6694795174406742
12.2,7.6477483291176895,0.6694893571550509
12.21,7.654443323981801,0.6694994864111514
12.22,7.6611384208482125,0.6695096866411454
12.23,7.6678336182730655,0.6695197424853028
12.24,7.6745289126971805,0.6695294424114984
12.25,7.681224298534652,0.6695385837471868
12.26,7.687919768250762,0.6695469716109237
12.27,7.694615312486128,0.6695544235366668
12.28,7.7013109201853025,0.6695607699174211
12.29,7.708006578740556,0.6695658555253559
12.3,7.71470227416581,0.6695695425253945
12.31,7.721397991258212,0.669571709240202
12.32,7.728093713799735,0.6695722541523175
12.33,7.734789424739632,0.6695710939896848
12.34,7.741485106400803,0.6695681661170738
12.35,7.748180740687829,0.6695634287026131
12.36,7.754876309283243,0.6695568595413981
12.37,7.761571793868405,0.6695484585161893
12.38,7.7682671763093,0.6695382440895514
12.39,7.774962438868398,0.6695262559097692
12.4,7.78165756438741,0.6695125519011746
12.41,7.788352536467813,0.6694972080403261
12.42,7.795047339649495,0.6694803181681586
12.43,7.801741959554049,0.6694619904554777
12.44,7.808436383044772,0.6694423490722912
12.45,7.815130598339408,0.6694215294635875
12.46,7.821824595129763,0.6693996790354539
12.47,7.828518364673855,0.6693769544092731
12.48,7.835211899863479,0.6693535189623567
12.49,7.8419051952934105,0.6693295429931467
12.5,7.848598247280836,0.6693051987425314
12.51,7.855291053897497,0.6692806616661606
12.52,7.861983614957917,0.66925610604196
12.53,7.868675931998879,0.6692317040961626
12.54,7.875368008246508,0.6692076247629686
12.55,7.882059848544252,0.669184029774339
12.56,7.888751459296679,0.6691610752427302
12.57,7.895442848361531,0.6691389064852338
12.58,7.902134024955769,0.6691176594237902
12.59,7.908824999533457,0.6690974577687747
12.6,7.915515783656559,0.6690784123102311
12.61,7.922206389851869,0.6690606195309812
12.62,7.928896831467003,0.6690441615133658
12.63,7.93558712251178,0.6690291044777474
12.64,7.9422772774968475,0.6690154985067309
12.65,7.948967311275963,0.6690033779115367
12.66,7.955657238872189,0.668992759622622
12.67,7.962347075324616,0.6689836452427045
12.68,7.969036835515366,0.6689760190750071
12.69,7.975726534021166,0.6689698505799591
12.7,7.982416184954939,0.6689650933773272
12.71,7.989105801823881,0.6689616868942316
12.72,7.995795397393608,0.6689595569726592
12.73,8.002484983558432,0.6689586164823957
12.74,8.009174571233807,0.6689587675374753
12.75,8.015864170244367,0.6689599010559988
12.76,8.022553789246869,0.6689619002502312
12.77,8.029243435642606,0.6689646395736659
12.78,8.03593311552742,0.6689679884814836
12.79,8.042622833640628,0.6689718113207732
12.8,8.049312593337001,0.6689759696373088
12.81,8.056002396575398,0.6689803238396408
12.82,8.062692243912583,0.6689847337185029
12.83,8.06938213453039,0.6689890617806782
12.84,8.076072066254728,0.6689931724338294
12.85,8.08276203561196,0.6689969357232428
12.86,8.089452037879763,0.6690002267802697
12.87,8.096142067162475,0.6690029282712118
12.88,8.102832116474579,0.6690049312103596
12.89,8.109522177830502,0.669006135592376
12.9,8.116212242354237,0.6690064523734662
12.91,8.122902300382862,0.6690058028624435
12.92,8.129592341593792,0.6690041210930531
12.93,8.136282355118961,0.6690013525169292
12.94,8.14297232968054,0.6689974561577827
12.95,8.149662253717107,0.6689924036567874
12.96,8.156352115514313,0.6689861797205765
12.97,8.163041903340304,0.6689787825990834
12.98,8.169731605568526,0.6689702228221961
12.99,8.17642121081298,0.6689605244455166
13.0,8.183110708039107,0.6689497226126662
13.01,8.189800086690497,0.6689378651389077
13.02,8.196489336790997,0.6689250100500033
13.03,8.203178449049426,0.668911225842983
13.04,8.209867414952035,0.6688965902608146
13.05,8.216556226841668,0.6688811889633328
13.06,8.223244877997008,0.6688651155339898
13.07,8.229933362683282,0.668848468627381
13.08,8.2366216762132,0.6688313529918943
13.09,8.243309814973427,0.6688138760226892
13.1,8.249997776458248,0.6687961484820093
13.11,8.25668555927689,0.6687782818643129
13.12,8.263373163154832,0.6687603877940873
13.13,8.270060588926352,0.6687425771520594
13.14,8.276747838502597,0.6687249576245335
13.15,8.28343491484759,0.6687076344991993
13.16,8.290121821921197,0.6686907073607529
13.17,8.296808564633253,0.6686742712055604
13.18,8.303495148771649,0.6686584138396512
13.19,8.310181580931495,0.6686432159845879
13.2,8.316867868433935,0.6686287502439825
13.21,8.323554019234418,0.6686150800483404
13.22,8.330240041836344,0.6686022601925856
13.23,8.336925945182676,0.6685903346332012
13.24,8.343611738565983,0.668579338330666
13.25,8.350297431513244,0.6685692947261401
13.26,8.356983033690554,0.6685602177309846
13.27,8.363668554792145,0.6685521101591263
13.28,8.370354004438667,0.6685449646521846
13.29,8.377039392079908,0.6685387641240936
13.3,8.383724726888037,0.6685334808128829
13.31,8.390410017675967,0.6685290787929787
13.32,8.397095272796186,0.6685255120219225
13.33,8.403780500070974,0.6685227274788375
13.34,8.410465706708376,0.6685206637401464
13.35,8.417150899239449,0.6685192531072914
13.36,8.423836083459264,0.6685184219815454
13.37,8.430521264373244,0.6685180913979849
13.38,8.437206446162895,0.668518178965094
13.39,8.443891632144513,0.6685185981618602
13.4,8.450576824759931,0.668519261541789
13.41,8.457262025552543,0.6685200792611923
13.42,8.463947235173999,0.6685209621455357
13.43,8.470632453387488,0.6685218213489108
13.44,8.477317679084804,0.6685225697316
13.45,8.484002910316626,0.6685231231822186
13.46,8.490688144320377,0.6685234003750651
13.47,8.497373377572357,0.6685233251980449
13.48,8.50405860582724,0.6685228254882603
13.49,8.51074382418837,0.6685218361131007
13.5,8.517429027160306,0.6685202971935311
13.51,8.524114208725084,0.6685181564778375
13.52,8.53079936241512,0.6685153690035861
13.53,8.537484481386448,0.6685118971327952
13.54,8.544169558508411,0.668507712196309
13.55,8.550854586434117,0.6685027925705356
13.56,8.55753955769725,0.6684971263133832
13.57,8.564224464783244,0.6684907085993785
13.58,8.570909300222333,0.6684835439088488
13.59,8.577594056664054,0.6684756441721618
13.6,8.584278726958088,0.6684670294033523
13.61,8.590963304233075,0.6684577274986836
13.62,8.597647781959544,0.6684477726469851
13.63,8.60433215402856,0.668437206901551
13.64,8.61101641479847,0.6684260769910466
13.65,8.617700559164563,0.6684144366092326
13.66,8.62438458259627,0.6684023431708042
13.67,8.631068481184737,0.6683898588466519
13.68,8.637752251676565,0.6683770491827445
13.69,8.644435891496386,0.6683639819820897
13.7,8.651119398774906,0.6683507278520295
13.71,8.657802772347768,0.6683373572862195
13.72,8.664486011773178,0.6683239425409937
13.73,8.671169117314497,0.6683105541318568
13.74,8.677852089938032,0.6682972623535122
13.75,8.684534931289175,0.6682841351143054
13.76,8.69121764366582,0.6682712376644417
13.77,8.69790022999024,0.6682586324421536
13.78,8.704582693762122,0.6682463771880975
13.79,8.711265039024987,0.6682345262865041
13.8,8.717947270303256,0.6682231278269057
13.81,8.724629392560747,0.6682122257490875
13.82,8.731311411132726,0.6682018571979143
13.83,8.737993331669923,0.6681920537197072
13.84,8.744675160073992,0.6681828404069279
13.85,8.751356902428586,0.6681742354594178
13.86,8.758038564939742,0.668166251115565
13.87,8.7647201538589,0.6681588919157377
13.88,8.771401675429011,0.6681521570111926
13.89,8.778083135806618,0.6681460377606641
13.9,8.784764541008322,0.6681405201703683
13.91,8.791445896844259,0.6681355835937097
13.92,8.798127208861235,0.6681312016976193
13.93,8.804808482291705,0.6681273430469759
13.94,8.811489721995738,0.6681239704033004
13.95,8.818170932427932,0.6681210432194717
13.96,8.824852117582909,0.6681185154976177
13.97,8.83153328097344,0.6681163390531708
13.98,8.838214425591456,0.6681144618015722
13.99,8.844895553890272,0.6681128298815509
14.0,8.851576667766757,0.6681113876485512
14.01,8.858257768545892,0.6681100779134752
14.02,8.864938856986164,0.6681088440272376
14.03,8.871619933267363,0.6681076281198628
14.04,8.878300997013696,0.6681063746333038
14.05,8.884982047292041,0.6681050278345424
14.06,8.891663082642673,0.6681035350631248
14.07,8.898344101098115,0.6681018455442
14.08,8.90502510021356,0.6680999115445729
14.09,8.911706077104263,0.6680976890702794
14.1,8.918387028476564,0.668095137230118
14.11,8.92506795068201,0.6680922205445583
14.12,8.931748839748007,0.6680889065997064
14.13,8.93842969144103,0.6680851693023016
14.14,8.945110501304807,0.6680809863777171
14.15,8.951791264719912,0.6680763415104707
14.16,8.958471976953719,0.6680712233807284
14.17,8.965152633211861,0.6680656258142292
14.18,8.97183322869811,0.6680595486248109
14.19,8.978513758656002,0.6680529957892034
14.2,8.985194218433673,0.6680459777671288
14.21,8.991874603519383,0.6680385085710228
14.22,8.998554909600118,0.6680306080735221
14.23,9.005235132599058,0.6680222998939556
14.24,9.011915268717697,0.6680136118639268
14.25,9.018595314478134,0.668004576043657
14.26,9.025275266747927,0.6679952269793787
14.27,9.031955122781996,0.6679856034068621
14.28,9.038634880232511,0.6679757450514856
14.29,9.045314537184028,0.6679656951517288
14.3,9.051994092156615,0.6679554972587098
14.31,9.058673544125288,0.6679451968672367
14.32,9.065352892519854,0.6679348394566631
14.33,9.072032137227879,0.6679244708024612
14.34,9.078711278589772,0.667914136189296
14.35,9.0853903173904,0.667903880062859
14.36,9.092069254845203,0.6678937454802636
14.37,9.098748092581626,0.6678837736423304
14.38,9.105426832617773,0.6678740036146991
14.39,9.112105477336128,0.6678644718354221
14.4,9.118784029453408,0.6678552117280745
14.41,9.125462491988628,0.6678462535219865
14.42,9.132140868227715,0.6678376239086958
14.43,9.138819161685463,0.6678293457747841
14.44,9.145497376066478,0.6678214381015124
14.45,9.152175515224187,0.6678139157708429
14.46,9.158853583118084,0.6678067893897577
14.47,9.165531583772104,0.6678000654019911
14.48,9.172209521231235,0.667793745913059
14.49,9.178887399520267,0.6677878289032435
14.5,9.18556522260121,0.6677823080943668
14.51,9.192242994334148,0.6677771732936932
14.52,9.19892071843889,0.6677724104742211
14.53,9.20559839845807,0.6677680019180343
14.54,9.212276037723438,0.6677639265367574
14.55,9.218953639324493,0.6677601601055017
14.56,9.225631206080486,0.667756675599307
14.57,9.232308740515588,0.6677534435102217
14.58,9.238986244836994,0.6677504321405792
14.59,9.245663720917253,0.6677476080259481
14.6,9.252341170280914,0.667744936366077
14.61,9.25901859409317,0.6677423812256222
14.62,9.265695993155347,0.6677399062176903
14.63,9.272373367901414,0.6677374746066889
14.64,9.27905071840013,0.6677350498716095
14.65,9.285728044361129,0.6677325960998459
14.66,9.2924053451436,0.6677300782470752
14.67,9.299082619770061,0.6677274626461838
14.68,9.305759866940978,0.6677247170916445
14.69,9.312437085055763,0.6677218114784722
14.7,9.319114272234321,0.6677187178558697
14.71,9.32579142634172,0.6677154107398664
14.72,9.33246854501617,0.6677118674449645
14.73,9.339145625698437,0.66770806822678
14.74,9.345822665662421,0.6677039963983944
14.75,9.35249966204712,0.6676996384697986
14.76,9.359176611890806,0.6676949843686941
14.77,9.365853512164053,0.6676900273246744
14.78,9.372530359803775,0.6676847639722538
14.79,9.379207151747408,0.667679194363302
14.8,9.385883884965924,0.6676733218515807
14.81,9.392560556496466,0.6676671530541967
14.82,9.399237163473604,0.6676606977137567
14.83,9.40591370315973,0.6676539686125693
14.84,9.412590172972735,0.667646981300507
14.85,9.419266570511674,0.6676397538939227
14.86,9.4259428935807,0.6676323069026324
14.87,9.432619140211234,0.6676246630533456
14.88,9.439295308679409,0.6676168468175092
14.89,9.44597139752224,0.6676088842830552
14.9,9.452647405548888,0.6676008026648361
14.91,9.459323331852563,0.6675926303675084
14.92,9.46599917581517,0.6675843962607786
14.93,9.472674937111423,0.6675761296252247
14.94,9.47935061570847,0.6675678597046542
14.95,9.486026211863102,0.6675596154632757
14.96,9.49270172611666,0.667551425355839
14.97,9.49937715928483,0.667543316816932
14.98,9.506052512447024,0.6675353162194142
14.99,9.512727786931844,0.6675274484820193
15.0,9.519402984300086,0.6675197368242181
15.01,9.526078106326503,0.6675122026416958
15.02,9.532753154978305,0.6675048651802129
15.03,9.53942813239276,0.6674977414455441
15.04,9.546103040853344,0.6674908460583495
15.05,9.552777882764495,0.6674841911150864
15.06,9.559452660624563,0.6674777860068204
15.07,9.566127377000413,0.6674716375849599
15.08,9.572802034499745,0.6674657499331715
15.09,9.579476635744077,0.6674601244332834
15.1,9.586151183341403,0.6674547597325997
15.11,9.592825679860347,0.6674496518943585
15.12,9.599500127804346,0.6674447943998629
15.13,9.606174529586792,0.6674401782445827
15.14,9.612848887508466,0.6674357921674812
15.15,9.619523203735522,0.6674316227055499
15.16,9.626197480279375,0.6674276543852997
15.17,9.63287171897878,0.6674238699405421
15.18,9.639545921484377,0.6674202505596583
15.19,9.646220089243993,0.6674167759616267
15.2,9.652894223492057,0.6674134248063623
15.21,9.659568325239732,0.6674101747675465
15.22,9.66624239526887,0.6674070029138335
15.23,9.672916434128197,0.6674038859326714
15.24,9.679590442131115,0.6674008002917731
15.25,9.686264419356782,0.6673977225666761
15.26,9.692938365654298,0.6673946297516054
15.27,9.69961228064724,0.6673914992942898
15.28,9.706286163742872,0.6673883095631439
15.29,9.712960014141604,0.6673850398732029
15.3,9.719633830849542,0.6673816707937874
15.31,9.726307612692114,0.6673781842572168
15.32,9.732981358330433,0.6673745638318351
15.33,9.739655066278035,0.6673707947602026
15.34,9.746328734919745,0.6673668641710151
15.35,9.753002362531195,0.6673627611450073
15.36,9.759675947299451,0.6673584768256191
15.37,9.766349487343868,0.6673540044417337
15.38,9.773022980737696,0.6673493393828167
15.39,9.779696425529973,0.6673444792276939
15.4,9.786369819766865,0.6673394236891284
15.41,9.793043161513717,0.6673341746852302
15.42,9.799716448874793,0.6673287361076419
15.43,9.80638968001407,0.667323113927587
15.44,9.813062853174523,0.6673173160454127
15.45,9.819735966695845,0.6673113521321383
15.46,9.826409019031574,0.6673052335729679
15.47,9.833082008764196,0.6672989732621204
15.48,9.839754934618728,0.6672925854532608
15.49,9.846427795475986,0.667286085725749
15.5,9.85310059038152,0.6672794905533408
15.51,9.859773318554513,0.6672728172993914
15.52,9.866445979394701,0.6672660840187916
15.53,9.873118572485936,0.6672593091234802
15.54,9.879791097599519,0.667252511358285
15.55,9.8864635546943,0.6672457094781592
15.56,9.893135943915375,0.6672389221074937
15.57,9.89980826559064,0.6672321675264214
15.58,9.906480520225024,0.66722546343847
15.59,9.913152708494536,0.6672188269511992
15.6,9.919824831236813,0.6672122742276798
15.61,9.92649688944082,0.6672058204006959
15.62,9.933168884235094,0.6671994794274383
15.63,9.939840816875169,0.6671932640074374
15.64,9.946512688728575,0.667187185340623
15.65,9.953184501260672,0.6671812532097476
15.66,9.959856256018277,0.6671754757604731
15.67,9.96652795461257,0.6671698594292508
15.68,9.973199598703433,0.6671644090863182
15.69,9.979871189980397,0.667159127696415
15.7,9.986542730146684,0.6671540166287571
15.71,9.99321422090179,0.667149075510487
15.72,9.99988566392409,0.6671443022300494
15.73,10.006557060854743,0.6671396930652662
15.74,10.013228413281619,0.6671352426875998
15.75,10.019899722724691,0.6671309443072815
15.76,10.026570990621613,0.6671267896921407
15.77,10.033242218314346,0.6671227692732984
15.78,10.039913407037254,0.6671188722908283
15.79,10.046584557907678,0.6671150870424469
15.8,10.053255671914872,0.6671114007193779
15.81,10.05992674991376,0.6671077998888109
15.82,10.066597792618271,0.667104270451091
15.83,10.073268800595985,0.6671007977713472
15.84,10.079939774265888,0.6670973669903546
15.85,10.086610713896317,0.6670939630428308
15.86,10.09328161960509,0.6670905708773489
15.87,10.099952491361105,0.6670871756014662
15.88,10.106623328988205,0.6670837627099857
15.89,10.113294132168953,0.6670803180748308
15.9,10.119964900450977,0.6670768282024397
15.91,10.126635633254315,0.6670732803337742
15.92,10.133306329880124,0.6670696625809214
15.93,10.13997698952048,0.6670659640356291
15.94,10.14664761126828,0.6670621747799643
15.95,10.153318194129719,0.6670582861438845
15.96,10.159988737035999,0.6670542906279664
15.97,10.166659238855997,0.667050181999862
15.98,10.173329698410738,0.667045955474066
15.99,10.180000114485445,0.6670416074706864
16.0,10.186670485844843,0.6670371359398075
16.01,10.19334081124596,0.6670325401117339
16.02,10.20001108945178,0.6670278205819002
16.03,10.206681319246016,0.6670229794236704
16.04,10.213351499444979,0.6670180198963038
16.05,10.220021628910336,0.6670129465357277
16.06,10.226691706561116,0.667007765077976
16.07,10.233361731384791,0.6670024823675291
16.08,10.240031702447006,0.666997106221423
16.09,10.246701618901316,0.6669916454310254
16.1,10.253371479997586,0.6669861096270324
16.11,10.26004128508835,0.6669805090764314
16.12,10.266711033635293,0.6669748546942245
16.13,10.27338072521427,0.6669691578977677
16.14,10.280050359517983,0.6669634303712257
16.15,10.286719936358661,0.6669576840678815
16.16,10.29338945566844,0.6669519309777883
16.17,10.300058917499584,0.6669461831144474
16.18,10.306728322022556,0.6669404522972044
16.19,10.313397669523155,0.6669347500599443
16.2,10.320066960399249,0.666929087609347
16.21,10.326736195155352,0.6669234756103037
16.22,10.3334053743956,0.6669179240248013
16.23,10.340074498818254,0.6669124422653994
16.24,10.346743569206375,0.6669070388120701
16.25,10.353412586420333,0.6669017213958739
16.26,10.360081551387674,0.666896496734104
16.27,10.366750465093247,0.6668913705572876
16.28,10.373419328569211,0.666886347596396
16.29,10.38008814288406,0.6668814314849669
16.3,10.38675690913176,0.6668766247699409
16.31,10.39342562842033,0.6668719288569491
16.32,10.40009430186168,0.6668673441350137
16.33,10.406762930558727,0.6668628697047652
16.34,10.413431515599179,0.6668585040451092
16.35,10.420100058039985,0.6668542440806391
16.36,10.4267685588992,0.6668500859214888
16.37,10.433437019148645,0.6668460249445118
16.38,10.440105439703018,0.6668420554373
16.39,10.446773821411824,0.6668381708806237
16.4,10.453442165052746,0.6668343640921393
16.41,10.460110471325814,0.666830627306858
16.42,10.466778740847186,0.6668269521371784
16.43,10.473446974143483,0.6668233296297288
16.44,10.480115171650342,0.666819750685832
16.45,10.486783333709022,0.6668162058680593
16.46,10.493451460565435,0.6668126856412826
16.47,10.500119552368542,0.666809180310679
16.48,10.506787609170898,0.6668056802356048
16.49,10.513455630929315,0.6668021758416742
16.5,10.520123617510201,0.666798658088652
16.51,10.52679156868997,0.6667951179768039
16.52,10.533459484160272,0.6667915470302432
16.53,10.54012736353268,0.6667879372407981
16.54,10.546795206344544,0.6667842811864944
16.55,10.55346301206681,0.6667805722265996
16.56,10.560130780108366,0.6667768041555888
16.57,10.56679850982491,0.6667729716543391
16.58,10.57346620052709,0.6667690702180096
16.59,10.580133851489153,0.6667650962063121
16.6,10.586801461957114,0.6667610467960827
16.61,10.593469031156552,0.6667569199438006
16.62,10.60013655830307,0.6667527146518637
16.63,10.606804042611294,0.6667484308223948
16.64,10.613471483301531,0.6667440690236504
16.65,10.620138879609229,0.666739630769797
16.66,10.626806230793768,0.6667351184539427
16.67,10.633473536147049,0.6667305353280639
16.68,10.640140794998487,0.6667258851438262
16.69,10.646808006722917,0.6667211724430189
16.7,10.653475170749061,0.6667164026143979
16.71,10.660142286562838,0.6667115813776547
16.72,10.666809353712434,0.6667067149596306
16.73,10.673476371814159,0.6667018101724764
16.74,10.680143340553636,0.6666968739477142
16.75,10.686810259691711,0.6666919138075045
16.76,10.693477129064393,0.6666869372681461
16.77,10.700143948584046,0.6666819519653089
16.78,10.706810718239534,0.6666769655488736
16.79,10.713477438097723,0.666671985818823
16.8,10.720144108301163,0.6666670203440361
16.81,10.7268107290643,0.6666620763137843
16.82,10.733477300672343,0.6666571608041849
16.83,10.740143823480155,0.6666522807812214
16.84,10.746810297903963,0.6666474423807855
16.85,10.7534767244208,0.6666426516837021
16.86,10.76014310355955,0.666637913874979
16.87,10.766809435896949,0.6666332337399439
16.88,10.77347572205297,0.6666286156020718
16.89,10.780141962681729,0.6666240628758757
16.9,10.786808158465465,0.6666195783736839
16.91,10.79347431010978,0.6666151644314056
16.92,10.800140418334996,0.6666108225216405
16.93,10.806806483869096,0.6666065534099985
16.94,10.813472507439696,0.6666023570600643
16.95,10.82013848976934,0.6665982329643327
16.96,10.826804431569057,0.6665941799717245
16.97,10.833470333528044,0.6665901958987419
16.98,10.840136196310034,0.6665862781989773
16.99,10.846802020548004,0.6665824237970241
17.0,10.853467806838344,0.6665786290339426
17.01,10.860133555734155,0.6665748895811063
17.02,10.866799267741648,0.6665712007492886
17.03,10.873464943316161,0.6665675574513585
17.04,10.880130582860339,0.6665639544177537
17.05,10.886796186718808,0.6665603858468927
17.06,10.893461755175768,0.6665568456959647
17.07,10.900127288455668,0.666553327990016
17.08,10.906792786722201,0.6665498266533731
17.09,10.913458250076594,0.6665463354392998
17.1,10.920123678557845,0.6665428481250402
17.11,10.926789072143555,0.6665393585709722
17.12,10.93345443075384,0.6665358610286276
17.13,10.940119754252216,0.6665323498374676
17.14,10.946785042446031,0.66652881938154
17.15,10.953450295092399,0.6665252646367748
17.16,10.960115511901956,0.6665216809556895
17.17,10.966780692542763,0.6665180640807122
17.18,10.97344583664368,0.6665144100917786
17.19,10.980110943798111,0.6665107154431027
17.2,10.98677601357191,0.6665069773799104
17.21,10.99344104550951,0.6665031937599153
17.22,11.000106039135712,0.6664993626202431
17.23,11.006770993962714,0.6664954827002134
17.24,11.013435909497332,0.6664915534617677
17.25,11.020100785245681,0.6664875748349175
17.26,11.026765620717196,0.6664835471514863
17.27,11.033430415430686,0.6664794713490352
17.28,11.040095168920821,0.6664753490134956
17.29,11.046759880745004,0.666471182418249
17.3,11.05342455048429,0.6664669739286921
17.31,11.060089177747994,0.6664627263702982
17.32,11.066753762180825,0.6664584432831688
17.33,11.073418303463667,0.6664541282841441
17.34,11.080082801318207,0.6664497854540485
17.35,11.086747255509088,0.6664454190881131
17.36,11.093411665845384,0.666441033629539
17.37,11.100076032184433,0.6664366339048655
17.38,11.106740354432695,0.6664322248262522
17.39,11.113404632545025,0.666427811233028
17.4,11.12006886652507,0.6664233980044898
17.41,11.126733056425815,0.6664189900744688
17.42,11.133397202350217,0.6664145924402121
17.43,11.140061304447357,0.6664102097140301
17.44,11.146725362910734,0.6664058463377032
17.45,11.153389377977545,0.6664015066810691
17.46,11.160053349928445,0.666397195089985
17.47,11.166717279079833,0.6663929151388359
17.48,11.17338116578142,0.6663886701586463
17.49,11.18004501041467,0.6663844633250093
17.5,11.186708813389616,0.666380297494662
17.51,11.193372575137847,0.6663761748230357
17.52,11.200036296109817,0.6663720971969767
17.53,11.206699976770498,0.6663680660681237
17.54,11.213363617595737,0.6663640825239625
17.55,11.220027219066044,0.6663601470306091
17.56,11.226690781662022,0.6663562595978334
17.57,11.233354305860633,0.666352419861127
17.58,11.240017792132356,0.6663486271722974
17.59,11.246681240934716,0.666344880236025
17.6,11.253344652708712,0.6663411773995875
17.61,11.260008027876577,0.6663375167864416
17.62,11.266671366836576,0.6663338959999265
17.63,11.27333466995983,0.6663303123254138
17.64,11.279997937587689,0.6663267627859071
17.65,11.286661170029522,0.6663232441832534
17.66,11.293324367559428,0.6663197529906739
17.67,11.299987530416482,0.6663162857053706
17.68,11.306650658801246,0.6663128384763795
17.69,11.313313752874826,0.6663094073580567
17.7,11.319976812759105,0.666305988427851
17.71,11.326639838537439,0.6663025778333775
17.72,11.333302830251618,0.6662991714179611
17.73,11.339965787904301,0.6662957652682877
17.74,11.346628711460816,0.666292355651521
17.75,11.353291600850435,0.6662889389618343
17.76,11.35995445596735,0.6662855116914557
17.77,11.366617276670992,0.6662820703642325
17.78,11.37328006279018,0.6662786119187913
17.79,11.379942814126988,0.666275133680827
17.8,11.386605530457935,0.666271633094695
17.81,11.39326821153524,0.6662681077305166
17.82,11.39993085709297,0.6662645557730329
17.83,11.406593466851099,0.6662609758128824
17.84,11.413256040517537,0.666257366643741
17.85,11.419918577789048,0.6662537271511226
17.86,11.426581078358105,0.6662500569056817
17.87,11.433243541916127,0.666246355802258
17.88,11.43990596815756,0.666242624143365
17.89,11.446568356782056,0.6662388624494753
17.9,11.453230707497077,0.6662350715021859
17.91,11.4598930200229,0.66623125258225
17.92,11.46655529409716,0.6662274074260566
17.93,11.47321752947359,0.6662235376429848
17.94,11.479879725925874,0.6662196452284164
17.95,11.48654188325207,0.6662157326195128
17.96,11.493204001277238,0.6662118025168695
17.97,11.499866079852827,0.6662078575589092
17.98,11.506528118857018,0.666203900419049
17.99,11.513190118199548,0.6661999342529867
18.0,11.519852077821518,0.6661959621970581
18.01,11.526513997694657,0.66619198731388
18.02,11.533175877822002,0.6661880127344588
18.03,11.539837718239019,0.6661840417017117
18.04,11.546499519012773,0.6661800773754223
18.05,11.553161280241069,0.666176122829576
18.06,11.559823002049896,0.6661721808827181
18.07,11.566484684593572,0.6661682543676051
18.08,11.573146328054392,0.6661643460819988
18.09,11.579807932638948,0.6661604584556002
18.1,11.586469498576273,0.6661565937324809
18.11,11.59313102611566,0.6661527539387535
18.12,11.599792515525372,0.6661489409712118
18.13,11.606453967089507,0.6661451564134779
18.14,11.613115381104556,0.6661414015049161
18.15,11.619776757877744,0.666137677318801
18.16,11.626438097723577,0.6661339845832615
18.17,11.633099400961292,0.6661303237715188
18.18,11.639760667911876,0.6661266950583666
18.19,11.646421898894337,0.6661230982460964
18.2,11.653083094223891,0.6661195329554559
18.21,11.659744254209489,0.6661159985597465
18.22,11.666405379150175,0.6661124940686491
18.23,11.67306646933309,0.666109018291472
18.24,11.67972752503054,0.6661055697449569
18.25,11.686388546500472,0.6661021469932749
18.26,11.693049533981128,0.6660987480655578
18.27,11.699710487689972,0.6660953708843564
18.28,11.706371407823045,0.6660920133073844
18.29,11.713032294554694,0.6660886731648219
18.3,11.71969314803507,0.6660853480376261
18.31,11.726353968388068,0.6660820352998087
18.32,11.733014755713098,0.6660787325030171
18.33,11.739675510084142,0.6660754371043964
18.34,11.746336231550746,0.6660721466603903
18.35,11.752996920135175,0.6660688584428698
18.36,11.759657575834748,0.666065569957297
18.37,11.766318198623807,0.6660622789059545
18.38,11.772978788454616,0.6660589830808306
18.39,11.779639345256726,0.6660556802110307
18.4,11.786299868937355,0.6660523680629638
18.41,11.792960359385516,0.6660490448160417
18.42,11.79962081647448,0.6660457088964122
18.43,11.80628124006243,0.6660423587950604
18.44,11.812941629992757,0.666038993032636
18.45,11.819601986097194,0.6660356104436715
18.46,11.826262308199684,0.6660322102490568
18.47,11.832922596118518,0.6660287918833774
18.48,11.839582849665966,0.6660253547448036
18.49,11.846243068651061,0.6660218985095057
18.5,11.852903252885035,0.6660184233973965
18.51,11.85956340218218,0.6660149297145423
18.52,11.86622351635998,0.666011417779977
18.53,11.872883595242012,0.6660078882031684
18.54,11.879543638661666,0.6660043419653761
18.55,11.886203646464196,0.6660007802530288
18.56,11.892863618506064,0.6659972041868301
18.57,11.899523554657762,0.6659936151697465
18.58,11.906183454804967,0.6659900147205633
18.59,11.91284331885145,0.6659864046483222
18.6,11.91950314671853,0.665982786707886
18.61,11.926162938345808,0.6659791627278366
18.62,11.932822693692069,0.6659755346261065
18.63,11.939482412737089,0.6659719045019941
18.64,11.946142095481239,0.6659682744150075
18.65,11.952801741944462,0.6659646463223368
18.66,11.959461352166759,0.6659610222296664
18.67,11.966120926208195,0.665957404143569
18.68,11.972780464148949,0.6659537940754134
18.69,11.979439966087728,0.66595019387794
18.7,11.986099432139866,0.6659466052138185
18.71,11.992758862438407,0.6659430298540769
18.72,11.999418257131666,0.6659394693258491
18.73,12.00607761638221,0.6659359250544838
18.74,12.012736940364661,0.6659323982450616
18.75,12.019396229265066,0.6659288900404903
18.76,12.026055483279258,0.6659254014191873
18.77,12.03271470261058,0.6659219331321964
18.78,12.039373887467427,0.6659184856847133
18.79,12.046033038063664,0.6659150596236785
18.8,12.052692154614428,0.6659116550764566
18.81,12.059351237335347,0.6659082720918974
18.82,12.066010286441289,0.6659049105941506
18.83,12.072669302142431,0.6659015701142579
18.84,12.079328284646476,0.6658982504044175
18.85,12.085987234152341,0.6658949505865763
18.86,12.092646150850772,0.6658916698430772
18.87,12.099305034923287,0.6658884072514581
18.88,12.10596388654087,0.6658851617583394
18.89,12.112622705862805,0.6658819321934573
18.9,12.1192814930341,0.6658787171295089
18.91,12.1259402481871,0.6658755152999518
18.92,12.132598971436472,0.6658723249373111
18.93,12.139257662882926,0.6658691446453702
18.94,12.145916322611509,0.6658659728582705
18.95,12.152574950689852,0.6658628078342943
18.96,12.159233547170416,0.6658596480564327
18.97,12.1658921120884,0.6658564917984222
18.98,12.172550645461605,0.6658533373204989
18.99,12.179209147294028,0.6658501832422559
19.0,12.185867617572423,0.6658470278395612
19.01,12.192526056271813,0.6658438699389535
19.02,12.199184463350804,0.6658407078990791
19.03,12.205842838756556,0.6658375405752537
19.04,12.212501182422631,0.6658343666074984
19.05,12.219159494271876,0.6658311849244924
19.06,12.225817774219387,0.6658279947510337
19.07,12.23247602216988,0.6658247950493745
19.08,12.239134238023874,0.6658215853994065
19.09,12.245792421673709,0.6658183649834726
19.1,12.252450573008048,0.6658151334338669
19.11,12.259108691914111,0.6658118906063493
19.12,12.26576677827862,0.6658086364508264
19.13,12.272424831988369,0.6658053709749367
19.14,12.279082852930836,0.6658020942467147
19.15,12.285740840998107,0.6657988067271248
19.16,12.292398796084694,0.6657955086586398
19.17,12.299056718093354,0.6657922008660222
19.18,12.305714606933078,0.665788883972418
19.19,12.312372462520775,0.665785558769727
19.2,12.319030284783796,0.6657822263020918
19.21,12.32568807365758,0.6657788873782877
19.22,12.332345829090032,0.6657755432453172
19.23,12.339003551040669,0.6657721950636741
19.24,12.34566123948079,0.665768844012149
19.25,12.35231889439473,0.6657654913938771
19.26,12.358976515778771,0.665762138404169
19.27,12.365634103642677,0.665758786390569
19.28,12.372291658008727,0.6657554366050533
19.29,12.378949178913663,0.6657520904935765
19.3,12.385606666406206,0.6657487492542913
19.31,12.392264120547122,0.6657454140915675
19.32,12.398921541410282,0.6657420863160013
19.33,12.405578929078622,0.6657387668340675
19.34,12.412236283648067,0.6657354569444607
19.35,12.418893605222955,0.6657321574888186
19.36,12.425550893918068,0.665728869511284
19.37,12.432208149855128,0.6657255937060569
19.38,12.43886537316213,0.6657223307001914
19.39,12.445522563973594,0.665719081146321
19.4,12.452179722428781,0.6657158455187329
19.41,12.458836848672092,0.6657126243311495
19.42,12.465493942848829,0.6657094176736322
19.43,12.472151005107538,0.665706225870899
19.44,12.478808035594234,0.6657030486696414
19.45,12.485465034453922,0.6656998859687846
19.46,12.49212200183074,0.6656967376818201
19.47,12.498778937865257,0.6656936034517003
19.48,12.505435842694844,0.6656904829586807
19.49,12.512092716449885,0.6656873755041204
19.5,12.518749559255685,0.6656842805799812
19.51,12.52540637122872,0.6656811973034138
19.52,12.53206315248053,0.6656781251811239
19.53,12.538719903112355,0.6656750631824693
19.54,12.54537662321685,0.6656720104494696
19.55,12.552033312877313,0.66566896604634
19.56,12.558689972165379,0.665665928806547
19.57,12.565346601143116,0.6656628977737
19.58,12.572003199861816,0.6656598718700835
19.59,12.578659768363355,0.6656568501538729
19.6,12.585316306677896,0.6656538314540938
19.61,12.591972814825967,0.6656508148070728
19.62,12.598629292818014,0.6656477992047272
19.63,12.60528574065277,0.6656447834755497
19.64,12.61194215832139,0.6656417668621017
19.65,12.618598545805328,0.665638748393782
19.66,12.625254903078847,0.6656357273518765
19.67,12.631911230107026,0.665632702817831
19.68,12.638567526848604,0.6656296741578416
19.69,12.64522379325474,0.6656266406135813
19.7,12.651880029272334,0.6656236017594352
19.71,12.658536234844654,0.6656205572319607
19.72,12.665192409910029,0.6656175065375081
19.73,12.67184855440551,0.6656144495481797
19.74,12.67850466826518,0.6656113859669688
19.75,12.685160751423474,0.6656083158294024
19.76,12.69181680381282,0.6656052389345746
19.77,12.698472825369151,0.6656021556331382
19.78,12.705128816029156,0.6655990660004107
19.79,12.711784775733083,0.6655959703927294
19.8,12.718440704424726,0.6655928691642998
19.81,12.725096602051975,0.6655897627249274
19.82,12.73175246856798,0.6655866516004139
19.83,12.738408303931115,0.665583536313541
19.84,12.745064108107677,0.6655804176562086
19.85,12.751719881069876,0.6655772962199435
19.86,12.758375622798553,0.6655741728677
19.87,12.765031333281062,0.6655710482508681
19.88,12.771687012512292,0.6655679231229783
19.89,12.778342660496316,0.6655647984024071
19.9,12.78499827724595,0.6655616749634774
19.91,12.791653862782383,0.6655585536432085
19.92,12.798309417134464,0.6655554352080983
19.93,12.804964940340486,0.6655523206022806
19.94,12.811620432443842,0.6655492103355698
19.95,12.81827589349874,0.6655461054897671
19.96,12.824931323564641,0.6655430065901413
19.97,12.83158672270973,0.6655399145088836
19.98,12.838242091007452,0.6655368297721509
19.99,12.844897428537948,0.6655337530496297
20.0,12.851552735385813,0.665530684786475
20.01,12.858208011640336,0.6655276254523557
20.02,12.864863257395523,0.6655245755187167
20.03,12.871518472747843,0.6655215352319388
20.04,12.878173657797056,0.6655185049213586
20.05,12.884828812643828,0.6655154846772149
20.06,12.891483937390266,0.665512474643748
20.07,12.898139032137141,0.6655094746875534
20.08,12.904794096987317,0.6655064850175307
20.09,12.911449132041035,0.665503505371845
20.1,12.918104137397894,0.6655005356858368
20.11,12.924759113154884,0.6654975756990922
20.12,12.93141405940457,0.6654946249685878
20.13,12.938068976235218,0.6654916830648006
20.14,12.944723863730596,0.6654887495377793
20.15,12.951378721970578,0.6654858239981465
20.16,12.958033551028606,0.6654829058028611
20.17,12.964688350973791,0.6654799945184919
20.18,12.971343121866909,0.6654770893117501
20.19,12.977997863764635,0.6654741897726524
20.2,12.98465257671445,0.6654712949814012
20.21,12.991307260759278,0.665468404482894
20.22,12.997961915933853,0.6654655174575197
20.23,13.004616542267113,0.6654626333260083
20.24,13.01127113978092,0.6654597513806593
20.25,13.017925708490608,0.6654568709688391
20.26,13.024580248403597,0.6654539912988255
20.27,13.031234759522139,0.6654511118542317
20.28,13.037889241843676,0.6654482321536648
20.29,13.04454369535907,0.6654453515395176
20.3,13.051198120054558,0.6654424695486938
20.31,13.057852515911033,0.6654395856475759
20.32,13.064506882905835,0.6654366994801819
20.33,13.071161221011266,0.6654338105430924
20.34,13.077815530198219,0.6654309186952645
20.35,13.084469810434541,0.6654280236322307
20.36,13.091124061686568,0.6654251252026455
20.37,13.097778283919062,0.6654222232494789
20.38,13.104432477096143,0.6654193177080714
20.39,13.111086641181284,0.665416408514119
20.4,13.117740776137992,0.6654134956708191
20.41,13.124394881931787,0.6654105793794329
20.42,13.131048958529856,0.6654076598069381
20.43,13.137703005901544,0.6654047371688065
20.44,13.1443570240191,0.6654018117556504
20.45,13.151011012858035,0.665398883893431
20.46,13.157664972396024,0.6653959537988641
20.47,13.16431890261609,0.6653930220066329
20.48,13.170972803504913,0.6653900888823117
20.49,13.177626675054977,0.6653871550064139
20.5,13.184280517261953,0.6653842206976179
20.51,13.19093433012808,0.665381286612643
20.52,13.19758811365955,0.6653783531470836
20.53,13.204241867868971,0.6653754209420271
20.54,13.210895592773607,0.6653724904635894
20.55,13.21754928839785,0.6653695624242673
20.56,13.224202954769932,0.6653666372082867
20.57,13.23085659192392,0.6653637153988257
20.58,13.23751019989821,0.6653607974289599
20.59,13.244163778734674,0.6653578836463225
20.6,13.250817328480382,0.6653549745708531
20.61,13.257470849187998,0.6653520707615712
20.62,13.264124340914542,0.6653491726543947
20.63,13.270777803719769,0.6653462805227051
20.64,13.277431237667532,0.6653433947763077
20.65,13.284084642823366,0.6653405155834236
20.66,13.29073801925487,0.6653376431504654
20.67,13.297391367031457,0.6653347776586216
20.68,13.304044686225307,0.6653319193850038
20.69,13.310697976907871,0.6653290682564261
20.7,13.317351239152435,0.6653262244563862
20.71,13.324004473031223,0.6653233878788356
20.72,13.330657678616697,0.6653205585473998
20.73,13.337310855978707,0.6653177362009544
20.74,13.343964005186919,0.6653149208212028
20.75,13.350617126308318,0.6653121121399153
20.76,13.357270219408557,0.665309310023865
20.77,13.363923284549323,0.665306514076569
20.78,13.370576321790871,0.6653037241548532
20.79,13.377229331188225,0.6653009397354026
20.8,13.383882312793759,0.6652981605533625
20.81,13.390535266656403,0.665295386264475
20.82,13.397188192820897,0.6652926164493422
20.83,13.403841091327608,0.665289850671158
20.84,13.41049396221235,0.6652870884741091
20.85,13.417146805506611,0.6652843294261856
20.86,13.423799621236952,0.6652815730340933
20.87,13.430452409425175,0.6652788188223013
20.88,13.437105170090057,0.6652760664881185
20.89,13.443757903245835,0.6652733155778634
20.9,13.450410608903503,0.6652705657668179
20.91,13.457063287069108,0.6652678165604442
20.92,13.463715937744812,0.6652650675704308
20.93,13.470368560929145,0.665262318433335
20.94,13.477021156616885,0.6652595687739904
20.95,13.483673724800841,0.6652568183955765
20.96,13.49032626547146,0.6652540670618379
20.97,13.49697877861647,0.665251314500992
20.98,13.503631264222587,0.6652485606117864
20.99,13.510283722275211,0.6652458052624155
21.0,13.516936152757824,0.6652430482612104
21.01,13.523588555651838,0.6652402894014031
21.02,13.530240930939708,0.6652375287870882
21.03,13.536893278604435,0.6652347664726221
21.04,13.54354559862883,0.6652320024395308
21.05,13.550197890996923,0.6652292368093171
21.06,13.556850155694175,0.6652264697251553
21.07,13.563502392707335,0.6652237013160089
21.08,13.57015460202362,0.6652209316285962
21.09,13.576806783633725,0.6652181610103725
21.1,13.583458937530061,0.6652153896336443
21.11,13.590111063708852,0.6652126178790851
21.12,13.596763162168122,0.6652098459269951
21.13,13.60341523290975,0.6652070741628435
21.14,13.610067275938015,0.6652043028264387
21.15,13.616719291260653,0.665201532263815
21.16,13.623371278889085,0.665198762843211
21.17,13.630023238838511,0.6651959949426356
21.18,13.636675171126678,0.6651932288166407
21.19,13.643327075776032,0.6651904649354279
21.2,13.649978952811196,0.6651877035164233
21.21,13.656630802260693,0.6651849449497149
21.22,13.663282624155153,0.6651821894459786
21.23,13.669934418529813,0.6651794374660014
21.24,13.676586185422881,0.6651766893067901
21.25,13.683237924874847,0.6651739451966066
21.26,13.689889636928477,0.6651712053630021
21.27,13.696541321628972,0.6651684700495153
21.28,13.703192979022777,0.6651657393804911
21.29,13.709844609158095,0.6651630135317887
21.3,13.716496212084696,0.665160292660083
21.31,13.723147787854021,0.6651575769325291
21.32,13.72979933651839,0.6651548664368789
21.33,13.736450858130794,0.6651521612404565
21.34,13.743102352744,0.6651494613205244
21.35,13.749753820410199,0.665146766619884
21.36,13.756405261180937,0.6651440770738759
21.37,13.76305667510695,0.6651413926013205
21.38,13.76970806223881,0.6651387131858755
21.39,13.776359422625731,0.6651360386921823
21.4,13.783010756315552,0.6651333689820405
21.41,13.789662063353934,0.6651307038382015
21.42,13.796313343784705,0.6651280430771678
21.43,13.802964597648554,0.6651253863848794
21.44,13.809615824984185,0.6651227335630949
21.45,13.816267025827846,0.6651200843661442
21.46,13.822918200213818,0.665117438597207
21.47,13.829569348172983,0.665114795916466
21.48,13.836220469734997,0.6651121562013529
21.49,13.842871564924826,0.6651095189829093
21.5,13.849522633765492,0.6651068840666241
21.51,13.856173676275127,0.6651042509634664
21.52,13.862824692471305,0.6651016196178361
21.53,13.869475682367733,0.6650989896428428
21.54,13.876126645976816,0.6650963609082794
21.55,13.882777583306654,0.6650937329837348
21.56,13.889428494365479,0.6650911058825315
21.57,13.896079379157129,0.6650884791650213
21.58,13.902730237684295,0.6650858527166292
21.59,13.90938106994659,0.6650832262295125
21.6,13.916031875943391,0.6650805996800457
21.61,13.922682655671736,0.6650779728344602
21.62,13.929333409128937,0.665075345720112
21.63,13.935984136308303,0.66507271793661
21.64,13.942634837205453,0.6650700897150585
21.65,13.949285511815205,0.6650674609751661
21.66,13.955936160132136,0.6650648316931296
21.67,13.962586782149318,0.6650622017181362
21.68,13.969237377861607,0.6650595712288876
21.69,13.975887947264809,0.6650569403202411
21.7,13.982538490352034,0.6650543087225458
21.71,13.989189007120991,0.6650516768957004
21.72,13.995839497569524,0.6650490448532054
21.73,14.002489961696138,0.6650464126614963
21.74,14.009140399501048,0.6650437804909259
21.75,14.015790810988555,0.6650411487507668
21.76,14.022441196162564,0.6650385174008733
21.77,14.029091555028273,0.6650358865709194
21.78,14.03574188759583,0.6650332567556205
21.79,14.042392193875454,0.6650306279624374
21.8,14.049042473879298,0.66502800038446
21.81,14.055692727621576,0.6650253742277457
21.82,14.062342955120112,0.6650227498536054
21.83,14.068993156393802,0.665020127368976
21.84,14.07564333146409,0.6650175070287645
21.85,14.082293480355851,0.6650148891761631
21.86,14.088943603095174,0.6650122739323194
21.87,14.095593699709115,0.6650096613940448
21.88,14.102243770227636,0.6650070518521289
21.89,14.108893814682872,0.6650044455236426
21.9,14.115543833106145,0.6650018423272286
21.91,14.122193825530962,0.6649992424817341
21.92,14.128843791994118,0.6649966463156076
21.93,14.135493732531653,0.6649940537535315
21.94,14.142143647181392,0.664991464973852
21.95,14.148793535982179,0.6649888800787096
21.96,14.155443398971798,0.6649862989618782
21.97,14.162093236190646,0.6649837218848376
21.98,14.168743047677932,0.6649811487285717
21.99,14.175392833471662,0.664978579372999
22.0,14.18204259361081,0.6649760139147531
22.01,14.188692328133339,0.6649734522529371
22.02,14.195342037076863,0.6649708943523791
22.03,14.201991720478606,0.6649683401743545
22.04,14.208641378374566,0.6649657895959393
22.05,14.215291010798484,0.6649632423918916
22.06,14.221940617784714,0.6649606986229628
22.07,14.228590199365318,0.6649581580603581
22.08,14.235239755569289,0.664955620397123
22.09,14.24188928642491,0.6649530855620256
22.1,14.248538791959957,0.664950553504795
22.11,14.255188272200158,0.6649480240200845
22.12,14.261837727168256,0.6649454968098212
22.13,14.268487156886952,0.6649429718695643
22.14,14.275136561376494,0.6649404489541766
22.15,14.281785940652991,0.6649379276497669
22.16,14.288435294734217,0.6649354081226022
22.17,14.295084623634757,0.6649328900540041
22.18,14.301733927364499,0.6649303729741263
22.19,14.308383205934781,0.6649278570282746
22.2,14.315032459356445,0.6649253421663559
22.21,14.321681687636381,0.6649228279936636
22.22,14.32833089078121,0.664920314482842
22.23,14.334980068798231,0.6649178017021029
22.24,14.341629221691496,0.6649152893265509
22.25,14.34827834946355,0.6649127772053731
22.26,14.354927452118629,0.6649102655078565
22.27,14.361576529657185,0.6649077538556369
22.28,14.36822558207914,0.6649052421954238
22.29,14.374874609386703,0.6649027307563671
22.3,14.38152361158194,0.664900219523723
22.31,14.388172588664814,0.6648977082873486
22.32,14.394821540636373,0.6648951971559569
22.33,14.401470467499138,0.6648926862764526
22.34,14.40811936925436,0.6648901755221814
22.35,14.414768245904384,0.6648876650023894
22.36,14.421417097453993,0.6648851549609702
22.37,14.428065923905852,0.664882645185827
22.38,14.434714725264556,0.6648801358704048
22.39,14.441363501537378,0.6648776272822232
22.4,14.448012252731278,0.6648751193900182
22.41,14.454660978854577,0.6648726123298587
22.42,14.46130967991795,0.6648701063372897
22.43,14.467958355932357,0.6648676014407329
22.44,14.474607006910194,0.6648650977837178
22.45,14.481255632865246,0.6648625955051557
22.46,14.487904233812943,0.6648600947697147
22.47,14.494552809769218,0.6648575956274883
22.48,14.50120136075244,0.6648550983221924
22.49,14.50784988678361,0.6648526031170832
22.5,14.514498387883696,0.6648501100086079
22.51,14.521146864074588,0.6648476190891373
22.52,14.527795315380505,0.6648451305917291
22.53,14.534443741825749,0.6648426445243771
22.54,14.541092143436591,0.6648401610842569
22.55,14.547740520239119,0.6648376802527167
22.56,14.554388872259603,0.6648352020484083
22.57,14.561037199526208,0.6648327266605136
22.58,14.567685502067631,0.6648302541423234
22.59,14.574333779913168,0.664827784553701
22.6,14.580982033092532,0.6648253179363905
22.61,14.587630261636853,0.6648228544321455
22.62,14.594278465575364,0.6648203938510733
22.63,14.600926644938706,0.6648179363342166
22.64,14.607574799756735,0.6648154818028829
22.65,14.61422293005839,0.664813030165412
22.66,14.620871035871911,0.664810581352171
22.67,14.627519117226239,0.6648081354327928
22.68,14.634167174149045,0.6648056922806234
22.69,14.64081520666777,0.66480325187257
22.7,14.647463214809209,0.6648008141437955
22.71,14.6541111985987,0.6647983789491718
22.72,14.660759158061012,0.6647959462311448
22.73,14.667407093220483,0.6647935159470819
22.74,14.674055004100177,0.6647910879694408
22.75,14.68070289072025,0.6647886620072541
22.76,14.687350753100619,0.6647862380368963
22.77,14.693998591260655,0.6647838160036557
22.78,14.700646405217451,0.6647813956796256
22.79,14.70729419498821,0.6647789770758195
22.8,14.713941960588981,0.6647765600771294
22.81,14.720589702032928,0.6647741443947197
22.82,14.72723741933363,0.6647717300701572
22.83,14.733885112503579,0.6647693169949065
22.84,14.740532781553423,0.664766904984404
22.85,14.747180426492687,0.6647644939263841
22.86,14.753828047330977,0.664762083829018
22.87,14.760475644076418,0.6647596745441575
22.88,14.767123216735914,0.6647572659495893
22.89,14.773770765317643,0.6647548581728557
22.9,14.7804182898276,0.6647524509956426
22.91,14.787065790270141,0.6647500442541698
22.92,14.793713266651999,0.6647476381857587
22.93,14.800360718980269,0.664745232827002
22.94,14.807008147258856,0.6647428278586887
22.95,14.813655551492332,0.6647404233476095
22.96,14.820302931686541,0.6647380194209518
22.97,14.826950287845646,0.6647356159104945
22.98,14.83359761997573,0.6647332130084393
22.99,14.840244928083898,0.6647308108167493
23.0,14.846892212173945,0.6647284090046668
23.01,14.85353947225108,0.6647260077135897
23.02,14.860186708323138,0.6647236072057083
23.03,14.866833920399841,0.6647212076703823
23.04,14.87348110848924,0.6647188089399236
23.05,14.880128272600889,0.6647164111647896
23.06,14.886775412745452,0.6647140144563579
23.07,14.893422528933208,0.6647116187755486
23.08,14.900069621177035,0.6647092243827757
23.09,14.906716689490725,0.6647068313689886
23.1,14.91336373388596,0.6647044395235113
23.11,14.92001075437765,0.6647020491689304
23.12,14.926657750981768,0.6646996604118272
23.13,14.933304723714649,0.664697273288084
23.14,14.939951672593757,0.664694887910855
23.15,14.94659859763809,0.6646925044332619
23.16,14.953245498865755,0.664690122766487
23.17,14.959892376296416,0.6646877430661391
23.18,14.966539229951842,0.6646853655425389
23.19,14.973186059853706,0.6646829901864493
23.2,14.979832866021358,0.6646806167651675
23.21,14.986479648476072,0.6646782454714284
23.22,14.993126407240736,0.6646758764663474
23.23,14.999773142338263,0.6646735097527667
23.24,15.006419853793144,0.6646711454880716
23.25,15.013066541628493,0.6646687835349496
23.26,15.019713205868129,0.6646664239635669
23.27,15.026359846536831,0.664664066870202
23.28,15.033006463658198,0.6646617121367271
23.29,15.039653057255782,0.6646593597583461
23.3,15.046299627353083,0.6646570097300852
23.31,15.052946173972991,0.6646546619908378
23.32,15.059592697137623,0.6646523164631546
23.33,15.066239196868638,0.6646499731015609
23.34,15.072885673188354,0.6646476319716044
23.35,15.07953212611666,0.6646452928306346
23.36,15.086178555674078,0.6646429557417122
23.37,15.09282496188101,0.6646406206932909
23.38,15.099471344755703,0.6646382874691881
23.39,15.10611770431768,0.6646359561978343
23.4,15.112764040584201,0.6646336266520336
23.41,15.119410353569918,0.6646312985717273
23.42,15.126056643291218,0.6646289721299325
23.43,15.132702909764006,0.6646266472788653
23.44,15.139349153002556,0.6646243238549232
23.45,15.145995373021384,0.6646220018827975
23.46,15.152641569833776,0.6646196812392091
23.47,15.159287743451975,0.6646173618198858
23.48,15.165933893889143,0.664615043716843
23.49,15.172580021156419,0.6646127267275759
23.5,15.1792261252637,0.6646104107280948
23.51,15.185872206222193,0.6646080958493172
23.52,15.192518264040995,0.664605781880212
23.53,15.19916429872886,0.6646034687864955
23.54,15.205810310294169,0.664601156530864
23.55,15.212456298744005,0.6645988449836437
23.56,15.219102264086061,0.664596534205586
23.57,15.225748206328982,0.664594224292081
23.58,15.232394125479253,0.664591915027124
23.59,15.239040021543072,0.6645896063819379
23.6,15.245685894528114,0.6645872985041379
23.61,15.252331744441289,0.6645849913175184
23.62,15.258977571287744,0.6645826846455094
23.63,15.265623375075737,0.6645803787993287
23.64,15.272269155813035,0.6645780737297713
23.65,15.278914913506245,0.6645757693210186
23.66,15.285560648165015,0.6645734658770053
23.67,15.292206359799895,0.6645711634879703
23.68,15.2988520484186,0.6645688618705847
23.69,15.305497714031443,0.6645665612841967
23.7,15.312143356649518,0.6645642618074987
23.71,15.31878897628243,0.6645619632912769
23.72,15.3254345729434,0.6645596660970199
23.73,15.332080146645882,0.6645573702481755
23.74,15.338725697400296,0.6645550754413421
23.75,15.345371225219306,0.664552781901051
23.76,15.35201673011828,0.6645504898973087
23.77,15.358662212110229,0.6645481991949254
23.78,15.36530767120933,0.6645459099100748
23.79,15.37195310743173,0.6645436222401102
23.8,15.378598520791487,0.6645413359755992
23.81,15.385243911304665,0.6645390513178029
23.82,15.391889278988891,0.6645367684226855
23.83,15.398534623858687,0.6645344869795622
23.84,15.405179945929213,0.6645322070525594
23.85,15.411825245219761,0.6645299290548579
23.86,15.418470521749438,0.6645276529676281
23.87,15.425115775535797,0.6645253786359717
23.88,15.43176100659975,0.664523106395265
23.89,15.438406214959222,0.6645208359472576
23.9,15.445051400632654,0.6645185673431087
23.91,15.451696563641164,0.664516300851048
23.92,15.458341704004908,0.6645140363744417
23.93,15.464986821741444,0.6645117736535866
23.94,15.471631916870612,0.6645095129167444
23.95,15.478276989412514,0.6645072541902053
23.96,15.48492203938543,0.6645049972915373
23.97,15.491567066808209,0.6645027422779393
23.98,15.49821207169896,0.6645004890751594
23.99,15.504857054074268,0.6644982375307862
24.0,15.511502013951105,0.664495987683722
24.01,15.51814695134742,0.6644937396314887
24.02,15.52479186628009,0.6644914932669721
24.03,15.53143675876369,0.6644892483599563
24.04,15.538081628812904,0.6644870049214546
24.05,15.544726476441411,0.6644847628507478
24.06,15.551371301663654,0.664482522224219
24.07,15.558016104495064,0.6644802831409891
24.08,15.56466088494901,0.6644780453946453
24.09,15.571305643037729,0.6644758088718561
24.1,15.577950378774435,0.6644735736706764
24.11,15.584595092172876,0.6644713398440416
24.12,15.59123978324411,0.6644691071233666
24.13,15.597884451999168,0.6644668755058092
24.14,15.604529098450666,0.6644646451498204
24.15,15.611173722608811,0.6644624158145263
24.16,15.617818324484407,0.6644601875596123
24.17,15.624462904088512,0.6644579604104806
24.18,15.631107461430052,0.6644557341539681
24.19,15.637751996516261,0.6644535086209657
24.2,15.644396509358636,0.6644512842374439
24.21,15.651040999965225,0.664449060658967
24.22,15.657685468341969,0.6644468376743262
24.23,15.664329914499433,0.6644446157464401
24.24,15.670974338445877,0.6644423946443823
24.25,15.677618740187844,0.6644401741967343
24.26,15.684263119733192,0.664437954534769
24.27,15.690907477088757,0.6644357355565234
24.28,15.697551812261214,0.664433517245655
24.29,15.704196125261888,0.6644313000673918
24.3,15.710840416100073,0.6644290838185185
24.31,15.71748468478241,0.6644268682336474
24.32,15.72412893131994,0.6644246537531373
24.33,15.730773155722337,0.6644224402396759
24.34,15.73741735799902,0.6644202276682165
24.35,15.744061538161631,0.664418016261159
24.36,15.750705696220603,0.6644158058971783
24.37,15.757349832187181,0.6644135966578091
24.38,15.763993946073128,0.6644113885947434
24.39,15.770638037890583,0.6644091817454623
24.4,15.77728210765104,0.6644069760456617
24.41,15.783926155366558,0.6644047715518298
24.42,15.790570181049542,0.6644025682984278
24.43,15.79721418471367,0.6644003664128206
24.44,15.803858166371644,0.6643981657973086
24.45,15.81050212603618,0.664395966453668
24.46,15.817146063722195,0.6643937686014567
24.47,15.823789979444296,0.6643915722101212
24.48,15.830433873214371,0.6643893770075238
24.49,15.837077745046555,0.6643871832183734
24.5,15.843721594955621,0.6643849909066191
24.51,15.850365422955722,0.6643828000100882
24.52,15.8570092290644,0.6643806108677097
24.53,15.863653013296908,0.6643784232508665
24.54,15.87029677566704,0.6643762370131867
24.55,15.876940516193244,0.6643740526204311
24.56,15.883584234891694,0.6643718698450485
24.57,15.890227931777474,0.6643696885779704
24.58,15.896871606868554,0.6643675091080326
24.59,15.903515260181083,0.6643653312528031
24.6,15.910158891729633,0.6643631548550744
24.61,15.916802501531286,0.6643609801653128
24.62,15.923446089601377,0.66435880700908
24.63,15.93008965595304,0.6643566351662855
24.64,15.936733200602342,0.6643544649302058
24.65,15.94337672356454,0.6643522962198389
24.66,15.9500202248537,0.6643501289159914
24.67,15.956663704483681,0.6643479629980575
24.68,15.963307162468148,0.664345798446675
24.69,15.969950598821185,0.6643436353037657
24.7,15.976594013556316,0.6643414735130193
24.71,15.983237406683731,0.6643393127415465
24.72,15.989880778215646,0.6643371531914966
24.73,15.996524128163841,0.6643349948195265
24.74,16.00316745654173,0.6643328377887059
24.75,16.009810763362008,0.6643306820279804
24.76,16.01645404863403,0.6643285272023292
24.77,16.023097312369217,0.6643263735185201
24.78,16.029740554581245,0.664324221202861
24.79,16.036383775280562,0.6643220699316998
24.8,16.043026974477424,0.6643199196862071
24.81,16.049670152182372,0.6643177704948044
24.82,16.05631330840405,0.6643156221677771
24.83,16.06295644315251,0.6643134748458124
24.84,16.069599556437918,0.6643113285409896
24.85,16.076242648267215,0.6643091829296566
24.86,16.082885718649944,0.6643070382729377
24.87,16.08952876759641,0.6643048946465058
24.88,16.096171795114614,0.6643027518205002
24.89,16.102814801213007,0.66430060983933
24.9,16.109457785900204,0.6642984687196929
24.91,16.116100749184792,0.6642963284587466
24.92,16.12274369107552,0.6642941890728338
24.93,16.12938661158086,0.6642920505338878
24.94,16.13602951070742,0.6642899126561019
24.95,16.142672388463183,0.6642877755762555
24.96,16.149315244858244,0.6642856395060903
24.97,16.155958079903144,0.6642835044900153
24.98,16.16260089360624,0.6642813703095385
24.99,16.169243685978007,0.664279237176757
25.0,16.17588645702979,0.6642771051783569
25.01,16.182529206771047,0.6642749741256893
25.02,16.1891719352106,0.6642728439551604
25.03,16.195814642357792,0.6642707147193505
25.04,16.202457328222785,0.6642685864992615
25.05,16.209099992817286,0.6642664594501468
25.06,16.215742636154843,0.664264333755682
25.07,16.22238525824777,0.6642622092925876
25.08,16.22902785910391,0.6642600856139325
25.09,16.235670438734825,0.6642579630916856
25.1,16.242312997153192,0.6642558418366917
25.11,16.248955534371984,0.6642537218791489
25.12,16.255598050403883,0.6642516031899248
25.13,16.262240545261662,0.6642494857779013
25.14,16.268883018959134,0.6642473697471729
25.15,16.275525471508985,0.6642452549851185
25.16,16.282167902924595,0.6642431415610162
25.17,16.28881031321974,0.6642410295146561
25.18,16.295452702407065,0.6642389187323516
25.19,16.302095070500343,0.6642368093277895
25.2,16.308737417512376,0.6642347012032701
25.21,16.315379743457783,0.6642325945406924
25.22,16.32202204834911,0.6642304891325779
25.23,16.32866433219956,0.664228385045007
25.24,16.335306595022708,0.6642262823149281
25.25,16.34194883683143,0.6642241808723526
25.26,16.348591057639975,0.6642220808544153
25.27,16.35523325746079,0.6642199820813488
25.28,16.36187543630737,0.6642178846579583
25.29,16.368517594193314,0.6642157885945466
25.3,16.375159731129724,0.6642136936410026
25.31,16.38180184712928,0.6642115999557774
25.32,16.388443942204592,0.664209507531055
25.33,16.395086016369227,0.6642074164634693
25.34,16.40172806963526,0.6642053266034509
25.35,16.408370102013095,0.6642032377833118
25.36,16.415012113512763,0.6642011499668143
25.37,16.421654104144512,0.6641990631749195
25.38,16.428296073919984,0.6641969775472489
25.39,16.43493802285025,0.664194893026604
25.4,16.441579950946007,0.664192809575681
25.41,16.44822185821777,0.6641907271763614
25.42,16.454863744676274,0.6641886458503166
25.43,16.46150561033246,0.6641865656185075
25.44,16.468147455194973,0.664184486251429
25.45,16.474789279272684,0.6641824077711078
25.46,16.48143108257568,0.664180330299402
25.47,16.488072865114777,0.6641782539098529
25.48,16.494714626900265,0.6641761785488143
25.49,16.50135636794056,0.6641741040294136
25.5,16.507998088245024,0.6641720304465082
25.51,16.51463978782202,0.6641699576995563
25.52,16.521281466680577,0.6641678858557043
25.53,16.527923124830227,0.6641658149650453
25.54,16.53456476227763,0.6641637447401649
25.55,16.541206379032232,0.6641616754603064
25.56,16.547847975103757,0.6641596071524702
25.57,16.554489550501845,0.6641575398088406
25.58,16.561131105234157,0.6641554732311761
25.59,16.567772639307847,0.6641534073690281
25.6,16.57441415273256,0.6641513424714418
25.61,16.58105564551856,0.6641492785998793
25.62,16.587697117675045,0.6641472156484696
25.63,16.594338569211544,0.6641451536498977
25.64,16.600980000134268,0.6641430922723401
25.65,16.607621410451273,0.6641410317005381
25.66,16.614262800172312,0.6641389721039559
25.67,16.62090416930734,0.6641369135028441
25.68,16.62754551786644,0.6641348559099924
25.69,16.634186845859126,0.6641327992685575
25.7,16.64082815329689,0.6641307437764254
25.71,16.6474694401898,0.6641286892907772
25.72,16.65411070654756,0.6641266357760855
25.73,16.660751952379968,0.6641245832408771
25.74,16.66739317769766,0.6641225317693511
25.75,16.674034382512186,0.6641204814524571
25.76,16.68067556683473,0.6641184322543126
25.77,16.687316730676415,0.6641163841685227
25.78,16.69395787404806,0.6641143371645342
25.79,16.70059899696043,0.6641122912370179
25.8,16.707240099426226,0.6641102465795967
25.81,16.71388118145726,0.6641082031034529
25.82,16.720522243064792,0.664106160753164
25.83,16.72716328426045,0.6641041195656783
25.84,16.73380430505499,0.6641020794539543
25.85,16.74044530546127,0.6641000406283126
25.86,16.7470862854897,0.6640980028429055
25.87,16.753727245151673,0.664095966197209
25.88,16.76036818445858,0.6640939306908678
25.89,16.767009103421948,0.6640918963366715
25.9,16.773650002054485,0.6640898632536363
25.91,16.78029088036785,0.6640878313366017
25.92,16.786931738373845,0.6640858005994232
25.93,16.793572576082116,0.6640837708271619
25.94,16.800213393501537,0.6640817419420131
25.95,16.80685419064359,0.6640797142054566
25.96,16.813494967520086,0.664077687649467
25.97,16.820135724141924,0.6640756621838051
25.98,16.82677646051992,0.6640736377995893
25.99,16.833417176665524,0.6640716145604131
26.0,16.84005787258904,0.6640695923515239
26.01,16.846698548301546,0.664067571250726
26.02,16.85333920381361,0.6640655512065052
26.03,16.859979839134844,0.6640635321232935
26.04,16.86662045427539,0.6640615140547368
26.05,16.873261049245713,0.664059497032099
26.06,16.879901624055535,0.6640574809821942
26.07,16.886542178713995,0.6640554658460474
26.08,16.893182713229425,0.6640534515430119
26.09,16.899823227612902,0.6640514383477125
26.1,16.906463721873944,0.6640494261041852
26.11,16.913104196022125,0.6640474148181141
26.12,16.919744650067365,0.6640454045239608
26.13,16.926385084017316,0.6640433949950619
26.14,16.93302549788152,0.664041386420422
26.15,16.93966589166817,0.6640393786650378
26.16,16.94630626538581,0.6640373717640813
26.17,16.952946619042322,0.6640353656511166
26.18,16.959586952646998,0.6640333604675419
26.19,16.966227266208264,0.6640313561266709
26.2,16.972867559734475,0.6640293526210428
26.21,16.979507833233466,0.6640273498991434
26.22,16.98614808671278,0.664025347931485
26.23,16.99278832018061,0.6640233467827272
26.24,16.999428533644355,0.6640213463747102
26.25,17.006068727113245,0.6640193468889777
26.26,17.012708900596216,0.6640173482971079
26.27,17.019349054100154,0.664015350393754
26.28,17.025989187634387,0.6640133534233428
26.29,17.032629301208292,0.6640113573904927
26.3,17.03926939483005,0.6640093621758325
26.31,17.045909468508498,0.6640073678447322
26.32,17.052549522253557,0.6640053745059049
26.33,17.05918955607484,0.6640033821284419
26.34,17.06582956998053,0.6640013905688136
26.35,17.07246956397963,0.6639993999101534
26.36,17.07910953808141,0.663997410178041
26.37,17.085749492295577,0.66399542141653
26.38,17.092389426631257,0.6639934335680664
26.39,17.099029341098525,0.6639914467267971
26.4,17.10566923570676,0.6639894608234442
26.41,17.112309110465578,0.663987475881811
26.42,17.11894896538649,0.6639854920912569
26.43,17.12558880047908,0.6639835092588697
26.44,17.132228615753867,0.6639815274787964
26.45,17.138868411219697,0.6639795465829934
26.46,17.145508186886595,0.6639775666897663
26.47,17.1521479427644,0.6639755877806408
26.48,17.15878767886315,0.6639736098748017
26.49,17.165427395193365,0.6639716330216316
26.5,17.172067091763918,0.6639696570552189
26.51,17.178706768585762,0.6639676821844631
26.52,17.18534642566901,0.6639657083248096
26.53,17.191986063023293,0.6639637354282968
26.54,17.198625680656058,0.6639617632764327
26.55,17.205265278577908,0.6639597921850537
26.56,17.211904856799332,0.6639578221424358
26.57,17.218544415330747,0.6639558531414735
26.58,17.225183954183272,0.6639538852525106
26.59,17.23182347336619,0.6639519182918718
26.6,17.238462972889366,0.6639499523174663
26.61,17.245102452763113,0.6639479873747689
26.62,17.251741912998636,0.6639460235522421
26.63,17.258381353605166,0.6639440606530655
26.64,17.265020774591363,0.6639420986196853
26.65,17.271660175968808,0.6639401377444898
26.66,17.278299557747076,0.6639381778267506
26.67,17.284938919935083,0.6639362188007425
26.68,17.29157826254194,0.6639342606856502
26.69,17.298217585576225,0.6639323034285383
26.7,17.30485688904849,0.6639303472265823
26.71,17.311496172968837,0.6639283920346628
26.72,17.318135437346722,0.6639264377884757
26.73,17.324774682188767,0.6639244842045144
26.74,17.331413907505432,0.6639225316664721
26.75,17.338053113305882,0.6639205800450299
26.76,17.34469229959811,0.6639186292225929
26.77,17.35133146638999,0.6639166791881479
26.78,17.357970613689396,0.663914729940629
26.79,17.364609741505866,0.6639127816470136
26.8,17.371248849847074,0.6639108341207844
26.81,17.377887938720427,0.6639088873352961
26.82,17.384527008133162,0.6639069412734955
26.83,17.391166058094885,0.6639049961723487
26.84,17.39780508861244,0.6639030517554545
26.85,17.404444099692782,0.6639011080341817
26.86,17.411083091343308,0.6638991650525838
26.87,17.417722063572167,0.6638972228859785
26.88,17.42436101638853,0.6638952816363286
26.89,17.43099994980036,0.6638933411828418
26.9,17.43763886381584,0.6638914015482555
26.91,17.444277758443217,0.6638894627375436
26.92,17.45091663369088,0.6638875247663378
26.93,17.457555489566534,0.6638855875653604
26.94,17.464194326078292,0.6638836511758228
26.95,17.470833143234156,0.6638817155863563
26.96,17.477471941042513,0.6638797808356856
26.97,17.484110719510632,0.6638778468119
26.98,17.49074947864547,0.6638759134837358
26.99,17.497388218454503,0.6638739809034178
27.0,17.50402693894778,0.6638720493278072
27.01,17.510665640134174,0.6638701186393092
27.02,17.517304322022458,0.6638681888283315
27.03,17.523942984621677,0.6638662599218748
27.04,17.530581627940705,0.6638643319028859
27.05,17.53722025198687,0.6638624046164665
27.06,17.543858856769642,0.6638604782772006
27.07,17.550497442297125,0.6638585527483087
27.08,17.557136008579203,0.6638566282077818
27.09,17.563774555624654,0.6638547045451304
27.1,17.57041308344318,0.6638527818527251
27.11,17.57705159204372,0.6638508600538273
27.12,17.58369008143533,0.6638489391608715
27.13,17.590328551626804,0.6638470191475676
27.14,17.59696700262694,0.6638451000135603
27.15,17.603605434444752,0.6638431817812318
27.16,17.610243847089166,0.663841264441345
27.17,17.616882240569936,0.6638393480770333
27.18,17.623520614895366,0.6638374325429908
27.19,17.63015897007572,0.6638355180353273
27.2,17.63679730611981,0.663833604409092
27.21,17.643435623037533,0.6638316917722875
27.22,17.650073920838253,0.6638297800719783
27.23,17.656712199530578,0.6638278692324917
27.24,17.66335045912382,0.6638259593241713
27.25,17.66998869962695,0.6638240503129111
27.26,17.676626921049404,0.663822142245607
27.27,17.683265123399117,0.6638202349712685
27.28,17.68990330668659,0.6638183287471122
27.29,17.6965414709224,0.6638164235813093
27.3,17.70317961611441,0.6638145192010114
27.31,17.70981774227006,0.663812615565007
27.32,17.716455849397544,0.6638107127482584
27.33,17.72309393750676,0.6638088109216511
27.34,17.72973200660662,0.6638069099860644
27.35,17.736370056705482,0.6638050098860759
27.36,17.743008087810086,0.6638031104603925
27.37,17.749646099929354,0.6638012119267955
27.38,17.756284093070803,0.6637993141449527
27.39,17.762922067242602,0.6637974171798788
27.4,17.769560022451714,0.6637955209111368
27.41,17.77619795870684,0.6637936255128096
27.42,17.78283587601663,0.6637917309788577
27.43,17.7894737743881,0.663789837146922
27.44,17.7961116538283,0.6637879440201999
27.45,17.80274951434496,0.6637860516658378
27.46,17.809387355947347,0.663784160238734
27.47,17.816025178641862,0.6637822694514739
27.48,17.82266298243468,0.6637803792816754
27.49,17.829300767332175,0.6637784897495891
27.5,17.835938533342617,0.6637766010442192
27.51,17.842576280473082,0.6637747130465499
27.52,17.849214008731508,0.6637728258425568
27.53,17.85585171812524,0.6637709393732649
27.54,17.86248940866235,0.6637690537107943
27.55,17.869127080349934,0.6637671687585112
27.56,17.87576473319614,0.66376528462051
27.57,17.882402367208368,0.6637634012228943
27.58,17.889039982393776,0.6637615185407952
27.59,17.895677578761,0.6637596367223608
27.6,17.902315156318338,0.6637577557338403
27.61,17.908952715072125,0.6637558753787687
27.62,17.915590255029645,0.6637539957520033
27.63,17.922227776198394,0.6637521168748606
27.64,17.928865278586194,0.6637502387800254
27.65,17.93550276220074,0.663748361454708
27.66,17.942140227050608,0.6637464849866603
27.67,17.948777673142477,0.6637446091868782
27.68,17.955415100484387,0.6637427341910751
27.69,17.962052509085208,0.6637408600820294
27.7,17.96868989895328,0.6637389868071608
27.71,17.9753272700955,0.6637371142222293
27.72,17.981964622521097,0.6637352425595822
27.73,17.988601956238245,0.6637333717147698
27.74,17.99523927125631,0.6637315018064527
27.75,18.00187656758194,0.6637296325632036
27.76,18.008513845223533,0.6637277641591055
27.77,18.01515110419089,0.6637258967355564
27.78,18.021788344492904,0.6637240302016068
27.79,18.028425566135397,0.6637221642492364
27.8,18.035062769124515,0.6637202989118407
27.81,18.041699953469603,0.6637184345088087
27.82,18.04833711917929,0.6637165709687309
27.83,18.05497426626117,0.663714708187868
27.84,18.061611394723784,0.6637128462614328
27.85,18.06824850457626,0.6637109852476897
27.86,18.074885595827613,0.66370912513527
27.87,18.081522668485945,0.6637072658332244
27.88,18.08815972255784,0.6637054071894966
27.89,18.0947967580529,0.6637035495060672
27.9,18.101433774979306,0.6637016926404726
27.91,18.108070773344668,0.6636998365362246
27.92,18.11470775315611,0.6636979811442956
27.93,18.12134471442295,0.6636961266838881
27.94,18.127981657152908,0.6636942729958406
27.95,18.13461858135397,0.6636924201060879
27.96,18.141255487033483,0.6636905679513916
27.97,18.147892374199902,0.6636887166418859
27.98,18.154529242862107,0.6636868662205586
27.99,18.161166093027976,0.663685016586868
28.0,18.16780292470498,0.663683167700313
28.01,18.17443973790086,0.6636813195882496
28.02,18.18107653262407,0.6636794723206663
28.03,18.18771330888207,0.6636776258002186
28.04,18.194350066682183,0.6636757800112747
28.05,18.20098680603236,0.6636739350177834
28.06,18.20762352694088,0.6636720908517191
28.07,18.21426022941489,0.6636702474011713
28.08,18.22089691346133,0.6636684046441133
28.09,18.22753357908674,0.6636665625407545
28.1,18.234170226298673,0.6636647211934132
28.11,18.240806855106197,0.6636628807523692
28.12,18.247443465515744,0.6636610409547217
28.13,18.254080057532033,0.6636592016288745
28.14,18.260716631160733,0.6636573628700404
28.15,18.2673531864093,0.6636555248565656
28.16,18.27398972328468,0.6636536875380017
28.17,18.28062624179402,0.6636518509342437
28.18,18.28726274194362,0.6636500149600266
28.19,18.29389922374142,0.663648179779841
28.2,18.300535687193772,0.6636463452352359
28.21,18.307172132307837,0.6636445114065026
28.22,18.313808559089818,0.6636426781980731
28.23,18.320444967547896,0.6636408458078336
28.24,18.327081357689025,0.6636390141128601
28.25,18.33371772952104,0.6636371832016152
28.26,18.340354083049327,0.6636353528286065
28.27,18.346990418282285,0.6636335232958146
28.28,18.35362673522735,0.6636316945066056
28.29,18.360263033892284,0.6636298664933094
28.3,18.36689931428471,0.6636280392424254
28.31,18.37353557641115,0.663626212644175
28.32,18.380171820278647,0.6636243867497171
28.33,18.38680804589517,0.663622561652133
28.34,18.39344425326842,0.6636207373251324
28.35,18.400080442405642,0.6636189137221749
28.36,18.406716613314632,0.663617090899038
28.37,18.413352766002586,0.6636152687953256
28.38,18.419988900477684,0.6636134475098032
28.39,18.426625016746954,0.6636116269270076
28.4,18.433261114818716,0.6636098071762575
28.41,18.439897194700148,0.6636079881431556
28.42,18.446533256399604,0.6636061699456519
28.43,18.453169299920415,0.6636043520810375
28.44,18.459805325271866,0.6636025351451025
28.45,18.46644133246146,0.6636007189595006
28.46,18.47307732149539,0.6635989033927814
28.47,18.47971329237852,0.6635970883131392
28.48,18.486349245118987,0.6635952740467133
28.49,18.49298517972436,0.6635934605373706
28.5,18.49962109620253,0.6635916478170856
28.51,18.506256994559966,0.6635898357433945
28.52,18.512892874805665,0.663588024569961
28.53,18.519528736947912,0.6635862142246651
28.54,18.526164580994205,0.6635844046293471
28.55,18.532800406950262,0.6635825956056607
28.56,18.539436214824438,0.6635807874175725
28.57,18.54607200462558,0.6635789801141101
28.58,18.552707776361316,0.6635771735737706
28.59,18.559343530039165,0.66357536778483
28.6,18.56597926566584,0.6635735626673522
28.61,18.572614983249412,0.6635717583574063
28.62,18.579250682797053,0.6635699547640428
28.63,18.585886364317208,0.6635681520155146
28.64,18.592522027817886,0.663566350067768
28.65,18.599157673306582,0.663564548869644
28.66,18.605793300789124,0.6635627482541651
28.67,18.612428910272246,0.6635609483122806
28.68,18.6190645017627,0.6635591490454118
28.69,18.62570007526851,0.663557350581101
28.7,18.632335630796195,0.6635555527683579
28.71,18.638971168352416,0.6635537556221038
28.72,18.64560668794265,0.663551959023323
28.73,18.652242189574686,0.6635501632036522
28.74,18.658877673255418,0.6635483680732079
28.75,18.66551313899226,0.663546573684215
28.76,18.672148586790627,0.6635447798366556
28.77,18.67878401665743,0.6635429866804543
28.78,18.685419428600277,0.6635411942845337
28.79,18.692054822625977,0.6635394025700236
28.8,18.698690198739047,0.6635376113070635
28.81,18.705325556946384,0.663535820733685
28.82,18.711960897254308,0.6635340307923343
28.83,18.718596219668974,0.6635322414666689
28.84,18.725231524196225,0.6635304527250696
28.85,18.731866810843577,0.6635286647352245
28.86,18.73850207961908,0.6635268775504244
28.87,18.74513733052906,0.6635250909980073
28.88,18.751772563579863,0.6635233050801048
28.89,18.75840777877925,0.6635215199388256
28.9,18.76504297613407,0.663519735481799
28.91,18.771678155650374,0.6635179516305101
28.92,18.778313317334685,0.6635161684311441
28.93,18.784948461193633,0.6635143858947146
28.94,18.79158358723354,0.663512603990668
28.95,18.79821869546039,0.6635108226848985
28.96,18.804853785880148,0.6635090419759848
28.97,18.811488858501228,0.6635072621079985
28.98,18.818123913330428,0.6635054829200016
28.99,18.824758950373578,0.6635037043150049
29.0,18.83139396963738,0.6635019263800501
29.01,18.838028971128832,0.6635001491453352
29.02,18.8446639548531,0.6634983724268295
29.03,18.851298920815523,0.6634965962422967
29.04,18.857933869023398,0.6634948207874913
29.05,18.864568799483287,0.6634930459888722
29.06,18.871203712202153,0.6634912718865849
29.07,18.877838607187087,0.6634894984934192
29.08,18.884473484445728,0.663487725864087
29.09,18.891108343984282,0.6634859538554139
29.1,18.897743185810988,0.663484182670615
29.11,18.904378009932884,0.6634824121896088
29.12,18.911012816356816,0.6634806423932105
29.13,18.91764760509034,0.6634788733524744
29.14,18.924282376141463,0.6634771051121646
29.15,18.930917129515205,0.6634753373742086
29.16,18.937551865219614,0.6634735704409422
29.17,18.944186583261487,0.66347180418731
29.18,18.950821283649198,0.6634700387710524
29.19,18.95745596638811,0.6634682738912545
29.2,18.96409063148589,0.6634665097781323
29.21,18.970725278949352,0.6634647463460652
29.22,18.97735990878629,0.6634629836938188
29.23,18.98399452100405,0.6634612217759184
29.24,18.99062911560918,0.6634594605131383
29.25,18.997263692607422,0.6634576998241215
29.26,19.003898252005314,0.6634559397891593
29.27,19.01053279380907,0.6634541803755667
29.28,19.01716731802673,0.6634524217659532
29.29,19.02380182466611,0.6634506639379367
29.3,19.030436313733926,0.6634489067817384
29.31,19.037070785237326,0.6634471503399908
29.32,19.04370523918208,0.6634453944755592
29.33,19.050339675574406,0.6634436392324972
29.34,19.056974094418948,0.6634418844541301
29.35,19.063608495724086,0.6634401305138482
29.36,19.07024287949604,0.6634383771952912
29.37,19.076877245741745,0.6634366245705792
29.38,19.083511594465282,0.6634348723537187
29.39,19.090145925671735,0.6634331206452515
29.4,19.096780239366797,0.6634313695062843
29.41,19.10341453555709,0.6634296190291877
29.42,19.110048814248735,0.663427869164579
29.43,19.116683075448858,0.6634261200122893
29.44,19.123317319162766,0.663424371390775
29.45,19.129951545397923,0.6634226235156859
29.46,19.13658575415951,0.6634208761585825
29.47,19.143219945454824,0.6634191295315617
29.48,19.149854119289472,0.6634173834648038
29.49,19.15648827566968,0.6634156380208367
29.5,19.16312241460099,0.6634138931310929
29.51,19.16975653609024,0.6634121489248912
29.52,19.17639064014224,0.6634104052000822
29.53,19.183024726763996,0.6634086621755131
29.54,19.189658795961687,0.6634069197691161
29.55,19.19629284774122,0.6634051779531802
29.56,19.202926882108176,0.6634034366957309
29.57,19.20956089906936,0.6634016961182709
29.58,19.21619489863181,0.6633999562449588
29.59,19.22282888080209,0.6633982170281882
29.6,19.229462845585957,0.663396478386602
29.61,19.23609679298881,0.6633947402853835
29.62,19.242730723017466,0.6633930028655755
29.63,19.2493646356767,0.6633912659232521
29.64,19.25599853097431,0.6633895297611048
29.65,19.262632408916925,0.6633877942615385
29.66,19.26926626951175,0.6633860594824625
29.67,19.27590011276446,0.6633843252711102
29.68,19.282533938682448,0.6633825917987224
29.69,19.28916774727062,0.6633808588173196
29.7,19.29580153853337,0.6633791262750321
29.71,19.302435312478362,0.6633773944990651
29.72,19.30906906911344,0.6633756635078925
29.73,19.315702808443547,0.663373933010547
29.74,19.322336530476143,0.6633722032596268
29.75,19.328970235215866,0.6633704739723356
29.76,19.33560392267095,0.6633687455082082
29.77,19.342237592846292,0.6633670175343553
29.78,19.348871245748587,0.6633652902294784
29.79,19.355504881383546,0.6633635634958779
29.8,19.362138499758288,0.6633618374742412
29.81,19.368772100876445,0.6633601118156918
29.82,19.375405684743605,0.6633583867159842
29.83,19.38203925136706,0.6633566623456488
29.84,19.38867280075348,0.6633549386418025
29.85,19.39530633290992,0.6633532156442357
29.86,19.4019398478435,0.6633514933579221
29.87,19.40857334555913,0.6633497715629488
29.88,19.415206826063528,0.6633480504397937
29.89,19.42184028936325,0.6633463299721143
29.9,19.428473735464515,0.663344610126515
29.91,19.43510716437284,0.6633428908326522
29.92,19.441740576094233,0.663341172139198
29.93,19.448373970636062,0.6633394541829318
29.94,19.455007348004813,0.6633377368750359
29.95,19.461640708207682,0.6633360202869198
29.96,19.468274051249136,0.6633343041453799
29.97,19.47490737713604,0.6633325886905794
29.98,19.48154068587324,0.6633308737200139
29.99,19.488173977468577,0.6633291595335322
30.0,19.494807251928513,0.6633274459936445
30.01,19.501440509259606,0.6633257331092324
30.02,19.508073749466956,0.66332402073499
30.03,19.514706972557747,0.6633223090791063
30.04,19.521340178537436,0.6633205979689194
30.05,19.5279733674113,0.6633188873863105
30.06,19.534606539185283,0.6633171773984259
30.07,19.541239693866753,0.6633154681470188
30.08,19.547872831461653,0.6633137594899807
30.09,19.554505951976225,0.6633120514571544
30.1,19.561139055415687,0.6633103439462218
30.11,19.567772141786598,0.6633086370911201
30.12,19.574405211094415,0.6633069307817152
30.13,19.581038263346073,0.6633052251658
30.14,19.58767129854845,0.6633035202376902
30.15,19.594304316706996,0.6633018158545667
30.16,19.60093731782713,0.663300112013232
30.17,19.60757030191558,0.6632984088451366
30.18,19.61420326897786,0.663296706228067
30.19,19.6208362190178,0.66329500399398
30.2,19.6274691520427,0.6632933024899756
30.21,19.63410206805772,0.6632916015021806
30.22,19.640734967067853,0.6632899010131865
30.23,19.64736784907889,0.6632882011036401
30.24,19.654000714096508,0.6632865017618172
30.25,19.66063356212321,0.6632848026701055
30.26,19.66726639316466,0.6632831041450515
30.27,19.673899207225517,0.6632814060857584
30.28,19.680532004312752,0.6632797087235076
30.29,19.68716478443074,0.6632780117985959
30.3,19.693797547585355,0.6632763154616583
30.31,19.70043029378049,0.6632746195133876
30.32,19.707063023022183,0.6632729241694335
30.33,19.713695735314978,0.6632712292795162
30.34,19.720328430666676,0.6632695351697748
30.35,19.726961109082918,0.6632678416242044
30.36,19.733593770569197,0.6632661486278835
30.37,19.74022641513063,0.6632644561431533
30.38,19.746859042773977,0.6632627643348599
30.39,19.75349165350442,0.6632610730441968
30.4,19.760124247327063,0.6632593822644139
30.41,19.7667568242478,0.663257692073671
30.42,19.773389384273333,0.6632560025533252
30.43,19.780021927410015,0.6632543136682045
30.44,19.78665445366383,0.6632526253813609
30.45,19.7932869630417,0.6632509377872964
30.46,19.79991945554955,0.6632492507847587
30.47,19.806551931192274,0.6632475642724955
30.48,19.813184389975657,0.6632458783382589
30.49,19.81981683190635,0.6632441930694455
30.5,19.826449256990276,0.6632425083925142
30.51,19.833081665234808,0.6632408244531263
30.52,19.839714056645178,0.6632391410370531
30.53,19.84634643122785,0.6632374582672185
30.54,19.85297878898702,0.6632357759169594
30.55,19.859611129930506,0.6632340943486525
30.56,19.86624345406256,0.6632324132052503
30.57,19.8728757613908,0.6632307328242604
30.58,19.87950805192051,0.6632290529708484
30.59,19.88614032565778,0.6632273737270822
30.6,19.892772582608174,0.6632256950393156
30.61,19.899404822778965,0.6632240170791448
30.62,19.90603704617709,0.6632223398124637
30.63,19.912669252809415,0.6632206632325222
30.64,19.919301442679973,0.6632189870558136
30.65,19.92593361579431,0.6632173114336837
30.66,19.93256577215806,0.6632156363750141
30.67,19.93919791177747,0.6632139619409116
30.68,19.94583003465715,0.6632122879679514
30.69,19.952462140801067,0.6632106143918293
30.7,19.959094230214237,0.663208941316995
30.71,19.96572630290256,0.6632072688322665
30.72,19.97235835887212,0.6632055969561179
30.73,19.97899039812736,0.6632039255240585
30.74,19.985622420674126,0.6632022546764205
30.75,19.992254426517636,0.6632005843510314
30.76,19.998886415664305,0.6631989146669071
30.77,20.00551838811955,0.6631972455245716
30.78,20.012150343889438,0.6631955769886844
30.79,20.018782282979267,0.663193908982862
30.8,20.025414205395982,0.6631922416715952
30.81,20.032046111142456,0.6631905746473876
30.82,20.03867800022522,0.6631889082765241
30.83,20.04530987264939,0.6631872424168961
30.84,20.051941728421667,0.6631855772276651
30.85,20.058573567546606,0.6631839124938921
30.86,20.065205390031057,0.6631822484450822
30.87,20.071837195879457,0.6631805848400063
30.88,20.078468985096798,0.6631789217340867
30.89,20.085100757688267,0.6631772591468632
30.9,20.091732513659174,0.6631755970907705
30.91,20.0983642530146,0.6631739355427158
30.92,20.104995975760367,0.6631722745765956
30.93,20.111627681901297,0.6631706140929339
30.94,20.118259371443187,0.6631689541890751
30.95,20.12489104439016,0.663167294697331
30.96,20.131522700748526,0.663165635836549
30.97,20.138154340524046,0.6631639775520171
30.98,20.144785963721606,0.6631623197559833
30.99,20.151417570347206,0.6631606625600028
31.0,20.15804916040599,0.6631590058784553
31.01,20.164680733902813,0.6631573496822085
31.02,20.17131229084285,0.6631556940035921
31.03,20.177943831232284,0.6631540389435031
31.04,20.184575355075825,0.6631523843541487
31.05,20.191206862379154,0.6631507303328732
31.06,20.197838353146032,0.6631490766878301
31.07,20.20446982738305,0.6631474237018153
31.08,20.21110128509356,0.6631457710508215
31.09,20.21773272628532,0.6631441191760956
31.1,20.224364150961836,0.6631424676516673
31.11,20.2309955591296,0.6631408167763198
31.12,20.237626950793764,0.663139166416471
31.13,20.24425832596147,0.6631375167707176
31.14,20.250889684634437,0.6631358672965604
31.15,20.257521026816306,0.6631342181869115
31.16,20.264152352511665,0.663132569535918
31.17,20.27078366172773,0.6631309216064807
31.18,20.27741495447024,0.6631292742508066
31.19,20.28404623074509,0.6631276274852382
31.2,20.290677490558085,0.6631259812994728
31.21,20.29730873391427,0.6631243356185479
31.22,20.3039399608176,0.66312269033304
31.23,20.31057117127521,0.6631210457609171
31.24,20.317202365292772,0.6631194017561626
31.25,20.32383354287586,0.6631177583088288
31.26,20.330464704029538,0.6631161153677567
31.27,20.337095848759375,0.6631144729837501
31.28,20.343726977069892,0.6631128310516488
31.29,20.350358088969006,0.6631111899114472
31.3,20.356989184461685,0.6631095492679151
31.31,20.363620263552747,0.6631079091061309
31.32,20.370251326247487,0.6631062694740564
31.33,20.37688237255106,0.6631046303571253
31.34,20.383513402469923,0.6631029918864328
31.35,20.390144416010077,0.6631013540154385
31.36,20.39677541317898,0.6630997168901587
31.37,20.403406393981452,0.6630980802473374
31.38,20.4100373584214,0.6630964439946041
31.39,20.416668306503848,0.663094808244935
31.4,20.4232992382358,0.6630931731951506
31.41,20.429930153620603,0.663091538480387
31.42,20.436561052664423,0.6630899043820193
31.43,20.443191935371164,0.6630882706740948
31.44,20.44982280174741,0.6630866376244882
31.45,20.456453651798885,0.663085005147579
31.46,20.46308448553087,0.663083373198603
31.47,20.46971530294676,0.6630817415889112
31.48,20.47634610405208,0.6630801105320216
31.49,20.48297688885105,0.6630784798968392
31.5,20.489607657350717,0.6630768499668704
31.51,20.496238409555986,0.6630752205268209
31.52,20.502869145472932,0.6630735916946406
31.53,20.509499865105575,0.6630719632642723
31.54,20.516130568457132,0.6630703351557798
31.55,20.52276125553339,0.6630687076256692
31.56,20.529391926340658,0.6630670807268757
31.57,20.536022580883355,0.6630654542696846
31.58,20.54265321916596,0.6630638282604906
31.59,20.54928384119341,0.6630622027451238
31.6,20.555914446969915,0.6630605776503984
31.61,20.562545036498015,0.6630589528100472
31.62,20.569175609782135,0.6630573284120089
31.63,20.57580616682734,0.6630557045205876
31.64,20.582436707637463,0.6630540810121488
31.65,20.589067232218277,0.6630524580813812
31.66,20.595697740574963,0.6630508356685993
31.67,20.602328232712832,0.6630492137869481
31.68,20.60895870863614,0.663047592330912
31.69,20.615589168350535,0.6630459714394021
31.7,20.622219611859624,0.663044350908848
31.71,20.62885003917038,0.6630427310756914
31.72,20.63548045028806,0.6630411117679813
31.73,20.642110845217836,0.6630394929775463
31.74,20.648741223963157,0.6630378745320797
31.75,20.655371586530464,0.6630362567307202
31.76,20.662001932924436,0.663034639397253
31.77,20.66863226315145,0.663033022701498
31.78,20.675262577215392,0.6630314063940546
31.79,20.68189287512134,0.6630297905946492
31.8,20.68852315687261,0.6630281751270672
31.81,20.695153422475265,0.6630265602655783
31.82,20.70178367193623,0.6630249460965132
31.83,20.70841390526045,0.6630233324219859
31.84,20.715044122452603,0.6630217192153509
31.85,20.7216743235172,0.6630201064595553
31.86,20.728304508458322,0.6630184941123218
31.87,20.734934677282393,0.6630168824070637
31.88,20.741564829996054,0.663015271366163
31.89,20.748194966603787,0.6630136607732595
31.9,20.75482508711136,0.6630120507573167
31.91,20.761455191522927,0.6630104411566862
31.92,20.768085279845643,0.6630088322715721
31.93,20.774715352082666,0.6630072237022944
31.94,20.781345408239527,0.6630056156861741
31.95,20.787975448320978,0.6630040081450517
31.96,20.79460547233262,0.6630024011641922
31.97,20.80123548027955,0.6630007946931471
31.98,20.807865472168313,0.6629991888761566
31.99,20.814495448001786,0.6629975833472912
32.0,20.82112540778531,0.6629959783523987
32.01,20.827755351522214,0.6629943736903954
32.02,20.834385279218992,0.6629927696778282
32.03,20.84101519088034,0.6629911661349297
32.04,20.847645086506414,0.6629895626073079
32.05,20.85427496610027,0.6629879593855748
32.06,20.860904829667053,0.6629863566782745
32.07,20.867534677211918,0.6629847544864731
32.08,20.87416450874074,0.6629831528822905
32.09,20.880794324259504,0.6629815518763849
32.1,20.88742412377375,0.6629799514247026
32.11,20.894053907288395,0.6629783514643606
32.12,20.90068367480726,0.6629767518866458
32.13,20.90731342633568,0.6629751528418382
32.14,20.913943161878446,0.6629735542766468
32.15,20.920572881441977,0.6629719563530756
32.16,20.927202585032344,0.6629703590366631
32.17,20.933832272655295,0.6629687622950797
32.18,20.9404619443146,0.6629671659304393
32.19,20.947091600015337,0.6629655700738368
32.2,20.95372123976109,0.662963974575348
32.21,20.960350863556233,0.6629623795141981
32.22,20.966980471406153,0.662960784991995
32.23,20.973610063317224,0.6629591911071486
32.24,20.980239639293337,0.6629575976113244
32.25,20.98686919934087,0.6629560047532124
32.26,20.993498743465246,0.6629544124375997
32.27,21.000128271672143,0.6629528206897106
32.28,21.006757783965075,0.662951229293185
32.29,21.013387280348947,0.662949638387289
32.3,21.02001676082809,0.6629480479141137
32.31,21.026646225407095,0.6629464579006594
32.32,21.033275674090042,0.6629448682947015
32.33,21.039905106882504,0.6629432792461643
32.34,21.046534523787752,0.662941690524832
32.35,21.0531639248102,0.6629401022447468
32.36,21.05979330995456,0.6629385144361066
32.37,21.066422679225603,0.6629369271042407
32.38,21.073052032627302,0.6629353401699234
32.39,21.079681370164987,0.6629337537685132
32.4,21.086310691843927,0.6629321678939704
32.41,21.09293999766983,0.6629305825903486
32.42,21.099569287646585,0.6629289976753938
32.43,21.106198561777706,0.6629274131121576
32.44,21.112827820067153,0.6629258289446938
32.45,21.11945706252095,0.6629242453797701
32.46,21.126086289144993,0.6629226624042417
32.47,21.132715499944403,0.6629210799410146
32.48,21.13934469492367,0.6629194979264952
32.49,21.145973874084717,0.6629179161048881
32.5,21.152603037430964,0.6629163346246969
32.51,21.159232184966193,0.6629147535228697
32.52,21.165861316695505,0.6629131729312121
32.53,21.17249043262206,0.6629115926553908
32.54,21.17911953275174,0.6629100129682541
32.55,21.185748617088763,0.662908433702114
32.56,21.19237768563844,0.6629068549678152
32.57,21.199006738407128,0.6629052768687416
32.58,21.205635775399823,0.6629036992695347
32.59,21.212264796619667,0.6629021219843878
32.6,21.21889380207304,0.6629005453373082
32.61,21.225522791763094,0.6628989690053544
32.62,21.232151765694685,0.6628973931590565
32.63,21.238780723871706,0.662895817702136
32.64,21.2454096662988,0.6628942427095552
32.65,21.252038592978366,0.6628926679564273
32.66,21.25866750391525,0.6628910936886001
32.67,21.265296399115236,0.6628895199984441
32.68,21.2719252785832,0.662887946796431
32.69,21.27855414232407,0.662886374086824
32.7,21.28518299034358,0.6628848019509803
32.71,21.29181182264698,0.6628832303402277
32.72,21.29844063923827,0.6628816591288
32.73,21.30506944012207,0.662880088380291
32.74,21.311698225302074,0.6628785180001984
32.75,21.318326994782954,0.6628769480879981
32.76,21.32495574856987,0.6628753786916519
32.77,21.331584486670693,0.6628738100822318
32.78,21.338213209089403,0.6628722418710709
32.79,21.344841915829353,0.6628706739949308
32.8,21.35147060688931,0.6628691059958669
32.81,21.35809928227045,0.6628675381140425
32.82,21.364727941978103,0.6628659707651252
32.83,21.37135658601823,0.6628644040127085
32.84,21.3779852143955,0.6628628377271184
32.85,21.38461382711619,0.6628612720689375
32.86,21.391242424184924,0.66285970687332
32.87,21.397871005608952,0.6628581424028113
32.88,21.404499571393334,0.662856578438209
32.89,21.41112812154466,0.6628550151326351
32.9,21.41775665606737,0.6628534522707952
32.91,21.424385174966282,0.6628518898914137
32.92,21.431013678244263,0.6628503277980258
32.93,21.43764216590479,0.6628487660528037
32.94,21.44427063795066,0.662847204586825
32.95,21.450899094386923,0.6628456436263974
32.96,21.45752753521863,0.6628440831708104
32.97,21.464155960451667,0.6628425233035529
32.98,21.470784370090964,0.6628409639297672
32.99,21.47741276414104,0.6628394050075315
33.0,21.48404114260686,0.6628378465819651
33.01,21.49066950549297,0.6628362886111461
33.02,21.497297852803992,0.6628347311021798
33.03,21.50392618454516,0.6628331741168836
33.04,21.51055450072141,0.662831617624704
33.05,21.51718280133553,0.662830061412123
33.06,21.523811086394108,0.6628285058578598
33.07,21.53043935590306,0.6628269508951234
33.08,21.537067609865886,0.6628253962826847
33.09,21.543695848284784,0.6628238418898036
33.1,21.550324071165193,0.662822288040843
33.11,21.556952278509577,0.6628207344384407
33.12,21.56358047032361,0.6628191814034068
33.13,21.570208646611544,0.6628176287932774
33.14,21.576836807379387,0.6628160767842672
33.15,21.58346495263085,0.6628145251465156
33.16,21.590093082371922,0.662812974107041
33.17,21.596721196605802,0.6628114233880211
33.18,21.603349295338305,0.6628098732502252
33.19,21.60997737857254,0.662808323423647
33.2,21.61660544631314,0.6628067740599874
33.21,21.623233498562456,0.6628052249315175
33.22,21.629861535323197,0.6628036760741196
33.23,21.636489556598008,0.6628021274810436
33.24,21.643117562392057,0.6628005794048875
33.25,21.649745552709856,0.6627990317799259
33.26,21.656373527555925,0.6627974846068696
33.27,21.663001486934675,0.6627959378750603
33.28,21.66962943085175,0.6627943917074219
33.29,21.676257359311858,0.6627928460108734
33.3,21.6828852723187,0.6627913006841624
33.31,21.689513169877117,0.6627897558416862
33.32,21.696141051990978,0.6627882113861006
33.33,21.702768918663644,0.6627866672666016
33.34,21.709396769898525,0.6627851234881632
33.35,21.716024605700206,0.6627835801680249
33.36,21.722652426073132,0.6627820372926863
33.37,21.729280231019708,0.6627804946575111
33.38,21.735908020543498,0.6627789523790284
33.39,21.742535794650053,0.6627774106554796
33.4,21.74916355334249,0.662775869243859
33.41,21.755791296625407,0.6627743282916043
33.42,21.7624190245025,0.6627727877091871
33.43,21.7690467369798,0.6627712477300207
33.44,21.775674434061138,0.6627697081338368
33.45,21.782302115752643,0.6627681691504961
33.46,21.78892978205857,0.6627666305927704
33.47,21.795557432983628,0.6627650925057793
33.48,21.80218506853123,0.662763554760204
33.49,21.808812688706595,0.6627620175365223
33.5,21.815440293511653,0.662760480505753
33.51,21.822067882948403,0.6627589436750014
33.52,21.828695457020977,0.6627574072574305
33.53,21.835323015736066,0.6627558715088355
33.54,21.84195055909815,0.662754336208593
33.55,21.848578087113356,0.6627528015204831
33.56,21.855205599786593,0.6627512673237135
33.57,21.861833097122645,0.6627497336051391
33.58,21.868460579125546,0.662748200290153
33.59,21.87508804579813,0.6627466672583182
33.6,21.881715497144192,0.6627451346062685
33.61,21.888342933168396,0.6627436024203348
33.62,21.894970353874598,0.6627420706202258
33.63,21.901597759264945,0.6627405390347008
33.64,21.908225149342982,0.6627390078037365
33.65,21.914852524109627,0.6627374766644323
33.66,21.921479883572058,0.6627359462431315
33.67,21.92810722773514,0.6627344163081972
33.68,21.93473455660431,0.6627328869171834
33.69,21.94136187018209,0.6627313577777016
33.7,21.94798916847537,0.6627298293281569
33.71,21.954616451487183,0.6627283011813034
33.72,21.961243719223095,0.6627267735911602
33.73,21.967870971687038,0.6627252463943023
33.74,21.974498208885244,0.6627237198205904
33.75,21.981125430821685,0.6627221936440719
33.76,21.987752637501757,0.6627206680072106
33.77,21.99437982892714,0.6627191425383927
33.78,22.001007005100696,0.6627176173555682
33.79,22.007634166022182,0.6627160921485853
33.8,22.014261311696373,0.6627145674190871
33.81,22.02088844212712,0.662713043074703
33.82,22.02751555731831,0.6627115191189858
33.83,22.034142657273073,0.6627099954762627
33.84,22.040769741995767,0.6627084722694576
33.85,22.047396811489712,0.6627069493944759
33.86,22.054023865758566,0.6627054268854238
33.87,22.06065090480605,0.6627039047483407
33.88,22.067277928636013,0.6627023829963719
33.89,22.073904937255023,0.6627008619009445
33.9,22.080531930669316,0.6626993414293736
33.91,22.08715890888549,0.6626978216171864
33.92,22.09378587190988,0.6626963024391586
33.93,22.10041281974727,0.6626947837389707
33.94,22.10703975240198,0.6626932654711482
33.95,22.11366666987907,0.6626917477088767
33.96,22.120293572181794,0.6626902302723892
33.97,22.126920459315397,0.6626887133602821
33.98,22.133547331285556,0.6626871970158987
33.99,22.140174188097077,0.6626856811521975
34.0,22.146801029754045,0.6626841656967031
34.01,22.153427856260507,0.662682650646218
34.02,22.16005466762027,0.6626811359762286
34.03,22.166681463836078,0.6626796215808639
34.04,22.17330824491161,0.6626781075532051
34.05,22.17993501085128,0.6626765939671486
34.06,22.18656176166085,0.662675080956987
34.07,22.19318849734472,0.6626735683870066
34.08,22.199815217908313,0.6626720563591704
34.09,22.20644192335446,0.6626705446148407
34.1,22.21306861368641,0.6626690331948737
34.11,22.21969528890711,0.6626675220701372
34.12,22.226321949020967,0.662666011385582
34.13,22.232948594031807,0.6626645010840093
34.14,22.23957522394258,0.6626629910773119
34.15,22.246201838758388,0.6626614815807841
34.16,22.25282843848348,0.6626599725091609
34.17,22.25945502312136,0.6626584637881905
34.18,22.266081592675164,0.6626569553802142
34.19,22.272708147148705,0.6626554473541546
34.2,22.279334686545347,0.6626539396641817
34.21,22.2859612108703,0.662652432495392
34.22,22.29258772012836,0.6626509258058633
34.23,22.299214214323136,0.6626494194776456
34.24,22.305840693458023,0.662647913488712
34.25,22.31246715753722,0.6626464079197092
34.26,22.31909360656371,0.6626449026491343
34.27,22.325720040539633,0.6626433975920776
34.28,22.332346459466347,0.662641892671445
34.29,22.33897286334795,0.6626403881604404
34.3,22.34559925218775,0.6626388839798381
34.31,22.35222562598851,0.6626373800759922
34.32,22.358851984751272,0.6626358762762408
34.33,22.365478328479355,0.6626343728083128
34.34,22.3721046571755,0.6626328696142991
34.35,22.37873097084355,0.6626313668050443
34.36,22.385357269487972,0.6626298644423656
34.37,22.39198355311352,0.6626283625546847
34.38,22.39860982172493,0.6626268611409358
34.39,22.405236075327515,0.6626253602586729
34.4,22.411862313925923,0.6626238598407497
34.41,22.418488537524162,0.6626223598239278
34.42,22.425114746125736,0.6626208601574035
34.43,22.43174093973497,0.6626193609232445
34.44,22.43836711835496,0.6626178619992373
34.45,22.444993281989092,0.6626163634130933
34.46,22.451619430641326,0.662614865223432
34.47,22.458245564314808,0.662613367348186
34.48,22.464871683013282,0.662611869847396
34.49,22.47149778673952,0.6626103726237176
34.5,22.478123875498646,0.6626088759126958
34.51,22.484749949293935,0.6626073795288789
34.52,22.491376008131454,0.6626058837518656
34.53,22.498002052015572,0.662604388411836
34.54,22.50462808095053,0.6626028934956452
34.55,22.511254094939215,0.6626013988686452
34.56,22.517880093986015,0.6625999046800501
34.57,22.524506078095147,0.6625984109131622
34.58,22.53113204727027,0.6625969175122037
34.59,22.53775800151509,0.6625954244821486
34.6,22.54438394083507,0.6625939319977903
34.61,22.551009865235336,0.6625924400267991
34.62,22.557635774719312,0.6625909483975789
34.63,22.56426166929112,0.6625894571808288
34.64,22.570887548956854,0.6625879665733692
34.65,22.57751341372043,0.6625864763574185
34.66,22.584139263585907,0.6625849865478983
34.67,22.590765098558766,0.6625834972858513
34.68,22.597390918643892,0.6625820085126577
34.69,22.60401672384727,0.6625805203377411
34.7,22.610642514173854,0.662579032658428
34.71,22.617268289628374,0.6625775454519811
34.72,22.62389405021392,0.6625760585546203
34.73,22.630519795932457,0.6625745718537246
34.74,22.637145526786707,0.6625730854249667
34.75,22.643771242779952,0.6625715993244796
34.76,22.65039694391652,0.662570113656713
34.77,22.657022630196494,0.662568627997473
34.78,22.663648301622175,0.6625671425680935
34.79,22.67027395820016,0.6625656577984529
34.8,22.676899599931343,0.6625641731183407
34.81,22.683525226818652,0.6625626887309721
34.82,22.69015083886863,0.6625612049976581
34.83,22.696776436087347,0.6625597218718582
34.84,22.703402018478783,0.6625582391436069
34.85,22.710027586047744,0.6625567568960378
34.86,22.71665313879794,0.6625552750197272
34.87,22.723278676733564,0.6625537935622816
34.88,22.72990419985797,0.6625523124405674
34.89,22.73652970817359,0.6625508315622142
34.9,22.74315520168278,0.6625493509186953
34.91,22.749780680388888,0.6625478706109078
34.92,22.756406144295873,0.6625463906985374
34.93,22.763031593406428,0.6625449110554626
34.94,22.76965702771854,0.6625434312113043
34.95,22.776282447233346,0.6625419514804776
34.96,22.78290785195346,0.6625404720114858
34.97,22.78953324188329,0.6625389929830305
34.98,22.796158617027785,0.6625375144494683
34.99,22.802783977389293,0.6625360361507404
35.0,22.809409322971742,0.6625345582449427
35.01,22.816034653777546,0.6625330805803742
35.02,22.822659969811603,0.6625316034057249
35.03,22.829285271077758,0.6625301266154793
35.04,22.83591055757988,0.6625286502121241
35.05,22.84253582932298,0.6625271743100569
35.06,22.84916108631026,0.6625256987280892
35.07,22.85578632854731,0.6625242237049633
35.08,22.862411556037717,0.6625227490406616
35.09,22.869036768786543,0.6625212748826215
35.1,22.875661966798035,0.6625198011491307
35.11,22.88228715007589,0.6625183277854774
35.12,22.888912318626723,0.6625168550833394
35.13,22.89553747245456,0.6625153827837238
35.14,22.90216261156441,0.6625139109850409
35.15,22.908787735961376,0.6625124396965276
35.16,22.915412845649108,0.6625109687732333
35.17,22.922037940630457,0.6625094981348667
35.18,22.928663020909326,0.6625080278869433
35.19,22.935288086488782,0.6625065579456191
35.2,22.941913137371863,0.6625050883080519
35.21,22.948538173559292,0.66250361874296
35.22,22.955163195055132,0.6625021495839434
35.23,22.961788201863705,0.662500680857292
35.24,22.96841319399028,0.662499212657508
35.25,22.97503817143923,0.6624977448950631
35.26,22.98166313421532,0.6624962776090371
35.27,22.98828808232517,0.6624948109848816
35.28,22.994913015774316,0.6624933449145942
35.29,23.001537934566535,0.6624918792219603
35.3,23.008162838706756,0.6624904140220877
35.31,23.014787728198492,0.6624889491735786
35.32,23.021412603044947,0.6624874846455242
35.33,23.028037463250858,0.6624860205910466
35.34,23.03466230881869,0.6624845567831272
35.35,23.041287139751297,0.6624830932608461
35.36,23.047911956051955,0.6624816300657699
35.37,23.054536757724726,0.6624801672771241
35.38,23.061161544771704,0.6624787046977332
35.39,23.06778631719566,0.6624772423958092
35.4,23.074411074999695,0.6624757804033266
35.41,23.081035818187758,0.662474318806261
35.42,23.087660546761338,0.6624728573580541
35.43,23.09428526072399,0.6624713962651185
35.44,23.10090996007861,0.6624699354620844
35.45,23.10753464482856,0.6624684749951371
35.46,23.114159314977798,0.6624670149236067
35.47,23.120783970529878,0.6624655552080583
35.48,23.12740861148733,0.6624640957451078
35.49,23.134033237853494,0.6624626366164676
35.5,23.14065784963195,0.6624611778455858
35.51,23.147282446825717,0.6624597193766846
35.52,23.153907029438052,0.6624582612335672
35.53,23.16053159747201,0.662456803395628
35.54,23.167156150930385,0.6624553458376425
35.55,23.173780689817377,0.6624538886992326
35.56,23.180405214138556,0.6624524321178882
35.57,23.187029723897314,0.6624509758758279
35.58,23.193654219096025,0.6624495198710889
35.59,23.200278699737144,0.6624480641118424
35.6,23.206903165824173,0.6624466087028935
35.61,23.213527617359798,0.6624451535625298
35.62,23.220152054345903,0.6624436986104598
35.63,23.226776476783936,0.6624422438033406
35.64,23.233400884675007,0.662440789107066
35.65,23.240025278023857,0.6624393348850788
35.66,23.24664965683466,0.6624378810801801
35.67,23.2532740211117,0.6624364277040939
35.68,23.25989837085819,0.6624349746488178
35.69,23.266522706077843,0.6624335219655109
35.7,23.27314702677629,0.6624320698445985
35.71,23.279771332958184,0.6624306181894468
35.72,23.286395624626827,0.6624291668643423
35.73,23.293019901786643,0.6624277159815506
35.74,23.299644164441787,0.6624262655144264
35.75,23.3062684125959,0.6624248154114554
35.76,23.31289264625188,0.6624233655976752
35.77,23.319516865412773,0.6624219160894285
35.78,23.32614107008174,0.6624204668966627
35.79,23.33276526026203,0.6624190180289702
35.8,23.339389435957116,0.6624175695087331
35.81,23.346013597169378,0.6624161212261725
35.82,23.352637743902672,0.6624146733294367
35.83,23.359261876161483,0.6624132258810533
35.84,23.365885993950343,0.6624117788859962
35.85,23.37251009727327,0.662410332292751
35.86,23.379134186133513,0.6624088860242239
35.87,23.385758260535162,0.6624074401649693
35.88,23.392382320481907,0.6624059946744865
35.89,23.399006365978984,0.6624045497076736
35.9,23.405630397029086,0.6624031050101564
35.91,23.412254413635097,0.6624016606011196
35.92,23.418878415801345,0.6624002166248033
35.93,23.42550240353284,0.6623987731494196
35.94,23.43212637683312,0.6623973300282415
35.95,23.4387503357056,0.6623958872477687
35.96,23.445374280154105,0.6623944448506336
35.97,23.451998210182694,0.6623930028588632
35.98,23.458622125796825,0.6623915614131448
35.99,23.465246027001125,0.6623901204299898
36.0,23.471869913799402,0.6623886798276857
36.01,23.478493786194132,0.6623872394730057
36.02,23.485117644187675,0.6623857993542259
36.03,23.49174148778402,0.6623843596344159
36.04,23.498365316986018,0.6623829201998888
36.05,23.504989131795,0.6623814808982331
36.06,23.511612932213293,0.6623800418292802
36.07,23.518236718243443,0.6623786030150569
36.08,23.524860489888844,0.6623771645401177
36.09,23.53148424715276,0.662375726391673
36.1,23.538107990038743,0.6623742885981443
36.11,23.54473171854897,0.6623728510227522
36.12,23.55135543269069,0.6623714141721138
36.13,23.55797913246874,0.6623699778049996
36.14,23.56460281788697,0.6623685418229996
36.15,23.57122648894935,0.6623671062378378
36.16,23.577850145658694,0.6623656709344061
36.17,23.58447378801818,0.6623642359485871
36.18,23.591097416031023,0.6623628012842886
36.19,23.597721029700963,0.6623613669940909
36.2,23.60434462903031,0.6623599329348195
36.21,23.61096821402058,0.6623584990268938
36.22,23.617591784673337,0.6623570652756428
36.23,23.624215340986932,0.6623556313595458
36.24,23.63083888296357,0.6623541976637171
36.25,23.637462410606858,0.662352764328844
36.26,23.64408592392012,0.6623513313261498
36.27,23.650709422907426,0.6623498987305965
36.28,23.65733290757211,0.6623484664682877
36.29,23.66395637791914,0.6623470347030036
36.3,23.67057983394998,0.6623456030840913
36.31,23.677203275667257,0.6623441717277245
36.32,23.683826703075937,0.6623427408680271
36.33,23.690450116180358,0.6623413104421161
36.34,23.697073514984496,0.6623398804137537
36.35,23.703696899490815,0.6623384506319496
36.36,23.710320269703892,0.6623370213077351
36.37,23.716943625627316,0.6623355923423446
36.38,23.723566967265114,0.6623341637798319
36.39,23.73019029462091,0.662332735579696
36.4,23.73681360769977,0.6623313078858217
36.41,23.743436906506403,0.6623298806633926
36.42,23.75006019104554,0.6623284539138297
36.43,23.756683461320694,0.6623270275152748
36.44,23.763306717332974,0.66232560122792
36.45,23.769929959085992,0.662324175301876
36.46,23.776553186580376,0.6623227494383599
36.47,23.78317639982035,0.6623213239972614
36.48,23.78979959880979,0.6623198989441192
36.49,23.796422783551865,0.6623184742075239
36.5,23.803045954048628,0.6623170496762754
36.51,23.809669110304398,0.6623156255770368
36.52,23.816292252323144,0.6623142018746364
36.53,23.82291538011006,0.6623127786916427
36.54,23.829538493670274,0.6623113560213056
36.55,23.836161593007734,0.6623099337460303
36.56,23.842784678127806,0.6623085120072147
36.57,23.84940774903498,0.6623070907174622
36.58,23.856030805733187,0.6623056698206398
36.59,23.86265384822488,0.6623042491693099
36.6,23.869276876512533,0.6623028287652488
36.61,23.875899890600678,0.662301408814514
36.62,23.882522890491128,0.6622999890449677
36.63,23.889145876186223,0.6622985695095451
36.64,23.89576884768841,0.6622971502185493
36.65,23.902391804999063,0.6622957310653987
36.66,23.90901474811859,0.6622943119527491
36.67,23.915637677051535,0.6622928932944916
36.68,23.922260591802885,0.6622914751350351
36.69,23.92888349237522,0.6622900572335055
36.7,23.935506378770818,0.662288639559705
36.71,23.94212925099496,0.6622872224141929
36.72,23.948752109049614,0.6622858054655012
36.73,23.955374952937426,0.6622843887811314
36.74,23.96199778266154,0.662282972411532
36.75,23.968620598225634,0.6622815564092832
36.76,23.9752433996334,0.6622801407765166
36.77,23.981866186887725,0.6622787254325857
36.78,23.988488959991784,0.6622773104059121
36.79,23.9951117189472,0.6622758955415975
36.8,24.001734463758453,0.6622744811252801
36.81,24.008357194430133,0.6622730671679733
36.82,24.014979910965415,0.6622716535282791
36.83,24.02160261336747,0.662270240205487
36.84,24.028225301639097,0.6622688271626487
36.85,24.034847975780732,0.6622674141635088
36.86,24.041470635793413,0.6622660012681081
36.87,24.048093281679396,0.6622645885983047
36.88,24.054715913442077,0.6622631762681408
36.89,24.061338531083642,0.6622617641564688
36.9,24.067961134607415,0.6622603523773307
36.91,24.074583724016563,0.6622589409147395
36.92,24.081206299313997,0.6622575297434707
36.93,24.087828860503492,0.6622561189495002
36.94,24.094451407590253,0.6622547086760022
36.95,24.101073940579354,0.662253298910187
36.96,24.10769645947343,0.6622518894076279
36.97,24.114318964275732,0.6622504802301421
36.98,24.12094145498792,0.6622490712189233
36.99,24.12756393161462,0.6622476626699125
37.0,24.1341863941595,0.6622462544878971
37.01,24.14080884262615,0.662244846665061
37.02,24.147431277017645,0.6622434391495347
37.03,24.154053697337275,0.6622420319629896
37.04,24.16067610358828,0.662240625100452
37.05,24.16729849577124,0.6622392182961789
37.06,24.1739208738885,0.6622378117256744
37.07,24.180543237944082,0.6622364055584029
37.08,24.187165587942154,0.6622349998071542
37.09,24.193787923886838,0.6622335944683755
37.1,24.2004102457814,0.6622321894560912
37.11,24.207032553629638,0.6622307848239473
37.12,24.213654847436107,0.662229380646906
37.13,24.22027712720421,0.6622279768102146
37.14,24.22689939293739,0.6622265733181365
37.15,24.233521644639275,0.6622251701884352
37.16,24.240143882313326,0.6622237674051235
37.17,24.246766105962596,0.6622223649269898
37.18,24.253388315592108,0.6622209629512099
37.19,24.260010511204833,0.6622195612724369
37.2,24.266632692805338,0.6622181600505428
37.21,24.273254860397437,0.6622167592098549
37.22,24.279877013985445,0.6622153588008217
37.23,24.286499153571786,0.6622139586340836
37.24,24.293121279157674,0.6622125585888483
37.25,24.29974339074477,0.6622111587095247
37.26,24.306365488335196,0.6622097590426534
37.27,24.312987571932617,0.6622083597420669
37.28,24.3196096415408,0.6622069608184233
37.29,24.326231697162815,0.6622055622013789
37.3,24.332853738801546,0.6622041638731702
37.31,24.339475766459767,0.662202765822073
37.32,24.34609778014049,0.662201368072246
37.33,24.352719779848428,0.6621999707938642
37.34,24.3593417655867,0.6621985738270553
37.35,24.36596373735901,0.6621971772311497
37.36,24.372585695167786,0.6621957808775392
37.37,24.37920763901646,0.6621943848674761
37.38,24.385829568907607,0.6621929891146294
37.39,24.392451484844436,0.6621915936829481
37.4,24.399073386829905,0.6621901985468526
37.41,24.40569527486644,0.6621888036534074
37.42,24.412317148956394,0.6621874089955071
37.43,24.418939009102676,0.6621860146282188
37.44,24.425560855308564,0.662184620588846
37.45,24.432182687575228,0.6621832266663574
37.46,24.43880450590676,0.6621818331531415
37.47,24.445426310305077,0.6621804398317721
37.48,24.452048100773656,0.6621790468578581
37.49,24.45866987731575,0.6621776542093727
37.5,24.465291639933632,0.662176261788261
37.51,24.47191338863084,0.6621748697206442
37.52,24.478535123409113,0.6621734778274657
37.53,24.485156844271746,0.6621720862632685
37.54,24.491778551220467,0.6621706948720885
37.55,24.498400244257823,0.662169303735638
37.56,24.50502192338709,0.6621679129267477
37.57,24.51164358860726,0.6621665220169604
37.58,24.518265239920073,0.662165131281256
37.59,24.52488687732862,0.6621637408546377
37.6,24.53150850083673,0.6621623508110019
37.61,24.538130110448297,0.6621609611567436
37.62,24.54475170616497,0.6621595716673312
37.63,24.551373287989406,0.6621581824436618
37.64,24.557994855924488,0.6621567935081174
37.65,24.564616409974235,0.6621554049747402
37.66,24.57123795014129,0.6621540167053297
37.67,24.577859476429765,0.6621526288476787
37.68,24.5844809888435,0.6621512413733655
37.69,24.59110248738561,0.6621498542109805
37.7,24.597723972061075,0.662148467546686
37.71,24.604345442874433,0.6621470813357178
37.72,24.61096689982986,0.6621456955429039
37.73,24.617588342929896,0.6621443100033986
37.74,24.624209772180873,0.6621429250976973
37.75,24.630831187586296,0.6621415405422937
37.76,24.637452589149582,0.6621401563286611
37.77,24.644073976875084,0.6621387725502359
37.78,24.65069535076541,0.6621373890325799
37.79,24.657316710824254,0.6621360058844061
37.8,24.663938057054416,0.6621346230161862
37.81,24.670559389458475,0.6621332404058933
37.82,24.677180708038353,0.6621318579878022
37.83,24.68380201279843,0.6621304760077606
37.84,24.69042330374167,0.6621290943240155
37.85,24.697044580872078,0.6621277130406611
37.86,24.70366584419409,0.6621263322013959
37.87,24.710287093711987,0.6621249517895222
37.88,24.716908329429522,0.6621235717535257
37.89,24.72352955135088,0.6621221921356835
37.9,24.730150759477787,0.6621208126908584
37.91,24.736771953813932,0.6621194336144498
37.92,24.74339313436397,0.6621180550038019
37.93,24.750014301131046,0.6621166767075692
37.94,24.75663545411857,0.662115298752397
37.95,24.763256593329128,0.6621139210558624
37.96,24.769877718765677,0.6621125436549136
37.97,24.776498830430512,0.66211116648347
37.98,24.78311992832637,0.6621097895859407
37.99,24.78974101245467,0.6621084128298094
38.0,24.796362082817595,0.6621070362925252
38.01,24.80298313941713,0.6621056599534825
38.02,24.809604182255963,0.6621042838833802
38.03,24.816225211337777,0.662102908181339
38.04,24.822846226664417,0.6621015326640389
38.05,24.829467228238716,0.6621001574298901
38.06,24.836088216062823,0.6620987824106805
38.07,24.84270919014029,0.6620974077467423
38.08,24.849330150473694,0.6620960333403758
38.09,24.855951097064214,0.6620946590519594
38.1,24.86257202991483,0.6620932850616157
38.11,24.869192949029312,0.6620919114482149
38.12,24.875813854410715,0.6620905381403475
38.13,24.882434746061808,0.6620891651092364
38.14,24.889055623984973,0.6620877923165125
38.15,24.895676488183213,0.6620864198239929
38.16,24.90229733865779,0.6620850474575946
38.17,24.908918175410797,0.6620836753008064
38.18,24.915538998441527,0.6620823030729639
38.19,24.922159807750113,0.6620809308586217
38.2,24.928780603340684,0.6620795590571049
38.21,24.935401385215485,0.6620781874801196
38.22,24.942022153377543,0.6620768162058255
38.23,24.94864290782973,0.6620754452185906
38.24,24.955263648574576,0.6620740744846643
38.25,24.96188437561601,0.6620727041433128
38.26,24.968505088958707,0.6620713342698537
38.27,24.975125788605745,0.6620699647037043
38.28,24.98174647456019,0.6620685954445094
38.29,24.988367146825134,0.6620672264944005
38.3,24.994987805402907,0.6620658577773497
38.31,25.00160845029653,0.6620644893622796
38.32,25.00822908150734,0.6620631210811467
38.33,25.01484969903828,0.6620617530938233
38.34,25.021470302891625,0.6620603853345841
38.35,25.028090893070043,0.6620590178417984
38.36,25.034711469574656,0.6620576504612785
38.37,25.041332032406174,0.6620562831518129
38.38,25.047952581570136,0.6620549163962153
38.39,25.054573117070493,0.6620535500356795
38.4,25.061193638910964,0.6620521840471127
38.41,25.067814147094705,0.662050818374027
38.42,25.07443464162631,0.6620494531606624
38.43,25.081055122509387,0.662048088307543
38.44,25.087675589747228,0.6620467237841154
38.45,25.094296043342542,0.6620453595314046
38.46,25.100916483298445,0.6620439955902668
38.47,25.10753690961975,0.6620426321305217
38.48,25.114157322310746,0.6620412690995892
38.49,25.12077772137356,0.6620399062814641
38.5,25.12739810681218,0.6620385438619536
38.51,25.134018478631468,0.6620371819288096
38.52,25.14063883683534,0.6620358203871746
38.53,25.147259181426904,0.662034459156402
38.54,25.153879512407684,0.6620330980780409
38.55,25.160499829778047,0.6620317370362727
38.56,25.16712013354124,0.6620303763192226
38.57,25.17374042370117,0.6620290159929709
38.58,25.18036070026075,0.6620276559580418
38.59,25.186980963223835,0.6620262963085821
38.6,25.193601212594473,0.6620249370637765
38.61,25.200221448376233,0.6620235781760186
38.62,25.206841670572366,0.6620222196133341
38.63,25.213461879186273,0.6620208613906442
38.64,25.220082074221267,0.6620195034994225
38.65,25.226702255681587,0.6620181460320396
38.66,25.233322423570627,0.6620167889039408
38.67,25.239942577891657,0.6620154321030469
38.68,25.246562718647525,0.6620140755867254
38.69,25.253182845840676,0.6620127193151859
38.7,25.259802959472694,0.6620113632017421
38.71,25.26642305954777,0.6620100075075186
38.72,25.27304314606714,0.6620086519369295
38.73,25.279663219030795,0.6620072963656298
38.74,25.28628327844124,0.6620059410444412
38.75,25.29290332430168,0.6620045860440626
38.76,25.29952335661597,0.6620032314291535
38.77,25.306143375387215,0.6620018771243963
38.78,25.312763380619007,0.6620005231791737
38.79,25.319383372313563,0.6619991694556404
38.8,25.326003350474146,0.6619978160582463
38.81,25.332623315102126,0.6619964627979869
38.82,25.339243266199546,0.6619951097420085
38.83,25.345863203767983,0.6619937568437706
38.84,25.35248312781027,0.661992404228684
38.85,25.359103038329614,0.6619910519344074
38.86,25.365722935328158,0.6619896998543595
38.87,25.372342818807972,0.6619883479814348
38.88,25.37896268877253,0.6619869964556102
38.89,25.3855825452254,0.6619856452871886
38.9,25.392202388165668,0.6619842940267517
38.91,25.398822217595956,0.6619829430288604
38.92,25.405442033519208,0.6619815923251338
38.93,25.412061835937077,0.6619802417869636
38.94,25.41868162485228,0.6619788915202207
38.95,25.425301400267443,0.6619775415163787
38.96,25.43192116218472,0.6619761917278311
38.97,25.43854091060501,0.6619748420288118
38.98,25.44516064552728,0.6619734922271192
38.99,25.45178036695303,0.6619721425749958
39.0,25.458400074887585,0.6619707934554242
39.01,25.46501976933389,0.6619694446303725
39.02,25.471639450295726,0.6619680961836849
39.03,25.47825911777572,0.6619667479995428
39.04,25.484878771776565,0.6619654000843411
39.05,25.491498412302455,0.6619640525890702
39.06,25.498118039358225,0.6619627055769683
39.07,25.504737652944478,0.6619613586252626
39.08,25.51135725306073,0.66196001162524
39.09,25.517976839710528,0.6619586649797782
39.1,25.524596412896923,0.6619573186394945
39.11,25.53121597262335,0.6619559726427582
39.12,25.53783551889373,0.6619546270378862
39.13,25.54445505171376,0.6619532820032248
39.14,25.551074571086325,0.6619519372563332
39.15,25.557694077015892,0.6619505929567282
39.16,25.564313569505796,0.6619492489903678
39.17,25.57093304855926,0.6619479053465938
39.18,25.577552514179196,0.6619465619934317
39.19,25.584171966368526,0.6619452189330133
39.2,25.59079140513073,0.6619438762204055
39.21,25.597410830469176,0.661942533844595
39.22,25.60403024238701,0.6619411917835549
39.23,25.61064964088766,0.6619398500649964
39.24,25.617269025975,0.6619385087336838
39.25,25.623888397650425,0.6619371675427033
39.26,25.63050775591806,0.6619358267634823
39.27,25.63712710078128,0.6619344863221244
39.28,25.643746432243674,0.6619331462392353
39.29,25.650365750308467,0.6619318064792878
39.3,25.656985054978104,0.6619304669637671
39.31,25.66360434625603,0.6619291277925043
39.32,25.67022362414572,0.6619277889690522
39.33,25.67684288865038,0.6619264504660549
39.34,25.683462139771652,0.661925112127193
39.35,25.690081377513884,0.6619237742231832
39.36,25.696700601880785,0.6619224366900767
39.37,25.70331981287538,0.6619210994596614
39.38,25.709939010500797,0.6619197625415296
39.39,25.716558194759607,0.6619184258809696
39.4,25.723177365655133,0.6619170895525883
39.41,25.729796523188938,0.6619157533805264
39.42,25.73641566735951,0.661914417057119
39.43,25.74303479816861,0.6619130809099261
39.44,25.7496539156193,0.6619117450693324
39.45,25.756273019714758,0.6619104095456407
39.46,25.762892110458093,0.6619090743335221
39.47,25.769511187851176,0.6619077393082762
39.48,25.776130251895786,0.6619064044610212
39.49,25.782749302594556,0.6619050698770224
39.5,25.789368339947295,0.6619037352738388
39.51,25.795987363956144,0.661902400884884
39.52,25.802606374623068,0.6619010666923941
39.53,25.809225371950557,0.6618997327489495
39.54,25.81584435594303,0.6618983992474625
39.55,25.822463326601813,0.6618970658781365
39.56,25.829082283929523,0.6618957327710007
39.57,25.83570122792848,0.6618943998958571
39.58,25.842320158602195,0.6618930673713663
39.59,25.84893907595339,0.6618917351193687
39.6,25.855557979984454,0.6618904031064687
39.61,25.86217687069777,0.6618890713316006
39.62,25.86879574809618,0.6618877398409495
39.63,25.875414612181594,0.6618864085414344
39.64,25.882033462957526,0.6618850775932827
39.65,25.888652300428404,0.6618837470877992
39.66,25.895271124597766,0.6618824169361659
39.67,25.901889935467445,0.6618810869678526
39.68,25.908508733038747,0.6618797571302792
39.69,25.915127517314446,0.6618784275698175
39.7,25.921746288296003,0.6618770981557276
39.71,25.92836504598578,0.6618757689778931
39.72,25.934983790385804,0.6618744400022081
39.73,25.94160252149908,0.6618731113277931
39.74,25.948221239328475,0.6618717829393717
39.75,25.954839943876962,0.6618704548486676
39.76,25.961458635147764,0.6618691270801946
39.77,25.96807731314325,0.6618677995486877
39.78,25.974695977865835,0.66186647225841
39.79,25.981314629314383,0.6618651448548007
39.8,25.987933267493442,0.6618638179059388
39.81,25.994551892406136,0.6618624912693605
39.82,26.001170504056827,0.6618611650690553
39.83,26.007789102450495,0.6618598393668407
39.84,26.014407687591394,0.6618585140898858
39.85,26.021026259482873,0.6618571891479519
39.86,26.02764481812831,0.6618558645435257
39.87,26.034263363530048,0.661854540173934
39.88,26.040881895690163,0.6618532160114654
39.89,26.047500414611257,0.6618518921094108
39.9,26.05411892029494,0.661850568368294
39.91,26.06073741274466,0.6618492449721458
39.92,26.067355891961903,0.6618479217241457
39.93,26.073974357949655,0.6618465987752842
39.94,26.08059281071002,0.661845276036388
39.95,26.087211250245414,0.6618439535394316
39.96,26.093829676558148,0.6618426312734016
39.97,26.100448089652172,0.6618413094024334
39.98,26.107066489529718,0.6618399877545755
39.99,26.113684876193567,0.6618386663848952
40.0,26.120303249645957,0.6618373452390358
40.01,26.126921609891763,0.6618360245806088
40.02,26.13353995693641,0.6618347044646811
40.03,26.140158290783546,0.6618333847136171
40.04,26.146776611436398,0.6618320652851395
40.05,26.153394918896975,0.6618307460577455
40.06,26.160013213167677,0.6618294270701597
40.07,26.166631494249994,0.6618281082317878
40.08,26.1732497621431,0.6618267893106378
40.09,26.179868016848932,0.6618254705831106
40.1,26.18648625836874,0.6618241519806389
40.11,26.193104486705007,0.6618228336268572
40.12,26.199722701860942,0.6618215155935303
40.13,26.206340903839642,0.66182019787
40.14,26.212959092641817,0.661818880217524
40.15,26.219577268270875,0.6618175629057532
40.16,26.226195430729295,0.6618162458419619
40.17,26.232813580019982,0.6618149290687825
40.18,26.23943171614435,0.6618136124366458
40.19,26.246049839106163,0.6618122961814521
40.2,26.252667948906584,0.6618109800420768
40.21,26.25928604555009,0.6618096643506988
40.22,26.2659041290406,0.6618083490508297
40.23,26.27252219938071,0.6618070340110194
40.24,26.27914025657273,0.6618057192021354
40.25,26.285758300619126,0.6618044046394544
40.26,26.292376331519808,0.661803090068247
40.27,26.298994349278004,0.661801775819626
40.28,26.305612353895206,0.6618004617202189
40.29,26.31223034537249,0.661799147728459
40.3,26.31884832371288,0.6617978340390351
40.31,26.325466288918754,0.6617965205872878
40.32,26.332084240992387,0.6617952073632694
40.33,26.33870217993597,0.6617938943584534
40.34,26.34532010575262,0.6617925816648551
40.35,26.35193801844322,0.6617912690600747
40.36,26.358555918008868,0.6617899565647178
40.37,26.365173804451757,0.6617886442889187
40.38,26.37179167777566,0.6617873323904178
40.39,26.37840953798431,0.6617860208649518
40.4,26.38502738508069,0.6617847096379137
40.41,26.391645219070323,0.6617833989633226
40.42,26.398263039956625,0.6617820886301473
40.43,26.40488084774361,0.6617807786984287
40.44,26.4114986424332,0.6617794689592671
40.45,26.418116424028693,0.6617781595490868
40.46,26.42473419253178,0.6617768503087262
40.47,26.431351947944776,0.6617755412996473
40.48,26.437969690269934,0.6617742325158105
40.49,26.444587419509947,0.6617729240012693
40.5,26.45120513566789,0.6617716157943931
40.51,26.457822838745273,0.661770307738152
40.52,26.46444052874486,0.6617689999586673
40.53,26.471058205668562,0.6617676923703186
40.54,26.47767586951844,0.661766384987672
40.55,26.48429352029627,0.6617650777830164
40.56,26.49091115800522,0.6617637708949076
40.57,26.497528782647315,0.6617624642096587
40.58,26.504146394227448,0.6617611580132632
40.59,26.51076399274809,0.6617598520641366
40.6,26.51738157821387,0.6617585465782838
40.61,26.523999150628583,0.6617572414711503
40.62,26.530616709994696,0.6617559366112857
40.63,26.537234256313255,0.6617546318558709
40.64,26.54385178958649,0.6617533273235665
40.65,26.550469309816734,0.6617520230243201
40.66,26.557086817005757,0.6617507189023542
40.67,26.56370431115662,0.6617494150862768
40.68,26.570321792272274,0.66174811156543
40.69,26.576939260356948,0.6617468084673561
40.7,26.583556715412712,0.6617455055764054
40.71,26.590174157442682,0.6617442029970277
40.72,26.596791586448234,0.6617429005551401
40.73,26.603409002431665,0.661741598343113
40.74,26.61002640539514,0.6617402963474461
40.75,26.616643795340238,0.6617389945098751
40.76,26.623261172271203,0.661737693096498
40.77,26.6298785361896,0.6617363918397956
40.78,26.636495887098395,0.6617350908793895
40.79,26.64311322500115,0.6617337902756759
40.8,26.64973054990011,0.6617324898957833
40.81,26.656347861797244,0.6617311897134215
40.82,26.662965160695254,0.661729889801066
40.83,26.669582446595648,0.6617285900393455
40.84,26.676199719499813,0.6617272904165361
40.85,26.682816979410234,0.6617259910420614
40.86,26.689434226328746,0.661724691851262
40.87,26.69605146025726,0.6617233928512434
40.88,26.70266868119843,0.6617220941169677
40.89,26.709285889155517,0.6617207957088311
40.9,26.715903084129245,0.6617194973728147
40.91,26.72252026612061,0.6617181991366294
40.92,26.72913743513119,0.6617169010578294
40.93,26.7357545911632,0.661715603201074
40.94,26.742371734220164,0.6617143056963926
40.95,26.748988864305453,0.6617130085288636
40.96,26.75560598142182,0.66171171163667
40.97,26.7622230855728,0.6617104150979713
40.98,26.768840176762478,0.6617091189678348
40.99,26.775457254993178,0.6617078230700457
41.0,26.7820743202682,0.6617065275023037
41.01,26.788691372589692,0.6617052321491457
41.02,26.795308411958572,0.6617039368880029
41.03,26.80192543837657,0.6617026417998773
41.04,26.808542451846222,0.6617013469650601
41.05,26.815159452369066,0.6617000522844307
41.06,26.82177643994535,0.6616987576283151
41.07,26.82839341457299,0.6616974627640104
41.08,26.835010376254186,0.6616961681196187
41.09,26.84162732499164,0.6616948737455886
41.1,26.84824426078713,0.6616935795488388
41.11,26.854861183644477,0.6616922857347163
41.12,26.861478093564955,0.6616909920477809
41.13,26.86809499055201,0.6616896987054588
41.14,26.87471187460886,0.6616884056850125
41.15,26.881328745739566,0.6616871130706414
41.16,26.88794560394848,0.6616858208914778
41.17,26.894562449238006,0.6616845289524775
41.18,26.901179281609465,0.6616832371459935
41.19,26.907796101067774,0.6616819458308498
41.2,26.914412907616267,0.6616806548493059
41.21,26.921029701258185,0.6616793641917695
41.22,26.927646481998412,0.6616780740227313
41.23,26.93426324984053,0.6616767842118065
41.24,26.940880004788564,0.6616754948034043
41.25,26.947496746844855,0.6616742056291258
41.26,26.954113476011898,0.6616729167042479
41.27,26.960730192292488,0.6616716280589685
41.28,26.967346895689303,0.6616703396815637
41.29,26.973963586204583,0.66166905152798
41.3,26.980580263841524,0.6616677636941404
41.31,26.987196928602096,0.6616664760571211
41.32,26.99381358048636,0.6616651884264968
41.33,27.00043021949724,0.6616639010879055
41.34,27.00704684563904,0.6616626141799031
41.35,27.013663458916447,0.661661327740859
41.36,27.0202800593316,0.6616600415153329
41.37,27.026896646886772,0.6616587555171805
41.38,27.03351322158418,0.6616574697407174
41.39,27.04012978342668,0.6616561842498925
41.4,27.046746332415754,0.661654898907571
41.41,27.053362868554164,0.6616536138409401
41.42,27.059979391844436,0.6616523290272625
41.43,27.066595902289663,0.6616510445226709
41.44,27.07321239989046,0.6616497600795412
41.45,27.079828884647927,0.661648475746901
41.46,27.086445356564226,0.6616471916299105
41.47,27.093061815640468,0.6616459076241199
41.48,27.09967826188017,0.6616446239704032
41.49,27.106294695285946,0.6616433405774558
41.5,27.112911115860516,0.6616420574570014
41.51,27.119527523606216,0.6616407745699604
41.52,27.126143918525628,0.6616394919412016
41.53,27.13276030062118,0.6616382095550932
41.54,27.139376669896464,0.6616369275285194
41.55,27.145993026352613,0.6616356456149219
41.56,27.152609369991367,0.6616343638754074
41.57,27.159225700814943,0.6616330823575822
41.58,27.165842018824158,0.6616318009214694
41.59,27.172458324020326,0.6616305196168071
41.6,27.17907461640456,0.6616292384233446
41.61,27.18569089597956,0.6616279574998885
41.62,27.192307162745042,0.6616266765483658
41.63,27.198923416703693,0.6616253958650731
41.64,27.20553965785689,0.6616241153196256
41.65,27.212155886208087,0.6616228351198572
41.66,27.218772101759367,0.6616215551279225
41.67,27.225388304511164,0.6616202751796862
41.68,27.232004494465826,0.6616189954662843
41.69,27.238620671625412,0.6616177159585845
41.7,27.245236835991754,0.6616164366342048
41.71,27.251852987566878,0.6616151575123297
41.72,27.258469126355,0.6616138788121617
41.73,27.265085252357416,0.6616126002416678
41.74,27.27170136557787,0.6616113220452746
41.75,27.278317466017974,0.6616100440105299
41.76,27.2849335536805,0.6616087662525416
41.77,27.29154962856763,0.6616074887130452
41.78,27.298165690683632,0.6616062116002297
41.79,27.304781740030712,0.6616049347080377
41.8,27.311397776610633,0.6616036579920603
41.81,27.3180138004265,0.6616023815865901
41.82,27.32462981147993,0.6616011053431237
41.83,27.331245809774742,0.6615998294812186
41.84,27.33786179531176,0.6615985537017366
41.85,27.344477768094034,0.6615972782274326
41.86,27.351093728122443,0.6615960028408807
41.87,27.35770967540016,0.6615947277715861
41.88,27.364325609929523,0.6615934529364154
41.89,27.370941531715218,0.6615921785694923
41.9,27.377557440759823,0.6615909044604962
41.91,27.384173337066255,0.6615896306431779
41.92,27.390789220636904,0.6615883570649572
41.93,27.397405091475072,0.6615870838167837
41.94,27.404020949583433,0.6615858108361294
41.95,27.41063679496447,0.6615845381038099
41.96,27.41725262762054,0.6615832656070353
41.97,27.423868447552163,0.6615819931621303
41.98,27.43048425476324,0.6615807211076685
41.99,27.437100049256596,0.6615794493356475
42.0,27.443715831035256,0.6615781778659624
42.01,27.45033160010134,0.6615769066083743
42.02,27.456947356458535,0.6615756357195579
42.03,27.46356310010908,0.6615743650545625
42.04,27.470178831056707,0.661573094762602
42.05,27.476794549304493,0.6615718247786617
42.06,27.48341025485292,0.6615705548426831
42.07,27.490025947707792,0.6615692854872179
42.08,27.49664162787095,0.6615680163157833
42.09,27.503257295345445,0.6615667474495268
42.1,27.509872950132834,0.6615654787388792
42.11,27.516488592235877,0.6615642103042774
42.12,27.52310422165492,0.6615629419041369
42.13,27.52971983839304,0.6615616738120167
42.14,27.53633544245246,0.6615604059422964
42.15,27.542951033834314,0.6615591381851971
42.16,27.54956661254124,0.6615578706927749
42.17,27.55618217857407,0.6615566032827758
42.18,27.562797731934833,0.6615553360763471
42.19,27.569413272626623,0.6615540691790045
42.2,27.57602880065229,0.6615528025665895
42.21,27.58264431600985,0.6615515357562884
42.22,27.58925981870252,0.6615502692667974
42.23,27.595875308731543,0.6615490029023618
42.24,27.602490786099374,0.6615477367830636
42.25,27.60910625081006,0.6615464710687746
42.26,27.615721702866285,0.6615452056223603
42.27,27.622337142269537,0.66154394032516
42.28,27.62895256902244,0.6615426752905051
42.29,27.635567983127892,0.6615414105450412
42.3,27.642183384586122,0.6615401458230252
42.31,27.648798773402707,0.66153888165843
42.32,27.655414149579045,0.6615376176338117
42.33,27.662029513117446,0.6615363538401198
42.34,27.668644864018653,0.6615350901206796
42.35,27.67526020228381,0.6615338265156367
42.36,27.68187552791463,0.66153256308219
42.37,27.688490840915087,0.6615313000455814
42.38,27.69510614128702,0.6615300371933586
42.39,27.701721429032705,0.6615287745685094
42.4,27.708336704153012,0.6615275120307018
42.41,27.714951966650283,0.661526249727018
42.42,27.721567216526445,0.6615249876162466
42.43,27.728182453783823,0.6615237257378226
42.44,27.734797678423963,0.6615224640139417
42.45,27.741412890449247,0.6615212025284478
42.46,27.74802808986194,0.6615199412692618
42.47,27.754643276661774,0.6615186799834305
42.48,27.761258450850363,0.6615174188588924
42.49,27.76787361242946,0.6615161579098583
42.5,27.77448876140053,0.6615148971068407
42.51,27.781103897768695,0.6615136368164798
42.52,27.78771902153624,0.6615123767545583
42.53,27.794334132705746,0.6615111169505639
42.54,27.80094923127974,0.6615098573995226
42.55,27.807564317261782,0.661508598204108
42.56,27.814179390654093,0.6615073392310933
42.57,27.820794451459886,0.6615060805792439
42.58,27.827409499681597,0.6615048221711106
42.59,27.834024535321788,0.661503564019128
42.6,27.84063955838425,0.66150230624622
42.61,27.847254568871588,0.6615010487337258
42.62,27.853869566786315,0.6614997914727638
42.63,27.860484552130323,0.6614985344008062
42.64,27.86709952490464,0.661497277431522
42.65,27.87371448511169,0.6614960207052434
42.66,27.88032943275408,0.6614947642390234
42.67,27.88694436783306,0.661493507897859
42.68,27.89355929035251,0.6614922519450062
42.69,27.900174200314364,0.661490996185421
42.7,27.90678909772066,0.6614897406297615
42.71,27.913403982574003,0.6614884853341607
42.72,27.920018854874783,0.661487230077995
42.73,27.926633714624273,0.6614859749490165
42.74,27.933248561825984,0.6614847201710461
42.75,27.939863396482224,0.6614834656240021
42.76,27.946478218595708,0.6614822113483854
42.77,27.953093028171423,0.6614809575715697
42.78,27.959707825211062,0.6614797039638631
42.79,27.96632260971943,0.6614784508368388
42.8,27.972937381698912,0.6614771979482015
42.81,27.979552141152322,0.6614759453409391
42.82,27.98616688808275,0.6614746930427629
42.83,27.992781622492885,0.661473441013527
42.84,27.999396344384152,0.661472189126755
42.85,28.00601105375893,0.6614709374776595
42.86,28.012625750619193,0.6614696860264502
42.87,28.019240434966747,0.6614684347553634
42.88,28.025855106804602,0.6614671837855468
42.89,28.032469766133318,0.6614659328715078
42.9,28.039084412954516,0.6614646821198278
42.91,28.045699047264108,0.6614634309592304
42.92,28.05231366906323,0.6614621799123199
42.93,28.05892827835356,0.6614609290327422
42.94,28.065542875139087,0.6614596785528448
42.95,28.07215745942322,0.6614584284132974
42.96,28.07877203120896,0.6614571785739543
42.97,28.085386590497563,0.6614559288603772
42.98,28.092001137289046,0.6614546791482212
42.99,28.098615671586415,0.6614534297369801
43.0,28.105230193392444,0.6614521806028506
43.01,28.111844702710687,0.6614509318243478
43.02,28.118459199542425,0.6614496831737426
43.03,28.125073683891134,0.6614484348709482
43.04,28.13168815575907,0.6614471867933958
43.05,28.138302615149293,0.6614459390224425
43.06,28.14491706206365,0.6614446914358751
43.07,28.151531496504884,0.661443444123222
43.08,28.158145918476478,0.6614421971594453
43.09,28.164760327980936,0.6614409504457797
43.1,28.171374725021273,0.6614397040337394
43.11,28.17798910960015,0.6614384578877974
43.12,28.18460348172126,0.6614372121109824
43.13,28.191217841386656,0.6614359665395142
43.14,28.197832188598504,0.6614347211847615
43.15,28.20444652335794,0.6614334759436957
43.16,28.21106084566932,0.6614322311378373
43.17,28.217675155535,0.6614309865682344
43.18,28.224289452956693,0.6614297421691617
43.19,28.23090373793564,0.6614284978947893
43.2,28.237518010473238,0.6614272537596833
43.21,28.24413227057137,0.6614260098132263
43.22,28.250746518230294,0.6614247658923489
43.23,28.257360753452325,0.6614235222031084
43.24,28.263974976239314,0.6614222786989643
43.25,28.270589186594478,0.6614210355163408
43.26,28.277203384519648,0.6614197925170373
43.27,28.283817570017682,0.661418549803372
43.28,28.290431743091695,0.6614173074012797
43.29,28.29704590374472,0.6614160653025891
43.3,28.303660051979172,0.6614148234451278
43.31,28.310274187797813,0.6614135818640676
43.32,28.316888311203115,0.6614123405302763
43.33,28.323502422197357,0.6614110994242139
43.34,28.330116520782738,0.6614098585380646
43.35,28.336730606959982,0.6614086177243905
43.36,28.343344680731335,0.661407377135248
43.37,28.3499587420981,0.6614061366764901
43.38,28.356572791061694,0.6614048963594854
43.39,28.363186827624386,0.6614036562691439
43.4,28.369800851788657,0.661402416427137
43.41,28.376414863555155,0.6614011766497896
43.42,28.38302886292618,0.661399937102658
43.43,28.38964284990332,0.6613986977139774
43.44,28.39625682448783,0.6613974584507076
43.45,28.40287078668308,0.6613962195253009
43.46,28.409484736491926,0.6613949808844666
43.47,28.416098673916213,0.6613937424287286
43.48,28.422712598956885,0.6613925040671376
43.49,28.42932651161634,0.6613912659453547
43.5,28.43594041189767,0.6613900281330132
43.51,28.442554299803696,0.6613887906027571
43.52,28.449168175335807,0.6613875532110569
43.53,28.455782038495258,0.6613863159451228
43.54,28.46239588928266,0.6613850787402953
43.55,28.469009727700048,0.661383841738683
43.56,28.475623553749863,0.6613826049814975
43.57,28.482237367434408,0.6613813684545278
43.58,28.488851168756085,0.6613801321677215
43.59,28.495464957716223,0.6613788960137867
43.6,28.502078734317273,0.6613776601049892
43.61,28.50869249856123,0.6613764243958542
43.62,28.51530625044981,0.66137518885796
43.63,28.521919989986216,0.6613739536405205
43.64,28.52853371717358,0.6613727187364304
43.65,28.535147432014245,0.6613714840664642
43.66,28.541761134511386,0.6613702497141105
43.67,28.548374824667132,0.6613690155745644
43.68,28.554988502482416,0.6613677815284547
43.69,28.561602167959887,0.6613665477470221
43.7,28.56821582109847,0.6613653138582976
43.71,28.57482946190067,0.6613640802200393
43.72,28.581443090367987,0.6613628467317056
43.73,28.588056706503995,0.661361613600775
43.74,28.594670310310466,0.6613603806471247
43.75,28.60128390179029,0.66135914798231
43.76,28.60789748094387,0.6613579153579963
43.77,28.614511047774318,0.6613566830449003
43.78,28.62112460228505,0.66135545107322
43.79,28.627738144479153,0.6613542194102706
43.8,28.634351674360143,0.6613529880990399
43.81,28.64096519193121,0.6613517571064875
43.82,28.647578697195012,0.6613505263803887
43.83,28.654192190154006,0.6613492958994271
43.84,28.660805670811268,0.6613480657261306
43.85,28.66741913916734,0.6613468356071905
43.86,28.67403259522517,0.6613456057831257
43.87,28.680646038986733,0.6613443761562365
43.88,28.687259470453434,0.6613431466700348
43.89,28.693872889627436,0.6613419174001933
43.9,28.700486296510377,0.661340688294132
43.91,28.707099691104652,0.6613394594275235
43.92,28.713713073413118,0.6613382308465532
43.93,28.72032644343701,0.6613370023892173
43.94,28.72693980117509,0.6613357738078918
43.95,28.7335531466317,0.6613345456610631
43.96,28.740166479810128,0.6613333178428604
43.97,28.746779800713714,0.6613320903586128
43.98,28.753393109344486,0.6613308630772252
43.99,28.76000640570593,0.6613296361443588
44.0,28.76661968980001,0.6613284094079575
44.01,28.77323296162921,0.6613271829198908
44.02,28.779846221195204,0.6613259565995122
44.03,28.786459468499675,0.661324730447177
44.04,28.79307270354358,0.6613235043904098
44.05,28.799685926329488,0.661322278590859
44.06,28.806299136859973,0.6613210530485247
44.07,28.812912335137423,0.6613198277449328
44.08,28.819525521164163,0.6613186026740436
44.09,28.826138694941235,0.661317377707249
44.1,28.832751856471184,0.6613161529948286
44.11,28.83936500575534,0.661314928415635
44.12,28.845978142796827,0.6613137041487249
44.13,28.852591267597674,0.6613124800846748
44.14,28.85920438016058,0.6613112562906309
44.15,28.865817480488367,0.6613100327786725
44.16,28.872430568582487,0.6613088094120201
44.17,28.879043644442085,0.6613075859597473
44.18,28.88565670806851,0.6613063626424776
44.19,28.892269759465034,0.6613051396524128
44.2,28.898882798632265,0.6613039167230994
44.21,28.905495825573006,0.6613026940740951
44.22,28.912108840288184,0.6613014715178167
44.23,28.918721842780414,0.661300249223018
44.24,28.92533483305105,0.6612990270635777
44.25,28.93194781110314,0.6612978052089602
44.26,28.938560776938097,0.6612965834957407
44.27,28.94517373055837,0.6612953620273032
44.28,28.95178667196688,0.6612941408508988
44.29,28.958399601165766,0.661292919888723
44.3,28.965012518158765,0.6612916992999374
44.31,28.971625422945564,0.6612904786798879
44.32,28.978238315531115,0.6612892585550867
44.33,28.984851195915557,0.6612880384441411
44.34,28.991464064101116,0.6612868185559506
44.35,28.99807692008833,0.6612855987214061
44.36,29.00468976387907,0.6612843790740897
44.37,29.011302595474724,0.661283159565329
44.38,29.01791541487739,0.6612819402665338
44.39,29.02452822208914,0.6612807211748617
44.4,29.031141017110222,0.6612795021084139
44.41,29.037753799943737,0.6612782833514075
44.42,29.044366570589027,0.6612770645290311
44.43,29.050979329048722,0.6612758459695556
44.44,29.057592075323853,0.6612746275131087
44.45,29.06420480941909,0.6612734095234885
44.46,29.070817531337916,0.6612721918827447
44.47,29.077430241084055,0.66127097461397
44.48,29.08404293865969,0.661269757563332
44.49,29.090655624068376,0.6612685408686758
44.5,29.097268297313605,0.6612673245228962
44.51,29.103880958396818,0.6612661083213567
44.52,29.11049360731913,0.6612648922310171
44.53,29.117106244082237,0.6612636763108526
44.54,29.123718868687973,0.6612624605736528
44.55,29.130331481137553,0.6612612449579558
44.56,29.136944081432446,0.6612600294893412
44.57,29.14355666957327,0.6612588140825437
44.58,29.15016924556199,0.6612575988718561
44.59,29.156781809400925,0.6612563838935159
44.6,29.163394361092347,0.6612551691421942
44.61,29.17000690064023,0.6612539547884211
44.62,29.176619428047758,0.6612527407526159
44.63,29.183231943315825,0.6612515268066943
44.64,29.189844446446145,0.6612503130320135
44.65,29.19645693744201,0.6612490995866693
44.66,29.203069416304345,0.6612478862333404
44.67,29.209681883036275,0.6612466731930056
44.68,29.216294337638722,0.661245460244686
44.69,29.22290678011455,0.6612442475827152
44.7,29.229519210465714,0.6612430351164988
44.71,29.236131628693535,0.6612418227820882
44.72,29.24274403480051,0.6612406106974333
44.73,29.249356428789785,0.6612393989275489
44.74,29.255968810663834,0.6612381874049333
44.75,29.26258118042447,0.6612369760635062
44.76,29.26919353807431,0.661235764983914
44.77,29.2758058836165,0.6612345542190923
44.78,29.28241821705448,0.6612333437981732
44.79,29.289030538389184,0.6612321334703353
44.8,29.295642847623206,0.6612309234022007
44.81,29.302255144756266,0.6612297133059997
44.82,29.308867429791007,0.6612285034741205
44.83,29.315479702729128,0.6612272938120611
44.84,29.322091963569715,0.661226084058697
44.85,29.328704212309447,0.6612248739731541
44.86,29.335316448949552,0.6612236640105351
44.87,29.34192867349321,0.661222454365884
44.88,29.34854088594236,0.6612212449148558
44.89,29.35515308629929,0.6612200356929776
44.9,29.361765274565315,0.6612188266025498
44.91,29.368377450744582,0.6612176179267237
44.92,29.37498961483985,0.6612164095269435
44.93,29.381601766856285,0.6612152016433726
44.94,29.388213906795997,0.6612139939711881
44.95,29.394826034663296,0.6612127867299478
44.96,29.401438150460038,0.6612115796741591
44.97,29.408050254188502,0.6612103728464547
44.98,29.41466234584931,0.6612091660809227
44.99,29.4212744254444,0.6612079595086584
45.0,29.42788649297688,0.6612067532483223
45.01,29.43449854844676,0.6612055469879863
45.02,29.44111059185441,0.6612043407649537
45.03,29.44772262320164,0.6612031347227543
45.04,29.454334642490352,0.6612019288713356
45.05,29.460946649722402,0.6612007232050132
45.06,29.46755864490023,0.6611995177827623
45.07,29.474170628023487,0.6611983123256948
45.08,29.480782599096116,0.6611971072629785
45.09,29.487394558120986,0.6611959024869662
45.1,29.494006505100142,0.6611946979155903
45.11,29.500618440036263,0.6611934936120889
45.12,29.507230362932404,0.6611922896141209
45.13,29.51384227379173,0.6611910859326997
45.14,29.520454172616727,0.6611898824996132
45.15,29.527066059412427,0.6611886795699462
45.16,29.53367793418318,0.6611874770754866
45.17,29.540289796933873,0.6611862750691699
45.18,29.546901647668818,0.661185073494508
45.19,29.553513486387292,0.6611838718473706
45.2,29.56012531308765,0.6611826700357426
45.21,29.56673712777235,0.6611814684699624
45.22,29.573348930442766,0.6611802670416722
45.23,29.5799607211007,0.6611790657935046
45.24,29.586572499747707,0.6611778647005906
45.25,29.593184266386174,0.6611766638467742
45.26,29.599796021019642,0.6611754633468081
45.27,29.606407763648917,0.6611742629274886
45.28,29.61301949427591,0.6611730626993051
45.29,29.61963121290209,0.6611718626178487
45.3,29.62624291952921,0.6611706627122516
45.31,29.632854614159456,0.6611694630244358
45.32,29.639466296795224,0.6611682635767835
45.33,29.6460779674397,0.6611670644478096
45.34,29.65268962609455,0.6611658654847474
45.35,29.659301272761077,0.6611646666527804
45.36,29.665912907439285,0.6611634678208134
45.37,29.672524530131778,0.6611622692492602
45.38,29.679136140840324,0.6611610708546323
45.39,29.685747739567518,0.6611598727193524
45.4,29.692359326315895,0.6611586748377363
45.41,29.69897090108723,0.6611574771334006
45.42,29.705582463882006,0.661156279477737
45.43,29.712194014699513,0.661155081750664
45.44,29.718805553541145,0.6611538841632125
45.45,29.72541708040966,0.6611526868514517
45.46,29.73202859531031,0.6611514900651372
45.47,29.73864009824364,0.6611502933328239
45.48,29.745251589212817,0.661149096917768
45.49,29.75186306822011,0.6611479007293752
45.5,29.75847453526635,0.6611467046237607
45.51,29.7650859903517,0.6611455085351992
45.52,29.771697433477616,0.6611443125915883
45.53,29.77830886464458,0.6611431166962944
45.54,29.784920283854774,0.6611419210194924
45.55,29.791531691108425,0.6611407253650725
45.56,29.798143086406427,0.661139529800181
45.57,29.804754469750122,0.661138334369582
45.58,29.811365841140077,0.6611371389954712
45.59,29.817977200577776,0.6611359437698638
45.6,29.824588548066316,0.6611347488540531
45.61,29.831199883607344,0.661133554102733
45.62,29.837811207202304,0.6611323594960083
45.63,29.844422518851296,0.6611311648992313
45.64,29.85103381855225,0.661129970095331
45.65,29.85764510630974,0.6611287757490203
45.66,29.86425638212621,0.6611275816471363
45.67,29.870867646004765,0.6611263878554041
45.68,29.877478897949356,0.661125194459089
45.69,29.884090137964613,0.6611240015256925
45.7,29.89070136605161,0.661122808699588
45.71,29.897312582212493,0.6611216160884226
45.72,29.903923786450154,0.6611204237660928
45.73,29.91053497876638,0.6611192316224646
45.74,29.9171461591648,0.6611180398422789
45.75,29.923757327648303,0.6611168483502183
45.76,29.9303684842194,0.6611156571096899
45.77,29.93697962887849,0.6611144659089518
45.78,29.943590761629906,0.6611132751416449
45.79,29.95020188247826,0.6611120848354801
45.8,29.95681299142724,0.6611108948977318
45.81,29.963424088479933,0.6611097052694248
45.82,29.97003517363658,0.661108515664921
45.83,29.97664624689773,0.6611073261147737
45.84,29.983257308264637,0.6611061366907478
45.85,29.989868357739947,0.6611049475310438
45.86,29.99647939532284,0.661103758289272
45.87,30.003090421015628,0.661102569278782
45.88,30.009701434820325,0.6611013804697308
45.89,30.01631243673904,0.6611001918713555
45.9,30.0229234267727,0.6610990033660613
45.91,30.0295344049251,0.661097815240197
45.92,30.036145371200632,0.6610966275530927
45.93,30.042756325601424,0.6610954400791513
45.94,30.04936726812742,0.6610942525995256
45.95,30.055978198780696,0.6610930653277336
45.96,30.062589117563473,0.6610918782776309
45.97,30.06920002447717,0.6610906913696368
45.98,30.075810919524596,0.6610895047426624
45.99,30.08242180270834,0.6610883183743255
46.0,30.089032674031383,0.6610871323044165
46.01,30.095643533494343,0.6610859462959695
46.02,30.102254381098508,0.661084760416486
46.03,30.108865216844425,0.6610835745917143
46.04,30.11547604073469,0.661082389026646
46.05,30.122086852772068,0.6610812037376235
46.06,30.128697652955353,0.6610800183285193
46.07,30.135308441280124,0.6610788324771022
46.08,30.141919217749056,0.6610776468932045
46.09,30.148529982368295,0.6610764619239262
46.1,30.15514073514478,0.6610752776484929
46.11,30.161751476079473,0.6610740934693382
46.12,30.168362205174688,0.6610729095214651
46.13,30.174972922442524,0.6610717267836463
46.14,30.181583627887445,0.6610705444920484
46.15,30.18819432151117,0.6610693623724018
46.16,30.194805003313935,0.6610681802765583
46.17,30.201415673296527,0.6610669982592299
46.18,30.20802633145891,0.6610658162383487
46.19,30.21463697780179,0.6610646342878113
46.2,30.22124761232629,0.6610634524502501
46.21,30.227858235032954,0.6610622706663349
46.22,30.23446884592394,0.6610610890984248
46.23,30.24107944500033,0.6610599076392276
46.24,30.247690032261907,0.6610587261576484
46.25,30.25430060771003,0.6610575448121381
46.26,30.260911171345054,0.6610563635025102
46.27,30.26752172316754,0.6610551822486599
46.28,30.274132263182576,0.6610540015035582
46.29,30.280742791388285,0.6610528205708732
46.3,30.287353307785096,0.6610516396811761
46.31,30.293963812373672,0.6610504588575594
46.32,30.3005743051558,0.6610492782126443
46.33,30.30718478613394,0.6610480978142874
46.34,30.31379525530898,0.6610469175036826
46.35,30.320405712679083,0.6610457370104683
46.36,30.327016158249243,0.661044557016055
46.37,30.333626592023823,0.661043377457915
46.38,30.340237014003748,0.6610421979925007
46.39,30.34684742418966,0.6610410185913906
46.4,30.353457822583557,0.6610398393895878
46.41,30.360068209184675,0.6610386601117568
46.42,30.366678583993384,0.6610374808708741
46.43,30.373288947009325,0.661036301594109
46.44,30.37989929823443,0.6610351225106115
46.45,30.38650963767109,0.6610339436658563
46.46,30.393119965320242,0.6610327649152481
46.47,30.399730281181903,0.661031586166061
46.48,30.406340585257404,0.6610304075501006
46.49,30.412950877548827,0.6610292291423292
46.5,30.419561158056744,0.6610280507917565
46.51,30.426171426785785,0.6610268729041024
46.52,30.432781683738398,0.6610256952612303
46.53,30.43939192891676,0.6610245178361396
46.54,30.446002162323765,0.661023340700595
46.55,30.45261238396129,0.6610221637526337
46.56,30.45922259383368,0.661020987238814
46.57,30.465832791944667,0.6610198110987398
46.58,30.47244297829642,0.6610186351753811
46.59,30.479053152889644,0.6610174593223661
46.6,30.4856633157249,0.661016283525484
46.61,30.49227346680215,0.6610151077250492
46.62,30.49888360612311,0.6610139320958552
46.63,30.505493733690084,0.6610127566975876
46.64,30.51210384950503,0.6610115814947193
46.65,30.518713953569872,0.6610104064840527
46.66,30.52532404588967,0.6610092319796479
46.67,30.531934126467405,0.661008057773671
46.68,30.538544195306677,0.6610068839272287
46.69,30.545154252410672,0.6610057103994649
46.7,30.551764297783688,0.6610045373015794
46.71,30.55837433142846,0.6610033644772528
46.72,30.564984353348876,0.6610021920415932
46.73,30.571594363548137,0.661001019926033
46.74,30.578204362028117,0.6609998479980561
46.75,30.58481434879047,0.6609986762352804
46.76,30.591424323838794,0.6609975048323946
46.77,30.59803428717634,0.6609963337545821
46.78,30.604644238805434,0.6609951629094724
46.79,30.61125417872738,0.6609939921943919
46.8,30.61786410694635,0.6609928218971106
46.81,30.624474023464813,0.6609916518463876
46.82,30.631083928283914,0.660990481910062
46.83,30.63769382140604,0.6609893122124788
46.84,30.644303702835863,0.6609881429824327
46.85,30.650913572576222,0.6609869740358931
46.86,30.657523430630693,0.6609858054471118
46.87,30.66413327700239,0.6609846371695483
46.88,30.67074311169184,0.6609834689452754
46.89,30.67735293470109,0.6609823009249283
46.9,30.683962746029017,0.6609811327926707
46.91,30.690572545679366,0.6609799650348691
46.92,30.697182333654133,0.66097879747673
46.93,30.703792109953906,0.6609776299772108
46.94,30.71040187457623,0.6609764622325542
46.95,30.71701162752386,0.6609752947628778
46.96,30.723621368798007,0.6609741274147041
46.97,30.7302310984034,0.6609729605393966
46.98,30.736840816337153,0.6609717933752535
46.99,30.743450522603414,0.6609706266260673
47.0,30.750060217198612,0.6609694595198334
47.01,30.756669900124784,0.66096829261717
47.02,30.763279571382725,0.6609671257940875
47.03,30.76988923097247,0.6609659589745576
47.04,30.77649887889676,0.6609647924289419
47.05,30.783108515156222,0.6609636259462093
47.06,30.78971813975177,0.6609624595547814
47.07,30.796327752684558,0.6609612932788167
47.08,30.802937353955407,0.6609601270849197
47.09,30.80954694356441,0.6609589609002597
47.1,30.816156521511463,0.6609577947052969
47.11,30.822766087797508,0.660956628604481
47.12,30.829375642422818,0.660955462531021
47.13,30.835985185387983,0.660954296516536
47.14,30.842594716693878,0.6609531305894478
47.15,30.849204236342686,0.6609519648808515
47.16,30.85581374433612,0.660950799343496
47.17,30.86242324067485,0.6609496338729315
47.18,30.869032725361613,0.6609484686762812
47.19,30.875642198396704,0.6609473035091185
47.2,30.88225165978141,0.6609461384705639
47.21,30.888861109517286,0.6609449735876183
47.22,30.895470547606386,0.6609438089100195
47.23,30.902079974050444,0.6609426444057931
47.24,30.90868938885208,0.6609414801634017
47.25,30.9152987920126,0.6609403160521055
47.26,30.92190818353319,0.6609391520591146
47.27,30.928517563416477,0.6609379883286692
47.28,30.93512693166459,0.6609368248113867
47.29,30.941736288281767,0.6609356617175877
47.3,30.94834563326841,0.6609344986642895
47.31,30.954954966623074,0.660933335466396
47.32,30.96156428834704,0.6609321723967554
47.33,30.968173598444032,0.6609310096990839
47.34,30.974782896919066,0.6609298475034109
47.35,30.98139218377962,0.6609286860552288
47.36,30.988001459027256,0.6609275247637214
47.37,30.99461072266441,0.6609263637155749
47.38,31.00121997469457,0.6609252030159496
47.39,31.007829215120598,0.660924042602673
47.4,31.014438443946503,0.6609228825904978
47.41,31.02104766117554,0.6609217229037512
47.42,31.027656866808826,0.6609205633285598
47.43,31.034266060848985,0.6609194040159139
47.44,31.04087524329824,0.6609182449256679
47.45,31.04748441415788,0.6609170859636748
47.46,31.05409357343013,0.6609159272251475
47.47,31.06070272111755,0.6609147687420602
47.48,31.067311857221842,0.660913610429148
47.49,31.0739209817463,0.6609124524459276
47.5,31.080530094692797,0.6609112946495799
47.51,31.087139196065454,0.6609101372657022
47.52,31.09374828586673,0.6609089801276724
47.53,31.10035736409923,0.6609078232500565
47.54,31.106966430765773,0.6609066666541707
47.55,31.113575485868164,0.6609055102391181
47.56,31.120184529408924,0.6609043540759529
47.57,31.126793561389448,0.6609031980524094
47.58,31.133402581811023,0.6609020421574741
47.59,31.140011590676025,0.6609008865002153
47.6,31.146620587986593,0.6608997310568299
47.61,31.153229573744348,0.6608985757754482
47.62,31.1598385479509,0.6608974206553597
47.63,31.166447510608695,0.6608962657793427
47.64,31.17305646171947,0.6608951110774086
47.65,31.179665401284655,0.6608939565186489
47.66,31.186274329304794,0.6608928020138904
47.67,31.192883245781342,0.6608916476547932
47.68,31.199492150715095,0.6608904933752768
47.69,31.206101044107694,0.6608893392598958
47.7,31.212709925960752,0.660888185305808
47.71,31.219318796274372,0.660887031362023
47.72,31.225927655049635,0.6608858775262405
47.73,31.232536502287445,0.6608847237810522
47.74,31.23914533798866,0.6608835701214844
47.75,31.245754162154462,0.6608824165802218
47.76,31.25236297478694,0.6608812632478589
47.77,31.258971775886447,0.6608801099506678
47.78,31.26558056545403,0.6608789567582818
47.79,31.27218934349176,0.660877803773019
47.8,31.278798110000693,0.6608766508932717
47.81,31.28540686498061,0.660875497991853
47.82,31.292015608434603,0.660874345399165
47.83,31.298624340366995,0.6608731932391976
47.84,31.305233060778164,0.6608720411168889
47.85,31.311841769670163,0.6608708891999271
47.86,31.318450467043682,0.6608697373518879
47.87,31.325059152898028,0.6608685854345708
47.88,31.331667827235357,0.6608674337329035
47.89,31.338276490056902,0.6608662821545153
47.9,31.34488514136335,0.6608651306446944
47.91,31.351493781155646,0.6608639792297311
47.92,31.35810240943333,0.6608628277682271
47.93,31.36471102619817,0.6608616764840036
47.94,31.371319631451268,0.6608605253099142
47.95,31.37792822519588,0.6608593744612534
47.96,31.38453680743334,0.6608582237458194
47.97,31.39114537816456,0.6608570731220453
47.98,31.397753937391542,0.6608559226982891
47.99,31.404362485113356,0.6608547721814517
48.0,31.410971021332173,0.6608536218816852
48.01,31.417579546049055,0.6608524716881448
48.02,31.424188059268985,0.6608513219930501
48.03,31.430796560992516,0.6608501723530225
48.04,31.437405051221067,0.6608490228551034
48.05,31.44401352995738,0.6608478736314538
48.06,31.45062199720541,0.660846724802866
48.07,31.45723045296766,0.6608455762250998
48.08,31.46383889724522,0.6608444277560466
48.09,31.47044733004002,0.6608432794799057
48.1,31.477055751353937,0.6608421313917034
48.11,31.48366416118941,0.6608409835472173
48.12,31.49027255954814,0.6608398358729062
48.13,31.49688094643293,0.6608386884792594
48.14,31.503489321847283,0.6608375414351997
48.15,31.51009768579381,0.6608363946526197
48.16,31.516706038273213,0.6608352479403834
48.17,31.523314379287616,0.6608341014402441
48.18,31.529922708838775,0.6608329551159642
48.19,31.53653102692943,0.6608318090655985
48.2,31.54313933356146,0.660830663202816
48.21,31.549747628736423,0.660829517496353
48.22,31.556355912456574,0.660828372015132
48.23,31.562964184725075,0.6608272268501025
48.24,31.569572445544615,0.6608260819540135
48.25,31.57618069491936,0.6608249374743025
48.26,31.582788932850832,0.6608237931473582
48.27,31.589397159340635,0.660822648980286
48.28,31.596005374394526,0.6608215053891087
48.29,31.60261357801563,0.6608203621105702
48.3,31.60922177020964,0.6608192194008211
48.31,31.615829950978586,0.6608180768946426
48.32,31.622438120324027,0.6608169345440729
48.33,31.629046278248993,0.6608157924965496
48.34,31.635654424756158,0.6608146507165458
48.35,31.642262559849947,0.6608135093788547
48.36,31.648870683533797,0.6608123683850664
48.37,31.65547879580359,0.6608112269791633
48.38,31.662086896663055,0.6608100859466504
48.39,31.66869498611213,0.6608089449073873
48.4,31.675303064151343,0.6608078039214149
48.41,31.681911130780087,0.6608066628743359
48.42,31.68851918599774,0.6608055217654396
48.43,31.69512722980647,0.6608043808729036
48.44,31.7017352622061,0.6608032399629593
48.45,31.70834328320065,0.6608020994551822
48.46,31.71495129278982,0.6608009589168518
48.47,31.721559290975097,0.6607998185277353
48.48,31.728167277756654,0.6607986781556718
48.49,31.734775253135364,0.6607975378710051
48.5,31.741383217113352,0.6607963977987907
48.51,31.747991169691723,0.6607952578370657
48.52,31.75459911087172,0.6607941179996857
48.53,31.761207040655286,0.6607929783566391
48.54,31.767814959043314,0.6607918388027656
48.55,31.77442286603618,0.6607906992865509
48.56,31.781030761634984,0.6607895598804703
48.57,31.78763864584009,0.6607884205106274
48.58,31.79424651865196,0.6607872811869697
48.59,31.800854380070334,0.6607861418373773
48.6,31.807462230097165,0.6607850026831841
48.61,31.814070068732867,0.6607838635702024
48.62,31.820677895977553,0.6607827244685893
48.63,31.827285711831973,0.6607815854419385
48.64,31.833893516297515,0.6607804465541989
48.65,31.840501309372932,0.660779307541759
48.66,31.847109091055806,0.6607781682873792
48.67,31.8537168613469,0.6607770291093829
48.68,31.860324620246374,0.6607758899473737
48.69,31.866932367758793,0.6607747512418882
48.7,31.8735401038876,0.6607736128806607
48.71,31.880147828634367,0.6607724746768184
48.72,31.88675554200278,0.6607713368413926
48.73,31.893363243996266,0.6607701993484483
48.74,31.899970934617702,0.6607690621436291
48.75,31.90657861387022,0.660767925251804
48.76,31.913186281760627,0.6607667890406788
48.77,31.9197939382912,0.6607656530572825
48.78,31.92640158346346,0.6607645172259424
48.79,31.933009217280464,0.660763381700491
48.8,31.93961683974301,0.6607622462546203
48.81,31.94622445085466,0.6607611111650868
48.82,31.952832050615218,0.6607599760556582
48.83,31.959439639026122,0.6607588410904697
48.84,31.966047216088477,0.6607577062354153
48.85,31.972654781801868,0.6607565713391494
48.86,31.979262336169228,0.6607554367359825
48.87,31.985869879192105,0.6607543022877138
48.88,31.99247741087271,0.660753168060424
48.89,31.999084931214195,0.660752034148615
48.9,32.00569244021888,0.6607509004684431
48.91,32.01229993789212,0.6607497673236651
48.92,32.018907424237156,0.6607486345039604
48.93,32.02551489925638,0.6607475019222875
48.94,32.03212236295252,0.6607463696141735
48.95,32.03872981533122,0.6607452378702305
48.96,32.04533725639361,0.6607441062385533
48.97,32.05194468614171,0.6607429748100913
48.98,32.05855210457707,0.660741843535817
48.99,32.06515951170441,0.6607407127340537
49.0,32.07176690752694,0.6607395822534556
49.01,32.078374292045716,0.6607384518773074
49.02,32.08498166526114,0.6607373215423706
49.03,32.09158902717559,0.6607361914447551
49.04,32.09819637778456,0.6607350608973661
49.05,32.1048037170806,0.6607339296039072
49.06,32.1114110450639,0.6607327983303435
49.07,32.11801836173754,0.6607316673637342
49.08,32.1246256671031,0.6607305365562866
49.09,32.13123296116188,0.6607294058774471
49.1,32.13784024391555,0.6607282753670063
49.11,32.14444751536539,0.6607271449844632
49.12,32.15105477551392,0.6607260148527416
49.13,32.15766202436485,0.6607248850933445
49.14,32.16426926191923,0.6607237554376866
49.15,32.170876488179225,0.6607226259994547
49.16,32.17748370314874,0.6607214969513109
49.17,32.18409090683157,0.6607203682833074
49.18,32.190698099231234,0.660719239966312
49.19,32.19730528034936,0.6607181118127414
49.2,32.203912450188,0.6607169838638072
49.21,32.210519608751646,0.6607158563646465
49.22,32.21712675604438,0.6607147292733373
49.23,32.22373389206982,0.6607136025444049
49.24,32.23034101682934,0.6607124759518967
49.25,32.236948130323086,0.66071134937431
49.26,32.243555232552666,0.6607102229580164
49.27,32.25016232351931,0.6607090966646467
49.28,32.25676940322466,0.6607079705347019
49.29,32.26337647167014,0.6607068445482867
49.3,32.26998352885283,0.6607057182691278
49.31,32.276590574770665,0.6607045917832011
49.32,32.28319760942433,0.660703465366197
49.33,32.2898046328138,0.6607023389470612
49.34,32.29641164494365,0.660701212985515
49.35,32.30301864581763,0.6607000873977142
49.36,32.30962563544019,0.6606989622561343
49.37,32.316232613812225,0.6606978372033723
49.38,32.322839580936666,0.6606967124440644
49.39,32.32944653681662,0.6606955879952636
49.4,32.336053481453874,0.6606944637255197
49.41,32.34266041485026,0.6606933396383852
49.42,32.34926733700805,0.6606922157793349
49.43,32.35587424792917,0.6606910921121312
49.44,32.362481147614226,0.6606899685053236
49.45,32.36908803606313,0.6606888448907
49.46,32.37569491327615,0.660687721301656
49.47,32.382301779253375,0.6606865977225596
49.48,32.38890863399441,0.6606854741036727
49.49,32.395515477499174,0.6606843504762594
49.5,32.402122309769005,0.6606832269831386
49.51,32.408729130804026,0.6606821035020971
49.52,32.41533594060246,0.6606809798434199
49.53,32.421942739168365,0.6606798565904626
49.54,32.4285495265046,0.6606787336231434
49.55,32.43515630261143,0.6606776106835355
49.56,32.4417630674908,0.6606764879364846
49.57,32.448369821145,0.6606753654203601
49.58,32.45497656357464,0.6606742429639212
49.59,32.46158329478015,0.6606731205508254
49.6,32.46819001476549,0.6606719985342124
49.61,32.47479672353146,0.6606708765971803
49.62,32.481403421084536,0.6606697553074525
49.63,32.48801010742465,0.6606686340113299
49.64,32.4946167825553,0.6606675130647943
49.65,32.50122344647802,0.6606663922724465
49.66,32.50783009919659,0.6606652718566863
49.67,32.51443674071456,0.6606641517969081
49.68,32.52104337103489,0.6606630320334261
49.69,32.52764999015856,0.660661912366578
49.7,32.53425659808594,0.6606607927380992
49.71,32.540863194817746,0.6606596731806746
49.72,32.5474697803553,0.660658553755411
49.73,32.55407635469971,0.6606574344409921
49.74,32.56068291785454,0.6606563154832656
49.75,32.56728946981931,0.6606551964765117
49.76,32.573896010594574,0.6606540775266012
49.77,32.580502540183,0.6606529588424337
49.78,32.587109058585696,0.6606518402698214
49.79,32.59371556580546,0.6606507219764524
49.8,32.600322061844615,0.6606496039154308
49.81,32.606928546704026,0.6606484859410955
49.82,32.61353502038811,0.6606473684087177
49.83,32.620141482899456,0.660646251134267
49.84,32.62674793424044,0.6606451340985586
49.85,32.63335437441476,0.6606440174316219
49.86,32.63996080342383,0.6606429009075043
49.87,32.64656722127047,0.6606417846640511
49.88,32.653173627954885,0.6606406684412036
49.89,32.65978002347747,0.6606395522581465
49.9,32.666386407839695,0.6606384362228823
49.91,32.67299278104396,0.6606373204263605
49.92,32.67959914309142,0.6606362047463676
49.93,32.68620549397762,0.6606350886194434
49.94,32.69281183370511,0.6606339727490251
49.95,32.69941816226836,0.660632856325094
49.96,32.70602447967171,0.6606317403353046
49.97,32.71263078591893,0.6606306247221028
49.98,32.719237081012,0.6606295093064318
49.99,32.72584336495249,0.6606283940492119
50.0,32.73244963774291,0.660627279042103
50.01,32.73905589938525,0.6606261642339462
50.02,32.745662149880054,0.660625049480501
50.03,32.752268389232334,0.6606239352279886
50.04,32.7588746174431,0.6606228210763732
50.05,32.76548083451516,0.6606217072061327
50.06,32.772087040449875,0.6606205934716058
50.07,32.77869323524838,0.6606194798507659
50.08,32.785299418912324,0.6606183663940612
50.09,32.79190559144328,0.6606172530958077
50.1,32.79851175284626,0.6606161402977762
50.11,32.80511790312511,0.6606150278848588
50.12,32.811724042278826,0.660613915371755
50.13,32.818330170307185,0.6606128028359137
50.14,32.824936287211834,0.6606116904649184
50.15,32.83154239299417,0.6606105782339
50.16,32.83814848765491,0.6606094660739359
50.17,32.84475457119496,0.6606083540049212
50.18,32.85136064361539,0.6606072420431985
50.19,32.857966704917075,0.660606130168162
50.2,32.864572755103296,0.6606050186221069
50.21,32.87117879417583,0.6606039072536873
50.22,32.87778482213533,0.6606027959499272
50.23,32.88439083898449,0.6606016849154628
50.24,32.89099684472725,0.6606005742760601
50.25,32.89760283936626,0.6605994639009793
50.26,32.904208822904316,0.6605983538058524
50.27,32.91081479534413,0.6605972439814423
50.28,32.91742075668883,0.6605961344696709
50.29,32.9240267069385,0.6605950249671366
50.3,32.93063264609314,0.6605939154638918
50.31,32.93723857415818,0.6605928065042121
50.32,32.94384449113248,0.6605916974301351
50.33,32.950450397017036,0.6605905884555341
50.34,32.957056291813196,0.6605894796159362
50.35,32.96366217552208,0.660588370888604
50.36,32.97026804814587,0.6605872623786979
50.37,32.97687390968434,0.6605861538474755
50.38,32.98347976013851,0.6605850454164397
50.39,32.99008559950923,0.6605839370720901
50.4,32.996691427796954,0.6605828287725046
50.41,33.003297245003445,0.6605817206491338
50.42,33.00990305112939,0.6605806125946856
50.43,33.01650884617668,0.6605795047285312
50.44,33.02311463014618,0.6605783969504841
50.45,33.02972040303984,0.6605772893657047
50.46,33.03632616485993,0.6605761820090095
50.47,33.04293191561045,0.6605750750523498
50.48,33.04953765529153,0.6605739681077694
50.49,33.056143383905784,0.6605728614253792
50.5,33.06274910145488,0.660571754909256
50.51,33.069354807941494,0.660570648661718
50.52,33.075960503366886,0.6605695425392355
50.53,33.082566187733626,0.6605684366739695
50.54,33.08917186104429,0.6605673310666305
50.55,33.095777523298,0.6605662253704736
50.56,33.10238317449462,0.6605651196622375
50.57,33.10898881463539,0.6605640140769253
50.58,33.115594443722,0.6605629086614329
50.59,33.12220006175531,0.660561803330495
50.6,33.12880566873683,0.6605606981523238
50.61,33.13541126466886,0.6605595932029473
50.62,33.142016849555034,0.6605584886173688
50.63,33.14862242339722,0.660557384218663
50.64,33.15522798619784,0.6605562800622522
50.65,33.16183353795797,0.6605551760124229
50.66,33.16843907868169,0.6605540723725767
50.67,33.175044608370584,0.6605529688890499
50.68,33.18165012702576,0.6605518655177889
50.69,33.18825563464975,0.6605507623987705
50.7,33.19486113124553,0.6605496595781801
50.71,33.20146661681511,0.6605485569579628
50.72,33.20807209135993,0.6605474544819856
50.73,33.2146775548817,0.6605463521772492
50.74,33.22128300738094,0.6605452499236719
50.75,33.227888448858295,0.6605441477354645
50.76,33.23449387931471,0.6605430456417594
50.77,33.24109929875058,0.6605419435864235
50.78,33.24770470716764,0.6605408417065917
50.79,33.25431010456688,0.6605397399241042
50.8,33.260915490948996,0.6605386382112499
50.81,33.26752086631595,0.660537536695216
50.82,33.274126230669275,0.6605364353326593
50.83,33.28073158401001,0.6605353340738418
50.84,33.28733692633927,0.660534232925869
50.85,33.29394225765838,0.6605331319107677
50.86,33.3005475779686,0.660532031022143
50.87,33.307152887271684,0.6605309303083118
50.88,33.313758185570116,0.6605298298431705
50.89,33.32036347286531,0.6605287295194273
50.9,33.32696874916152,0.6605276296212992
50.91,33.33357401445875,0.6605265297224605
50.92,33.340179268758725,0.6605254299977048
50.93,33.34678451206254,0.6605243303816621
50.94,33.35338974437272,0.6605232310178621
50.95,33.35999496569456,0.660522132184127
50.96,33.366600176029266,0.6605210334704736
50.97,33.37320537537923,0.6605199349962732
50.98,33.37981056374624,0.6605188367011294
50.99,33.38641574113125,0.6605177385011984
51.0,33.393020907535586,0.6605166404334284
51.01,33.39962606296077,0.660515542518425
51.02,33.40623120740848,0.6605144447711098
51.03,33.41283634087744,0.6605133468958968
51.04,33.419441463370276,0.6605122492835847
51.05,33.42604657488812,0.6605111517842488
51.06,33.43265167543139,0.660510054326835
51.07,33.43925676500135,0.6605089569966083
51.08,33.44586184360246,0.6605078601104708
51.09,33.45246691124129,0.6605067638830064
51.1,33.45907196792125,0.660505667995892
51.11,33.465677013643784,0.6605045722537284
51.12,33.47228204841059,0.6605034766806739
51.13,33.47888707222343,0.660502381283834
51.14,33.48549208508112,0.660501285769044
51.15,33.49209708697962,0.6605001898499552
51.16,33.49870207791996,0.6604990940338951
51.17,33.50530705790402,0.6604979984061288
51.18,33.511912026932194,0.6604969028174423
51.19,33.518516985005895,0.6604958073701539
51.2,33.52512193212726,0.6604947121367388
51.21,33.53172686829793,0.6604936170667486
51.22,33.53833179351819,0.6604925220258906
51.23,33.54493670778881,0.6604914270617712
51.24,33.55154161111096,0.6604903322156019
51.25,33.55814650348636,0.6604892375399629
51.26,33.5647513849152,0.6604881428835085
51.27,33.57135625539883,0.6604870483634784
51.28,33.57796111493701,0.6604859538178687
51.29,33.58456596353299,0.6604848595976875
51.3,33.591170801187616,0.6604837654627715
51.31,33.59777562790262,0.6604826715005174
51.32,33.6043804436802,0.660481577757821
51.33,33.61098524852189,0.6604804841693124
51.34,33.617590042429406,0.660479390751334
51.35,33.62419482540406,0.6604782974655166
51.36,33.63079959744864,0.6604772044582319
51.37,33.637404358563586,0.6604761114942903
51.38,33.64400910875154,0.6604750187953812
51.39,33.650613848016576,0.660473926503613
51.4,33.65721857636049,0.6604728343916122
51.41,33.663823293784546,0.6604717424053774
51.42,33.670428000291736,0.6604706507189917
51.43,33.67703269588292,0.6604695591185816
51.44,33.683637380558345,0.66046846754233
51.45,33.69024205431966,0.6604673761316349
51.46,33.69684671716832,0.6604662848658904
51.47,33.703451369106915,0.6604651938594941
51.48,33.710056010135816,0.660464102890046
51.49,33.7166606402605,0.6604630124684263
51.5,33.72326525948277,0.6604619222272845
51.51,33.72986986780263,0.6604608319854322
51.52,33.736474465222955,0.6604597420327707
51.53,33.74307905174716,0.6604586524204592
51.54,33.74968362737773,0.6604575630568377
51.55,33.75628819211677,0.6604564739042473
51.56,33.76289274596675,0.6604553849982153
51.57,33.769497288930104,0.6604542963351889
51.58,33.776101821007956,0.6604532077851388
51.59,33.78270634220272,0.6604521194766733
51.6,33.78931085251642,0.6604510313700018
51.61,33.79591535194833,0.660449943190855
51.62,33.80251984049999,0.660448855165896
51.63,33.809124318172664,0.6604477672674136
51.64,33.815728784967746,0.6604466795081976
51.65,33.822333240886195,0.6604455918449048
51.66,33.828937685929866,0.6604445043670637
51.67,33.835542120099156,0.660443416929013
51.68,33.84214654339396,0.6604423294803041
51.69,33.848750955814225,0.6604412420266215
51.7,33.85535535736353,0.6604401549303418
51.71,33.86195974804326,0.6604390679733285
51.72,33.868564127854924,0.6604379811662398
51.73,33.87516849679769,0.660436894276728
51.74,33.88177285487379,0.6604358076096162
51.75,33.888377202082395,0.6604347208607919
51.76,33.89498153842476,0.6604336342363126
51.77,33.901585863904245,0.6604325479486306
51.78,33.90819017852185,0.6604314617604246
51.79,33.91479448228072,0.6604303758869889
51.8,33.9213987751871,0.6604292906381204
51.81,33.92800305724481,0.6604282057708133
51.82,33.93460732845487,0.6604271210058243
51.83,33.941211588818156,0.6604260363289427
51.84,33.94781583833523,0.6604249517074834
51.85,33.9544200770081,0.6604238672871077
51.86,33.96102430483583,0.6604227827729403
51.87,33.967628521818014,0.660421698218272
51.88,33.97423272795542,0.6604206137403423
51.89,33.98083692324852,0.660419529310019
51.9,33.98744110770004,0.6604184451525441
51.91,33.99404528131186,0.6604173611819419
51.92,34.00064944408503,0.6604162773165001
51.93,34.00725359602136,0.6604151936329572
51.94,34.01385773712371,0.6604141102350525
51.95,34.02046186739525,0.6604130271540498
51.96,34.02706598683652,0.6604119441270484
51.97,34.033670095450354,0.6604108613835535
51.98,34.0402741932381,0.6604097787743513
51.99,34.046878280201014,0.6604086962916256
52.0,34.05348235634182,0.6604076140803272
52.01,34.060086421661914,0.6604065320097163
52.02,34.066690476161654,0.660405449973922
52.03,34.07329451984382,0.6604043682166605
52.04,34.079898552708286,0.6604032864466092
52.05,34.08650257475696,0.6604022048676939
52.06,34.09310658599159,0.6604011234628615
52.07,34.09971058641159,0.6604000419997647
52.08,34.10631457601761,0.6603989606020377
52.09,34.112918554808815,0.6603978791204668
52.1,34.11952252278517,0.6603967976353431
52.11,34.12612647994743,0.6603957162262475
52.12,34.13273042629776,0.6603946350331569
52.13,34.13933436183608,0.6603935538315397
52.14,34.145938286563876,0.6603924727798471
52.15,34.15254220048276,0.6603913918887372
52.16,34.159146103595425,0.6603903112662124
52.17,34.16574999590389,0.6603892308461923
52.18,34.172353877409265,0.6603881505377274
52.19,34.17895774811433,0.6603870705063741
52.2,34.18556160802262,0.6603859908288712
52.21,34.19216545713897,0.6603849116352478
52.22,34.198769295465375,0.6603838326405764
52.23,34.20537312300416,0.6603827538782525
52.24,34.211976939756596,0.6603816752438263
52.25,34.21858074572443,0.660380596783483
52.26,34.225184540908685,0.660379518425458
52.27,34.23178832531206,0.6603784403374391
52.28,34.23839209893529,0.6603773623233167
52.29,34.24499586177937,0.6603762844079597
52.3,34.251599613843915,0.6603752064542334
52.31,34.25820335512903,0.6603741285111653
52.32,34.26480708563596,0.6603730506931527
52.33,34.27141080536746,0.6603719731501201
52.34,34.27801451432524,0.6603708957783283
52.35,34.28461821251079,0.66036981855504
52.36,34.29122189992554,0.6603687414745707
52.37,34.29782557657342,0.6603676647884527
52.38,34.30442924245698,0.6603665883559984
52.39,34.3110328975783,0.6603655121317331
52.4,34.31763654193913,0.6603644360829719
52.41,34.32424017554226,0.6603633603127435
52.42,34.33084379838878,0.6603622846519386
52.43,34.337447410479925,0.6603612091147681
52.44,34.3440510118179,0.660360133797866
52.45,34.3506546024043,0.6603590586394148
52.46,34.35725818223925,0.6603579834951745
52.47,34.36386175132424,0.6603569084987271
52.48,34.370465309660695,0.6603558336458093
52.49,34.377068857248844,0.6603547588149183
52.5,34.383672394089146,0.6603536840302127
52.51,34.3902759201837,0.6603526094551171
52.52,34.39687943553248,0.6603515348786004
52.53,34.4034829401384,0.6603504605919852
52.54,34.41008643400237,0.66034938639703
52.55,34.416689917126064,0.6603483123690523
52.56,34.423293389511365,0.660347238530079
52.57,34.42989685116201,0.6603461650648512
52.58,34.43650030207941,0.6603450917396003
52.59,34.443103742263965,0.6603440184555609
52.6,34.449707171716874,0.6603429452908927
52.61,34.45631059044172,0.660341872484338
52.62,34.46291399844288,0.6603408001161881
52.63,34.46951739571998,0.6603397277103795
52.64,34.476120782275366,0.6603386555383395
52.65,34.48272415810941,0.6603375834046687
52.66,34.48932752322356,0.6603365114145276
52.67,34.49593087761818,0.6603354394620453
52.68,34.50253422129384,0.6603343675664064
52.69,34.50913755425122,0.6603332957375585
52.7,34.5157408764912,0.660332223998239
52.71,34.522344188016525,0.6603311525324784
52.72,34.528947488829175,0.6603300812649593
52.73,34.53555077893053,0.6603290101352854
52.74,34.542154058321096,0.6603279390567707
52.75,34.5487573270014,0.6603268680301255
52.76,34.555360584974,0.6603257972599863
52.77,34.56196383224099,0.6603247266994572
52.78,34.56856706880433,0.6603236563336168
52.79,34.575170294665575,0.6603225861248063
52.8,34.58177350982774,0.6603215162165554
52.81,34.58837671429336,0.6603204465619683
52.82,34.59497990806267,0.6603193769308291
52.83,34.60158309113762,0.6603183074950891
52.84,34.60818626351581,0.6603172378191857
52.85,34.614789425190466,0.6603161674654245
52.86,34.62139257616026,0.6603150969795024
52.87,34.627995716423904,0.6603140263642615
52.88,34.63459884598195,0.6603129558044429
52.89,34.64120196483635,0.6603118854400236
52.9,34.64780507299053,0.6603108154180859
52.91,34.65440817044653,0.6603097456000739
52.92,34.66101125720566,0.6603086759128018
52.93,34.66761433326917,0.6603076063512958
52.94,34.67421739863976,0.6603065370590855
52.95,34.68082045331971,0.6603054679949594
52.96,34.68742349731272,0.660304399301026
52.97,34.694026530621194,0.6603033308472561
52.98,34.700629553247815,0.6603022626620714
52.99,34.70723256519585,0.6603011948037363
53.0,34.71383556646715,0.6603001271294318
53.01,34.72043855706609,0.6602990598942426
53.02,34.727041536996744,0.660297993065484
53.03,34.73364450626186,0.6602969265117054
53.04,34.74024746486529,0.6602958603430409
53.05,34.746850412809316,0.6602947944024606
53.06,34.75345335009473,0.6602937285414612
53.07,34.76005627672197,0.6602926627238048
53.08,34.76665919269797,0.6602915976003487
53.09,34.77326209802114,0.6602905323170205
53.1,34.779864992697895,0.6602894676753124
53.11,34.7864678767298,0.6602884031906342
53.12,34.793070750118495,0.6602873388693808
53.13,34.79967361286684,0.6602862748344762
53.14,34.806276464977664,0.6602852110823676
53.15,34.81287930645233,0.6602841474666832
53.16,34.81948213729418,0.6602830841849539
53.17,34.826084957503156,0.6602820208975402
53.18,34.832687767080344,0.6602809577188395
53.19,34.839290566027806,0.6602798947461963
53.2,34.84589335434758,0.6602788319774788
53.21,34.85249613204142,0.6602777693842654
53.22,34.85909889911098,0.6602767069558979
53.23,34.86570165555638,0.6602756445396096
53.24,34.872304401378656,0.6602745822277711
53.25,34.87890713657865,0.6602735199990661
53.26,34.88550986115766,0.660272457901101
53.27,34.892112575115796,0.660271395813794
53.28,34.89871527845366,0.6602703337861726
53.29,34.90531797117037,0.6602692716711545
53.3,34.91192065326797,0.6602682097600621
53.31,34.9185233247474,0.6602671479427613
53.32,34.92512598560916,0.6602660861759091
53.33,34.931728635854874,0.6602650245717712
53.34,34.9383312754871,0.6602639632227181
53.35,34.94493390450566,0.6602629018559014
53.36,34.95153652291148,0.6602618405821659
53.37,34.958139130704836,0.6602607793354309
53.38,34.96474172788659,0.6602597181753822
53.39,34.971344314458975,0.6602586572384439
53.4,34.97794689042366,0.6602575964684831
53.41,34.9845494557815,0.6602565357837875
53.42,34.9911520105307,0.6602554749200351
53.43,34.997754554671346,0.6602544140648092
53.44,35.004357088204884,0.6602533533538235
53.45,35.010959611132805,0.6602522927920518
53.46,35.01756212345397,0.6602512321165932
53.47,35.024164625170236,0.6602501716265863
53.48,35.030767116282846,0.6602491112609243
53.49,35.03736959679157,0.660248050872525
53.5,35.043972066699055,0.6602469907484476
53.51,35.050574526006784,0.6602459307728736
53.52,35.057176974715745,0.6602448708960651
53.53,35.06377941282578,0.6602438110036246
53.54,35.070381840337646,0.6602427511865017
53.55,35.07698425725336,0.6602416915711729
53.56,35.0835866635754,0.660240632204534
53.57,35.09018905930826,0.6602395732855371
53.58,35.096791444452904,0.660238514464595
53.59,35.10339381901033,0.6602374557424184
53.6,35.10999618298215,0.6602363971822456
53.61,35.11659853636909,0.6602353386938375
53.62,35.12320087917259,0.6602342803503802
53.63,35.1298032113938,0.6602332221206098
53.64,35.136405533033404,0.6602321639604725
53.65,35.14300784409179,0.6602311058387045
53.66,35.14961014457044,0.6602300478647294
53.67,35.15621243446962,0.6602289899184655
53.68,35.16281471379026,0.6602279320638615
53.69,35.169416982536546,0.6602268746284778
53.7,35.17601924070864,0.6602258172094366
53.71,35.18262148830818,0.6602247599538202
53.72,35.189223725338344,0.660223703016527
53.73,35.19582595179956,0.6602226461218663
53.74,35.20242816769509,0.6602215895526342
53.75,35.209030373026074,0.66022053309851
53.76,35.21563256779394,0.6602194767864944
53.77,35.22223475200078,0.6602184206840889
53.78,35.22883692564833,0.6602173647550558
53.79,35.23543908874052,0.6602163092189528
53.8,35.24204124128155,0.6602152541027806
53.81,35.24864338327285,0.660214199130138
53.82,35.25524551471713,0.6602131444282122
53.83,35.26184763561639,0.6602120899259489
53.84,35.26844974597107,0.6602110354677393
53.85,35.27505184578365,0.6602099812582196
53.86,35.28165393505518,0.6602089271531497
53.87,35.28825601378721,0.6602078732029781
53.88,35.29485808198207,0.6602068194858646
53.89,35.30146013964128,0.6602057659208072
53.9,35.30806218676622,0.6602047124943056
53.91,35.31466422335925,0.6602036593029936
53.92,35.32126624942269,0.6602026063440292
53.93,35.327868264957594,0.660201553490225
53.94,35.33447026996614,0.6602005008545575
53.95,35.341072264449465,0.6601994483325768
53.96,35.34767424840715,0.6601983957686741
53.97,35.35427622184188,0.660197343472646
53.98,35.36087818475512,0.6601962913244108
53.99,35.36748013714883,0.6601952393708643
54.0,35.37408207902642,0.6601941877590889
54.01,35.3806840103908,0.6601931364379254
54.02,35.38728593124397,0.660192085317135
54.03,35.393887841588594,0.6601910344620876
54.04,35.40048974142546,0.660189983686621
54.05,35.40709163075554,0.6601889330077881
54.06,35.413693509579616,0.6601878824078256
54.07,35.42029537790206,0.6601868322441362
54.08,35.426897235725,0.6601857822943202
54.09,35.4334990830493,0.6601847324297694
54.1,35.44010091987448,0.6601836825183227
54.11,35.44670274620267,0.6601826328186178
54.12,35.453304562034276,0.6601815831608349
54.13,35.45990636736955,0.6601805335272104
54.14,35.46650816220902,0.6601794839468766
54.15,35.47310994655301,0.6601784343992279
54.16,35.479711720400495,0.6601773847485504
54.17,35.48631348375386,0.6601763353366152
54.18,35.49291523661581,0.6601752861946864
54.19,35.499516978990606,0.6601742374797936
54.2,35.506118710880216,0.6601731889610107
54.21,35.5127204322845,0.6601721404287275
54.22,35.51932214320386,0.6601710919355241
54.23,35.52592384363664,0.6601700432781854
54.24,35.532525533584455,0.6601689947814293
54.25,35.5391272130483,0.6601679463848598
54.26,35.54572888202778,0.6601668979477893
54.27,35.55233054052571,0.6601658497928042
54.28,35.55893218854072,0.660164801501395
54.29,35.56553382607287,0.6601637532149596
54.3,35.57213545312418,0.6601627051310288
54.31,35.57873706969638,0.66016165721976
54.32,35.58533867578891,0.6601606092530687
54.33,35.591940271402805,0.6601595613894062
54.34,35.59854185654129,0.6601585138483301
54.35,35.60514343120485,0.6601574663562815
54.36,35.611744995395085,0.6601564190233944
54.37,35.61834654911146,0.6601553716372166
54.38,35.6249480923565,0.660154324503992
54.39,35.63154962513121,0.660153277470954
54.4,35.638151147437945,0.6601522306738161
54.41,35.644752659277145,0.6601511839200214
54.42,35.65135416065063,0.6601501373481256
54.43,35.65795565155935,0.660149090872153
54.44,35.6645571320036,0.6601480444253127
54.45,35.67115860198406,0.660146998045974
54.46,35.67776006150264,0.6601459518577713
54.47,35.684361510559036,0.6601449056397257
54.48,35.6909629491532,0.6601438594167064
54.49,35.69756437728687,0.660142813366349
54.5,35.70416579496426,0.660141767739475
54.51,35.71076720218628,0.6601407222021294
54.52,35.717368598955694,0.6601396769411849
54.53,35.723969985272,0.6601386316305025
54.54,35.73057136113737,0.6601375865372461
54.55,35.737172726554036,0.6601365416663896
54.56,35.74377408152387,0.6601354969831164
54.57,35.750375426048706,0.6601344524838737
54.58,35.75697676013121,0.660133408250374
54.59,35.763578083772586,0.6601323641376666
54.6,35.77017939697443,0.6601313201841208
54.61,35.77678069973886,0.6601302764430272
54.62,35.78338199206956,0.6601292330699948
54.63,35.789983273969135,0.6601281899577316
54.64,35.796584545439536,0.6601271470401571
54.65,35.803185806482794,0.6601261043257978
54.66,35.8097870570998,0.6601250617002563
54.67,35.816388297294104,0.6601240194306968
54.68,35.82298952706855,0.6601229774446438
54.69,35.82959074642622,0.6601219357669663
54.7,35.83619195536849,0.6601208942271342
54.71,35.842793153896075,0.6601198527583563
54.72,35.84939434201071,0.6601188114636614
54.73,35.8559955197106,0.6601177699891991
54.74,35.862596686995275,0.6601167284671305
54.75,35.869197843867994,0.6601156872719116
54.76,35.8757989903308,0.6601146462806184
54.77,35.88240012638664,0.6601136055842005
54.78,35.889001252038206,0.6601125651563677
54.79,35.895602367287125,0.6601115248919598
54.8,35.9022034721363,0.6601104849174533
54.81,35.908804566591456,0.6601094455156442
54.82,35.915405650656524,0.6601084065067653
54.83,35.92200672433365,0.6601073677124702
54.84,35.928607787623015,0.6601063289366493
54.85,35.935208840527025,0.6601052904009919
54.86,35.94180988304639,0.6601042519363887
54.87,35.94841091517992,0.6601032133531248
54.88,35.95501193692822,0.6601021748302571
54.89,35.96161294829282,0.6601011364594456
54.9,35.968213949274535,0.6601000981717675
54.91,35.97481493987358,0.6600990599046952
54.92,35.98141592009021,0.6600980216624919
54.93,35.98801688992588,0.6600969835673709
54.94,35.99461784938108,0.6600959455198563
54.95,36.001218798457764,0.6600949076684515
54.96,36.00781973715667,0.6600938698909431
54.97,36.014420665479335,0.6600928322662014
54.98,36.021021583426695,0.6600917947359619
54.99,36.02762249100082,0.6600907574124903
55.0,36.034223388201795,0.6600897200975453
55.01,36.04082427503049,0.6600886828692865
55.02,36.04742515148945,0.6600876458961125
55.03,36.05402601757638,0.6600866086934332
55.04,36.06062687329251,0.6600855716129672
55.05,36.067227718644226,0.6600845351712792
55.06,36.073828553630335,0.6600834986109305
55.07,36.08042937825032,0.6600824619987122
55.08,36.08703019250315,0.6600814252827547
55.09,36.093630996389834,0.6600803886684048
55.1,36.10023178991105,0.6600793521215564
55.11,36.10683257306828,0.6600783157232115
55.12,36.113433345861836,0.6600772793554199
55.13,36.12003410829153,0.6600762429691542
55.14,36.126634860356795,0.6600752065267557
55.15,36.1332356020583,0.6600741701504376
55.16,36.13983633339651,0.6600731338210153
55.17,36.14643705437227,0.6600720975761476
55.18,36.153037764987516,0.6600710615245475
55.19,36.159638465242615,0.6600700255098957
55.2,36.16623915513932,0.6600689896707479
55.21,36.17283983467964,0.6600679540319732
55.22,36.17944050386464,0.6600669184997798
55.23,36.186041162695744,0.6600658831104056
55.24,36.192641811175015,0.6600648479270887
55.25,36.19924244930413,0.66006381291146
55.26,36.20584307708459,0.6600627780457557
55.27,36.21244369451966,0.6600617435076117
55.28,36.219044301612236,0.6600607092572375
55.29,36.22564489836402,0.660059675178104
55.3,36.23224548477638,0.6600586412361054
55.31,36.23884606085293,0.6600576076550624
55.32,36.245446626596035,0.6600565743106301
55.33,36.25204718200622,0.6600555410187781
55.34,36.25864772708441,0.660054507818586
55.35,36.265248261831594,0.6600534747185804
55.36,36.271848786250374,0.660052441877923
55.37,36.27844930034204,0.6600514091665843
55.38,36.28504980410784,0.6600503765803012
55.39,36.29165029754872,0.6600493440878097
55.4,36.298250780667296,0.6600483118575085
55.41,36.3048512534663,0.6600472799007662
55.42,36.31145171594812,0.6600462481813452
55.43,36.31805216811632,0.6600452168200377
55.44,36.32465260997379,0.6600441857472106
55.45,36.331253041521286,0.660043154749701
55.46,36.33785346276095,0.6600421239660648
55.47,36.34445387369405,0.6600410933103262
55.48,36.35105427432204,0.6600400627988279
55.49,36.35765466464677,0.6600390324734917
55.5,36.364255044668845,0.6600380022071306
55.51,36.370855414389645,0.6600369720800359
55.52,36.377455773811874,0.6600359422229474
55.53,36.384056122936634,0.660034912475993
55.54,36.390656461766376,0.6600338829741759
55.55,36.3972567903027,0.6600328536322309
55.56,36.40385710854786,0.6600318245162384
55.57,36.41045741650466,0.6600307956801998
55.58,36.41705771417533,0.6600297670665611
55.59,36.42365800156099,0.6600287385658987
55.6,36.4302582786603,0.6600277099309437
55.61,36.43685854547242,0.6600266812121447
55.62,36.44345880199878,0.6600256526361648
55.63,36.45005904823992,0.660024624114186
55.64,36.45665928419802,0.6600235958096334
55.65,36.46325950987491,0.6600225676891114
55.66,36.46985972527149,0.6600215396581177
55.67,36.47645993038957,0.6600205118076019
55.68,36.48306012523022,0.6600194840650886
55.69,36.489660309795255,0.6600184565037637
55.7,36.496260484086186,0.6600174290930738
55.71,36.502860648103976,0.6600164017790178
55.72,36.50946080184971,0.6600153745736748
55.73,36.51606094532386,0.660014347414517
55.74,36.52266107852696,0.6600133203100711
55.75,36.52926120145828,0.6600122931324393
55.76,36.53586131411959,0.660011266131022
55.77,36.542461416510235,0.6600102390642348
55.78,36.54906150863274,0.6600092122504009
55.79,36.55566159048802,0.6600081855282269
55.8,36.56226166207762,0.6600071589595302
55.81,36.56886172340381,0.6600061326196283
55.82,36.57546177446752,0.6600051063706758
55.83,36.58206181527032,0.6600040802801743
55.84,36.58866184581568,0.6600030545357072
55.85,36.59526186610337,0.6600020287692132
55.86,36.60186187613499,0.6600010031618808
55.87,36.6084618759134,0.6599999778408971
55.88,36.615061865439756,0.6599989526357319
55.89,36.62166184471559,0.6599979275833334
55.9,36.628261813744516,0.6599969028926012
55.91,36.63486177252573,0.6599958781215776
55.92,36.64146172106052,0.6599948534791622
55.93,36.648061659349175,0.6599938288651686
55.94,36.65466158739304,0.6599928043868886
55.95,36.66126150519276,0.6599917799718469
55.96,36.66786141274987,0.659990755710993
55.97,36.67446131006677,0.659989731689592
55.98,36.681061197143464,0.659988707669612
55.99,36.68766107398095,0.6599876837483976
56.0,36.69426094058009,0.6599866599138693
56.01,36.70086079694152,0.6599856361432899
56.02,36.707460643067876,0.6599846126356113
56.03,36.71406047896427,0.6599835896395234
56.04,36.72066030463126,0.6599825666988579
56.05,36.72726012007084,0.6599815439578549
56.06,36.73385992528386,0.659980521302117
56.07,36.74045972027076,0.6599794986904328
56.08,36.747059505033086,0.6599784762322258
56.09,36.75365927957238,0.6599774539296277
56.1,36.760259043890166,0.6599764317783752
56.11,36.76685879798618,0.6599754096015431
56.12,36.77345854186242,0.659974387623663
56.13,36.78005827552161,0.6599733659193419
56.14,36.786657998963676,0.6599723442064942
56.15,36.79325771219095,0.6599713227274151
56.16,36.799857415205295,0.6599703014344982
56.17,36.806457108008146,0.6599692802851109
56.18,36.8130567906004,0.659968259225252
56.19,36.81965646298196,0.6599672381561561
56.2,36.82625612515584,0.6599662173876197
56.21,36.832855777124465,0.6599651968627995
56.22,36.83945541888872,0.6599641764253761
56.23,36.84605505044951,0.6599631560789021
56.24,36.85265467180874,0.6599621359235641
56.25,36.85925428296711,0.6599611158364382
56.26,36.86585388392606,0.6599600958949736
56.27,36.87245347468506,0.6599590759002183
56.28,36.87905305524526,0.6599580560198604
56.29,36.88565262560831,0.6599570363050589
56.3,36.89225218577452,0.6599560166208107
56.31,36.898851735748345,0.6599549973827834
56.32,36.90545127552855,0.6599539780204111
56.33,36.91205080511518,0.6599529586630126
56.34,36.91865032450992,0.6599519394740128
56.35,36.92524983371462,0.6599509204704646
56.36,36.931849332729975,0.6599499015351284
56.37,36.938448821557714,0.6599488827738753
56.38,36.94504830019972,0.659947864200916
56.39,36.95164776865686,0.6599468457139324
56.4,36.95824722693012,0.6599458273257142
56.41,36.96484667502174,0.6599448091620275
56.42,36.97144611293522,0.6599437913479278
56.43,36.97804554067255,0.6599427737327801
56.44,36.984644958234234,0.6599417561687915
56.45,36.99124436561699,0.6599407382758216
56.46,36.997843762822725,0.6599397205732771
56.47,37.00444314985504,0.6599387032316884
56.48,37.01104252671763,0.6599376862588713
56.49,37.017641893411,0.6599366693372133
56.5,37.024241249937866,0.6599356526862721
56.51,37.03084059629957,0.659934636170334
56.52,37.03743993249789,0.6599336198320316
56.53,37.04403925853461,0.6599326036720754
56.54,37.05063857441072,0.6599315876108847
56.55,37.057237880128945,0.6599305718225423
56.56,37.063837175690466,0.6599295561521501
56.57,37.070436461096634,0.659928540616761
56.58,37.077035736347696,0.6599275251062409
56.59,37.083635001444094,0.6599265096397744
56.6,37.09023425638808,0.65992549439855
56.61,37.09683350118189,0.6599244793811465
56.62,37.103432735828925,0.6599234647033825
56.63,37.110031960330026,0.659922450110173
56.64,37.11663117468659,0.65992143565623
56.65,37.12323037890104,0.6599204214452925
56.66,37.129829572975574,0.6599194074532022
56.67,37.136428756910895,0.6599183935321662
56.68,37.14302793070774,0.6599173796843161
56.69,37.149627094367744,0.6599163660006013
56.7,37.156226247892235,0.6599153524490475
56.71,37.1628253912824,0.6599143390161544
56.72,37.16942452454183,0.6599133259435064
56.73,37.17602364767188,0.659912313005151
56.74,37.18262276067332,0.6599113001435342
56.75,37.18922186354791,0.6599102874588425
56.76,37.195820956297766,0.6599092749858926
56.77,37.202420038924224,0.6599082626458141
56.78,37.20901911142593,0.6599072501707326
56.79,37.215618173805595,0.6599062379663678
56.8,37.222217226065155,0.6599052259559812
56.81,37.228816268206074,0.6599042140919664
56.82,37.235415300229974,0.6599032023899554
56.83,37.24201432213768,0.6599021907703673
56.84,37.248613333928795,0.6599011791116993
56.85,37.255212335604334,0.6599001675539284
56.86,37.26181132716434,0.6598991560004208
56.87,37.26841030860909,0.6598981444753349
56.88,37.2750092799391,0.6598971330006975
56.89,37.28160824115642,0.6598961217321175
56.9,37.28820719226144,0.6598951105019069
56.91,37.29480613325412,0.6598940992681435
56.92,37.30140506413509,0.6598930880969078
56.93,37.30800398490544,0.6598920770350958
56.94,37.314602895566345,0.6598910660905233
56.95,37.32120179611779,0.6598900551445297
56.96,37.32780068656136,0.6598890443569871
56.97,37.33439956689788,0.6598880336518675
56.98,37.3409984371287,0.6598870230817511
56.99,37.34759729725364,0.6598860124945816
57.0,37.354196147273335,0.6598850019692293
57.01,37.36079498719202,0.6598839918687815
57.02,37.36739381701301,0.6598829820987362
57.03,37.37399263673869,0.6598819725681437
57.04,37.38059144637147,0.6598809632777147
57.05,37.387190245910844,0.6598799539375477
57.06,37.39378903535851,0.6598789447664899
57.07,37.40038781471562,0.6598779357112505
57.08,37.406986583984214,0.6598769268592264
57.09,37.41358534316527,0.6598759181059677
57.1,37.42018409225918,0.6598749093903677
57.11,37.426782831266976,0.6598739007799281
57.12,37.43338156018855,0.6598728921574093
57.13,37.43998027902494,0.6598718836386297
57.14,37.44657898777838,0.6598708753443816
57.15,37.45317768644985,0.6598698671467673
57.16,37.4597763750421,0.6598688592248436
57.17,37.4663750535558,0.6598678513704215
57.18,37.47297372199168,0.6598668435877642
57.19,37.479572380350476,0.6598658358797138
57.2,37.486171028637266,0.659864828678991
57.21,37.49276966685436,0.6598638217091946
57.22,37.499368295002434,0.6598628148076102
57.23,37.50596691308282,0.6598618080388974
57.24,37.512565521097336,0.6598608014513729
57.25,37.51916411904841,0.6598597951075647
57.26,37.52576270693562,0.6598587887211238
57.27,37.53236128475699,0.6598577821364415
57.28,37.53895985251293,0.6598567755943918
57.29,37.54555841020742,0.659855769448825
57.3,37.55215695784237,0.6598547634951046
57.31,37.55875549542143,0.6598537579058927
57.32,37.56535402294709,0.6598527525660813
57.33,37.571952540423496,0.6598517476405164
57.34,37.57855104785715,0.659850743365098
57.35,37.58514954524854,0.6598497391394176
57.36,37.59174803259505,0.6598487346508364
57.37,37.598346509900054,0.6598477305004735
57.38,37.604944977163534,0.659846726347979
57.39,37.611543434386114,0.6598457222580123
57.4,37.61814188156864,0.6598447182526002
57.41,37.62474031871311,0.6598437144468505
57.42,37.63133874581984,0.6598427106730753
57.43,37.6379371628892,0.6598417069362483
57.44,37.644535569919675,0.6598407030473652
57.45,37.651133966912084,0.659839699240905
57.46,37.6577323538681,0.6598386956014224
57.47,37.66433073078882,0.6598376920720739
57.48,37.67092909767503,0.6598366886208851
57.49,37.67752745452641,0.6598356851384324
57.5,37.684125801346056,0.6598346819643552
57.51,37.690724138134584,0.6598336788528059
57.52,37.697322464891016,0.6598326756432016
57.53,37.70392078161776,0.6598316726744713
57.54,37.71051908831516,0.659830669739847
57.55,37.717117384988896,0.659829667373657
57.56,37.72371567164414,0.6598286655247421
57.57,37.7303139482833,0.6598276639159906
57.58,37.73691221490817,0.6598266624870064
57.59,37.743510471517105,0.6598256608931763
57.6,37.75010871811381,0.6598246596702495
57.61,37.756706954699794,0.6598236585986683
57.62,37.76330518127619,0.6598226576393529
57.63,37.769903397842455,0.6598216566267467
57.64,37.776501604399556,0.6598206557100639
57.65,37.78309980094824,0.6598196548686985
57.66,37.78969798749059,0.6598186542348117
57.67,37.796296164025655,0.6598176535064226
57.68,37.80289433055353,0.6598166527872706
57.69,37.80949248707557,0.6598156522045429
57.7,37.816090633593475,0.6598146517902137
57.71,37.82268877010894,0.6598136515464148
57.72,37.829286896621966,0.6598126513026159
57.73,37.835885013132405,0.6598116510438956
57.74,37.842483119641905,0.6598106509500212
57.75,37.8490812161517,0.6598096509797813
57.76,37.85567930266267,0.6598086510969381
57.77,37.86227737917844,0.6598076515764717
57.78,37.8688754457002,0.659806652176087
57.79,37.875473502228566,0.659805652836809
57.8,37.8820715487666,0.659804653803775
57.81,37.88866958531536,0.6598036548759012
57.82,37.89526761187508,0.6598026559714754
57.83,37.90186562844623,0.6598016571153664
57.84,37.908463635030216,0.6598006583985239
57.85,37.9150616316292,0.6597996598983968
57.86,37.92165961824352,0.6597986614316653
57.87,37.92825759487485,0.6597976631333324
57.88,37.934855561523555,0.6597966648705267
57.89,37.941453518189824,0.6597956666269056
57.9,37.948051464875924,0.6597946686099476
57.91,37.95464940158342,0.6597936707493091
57.92,37.961247328314556,0.6597926731139125
57.93,37.967845245070095,0.6597916755538336
57.94,37.97444315185259,0.65979067824955
57.95,37.98104104866266,0.6597896810070836
57.96,37.98763893550039,0.6597886837731437
57.97,37.994236812368584,0.6597876868191577
57.98,38.00083467927018,0.6597866901593363
57.99,38.0074325362064,0.6597856936224389
58.0,38.014030383177754,0.6597846971352794
58.01,38.020628220186346,0.6597837008591512
58.02,38.02722604723308,0.6597827046732618
58.03,38.03382386431857,0.6597817085491897
58.04,38.040421671443426,0.6597807124855137
58.05,38.04701946860878,0.6597797165355246
58.06,38.053617255811545,0.6597787202764493
58.07,38.06021503305064,0.6597777239093716
58.08,38.0668128003271,0.6597767276460331
58.09,38.07341055764299,0.659775731588752
58.1,38.08000830500022,0.6597747357233175
58.11,38.08660604240173,0.659773740151337
58.12,38.09320376985019,0.6597727448458102
58.13,38.099801487347044,0.659771749685234
58.14,38.10639919489518,0.6597707548138487
58.15,38.11299689249694,0.6597697601755215
58.16,38.11959458015458,0.6597687657645679
58.17,38.12619225786986,0.6597677715276973
58.18,38.1327899256452,0.6597667775338323
58.19,38.1393875834831,0.6597657837900783
58.2,38.14598523138444,0.6597647901337211
58.21,38.15258286935005,0.659763796561208
58.22,38.15918049738079,0.65976280307396
58.23,38.165778115477934,0.6597618097146096
58.24,38.172375723643654,0.6597608165719748
58.25,38.17897332187927,0.659759823561501
58.26,38.185570910185675,0.6597588306405555
58.27,38.19216848856412,0.6597578378446656
58.28,38.19876605701468,0.6597568450558811
58.29,38.20536361553802,0.6597558523338876
58.3,38.21196116413561,0.6597548597589764
58.31,38.2185587028089,0.659753867329016
58.32,38.2251562315591,0.6597528750198478
58.33,38.23175375039112,0.6597518832023752
58.34,38.23835125930807,0.6597508916946992
58.35,38.244948758311274,0.6597499003206053
58.36,38.251546247403034,0.6597489091760167
58.37,38.25814372658478,0.6597479181742472
58.38,38.26474119585818,0.6597469273401657
58.39,38.27133865522578,0.6597459367604586
58.4,38.27793610468896,0.6597449463178862
58.41,38.28453354424725,0.6597439558291285
58.42,38.291130973902376,0.6597429655123221
58.43,38.29772839365659,0.6597419754214684
58.44,38.304325803509734,0.6597409853142722
58.45,38.31092320346512,0.6597399955388994
58.46,38.31752059352383,0.6597390058708186
58.47,38.32411797368593,0.6597380162098432
58.48,38.33071534395245,0.6597370266518965
58.49,38.33731270432536,0.6597360372914807
58.5,38.343910054806265,0.6597350480902264
58.51,38.35050739539734,0.6597340591071088
58.52,38.3571047260978,0.659733070046542
58.53,38.36370204690948,0.6597320811678742
58.54,38.370299357834064,0.6597310924583155
58.55,38.37689665887259,0.6597301038524961
58.56,38.38349395002409,0.6597291151500428
58.57,38.390091231289745,0.6597281265655397
58.58,38.396688502670564,0.6597271380819336
58.59,38.40328576416713,0.659726149656592
58.6,38.40988301578005,0.6597251612923571
58.61,38.41648025750902,0.6597241728968584
58.62,38.42307748935417,0.6597231845148599
58.63,38.42967471131593,0.6597221961762045
58.64,38.43627192339547,0.6597212079540782
58.65,38.442869125593056,0.6597202197582419
58.66,38.44946631790916,0.6597192316107225
58.67,38.456063500346346,0.659718243718288
58.68,38.46266067290321,0.6597172556865871
58.69,38.46925783558194,0.6597162678730228
58.7,38.47585498838351,0.6597152801568029
58.71,38.48245213130903,0.6597142925521382
58.72,38.4890492643586,0.6597133049567105
58.73,38.49564638753372,0.659712317511918
58.74,38.50224350083476,0.6597113301040736
58.75,38.50884060426424,0.6597103429484719
58.76,38.515437697820495,0.6597093556251821
58.77,38.522034781505816,0.6597083685321081
58.78,38.52863185532216,0.6597073816344334
58.79,38.53522891927005,0.6597063947886284
58.8,38.54182597335281,0.6597054082760678
58.81,38.54842301757061,0.6597044217805603
58.82,38.55502005192375,0.6597034353134745
58.83,38.561617076411196,0.6597024487447811
58.84,38.56821409103132,0.6597014620126629
58.85,38.57481109578475,0.6597004753430724
58.86,38.58140809067365,0.6596994888894869
58.87,38.588005075699165,0.6596985025517199
58.88,38.59460205086536,0.6596975166196728
58.89,38.6011990161765,0.6596965311139513
58.9,38.60779597163487,0.6596955458370246
58.91,38.61439291724429,0.6596945609416593
58.92,38.62098985300561,0.6596935761322698
58.93,38.62758677892168,0.6596925916070973
58.94,38.63418369499519,0.6596916073505099
58.95,38.64078060122813,0.6596906232942956
58.96,38.64737749762196,0.659689639383032
58.97,38.653974384177985,0.6596886556025083
58.98,38.66057126089735,0.659687671936382
58.99,38.66716812778169,0.659686688434391
59.0,38.673764984834065,0.6596857052372229
59.01,38.68036183205597,0.6596847221906899
59.02,38.68695866944872,0.6596837392748967
59.03,38.69355549701225,0.6596827563527086
59.04,38.700152314748735,0.6596817736486571
59.05,38.70674912266013,0.6596807911392943
59.06,38.7133459207483,0.6596798088175149
59.07,38.71994270901456,0.6596788266257647
59.08,38.72653948746104,0.6596778446478879
59.09,38.733136256090084,0.6596768629044902
59.1,38.739733014903656,0.6596758813572023
59.11,38.74632976390374,0.6596749000081559
59.12,38.75292650309242,0.659673918868009
59.13,38.75952323247103,0.6596729378614441
59.14,38.76611995204091,0.6596719569877507
59.15,38.77271666180328,0.6596709762369812
59.16,38.77931336175946,0.6596699956183727
59.17,38.78591005191117,0.659669015171005
59.18,38.792506732260314,0.6596680349140627
59.19,38.7991034028076,0.6596670547288852
59.2,38.80570006355439,0.6596660746787109
59.21,38.812296714501755,0.659665094736539
59.22,38.818893355651454,0.6596641149698712
59.23,38.82548998700463,0.6596631353176008
59.24,38.832086608562165,0.6596621557534377
59.25,38.83868322032466,0.6596611762496707
59.26,38.84527982229277,0.6596601968105631
59.27,38.85187641446491,0.6596592172144256
59.28,38.85847299684338,0.6596582378470828
59.29,38.8650695694293,0.6596572585920057
59.3,38.8716661322235,0.6596562794200622
59.31,38.87826268522698,0.6596553003475947
59.32,38.8848592284403,0.6596543213319706
59.33,38.89145576186502,0.6596533424719553
59.34,38.89805228550103,0.6596523636012819
59.35,38.90464879934904,0.6596513848009522
59.36,38.91124530341089,0.6596504061846531
59.37,38.917841797686286,0.6596494275399323
59.38,38.92443828217521,0.6596484488923693
59.39,38.9310347568787,0.6596474703492561
59.4,38.937631221796,0.6596464917301148
59.41,38.94422767692915,0.6596455133148993
59.42,38.95082412227994,0.6596445350787405
59.43,38.95742055785219,0.6596435572248538
59.44,38.96401698364216,0.6596425789972216
59.45,38.97061339964389,0.6596416001727334
59.46,38.97720980585403,0.6596406210142902
59.47,38.98380620227502,0.6596396420988526
59.48,38.99040258891076,0.6596386635742135
59.49,38.996998965763254,0.6596376852492369
59.5,39.003595332833086,0.6596367069832354
59.51,39.01019169012252,0.6596357289431865
59.52,39.016788037632686,0.6596347510168243
59.53,39.02338437536339,0.659633773070567
59.54,39.0299807033159,0.6596327952507863
59.55,39.03657702149454,0.6596318178637262
59.56,39.04317332990105,0.6596308406514595
59.57,39.049769628538364,0.6596298637312259
59.58,39.056365917407376,0.6596288869012312
59.59,39.06296219650751,0.6596279100136826
59.6,39.069558465839805,0.6596269332291627
59.61,39.07615472540736,0.6596259567558604
59.62,39.0827509752116,0.6596249804239562
59.63,39.089347215254485,0.6596240042881618
59.64,39.09594344554027,0.659623028578693
59.65,39.10253966607434,0.6596220534071051
59.66,39.109135876859476,0.6596210785133394
59.67,39.1157320778984,0.6596201038924221
59.68,39.12232826919385,0.6596191295450637
59.69,39.12892445074832,0.6596181554471059
59.7,39.13552062256483,0.6596171816511287
59.71,39.14211678464455,0.6596162079716805
59.72,39.148712936987145,0.6596152342595474
59.73,39.1553090795956,0.6596142608451316
59.74,39.1619052124734,0.6596132877803029
59.75,39.16850133562154,0.6596123148142397
59.76,39.175097449040535,0.6596113418993355
59.77,39.18169355273083,0.6596103690291955
59.78,39.188289646694074,0.6596093963246119
59.79,39.19488573093167,0.6596084237592947
59.8,39.20148180544422,0.6596074512550842
59.81,39.20807787023311,0.6596064788894296
59.82,39.21467392529887,0.6596055065756445
59.83,39.221269970643846,0.6596045344977597
59.84,39.22786600627028,0.6596035626436958
59.85,39.234462032179195,0.6596025908912395
59.86,39.24105804837279,0.659601619359762
59.87,39.24765405485311,0.6596006480314998
59.88,39.25425005162048,0.6595996767373435
59.89,39.260846038676306,0.6595987055824537
59.9,39.26744201602204,0.6595977345732251
59.91,39.27403798365974,0.6595967637700539
59.92,39.280633941590814,0.6595957931075702
59.93,39.28722988981526,0.659594822444376
59.94,39.29382582833514,0.6595938519879496
59.95,39.30042175715211,0.6595928816970797
59.96,39.30701767626884,0.6595919116733739
59.97,39.31361358568929,0.6595909420447299
59.98,39.320209485415106,0.6595899725816423
59.99,39.32680537544609,0.6595890030986595
60.0,39.33340125578227,0.6595880336178084
