g,n_points,H_sequence,kappa_sequence,n_labels
0.0,411,BASE_UNSTABLE > 30|33|35|37 > 30|33|37 > 30|33|35+37 > 30|33 > 33|30+35|30+37 > 30+33|30+35|30+37|33+35|33+37 > 30+33|30+37|33+35|33+37 > 30+33|30+37|33+35 > 30+33|30+35+37|33+35+37 > 30+33|33+35+37 > 30+33+35|30+33+37|33+35+37 > 30+33+35|30+33+37 > 30+33+35 > 30+33+35+37 > 30+33+35 > 30+33+35|30+33+37 > 30+33+35|30+33+37|30+35+37 > 30+33+35|30+33+37 > 30+33+35,U > 1 > 2 > 3 > 4 > 3,15
0.0003125,364,BASE_UNSTABLE > 30|33|35|37 > 30|33|37 > 30|33|35+37 > 30|33 > 33|30+35|30+37 > 30+33|30+35|30+37|33+35|33+37 > 30+33|30+37|33+35|33+37 > 30+33|30+37|33+35 > 30+33|30+35+37|33+35+37 > 30+33|33+35+37 > 30+33+35|30+33+37|33+35+37 > 30+33+35|30+33+37 > 30+33+35 > 30+33+35+37 > 30+33+35 > 30+33+35|30+33+37 > 30+33+35|30+33+37|30+35+37 > 30+33+35|30+33+37 > 30+33+35,U > 1 > 2 > 3 > 4 > 3,15
0.000625,379,BASE_UNSTABLE > 30|33|35|37 > 30|33|37 > 30|33|35+37 > 30|33 > 33|30+35|30+37 > 30+33|30+35|30+37|33+35|33+37 > 30+33|30+37|33+35|33+37 > 30+33|30+37|33+35 > 30+33|30+35+37|33+35+37 > 30+33|33+35+37 > 30+33+35|30+33+37|33+35+37 > 30+33+35|30+33+37 > 30+33+35 > 30+33+35+37 > 30+33+35 > 30+33+35|30+33+37 > 30+33+35|30+33+37|30+35+37 > 30+33+35|30+33+37 > 30+33+35,U > 1 > 2 > 3 > 4 > 3,15
0.0009375,364,BASE_UNSTABLE > 30|33|35|37 > 30|33|37 > 30|33|35+37 > 30|33 > 33|30+35|30+37 > 30+33|30+35|30+37|33+35|33+37 > 30+33|30+37|33+35|33+37 > 30+33|30+37|33+35 > 30+33|30+35+37|33+35+37 > 30+33|33+35+37 > 30+33+35|30+33+37|33+35+37 > 30+33+35|30+33+37 > 30+33+35 > 30+33+35+37 > 30+33+35 > 30+33+35|30+33+37 > 30+33+35|30+33+37|30+35+37 > 30+33+35|30+33+37 > 30+33+35,U > 1 > 2 > 3 > 4 > 3,15
0.00125,401,BASE_UNSTABLE > 30|33|35|37 > 30|33|37 > 30|33|35+37 > 30|33 > 33|30+35|30+37 > 30+33|30+35|30+37|33+35|33+37 > 30+33|30+37|33+35|33+37 > 30+33|30+37|33+35 > 30+33|30+35+37|33+35+37 > 30+33|33+35+37 > 30+33+35|30+33+37|33+35+37 > 30+33+35|30+33+37 > 30+33+35 > 30+33+35+37 > 30+33+35 > 30+33+35|30+33+37 > 30+33+35|30+33+37|30+35+37 > 30+33+35|30+33+37 > 30+33+35,U > 1 > 2 > 3 > 4 > 3,15
0.0015625,352,BASE_UNSTABLE > 30|33|35|37 > 30|33|37 > 30|33|35+37 > 30|33 > 33|30+35|30+37 > 30+33|30+35|30+37|33+35|33+37 > 30+33|30+37|33+35|33+37 > 30+33|30+35+37|33+35+37 > 30+33|33+35+37 > 30+33+35|30+33+37|33+35+37 > 30+33+35|30+33+37 > 30+33+35 > 30+33+35+37 > 30+33+35 > 30+33+35|30+33+37 > 30+33+35|30+33+37|30+35+37 > 30+33+35|30+33+37 > 30+33+35,U > 1 > 2 > 3 > 4 > 3,14
0.001875,373,BASE_UNSTABLE > 30|33|35|37 > 30|33|37 > 30|33|35+37 > 30|33 > 33|30+35|30+37 > 30+33|30+35|30+37|33+35|33+37 > 30+33|30+37|33+35|33+37 > 30+33|33+35|30+35+37 > 30+33|30+35+37|33+35+37 > 30+33|33+35+37 > 30+33+35|30+33+37|33+35+37 > 30+33+35|30+33+37 > 30+33+35 > 30+33+35+37 > 30+33+35 > 30+33+35|30+33+37 > 30+33+35|30+33+37|30+35+37 > 30+33+35|30+33+37 > 30+33+35,U > 1 > 2 > 3 > 4 > 3,15
0.0021875,352,BASE_UNSTABLE > 30|33|35|37 > 30|33|37 > 30|33|35+37 > 30|33 > 33|30+35|30+37 > 30+33|30+35|30+37|33+35|33+37 > 30+33|30+37|33+35|33+37 > 30+33|33+35|30+35+37 > 30+33|30+35+37|33+35+37 > 30+33|33+35+37 > 30+33+35|30+33+37|33+35+37 > 30+33+35|30+33+37 > 30+33+35 > 30+33+35+37 > 30+33+35 > 30+33+35|30+33+37 > 30+33+35|30+33+37|30+35+37 > 30+33+35|30+33+37 > 30+33+35,U > 1 > 2 > 3 > 4 > 3,15
0.0025,422,BASE_UNSTABLE > 30|33|35|37 > 30|33|37 > 30|33|35+37 > 30|33 > 33|30+35|30+37 > 30+33|30+35|30+37|33+35|33+37 > 30+33|30+37|33+35|33+37 > 30+33|33+35|30+35+37 > 30+33|30+35+37|33+35+37 > 30+33|33+35+37 > 30+33+35|30+33+37|33+35+37 > 30+33+35|30+33+37 > 30+33+35 > 30+33+35+37 > 30+33+35 > 30+33+35|30+33+37 > 30+33+35|30+33+37|30+35+37 > 30+33+35|30+33+37 > 30+33+35,U > 1 > 2 > 3 > 4 > 3,15
0.0028125,340,BASE_UNSTABLE > 30|33|35|37 > 30|33|37 > 30|33|35+37 > 30|33 > 33|30+35|30+37 > 30+33|30+35|30+37|33+35|33+37 > 30+33|30+37|33+35|33+37 > 30+33|30+37|33+35 > 30+33|30+35+37|33+35+37 > 30+33|33+35+37 > 30+33+35|30+33+37|33+35+37 > 30+33+35|30+33+37 > 30+33+35 > 30+33+35+37 > 30+33+35 > 30+33+35|30+33+37 > 30+33+35|30+33+37|30+35+37 > 30+33+35|30+33+37 > 30+33+35,U > 1 > 2 > 3 > 4 > 3,15
0.003125,355,BASE_UNSTABLE > 30|33|35|37 > 30|33|37 > 30|33|35+37 > 30|33 > 33|30+35|30+37 > 30+33|30+35|30+37|33+35|33+37 > 30+33|30+37|33+35|33+37 > 30+33|30+37|33+35 > 30+33|30+35+37|33+35+37 > 30+33|33+35+37 > 30+33+35|30+33+37|33+35+37 > 30+33+35|30+33+37 > 30+33+35 > 30+33+35+37 > 30+33+35 > 30+33+35|30+33+37 > 30+33+35|30+33+37|30+35+37 > 30+33+35|30+33+37 > 30+33+35,U > 1 > 2 > 3 > 4 > 3,15
0.0034375,340,BASE_UNSTABLE > 30|33|35|37 > 30|33|37 > 30|33|35+37 > 30|33 > 33|30+35|30+37 > 30+33|30+35|30+37|33+35|33+37 > 30+33|30+37|33+35|33+37 > 30+33|30+37|33+35 > 30+33|30+35+37|33+35+37 > 30+33|33+35+37 > 30+33+35|30+33+37|33+35+37 > 30+33+35|30+33+37 > 30+33+35 > 30+33+35+37 > 30+33+35 > 30+33+35|30+33+37 > 30+33+35|30+33+37|30+35+37 > 30+33+35|30+33+37 > 30+33+35,U > 1 > 2 > 3 > 4 > 3,15
0.00375,385,BASE_UNSTABLE > 30|33|35|37 > 30|33|37 > 30|33|35+37 > 30|33 > 33|30+35|30+37 > 30+33|30+35|30+37|33+35|33+37 > 30+33|30+37|33+35|33+37 > 30+33|30+37|33+35 > 30+33|30+35+37|33+35+37 > 30+33|33+35+37 > 30+33+35|30+33+37|33+35+37 > 30+33+35|30+33+37 > 30+33+35 > 30+33+35+37 > 30+33+35 > 30+33+35|30+33+37 > 30+33+35|30+33+37|30+35+37 > 30+33+35|30+33+37 > 30+33+35,U > 1 > 2 > 3 > 4 > 3,15
0.0040625,332,BASE_UNSTABLE > 30|33|35|37 > 30|33|37 > 30|33|35+37 > 30|33 > 33|30+35|30+37 > 30+33|30+35|30+37|33+35|33+37 > 30+33|30+37|33+35|33+37 > 30+33|30+37|33+35 > 30+33|33+35|30+35+37 > 30+33|30+35+37|33+35+37 > 30+33|33+35+37 > 30+33+35|30+33+37|33+35+37 > 30+33+35|30+33+37 > 30+33+35 > 30+33+35+37 > 30+33+35 > 30+33+35|30+33+37 > 30+33+35|30+33+37|30+35+37 > 30+33+35|30+33+37 > 30+33+35,U > 1 > 2 > 3 > 4 > 3,16
0.004375,351,BASE_UNSTABLE > 30|33|35|37 > 30|33|37 > 30|33|35+37 > 30|33 > 33|30+35|30+37 > 30+33|30+35|30+37|33+35|33+37 > 30+33|30+37|33+35|33+37 > 30+33|30+37|33+35 > 30+33|33+35|30+35+37 > 30+33|30+35+37|33+35+37 > 30+33|33+35+37 > 30+33+35|30+33+37|33+35+37 > 30+33+35|30+33+37 > 30+33+35 > 30+33+35+37 > 30+33+35 > 30+33+35|30+33+37 > 30+33+35|30+33+37|30+35+37 > 30+33+35|30+33+37 > 30+33+35,U > 1 > 2 > 3 > 4 > 3,16
0.0046875,332,BASE_UNSTABLE > 30|33|35|37 > 30|33|37 > 30|33|35+37 > 30|33 > 33|30+35|30+37 > 30+33|30+35|30+37|33+35|33+37 > 30+33|30+37|33+35|33+37 > 30+33|30+37|33+35 > 30+33|33+35|30+35+37 > 30+33|30+35+37|33+35+37 > 30+33|33+35+37 > 30+33+35|30+33+37|33+35+37 > 30+33+35|30+33+37 > 30+33+35 > 30+33+35+37 > 30+33+35 > 30+33+35|30+33+37 > 30+33+35|30+33+37|30+35+37 > 30+33+35|30+33+37 > 30+33+35,U > 1 > 2 > 3 > 4 > 3,16
0.005,429,BASE_UNSTABLE > 30|33|35|37 > 30|33|37 > 30|33|35+37 > 30|33 > 33|30+35|30+37 > 30+33|30+35|30+37|33+35|33+37 > 30+33|30+37|33+35|33+37 > 30+33|33+35|30+35+37 > 30+33|30+35+37|33+35+37 > 30+33|33+35+37 > 30+33+35|30+33+37|33+35+37 > 30+33+35|30+33+37 > 30+33+35 > 30+33+35+37 > 30+33+35 > 30+33+35|30+33+37 > 30+33+35|30+33+37|30+35+37 > 30+33+35|30+33+37 > 30+33+35,U > 1 > 2 > 3 > 4 > 3,15
0.0053125,316,BASE_UNSTABLE > 30|33|35|37 > 30|33|37 > 30|33|35+37 > 30|33 > 33|30+35|30+37 > 30+33|30+35|30+37|33+35|33+37 > 30+33|30+37|33+35|33+37 > 30+33|33+35|30+35+37 > 30+33|30+35+37|33+35+37 > 30+33|33+35+37 > 30+33+35|30+33+37|33+35+37 > 30+33+35|30+33+37 > 30+33+35 > 30+33+35+37 > 30+33+35 > 30+33+35|30+33+37 > 30+33+35|30+33+37|30+35+37 > 30+33+35|30+33+37 > 30+33+35,U > 1 > 2 > 3 > 4 > 3,15
0.005625,336,BASE_UNSTABLE > 30|33|35|37 > 30|33|37 > 30|33|35+37 > 30|33 > 33|30+35|30+37 > 30+33|30+35|30+37|33+35|33+37 > 30+33|30+37|33+35|33+37 > 30+33|33+35|30+35+37 > 30+33|30+35+37|33+35+37 > 30+33|33+35+37 > 30+33+35|30+33+37|33+35+37 > 30+33+35|30+33+37 > 30+33+35 > 30+33+35+37 > 30+33+35 > 30+33+35|30+33+37|30+35+37 > 30+33+35|30+33+37 > 30+33+35,U > 1 > 2 > 3 > 4 > 3,15
0.0059375,316,BASE_UNSTABLE > 30|33|35|37 > 30|33|37 > 30|33|35+37 > 30|33 > 33|30+35|30+37 > 30+33|30+35|30+37|33+35|33+37 > 30+33|30+37|33+35|33+37 > 30+33|33+35|30+35+37 > 30+33|30+35+37|33+35+37 > 30+33|33+35+37 > 30+33+35|30+33+37|33+35+37 > 30+33+35|30+33+37 > 30+33+35 > 30+33+35+37 > 30+33+35 > 30+33+35|30+35+37 > 30+33+35|30+33+37|30+35+37 > 30+33+35|30+33+37 > 30+33+35,U > 1 > 2 > 3 > 4 > 3,16
0.00625,391,BASE_UNSTABLE > 30|33|35|37 > 30|33|37 > 30|33|35+37 > 30|33 > 33|30+35|30+37 > 30+33|30+35|30+37|33+35|33+37 > 30+33|30+37|33+35|33+37 > 30+33|33+35|30+35+37 > 30+33|30+35+37|33+35+37 > 30+33|33+35+37 > 30+33+35|30+33+37|33+35+37 > 30+33+35|30+33+37 > 30+33+35 > 30+33+35+37 > 30+33+35 > 30+33+35|30+35+37 > 30+33+35|30+33+37|30+35+37 > 30+33+35|30+33+37 > 30+33+35,U > 1 > 2 > 3 > 4 > 3,16
0.0065625,300,BASE_UNSTABLE > 30|33|35|37 > 30|33|37 > 30|33|35+37 > 30|33 > 33|30+35|30+37 > 30+33|30+35|30+37|33+35|33+37 > 30+33|30+37|33+35|33+37 > 30+33|33+35|30+35+37 > 30+33|30+35+37|33+35+37 > 30+33|33+35+37 > 30+33+35|30+33+37|33+35+37 > 30+33+35|30+33+37 > 30+33+35 > 30+33+35+37 > 30+33+35 > 30+33+35|30+35+37 > 30+33+35|30+33+37|30+35+37 > 30+33+35|30+33+37 > 30+33+35,U > 1 > 2 > 3 > 4 > 3,16
0.006875,328,BASE_UNSTABLE > 30|33|35|37 > 30|33|37 > 30|33|35+37 > 30|33 > 33|30+35|30+37 > 30+33|30+35|30+37|33+35|33+37 > 30+33|30+37|33+35|33+37 > 30+33|33+35|30+35+37 > 30+33|30+35+37|33+35+37 > 30+33|33+35+37 > 30+33+35|30+33+37|33+35+37 > 30+33+35|30+33+37 > 30+33+35 > 30+33+35+37 > 30+33+35 > 30+33+35|30+35+37 > 30+33+35|30+33+37|30+35+37 > 30+33+35|30+33+37 > 30+33+35,U > 1 > 2 > 3 > 4 > 3,16
0.0071875,300,BASE_UNSTABLE > 30|33|35|37 > 30|33|37 > 30|33|35+37 > 30|33 > 33|30+35|30+37 > 30+33|30+35|30+37|33+35|33+37 > 30+33|30+37|33+35|33+37 > 30+33|33+35|30+35+37 > 30+33|30+35+37|33+35+37 > 30+33|33+35+37 > 30+33+35|30+33+37|33+35+37 > 30+33+35|30+33+37 > 30+33+35 > 30+33+35+37 > 30+33+35 > 30+33+35|30+35+37 > 30+33+35|30+33+37|30+35+37 > 30+33+35|30+33+37 > 30+33+35,U > 1 > 2 > 3 > 4 > 3,16
0.0075,428,BASE_UNSTABLE > 30|33|35|37 > 30|33|37 > 30|33|35+37 > 30|33 > 33|30+35|30+37 > 30+33|30+35|30+37|33+35|33+37 > 30+33|30+37|33+35|33+37 > 30+33|33+35|30+35+37 > 30+33|30+35+37|33+35+37 > 30+33|33+35+37 > 30+33+35|30+33+37|33+35+37 > 30+33+35|30+33+37 > 30+33+35 > 30+33+35+37 > 30+33+35 > 30+33+35|30+35+37 > 30+33+35|30+33+37|30+35+37 > 30+33+35|30+33+37 > 30+33+35,U > 1 > 2 > 3 > 4 > 3,16
0.0078125,297,BASE_UNSTABLE > 30|33|35|37 > 30|33|37 > 30|33|35+37 > 30|33 > 33|30+35|30+37 > 30+33|30+35|30+37|33+35|33+37 > 30+33|30+37|33+35|33+37 > 30+33|30+37|33+35 > 30+33|33+35|30+35+37 > 30+33|30+35+37|33+35+37 > 30+33|33+35+37 > 30+33+35|30+33+37|33+35+37 > 30+33+35|30+33+37 > 30+33+35 > 30+33+35+37 > 30+33+35 > 30+33+35|30+35+37 > 30+33+35|30+33+37|30+35+37 > 30+33+35|30+33+37 > 30+33+35,U > 1 > 2 > 3 > 4 > 3,17
0.008125,363,BASE_UNSTABLE > 30|33|35|37 > 30|33|37 > 30|33|35+37 > 30|33 > 33|30+35|30+37 > 30+33|30+35|30+37|33+35|33+37 > 30+33|30+37|33+35|33+37 > 30+33|30+37|33+35 > 30+33|33+35|30+35+37 > 30+33|30+35+37|33+35+37 > 30+33|33+35+37 > 30+33+35|30+33+37|33+35+37 > 30+33+35|30+33+37 > 30+33+35 > 30+33+35+37 > 30+33+35 > 30+33+35|30+35+37 > 30+33+35|30+33+37|30+35+37 > 30+33+35|30+33+37 > 30+33+35,U > 1 > 2 > 3 > 4 > 3,17
0.0084375,297,BASE_UNSTABLE > 30|33|35|37 > 30|33|37 > 30|33|35+37 > 30|33 > 33|30+35|30+37 > 30+33|30+35|30+37|33+35|33+37 > 30+33|30+37|33+35|33+37 > 30+33|33+35|30+35+37 > 30+33|30+35+37|33+35+37 > 30+33|33+35+37 > 30+33+35|30+33+37|33+35+37 > 30+33+35|30+33+37 > 30+33+35 > 30+33+35+37 > 30+33+35 > 30+33+35|30+35+37 > 30+33+35 > 30+33+35|30+33+37 > 30+33+35,U > 1 > 2 > 3 > 4 > 3,15
0.00875,443,BASE_UNSTABLE > 30|33|35|37 > 30|33|37 > 30|33|35+37 > 30|33 > 33|30+35|30+37 > 30+33|30+35|30+37|33+35|33+37 > 30+33|30+37|33+35|33+37 > 30+33|33+35|30+35+37 > 30+33|30+35+37|33+35+37 > 30+33|33+35+37 > 30+33+35|30+33+37|33+35+37 > 30+33+35|30+33+37 > 30+33+35 > 30+33+35+37 > 30+33+35 > 30+33+35|30+35+37 > 30+33+35 > 30+33+35|30+33+37 > 30+33+35,U > 1 > 2 > 3 > 4 > 3,15
0.0090625,373,BASE_UNSTABLE > 30|33|35|37 > 30|33|37 > 30|33|35+37 > 30|33 > 33|30+35|30+37 > 30+33|30+35|30+37|33+35|33+37 > 30+33|30+37|33+35|33+37 > 30+33|33+35|30+35+37 > 30+33|30+35+37|33+35+37 > 30+33|33+35+37 > 30+33+35|30+33+37|33+35+37 > 30+33+35|30+33+37 > 30+33+35 > 30+33+35+37 > 30+33+35 > 30+33+35|30+35+37 > 30+33+35 > 30+33+35|30+33+37 > 30+33+35,U > 1 > 2 > 3 > 4 > 3,15
0.009375,401,BASE_UNSTABLE > 30|33|35|37 > 30|33|37 > 30|33|35+37 > 30|33 > 33|30+35|30+37 > 30+33|30+35|30+37|33+35|33+37 > 30+33|30+37|33+35|33+37 > 30+33|33+35|30+35+37 > 30+33|30+35+37|33+35+37 > 30+33|33+35+37 > 30+33+35|30+33+37|33+35+37 > 30+33+35|30+33+37 > 30+33+35 > 30+33+35+37 > 30+33+35 > 30+33+35|30+35+37 > 30+33+35 > 30+33+35|30+33+37 > 30+33+35,U > 1 > 2 > 3 > 4 > 3,15
0.0096875,373,BASE_UNSTABLE > 30|33|35|37 > 30|33|37 > 30|33|35+37 > 30|33 > 33|30+35|30+37 > 30+33|30+35|30+37|33+35|33+37 > 30+33|30+37|33+35|33+37 > 30+33|33+35|30+35+37 > 30+33|30+35+37|33+35+37 > 30+33|33+35+37 > 30+33+35|30+33+37|33+35+37 > 30+33+35|30+33+37 > 30+33+35 > 30+33+35+37 > EMPTY > 30+33+35+37 > 30+33+35 > 30+33+35|30+33+37,U > 1 > 2 > 3 > 4 > inf > 4 > 3,15
0.01,517,BASE_UNSTABLE > 30|33|35|37 > 30|33|37 > 30|33|35+37 > 30|33 > 33|30+35|30+37 > 30+33|30+35|30+37|33+35|33+37 > 30+33|30+37|33+35|33+37 > 30+33|33+35|30+35+37 > 30+33|30+35+37|33+35+37 > 30+33|33+35+37 > 30+33+35|30+33+37|33+35+37 > 30+33+35|30+33+37 > 30+33+35 > 30+33+35+37 > EMPTY > 30+33+35+37 > 30+33+35 > 30+33+35|30+33+37,U > 1 > 2 > 3 > 4 > inf > 4 > 3,15
0.0103125,413,BASE_UNSTABLE > 30|33|35|37 > 30|33|37 > 30|33|35+37 > 30|33 > 33|30+35|30+37 > 30+33|30+35|30+37|33+35|33+37 > 30+33|30+37|33+35|33+37 > 30+33|33+35|30+35+37 > 30+33|30+35+37|33+35+37 > 30+33|33+35+37 > 30+33+35|30+33+37|33+35+37 > 30+33+35|30+33+37 > 30+33+35 > 30+33+35+37 > EMPTY > 30+33+35+37 > 30+33+35 > 30+33+35|30+33+37,U > 1 > 2 > 3 > 4 > inf > 4 > 3,15
0.010625,456,BASE_UNSTABLE > 30|33|35|37 > 30|33|37 > 30|33|35+37 > 30|33 > 33|30+35|30+37 > 30+33|30+35|30+37|33+35|33+37 > 30+33|30+37|33+35|33+37 > 30+33|33+35|30+35+37 > 30+33|30+35+37|33+35+37 > 30+33|33+35+37 > 30+33+35|30+33+37|33+35+37 > 30+33+35|30+33+37 > 30+33+35 > 30+33+35+37 > EMPTY > 30+33+35+37 > 30+33+35 > 30+33+35|30+33+37,U > 1 > 2 > 3 > 4 > inf > 4 > 3,15
0.0109375,413,BASE_UNSTABLE > 30|33|35|37 > 30|33|37 > 30|33|35+37 > 30|33 > 33|30+35|30+37 > 30+33|30+35|30+37|33+35|33+37 > 30+33|30+37|33+35|33+37 > 30+33|33+35|30+35+37 > 30+33|30+35+37|33+35+37 > 30+33|33+35+37 > 30+33+35|30+33+37|33+35+37 > 30+33+35|30+33+37 > 30+33+35 > 30+33+35+37 > EMPTY > 30+33+35+37 > 30+33+35,U > 1 > 2 > 3 > 4 > inf > 4 > 3,15
0.01125,520,BASE_UNSTABLE > 30|33|35|37 > 30|33|37 > 30|33|35+37 > 30|33 > 33|30+35|30+37 > 30+33|30+35|30+37|33+35|33+37 > 30+33|30+37|33+35|33+37 > 30+33|33+35|30+35+37 > 30+33|30+35+37|33+35+37 > 30+33|33+35+37 > 30+33+35|30+33+37|33+35+37 > 30+33+35|30+33+37 > 30+33+35 > 30+33+35+37 > EMPTY > 30+33+35+37 > 30+33+35,U > 1 > 2 > 3 > 4 > inf > 4 > 3,15
0.0115625,371,BASE_UNSTABLE > 30|33|35|37 > 30|33|37 > 30|33|35+37 > 30|33 > 33|30+35|30+37 > 30+33|30+35|30+37|33+35|33+37 > 30+33|30+37|33+35|33+37 > 30+33|33+35|30+35+37 > 30+33|30+35+37|33+35+37 > 30+33|33+35+37 > 30+33+35|30+33+37|33+35+37 > 30+33+35|30+33+37 > 30+33+35 > 30+33+35+37 > EMPTY > 30+33+35+37 > 30+33+35,U > 1 > 2 > 3 > 4 > inf > 4 > 3,15
0.011875,434,BASE_UNSTABLE > 30|33|35|37 > 30|33|37 > 30|33|35+37 > 30|33 > 33|30+35|30+37 > 30+33|30+35|30+37|33+35|33+37 > 30+33|30+37|33+35|33+37 > 30+33|33+35|33+37|30+35+37 > 30+33|33+35|30+35+37 > 30+33|30+35+37|33+35+37 > 30+33|33+35+37 > 30+33+35|30+33+37|33+35+37 > 30+33+35|30+33+37 > 30+33+35 > 30+33+35+37 > EMPTY > 30+33+35+37 > 30+33+35,U > 1 > 2 > 3 > 4 > inf > 4 > 3,16
0.0121875,371,BASE_UNSTABLE > 30|33|35|37 > 30|33|37 > 30|33|35+37 > 30|33 > 33|30+35|30+37 > 30+33|30+35|30+37|33+35|33+37 > 30+33|30+37|33+35|33+37 > 30+33|33+35|33+37|30+35+37 > 30+33|33+35|30+35+37 > 30+33|30+35+37|33+35+37 > 30+33|33+35+37 > 30+33+35|30+33+37|33+35+37 > 30+33+35|30+33+37 > 30+33+35 > 30+33+35+37 > EMPTY > 30+33+35+37 > 30+33+35,U > 1 > 2 > 3 > 4 > inf > 4 > 3,16
0.0125,525,BASE_UNSTABLE > 30|33|35|37 > 30|33|37 > 30|33|35+37 > 30|33 > 33|30+35|30+37 > 30+33|30+35|30+37|33+35|33+37 > 30+33|30+37|33+35|33+37 > 30+33|33+35|33+37|30+35+37 > 30+33|33+35|30+35+37 > 30+33|30+35+37|33+35+37 > 30+33|33+35+37 > 30+33+35|30+33+37|33+35+37 > 30+33+35|30+33+37 > 30+33+35 > 30+33+35+37 > EMPTY > 30+33+35+37 > 30+33+35,U > 1 > 2 > 3 > 4 > inf > 4 > 3,16
0.0128125,358,BASE_UNSTABLE > 30|33|35|37 > 30|33|37 > 30|33|35+37 > 30|33 > 33|30+35|30+37 > 30+33|30+35|30+37|33+35|33+37 > 30+33|30+37|33+35|33+37 > 30+33|33+35|33+37|30+35+37 > 30+33|33+35|30+35+37 > 30+33|30+35+37|33+35+37 > 30+33|33+35+37 > 30+33+35|30+33+37|33+35+37 > 30+33+35|30+33+37 > 30+33+35 > 30+33+35+37 > EMPTY > 30+33+35+37 > 30+33+35,U > 1 > 2 > 3 > 4 > inf > 4 > 3,16
0.013125,404,BASE_UNSTABLE > 30|33|35|37 > 30|33|37 > 30|33|35+37 > 30|33 > 33|30+35|30+37 > 30+33|30+35|30+37|33+35|33+37 > 30+33|30+37|33+35|33+37 > 30+33|33+35|30+35+37 > 30+33|30+35+37|33+35+37 > 30+33|33+35+37 > 30+33+35|30+33+37|33+35+37 > 30+33+35|30+33+37 > 30+33+35 > 30+33+35+37 > EMPTY > 30+33+35+37 > 30+33+35,U > 1 > 2 > 3 > 4 > inf > 4 > 3,15
0.0134375,358,BASE_UNSTABLE > 30|33|35|37 > 30|33|37 > 30|33|35+37 > 30|33 > 33|30+35|30+37 > 30+33|30+35|30+37|33+35|33+37 > 30+33|30+37|33+35|33+37 > 30+33|33+35|30+35+37 > 30+33|30+35+37|33+35+37 > 30+33|33+35+37 > 30+33+35|30+33+37|33+35+37 > 30+33+35|30+33+37 > 30+33+35 > 30+33+35+37 > EMPTY > 30+33+35+37 > 30+33+35,U > 1 > 2 > 3 > 4 > inf > 4 > 3,15
0.01375,478,BASE_UNSTABLE > 30|33|35|37 > 30|33|37 > 30|33|35+37 > 30|33 > 33|30+35|30+37 > 30+33|30+35|30+37|33+35|33+37 > 30+33|30+37|33+35|33+37 > 30+33|33+35|30+35+37 > 30+33|30+35+37|33+35+37 > 30+33|33+35+37 > 30+33+35|30+33+37|33+35+37 > 30+33+35|30+33+37 > 30+33+35 > 30+33+35+37 > EMPTY > 30+33+35+37 > 30+33+35,U > 1 > 2 > 3 > 4 > inf > 4 > 3,15
0.0140625,353,BASE_UNSTABLE > 30|33|35|37 > 30|33|37 > 30|33|35+37 > 30|33 > 33|30+35|30+37 > 30+33|30+35|30+37|33+35|33+37 > 30+33|30+37|33+35|33+37 > 30+33|33+35|30+35+37 > 30+33|30+35+37|33+35+37 > 30+33|33+35+37 > 30+33+35|30+33+37|33+35+37 > 30+33+35|30+33+37 > 30+33+35 > 30+33+35+37 > EMPTY > 30+33+35+37 > 30+33+35,U > 1 > 2 > 3 > 4 > inf > 4 > 3,15
0.014375,402,BASE_UNSTABLE > 30|33|35|37 > 30|33|37 > 30|33|35+37 > 30|33 > 33|30+35|30+37 > 30+33|30+35|30+37|33+35|33+37 > 30+33|30+37|33+35|33+37 > 30+33|33+35|30+35+37 > 30+33|30+35+37|33+35+37 > 30+33|33+35+37 > 30+33+35|30+33+37|33+35+37 > 30+33+35|30+33+37 > 30+33+35 > 30+33+35+37 > EMPTY > 30+33+35+37 > 30+33+35,U > 1 > 2 > 3 > 4 > inf > 4 > 3,15
0.0146875,353,BASE_UNSTABLE > 30|33|35|37 > 30|33|37 > 30|33|35+37 > 30|33 > 33|30+35|30+37 > 30+33|30+35|30+37|33+35|33+37 > 30+33|30+37|33+35|33+37 > 30+33|33+35|30+35+37 > 30+33|30+35+37|33+35+37 > 30+33|33+35+37 > 30+33+35|30+33+37|33+35+37 > 30+33+35|30+33+37 > 30+33+35 > 30+33+35+37 > EMPTY > 30+33+35+37 > 30+33+35,U > 1 > 2 > 3 > 4 > inf > 4 > 3,15
0.015,487,BASE_UNSTABLE > 30|33|35|37 > 30|33|37 > 30|33|35+37 > 30|33 > 33|30+35|30+37 > 30+33|30+35|30+37|33+35|33+37 > 30+33|30+37|33+35|33+37 > 30+33|33+35|30+35+37 > 30+33|30+35+37|33+35+37 > 30+33|33+35+37 > 30+33+35|30+33+37|33+35+37 > 30+33+35|30+33+37 > 30+33+35 > 30+33+35+37 > EMPTY > 30+33+35+37 > 30+33+35,U > 1 > 2 > 3 > 4 > inf > 4 > 3,15
0.0153125,333,BASE_UNSTABLE > 30|33|35|37 > 30|33|37 > 30|33|35+37 > 30|33 > 33|30+35|30+37 > 30+33|30+35|30+37|33+35|33+37 > 30+33|30+37|33+35|33+37 > 30+33|33+35|33+37|30+35+37 > 30+33|33+35|30+35+37 > 30+33|30+35+37|33+35+37 > 30+33|33+35+37 > 30+33+35|30+33+37|33+35+37 > 30+33+35|30+33+37 > 30+33+35 > 30+33+35+37 > EMPTY > 30+33+35+37 > 30+33+35,U > 1 > 2 > 3 > 4 > inf > 4 > 3,16
0.015625,363,BASE_UNSTABLE > 30|33|35|37 > 30|33|37 > 30|33|35+37 > 30|33 > 33|30+35|30+37 > 30+33|30+35|30+37|33+35|33+37 > 30+33|30+37|33+35|33+37 > 30+33|33+35|33+37|30+35+37 > 30+33|33+35|30+35+37 > 30+33|30+35+37|33+35+37 > 30+33|33+35+37 > 30+33+35|30+33+37|33+35+37 > 30+33+35|30+33+37 > 30+33+35 > 30+33+35+37 > EMPTY > 30+33+35+37 > 30+33+35,U > 1 > 2 > 3 > 4 > inf > 4 > 3,16
0.0159375,333,BASE_UNSTABLE > 30|33|35|37 > 30|33|37 > 30|33|35+37 > 30|33 > 33|30+35|30+37 > 30+33|30+35|30+37|33+35|33+37 > 30+33|30+37|33+35|33+37 > 30+33|33+35|33+37|30+35+37 > 30+33|33+35|30+35+37 > 30+33|30+35+37|33+35+37 > 30+33|33+35+37 > 30+33+35|30+33+37|33+35+37 > 30+33+35|30+33+37 > 30+33+35 > 30+33+35+37 > EMPTY > 30+33+35+37 > 30+33+35,U > 1 > 2 > 3 > 4 > inf > 4 > 3,16
0.01625,391,BASE_UNSTABLE > 30|33|35|37 > 30|33|37 > 30|33|35+37 > 30|33 > 33|30+35|30+37 > 30+33|30+35|30+37|33+35|33+37 > 30+33|30+37|33+35|33+37 > 30+33|33+35|33+37|30+35+37 > 30+33|33+35|30+35+37 > 30+33|30+35+37|33+35+37 > 30+33|33+35+37 > 30+33+35|30+33+37|33+35+37 > 30+33+35|30+33+37 > 30+33+35 > 30+33+35+37 > EMPTY > 30+33+35+37,U > 1 > 2 > 3 > 4 > inf > 4,16
0.0165625,320,BASE_UNSTABLE > 30|33|35|37 > 30|33|37 > 30|33|35+37 > 30|33 > 33|30+35|30+37 > 30+33|30+35|30+37|33+35|33+37 > 30+33|30+37|33+35|33+37 > 30+33|33+35|33+37|30+35+37 > 30+33|33+35|30+35+37 > 30+33|30+35+37|33+35+37 > 30+33|33+35+37 > 30+33+35|30+33+37|33+35+37 > 30+33+35|30+33+37 > 30+33+35 > 30+33+35+37 > EMPTY > 30+33+35+37,U > 1 > 2 > 3 > 4 > inf > 4,16
0.016875,357,BASE_UNSTABLE > 30|33|35|37 > 30|33|37 > 30|33|35+37 > 30|33 > 33|30+35|30+37 > 30+33|30+35|30+37|33+35|33+37 > 30+33|30+37|33+35|33+37 > 30+33|33+35|33+37|30+35+37 > 30+33|33+35|30+35+37 > 30+33|30+35+37|33+35+37 > 30+33|33+35+37 > 30+33+35|30+33+37|33+35+37 > 30+33+35|30+33+37 > 30+33+35 > 30+33+35+37 > EMPTY > 30+33+35+37,U > 1 > 2 > 3 > 4 > inf > 4,16
0.0171875,320,BASE_UNSTABLE > 30|33|35|37 > 30|33|37 > 30|33|35+37 > 30|33 > 33|30+35|30+37 > 30+33|30+35|30+37|33+35|33+37 > 30+33|30+37|33+35|33+37 > 30+33|33+35|33+37|30+35+37 > 30+33|33+35|30+35+37 > 30+33|30+35+37|33+35+37 > 30+33|33+35+37 > 30+33+35|30+33+37|33+35+37 > 30+33+35|30+33+37 > 30+33+35 > 30+33+35+37 > EMPTY > 30+33+35+37,U > 1 > 2 > 3 > 4 > inf > 4,16
0.0175,393,BASE_UNSTABLE > 30|33|35|37 > 30|33|37 > 30|33|35+37 > 30|33 > 33|30+35|30+37 > 30+33|30+35|30+37|33+35|33+37 > 30+33|30+37|33+35|33+37 > 30+33|33+35|33+37|30+35+37 > 30+33|33+35|30+35+37 > 30+33|30+35+37|33+35+37 > 30+33|33+35+37 > 30+33+35|30+33+37|33+35+37 > 30+33+35|30+33+37 > 30+33+35 > 30+33+35+37 > EMPTY > 30+33+35+37,U > 1 > 2 > 3 > 4 > inf > 4,16
0.0178125,256,BASE_UNSTABLE > 30|33|35|37 > 30|33|37 > 30|33|35+37 > 30|33 > 33|30+35|30+37 > 30+33|30+35|30+37|33+35|33+37 > 30+33|30+37|33+35|33+37 > 30+33|33+35|33+37|30+35+37 > 30+33|33+35|30+35+37 > 30+33|30+35+37|33+35+37 > 30+33|33+35+37 > 30+33+35|30+33+37|33+35+37 > 30+33+35|30+33+37 > 30+33+35 > 30+33+35+37 > EMPTY > 30+33+35+37,U > 1 > 2 > 3 > 4 > inf > 4,16
0.018125,265,BASE_UNSTABLE > 30|33|35|37 > 30|33|37 > 30|33|35+37 > 30|33 > 33|30+35|30+37 > 30+33|30+35|30+37|33+35|33+37 > 30+33|30+37|33+35|33+37 > 30+33|33+35|33+37|30+35+37 > 30+33|33+35|30+35+37 > 30+33|30+35+37|33+35+37 > 30+33|33+35+37 > 30+33+35|30+33+37|33+35+37 > 30+33+35|30+33+37 > 30+33+35 > 30+33+35+37 > EMPTY > 30+33+35+37,U > 1 > 2 > 3 > 4 > inf > 4,16
0.0184375,256,BASE_UNSTABLE > 30|33|35|37 > 30|33|37 > 30|33|35+37 > 30|33 > 33|30+35|30+37 > 30+33|30+35|30+37|33+35|33+37 > 30+33|30+37|33+35|33+37 > 30+33|33+35|33+37|30+35+37 > 30+33|33+35|30+35+37 > 30+33|30+35+37|33+35+37 > 30+33|33+35+37 > 30+33+35|30+33+37|33+35+37 > 30+33+35|30+33+37 > 30+33+35 > 30+33+35+37 > EMPTY > 30+33+35+37,U > 1 > 2 > 3 > 4 > inf > 4,16
0.01875,303,BASE_UNSTABLE > 30|33|35|37 > 30|33|37 > 30|33|35+37 > 30|33 > 33|30+35|30+37 > 30+33|30+35|30+37|33+35|33+37 > 30+33|30+37|33+35|33+37 > 30+33|33+35|30+35+37 > 30+33|30+35+37|33+35+37 > 30+33|33+35+37 > 30+33+35|30+33+37|33+35+37 > 30+33+35|30+33+37 > 30+33+35 > 30+33+35+37 > EMPTY,U > 1 > 2 > 3 > 4 > inf,15
0.0190625,168,BASE_UNSTABLE > 30|33|35|37 > 30|33|37 > 30|33|35+37 > 30|33 > 33|30+35|30+37 > 30+33|30+35|30+37|33+35|33+37 > 30+33|30+37|33+35|33+37 > 30+33|33+35|33+37|30+35+37 > 30+33|33+35|30+35+37 > 30+33|30+35+37|33+35+37 > 30+33|33+35+37 > 30+33+35|30+33+37|33+35+37 > 30+33+35|30+33+37 > 30+33+35 > 30+33+35+37 > EMPTY,U > 1 > 2 > 3 > 4 > inf,16
0.019375,221,BASE_UNSTABLE > 30|33|35|37 > 30|33|37 > 30|33|35+37 > 30|33 > 33|30+35|30+37 > 30+33|30+35|30+37|33+35|33+37 > 30+33|30+37|33+35|33+37 > 30+33|33+35|33+37|30+35+37 > 30+33|33+35|30+35+37 > 30+33|30+35+37|33+35+37 > 30+33|33+35+37 > 30+33+35|30+33+37|33+35+37 > 30+33+35|30+33+37 > 30+33+35 > 30+33+35+37 > EMPTY,U > 1 > 2 > 3 > 4 > inf,16
0.0196875,168,BASE_UNSTABLE > 30|33|35|37 > 30|33|37 > 30|33|35+37 > 30|33 > 33|30+35|30+37 > 30+33|30+35|30+37|33+35|33+37 > 30+33|30+37|33+35|33+37 > 30+33|33+35|33+37|30+35+37 > 30+33|33+35|30+35+37 > 30+33|30+35+37|33+35+37 > 30+33|33+35+37 > 30+33+35|30+33+37|33+35+37 > 30+33+35|30+33+37 > 30+33+35 > 30+33+35+37 > EMPTY,U > 1 > 2 > 3 > 4 > inf,16
0.02,283,BASE_UNSTABLE > 30|33|35|37 > 30|33|37 > 30|33|35+37 > 30|33 > 33|30+35|30+37 > 30+33|30+35|30+37|33+35|33+37 > 30+33|30+37|33+35|33+37 > 30+33|33+35|33+37|30+35+37 > 30+33|33+35|30+35+37 > 30+33|30+35+37|33+35+37 > 30+33|33+35+37 > 30+33+35|30+33+37|33+35+37 > 30+33+35|30+33+37 > 30+33+35 > 30+33+35+37 > EMPTY,U > 1 > 2 > 3 > 4 > inf,16
0.0203125,103,BASE_UNSTABLE > 30|33|35|37 > 30|33|37 > 30|33|35+37 > 30|33 > 33|30+35|30+37 > 30+33|30+35|30+37|33+35|33+37 > 30+33|30+37|33+35|33+37 > 30+33|33+35|33+37|30+35+37 > 30+33|33+35|30+35+37 > 30+33|30+35+37|33+35+37 > 30+33|33+35+37 > 30+33+35|30+33+37|33+35+37 > 30+33+35|30+33+37 > 30+33+35 > 30+33+35+37 > EMPTY,U > 1 > 2 > 3 > 4 > inf,16
0.020625,109,BASE_UNSTABLE > 30|33|35|37 > 30|33|37 > 30|33|35+37 > 30|33 > 33|30+35|30+37 > 30+33|30+35|30+37|33+35|33+37 > 30+33|30+37|33+35|33+37 > 30+33|33+35|33+37|30+35+37 > 30+33|33+35|30+35+37 > 30+33|30+35+37|33+35+37 > 30+33|33+35+37 > 30+33+35|30+33+37|33+35+37 > 30+33+35|30+33+37 > 30+33+35 > 30+33+35+37 > EMPTY,U > 1 > 2 > 3 > 4 > inf,16
0.0209375,103,BASE_UNSTABLE > 30|33|35|37 > 30|33|37 > 30|33|35+37 > 30|33 > 33|30+35|30+37 > 30+33|30+35|30+37|33+35|33+37 > 30+33|30+37|33+35|33+37 > 30+33|33+35|33+37|30+35+37 > 30+33|33+35|30+35+37 > 30+33|30+35+37|33+35+37 > 30+33|33+35+37 > 30+33+35|30+33+37|33+35+37 > 30+33+35|30+33+37 > 30+33+35 > 30+33+35+37 > EMPTY,U > 1 > 2 > 3 > 4 > inf,16
0.02125,112,BASE_UNSTABLE > 30|33|35|37 > 30|33|37 > 30|33|35+37 > 30|33 > 33|30+35|30+37 > 30+33|30+35|30+37|33+35|33+37 > 30+33|30+37|33+35|33+37 > 30+33|33+35|33+37|30+35+37 > 30+33|33+35|30+35+37 > 30+33|30+35+37|33+35+37 > 30+33|33+35+37 > 30+33+35|30+33+37|33+35+37 > 30+33+35|30+33+37 > 30+33+35 > 30+33+35+37 > EMPTY,U > 1 > 2 > 3 > 4 > inf,16
0.0215625,103,BASE_UNSTABLE > 30|33|35|37 > 30|33|37 > 30|33|35+37 > 30|33 > 33|30+35|30+37 > 30+33|30+35|30+37|33+35|33+37 > 30+33|30+37|33+35|33+37 > 30+33|33+35|33+37|30+35+37 > 30+33|33+35|30+35+37 > 30+33|30+35+37|33+35+37 > 30+33|33+35+37 > 30+33+35|30+33+37|33+35+37 > 30+33+35|30+33+37 > 30+33+35 > 30+33+35+37 > EMPTY,U > 1 > 2 > 3 > 4 > inf,16
0.021875,109,BASE_UNSTABLE > 30|33|35|37 > 30|33|37 > 30|33|35+37 > 30|33 > 33|30+35|30+37 > 30+33|30+35|30+37|33+35|33+37 > 30+33|30+37|33+35|33+37 > 30+33|33+35|33+37|30+35+37 > 30+33|33+35|30+35+37 > 30+33|30+35+37|33+35+37 > 30+33|33+35+37 > 30+33+35|30+33+37|33+35+37 > 30+33+35|30+33+37 > 30+33+35 > 30+33+35+37 > EMPTY,U > 1 > 2 > 3 > 4 > inf,16
0.0221875,103,BASE_UNSTABLE > 30|33|35|37 > 30|33|37 > 30|33|35+37 > 30|33 > 33|30+35|30+37 > 30+33|30+35|30+37|33+35|33+37 > 30+33|30+37|33+35|33+37 > 30+33|33+35|33+37|30+35+37 > 30+33|33+35|30+35+37 > 30+33|30+35+37|33+35+37 > 30+33|33+35+37 > 30+33+35|30+33+37|33+35+37 > 30+33+35|30+33+37 > 30+33+35 > 30+33+35+37 > EMPTY,U > 1 > 2 > 3 > 4 > inf,16
0.0225,115,BASE_UNSTABLE > 30|33|35|37 > 30|33|37 > 30|33|35+37 > 30|33 > 33|30+35|30+37 > 30+33|30+35|30+37|33+35|33+37 > 30+33|30+37|33+35|33+37 > 30+33|33+35|33+37|30+35+37 > 30+33|33+35|30+35+37 > 30+33|30+35+37|33+35+37 > 30+33|33+35+37 > 30+33+35|30+33+37|33+35+37 > 30+33+35|30+33+37 > 30+33+35 > 30+33+35+37 > EMPTY,U > 1 > 2 > 3 > 4 > inf,16
0.0228125,103,BASE_UNSTABLE > 30|33|35|37 > 30|33|37 > 30|33|35+37 > 30|33 > 33|30+35|30+37 > 30+33|30+35|30+37|33+35|33+37 > 30+33|30+37|33+35|33+37 > 30+33|33+35|33+37|30+35+37 > 30+33|33+35|30+35+37 > 30+33|30+35+37|33+35+37 > 30+33|33+35+37 > 30+33+35|30+33+37|33+35+37 > 30+33+35|30+33+37 > 30+33+35 > 30+33+35+37 > EMPTY,U > 1 > 2 > 3 > 4 > inf,16
0.023125,109,BASE_UNSTABLE > 30|33|35|37 > 30|33|37 > 30|33|35+37 > 30|33 > 33|30+35|30+37 > 30+33|30+35|30+37|33+35|33+37 > 30+33|30+37|33+35|33+37 > 30+33|33+35|33+37|30+35+37 > 30+33|33+35|30+35+37 > 30+33|30+35+37|33+35+37 > 30+33|33+35+37 > 30+33+35|30+33+37|33+35+37 > 30+33+35|30+33+37 > 30+33+35 > 30+33+35+37 > EMPTY,U > 1 > 2 > 3 > 4 > inf,16
0.0234375,103,BASE_UNSTABLE > 30|33|35|37 > 30|33|37 > 30|33|35+37 > 30|33 > 33|30+35|30+37 > 30+33|30+35|30+37|33+35|33+37 > 30+33|30+37|33+35|33+37 > 30+33|33+35|33+37|30+35+37 > 30+33|33+35|30+35+37 > 30+33|30+35+37|33+35+37 > 30+33|33+35+37 > 30+33+35|30+33+37|33+35+37 > 30+33+35|30+33+37 > 30+33+35 > 30+33+35+37 > EMPTY,U > 1 > 2 > 3 > 4 > inf,16
0.02375,112,BASE_UNSTABLE > 30|33|35|37 > 30|33|37 > 30|33|35+37 > 30|33 > 33|30+35|30+37 > 30+33|30+35|30+37|33+35|33+37 > 30+33|30+37|33+35|33+37 > 30+33|33+35|33+37|30+35+37 > 30+33|33+35|30+35+37 > 30+33|30+35+37|33+35+37 > 30+33|33+35+37 > 30+33+35|30+33+37|33+35+37 > 30+33+35|30+33+37 > 30+33+35 > 30+33+35+37 > EMPTY,U > 1 > 2 > 3 > 4 > inf,16
0.0240625,103,BASE_UNSTABLE > 30|33|35|37 > 30|33|37 > 30|33|35+37 > 30|33 > 33|30+35|30+37 > 30+33|30+35|30+37|33+35|33+37 > 30+33|30+37|33+35|33+37 > 30+33|33+35|33+37|30+35+37 > 30+33|33+35|30+35+37 > 30+33|30+35+37|33+35+37 > 30+33|33+35+37 > 30+33+35|30+33+37|33+35+37 > 30+33+35|30+33+37 > 30+33+35 > 30+33+35+37 > EMPTY,U > 1 > 2 > 3 > 4 > inf,16
0.024375,109,BASE_UNSTABLE > 30|33|35|37 > 30|33|37 > 30|33|35+37 > 30|33 > 33|30+35|30+37 > 30+33|30+35|30+37|33+35|33+37 > 30+33|30+37|33+35|33+37 > 30+33|33+35|33+37|30+35+37 > 30+33|33+35|30+35+37 > 30+33|30+35+37|33+35+37 > 30+33|33+35+37 > 30+33+35|30+33+37|33+35+37 > 30+33+35|30+33+37 > 30+33+35 > 30+33+35+37 > EMPTY,U > 1 > 2 > 3 > 4 > inf,16
0.0246875,103,BASE_UNSTABLE > 30|33|35|37 > 30|33|37 > 30|33|35+37 > 30|33 > 33|30+35|30+37 > 30+33|30+35|30+37|33+35|33+37 > 30+33|30+37|33+35|33+37 > 30+33|33+35|33+37|30+35+37 > 30+33|33+35|30+35+37 > 30+33|30+35+37|33+35+37 > 30+33|33+35+37 > 30+33+35|30+33+37|33+35+37 > 30+33+35|30+33+37 > 30+33+35 > 30+33+35+37 > EMPTY,U > 1 > 2 > 3 > 4 > inf,16
0.025,147,BASE_UNSTABLE > 30|33|35|37 > 30|33|37 > 30|33|35+37 > 30|33 > 33|30+35|30+37 > 30+33|30+35|30+37|33+35|33+37 > 30+33|30+37|33+35|33+37 > 30+33|33+35|33+37|30+35+37 > 30+33|33+35|30+35+37 > 30+33|30+35+37|33+35+37 > 30+33|33+35+37 > 30+33+35|30+33+37|33+35+37 > 30+33+35|30+33+37 > 30+33+35 > 30+33+35+37 > EMPTY,U > 1 > 2 > 3 > 4 > inf,16
0.0253125,107,BASE_UNSTABLE > 30|33|35|37 > 30|33|37 > 30|33|35+37 > 30|33 > 33|30+35|30+37 > 30+33|30+35|30+37|33+35|33+37 > 30+33|30+37|33+35|33+37 > 30+33|33+35|33+37|30+35+37 > 30+33|33+35|30+35+37 > 30+33|30+35+37|33+35+37 > 30+33|33+35+37 > 30+33+35|30+33+37|33+35+37 > 30+33+35|30+33+37 > 30+33+35 > 30+33+35+37 > EMPTY,U > 1 > 2 > 3 > 4 > inf,16
0.025625,111,BASE_UNSTABLE > 30|33|35|37 > 30|33|37 > 30|33|35+37 > 30|33 > 33|30+35|30+37 > 30+33|30+35|30+37|33+35|33+37 > 30+33|30+37|33+35|33+37 > 30+33|33+35|33+37|30+35+37 > 30+33|33+35|30+35+37 > 30+33|30+35+37|33+35+37 > 30+33|33+35+37 > 30+33+35|30+33+37|33+35+37 > 30+33+35|30+33+37 > 30+33+35 > 30+33+35+37 > EMPTY,U > 1 > 2 > 3 > 4 > inf,16
0.0259375,107,BASE_UNSTABLE > 30|33|35|37 > 30|33|37 > 30|33|35+37 > 30|33 > 33|30+35|30+37 > 30+33|30+35|30+37|33+35|33+37 > 30+33|30+37|33+35|33+37 > 30+33|33+35|33+37|30+35+37 > 30+33|33+35|30+35+37 > 30+33|30+35+37|33+35+37 > 30+33|33+35+37 > 30+33+35|30+33+37|33+35+37 > 30+33+35|30+33+37 > 30+33+35 > 30+33+35+37 > EMPTY,U > 1 > 2 > 3 > 4 > inf,16
0.02625,114,BASE_UNSTABLE > 30|33|35|37 > 30|33|37 > 30|33|35+37 > 30|33 > 33|30+35|30+37 > 30+33|30+35|30+37|33+35|33+37 > 30+33|30+37|33+35|33+37 > 30+33|33+35|33+37|30+35+37 > 30+33|33+35|30+35+37 > 30+33|30+35+37|33+35+37 > 30+33|33+35+37 > 30+33+35|30+33+37|33+35+37 > 30+33+35|30+33+37 > 30+33+35 > 30+33+35+37 > EMPTY,U > 1 > 2 > 3 > 4 > inf,16
0.0265625,107,BASE_UNSTABLE > 30|33|35|37 > 30|33|37 > 30|33|35+37 > 30|33 > 33|30+35|30+37 > 30+33|30+35|30+37|33+35|33+37 > 30+33|30+37|33+35|33+37 > 30+33|33+35|33+37|30+35+37 > 30+33|33+35|30+35+37 > 30+33|30+35+37|33+35+37 > 30+33|33+35+37 > 30+33+35|30+33+37|33+35+37 > 30+33+35|30+33+37 > 30+33+35 > 30+33+35+37 > EMPTY,U > 1 > 2 > 3 > 4 > inf,16
0.026875,111,BASE_UNSTABLE > 30|33|35|37 > 30|33|37 > 30|33|35+37 > 30|33 > 33|30+35|30+37 > 30+33|30+35|30+37|33+35|33+37 > 30+33|30+37|33+35|33+37 > 30+33|33+35|33+37|30+35+37 > 30+33|33+35|30+35+37 > 30+33|30+35+37|33+35+37 > 30+33|33+35+37 > 30+33+35|30+33+37|33+35+37 > 30+33+35|30+33+37 > 30+33+35 > 30+33+35+37 > EMPTY,U > 1 > 2 > 3 > 4 > inf,16
0.0271875,107,BASE_UNSTABLE > 30|33|35|37 > 30|33|37 > 30|33|35+37 > 30|33 > 33|30+35|30+37 > 30+33|30+35|30+37|33+35|33+37 > 30+33|30+37|33+35|33+37 > 30+33|33+35|33+37|30+35+37 > 30+33|33+35|30+35+37 > 30+33|30+35+37|33+35+37 > 30+33|33+35+37 > 30+33+35|30+33+37|33+35+37 > 30+33+35|30+33+37 > 30+33+35 > 30+33+35+37 > EMPTY,U > 1 > 2 > 3 > 4 > inf,16
0.0275,121,BASE_UNSTABLE > 30|33|35|37 > 30|33|37 > 30|33|35+37 > 30|33 > 33|30+35|30+37 > 30+33|30+35|30+37|33+35|33+37 > 30+33|30+37|33+35|33+37 > 30+33|33+35|33+37|30+35+37 > 30+33|33+35|30+35+37 > 30+33|30+35+37|33+35+37 > 30+33|33+35+37 > 30+33+35|30+33+37|33+35+37 > 30+33+35|30+33+37 > 30+33+35 > 30+33+35+37 > EMPTY,U > 1 > 2 > 3 > 4 > inf,16
0.0278125,107,BASE_UNSTABLE > 30|33|35|37 > 30|33|37 > 30|33|35+37 > 30|33 > 33|30+35|30+37 > 30+33|30+35|30+37|33+35|33+37 > 30+33|30+37|33+35|33+37 > 30+33|33+35|33+37|30+35+37 > 30+33|33+35|30+35+37 > 30+33|30+35+37|33+35+37 > 30+33|33+35+37 > 30+33+35|30+33+37|33+35+37 > 30+33+35|30+33+37 > 30+33+35 > 30+33+35+37 > EMPTY,U > 1 > 2 > 3 > 4 > inf,16
0.0281249999999999,114,BASE_UNSTABLE > 30|33|35|37 > 30|33|37 > 30|33|35+37 > 30|33 > 33|30+35|30+37 > 30+33|30+35|30+37|33+35|33+37 > 30+33|30+37|33+35|33+37 > 30+33|33+35|33+37|30+35+37 > 30+33|33+35|30+35+37 > 30+33|30+35+37|33+35+37 > 30+33|33+35+37 > 30+33+35|30+33+37|33+35+37 > 30+33+35|30+33+37 > 30+33+35 > 30+33+35+37 > EMPTY,U > 1 > 2 > 3 > 4 > inf,16
0.0284374999999999,107,BASE_UNSTABLE > 30|33|35|37 > 30|33|37 > 30|33|35+37 > 30|33 > 33|30+35|30+37 > 30+33|30+35|30+37|33+35|33+37 > 30+33|30+37|33+35|33+37 > 30+33|33+35|33+37|30+35+37 > 30+33|33+35|30+35+37 > 30+33|30+35+37|33+35+37 > 30+33|33+35+37 > 30+33+35|30+33+37|33+35+37 > 30+33+35|30+33+37 > 30+33+35 > 30+33+35+37 > EMPTY,U > 1 > 2 > 3 > 4 > inf,16
0.0287499999999999,116,BASE_UNSTABLE > 30|33|35|37 > 30|33|37 > 30|33|35+37 > 30|33 > 33|30+35|30+37 > 30+33|30+35|30+37|33+35|33+37 > 30+33|30+37|33+35|33+37 > 30+33|33+35|33+37|30+35+37 > 30+33|33+35|30+35+37 > 30+33|30+35+37|33+35+37 > 30+33|33+35+37 > 30+33+35|30+33+37|33+35+37 > 30+33+35|30+33+37 > 30+33+35 > 30+33+35+37 > EMPTY,U > 1 > 2 > 3 > 4 > inf,16
0.0290624999999999,107,BASE_UNSTABLE > 30|33|35|37 > 30|33|37 > 30|33|35+37 > 30|33 > 33|30+35|30+37 > 30+33|30+35|30+37|33+35|33+37 > 30+33|30+37|33+35|33+37 > 30+33|33+35|33+37|30+35+37 > 30+33|33+35|30+35+37 > 30+33|30+35+37|33+35+37 > 30+33|33+35+37 > 30+33+35|30+33+37|33+35+37 > 30+33+35|30+33+37 > 30+33+35 > 30+33+35+37 > EMPTY,U > 1 > 2 > 3 > 4 > inf,16
0.029375,114,BASE_UNSTABLE > 30|33|35|37 > 30|33|37 > 30|33|35+37 > 30|33 > 33|30+35|30+37 > 30+33|30+35|30+37|33+35|33+37 > 30+33|30+37|33+35|33+37 > 30+33|33+35|33+37|30+35+37 > 30+33|33+35|30+35+37 > 30+33|30+35+37|33+35+37 > 30+33|33+35+37 > 30+33+35|30+33+37|33+35+37 > 30+33+35|30+33+37 > 30+33+35 > 30+33+35+37 > EMPTY,U > 1 > 2 > 3 > 4 > inf,16
0.0296875,107,BASE_UNSTABLE > 30|33|35|37 > 30|33|37 > 30|33|35+37 > 30|33 > 33|30+35|30+37 > 30+33|30+35|30+37|33+35|33+37 > 30+33|30+37|33+35|33+37 > 30+33|33+35|33+37|30+35+37 > 30+33|33+35|30+35+37 > 30+33|30+35+37|33+35+37 > 30+33|33+35+37 > 30+33+35|30+33+37|33+35+37 > 30+33+35|30+33+37 > 30+33+35 > 30+33+35+37 > EMPTY,U > 1 > 2 > 3 > 4 > inf,16
0.03,149,BASE_UNSTABLE > 30|33|35|37 > 30|33|37 > 30|33|35+37 > 30|33 > 33|30+35|30+37 > 30+33|30+35|30+37|33+35|33+37 > 30+33|30+37|33+35|33+37 > 30+33|33+35|33+37|30+35+37 > 30+33|33+35|30+35+37 > 30+33|30+35+37|33+35+37 > 30+33|33+35+37 > 30+33+35|30+33+37|33+35+37 > 30+33+35|30+33+37 > 30+33+35 > 30+33+35+37 > EMPTY,U > 1 > 2 > 3 > 4 > inf,16
0.0303125,107,BASE_UNSTABLE > 30|33|35|37 > 30|33|37 > 30|33|35+37 > 30|33 > 33|30+35|30+37 > 30+33|30+35|30+37|33+35|33+37 > 30+33|30+37|33+35|33+37 > 30+33|33+35|33+37|30+35+37 > 30+33|33+35|30+35+37 > 30+33|30+35+37|33+35+37 > 30+33|33+35+37 > 30+33+35|30+33+37|33+35+37 > 30+33+35|30+33+37 > 30+33+35 > 30+33+35+37 > EMPTY,U > 1 > 2 > 3 > 4 > inf,16
0.030625,114,BASE_UNSTABLE > 30|33|35|37 > 30|33|37 > 30|33|35+37 > 30|33 > 33|30+35|30+37 > 30+33|30+35|30+37|33+35|33+37 > 30+33|30+37|33+35|33+37 > 30+33|33+35|33+37|30+35+37 > 30+33|33+35|30+35+37 > 30+33|30+35+37|33+35+37 > 30+33|33+35+37 > 30+33+35|30+33+37|33+35+37 > 30+33+35|30+33+37 > 30+33+35 > 30+33+35+37 > EMPTY,U > 1 > 2 > 3 > 4 > inf,16
0.0309375,107,BASE_UNSTABLE > 30|33|35|37 > 30|33|37 > 30|33|35+37 > 30|33 > 33|30+35|30+37 > 30+33|30+35|30+37|33+35|33+37 > 30+33|30+37|33+35|33+37 > 30+33|33+35|33+37|30+35+37 > 30+33|33+35|30+35+37 > 30+33|30+35+37|33+35+37 > 30+33|33+35+37 > 30+33+35|30+33+37|33+35+37 > 30+33+35|30+33+37 > 30+33+35 > 30+33+35+37 > EMPTY,U > 1 > 2 > 3 > 4 > inf,16
0.03125,116,BASE_UNSTABLE > 30|33|35|37 > 30|33|37 > 30|33|35+37 > 30|33 > 33|30+35|30+37 > 30+33|30+35|30+37|33+35|33+37 > 30+33|30+37|33+35|33+37 > 30+33|33+35|33+37|30+35+37 > 30+33|33+35|30+35+37 > 30+33|30+35+37|33+35+37 > 30+33|33+35+37 > 30+33+35|30+33+37|33+35+37 > 30+33+35|30+33+37 > 30+33+35 > 30+33+35+37 > EMPTY,U > 1 > 2 > 3 > 4 > inf,16
0.0315625,107,BASE_UNSTABLE > 30|33|35|37 > 30|33|37 > 30|33|35+37 > 30|33 > 33|30+35|30+37 > 30+33|30+35|30+37|33+35|33+37 > 30+33|30+37|33+35|33+37 > 30+33|33+35|33+37|30+35+37 > 30+33|33+35|30+35+37 > 30+33|30+35+37|33+35+37 > 30+33|33+35+37 > 30+33+35|30+33+37|33+35+37 > 30+33+35|30+33+37 > 30+33+35 > 30+33+35+37 > EMPTY,U > 1 > 2 > 3 > 4 > inf,16
0.031875,114,BASE_UNSTABLE > 30|33|35|37 > 30|33|37 > 30|33|35+37 > 30|33 > 33|30+35|30+37 > 30+33|30+35|30+37|33+35|33+37 > 30+33|30+37|33+35|33+37 > 30+33|33+35|33+37|30+35+37 > 30+33|33+35|30+35+37 > 30+33|30+35+37|33+35+37 > 30+33|33+35+37 > 30+33+35|30+33+37|33+35+37 > 30+33+35|30+33+37 > 30+33+35 > 30+33+35+37 > EMPTY,U > 1 > 2 > 3 > 4 > inf,16
0.0321875,107,BASE_UNSTABLE > 30|33|35|37 > 30|33|37 > 30|33|35+37 > 30|33 > 33|30+35|30+37 > 30+33|30+35|30+37|33+35|33+37 > 30+33|30+37|33+35|33+37 > 30+33|33+35|33+37|30+35+37 > 30+33|33+35|30+35+37 > 30+33|30+35+37|33+35+37 > 30+33|33+35+37 > 30+33+35|30+33+37|33+35+37 > 30+33+35|30+33+37 > 30+33+35 > 30+33+35+37 > EMPTY,U > 1 > 2 > 3 > 4 > inf,16
0.0325,123,BASE_UNSTABLE > 30|33|35|37 > 30|33|37 > 30|33|35+37 > 30|33 > 33|30+35|30+37 > 30+33|30+35|30+37|33+35|33+37 > 30+33|30+37|33+35|33+37 > 30+33|33+35|33+37|30+35+37 > 30+33|33+35|30+35+37 > 30+33|30+35+37|33+35+37 > 30+33|33+35+37 > 30+33+35|30+33+37|33+35+37 > 30+33+35|30+33+37 > 30+33+35 > 30+33+35+37 > EMPTY,U > 1 > 2 > 3 > 4 > inf,16
0.0328125,111,BASE_UNSTABLE > 30|33|35|37 > 30|33|37 > 30|33|35+37 > 30|33 > 33|30+35|30+37 > 30+33|30+35|30+37|33+35|33+37 > 30+33|30+37|33+35|33+37 > 30+33|33+35|33+37|30+35+37 > 30+33|33+35|30+35+37 > 30+33|30+35+37|33+35+37 > 30+33|33+35+37 > 30+33+35|30+33+37|33+35+37 > 30+33+35|30+33+37 > 30+33+35 > 30+33+35+37 > EMPTY,U > 1 > 2 > 3 > 4 > inf,16
0.033125,120,BASE_UNSTABLE > 30|33|35|37 > 30|33|37 > 30|33|35+37 > 30|33 > 33|30+35|30+37 > 30+33|30+35|30+37|33+35|33+37 > 30+33|30+37|33+35|33+37 > 30+33|33+35|33+37|30+35+37 > 30+33|33+35|30+35+37 > 30+33|30+35+37|33+35+37 > 30+33|33+35+37 > 30+33+35|30+33+37|33+35+37 > 30+33+35|30+33+37 > 30+33+35 > 30+33+35+37 > EMPTY,U > 1 > 2 > 3 > 4 > inf,16
0.0334375,111,BASE_UNSTABLE > 30|33|35|37 > 30|33|37 > 30|33|35+37 > 30|33 > 33|30+35|30+37 > 30+33|30+35|30+37|33+35|33+37 > 30+33|30+37|33+35|33+37 > 30+33|33+35|33+37|30+35+37 > 30+33|33+35|30+35+37 > 30+33|30+35+37|33+35+37 > 30+33|33+35+37 > 30+33+35|30+33+37|33+35+37 > 30+33+35|30+33+37 > 30+33+35 > 30+33+35+37 > EMPTY,U > 1 > 2 > 3 > 4 > inf,16
0.03375,120,BASE_UNSTABLE > 30|33|35|37 > 30|33|37 > 30|33|35+37 > 30|33 > 33|30+35|30+37 > 30+33|30+35|30+37|33+35|33+37 > 30+33|30+37|33+35|33+37 > 30+33|33+35|33+37|30+35+37 > 30+33|33+35|30+35+37 > 30+33|30+35+37|33+35+37 > 30+33|33+35+37 > 30+33+35|30+33+37|33+35+37 > 30+33+35|30+33+37 > 30+33+35 > 30+33+35+37 > EMPTY,U > 1 > 2 > 3 > 4 > inf,16
0.0340625,111,BASE_UNSTABLE > 30|33|35|37 > 30|33|37 > 30|33|35+37 > 30|33 > 33|30+35|30+37 > 30+33|30+35|30+37|33+35|33+37 > 30+33|30+37|33+35|33+37 > 30+33|33+35|33+37|30+35+37 > 30+33|33+35|30+35+37 > 30+33|30+35+37|33+35+37 > 30+33|33+35+37 > 30+33+35|30+33+37|33+35+37 > 30+33+35|30+33+37 > 30+33+35 > 30+33+35+37 > EMPTY,U > 1 > 2 > 3 > 4 > inf,16
0.034375,120,BASE_UNSTABLE > 30|33|35|37 > 30|33|37 > 30|33|35+37 > 30|33 > 33|30+35|30+37 > 30+33|30+35|30+37|33+35|33+37 > 30+33|30+37|33+35|33+37 > 30+33|33+35|33+37|30+35+37 > 30+33|33+35|30+35+37 > 30+33|30+35+37|33+35+37 > 30+33|33+35+37 > 30+33+35|30+33+37|33+35+37 > 30+33+35|30+33+37 > 30+33+35 > 30+33+35+37 > EMPTY,U > 1 > 2 > 3 > 4 > inf,16
0.0346874999999999,111,BASE_UNSTABLE > 30|33|35|37 > 30|33|37 > 30|33|35+37 > 30|33 > 33|30+35|30+37 > 30+33|30+35|30+37|33+35|33+37 > 30+33|30+37|33+35|33+37 > 30+33|33+35|33+37|30+35+37 > 30+33|33+35|30+35+37 > 30+33|30+35+37|33+35+37 > 30+33|33+35+37 > 30+33+35|30+33+37|33+35+37 > 30+33+35|30+33+37 > 30+33+35 > 30+33+35+37 > EMPTY,U > 1 > 2 > 3 > 4 > inf,16
0.035,157,BASE_UNSTABLE > 30|33|35|37 > 30|33|37 > 30|33|35+37 > 30|33 > 33|30+35|30+37 > 30+33|30+35|30+37|33+35|33+37 > 30+33|30+37|33+35|33+37 > 30+33|33+35|33+37|30+35+37 > 30+33|33+35|30+35+37 > 30+33|30+35+37|33+35+37 > 30+33|33+35+37 > 30+33+35|30+33+37|33+35+37 > 30+33+35|30+33+37 > 30+33+35 > 30+33+35+37 > EMPTY,U > 1 > 2 > 3 > 4 > inf,16
0.0353125,119,BASE_UNSTABLE > 30|33|35|37 > 30|33|37 > 30|33|35+37 > 30|33 > 33|30+35|30+37 > 30+33|30+35|30+37|33+35|33+37 > 30+33|30+37|33+35|33+37 > 30+33|33+35|33+37|30+35+37 > 30+33|33+35|30+35+37 > 30+33|30+35+37|33+35+37 > 30+33|33+35+37 > 30+33+35|30+33+37|33+35+37 > 30+33+35|30+33+37 > 30+33+35 > 30+33+35+37 > EMPTY,U > 1 > 2 > 3 > 4 > inf,16
0.035625,124,BASE_UNSTABLE > 30|33|35|37 > 30|33|37 > 30|33|35+37 > 30|33 > 33|30+35|30+37 > 30+33|30+35|30+37|33+35|33+37 > 30+33|30+37|33+35|33+37 > 30+33|33+35|33+37|30+35+37 > 30+33|33+35|30+35+37 > 30+33|30+35+37|33+35+37 > 30+33|33+35+37 > 30+33+35|30+33+37|33+35+37 > 30+33+35|30+33+37 > 30+33+35 > 30+33+35+37 > EMPTY,U > 1 > 2 > 3 > 4 > inf,16
0.0359375,119,BASE_UNSTABLE > 30|33|35|37 > 30|33|37 > 30|33|35+37 > 30|33 > 33|30+35|30+37 > 30+33|30+35|30+37|33+35|33+37 > 30+33|30+37|33+35|33+37 > 30+33|33+35|33+37|30+35+37 > 30+33|33+35|30+35+37 > 30+33|30+35+37|33+35+37 > 30+33|33+35+37 > 30+33+35|30+33+37|33+35+37 > 30+33+35|30+33+37 > 30+33+35 > 30+33+35+37 > EMPTY,U > 1 > 2 > 3 > 4 > inf,16
0.03625,124,BASE_UNSTABLE > 30|33|35|37 > 30|33|37 > 30|33|35+37 > 30|33 > 33|30+35|30+37 > 30+33|30+35|30+37|33+35|33+37 > 30+33|30+37|33+35|33+37 > 30+33|33+35|33+37|30+35+37 > 30+33|33+35|30+35+37 > 30+33|30+35+37|33+35+37 > 30+33|33+35+37 > 30+33+35|30+33+37|33+35+37 > 30+33+35|30+33+37 > 30+33+35 > 30+33+35+37 > EMPTY,U > 1 > 2 > 3 > 4 > inf,16
0.0365625,115,BASE_UNSTABLE > 30|33|35|37 > 30|33|37 > 30|33|35+37 > 30|33 > 33|30+35|30+37 > 30+33|30+35|30+37|33+35|33+37 > 30+33|30+37|33+35|33+37 > 30+33|33+35|33+37|30+35+37 > 30+33|33+35|30+35+37 > 30+33|30+35+37|33+35+37 > 30+33|33+35+37 > 30+33+35|30+33+37|33+35+37 > 30+33+35|30+33+37 > 30+33+35 > 30+33+35+37 > EMPTY,U > 1 > 2 > 3 > 4 > inf,16
0.036875,122,BASE_UNSTABLE > 30|33|35|37 > 30|33|37 > 30|33|35+37 > 30|33 > 33|30+35|30+37 > 30+33|30+35|30+37|33+35|33+37 > 30+33|30+37|33+35|33+37 > 30+33|33+35|33+37|30+35+37 > 30+33|33+35|30+35+37 > 30+33|30+35+37|33+35+37 > 30+33|33+35+37 > 30+33+35|30+33+37|33+35+37 > 30+33+35|30+33+37 > 30+33+35 > 30+33+35+37 > EMPTY,U > 1 > 2 > 3 > 4 > inf,16
0.0371875,115,BASE_UNSTABLE > 30|33|35|37 > 30|33|37 > 30|33|35+37 > 30|33 > 33|30+35|30+37 > 30+33|30+35|30+37|33+35|33+37 > 30+33|30+37|33+35|33+37 > 30+33|33+35|33+37|30+35+37 > 30+33|33+35|30+35+37 > 30+33|30+35+37|33+35+37 > 30+33|33+35+37 > 30+33+35|30+33+37|33+35+37 > 30+33+35|30+33+37 > 30+33+35 > 30+33+35+37 > EMPTY,U > 1 > 2 > 3 > 4 > inf,16
0.0375,125,BASE_UNSTABLE > 30|33|35|37 > 30|33|37 > 30|33|35+37 > 30|33 > 33|30+35|30+37 > 30+33|30+35|30+37|33+35|33+37 > 30+33|30+37|33+35|33+37 > 30+33|33+35|33+37|30+35+37 > 30+33|33+35|30+35+37 > 30+33|30+35+37|33+35+37 > 30+33|33+35+37 > 30+33+35|30+33+37|33+35+37 > 30+33+35|30+33+37 > 30+33+35 > 30+33+35+37 > EMPTY,U > 1 > 2 > 3 > 4 > inf,16
0.0378125,115,BASE_UNSTABLE > 30|33|35|37 > 30|33|37 > 30|33|35+37 > 30|33 > 33|30+35|30+37 > 30+33|30+35|30+37|33+35|33+37 > 30+33|30+37|33+35|33+37 > 30+33|33+35|33+37|30+35+37 > 30+33|33+35|30+35+37 > 30+33|30+35+37|33+35+37 > 30+33|33+35+37 > 30+33+35|30+33+37|33+35+37 > 30+33+35|30+33+37 > 30+33+35 > 30+33+35+37 > EMPTY,U > 1 > 2 > 3 > 4 > inf,16
0.038125,119,BASE_UNSTABLE > 30|33|35|37 > 30|33|37 > 30|33|35+37 > 30|33 > 33|30+35|30+37 > 30+33|30+35|30+37|33+35|33+37 > 30+33|30+37|33+35|33+37 > 30+33|33+35|33+37|30+35+37 > 30+33|33+35|30+35+37 > 30+33|30+35+37|33+35+37 > 30+33|33+35+37 > 30+33+35|30+33+37|33+35+37 > 30+33+35|30+33+37 > 30+33+35 > 30+33+35+37 > EMPTY,U > 1 > 2 > 3 > 4 > inf,16
0.0384375,115,BASE_UNSTABLE > 30|33|35|37 > 30|33|37 > 30|33|35+37 > 30|33 > 33|30+35|30+37 > 30+33|30+35|30+37|33+35|33+37 > 30+33|30+37|33+35|33+37 > 30+33|33+35|33+37|30+35+37 > 30+33|33+35|30+35+37 > 30+33|30+35+37|33+35+37 > 30+33|33+35+37 > 30+33+35|30+33+37|33+35+37 > 30+33+35|30+33+37 > 30+33+35 > 30+33+35+37 > EMPTY,U > 1 > 2 > 3 > 4 > inf,16
0.03875,120,BASE_UNSTABLE > 30|33|35|37 > 30|33|37 > 30|33|35+37 > 30|33 > 33|30+35|30+37 > 30+33|30+35|30+37|33+35|33+37 > 30+33|30+37|33+35|33+37 > 30+33|33+35|33+37|30+35+37 > 30+33|33+35|30+35+37 > 30+33|30+35+37|33+35+37 > 30+33|33+35+37 > 30+33+35|30+33+37|33+35+37 > 30+33+35|30+33+37 > 30+33+35 > 30+33+35+37 > EMPTY,U > 1 > 2 > 3 > 4 > inf,16
0.0390625,111,BASE_UNSTABLE > 30|33|35|37 > 30|33|37 > 30|33|35+37 > 30|33 > 33|30+35|30+37 > 30+33|30+35|30+37|33+35|33+37 > 30+33|30+37|33+35|33+37 > 30+33|33+35|33+37|30+35+37 > 30+33|33+35|30+35+37 > 30+33|30+35+37|33+35+37 > 30+33|33+35+37 > 30+33+35|30+33+37|33+35+37 > 30+33+35|30+33+37 > 30+33+35 > 30+33+35+37 > EMPTY,U > 1 > 2 > 3 > 4 > inf,16
0.039375,117,BASE_UNSTABLE > 30|33|35|37 > 30|33|37 > 30|33|35+37 > 30|33 > 33|30+35|30+37 > 30+33|30+35|30+37|33+35|33+37 > 30+33|30+37|33+35|33+37 > 30+33|33+35|33+37|30+35+37 > 30+33|33+35|30+35+37 > 30+33|30+35+37|33+35+37 > 30+33|33+35+37 > 30+33+35|30+33+37|33+35+37 > 30+33+35|30+33+37 > 30+33+35 > 30+33+35+37 > EMPTY,U > 1 > 2 > 3 > 4 > inf,16
0.0396875,111,BASE_UNSTABLE > 30|33|35|37 > 30|33|37 > 30|33|35+37 > 30|33 > 33|30+35|30+37 > 30+33|30+35|30+37|33+35|33+37 > 30+33|30+37|33+35|33+37 > 30+33|33+35|33+37|30+35+37 > 30+33|33+35|30+35+37 > 30+33|30+35+37|33+35+37 > 30+33|33+35+37 > 30+33+35|30+33+37|33+35+37 > 30+33+35|30+33+37 > 30+33+35 > 30+33+35+37 > EMPTY,U > 1 > 2 > 3 > 4 > inf,16
0.04,157,BASE_UNSTABLE > 30|33|35|37 > 30|33|37 > 30|33|35+37 > 30|33 > 33|30+35|30+37 > 30+33|30+35|30+37|33+35|33+37 > 30+33|30+37|33+35|33+37 > 30+33|33+35|33+37|30+35+37 > 30+33|33+35|30+35+37 > 30+33|30+35+37|33+35+37 > 30+33|33+35+37 > 30+33+35|30+33+37|33+35+37 > 30+33+35|30+33+37 > 30+33+35 > 30+33+35+37 > EMPTY,U > 1 > 2 > 3 > 4 > inf,16
0.0403125,115,BASE_UNSTABLE > 30|33|35|37 > 30|33|37 > 30|33|35+37 > 30|33 > 33|30+35|30+37 > 30+33|30+35|30+37|33+35|33+37 > 30+33|30+37|33+35|33+37 > 30+33|33+35|33+37|30+35+37 > 30+33|33+35|30+35+37 > 30+33|30+35+37|33+35+37 > 30+33|33+35+37 > 30+33+35|30+33+37|33+35+37 > 30+33+35|30+33+37 > 30+33+35 > 30+33+35+37 > EMPTY,U > 1 > 2 > 3 > 4 > inf,16
0.040625,115,BASE_UNSTABLE > 30|33|35|37 > 30|33|37 > 30|33|35+37 > 30|33 > 33|30+35|30+37 > 30+33|30+35|30+37|33+35|33+37 > 30+33|30+37|33+35|33+37 > 30+33|33+35|33+37|30+35+37 > 30+33|33+35|30+35+37 > 30+33|30+35+37|33+35+37 > 30+33|33+35+37 > 30+33+35|30+33+37|33+35+37 > 30+33+35|30+33+37 > 30+33+35 > 30+33+35+37 > EMPTY,U > 1 > 2 > 3 > 4 > inf,16
0.0409375,115,BASE_UNSTABLE > 30|33|35|37 > 30|33|37 > 30|33|35+37 > 30|33 > 33|30+35|30+37 > 30+33|30+35|30+37|33+35|33+37 > 30+33|30+37|33+35|33+37 > 30+33|33+35|33+37|30+35+37 > 30+33|33+35|30+35+37 > 30+33|30+35+37|33+35+37 > 30+33|33+35+37 > 30+33+35|30+33+37|33+35+37 > 30+33+35|30+33+37 > 30+33+35 > 30+33+35+37 > EMPTY,U > 1 > 2 > 3 > 4 > inf,16
0.04125,122,BASE_UNSTABLE > 30|33|35|37 > 30|33|37 > 30|33|35+37 > 30|33 > 33|30+35|30+37 > 30+33|30+35|30+37|33+35|33+37 > 30+33|30+37|33+35|33+37 > 30+33|33+35|33+37|30+35+37 > 30+33|33+35|30+35+37 > 30+33|30+35+37|33+35+37 > 30+33|33+35+37 > 30+33+35|30+33+37|33+35+37 > 30+33+35|30+33+37 > 30+33+35 > 30+33+35+37 > EMPTY,U > 1 > 2 > 3 > 4 > inf,16
0.0415625,115,BASE_UNSTABLE > 30|33|35|37 > 30|33|37 > 30|33|35+37 > 30|33 > 33|30+35|30+37 > 30+33|30+35|30+37|33+35|33+37 > 30+33|30+37|33+35|33+37 > 30+33|33+35|33+37|30+35+37 > 30+33|33+35|30+35+37 > 30+33|30+35+37|33+35+37 > 30+33|33+35+37 > 30+33+35|30+33+37|33+35+37 > 30+33+35|30+33+37 > 30+33+35 > 30+33+35+37 > EMPTY,U > 1 > 2 > 3 > 4 > inf,16
0.041875,115,BASE_UNSTABLE > 30|33|35|37 > 30|33|37 > 30|33|35+37 > 30|33 > 33|30+35|30+37 > 30+33|30+35|30+37|33+35|33+37 > 30+33|30+37|33+35|33+37 > 30+33|33+35|33+37|30+35+37 > 30+33|33+35|30+35+37 > 30+33|30+35+37|33+35+37 > 30+33|33+35+37 > 30+33+35|30+33+37|33+35+37 > 30+33+35|30+33+37 > 30+33+35 > 30+33+35+37 > EMPTY,U > 1 > 2 > 3 > 4 > inf,16
0.0421875,115,BASE_UNSTABLE > 30|33|35|37 > 30|33|37 > 30|33|35+37 > 30|33 > 33|30+35|30+37 > 30+33|30+35|30+37|33+35|33+37 > 30+33|30+37|33+35|33+37 > 30+33|33+35|33+37|30+35+37 > 30+33|33+35|30+35+37 > 30+33|30+35+37|33+35+37 > 30+33|33+35+37 > 30+33+35|30+33+37|33+35+37 > 30+33+35|30+33+37 > 30+33+35 > 30+33+35+37 > EMPTY,U > 1 > 2 > 3 > 4 > inf,16
0.0425,129,BASE_UNSTABLE > 30|33|35|37 > 30|33|37 > 30|33|35+37 > 30|33 > 33|30+35|30+37 > 30+33|30+35|30+37|33+35|33+37 > 30+33|30+37|33+35|33+37 > 30+33|33+35|33+37|30+35+37 > 30+33|33+35|30+35+37 > 30+33|30+35+37|33+35+37 > 30+33|33+35+37 > 30+33+35|30+33+37|33+35+37 > 30+33+35|30+33+37 > 30+33+35 > 30+33+35+37 > EMPTY,U > 1 > 2 > 3 > 4 > inf,16
0.0428125,115,BASE_UNSTABLE > 30|33|35|37 > 30|33|37 > 30|33|35+37 > 30|33 > 33|30+35|30+37 > 30+33|30+35|30+37|33+35|33+37 > 30+33|30+37|33+35|33+37 > 30+33|33+35|33+37|30+35+37 > 30+33|33+35|30+35+37 > 30+33|30+35+37|33+35+37 > 30+33|33+35+37 > 30+33+35|30+33+37|33+35+37 > 30+33+35|30+33+37 > 30+33+35 > 30+33+35+37 > EMPTY,U > 1 > 2 > 3 > 4 > inf,16
0.043125,119,BASE_UNSTABLE > 30|33|35|37 > 30|33|37 > 30|33|35+37 > 30|33 > 33|30+35|30+37 > 30+33|30+35|30+37|33+35|33+37 > 30+33|30+37|33+35|33+37 > 30+33|33+35|33+37|30+35+37 > 30+33|33+35|30+35+37 > 30+33|30+35+37|33+35+37 > 30+33|33+35+37 > 30+33+35|30+33+37|33+35+37 > 30+33+35|30+33+37 > 30+33+35 > 30+33+35+37 > EMPTY,U > 1 > 2 > 3 > 4 > inf,16
0.0434375,115,BASE_UNSTABLE > 30|33|35|37 > 30|33|37 > 30|33|35+37 > 30|33 > 33|30+35|30+37 > 30+33|30+35|30+37|33+35|33+37 > 30+33|30+37|33+35|33+37 > 30+33|33+35|33+37|30+35+37 > 30+33|33+35|30+35+37 > 30+33|30+35+37|33+35+37 > 30+33|33+35+37 > 30+33+35|30+33+37|33+35+37 > 30+33+35|30+33+37 > 30+33+35 > 30+33+35+37 > EMPTY,U > 1 > 2 > 3 > 4 > inf,16
0.04375,126,BASE_UNSTABLE > 30|33|35|37 > 30|33|37 > 30|33|35+37 > 30|33 > 33|30+35|30+37 > 30+33|30+35|30+37|33+35|33+37 > 30+33|30+37|33+35|33+37 > 30+33|33+35|33+37|30+35+37 > 30+33|33+35|30+35+37 > 30+33|30+35+37|33+35+37 > 30+33|33+35+37 > 30+33+35|30+33+37|33+35+37 > 30+33+35|30+33+37 > 30+33+35 > 30+33+35+37 > EMPTY,U > 1 > 2 > 3 > 4 > inf,16
0.0440625,119,BASE_UNSTABLE > 30|33|35|37 > 30|33|37 > 30|33|35+37 > 30|33 > 33|30+35|30+37 > 30+33|30+35|30+37|33+35|33+37 > 30+33|30+37|33+35|33+37 > 30+33|33+35|33+37|30+35+37 > 30+33|33+35|30+35+37 > 30+33|30+35+37|33+35+37 > 30+33|33+35+37 > 30+33+35|30+33+37|33+35+37 > 30+33+35|30+33+37 > 30+33+35 > 30+33+35+37 > EMPTY,U > 1 > 2 > 3 > 4 > inf,16
0.044375,121,BASE_UNSTABLE > 30|33|35|37 > 30|33|37 > 30|33|35+37 > 30|33 > 33|30+35|30+37 > 30+33|30+35|30+37|33+35|33+37 > 30+33|30+37|33+35|33+37 > 30+33|33+35|33+37|30+35+37 > 30+33|33+35|30+35+37 > 30+33|30+35+37|33+35+37 > 30+33|33+35+37 > 30+33+35|30+33+37|33+35+37 > 30+33+35|30+33+37 > 30+33+35 > 30+33+35+37 > EMPTY,U > 1 > 2 > 3 > 4 > inf,16
0.0446875,119,BASE_UNSTABLE > 30|33|35|37 > 30|33|37 > 30|33|35+37 > 30|33 > 33|30+35|30+37 > 30+33|30+35|30+37|33+35|33+37 > 30+33|30+37|33+35|33+37 > 30+33|33+35|33+37|30+35+37 > 30+33|33+35|30+35+37 > 30+33|30+35+37|33+35+37 > 30+33|33+35+37 > 30+33+35|30+33+37|33+35+37 > 30+33+35|30+33+37 > 30+33+35 > 30+33+35+37 > EMPTY,U > 1 > 2 > 3 > 4 > inf,16
0.045,165,BASE_UNSTABLE > 30|33|35|37 > 30|33|37 > 30|33|35+37 > 30|33 > 33|30+35|30+37 > 30+33|30+35|30+37|33+35|33+37 > 30+33|30+37|33+35|33+37 > 30+33|33+35|33+37|30+35+37 > 30+33|33+35|30+35+37 > 30+33|30+35+37|33+35+37 > 30+33|33+35+37 > 30+33+35|30+33+37|33+35+37 > 30+33+35|30+33+37 > 30+33+35 > 30+33+35+37 > EMPTY,U > 1 > 2 > 3 > 4 > inf,16
0.0453125,123,BASE_UNSTABLE > 30|33|35|37 > 30|33|37 > 30|33|35+37 > 30|33 > 33|30+35|30+37 > 30+33|30+35|30+37|33+35|33+37 > 30+33|30+37|33+35|33+37 > 30+33|33+35|33+37|30+35+37 > 30+33|33+35|30+35+37 > 30+33|30+35+37|33+35+37 > 30+33|33+35+37 > 30+33+35|30+33+37|33+35+37 > 30+33+35|30+33+37 > 30+33+35 > 30+33+35+37 > EMPTY,U > 1 > 2 > 3 > 4 > inf,16
0.045625,126,BASE_UNSTABLE > 30|33|35|37 > 30|33|37 > 30|33|35+37 > 30|33 > 33|30+35|30+37 > 30+33|30+35|30+37|33+35|33+37 > 30+33|30+37|33+35|33+37 > 30+33|33+35|33+37|30+35+37 > 30+33|33+35|30+35+37 > 30+33|30+35+37|33+35+37 > 30+33|33+35+37 > 30+33+35|30+33+37|33+35+37 > 30+33+35|30+33+37 > 30+33+35 > 30+33+35+37 > EMPTY,U > 1 > 2 > 3 > 4 > inf,16
0.0459375,123,BASE_UNSTABLE > 30|33|35|37 > 30|33|37 > 30|33|35+37 > 30|33 > 33|30+35|30+37 > 30+33|30+35|30+37|33+35|33+37 > 30+33|30+37|33+35|33+37 > 30+33|33+35|33+37|30+35+37 > 30+33|33+35|30+35+37 > 30+33|30+35+37|33+35+37 > 30+33|33+35+37 > 30+33+35|30+33+37|33+35+37 > 30+33+35|30+33+37 > 30+33+35 > 30+33+35+37 > EMPTY,U > 1 > 2 > 3 > 4 > inf,16
0.04625,134,BASE_UNSTABLE > 30|33|35|37 > 30|33|37 > 30|33|35+37 > 30|33 > 33|30+35|30+37 > 30+33|30+35|30+37|33+35|33+37 > 30+33|30+37|33+35|33+37 > 30+33|33+35|33+37|30+35+37 > 30+33|33+35|30+35+37 > 30+33|30+35+37|33+35+37 > 30+33|33+35+37 > 30+33+35|30+33+37|33+35+37 > 30+33+35|30+33+37 > 30+33+35 > 30+33+35+37 > EMPTY,U > 1 > 2 > 3 > 4 > inf,16
0.0465625,119,BASE_UNSTABLE > 30|33|35|37 > 30|33|37 > 30|33|35+37 > 30|33 > 33|30+35|30+37 > 30+33|30+35|30+37|33+35|33+37 > 30+33|30+37|33+35|33+37 > 30+33|33+35|33+37|30+35+37 > 30+33|33+35|30+35+37 > 30+33|30+35+37|33+35+37 > 30+33|33+35+37 > 30+33+35|30+33+37|33+35+37 > 30+33+35|30+33+37 > 30+33+35 > 30+33+35+37 > EMPTY,U > 1 > 2 > 3 > 4 > inf,16
0.046875,124,BASE_UNSTABLE > 30|33|35|37 > 30|33|37 > 30|33|35+37 > 30|33 > 33|30+35|30+37 > 30+33|30+35|30+37|33+35|33+37 > 30+33|30+37|33+35|33+37 > 30+33|33+35|33+37|30+35+37 > 30+33|33+35|30+35+37 > 30+33|30+35+37|33+35+37 > 30+33|33+35+37 > 30+33+35|30+33+37|33+35+37 > 30+33+35|30+33+37 > 30+33+35 > 30+33+35+37 > EMPTY,U > 1 > 2 > 3 > 4 > inf,16
0.0471875,119,BASE_UNSTABLE > 30|33|35|37 > 30|33|37 > 30|33|35+37 > 30|33 > 33|30+35|30+37 > 30+33|30+35|30+37|33+35|33+37 > 30+33|30+37|33+35|33+37 > 30+33|33+35|33+37|30+35+37 > 30+33|33+35|30+35+37 > 30+33|30+35+37|33+35+37 > 30+33|33+35+37 > 30+33+35|30+33+37|33+35+37 > 30+33+35|30+33+37 > 30+33+35 > 30+33+35+37 > EMPTY,U > 1 > 2 > 3 > 4 > inf,16
0.0475,139,BASE_UNSTABLE > 30|33|35|37 > 30|33|37 > 30|33|35+37 > 30|33 > 33|30+35|30+37 > 30+33|30+35|30+37|33+35|33+37 > 30+33|30+37|33+35|33+37 > 30+33|33+35|33+37|30+35+37 > 30+33|33+35|30+35+37 > 30+33|30+35+37|33+35+37 > 30+33|33+35+37 > 30+33+35|30+33+37|33+35+37 > 30+33+35|30+33+37 > 30+33+35 > 30+33+35+37 > EMPTY,U > 1 > 2 > 3 > 4 > inf,16
0.0478125,123,BASE_UNSTABLE > 30|33|35|37 > 30|33|37 > 30|33|35+37 > 30|33 > 33|30+35|30+37 > 30+33|30+35|30+37|33+35|33+37 > 30+33|30+37|33+35|33+37 > 30+33|33+35|33+37|30+35+37 > 30+33|33+35|30+35+37 > 30+33|30+35+37|33+35+37 > 30+33|33+35+37 > 30+33+35|30+33+37|33+35+37 > 30+33+35|30+33+37 > 30+33+35 > 30+33+35+37 > EMPTY,U > 1 > 2 > 3 > 4 > inf,16
0.048125,130,BASE_UNSTABLE > 30|33|35|37 > 30|33|37 > 30|33|35+37 > 30|33 > 33|30+35|30+37 > 30+33|30+35|30+37|33+35|33+37 > 30+33|30+37|33+35|33+37 > 30+33|33+35|33+37|30+35+37 > 30+33|33+35|30+35+37 > 30+33|30+35+37|33+35+37 > 30+33|33+35+37 > 30+33+35|30+33+37|33+35+37 > 30+33+35|30+33+37 > 30+33+35 > 30+33+35+37 > EMPTY,U > 1 > 2 > 3 > 4 > inf,16
0.0484375,123,BASE_UNSTABLE > 30|33|35|37 > 30|33|37 > 30|33|35+37 > 30|33 > 33|30+35|30+37 > 30+33|30+35|30+37|33+35|33+37 > 30+33|30+37|33+35|33+37 > 30+33|33+35|33+37|30+35+37 > 30+33|33+35|30+35+37 > 30+33|30+35+37|33+35+37 > 30+33|33+35+37 > 30+33+35|30+33+37|33+35+37 > 30+33+35|30+33+37 > 30+33+35 > 30+33+35+37 > EMPTY,U > 1 > 2 > 3 > 4 > inf,16
0.04875,136,BASE_UNSTABLE > 30|33|35|37 > 30|33|37 > 30|33|35+37 > 30|33 > 33|30+35|30+37 > 30+33|30+35|30+37|33+35|33+37 > 30+33|30+37|33+35|33+37 > 30+33|33+35|33+37|30+35+37 > 30+33|33+35|30+35+37 > 30+33|30+35+37|33+35+37 > 30+33|33+35+37 > 30+33+35|30+33+37|33+35+37 > 30+33+35|30+33+37 > 30+33+35 > 30+33+35+37 > EMPTY,U > 1 > 2 > 3 > 4 > inf,16
0.0490625,119,BASE_UNSTABLE > 30|33|35|37 > 30|33|37 > 30|33|35+37 > 30|33 > 33|30+35|30+37 > 30+33|30+35|30+37|33+35|33+37 > 30+33|30+37|33+35|33+37 > 30+33|33+35|33+37|30+35+37 > 30+33|33+35|30+35+37 > 30+33|30+35+37|33+35+37 > 30+33|33+35+37 > 30+33+35|30+33+37|33+35+37 > 30+33+35|30+33+37 > 30+33+35 > 30+33+35+37 > EMPTY,U > 1 > 2 > 3 > 4 > inf,16
0.049375,128,BASE_UNSTABLE > 30|33|35|37 > 30|33|37 > 30|33|35+37 > 30|33 > 33|30+35|30+37 > 30+33|30+35|30+37|33+35|33+37 > 30+33|30+37|33+35|33+37 > 30+33|33+35|33+37|30+35+37 > 30+33|33+35|30+35+37 > 30+33|30+35+37|33+35+37 > 30+33|33+35+37 > 30+33+35|30+33+37|33+35+37 > 30+33+35|30+33+37 > 30+33+35 > 30+33+35+37 > EMPTY,U > 1 > 2 > 3 > 4 > inf,16
0.0496875,119,BASE_UNSTABLE > 30|33|35|37 > 30|33|37 > 30|33|35+37 > 30|33 > 33|30+35|30+37 > 30+33|30+35|30+37|33+35|33+37 > 30+33|30+37|33+35|33+37 > 30+33|33+35|33+37|30+35+37 > 30+33|33+35|30+35+37 > 30+33|30+35+37|33+35+37 > 30+33|33+35+37 > 30+33+35|30+33+37|33+35+37 > 30+33+35|30+33+37 > 30+33+35 > 30+33+35+37 > EMPTY,U > 1 > 2 > 3 > 4 > inf,16
0.05,167,BASE_UNSTABLE > 30|33|35|37 > 30|33|37 > 30|33|35+37 > 30|33 > 33|30+35|30+37 > 30+33|30+35|30+37|33+35|33+37 > 30+33|30+37|33+35|33+37 > 30+33|33+35|33+37|30+35+37 > 30+33|33+35|30+35+37 > 30+33|30+35+37|33+35+37 > 30+33|33+35+37 > 30+33+35|30+33+37|33+35+37 > 30+33+35|30+33+37 > 30+33+35 > 30+33+35+37 > EMPTY,U > 1 > 2 > 3 > 4 > inf,16
0.0503125,123,BASE_UNSTABLE > 30|33|35|37 > 30|33|35+37 > 30|33 > 33|30+35|30+37 > 30+33|30+35|30+37|33+35|33+37 > 30+33|30+37|33+35|33+37 > 30+33|33+35|33+37|30+35+37 > 30+33|33+35|30+35+37 > 30+33|30+35+37|33+35+37 > 30+33|33+35+37 > 30+33+35|30+33+37|33+35+37 > 30+33+35|30+33+37 > 30+33+35 > 30+33+35+37 > EMPTY,U > 1 > 2 > 3 > 4 > inf,15
0.050625,130,BASE_UNSTABLE > 30|33|35|37 > 30|33|35+37 > 30|33 > 33|30+35|30+37 > 30+33|30+35|30+37|33+35|33+37 > 30+33|30+37|33+35|33+37 > 30+33|33+35|33+37|30+35+37 > 30+33|33+35|30+35+37 > 30+33|30+35+37|33+35+37 > 30+33|33+35+37 > 30+33+35|30+33+37|33+35+37 > 30+33+35|30+33+37 > 30+33+35 > 30+33+35+37 > EMPTY,U > 1 > 2 > 3 > 4 > inf,15
0.0509375,123,BASE_UNSTABLE > 30|33|35|37 > 30|33|35+37 > 30|33 > 33|30+35|30+37 > 30+33|30+35|30+37|33+35|33+37 > 30+33|30+37|33+35|33+37 > 30+33|33+35|33+37|30+35+37 > 30+33|33+35|30+35+37 > 30+33|30+35+37|33+35+37 > 30+33|33+35+37 > 30+33+35|30+33+37|33+35+37 > 30+33+35|30+33+37 > 30+33+35 > 30+33+35+37 > EMPTY,U > 1 > 2 > 3 > 4 > inf,15
0.05125,136,BASE_UNSTABLE > 30|33|35|37 > 30|33|35+37 > 30|33 > 33|30+35|30+37 > 30+33|30+35|30+37|33+35|33+37 > 30+33|30+37|33+35|33+37 > 30+33|33+35|33+37|30+35+37 > 30+33|33+35|30+35+37 > 30+33|30+35+37|33+35+37 > 30+33|33+35+37 > 30+33+35|30+33+37|33+35+37 > 30+33+35|30+33+37 > 30+33+35 > 30+33+35+37 > EMPTY,U > 1 > 2 > 3 > 4 > inf,15
0.0515625,123,BASE_UNSTABLE > 30|33|35|37 > 30|33|35+37 > 30|33 > 33|30+35|30+37 > 30+33|30+35|30+37|33+35|33+37 > 30+33|30+37|33+35|33+37 > 30+33|33+35|33+37|30+35+37 > 30+33|33+35|30+35+37 > 30+33|30+35+37|33+35+37 > 30+33|33+35+37 > 30+33+35|30+33+37|33+35+37 > 30+33+35|30+33+37 > 30+33+35 > 30+33+35+37 > EMPTY,U > 1 > 2 > 3 > 4 > inf,15
0.051875,130,BASE_UNSTABLE > 30|33|35|37 > 30|33|35+37 > 30|33 > 33|30+35|30+37 > 30+33|30+35|30+37|33+35|33+37 > 30+33|30+37|33+35|33+37 > 30+33|33+35|33+37|30+35+37 > 30+33|33+35|30+35+37 > 30+33|30+35+37|33+35+37 > 30+33|33+35+37 > 30+33+35|30+33+37|33+35+37 > 30+33+35|30+33+37 > 30+33+35 > 30+33+35+37 > EMPTY,U > 1 > 2 > 3 > 4 > inf,15
0.0521875,123,BASE_UNSTABLE > 30|33|35|37 > 30|33|35+37 > 30|33 > 33|30+35|30+37 > 30+33|30+35|30+37|33+35|33+37 > 30+33|30+37|33+35|33+37 > 30+33|33+35|33+37|30+35+37 > 30+33|33+35|30+35+37 > 30+33|30+35+37|33+35+37 > 30+33|33+35+37 > 30+33+35|30+33+37|33+35+37 > 30+33+35|30+33+37 > 30+33+35 > 30+33+35+37 > EMPTY,U > 1 > 2 > 3 > 4 > inf,15
0.0525,139,BASE_UNSTABLE > 30|33|35|37 > 30|33|35+37 > 33|30+35|30+37 > 30+33|30+35|30+37|33+35|33+37 > 30+33|30+37|33+35|33+37 > 30+33|33+35|33+37|30+35+37 > 30+33|33+35|30+35+37 > 30+33|30+35+37|33+35+37 > 30+33|33+35+37 > 30+33+35|30+33+37|33+35+37 > 30+33+35|30+33+37 > 30+33+35 > 30+33+35+37 > EMPTY,U > 1 > 2 > 3 > 4 > inf,14
0.0528125,123,BASE_UNSTABLE > 30|33|35|37 > 30|33|35+37 > 33|30+35|30+37 > 30+33|30+35|30+37|33+35|33+37 > 30+33|30+37|33+35|33+37 > 30+33|33+35|33+37|30+35+37 > 30+33|33+35|30+35+37 > 30+33|30+35+37|33+35+37 > 30+33|33+35+37 > 30+33+35|30+33+37|33+35+37 > 30+33+35|30+33+37 > 30+33+35 > 30+33+35+37 > EMPTY,U > 1 > 2 > 3 > 4 > inf,14
0.053125,130,BASE_UNSTABLE > 30|33|35|37 > 30|33|35+37 > 33|30+35|30+37 > 30+33|30+35|30+37|33+35|33+37 > 30+33|30+37|33+35|33+37 > 30+33|33+35|33+37|30+35+37 > 30+33|33+35|30+35+37 > 30+33|30+35+37|33+35+37 > 30+33|33+35+37 > 30+33+35|30+33+37|33+35+37 > 30+33+35|30+33+37 > 30+33+35 > 30+33+35+37 > EMPTY,U > 1 > 2 > 3 > 4 > inf,14
0.0534375,123,BASE_UNSTABLE > 30|33|35|37 > 30|33|35+37 > 33|30+35|30+37 > 30+33|30+35|30+37|33+35|33+37 > 30+33|30+37|33+35|33+37 > 30+33|33+35|33+37|30+35+37 > 30+33|33+35|30+35+37 > 30+33|30+35+37|33+35+37 > 30+33|33+35+37 > 30+33+35|30+33+37|33+35+37 > 30+33+35|30+33+37 > 30+33+35 > 30+33+35+37 > EMPTY,U > 1 > 2 > 3 > 4 > inf,14
0.05375,138,BASE_UNSTABLE > 30|33|35|37 > 30|33|35+37 > 33|30+35|30+37 > 30+33|30+35|30+37|33+35|33+37 > 30+33|30+37|33+35|33+37 > 30+33|33+35|33+37|30+35+37 > 30+33|33+35|30+35+37 > 30+33|30+35+37|33+35+37 > 30+33|33+35+37 > 30+33+35|30+33+37|33+35+37 > 30+33+35|30+33+37 > 30+33+35 > 30+33+35+37 > EMPTY,U > 1 > 2 > 3 > 4 > inf,14
0.0540625,127,BASE_UNSTABLE > 30|33|35|37 > 30|33|35+37 > 33|30+35|30+37 > 30+33|30+35|30+37|33+35|33+37 > 30+33|30+37|33+35|33+37 > 30+33|33+35|33+37|30+35+37 > 30+33|33+35|30+35+37 > 30+33|30+35+37|33+35+37 > 30+33|33+35+37 > 30+33+35|30+33+37|33+35+37 > 30+33+35|30+33+37 > 30+33+35 > 30+33+35+37 > EMPTY,U > 1 > 2 > 3 > 4 > inf,14
0.054375,132,BASE_UNSTABLE > 30|33|35|37 > 30|33|35+37 > 33|30+35|30+37 > 30+33|30+35|30+37|33+35|33+37 > 30+33|30+37|33+35|33+37 > 30+33|33+35|33+37|30+35+37 > 30+33|33+35|30+35+37 > 30+33|30+35+37|33+35+37 > 30+33|33+35+37 > 30+33+35|30+33+37|33+35+37 > 30+33+35|30+33+37 > 30+33+35 > 30+33+35+37 > EMPTY,U > 1 > 2 > 3 > 4 > inf,14
0.0546875,127,BASE_UNSTABLE > 30|33|35|37 > 30|33|35+37 > 33|30+35|30+37 > 30+33|30+35|30+37|33+35|33+37 > 30+33|30+37|33+35|33+37 > 30+33|33+35|33+37|30+35+37 > 30+33|33+35|30+35+37 > 30+33|30+35+37|33+35+37 > 30+33|33+35+37 > 30+33+35|30+33+37|33+35+37 > 30+33+35|30+33+37 > 30+33+35 > 30+33+35+37 > EMPTY,U > 1 > 2 > 3 > 4 > inf,14
0.055,171,BASE_UNSTABLE > 30|33|35|37 > 30|33|35+37 > 33|30+35|30+37 > 30+33|30+35|30+37|33+35|33+37 > 30+33|30+37|33+35|33+37 > 30+33|33+35|33+37|30+35+37 > 30+33|33+35|30+35+37 > 30+33|30+35+37|33+35+37 > 30+33|33+35+37 > 30+33+35|30+33+37|33+35+37 > 30+33+35|30+33+37 > 30+33+35 > 30+33+35+37 > EMPTY,U > 1 > 2 > 3 > 4 > inf,14
0.0553125,131,BASE_UNSTABLE > 30|33|35|37 > 30|33|35+37 > 33|30+35|30+37 > 30+33|30+35|30+37|33+35|33+37 > 30+33|30+37|33+35|33+37 > 30+33|33+35|33+37|30+35+37 > 30+33|33+35|30+35+37 > 30+33|30+35+37|33+35+37 > 30+33|33+35+37 > 30+33+35|30+33+37|33+35+37 > 30+33+35|30+33+37 > 30+33+35 > 30+33+35+37 > EMPTY,U > 1 > 2 > 3 > 4 > inf,14
0.055625,134,BASE_UNSTABLE > 30|33|35|37 > 30|33|35+37 > 33|30+35|30+37 > 30+33|30+35|30+37|33+35|33+37 > 30+33|30+37|33+35|33+37 > 30+33|33+35|33+37|30+35+37 > 30+33|33+35|30+35+37 > 30+33|30+35+37|33+35+37 > 30+33|33+35+37 > 30+33+35|30+33+37|33+35+37 > 30+33+35|30+33+37 > 30+33+35 > 30+33+35+37 > EMPTY,U > 1 > 2 > 3 > 4 > inf,14
0.0559375,131,BASE_UNSTABLE > 30|33|35|37 > 30|33|35+37 > 33|30+35|30+37 > 30+33|30+35|30+37|33+35|33+37 > 30+33|30+37|33+35|33+37 > 30+33|33+35|33+37|30+35+37 > 30+33|33+35|30+35+37 > 30+33|30+35+37|33+35+37 > 30+33|33+35+37 > 30+33+35|30+33+37|33+35+37 > 30+33+35|30+33+37 > 30+33+35 > 30+33+35+37 > EMPTY,U > 1 > 2 > 3 > 4 > inf,14
0.05625,140,BASE_UNSTABLE > 30|33|35|37 > 30|33|35+37 > 33|30+35|30+37 > 30+33|30+35|30+37|33+35|33+37 > 30+33|30+37|33+35|33+37 > 30+33|33+35|33+37|30+35+37 > 30+33|33+35|30+35+37 > 30+33|30+35+37|33+35+37 > 30+33|33+35+37 > 30+33+35|30+33+37|33+35+37 > 30+33+35|30+33+37 > 30+33+35 > 30+33+35+37 > EMPTY,U > 1 > 2 > 3 > 4 > inf,14
0.0565625,127,BASE_UNSTABLE > 30|33|35|37 > 30|33|35+37 > 33|30+35|30+37 > 30+33|30+35|30+37|33+35|33+37 > 30+33|30+37|33+35|33+37 > 30+33|33+35|33+37|30+35+37 > 30+33|33+35|30+35+37 > 30+33|30+35+37|33+35+37 > 30+33|33+35+37 > 30+33+35|30+33+37|33+35+37 > 30+33+35|30+33+37 > 30+33+35 > 30+33+35+37 > EMPTY,U > 1 > 2 > 3 > 4 > inf,14
0.056875,132,BASE_UNSTABLE > 30|33|35|37 > 30|33|35+37 > 33|30+35|30+37 > 30+33|30+35|30+37|33+35|33+37 > 30+33|30+37|33+35|33+37 > 30+33|33+35|33+37|30+35+37 > 30+33|33+35|30+35+37 > 30+33|30+35+37|33+35+37 > 30+33|33+35+37 > 30+33+35|30+33+37|33+35+37 > 30+33+35|30+33+37 > 30+33+35 > 30+33+35+37 > EMPTY,U > 1 > 2 > 3 > 4 > inf,14
0.0571875,127,BASE_UNSTABLE > 30|33|35|37 > 30|33|35+37 > 33|30+35|30+37 > 30+33|30+35|30+37|33+35|33+37 > 30+33|30+37|33+35|33+37 > 30+33|33+35|33+37|30+35+37 > 30+33|33+35|30+35+37 > 30+33|30+35+37|33+35+37 > 30+33|33+35+37 > 30+33+35|30+33+37|33+35+37 > 30+33+35|30+33+37 > 30+33+35 > 30+33+35+37 > EMPTY,U > 1 > 2 > 3 > 4 > inf,14
0.0574999999999999,145,BASE_UNSTABLE > 30|33|35|37 > 30|33|35+37 > 33|30+35|30+37 > 30+33|30+35|30+37|33+35|33+37 > 30+33|30+37|33+35|33+37 > 30+33|33+35|33+37|30+35+37 > 30+33|33+35|30+35+37 > 30+33|30+35+37|33+35+37 > 30+33|33+35+37 > 30+33+35|30+33+37|33+35+37 > 30+33+35|30+33+37 > 30+33+35 > 30+33+35+37 > EMPTY,U > 1 > 2 > 3 > 4 > inf,14
0.0578125,127,BASE_UNSTABLE > 30|33|35|37 > 30|33|35+37 > 33|30+35|30+37 > 30+33|30+35|30+37|33+35|33+37 > 30+33|30+37|33+35|33+37 > 30+33|33+35|33+37|30+35+37 > 30+33|33+35|30+35+37 > 30+33|30+35+37|33+35+37 > 30+33|33+35+37 > 30+33+35|30+33+37|33+35+37 > 30+33+35|30+33+37 > 30+33+35 > 30+33+35+37 > EMPTY,U > 1 > 2 > 3 > 4 > inf,14
0.0581249999999999,129,BASE_UNSTABLE > 30|33|35|37 > 30|33|35+37 > 33|30+35|30+37 > 30+33|30+35|30+37|33+35|33+37 > 30+33|30+37|33+35|33+37 > 30+33|33+35|33+37|30+35+37 > 30+33|33+35|30+35+37 > 30+33|30+35+37|33+35+37 > 30+33|33+35+37 > 30+33+35|30+33+37|33+35+37 > 30+33+35|30+33+37 > 30+33+35 > 30+33+35+37 > EMPTY,U > 1 > 2 > 3 > 4 > inf,14
0.0584374999999999,127,BASE_UNSTABLE > 30|33|35|37 > 30|33|35+37 > 33|30+35|30+37 > 30+33|30+35|30+37|33+35|33+37 > 30+33|30+37|33+35|33+37 > 30+33|33+35|33+37|30+35+37 > 30+33|33+35|30+35+37 > 30+33|30+35+37|33+35+37 > 30+33|33+35+37 > 30+33+35|30+33+37|33+35+37 > 30+33+35|30+33+37 > 30+33+35 > 30+33+35+37 > EMPTY,U > 1 > 2 > 3 > 4 > inf,14
0.05875,136,BASE_UNSTABLE > 30|33|35|37 > 30|33|35+37 > 33|30+35|30+37 > 30+33|30+35|30+37|33+35|33+37 > 30+33|30+37|33+35|33+37 > 30+33|33+35|33+37|30+35+37 > 30+33|33+35|30+35+37 > 30+33|30+35+37|33+35+37 > 30+33|33+35+37 > 30+33+35|30+33+37|33+35+37 > 30+33+35|30+33+37 > 30+33+35 > 30+33+35+37 > EMPTY,U > 1 > 2 > 3 > 4 > inf,14
0.0590625,127,BASE_UNSTABLE > 30|33|35|37 > 30|33|35+37 > 33|30+35|30+37 > 30+33|30+35|30+37|33+35|33+37 > 30+33|30+37|33+35|33+37 > 30+33|33+35|33+37|30+35+37 > 30+33|33+35|30+35+37 > 30+33|30+35+37|33+35+37 > 30+33|33+35+37 > 30+33+35|30+33+37|33+35+37 > 30+33+35|30+33+37 > 30+33+35 > 30+33+35+37 > EMPTY,U > 1 > 2 > 3 > 4 > inf,14
0.059375,129,BASE_UNSTABLE > 30|33|35|37 > 30|33|35+37 > 33|30+35|30+37 > 30+33|30+35|30+37|33+35|33+37 > 30+33|30+37|33+35|33+37 > 30+33|33+35|33+37|30+35+37 > 30+33|33+35|30+35+37 > 30+33|30+35+37|33+35+37 > 30+33|33+35+37 > 30+33+35|30+33+37|33+35+37 > 30+33+35|30+33+37 > 30+33+35 > 30+33+35+37 > EMPTY,U > 1 > 2 > 3 > 4 > inf,14
0.0596875,127,BASE_UNSTABLE > 30|33|35|37 > 30|33|35+37 > 33|30+35|30+37 > 30+33|30+35|30+37|33+35|33+37 > 30+33|30+37|33+35|33+37 > 30+33|33+35|33+37|30+35+37 > 30+33|33+35|30+35+37 > 30+33|30+35+37|33+35+37 > 30+33|33+35+37 > 30+33+35|30+33+37|33+35+37 > 30+33+35|30+33+37 > 30+33+35 > 30+33+35+37 > EMPTY,U > 1 > 2 > 3 > 4 > inf,14
0.06,169,BASE_UNSTABLE > 30|33|35|37 > 30|33|35+37 > 33|30+35|30+37 > 30+33|30+35|30+37|33+35|33+37 > 30+33|30+37|33+35|33+37 > 30+33|33+35|33+37|30+35+37 > 30+33|33+35|30+35+37 > 30+33|30+35+37|33+35+37 > 30+33|33+35+37 > 30+33+35|30+33+37|33+35+37 > 30+33+35|30+33+37 > 30+33+35 > 30+33+35+37 > EMPTY,U > 1 > 2 > 3 > 4 > inf,14
0.060625,127,BASE_UNSTABLE > 30|33|35|37 > 30|33|37 > 30|33|35+37 > 33|30+35|30+37 > 30+33|30+35|30+37|33+35|33+37 > 30+33|30+37|33+35|33+37 > 30+33|33+35|33+37|30+35+37 > 30+33|33+35|30+35+37 > 30+33|30+35+37|33+35+37 > 30+33|33+35+37 > 30+33+35|30+33+37|33+35+37 > 30+33+35|30+33+37 > 30+33+35 > 30+33+35+37 > EMPTY,U > 1 > 2 > 3 > 4 > inf,15
0.06125,133,BASE_UNSTABLE > 30|33|35|37 > 30|33|37 > 30|33|35+37 > 33|30+35|30+37 > 30+33|30+35|30+37|33+35|33+37 > 30+33|30+37|33+35|33+37 > 30+33|33+35|33+37|30+35+37 > 30+33|33+35|30+35+37 > 30+33|30+35+37|33+35+37 > 30+33|33+35+37 > 30+33+35|30+33+37|33+35+37 > 30+33+35|30+33+37 > 30+33+35 > 30+33+35+37 > EMPTY,U > 1 > 2 > 3 > 4 > inf,15
0.061875,127,BASE_UNSTABLE > 30|33|35|37 > 30|33|37 > 30|33|35+37 > 33|30+35|30+37 > 30+33|30+35|30+37|33+35|33+37 > 30+33|30+37|33+35|33+37 > 30+33|33+35|33+37|30+35+37 > 30+33|33+35|30+35+37 > 30+33|30+35+37|33+35+37 > 30+33|33+35+37 > 30+33+35|30+33+37|33+35+37 > 30+33+35|30+33+37 > 30+33+35 > 30+33+35+37 > EMPTY,U > 1 > 2 > 3 > 4 > inf,15
0.0625,136,BASE_UNSTABLE > 30|33|35|37 > 30|33|37 > 30|33|35+37 > 33|30+35|30+37 > 30+33|30+35|30+37|33+35|33+37 > 30+33|30+37|33+35|33+37 > 30+33|33+35|33+37|30+35+37 > 30+33|33+35|30+35+37 > 30+33|30+35+37|33+35+37 > 30+33|33+35+37 > 30+33+35|30+33+37|33+35+37 > 30+33+35|30+33+37 > 30+33+35 > 30+33+35+37 > EMPTY,U > 1 > 2 > 3 > 4 > inf,15
0.063125,131,BASE_UNSTABLE > 30|33|35|37 > 30|33|35+37 > 33|30+35|30+37 > 30+33|30+35|30+37|33+35|33+37 > 30+33|30+37|33+35|33+37 > 30+33|33+35|33+37|30+35+37 > 30+33|33+35|30+35+37 > 30+33|30+35+37|33+35+37 > 30+33|33+35+37 > 30+33+35|30+33+37|33+35+37 > 30+33+35|30+33+37 > 30+33+35 > 30+33+35+37 > EMPTY,U > 1 > 2 > 3 > 4 > inf,14
0.06375,135,BASE_UNSTABLE > 30|33|35|37 > 30|33|35+37 > 33|30+35|30+37 > 30+33|30+35|30+37|33+35|33+37 > 30+33|30+37|33+35|33+37 > 30+33|33+35|33+37|30+35+37 > 30+33|33+35|30+35+37 > 30+33|30+35+37|33+35+37 > 30+33|33+35+37 > 30+33+35|30+33+37|33+35+37 > 30+33+35|30+33+37 > 30+33+35 > 30+33+35+37 > EMPTY,U > 1 > 2 > 3 > 4 > inf,14
0.064375,131,BASE_UNSTABLE > 30|33|35|37 > 30|33|35+37 > 33|30+35|30+37 > 30+33|30+35|30+37|33+35|33+37 > 30+33|30+37|33+35|33+37 > 30+33|33+35|33+37|30+35+37 > 30+33|33+35|30+35+37 > 30+33|30+35+37|33+35+37 > 30+33|33+35+37 > 30+33+35|30+33+37|33+35+37 > 30+33+35|30+33+37 > 30+33+35 > 30+33+35+37 > EMPTY,U > 1 > 2 > 3 > 4 > inf,14
0.065,144,BASE_UNSTABLE > 30|33|35|37 > 30|33|35+37 > 33|30+35|30+37 > 30+33|30+35|30+37|33+35|33+37 > 30+33|30+37|33+35|33+37 > 30+33|33+35|33+37|30+35+37 > 30+33|33+35|30+35+37 > 30+33|30+35+37|33+35+37 > 30+33|33+35+37 > 30+33+35|30+33+37|33+35+37 > 30+33+35|30+33+37 > 30+33+35 > 30+33+35+37 > EMPTY,U > 1 > 2 > 3 > 4 > inf,14
0.065625,139,BASE_UNSTABLE > 30|33|35|37 > 30|33|35+37 > 33|30+35|30+37 > 30+33|30+35|30+37|33+35|33+37 > 30+33|30+37|33+35|33+37 > 30+33|33+35|33+37|30+35+37 > 30+33|33+35|30+35+37 > 30+33|30+35+37|33+35+37 > 30+33|33+35+37 > 30+33+35|30+33+37|33+35+37 > 30+33+35|30+33+37 > 30+33+35 > 30+33+35+37 > EMPTY,U > 1 > 2 > 3 > 4 > inf,14
0.06625,142,BASE_UNSTABLE > 30|33|35|37 > 30|33|35+37 > 33|30+35|30+37 > 30+33|30+35|30+37|33+35|33+37 > 30+33|30+37|33+35|33+37 > 30+33|33+35|33+37|30+35+37 > 30+33|33+35|30+35+37 > 30+33|30+35+37|33+35+37 > 30+33|33+35+37 > 30+33+35|30+33+37|33+35+37 > 30+33+35|30+33+37 > 30+33+35 > 30+33+35+37 > EMPTY,U > 1 > 2 > 3 > 4 > inf,14
0.066875,139,BASE_UNSTABLE > 30|33|35|37 > 30|33|35+37 > 33|30+35|30+37 > 30+33|30+35|30+37|33+35|33+37 > 30+33|30+37|33+35|33+37 > 30+33|33+35|33+37|30+35+37 > 30+33|33+35|30+35+37 > 30+33|30+35+37|33+35+37 > 30+33|33+35+37 > 30+33+35|30+33+37|33+35+37 > 30+33+35|30+33+37 > 30+33+35 > 30+33+35+37 > EMPTY,U > 1 > 2 > 3 > 4 > inf,14
0.0675,142,BASE_UNSTABLE > 30|33|35|37 > 30|33|35+37 > 33|30+35|30+37 > 30+33|30+35|30+37|33+35|33+37 > 30+33|30+37|33+35|33+37 > 30+33|33+35|33+37|30+35+37 > 30+33|33+35|30+35+37 > 30+33|30+35+37|33+35+37 > 30+33|33+35+37 > 30+33+35|30+33+37|33+35+37 > 30+33+35|30+33+37 > 30+33+35 > 30+33+35+37 > EMPTY,U > 1 > 2 > 3 > 4 > inf,14
0.068125,135,BASE_UNSTABLE > 30|33|35|37 > 30|33|35+37 > 33|30+35|30+37 > 30+33|30+35|30+37|33+35|33+37 > 30+33|30+37|33+35|33+37 > 30+33|33+35|33+37|30+35+37 > 30+33|33+35|30+35+37 > 30+33|30+35+37|33+35+37 > 30+33|33+35+37 > 30+33+35|30+33+37|33+35+37 > 30+33+35|30+33+37 > 30+33+35 > 30+33+35+37 > EMPTY,U > 1 > 2 > 3 > 4 > inf,14
0.06875,140,BASE_UNSTABLE > 30|33|35|37 > 30|33|35+37 > 33|30+35|30+37 > 30+33|30+35|30+37|33+35|33+37 > 30+33|30+37|33+35|33+37 > 30+33|33+35|33+37|30+35+37 > 30+33|33+35|30+35+37 > 30+33|30+35+37|33+35+37 > 30+33|33+35+37 > 30+33+35|30+33+37|33+35+37 > 30+33+35|30+33+37 > 30+33+35 > 30+33+35+37 > EMPTY,U > 1 > 2 > 3 > 4 > inf,14
0.0693749999999999,135,BASE_UNSTABLE > 30|33|35|37 > 30|33|35+37 > 33|30+35|30+37|35+37 > 33|30+35|30+37 > 30+33|30+35|30+37|33+35|33+37 > 30+33|30+37|33+35|33+37 > 30+33|33+35|33+37|30+35+37 > 30+33|33+35|30+35+37 > 30+33|30+35+37|33+35+37 > 30+33|33+35+37 > 30+33+35|30+33+37|33+35+37 > 30+33+35|30+33+37 > 30+33+35 > 30+33+35+37 > EMPTY,U > 1 > 2 > 3 > 4 > inf,15
0.07,175,BASE_UNSTABLE > 30|33|35|37 > 30|33|35+37 > 33|30+35|30+37|35+37 > 33|30+35|30+37 > 30+33|30+35|30+37|33+35|33+37 > 30+33|30+37|33+35|33+37 > 30+33|33+35|33+37|30+35+37 > 30+33|33+35|30+35+37 > 30+33|30+35+37|33+35+37 > 30+33|33+35+37 > 30+33+35|30+33+37|33+35+37 > 30+33+35|30+33+37 > 30+33+35 > 30+33+35+37 > EMPTY,U > 1 > 2 > 3 > 4 > inf,15
0.070625,131,BASE_UNSTABLE > 30|33|35|37 > 30|33|35+37 > 33|30+35|30+37|35+37 > 33|30+35|30+37 > 30+33|30+35|30+37|33+35|33+37 > 30+33|30+37|33+35|33+37 > 30+33|33+35|33+37|30+35+37 > 30+33|33+35|30+35+37 > 30+33|30+35+37|33+35+37 > 30+33|33+35+37 > 30+33+35|30+33+37|33+35+37 > 30+33+35|30+33+37 > 30+33+35 > 30+33+35+37 > EMPTY,U > 1 > 2 > 3 > 4 > inf,15
0.07125,142,BASE_UNSTABLE > 30|33|35|37 > 30|33|35+37 > 33|30+35|30+37|35+37 > 33|30+35|30+37 > 30+33|30+35|30+37|33+35|33+37 > 30+33|30+37|33+35|33+37 > 30+33|33+35|33+37|30+35+37 > 30+33|33+35|30+35+37 > 30+33|30+35+37|33+35+37 > 30+33|33+35+37 > 30+33+35|30+33+37|33+35+37 > 30+33+35|30+33+37 > 30+33+35 > 30+33+35+37 > EMPTY,U > 1 > 2 > 3 > 4 > inf,15
0.071875,131,BASE_UNSTABLE > 30|33|35|37 > 30|33|35+37 > 33|30+35|30+37|35+37 > 33|30+35|30+37 > 30+33|30+35|30+37|33+35|33+37 > 30+33|30+37|33+35|33+37 > 30+33|33+35|33+37|30+35+37 > 30+33|33+35|30+35+37 > 30+33|30+35+37|33+35+37 > 30+33|33+35+37 > 30+33+35|30+33+37|33+35+37 > 30+33+35|30+33+37 > 30+33+35 > 30+33+35+37 > EMPTY,U > 1 > 2 > 3 > 4 > inf,15
0.0725,148,BASE_UNSTABLE > 30|33|35|37 > 30|33|35+37 > 33|30+35|30+37|35+37 > 33|30+35|30+37 > 30+33|30+35|30+37|33+35|33+37 > 30+33|30+37|33+35|33+37 > 30+33|33+35|33+37|30+35+37 > 30+33|33+35|30+35+37 > 30+33|30+35+37|33+35+37 > 30+33|33+35+37 > 30+33+35|30+33+37|33+35+37 > 30+33+35|30+33+37 > 30+33+35 > 30+33+35+37 > EMPTY,U > 1 > 2 > 3 > 4 > inf,15
0.073125,139,BASE_UNSTABLE > 30|33|35|37 > 30|33|35+37 > 33|30+35|30+37|35+37 > 33|30+35|30+37 > 30+33|30+35|30+37|33+35|33+37 > 30+33|30+37|33+35|33+37 > 30+33|33+35|33+37|30+35+37 > 30+33|33+35|30+35+37 > 30+33|30+35+37|33+35+37 > 30+33|33+35+37 > 30+33+35|30+33+37|33+35+37 > 30+33+35|30+33+37 > 30+33+35 > 30+33+35+37 > EMPTY,U > 1 > 2 > 3 > 4 > inf,15
0.07375,146,BASE_UNSTABLE > 30|33|35|37 > 30|33|35+37 > 33|30+35|30+37|35+37 > 33|30+35|30+37 > 30+33|30+35|30+37|33+35|33+37 > 30+33|30+37|33+35|33+37 > 30+33|33+35|33+37|30+35+37 > 30+33|33+35|30+35+37 > 30+33|30+35+37|33+35+37 > 30+33|33+35+37 > 30+33+35|30+33+37|33+35+37 > 30+33+35|30+33+37 > 30+33+35 > 30+33+35+37 > EMPTY,U > 1 > 2 > 3 > 4 > inf,15
0.074375,139,BASE_UNSTABLE > 30|33|35|37 > 30|33|35+37 > 33|30+35|30+37|35+37 > 33|30+35|30+37 > 30+33|30+35|30+37|33+35|33+37 > 30+33|30+37|33+35|33+37 > 30+33|33+35|33+37|30+35+37 > 30+33|33+35|30+35+37 > 30+33|30+35+37|33+35+37 > 30+33|33+35+37 > 30+33+35|30+33+37|33+35+37 > 30+33+35|30+33+37 > 30+33+35 > 30+33+35+37 > EMPTY,U > 1 > 2 > 3 > 4 > inf,15
0.075,148,BASE_UNSTABLE > 30|33|35|37 > 30|33|35+37 > 33|30+35|30+37|35+37 > 33|30+35|30+37 > 30+33|30+35|30+37|33+35|33+37 > 30+33|30+37|33+35|33+37 > 30+33|33+35|33+37|30+35+37 > 30+33|33+35|30+35+37 > 30+33|30+35+37|33+35+37 > 30+33|33+35+37 > 30+33+35|30+33+37|33+35+37 > 30+33+35|30+33+37 > 30+33+35 > 30+33+35+37 > EMPTY,U > 1 > 2 > 3 > 4 > inf,15
0.075625,139,BASE_UNSTABLE > 30|33|35|37 > 30|33|35+37 > 33|30+35|30+37|35+37 > 33|30+35|30+37 > 30+33|30+35|30+37|33+35|33+37 > 30+33|30+37|33+35|33+37 > 30+33|33+35|33+37|30+35+37 > 30+33|33+35|30+35+37 > 30+33|30+35+37|33+35+37 > 30+33|33+35+37 > 30+33+35|30+33+37|33+35+37 > 30+33+35|30+33+37 > 30+33+35 > 30+33+35+37 > EMPTY,U > 1 > 2 > 3 > 4 > inf,15
0.07625,146,BASE_UNSTABLE > 30|33|35|37 > 30|33|35+37 > 33|30+35|30+37|35+37 > 33|30+35|30+37 > 30+33|30+35|30+37|33+35|33+37 > 30+33|30+37|33+35|33+37 > 30+33|33+35|33+37|30+35+37 > 30+33|33+35|30+35+37 > 30+33|30+35+37|33+35+37 > 30+33|33+35+37 > 30+33+35|30+33+37|33+35+37 > 30+33+35|30+33+37 > 30+33+35 > 30+33+35+37 > EMPTY,U > 1 > 2 > 3 > 4 > inf,15
0.076875,139,BASE_UNSTABLE > 30|33|35|37 > 30|33|35 > 30|33|35+37 > 33|30+35|30+37|35+37 > 33|30+35|30+37 > 30+33|30+35|30+37|33+35|33+37 > 30+33|30+37|33+35|33+37 > 30+33|33+35|33+37|30+35+37 > 30+33|33+35|30+35+37 > 30+33|30+35+37|33+35+37 > 30+33|33+35+37 > 30+33+35|30+33+37|33+35+37 > 30+33+35|30+33+37 > 30+33+35 > 30+33+35+37 > EMPTY,U > 1 > 2 > 3 > 4 > inf,16
0.0775,150,BASE_UNSTABLE > 30|33|35|37 > 30|33|35 > 30|33|35+37 > 33|30+35|30+37|35+37 > 33|30+35|30+37 > 30+33|30+35|30+37|33+35|33+37 > 30+33|30+37|33+35|33+37 > 30+33|33+35|33+37|30+35+37 > 30+33|33+35|30+35+37 > 30+33|30+35+37|33+35+37 > 30+33|33+35+37 > 30+33+35|30+33+37|33+35+37 > 30+33+35|30+33+37 > 30+33+35 > 30+33+35+37 > EMPTY,U > 1 > 2 > 3 > 4 > inf,16
0.078125,143,BASE_UNSTABLE > 30|33|35|37 > 30|33|35 > 30|33|35+37 > 33|30+35|30+37|35+37 > 33|30+35|30+37 > 30+33|30+35|30+37|33+35|33+37 > 30+33|30+37|33+35|33+37 > 30+33|33+35|33+37|30+35+37 > 30+33|33+35|30+35+37 > 30+33|30+35+37|33+35+37 > 30+33|33+35+37 > 30+33+35|30+33+37|33+35+37 > 30+33+35|30+33+37 > 30+33+35 > 30+33+35+37 > EMPTY,U > 1 > 2 > 3 > 4 > inf,16
0.07875,148,BASE_UNSTABLE > 30|33|35|37 > 30|33|35 > 30|33|35+37 > 33|30+35|30+37|35+37 > 33|30+35|30+37 > 30+33|30+35|30+37|33+35|33+37 > 30+33|30+37|33+35|33+37 > 30+33|33+35|33+37|30+35+37 > 30+33|33+35|30+35+37 > 30+33|30+35+37|33+35+37 > 30+33|33+35+37 > 30+33+35|30+33+37|33+35+37 > 30+33+35|30+33+37 > 30+33+35 > 30+33+35+37 > EMPTY,U > 1 > 2 > 3 > 4 > inf,16
0.079375,143,BASE_UNSTABLE > 30|33|35|37 > 30|33|35 > 30|33|35+37 > 33|30+35|30+37|35+37 > 33|30+35|30+37 > 30+33|30+35|30+37|33+35|33+37 > 30+33|30+37|33+35|33+37 > 30+33|33+35|33+37|30+35+37 > 30+33|33+35|30+35+37 > 30+33|30+35+37|33+35+37 > 30+33|33+35+37 > 30+33+35|30+33+37|33+35+37 > 30+33+35|30+33+37 > 30+33+35 > 30+33+35+37 > EMPTY,U > 1 > 2 > 3 > 4 > inf,16
0.08,185,BASE_UNSTABLE > 30|33|35|37 > 30|33|35 > 30|33|35+37 > 33|30+35|30+37|35+37 > 33|30+35|30+37 > 30+33|30+35|30+37|33+35|33+37 > 30+33|30+37|33+35|33+37 > 30+33|33+35|33+37|30+35+37 > 30+33|33+35|30+35+37 > 30+33|30+35+37|33+35+37 > 30+33|33+35+37 > 30+33+35|30+33+37|33+35+37 > 30+33+35|30+33+37 > 30+33+35 > 30+33+35+37 > EMPTY,U > 1 > 2 > 3 > 4 > inf,16
0.080625,143,BASE_UNSTABLE > 30|33|35|37 > 30|33|35 > 30|33|35+37 > 33|30+35|30+37|35+37 > 33|30+35|30+37 > 30+33|30+35|30+37|33+35|33+37 > 30+33|30+37|33+35|33+37 > 30+33|33+35|33+37|30+35+37 > 30+33|33+35|30+35+37 > 30+33|30+35+37|33+35+37 > 30+33|33+35+37 > 30+33+35|30+33+37|33+35+37 > 30+33+35|30+33+37 > 30+33+35 > 30+33+35+37 > EMPTY,U > 1 > 2 > 3 > 4 > inf,16
0.08125,152,BASE_UNSTABLE > 30|33|35|37 > 30|33|35 > 30|33|35+37 > 33|30+35|30+37|35+37 > 33|30+35|30+37 > 30+33|30+35|30+37|33+35|33+37 > 30+33|30+37|33+35|33+37 > 30+33|33+35|33+37|30+35+37 > 30+33|33+35|30+35+37 > 30+33|30+35+37|33+35+37 > 30+33|33+35+37 > 30+33+35|30+33+37|33+35+37 > 30+33+35|30+33+37 > 30+33+35 > 30+33+35+37 > EMPTY,U > 1 > 2 > 3 > 4 > inf,16
0.081875,143,BASE_UNSTABLE > 30|33|35|37 > 30|33|35 > 30|33|35+37 > 33|30+35|30+37|35+37 > 33|30+35|30+37 > 30+33|30+35|30+37|33+35|33+37 > 30+33|30+37|33+35|33+37 > 30+33|33+35|33+37|30+35+37 > 30+33|33+35|30+35+37 > 30+33|30+35+37|33+35+37 > 30+33|33+35+37 > 30+33+35|30+33+37|33+35+37 > 30+33+35|30+33+37 > 30+33+35 > 30+33+35+37 > EMPTY,U > 1 > 2 > 3 > 4 > inf,16
0.0825,160,BASE_UNSTABLE > 30|33|35|37 > 30|33|35 > 30|33|35+37 > 33|30+35|30+37|35+37 > 33|30+35|30+37 > 30+33|30+35|30+37|33+35|33+37 > 30+33|30+37|33+35|33+37 > 30+33|33+35|33+37|30+35+37 > 30+33|33+35|30+35+37 > 30+33|30+35+37|33+35+37 > 30+33|33+35+37 > 30+33+35|30+33+37|33+35+37 > 30+33+35|30+33+37 > 30+33+35 > 30+33+35+37 > EMPTY,U > 1 > 2 > 3 > 4 > inf,16
0.083125,147,BASE_UNSTABLE > 30|33|35|37 > 30|33|35 > 30|33|35+37 > 33|30+35|30+37|35+37 > 33|30+35|30+37 > 30+33|30+35|30+37|33+35|33+37 > 30+33|30+37|33+35|33+37 > 30+33|33+35|33+37|30+35+37 > 30+33|33+35|30+35+37 > 30+33|30+35+37|33+35+37 > 30+33|33+35+37 > 30+33+35|30+33+37|33+35+37 > 30+33+35|30+33+37 > 30+33+35 > 30+33+35+37 > EMPTY,U > 1 > 2 > 3 > 4 > inf,16
0.08375,154,BASE_UNSTABLE > 30|33|35|37 > 30|33|35 > 30|33|35+37 > 33|30+35|30+37|35+37 > 33|30+35|30+37 > 30+33|30+35|30+37|33+35|33+37 > 30+33|30+37|33+35|33+37 > 30+33|33+35|33+37|30+35+37 > 30+33|33+35|30+35+37 > 30+33|30+35+37|33+35+37 > 30+33|33+35+37 > 30+33+35|30+33+37|33+35+37 > 30+33+35|30+33+37 > 30+33+35 > 30+33+35+37 > EMPTY,U > 1 > 2 > 3 > 4 > inf,16
0.084375,147,BASE_UNSTABLE > 30|33|35|37 > 30|33|35 > 30|33|35+37 > 33|30+35|30+37|35+37 > 33|30+35|30+37 > 30+33|30+35|30+37|33+35|33+37 > 30+33|30+37|33+35|33+37 > 30+33|33+35|33+37|30+35+37 > 30+33|33+35|30+35+37 > 30+33|30+35+37|33+35+37 > 30+33|33+35+37 > 30+33+35|30+33+37|33+35+37 > 30+33+35|30+33+37 > 30+33+35 > 30+33+35+37 > EMPTY,U > 1 > 2 > 3 > 4 > inf,16
0.085,159,BASE_UNSTABLE > 30|33|35|37 > 30|33|35 > 30|33|35+37 > 33|30+35|30+37|35+37 > 33|30+35|30+37 > 30+33|30+35|30+37|33+35|33+37 > 30+33|30+37|33+35|33+37 > 30+33|33+35|33+37|30+35+37 > 30+33|33+35|30+35+37 > 30+33|30+35+37|33+35+37 > 30+33|33+35+37 > 30+33+35|30+33+37|33+35+37 > 30+33+35|30+33+37 > 30+33+35 > 30+33+35+37 > EMPTY,U > 1 > 2 > 3 > 4 > inf,16
0.085625,147,BASE_UNSTABLE > 30|33|35|37 > 30|33|35 > 30|33|35+37 > 33|30+35|30+37|35+37 > 33|30+35|30+37 > 30+33|30+35|30+37|33+35|33+37 > 30+33|30+37|33+35|33+37 > 30+33|33+35|33+37|30+35+37 > 30+33|33+35|30+35+37 > 30+33|30+35+37|33+35+37 > 30+33|33+35+37 > 30+33+35|30+33+37|33+35+37 > 30+33+35|30+33+37 > 30+33+35 > 30+33+35+37 > EMPTY,U > 1 > 2 > 3 > 4 > inf,16
0.08625,151,BASE_UNSTABLE > 30|33|35|37 > 30|33|35 > 30|33|35+37 > 33|30+35|30+37|35+37 > 33|30+35|30+37 > 30+33|30+35|30+37|33+35|33+37 > 30+33|30+37|33+35|33+37 > 30+33|33+35|33+37|30+35+37 > 30+33|33+35|30+35+37 > 30+33|30+35+37|33+35+37 > 30+33|33+35+37 > 30+33+35|30+33+37|33+35+37 > 30+33+35|30+33+37 > 30+33+35 > 30+33+35+37 > EMPTY,U > 1 > 2 > 3 > 4 > inf,16
0.086875,147,BASE_UNSTABLE > 30|33|35|37 > 30|33|35 > 30|33|35+37 > 33|30+35|30+37|35+37 > 33|30+35|30+37 > 30+33|30+35|30+37|33+35|33+37 > 30+33|30+37|33+35|33+37 > 30+33|33+35|33+37|30+35+37 > 30+33|33+35|30+35+37 > 30+33|30+35+37|33+35+37 > 30+33|33+35+37 > 30+33+35|30+33+37|33+35+37 > 30+33+35|30+33+37 > 30+33+35 > 30+33+35+37 > EMPTY,U > 1 > 2 > 3 > 4 > inf,16
0.0875,156,BASE_UNSTABLE > 30|33|35|37 > 30|33|35 > 30|33|35+37 > 33|30+35|30+37|35+37 > 33|30+35|30+37 > 30+33|30+35|30+37|33+35|33+37 > 30+33|30+37|33+35|33+37 > 30+33|33+35|33+37|30+35+37 > 30+33|33+35|30+35+37 > 30+33|30+35+37|33+35+37 > 30+33|33+35+37 > 30+33+35|30+33+37|33+35+37 > 30+33+35|30+33+37 > 30+33+35 > 30+33+35+37 > EMPTY,U > 1 > 2 > 3 > 4 > inf,16
0.088125,143,BASE_UNSTABLE > 30|33|35|37 > 30|33|35 > 30|33|35+37 > 33|30+35|30+37|35+37 > 33|30+35|30+37 > 30+33|30+35|30+37|33+35|33+37 > 30+33|30+37|33+35|33+37 > 30+33|33+35|33+37|30+35+37 > 30+33|33+35|30+35+37 > 30+33|30+35+37|33+35+37 > 30+33|33+35+37 > 30+33+35|30+33+37|33+35+37 > 30+33+35|30+33+37 > 30+33+35 > 30+33+35+37 > EMPTY,U > 1 > 2 > 3 > 4 > inf,16
0.08875,149,BASE_UNSTABLE > 30|33|35|37 > 30|33|35 > 30|33|35+37 > 33|30+35|30+37|35+37 > 33|30+35|30+37 > 30+33|30+35|30+37|33+35|33+37 > 30+33|30+37|33+35|33+37 > 30+33|33+35|33+37|30+35+37 > 30+33|33+35|30+35+37 > 30+33|30+35+37|33+35+37 > 30+33|33+35+37 > 30+33+35|30+33+37|33+35+37 > 30+33+35|30+33+37 > 30+33+35 > 30+33+35+37 > EMPTY,U > 1 > 2 > 3 > 4 > inf,16
0.089375,143,BASE_UNSTABLE > 30|33|35|37 > 30|33|35 > 30|33|35+37 > 33|30+35|30+37|35+37 > 33|30+35|30+37 > 30+33|30+35|30+37|33+35|33+37 > 30+33|30+37|33+35|33+37 > 30+33|33+35|33+37|30+35+37 > 30+33|33+35|30+35+37 > 30+33|30+35+37|33+35+37 > 30+33|33+35+37 > 30+33+35|30+33+37|33+35+37 > 30+33+35|30+33+37 > 30+33+35 > 30+33+35+37 > EMPTY,U > 1 > 2 > 3 > 4 > inf,16
0.09,183,BASE_UNSTABLE > 30|33|35|37 > 30|33|35 > 30|33|35+37 > 33|30+35|30+37|35+37 > 33|30+35|30+37 > 30+33|30+35|30+37|33+35|33+37 > 30+33|30+37|33+35|33+37 > 30+33|33+35|33+37|30+35+37 > 30+33|33+35|30+35+37 > 30+33|30+35+37|33+35+37 > 30+33|33+35+37 > 30+33+35|30+33+37|33+35+37 > 30+33+35|30+33+37 > 30+33+35 > 30+33+35+37 > EMPTY,U > 1 > 2 > 3 > 4 > inf,16
0.090625,143,BASE_UNSTABLE > 30|33|35|37 > 30|33|35 > 30|33|35+37 > 33|30+35|30+37|35+37 > 33|30+35|30+37 > 30+33|30+35|30+37|33+35|33+37 > 30+33|30+37|33+35|33+37 > 30+33|33+35|33+37|30+35+37 > 30+33|33+35|30+35+37 > 30+33|30+35+37|33+35+37 > 30+33|33+35+37 > 30+33+35|30+33+37|33+35+37 > 30+33+35|30+33+37 > 30+33+35 > 30+33+35+37 > EMPTY,U > 1 > 2 > 3 > 4 > inf,16
0.09125,145,BASE_UNSTABLE > 30|33|35|37 > 30|33|35 > 30|33|35+37 > 33|30+35|30+37|35+37 > 33|30+35|30+37 > 30+33|30+35|30+37|33+35|33+37 > 30+33|30+37|33+35|33+37 > 30+33|33+35|33+37|30+35+37 > 30+33|33+35|30+35+37 > 30+33|30+35+37|33+35+37 > 30+33|33+35+37 > 30+33+35|30+33+37|33+35+37 > 30+33+35|30+33+37 > 30+33+35 > 30+33+35+37 > EMPTY,U > 1 > 2 > 3 > 4 > inf,16
0.091875,143,BASE_UNSTABLE > 30|33|35|37 > 30|33|35 > 30|33|35+37 > 33|30+35|30+37|35+37 > 33|30+35|30+37 > 30+33|30+35|30+37|33+35|33+37 > 30+33|30+37|33+35|33+37 > 30+33|33+35|33+37|30+35+37 > 30+33|33+35|30+35+37 > 30+33|30+35+37|33+35+37 > 30+33|33+35+37 > 30+33+35|30+33+37|33+35+37 > 30+33+35|30+33+37 > 30+33+35 > 30+33+35+37 > EMPTY,U > 1 > 2 > 3 > 4 > inf,16
0.0925,152,BASE_UNSTABLE > 30|33|35|37 > 30|33|35 > 30|33|35+37 > 33|30+35|30+37|35+37 > 33|30+35|30+37 > 30+33|30+35|30+37|33+35|33+37 > 30+33|30+37|33+35|33+37 > 30+33|33+35|33+37|30+35+37 > 30+33|33+35|30+35+37 > 30+33|30+35+37|33+35+37 > 30+33|33+35+37 > 30+33+35|30+33+37|33+35+37 > 30+33+35|30+33+37 > 30+33+35 > 30+33+35+37 > EMPTY,U > 1 > 2 > 3 > 4 > inf,16
0.093125,143,BASE_UNSTABLE > 30|33|35|37 > 30|33|35 > 30|33|35+37 > 33|30+35|30+37|35+37 > 33|30+35|30+37 > 30+33|30+35|30+37|33+35|33+37 > 30+33|30+37|33+35|33+37 > 30+33|33+35|33+37|30+35+37 > 30+33|33+35|30+35+37 > 30+33|30+35+37|33+35+37 > 30+33|33+35+37 > 30+33+35|30+33+37|33+35+37 > 30+33+35|30+33+37 > 30+33+35 > 30+33+35+37 > EMPTY,U > 1 > 2 > 3 > 4 > inf,16
0.09375,145,BASE_UNSTABLE > 30|33|35|37 > 30|33|35 > 30|33|35+37 > 33|30+35|30+37|35+37 > 33|30+35|30+37 > 30+33|30+35|30+37|33+35|33+37 > 30+33|30+37|33+35|33+37 > 30+33|33+35|33+37|30+35+37 > 30+33|33+35|30+35+37 > 30+33|30+35+37|33+35+37 > 30+33|33+35+37 > 30+33+35|30+33+37|33+35+37 > 30+33+35|30+33+37 > 30+33+35 > 30+33+35+37 > EMPTY,U > 1 > 2 > 3 > 4 > inf,16
0.094375,143,BASE_UNSTABLE > 30|33|35|37 > 30|33|35 > 30|33|35+37 > 33|30+35|30+37|35+37 > 33|30+35|30+37 > 30+33|30+35|30+37|33+35|33+37 > 30+33|30+37|33+35|33+37 > 30+33|33+35|33+37|30+35+37 > 30+33|33+35|30+35+37 > 30+33|30+35+37|33+35+37 > 30+33|33+35+37 > 30+33+35|30+33+37|33+35+37 > 30+33+35|30+33+37 > 30+33+35 > 30+33+35+37 > EMPTY,U > 1 > 2 > 3 > 4 > inf,16
0.095,155,BASE_UNSTABLE > 30|33|35|37 > 30|33|35 > 30|33|35+37 > 33|30+35|30+37|35+37 > 33|30+35|30+37 > 30+33|30+35|30+37|33+35|33+37 > 30+33|30+37|33+35|33+37 > 30+33|33+35|33+37|30+35+37 > 30+33|33+35|30+35+37 > 30+33|30+35+37|33+35+37 > 30+33|33+35+37 > 30+33+35|30+33+37|33+35+37 > 30+33+35|30+33+37 > 30+33+35 > 30+33+35+37 > EMPTY,U > 1 > 2 > 3 > 4 > inf,16
0.095625,143,BASE_UNSTABLE > 30|33|35|37 > 30|33|35 > 30|33|35+37 > 33|30+35|30+37|35+37 > 33|30+35|30+37 > 30+33|30+35|30+37|33+35|33+37 > 30+33|30+37|33+35|33+37 > 30+33|33+35|33+37|30+35+37 > 30+33|33+35|30+35+37 > 30+33|30+35+37|33+35+37 > 30+33|33+35+37 > 30+33+35|30+33+37|33+35+37 > 30+33+35|30+33+37 > 30+33+35 > 30+33+35+37 > EMPTY,U > 1 > 2 > 3 > 4 > inf,16
0.09625,148,BASE_UNSTABLE > 30|33|35|37 > 30|33|35 > 30|33|35+37 > 33|30+35|30+37|35+37 > 33|30+35|30+37 > 30+33|30+35|30+37|33+35|33+37 > 30+33|30+37|33+35|33+37 > 30+33|33+35|33+37|30+35+37 > 30+33|33+35|30+35+37 > 30+33|30+35+37|33+35+37 > 30+33|33+35+37 > 30+33+35|30+33+37|33+35+37 > 30+33+35|30+33+37 > 30+33+35 > 30+33+35+37 > EMPTY,U > 1 > 2 > 3 > 4 > inf,16
0.096875,143,BASE_UNSTABLE > 30|33|35|37 > 30|33|35 > 30|33|35+37 > 33|30+35|30+37|35+37 > 33|30+35|30+37 > 30+33|30+35|30+37|33+35|33+37 > 30+33|30+37|33+35|33+37 > 30+33|33+35|33+37|30+35+37 > 30+33|33+35|30+35+37 > 30+33|30+35+37|33+35+37 > 30+33|33+35+37 > 30+33+35|30+33+37|33+35+37 > 30+33+35|30+33+37 > 30+33+35 > 30+33+35+37 > EMPTY,U > 1 > 2 > 3 > 4 > inf,16
0.0975,158,BASE_UNSTABLE > 30|33|35|37 > 30|33|35 > 30|33|35+37 > 33|30+35|30+37|35+37 > 33|30+35|30+37 > 30+33|30+35|30+37|33+35|33+37 > 30+33|30+37|33+35|33+37 > 30+33|33+35|33+37|30+35+37 > 30+33|33+35|30+35+37 > 30+33|30+35+37|33+35+37 > 30+33|33+35+37 > 30+33+35|30+33+37|33+35+37 > 30+33+35|30+33+37 > 30+33+35 > 30+33+35+37 > EMPTY,U > 1 > 2 > 3 > 4 > inf,16
0.098125,151,BASE_UNSTABLE > 30|33|35|37 > 30|33|35 > 30|33|35+37 > 33|30+35|30+37|35+37 > 33|30+35|30+37 > 30+33|30+35|30+37|33+35|33+37 > 30+33|30+37|33+35|33+37 > 30+33|33+35|33+37|30+35+37 > 30+33|33+35|30+35+37 > 30+33|30+35+37|33+35+37 > 30+33|33+35+37 > 30+33+35|30+33+37|33+35+37 > 30+33+35|30+33+37 > 30+33+35 > 30+33+35+37 > EMPTY,U > 1 > 2 > 3 > 4 > inf,16
0.09875,152,BASE_UNSTABLE > 30|33|35|37 > 30|33|35 > 30|33|35+37 > 33|30+35|30+37|35+37 > 33|30+35|30+37 > 30+33|30+35|30+37|33+35|33+37 > 30+33|30+37|33+35|33+37 > 30+33|33+35|33+37|30+35+37 > 30+33|33+35|30+35+37 > 30+33|30+35+37|33+35+37 > 30+33|33+35+37 > 30+33+35|30+33+37|33+35+37 > 30+33+35|30+33+37 > 30+33+35 > 30+33+35+37 > EMPTY,U > 1 > 2 > 3 > 4 > inf,16
0.099375,151,BASE_UNSTABLE > 30|33|35|37 > 30|33|35 > 30|33|35+37 > 33|30+35|30+37|35+37 > 33|30+35|30+37 > 30+33|30+35|30+37|33+35|33+37 > 30+33|30+37|33+35|33+37 > 30+33|33+35|33+37|30+35+37 > 30+33|33+35|30+35+37 > 30+33|30+35+37|33+35+37 > 30+33|33+35+37 > 30+33+35|30+33+37|33+35+37 > 30+33+35|30+33+37 > 30+33+35 > 30+33+35+37 > EMPTY,U > 1 > 2 > 3 > 4 > inf,16
0.1,191,BASE_UNSTABLE > 30|33|35|37 > 30|33|35 > 30|33|35+37 > 33|30+35|30+37|35+37 > 33|30+35|30+37 > 30+33|30+35|30+37|33+35|33+37 > 30+33|30+37|33+35|33+37 > 30+33|33+35|33+37|30+35+37 > 30+33|33+35|30+35+37 > 30+33|30+35+37|33+35+37 > 30+33|33+35+37 > 30+33+35|30+33+37|33+35+37 > 30+33+35|30+33+37 > 30+33+35 > 30+33+35+37 > EMPTY,U > 1 > 2 > 3 > 4 > inf,16
0.100625,151,BASE_UNSTABLE > 30|33|35|37 > 30|33|35 > 30|33|35+37 > 33|30+35|30+37|35+37 > 33|30+35|30+37 > 30+33|30+35|30+37|33+35|33+37 > 30+33|30+37|33+35|33+37 > 30+33|33+35|33+37|30+35+37 > 30+33|33+35|30+35+37 > 30+33|30+35+37|33+35+37 > 30+33|33+35+37 > 30+33+35|30+33+37|33+35+37 > 30+33+35|30+33+37 > 30+33+35 > 30+33+35+37 > EMPTY,U > 1 > 2 > 3 > 4 > inf,16
0.10125,160,BASE_UNSTABLE > 30|33|35|37 > 30|33|35 > 30|33|35+37 > 33|30+35|30+37|35+37 > 33|30+35|30+37 > 30+33|30+35|30+37|33+35|33+37 > 30+33|30+37|33+35|33+37 > 30+33|33+35|33+37|30+35+37 > 30+33|33+35|30+35+37 > 30+33|30+35+37|33+35+37 > 30+33|33+35+37 > 30+33+35|30+33+37|33+35+37 > 30+33+35|30+33+37 > 30+33+35 > 30+33+35+37 > EMPTY,U > 1 > 2 > 3 > 4 > inf,16
0.101875,151,BASE_UNSTABLE > 30|33|35|37 > 30|33|35 > 30|33|35+37 > 33|30+35|30+37|35+37 > 33|30+35|30+37 > 30+33|30+35|30+37|33+35|33+37 > 30+33|30+37|33+35|33+37 > 30+33|33+35|33+37|30+35+37 > 30+33|33+35|30+35+37 > 30+33|30+35+37|33+35+37 > 30+33|33+35+37 > 30+33+35|30+33+37|33+35+37 > 30+33+35|30+33+37 > 30+33+35 > 30+33+35+37 > EMPTY,U > 1 > 2 > 3 > 4 > inf,16
0.1025,166,BASE_UNSTABLE > 30|33|35|37 > 30|33|35 > 30|33|35+37 > 33|30+35|30+37|35+37 > 33|30+35|30+37 > 30+33|30+35|30+37|33+35|33+37 > 30+33|30+37|33+35|33+37 > 30+33|33+35|33+37|30+35+37 > 30+33|33+35|30+35+37 > 30+33|30+35+37|33+35+37 > 30+33|33+35+37 > 30+33+35|30+33+37|33+35+37 > 30+33+35|30+33+37 > 30+33+35 > 30+33+35+37 > EMPTY,U > 1 > 2 > 3 > 4 > inf,16
0.103125,159,BASE_UNSTABLE > 30|33|35|37 > 30|33|35 > 30|33|35+37 > 33|30+35|30+37|35+37 > 33|30+35|30+37 > 30+33|30+35|30+37|33+35|33+37 > 30+33|30+37|33+35|33+37 > 30+33|33+35|33+37|30+35+37 > 30+33|33+35|30+35+37 > 30+33|30+35+37|33+35+37 > 30+33|33+35+37 > 30+33+35|30+33+37|33+35+37 > 30+33+35|30+33+37 > 30+33+35 > 30+33+35+37 > EMPTY,U > 1 > 2 > 3 > 4 > inf,16
0.10375,164,BASE_UNSTABLE > 30|33|35|37 > 30|33|35 > 30|33|35+37 > 33|30+35|30+37|35+37 > 33|30+35|30+37 > 30+33|30+35|30+37|33+35|33+37 > 30+33|30+37|33+35|33+37 > 30+33|33+35|33+37|30+35+37 > 30+33|33+35|30+35+37 > 30+33|30+35+37|33+35+37 > 30+33|33+35+37 > 30+33+35|30+33+37|33+35+37 > 30+33+35|30+33+37 > 30+33+35 > 30+33+35+37 > EMPTY,U > 1 > 2 > 3 > 4 > inf,16
0.104375,159,BASE_UNSTABLE > 30|33|35|37 > 30|33|35 > 30|33|35+37 > 33|30+35|30+37|35+37 > 33|30+35|30+37 > 30+33|30+35|30+37|33+35|33+37 > 30+33|30+37|33+35|33+37 > 30+33|33+35|33+37|30+35+37 > 30+33|33+35|30+35+37 > 30+33|30+35+37|33+35+37 > 30+33|33+35+37 > 30+33+35|30+33+37|33+35+37 > 30+33+35|30+33+37 > 30+33+35 > 30+33+35+37 > EMPTY,U > 1 > 2 > 3 > 4 > inf,16
0.105,167,BASE_UNSTABLE > 30|33|35|37 > 30|33|35 > 30|33|35+37 > 33|30+35|30+37|35+37 > 33|30+35|30+37 > 30+33|30+35|30+37|33+35|33+37 > 30+33|30+37|33+35|33+37 > 30+33|33+35|33+37|30+35+37 > 30+33|33+35|30+35+37 > 30+33|30+35+37|33+35+37 > 30+33|33+35+37 > 30+33+35|30+33+37|33+35+37 > 30+33+35|30+33+37 > 30+33+35 > 30+33+35+37 > EMPTY,U > 1 > 2 > 3 > 4 > inf,16
0.105625,159,BASE_UNSTABLE > 30|33|35|37 > 30|33|35 > 30|33|35+37 > 33|30+35|30+37|35+37 > 33|30+35|30+37 > 30+33|30+35|30+37|33+35|33+37 > 30+33|30+37|33+35|33+37 > 30+33|33+35|33+37|30+35+37 > 30+33|33+35|30+35+37 > 30+33|30+35+37|33+35+37 > 30+33|33+35+37 > 30+33+35|30+33+37|33+35+37 > 30+33+35|30+33+37 > 30+33+35 > 30+33+35+37 > EMPTY,U > 1 > 2 > 3 > 4 > inf,16
0.10625,164,BASE_UNSTABLE > 30|33|35|37 > 30|33|35 > 30|33|35+37 > 33|30+35|30+37|35+37 > 33|30+35|30+37 > 30+33|30+35|30+37|33+35|33+37 > 30+33|30+37|33+35|33+37 > 30+33|33+35|33+37|30+35+37 > 30+33|33+35|30+35+37 > 30+33|30+35+37|33+35+37 > 30+33|33+35+37 > 30+33+35|30+33+37|33+35+37 > 30+33+35|30+33+37 > 30+33+35 > 30+33+35+37 > EMPTY,U > 1 > 2 > 3 > 4 > inf,16
0.106875,159,BASE_UNSTABLE > 30|33|35|37 > 30|33|35 > 30|33|35+37 > 33|30+35|30+37|35+37 > 33|30+35|30+37 > 30+33|30+35|30+37|33+35|33+37 > 30+33|30+37|33+35|33+37 > 30+33|33+35|33+37|30+35+37 > 30+33|33+35|30+35+37 > 30+33|30+35+37|33+35+37 > 30+33|33+35+37 > 30+33+35|30+33+37|33+35+37 > 30+33+35|30+33+37 > 30+33+35 > 30+33+35+37 > EMPTY,U > 1 > 2 > 3 > 4 > inf,16
0.1075,166,BASE_UNSTABLE > 30|33|35|37 > 30|33|35 > 30|33|35+37 > 33|30+35|30+37|35+37 > 33|30+35|30+37 > 30+33|30+35|30+37|33+35|33+37 > 30+33|30+37|33+35|33+37 > 30+33|33+35|33+37|30+35+37 > 30+33|33+35|30+35+37 > 30+33|30+35+37|33+35+37 > 30+33|33+35+37 > 30+33+35|30+33+37|33+35+37 > 30+33+35|30+33+37 > 30+33+35 > 30+33+35+37 > EMPTY,U > 1 > 2 > 3 > 4 > inf,16
0.108125,159,BASE_UNSTABLE > 30|33|35|37 > 30|33|35 > 30|33|35+37 > 33|30+35|30+37|35+37 > 33|30+35|30+37 > 30+33|30+35|30+37|33+35|33+37 > 30+33|30+37|33+35|33+37 > 30+33|33+35|33+37|30+35+37 > 30+33|33+35|30+35+37 > 30+33|30+35+37|33+35+37 > 30+33|33+35+37 > 30+33+35|30+33+37|33+35+37 > 30+33+35|30+33+37 > 30+33+35 > 30+33+35+37 > EMPTY,U > 1 > 2 > 3 > 4 > inf,16
0.10875,164,BASE_UNSTABLE > 30|33|35|37 > 30|33|35 > 30|33|35+37 > 33|30+35|30+37|35+37 > 33|30+35|30+37 > 30+33|30+35|30+37|33+35|33+37 > 30+33|30+37|33+35|33+37 > 30+33|33+35|33+37|30+35+37 > 30+33|33+35|30+35+37 > 30+33|30+35+37|33+35+37 > 30+33|33+35+37 > 30+33+35|30+33+37|33+35+37 > 30+33+35|30+33+37 > 30+33+35 > 30+33+35+37 > EMPTY,U > 1 > 2 > 3 > 4 > inf,16
0.109375,159,BASE_UNSTABLE > 30|33|35|37 > 30|33|35 > 30|33|35+37 > 33|30+35|30+37|35+37 > 33|30+35|30+37 > 30+33|30+35|30+37|33+35|33+37 > 30+33|30+37|33+35|33+37 > 30+33|33+35|33+37|30+35+37 > 30+33|33+35|30+35+37 > 30+33|30+35+37|33+35+37 > 30+33|33+35+37 > 30+33+35|30+33+37|33+35+37 > 30+33+35|30+33+37 > 30+33+35 > 30+33+35+37 > EMPTY,U > 1 > 2 > 3 > 4 > inf,16
0.11,195,BASE_UNSTABLE > 30|33|35|37 > 30|33|35 > 30|33|35+37 > 33|30+35|30+37|35+37 > 33|30+35|30+37 > 30+33|30+35|30+37|33+35|33+37 > 30+33|30+37|33+35|33+37 > 30+33|33+35|33+37|30+35+37 > 30+33|33+35|30+35+37 > 30+33|30+35+37|33+35+37 > 30+33|33+35+37 > 30+33+35|30+33+37|33+35+37 > 30+33+35|30+33+37 > 30+33+35 > 30+33+35+37 > EMPTY,U > 1 > 2 > 3 > 4 > inf,16
0.110625,155,BASE_UNSTABLE > 30|33|35|37 > 30|33|35 > 30|33|35+37 > 33|30+35|30+37|35+37 > 33|30+35|30+37 > 30+33|30+35|30+37|33+35|33+37 > 30+33|30+37|33+35|33+37 > 30+33|33+35|33+37|30+35+37 > 30+33|33+35|30+35+37 > 30+33|30+35+37|33+35+37 > 30+33|33+35+37 > 30+33+35|30+33+37|33+35+37 > 30+33+35|30+33+37 > 30+33+35 > 30+33+35+37 > EMPTY,U > 1 > 2 > 3 > 4 > inf,16
0.11125,162,BASE_UNSTABLE > 30|33|35|37 > 30|33|35 > 30|33|35+37 > 33|30+35|30+37|35+37 > 33|30+35|30+37 > 30+33|30+35|30+37|33+35|33+37 > 30+33|30+37|33+35|33+37 > 30+33|33+35|33+37|30+35+37 > 30+33|33+35|30+35+37 > 30+33|30+35+37|33+35+37 > 30+33|33+35+37 > 30+33+35|30+33+37|33+35+37 > 30+33+35|30+33+37 > 30+33+35 > 30+33+35+37 > EMPTY,U > 1 > 2 > 3 > 4 > inf,16
0.111875,155,BASE_UNSTABLE > 30|33|35|37 > 30|33|35 > 30|33|35+37 > 33|30+35|30+37|35+37 > 33|30+35|30+37 > 30+33|30+35|30+37|33+35|33+37 > 30+33|30+37|33+35|33+37 > 30+33|33+35|33+37|30+35+37 > 30+33|33+35|30+35+37 > 30+33|30+35+37|33+35+37 > 30+33|33+35+37 > 30+33+35|30+33+37|33+35+37 > 30+33+35|30+33+37 > 30+33+35 > 30+33+35+37 > EMPTY,U > 1 > 2 > 3 > 4 > inf,16
0.1125,164,BASE_UNSTABLE > 30|33|35|37 > 30|33|35 > 30|33|35+37 > 33|30+35|30+37|35+37 > 33|30+35|30+37 > 30+33|30+35|30+37|33+35|33+37 > 30+33|30+37|33+35|33+37 > 30+33|33+35|33+37|30+35+37 > 30+33|33+35|30+35+37 > 30+33|30+35+37|33+35+37 > 30+33|33+35+37 > 30+33+35|30+33+37|33+35+37 > 30+33+35|30+33+37 > 30+33+35 > 30+33+35+37 > EMPTY,U > 1 > 2 > 3 > 4 > inf,16
0.113125,155,BASE_UNSTABLE > 30|33|35|37 > 30|33|35 > 30|33|35+37 > 33|30+35|30+37|35+37 > 33|30+35|30+37 > 30+33|30+35|30+37|33+35|33+37 > 30+33|30+37|33+35|33+37 > 30+33|33+35|33+37|30+35+37 > 30+33|33+35|30+35+37 > 30+33|30+35+37|33+35+37 > 30+33|33+35+37 > 30+33+35|30+33+37|33+35+37 > 30+33+35|30+33+37 > 30+33+35 > 30+33+35+37 > EMPTY,U > 1 > 2 > 3 > 4 > inf,16
0.11375,162,BASE_UNSTABLE > 30|33|35|37 > 30|33|35 > 30|33|35+37 > 33|30+35|30+37|35+37 > 33|30+35|30+37 > 30+33|30+35|30+37|33+35|33+37 > 30+33|30+37|33+35|33+37 > 30+33|33+35|33+37|30+35+37 > 30+33|33+35|30+35+37 > 30+33|30+35+37|33+35+37 > 30+33|33+35+37 > 30+33+35|30+33+37|33+35+37 > 30+33+35|30+33+37 > 30+33+35 > 30+33+35+37 > EMPTY,U > 1 > 2 > 3 > 4 > inf,16
0.114375,155,BASE_UNSTABLE > 30|33|35|37 > 30|33|35 > 30|33|35+37 > 33|30+35|30+37|35+37 > 33|30+35|30+37 > 30+33|30+35|30+37|33+35|33+37 > 30+33|30+37|33+35|33+37 > 30+33|33+35|33+37|30+35+37 > 30+33|33+35|30+35+37 > 30+33|30+35+37|33+35+37 > 30+33|33+35+37 > 30+33+35|30+33+37|33+35+37 > 30+33+35|30+33+37 > 30+33+35 > 30+33+35+37 > EMPTY,U > 1 > 2 > 3 > 4 > inf,16
0.1149999999999999,165,BASE_UNSTABLE > 30|33|35|37 > 30|33|35 > 30|33|35+37 > 33|30+35|30+37|35+37 > 33|30+35|30+37 > 30+33|30+35|30+37|33+35|33+37 > 30+33|33+35|33+37|30+35+37 > 30+33|33+35|30+35+37 > 30+33|30+35+37|33+35+37 > 30+33|33+35+37 > 30+33+35|30+33+37|33+35+37 > 30+33+35|30+33+37 > 30+33+35 > 30+33+35+37 > EMPTY,U > 1 > 2 > 3 > 4 > inf,15
0.115625,151,BASE_UNSTABLE > 30|33|35|37 > 30|33|35 > 30|33|35+37 > 33|30+35|30+37|35+37 > 33|30+35|30+37 > 30+33|30+35|30+37|33+35|33+37 > 30+33|33+35|33+37|30+35+37 > 30+33|33+35|30+35+37 > 30+33|30+35+37|33+35+37 > 30+33|33+35+37 > 30+33+35|30+33+37|33+35+37 > 30+33+35|30+33+37 > 30+33+35 > 30+33+35+37 > EMPTY,U > 1 > 2 > 3 > 4 > inf,15
0.1162499999999999,156,BASE_UNSTABLE > 30|33|35|37 > 30|33|35 > 30|33|35+37 > 33|30+35|30+37|35+37 > 33|30+35|30+37 > 30+33|30+35|30+37|33+35|33+37 > 30+33|33+35|33+37|30+35+37 > 30+33|33+35|30+35+37 > 30+33|30+35+37|33+35+37 > 30+33|33+35+37 > 30+33+35|30+33+37|33+35+37 > 30+33+35|30+33+37 > 30+33+35 > 30+33+35+37 > EMPTY,U > 1 > 2 > 3 > 4 > inf,15
0.1168749999999999,151,BASE_UNSTABLE > 30|33|35|37 > 30|33|35 > 30|33|35+37 > 33|30+35|30+37|35+37 > 33|30+35|30+37 > 30+33|30+35|30+37|33+35|33+37 > 30+33|33+35|33+37|30+35+37 > 30+33|33+35|30+35+37 > 30+33|30+35+37|33+35+37 > 30+33|33+35+37 > 30+33+35|30+33+37|33+35+37 > 30+33+35|30+33+37 > 30+33+35 > 30+33+35+37 > EMPTY,U > 1 > 2 > 3 > 4 > inf,15
0.1175,160,BASE_UNSTABLE > 30|33|35|37 > 30|33|35 > 30|33|35+37 > 33|30+35|30+37|35+37 > 33|30+35|30+37 > 30+33|30+35|30+37|33+35|33+37 > 30+33|33+35|33+37|30+35+37 > 30+33|33+35|30+35+37 > 30+33|30+35+37|33+35+37 > 30+33|33+35+37 > 30+33+35|30+33+37|33+35+37 > 30+33+35|30+33+37 > 30+33+35 > 30+33+35+37 > EMPTY,U > 1 > 2 > 3 > 4 > inf,15
0.118125,151,BASE_UNSTABLE > 30|33|35|37 > 30|33|35 > 30|33|35+37 > 33|30+35|30+37|35+37 > 33|30+35|30+37 > 30+33|30+35|30+37|33+35|33+37 > 30+33|33+35|33+37|30+35+37 > 30+33|33+35|30+35+37 > 30+33|30+35+37|33+35+37 > 30+33|33+35+37 > 30+33+35|30+33+37|33+35+37 > 30+33+35|30+33+37 > 30+33+35 > 30+33+35+37 > EMPTY,U > 1 > 2 > 3 > 4 > inf,15
0.11875,156,BASE_UNSTABLE > 30|33|35|37 > 30|33|35 > 30|33|35+37 > 33|30+35|30+37|35+37 > 33|30+35|30+37 > 30+33|30+35|30+37|33+35|33+37 > 30+33|33+35|33+37|30+35+37 > 30+33|33+35|30+35+37 > 30+33|30+35+37|33+35+37 > 30+33|33+35+37 > 30+33+35|30+33+37|33+35+37 > 30+33+35|30+33+37 > 30+33+35 > 30+33+35+37 > EMPTY,U > 1 > 2 > 3 > 4 > inf,15
0.119375,151,BASE_UNSTABLE > 30|33|35|37 > 30|33|35 > 30|33|35+37 > 33|30+35|30+37|35+37 > 33|30+35|30+37 > 30+33|30+35|30+37|33+35|33+37 > 30+33|33+35|33+37|30+35+37 > 30+33|33+35|30+35+37 > 30+33|30+35+37|33+35+37 > 30+33|33+35+37 > 30+33+35|30+33+37|33+35+37 > 30+33+35|30+33+37 > 30+33+35 > 30+33+35+37 > EMPTY,U > 1 > 2 > 3 > 4 > inf,15
0.12,193,BASE_UNSTABLE > 30|33|35|37 > 30|33|35 > 30|33|35+37 > 33|30+35|30+37|35+37 > 33|30+35|30+37 > 30+33|30+35|30+37|33+35|33+37 > 30+33|33+35|33+37|30+35+37 > 30+33|33+35|30+35+37 > 30+33|30+35+37|33+35+37 > 30+33|33+35+37 > 30+33+35|30+33+37|33+35+37 > 30+33+35|30+33+37 > 30+33+35 > 30+33+35+37 > EMPTY,U > 1 > 2 > 3 > 4 > inf,15
0.120625,155,BASE_UNSTABLE > 30|33|35|37 > 30|33|35 > 30|33|35+37 > 33|30+35|30+37|35+37 > 33|30+35|30+37 > 30+33|30+35|30+37|33+35|33+37 > 30+33|33+35|33+37|30+35+37 > 30+33|33+35|30+35+37 > 30+33|30+35+37|33+35+37 > 30+33|33+35+37 > 30+33+35|30+33+37|33+35+37 > 30+33+35|30+33+37 > 30+33+35 > 30+33+35+37 > EMPTY,U > 1 > 2 > 3 > 4 > inf,15
0.12125,162,BASE_UNSTABLE > 30|33|35|37 > 30|33|35 > 30|33|35+37 > 33|30+35|30+37|35+37 > 33|30+35|30+37 > 30+33|30+35|30+37|33+35|33+37 > 30+33|33+35|33+37|30+35+37 > 30+33|33+35|30+35+37 > 30+33|30+35+37|33+35+37 > 30+33|33+35+37 > 30+33+35|30+33+37|33+35+37 > 30+33+35|30+33+37 > 30+33+35 > 30+33+35+37 > EMPTY,U > 1 > 2 > 3 > 4 > inf,15
0.121875,155,BASE_UNSTABLE > 30|33|35|37 > 30|33|35 > 30|33|35+37 > 33|30+35|30+37|35+37 > 33|30+35|30+37 > 30+33|30+35|30+37|33+35|33+37 > 30+33|33+35|33+37|30+35+37 > 30+33|33+35|30+35+37 > 30+33|30+35+37|33+35+37 > 30+33|33+35+37 > 30+33+35|30+33+37|33+35+37 > 30+33+35|30+33+37 > 30+33+35 > 30+33+35+37 > EMPTY,U > 1 > 2 > 3 > 4 > inf,15
0.1225,166,BASE_UNSTABLE > 30|33|35|37 > 30|33|35 > 30|33|35+37 > 33|30+35|30+37|35+37 > 33|30+35|30+37 > 30+33|30+35|30+37|33+35|33+37 > 30+33|33+35|33+37|30+35+37 > 30+33|33+35|30+35+37 > 30+33|30+35+37|33+35+37 > 30+33|33+35+37 > 30+33+35|30+33+37|33+35+37 > 30+33+35|30+33+37 > 30+33+35 > 30+33+35+37 > EMPTY,U > 1 > 2 > 3 > 4 > inf,15
0.123125,159,BASE_UNSTABLE > 30|33|35|37 > 30|33|35 > 30|33|35+37 > 33|30+35|30+37|35+37 > 33|30+35|30+37 > 30+33|30+35|30+37|33+35|33+37 > 30+33|33+35|33+37|30+35+37 > 30+33|33+35|30+35+37 > 30+33|30+35+37|33+35+37 > 30+33|33+35+37 > 30+33+35|30+33+37|33+35+37 > 30+33+35|30+33+37 > 30+33+35 > 30+33+35+37 > EMPTY,U > 1 > 2 > 3 > 4 > inf,15
0.12375,164,BASE_UNSTABLE > 30|33|35|37 > 30|33|35 > 30|33|35+37 > 33|30+35|30+37|35+37 > 33|30+35|30+37 > 30+33|30+35|30+37|33+35|33+37 > 30+33|33+35|33+37|30+35+37 > 30+33|33+35|30+35+37 > 30+33|30+35+37|33+35+37 > 30+33|33+35+37 > 30+33+35|30+33+37|33+35+37 > 30+33+35|30+33+37 > 30+33+35 > 30+33+35+37 > EMPTY,U > 1 > 2 > 3 > 4 > inf,15
0.124375,159,BASE_UNSTABLE > 30|33|35|37 > 30|33|35 > 30|33|35+37 > 33|30+35|30+37|35+37 > 33|30+35|30+37 > 30+33|30+35|30+37|33+35|33+37 > 30+33|33+35|33+37|30+35+37 > 30+33|33+35|30+35+37 > 30+33|30+35+37|33+35+37 > 30+33|33+35+37 > 30+33+35|30+33+37|33+35+37 > 30+33+35|30+33+37 > 30+33+35 > 30+33+35+37 > EMPTY,U > 1 > 2 > 3 > 4 > inf,15
0.125,167,BASE_UNSTABLE > 30|33|35|37 > 30|33|35 > 30|33|35+37 > 33|30+35|30+37|35+37 > 33|30+35|30+37 > 30+33|30+35|30+37|33+35|33+37 > 30+33|33+35|33+37|30+35+37 > 30+33|33+35|30+35+37 > 30+33|30+35+37|33+35+37 > 30+33|33+35+37 > 30+33+35|30+33+37|33+35+37 > 30+33+35|30+33+37 > 30+33+35 > 30+33+35+37 > EMPTY,U > 1 > 2 > 3 > 4 > inf,15
0.125625,159,BASE_UNSTABLE > 30|33|35|37 > 30|33|35 > 30|33|35+37 > 33|30+35|30+37|35+37 > 33|30+35|30+37 > 30+33|30+35|30+37|33+35|33+37 > 30+33|33+35|33+37|30+35+37 > 30+33|33+35|30+35+37 > 30+33|30+35+37|33+35+37 > 30+33|33+35+37 > 30+33+35|30+33+37|33+35+37 > 30+33+35|30+33+37 > 30+33+35 > 30+33+35+37 > EMPTY,U > 1 > 2 > 3 > 4 > inf,15
0.12625,164,BASE_UNSTABLE > 30|33|35|37 > 30|33|35 > 30|33|35+37 > 33|30+35|30+37|35+37 > 33|30+35|30+37 > 30+33|30+35|30+37|33+35|33+37 > 30+33|30+35|33+35|33+37 > 30+33|33+35|33+37|30+35+37 > 30+33|33+35|30+35+37 > 30+33|30+35+37|33+35+37 > 30+33|33+35+37 > 30+33+35|30+33+37|33+35+37 > 30+33+35|30+33+37 > 30+33+35 > 30+33+35+37 > EMPTY,U > 1 > 2 > 3 > 4 > inf,16
0.126875,159,BASE_UNSTABLE > 30|33|35|37 > 30|33|35 > 30|33|35+37 > 33|30+35|30+37|35+37 > 33|30+35|30+37 > 30+33|30+35|30+37|33+35|33+37 > 30+33|30+35|33+35|33+37 > 30+33|33+35|33+37|30+35+37 > 30+33|33+35|30+35+37 > 30+33|30+35+37|33+35+37 > 30+33|33+35+37 > 30+33+35|30+33+37|33+35+37 > 30+33+35|30+33+37 > 30+33+35 > 30+33+35+37 > EMPTY,U > 1 > 2 > 3 > 4 > inf,16
0.1275,166,BASE_UNSTABLE > 30|33|35|37 > 30|33|35 > 30|33|35+37 > 33|30+35|30+37|35+37 > 33|30+35|30+37 > 30+33|30+35|30+37|33+35|33+37 > 30+33|30+35|33+35|33+37 > 30+33|33+35|33+37|30+35+37 > 30+33|33+35|30+35+37 > 30+33|30+35+37|33+35+37 > 30+33|33+35+37 > 30+33+35|30+33+37|33+35+37 > 30+33+35|30+33+37 > 30+33+35 > 30+33+35+37 > EMPTY,U > 1 > 2 > 3 > 4 > inf,16
0.128125,159,BASE_UNSTABLE > 30|33|35|37 > 30|33|35 > 30|33|35+37 > 33|30+35|30+37|35+37 > 33|30+35|30+37 > 30+33|30+35|30+37|33+35|33+37 > 30+33|30+35|33+35|33+37 > 30+33|33+35|33+37|30+35+37 > 30+33|33+35|30+35+37 > 30+33|30+35+37|33+35+37 > 30+33|33+35+37 > 30+33+35|30+33+37|33+35+37 > 30+33+35|30+33+37 > 30+33+35 > 30+33+35+37 > EMPTY,U > 1 > 2 > 3 > 4 > inf,16
0.12875,164,BASE_UNSTABLE > 30|33|35|37 > 30|33|35 > 30|33|35+37 > 33|30+35|30+37|35+37 > 33|30+35|30+37 > 30+33|30+35|30+37|33+35|33+37 > 30+33|30+35|33+35|33+37 > 30+33|33+35|33+37|30+35+37 > 30+33|33+35|30+35+37 > 30+33|30+35+37|33+35+37 > 30+33|33+35+37 > 30+33+35|30+33+37|33+35+37 > 30+33+35|30+33+37 > 30+33+35 > 30+33+35+37 > EMPTY,U > 1 > 2 > 3 > 4 > inf,16
0.129375,159,BASE_UNSTABLE > 30|33|35|37 > 30|33|35 > 30|33|35+37 > 33|30+35|30+37|35+37 > 33|30+35|30+37 > 30+33|30+35|30+37|33+35|33+37 > 30+33|30+35|33+35|33+37 > 30+33|33+35|33+37|30+35+37 > 30+33|33+35|30+35+37 > 30+33|30+35+37|33+35+37 > 30+33|33+35+37 > 30+33+35|30+33+37|33+35+37 > 30+33+35|30+33+37 > 30+33+35 > 30+33+35+37 > EMPTY,U > 1 > 2 > 3 > 4 > inf,16
0.13,199,BASE_UNSTABLE > 30|33|35|37 > 30|33|35 > 30|33|35+37 > 33|30+35|30+37|35+37 > 33|30+35|30+37 > 30+33|30+35|30+37|33+35|33+37 > 30+33|30+35|33+35|33+37 > 30+33|33+35|33+37|30+35+37 > 30+33|33+35|30+35+37 > 30+33|30+35+37|33+35+37 > 30+33|33+35+37 > 30+33+35|30+33+37|33+35+37 > 30+33+35|30+33+37 > 30+33+35 > 30+33+35+37 > EMPTY,U > 1 > 2 > 3 > 4 > inf,16
0.130625,159,BASE_UNSTABLE > 30|33|35|37 > 30|33|35 > 30|33|35+37 > 33|30+35|30+37|35+37 > 33|30+35|30+37 > 30+33|30+35|30+37|33+35|33+37 > 30+33|30+35|33+35|33+37 > 30+33|33+35|33+37|30+35+37 > 30+33|33+35|30+35+37 > 30+33|30+35+37|33+35+37 > 30+33|33+35+37 > 30+33+35|30+33+37|33+35+37 > 30+33+35|30+33+37 > 30+33+35 > 30+33+35+37 > EMPTY,U > 1 > 2 > 3 > 4 > inf,16
0.13125,168,BASE_UNSTABLE > 30|33|35|37 > 30|33|35 > 30|33|35+37 > 33|30+35|30+37|35+37 > 33|30+35|30+37 > 30+33|30+35|30+37|33+35|33+37 > 30+33|30+35|33+35|33+37 > 30+33|33+35|33+37|30+35+37 > 30+33|33+35|30+35+37 > 30+33|30+35+37|33+35+37 > 30+33|33+35+37 > 30+33+35|30+33+37|33+35+37 > 30+33+35|30+33+37 > 30+33+35 > 30+33+35+37 > EMPTY,U > 1 > 2 > 3 > 4 > inf,16
0.131875,159,BASE_UNSTABLE > 30|33|35|37 > 30|33|35 > 30|33|35+37 > 33|30+35|30+37|35+37 > 33|30+35|30+37 > 30+33|30+35|30+37|33+35|33+37 > 30+33|30+35|33+35|33+37 > 30+33|33+35|33+37|30+35+37 > 30+33|33+35|30+35+37 > 30+33|30+35+37|33+35+37 > 30+33|33+35+37 > 30+33+35|30+33+37|33+35+37 > 30+33+35|30+33+37 > 30+33+35 > 30+33+35+37 > EMPTY,U > 1 > 2 > 3 > 4 > inf,16
0.1325,173,BASE_UNSTABLE > 30|33|35|37 > 30|33|35 > 30|33|35+37 > 33|30+35|30+37|35+37 > 33|30+35|30+37 > 30+33|30+35|30+37|33+35|33+37 > 30+33|30+35|33+35|33+37 > 30+33|33+35|33+37|30+35+37 > 30+33|33+35|30+35+37 > 30+33|30+35+37|33+35+37 > 30+33|33+35+37 > 30+33+35|30+33+37|33+35+37 > 30+33+35|30+33+37 > 30+33+35 > 30+33+35+37 > EMPTY,U > 1 > 2 > 3 > 4 > inf,16
0.133125,163,BASE_UNSTABLE > 30|33|35|37 > 30|33|35 > 30|33|35+37 > 33|30+35|30+37|35+37 > 33|30+35|30+37 > 30+33|30+35|30+37|33+35|33+37 > 30+33|30+35|33+35|33+37 > 30+33|33+35|33+37|30+35+37 > 30+33|33+35|30+35+37 > 30+33|30+35+37|33+35+37 > 30+33|33+35+37 > 30+33+35|30+33+37|33+35+37 > 30+33+35|30+33+37 > 30+33+35 > 30+33+35+37 > EMPTY,U > 1 > 2 > 3 > 4 > inf,16
0.13375,170,BASE_UNSTABLE > 30|33|35|37 > 30|33|35 > 30|33|35+37 > 33|30+35|30+37|35+37 > 33|30+35|30+37 > 30+33|30+35|30+37|33+35|33+37 > 30+33|30+35|33+35|33+37 > 30+33|33+35|33+37|30+35+37 > 30+33|33+35|30+35+37 > 30+33|30+35+37|33+35+37 > 30+33|33+35+37 > 30+33+35|30+33+37|33+35+37 > 30+33+35|30+33+37 > 30+33+35 > 30+33+35+37 > EMPTY,U > 1 > 2 > 3 > 4 > inf,16
0.134375,163,BASE_UNSTABLE > 30|33|35|37 > 30|33|35 > 30|33|35+37 > 33|30+35|30+37|35+37 > 33|30+35|30+37 > 30+33|30+35|30+37|33+35|33+37 > 30+33|30+35|33+35|33+37 > 30+33|33+35|33+37|30+35+37 > 30+33|33+35|30+35+37 > 30+33|30+35+37|33+35+37 > 30+33|33+35+37 > 30+33+35|30+33+37|33+35+37 > 30+33+35|30+33+37 > 30+33+35 > 30+33+35+37 > EMPTY,U > 1 > 2 > 3 > 4 > inf,16
0.135,173,BASE_UNSTABLE > 30|33|35|37 > 30|33|35 > 30|33|35+37 > 33|30+35|30+37|35+37 > 33|30+35|30+37 > 30+33|30+35|30+37|33+35|33+37 > 30+33|30+35|33+35|33+37 > 30+33|33+35|33+37|30+35+37 > 30+33|33+35|30+35+37 > 30+33|30+35+37|33+35+37 > 30+33|33+35+37 > 30+33+35|30+33+37|33+35+37 > 30+33+35|30+33+37 > 30+33+35 > 30+33+35+37 > EMPTY,U > 1 > 2 > 3 > 4 > inf,16
0.135625,163,BASE_UNSTABLE > 30|33|35|37 > 30|33|35 > 30|33|35+37 > 33|30+35|30+37|35+37 > 33|30+35|30+37 > 30+33|30+35|30+37|33+35|33+37 > 30+33|30+35|33+35|33+37 > 30+33|33+35|33+37|30+35+37 > 30+33|33+35|30+35+37 > 30+33|30+35+37|33+35+37 > 30+33|33+35+37 > 30+33+35|30+33+37|33+35+37 > 30+33+35|30+33+37 > 30+33+35 > 30+33+35+37 > EMPTY,U > 1 > 2 > 3 > 4 > inf,16
0.13625,170,BASE_UNSTABLE > 30|33|35|37 > 30|33|35 > 30|33|35+37 > 33|30+35|30+37|35+37 > 33|30+35|30+37 > 30+33|30+35|30+37|33+35|33+37 > 30+33|30+35|33+35|33+37 > 30+33|33+35|33+37|30+35+37 > 30+33|33+35|30+35+37 > 30+33|30+35+37|33+35+37 > 30+33|33+35+37 > 30+33+35|30+33+37|33+35+37 > 30+33+35|30+33+37 > 30+33+35 > 30+33+35+37 > EMPTY,U > 1 > 2 > 3 > 4 > inf,16
0.136875,163,BASE_UNSTABLE > 30|33|35|37 > 30|33|35 > 30|33|35+37 > 33|30+35|30+37|35+37 > 33|30+35|30+37 > 30+33|30+35|30+37|33+35|33+37 > 30+33|30+35|33+35|33+37 > 30+33|33+35|33+37|30+35+37 > 30+33|33+35|30+35+37 > 30+33|30+35+37|33+35+37 > 30+33|33+35+37 > 30+33+35|30+33+37|33+35+37 > 30+33+35|30+33+37 > 30+33+35 > 30+33+35+37 > EMPTY,U > 1 > 2 > 3 > 4 > inf,16
0.1375,175,BASE_UNSTABLE > 30|33|35|37 > 30|33|35 > 30|33|35+37 > 33|30+35|30+37|35+37 > 33|30+35|30+37 > 30+33|30+35|30+37|33+35|33+37 > 30+33|30+35|33+35|33+37 > 30+33|33+35|33+37|30+35+37 > 30+33|33+35|30+35+37 > 30+33|30+35+37|33+35+37 > 30+33|33+35+37 > 30+33+35|30+33+37|33+35+37 > 30+33+35|30+33+37 > 30+33+35 > 30+33+35+37 > EMPTY,U > 1 > 2 > 3 > 4 > inf,16
0.138125,163,BASE_UNSTABLE > 30|33|35|37 > 30|33|35 > 30|33|35+37 > 33|30+35|30+37|35+37 > 33|30+35|30+37 > 30+33|30+35|30+37|33+35|33+37 > 30+33|30+35|33+35|33+37 > 30+33|33+35|33+37|30+35+37 > 30+33|33+35|30+35+37 > 30+33|30+35+37|33+35+37 > 30+33|33+35+37 > 30+33+35|30+33+37|33+35+37 > 30+33+35|30+33+37 > 30+33+35 > 30+33+35+37 > EMPTY,U > 1 > 2 > 3 > 4 > inf,16
0.13875,170,BASE_UNSTABLE > 30|33|35|37 > 30|33|35 > 30|33|35+37 > 33|30+35|30+37|35+37 > 33|30+35|30+37 > 30+33|30+35|30+37|33+35|33+37 > 30+33|30+35|33+35|33+37 > 30+33|33+35|33+37|30+35+37 > 30+33|33+35|30+35+37 > 30+33|30+35+37|33+35+37 > 30+33|33+35+37 > 30+33+35|30+33+37|33+35+37 > 30+33+35|30+33+37 > 30+33+35 > 30+33+35+37 > EMPTY,U > 1 > 2 > 3 > 4 > inf,16
0.139375,163,BASE_UNSTABLE > 30|33|35|37 > 30|33|35 > 30|33|35+37 > 33|30+35|30+37|35+37 > 33|30+35|30+37 > 30+33|30+35|30+37|33+35|33+37 > 30+33|30+35|33+35|33+37 > 30+33|33+35|33+37|30+35+37 > 30+33|33+35|30+35+37 > 30+33|30+35+37|33+35+37 > 30+33|33+35+37 > 30+33+35|30+33+37|33+35+37 > 30+33+35|30+33+37 > 30+33+35 > 30+33+35+37 > EMPTY,U > 1 > 2 > 3 > 4 > inf,16
0.14,203,BASE_UNSTABLE > 30|33|35|37 > 30|33|35 > 30|33|35+37 > 33|30+35|30+37|35+37 > 33|30+35|30+37 > 30+33|30+35|30+37|33+35|33+37 > 30+33|30+35|33+35|33+37 > 30+33|33+35|33+37|30+35+37 > 30+33|33+35|30+35+37 > 30+33|30+35+37|33+35+37 > 30+33|33+35+37 > 30+33+35|30+33+37|33+35+37 > 30+33+35|30+33+37 > 30+33+35 > 30+33+35+37 > EMPTY,U > 1 > 2 > 3 > 4 > inf,16
0.1409375,167,BASE_UNSTABLE > 30|33|35|37 > 30|33|35 > 30|33|35+37 > 33|30+35|30+37|35+37 > 33|30+35|30+37 > 30+33|30+35|30+37|33+35|33+37 > 30+33|30+35|33+35|33+37 > 30+33|33+35|33+37|30+35+37 > 30+33|33+35|30+35+37 > 30+33|30+35+37|33+35+37 > 30+33|33+35+37 > 30+33+35|30+33+37|33+35+37 > 30+33+35|30+33+37 > 30+33+35 > 30+33+35+37 > EMPTY,U > 1 > 2 > 3 > 4 > inf,16
0.141875,172,BASE_UNSTABLE > 30|33|35|37 > 30|33|35 > 30|33|35+37 > 33|30+35|30+37|35+37 > 33|30+35|30+37 > 30+33|30+35|30+37|33+35|33+37 > 30+33|30+35|33+35|33+37 > 30+33|33+35|33+37|30+35+37 > 30+33|33+35|30+35+37 > 30+33|30+35+37|33+35+37 > 30+33|33+35+37 > 30+33+35|30+33+37|33+35+37 > 30+33+35|30+33+37 > 30+33+35 > 30+33+35+37 > EMPTY,U > 1 > 2 > 3 > 4 > inf,16
0.1428125,167,BASE_UNSTABLE > 30|33|35|37 > 30|33|35 > 30|33|35+37 > 33|30+35|30+37|35+37 > 33|30+35|30+37 > 30+33|30+35|30+37|33+35|33+37 > 30+33|30+35|33+35|33+37 > 30+33|33+35|33+37|30+35+37 > 30+33|33+35|30+35+37 > 30+33|30+35+37|33+35+37 > 30+33|33+35+37 > 30+33+35|30+33+37|33+35+37 > 30+33+35|30+33+37 > 30+33+35 > 30+33+35+37 > EMPTY,U > 1 > 2 > 3 > 4 > inf,16
0.14375,175,BASE_UNSTABLE > 30|33|35|37 > 30|33|35 > 30|33|35+37 > 33|30+35|30+37|35+37 > 33|30+35|30+37 > 30+33|30+35|30+37|33+35|33+37 > 30+33|30+35|33+35|33+37 > 30+33|33+35|33+37|30+35+37 > 30+33|33+35|30+35+37 > 30+33|30+35+37|33+35+37 > 30+33|33+35+37 > 30+33+35|30+33+37|33+35+37 > 30+33+35|30+33+37 > 30+33+35 > 30+33+35+37 > EMPTY,U > 1 > 2 > 3 > 4 > inf,16
0.1446875,167,BASE_UNSTABLE > 30|33|35|37 > 30|33|35 > 30|33|35+37 > 33|30+35|30+37|35+37 > 33|30+35|30+37 > 30+33|30+35|30+37|33+35|33+37 > 30+33|30+35|33+35|33+37 > 30+33|33+35|33+37|30+35+37 > 30+33|33+35|30+35+37 > 30+33|30+35+37|33+35+37 > 30+33|33+35+37 > 30+33+35|30+33+37|33+35+37 > 30+33+35|30+33+37 > 30+33+35 > 30+33+35+37 > EMPTY,U > 1 > 2 > 3 > 4 > inf,16
0.145625,172,BASE_UNSTABLE > 30|33|35|37 > 30|33|35 > 30|33|35+37 > 33|30+35|30+37|35+37 > 33|30+35|30+37 > 30+33|30+35|30+37|33+35|33+37 > 30+33|30+35|33+35|33+37 > 30+33|33+35|33+37|30+35+37 > 30+33|33+35|30+35+37 > 30+33|30+35+37|33+35+37 > 30+33|33+35+37 > 30+33+35|30+33+37|33+35+37 > 30+33+35|30+33+37 > 30+33+35 > 30+33+35+37 > EMPTY,U > 1 > 2 > 3 > 4 > inf,16
0.1465625,167,BASE_UNSTABLE > 30|33|35|37 > 30|33|35 > 30|33|35+37 > 33|30+35|30+37|35+37 > 33|30+35|30+37 > 30+33|30+35|30+37|33+35|33+37 > 30+33|30+35|33+35|33+37 > 30+33|33+35|33+37|30+35+37 > 30+33|33+35|30+35+37 > 30+33|30+35+37|33+35+37 > 30+33|33+35+37 > 30+33+35|30+33+37|33+35+37 > 30+33+35|30+33+37 > 30+33+35 > 30+33+35+37 > EMPTY,U > 1 > 2 > 3 > 4 > inf,16
0.1475,177,BASE_UNSTABLE > 30|33|35|37 > 30|33|35 > 30|33|35+37 > 33|30+35|30+37|35+37 > 33|30+35|30+37 > 30+33|30+35|30+37|33+35|33+37 > 30+33|30+35|33+35|33+37 > 30+33|33+35|33+37|30+35+37 > 30+33|33+35|30+35+37 > 30+33|30+35+37|33+35+37 > 30+33|33+35+37 > 30+33+35|30+33+37|33+35+37 > 30+33+35|30+33+37 > 30+33+35 > 30+33+35+37 > EMPTY,U > 1 > 2 > 3 > 4 > inf,16
0.1484375,167,BASE_UNSTABLE > 30|33|35|37 > 30|33|35 > 30|33|35+37 > 33|30+35|30+37|35+37 > 33|30+35|30+37 > 30+33|30+35|30+37|33+35|33+37 > 30+33|30+35|33+35|33+37 > 30+33|33+35|33+37|30+35+37 > 30+33|33+35|30+35+37 > 30+33|30+35+37|33+35+37 > 30+33|33+35+37 > 30+33+35|30+33+37|33+35+37 > 30+33+35|30+33+37 > 30+33+35 > 30+33+35+37 > EMPTY,U > 1 > 2 > 3 > 4 > inf,16
0.149375,175,BASE_UNSTABLE > 30|33|35|37 > 30|33|35 > 30|33|35+37 > 33|30+35|30+37|35+37 > 33|30+35|30+37 > 30+33|30+35|30+37|33+35|33+37 > 30+33|30+35|33+35|33+37 > 30+33|33+35|33+37|30+35+37 > 30+33|33+35|30+35+37 > 30+33|30+35+37|33+35+37 > 30+33|33+35+37 > 30+33+35|30+33+37|33+35+37 > 30+33+35|30+33+37 > 30+33+35 > 30+33+35+37 > EMPTY,U > 1 > 2 > 3 > 4 > inf,16
0.1503125,167,BASE_UNSTABLE > 30|33|35|37 > 30|33|35 > 30|33|35+37 > 33|30+35|30+37|35+37 > 33|30+35|30+37 > 30+33|30+35|30+37|33+35|33+37 > 30+33|30+35|33+35|33+37 > 30+33|33+35|33+37|30+35+37 > 30+33|33+35|30+35+37 > 30+33|30+35+37|33+35+37 > 30+33|33+35+37 > 30+33+35|30+33+37|33+35+37 > 30+33+35|30+33+37 > 30+33+35 > 30+33+35+37 > EMPTY,U > 1 > 2 > 3 > 4 > inf,16
0.15125,179,BASE_UNSTABLE > 30|33|35|37 > 30|33|35 > 30|33|35+37 > 33|30+35|30+37|35+37 > 33|30+35|30+37 > 30+33|30+35|30+37|33+35|33+37 > 30+33|30+35|33+35|33+37 > 30+33|33+35|33+37|30+35+37 > 30+33|33+35|30+35+37 > 30+33|30+35+37|33+35+37 > 30+33|33+35+37 > 30+33+35|30+33+37|33+35+37 > 30+33+35|30+33+37 > 30+33+35 > 30+33+35+37 > EMPTY,U > 1 > 2 > 3 > 4 > inf,16
0.1521875,167,BASE_UNSTABLE > 30|33|35|37 > 30|33|35 > 30|33|35+37 > 33|30+35|30+37|35+37 > 33|30+35|30+37 > 30+33|30+35|30+37|33+35|33+37 > 30+33|30+35|33+35|33+37 > 30+33|33+35|33+37|30+35+37 > 30+33|33+35|30+35+37 > 30+33|30+35+37|33+35+37 > 30+33|33+35+37 > 30+33+35|30+33+37|33+35+37 > 30+33+35|30+33+37 > 30+33+35 > 30+33+35+37 > EMPTY,U > 1 > 2 > 3 > 4 > inf,16
0.153125,175,BASE_UNSTABLE > 30|33|35|37 > 30|33|35 > 30|33|35+37 > 33|30+35|30+37|35+37 > 33|30+35|30+37 > 30+33|30+35|30+37|33+35|33+37 > 30+33|30+35|33+35|33+37 > 30+33|33+35|33+37|30+35+37 > 30+33|33+35|30+35+37 > 30+33|30+35+37|33+35+37 > 30+33|33+35+37 > 30+33+35|30+33+37|33+35+37 > 30+33+35|30+33+37 > 30+33+35 > 30+33+35+37 > EMPTY,U > 1 > 2 > 3 > 4 > inf,16
0.1540625,167,BASE_UNSTABLE > 30|33|35|37 > 30|33|35 > 30|33|35+37 > 33|30+35|30+37|35+37 > 33|30+35|30+37 > 30+33|30+35|30+37|33+35|33+37 > 30+33|30+35|33+35|33+37 > 30+33|33+35|33+37|30+35+37 > 30+33|33+35|30+35+37 > 30+33|30+35+37|33+35+37 > 30+33|33+35+37 > 30+33+35|30+33+37|33+35+37 > 30+33+35|30+33+37 > 30+33+35 > 30+33+35+37 > EMPTY,U > 1 > 2 > 3 > 4 > inf,16
0.155,205,BASE_UNSTABLE > 30|33|35|37 > 30|33|35 > 30|33|35+37 > 33|30+35|30+37|35+37 > 33|30+35|30+37 > 30+33|30+35|30+37|33+35|33+37 > 30+33|30+35|33+35|33+37 > 30+33|33+35|33+37|30+35+37 > 30+33|33+35|30+35+37 > 30+33|30+35+37|33+35+37 > 30+33|33+35+37 > 30+33+35|30+33+37|33+35+37 > 30+33+35|30+33+37 > 30+33+35 > 30+33+35+37 > EMPTY,U > 1 > 2 > 3 > 4 > inf,16
0.1559375,163,BASE_UNSTABLE > 30|33|35|37 > 30|33|35 > 30|33|35+37 > 33|30+35|30+37|35+37 > 33|30+35|30+37 > 30+33|30+35|30+37|33+35|33+37 > 30+33|30+35|33+35|33+37 > 30+33|33+35|33+37|30+35+37 > 30+33|33+35|30+35+37 > 30+33|30+35+37|33+35+37 > 30+33|33+35+37 > 30+33+35|30+33+37|33+35+37 > 30+33+35|30+33+37 > 30+33+35 > 30+33+35+37 > EMPTY,U > 1 > 2 > 3 > 4 > inf,16
0.156875,166,BASE_UNSTABLE > 30|33|35|37 > 30|33|35 > 30|33|35+37 > 33|30+35|30+37|35+37 > 33|30+35|30+37 > 30+33|30+35|30+37|33+35|33+37 > 30+33|30+35|33+35|33+37 > 30+33|33+35|33+37|30+35+37 > 30+33|30+35+37|33+35+37 > 30+33|33+35+37 > 30+33+35|30+33+37 > 30+33+35 > 30+33+35+37 > EMPTY,U > 1 > 2 > 3 > 4 > inf,14
0.1578125,163,BASE_UNSTABLE > 30|33|35|37 > 30|33|35 > 30|33|35+37 > 33|30+35|30+37|35+37 > 33|30+35|30+37 > 30+33|30+35|30+37|33+35|33+37 > 30+33|30+35|33+35|33+37 > 30+33|33+35|33+37|30+35+37 > 30+33|30+35+37|33+35+37 > 30+33|33+35+37 > 30+33+35|30+33+37 > 30+33+35 > 30+33+35+37 > EMPTY,U > 1 > 2 > 3 > 4 > inf,14
0.15875,169,BASE_UNSTABLE > 30|33|35|37 > 30|33|35 > 30|33|35+37 > 33|30+35|30+37|35+37 > 33|30+35|30+37 > 30+33|30+35|30+37|33+35|33+37 > 30+33|30+35|33+35|33+37 > 30+33|33+35|33+37|30+35+37 > 30+33|30+35+37|33+35+37 > 30+33|33+35+37 > 30+33+35|30+33+37 > 30+33+35 > 30+33+35+37 > EMPTY,U > 1 > 2 > 3 > 4 > inf,14
0.1596875,163,BASE_UNSTABLE > 30|33|35|37 > 30|33|35 > 30|33|35+37 > 33|30+35|30+37|35+37 > 33|30+35|30+37 > 30+33|30+35|30+37|33+35|33+37 > 30+33|30+35|33+35|33+37 > 30+33|33+35|33+37|30+35+37 > 30+33|33+35|30+35+37 > 30+33|30+35+37|33+35+37 > 30+33|33+35+37 > 30+33+35|30+33+37 > 30+33+35 > 30+33+35+37 > EMPTY,U > 1 > 2 > 3 > 4 > inf,15
0.160625,166,BASE_UNSTABLE > 30|33|35|37 > 30|33|35 > 30|33|35+37 > 33|30+35|30+37|35+37 > 33|30+35|30+37 > 30+33|30+35|30+37|33+35|33+37 > 30+33|30+35|33+35|33+37 > 30+33|33+35|33+37|30+35+37 > 30+33|33+35|30+35+37 > 30+33|30+35+37|33+35+37 > 30+33|33+35+37 > 30+33+35|30+33+37 > 30+33+35 > 30+33+35+37 > EMPTY,U > 1 > 2 > 3 > 4 > inf,15
0.1615625,163,BASE_UNSTABLE > 30|33|35|37 > 30|33|35 > 30|33|35+37 > 33|30+35|30+37|35+37 > 33|30+35|30+37 > 30+33|30+35|30+37|33+35|33+37 > 30+33|30+35|33+35|33+37 > 30+33|33+35|33+37|30+35+37 > 30+33|33+35|30+35+37 > 30+33|30+35+37|33+35+37 > 30+33|33+35+37 > 30+33+35|30+33+37 > 30+33+35 > 30+33+35+37 > EMPTY,U > 1 > 2 > 3 > 4 > inf,15
0.1625,171,BASE_UNSTABLE > 30|33|35|37 > 30|33|35 > 30|33|35+37 > 33|30+35|30+37|35+37 > 33|30+35|30+37 > 30+33|30+35|30+37|33+35|33+37 > 30+33|30+35|33+35|33+37 > 30+33|33+35|33+37|30+35+37 > 30+33|33+35|30+35+37 > 30+33|30+35+37|33+35+37 > 30+33|33+35+37 > 30+33+35|30+33+37 > 30+33+35 > 30+33+35+37 > EMPTY,U > 1 > 2 > 3 > 4 > inf,15
0.1634375,159,BASE_UNSTABLE > 30|33|35|37 > 30|33|35 > 30|33|35+37 > 33|30+35|30+37|35+37 > 33|30+35|30+37 > 30+33|30+35|30+37|33+35|33+37 > 30+33|30+35|33+35|33+37 > 30+33|33+35|33+37|30+35+37 > 30+33|33+35|30+35+37 > 30+33|30+35+37|33+35+37 > 30+33|33+35+37 > 30+33 > 30+33+35|30+33+37 > 30+33+35 > 30+33+35+37 > EMPTY,U > 1 > 2 > 3 > 4 > inf,16
0.164375,167,BASE_UNSTABLE > 30|33|35|37 > 30|33|35 > 30|33|35+37 > 33|30+35|30+37|35+37 > 33|30+35|30+37 > 30+33|30+35|30+37|33+35|33+37 > 30+33|30+35|33+35|33+37 > 30+33|33+35|33+37|30+35+37 > 30+33|30+35+37|33+35+37 > 30+33|33+35+37 > 30+33 > 30+33+35|30+33+37 > 30+33+35 > 30+33+35+37 > EMPTY,U > 1 > 2 > 3 > 4 > inf,15
0.1653125,159,BASE_UNSTABLE > 30|33|35|37 > 30|33|35 > 30|33|35+37 > 33|30+35|30+37|35+37 > 33|30+35|30+37 > 30+33|30+35|30+37|33+35|33+37 > 30+33|30+35|33+35|33+37 > 30+33|33+35|33+37|30+35+37 > 30+33|30+35+37|33+35+37 > 30+33|33+35+37 > 30+33 > 30+33+35|30+33+37 > 30+33+35 > 30+33+35+37 > EMPTY,U > 1 > 2 > 3 > 4 > inf,15
0.16625,171,BASE_UNSTABLE > 30|33|35|37 > 30|33|35 > 30|33|35+37 > 33|30+35|30+37|35+37 > 33|30+35|30+37 > 30+33|30+35|30+37|33+35|33+37 > 30+33|30+35|33+35|33+37 > 30+33|33+35|33+37|30+35+37 > 30+33|30+35+37|33+35+37 > 30+33|33+35+37 > 30+33 > 30+33+35|30+33+37 > 30+33+35 > 30+33+35+37 > EMPTY,U > 1 > 2 > 3 > 4 > inf,15
0.1671875,167,BASE_UNSTABLE > 30|33|35|37 > 30|33|35 > 30|33|35+37 > 33|30+35|30+37|35+37 > 33|30+35|30+37 > 30+33|30+35|30+37|33+35|33+37 > 30+33|30+35|33+35|33+37 > 30+33|33+35|33+37|30+35+37 > 30+33|30+35+37|33+35+37 > 30+33|33+35+37 > 30+33 > 30+33+35|30+33+37 > 30+33+35 > 30+33+35+37 > EMPTY,U > 1 > 2 > 3 > 4 > inf,15
0.168125,171,BASE_UNSTABLE > 30|33|35|37 > 30|33|35 > 30|33|35+37 > 33|30+35|30+37|35+37 > 33|30+35|30+37 > 30+33|30+35|30+37|33+35|33+37 > 30+33|30+35|33+35|33+37 > 30+33|33+35|33+37|30+35+37 > 30+33|30+35+37|33+35+37 > 30+33|33+35+37 > 30+33 > 30+33+35|30+33+37 > 30+33+35 > 30+33+35+37 > EMPTY,U > 1 > 2 > 3 > 4 > inf,15
0.1690625,167,BASE_UNSTABLE > 30|33|35|37 > 30|33|35 > 30|33|35+37 > 33|30+35|30+37|35+37 > 33|30+35|30+37 > 30+33|30+35|30+37|33+35|33+37 > 30+33|30+35|33+35|33+37 > 30+33|33+35|33+37|30+35+37 > 30+33|30+35+37|33+35+37 > 30+33|33+35+37 > 30+33 > 30+33+35|30+33+37 > 30+33+35 > 30+33+35+37 > EMPTY,U > 1 > 2 > 3 > 4 > inf,15
0.17,201,BASE_UNSTABLE > 30|33|35|37 > 30|33|35 > 30|33|35+37 > 33|30+35|30+37|35+37 > 33|30+35|30+37 > 30+33|30+35|30+37|33+35|33+37 > 30+33|30+35|33+35|33+37 > 30+33|33+35|33+37|30+35+37 > 30+33|30+35+37|33+35+37 > 30+33|33+35+37 > 30+33 > 30+33+35|30+33+37 > 30+33+35 > 30+33+35+37 > EMPTY,U > 1 > 2 > 3 > 4 > inf,15
0.1709375,163,BASE_UNSTABLE > 30|33|35|37 > 30|33|35 > 30|33|35+37 > 33|30+35|30+37|35+37 > 33|30+35|30+37 > 30+33|30+35|30+37|33+35|33+37 > 30+33|30+35|33+35|33+37 > 30+33|33+35|33+37|30+35+37 > 30+33|33+37|30+35+37 > 30+33|30+35+37|33+35+37 > 30+33|33+35+37 > 30+33 > 30+33+35|30+33+37 > 30+33+35 > 30+33+35+37 > EMPTY,U > 1 > 2 > 3 > 4 > inf,16
0.171875,165,BASE_UNSTABLE > 30|33|35|37 > 30|33|35 > 30|33|35+37 > 33|30+35|30+37|35+37 > 33|30+35|30+37 > 30+33|30+35|30+37|33+35|33+37 > 30+33|30+35|33+35|33+37 > 30+33|33+35|33+37|30+35+37 > 30+33|33+37|30+35+37 > 30+33|30+35+37|33+35+37 > 30+33|33+35+37 > 30+33 > 30+33+35|30+33+37 > 30+33+35 > 30+33+35+37 > EMPTY,U > 1 > 2 > 3 > 4 > inf,16
0.1728125,163,BASE_UNSTABLE > 30|33|35|37 > 30|33|35 > 30|33|35+37 > 33|30+35|30+37|35+37 > 33|30+35|30+37 > 30+33|30+35|30+37|33+35|33+37 > 30+33|30+35|33+35|33+37 > 30+33|33+35|33+37|30+35+37 > 30+33|33+37|30+35+37 > 30+33|30+35+37|33+35+37 > 30+33|33+35+37 > 30+33 > 30+33+35|30+33+37 > 30+33+35 > 30+33+35+37 > EMPTY,U > 1 > 2 > 3 > 4 > inf,16
0.17375,169,BASE_UNSTABLE > 30|33|35|37 > 30|33|35 > 30|33|35+37 > 33|30+35|30+37|35+37 > 33|30+35|30+37 > 30+33|30+35|30+37|33+35|33+37 > 30+33|30+35|33+35|33+37 > 30+33|33+35|33+37|30+35+37 > 30+33|33+37|30+35+37 > 30+33|30+35+37|33+35+37 > 30+33|33+35+37 > 30+33 > 30+33+35|30+33+37 > 30+33+35 > 30+33+35+37 > EMPTY,U > 1 > 2 > 3 > 4 > inf,16
0.1746875,166,BASE_UNSTABLE > 30|33|35|37 > 30|33|35 > 30|33|35+37 > 33|30+35|30+37|35+37 > 33|30+35|30+37 > 30+33|30+35|30+37|33+35|33+37 > 30+33|30+35|33+35|33+37 > 30+33|33+35|33+37|30+35+37 > 30+33|33+37|30+35+37 > 30+33|30+35+37|33+35+37 > 30+33|33+35+37 > 30+33 > 30+33+35|30+33+37 > 30+33+35 > 30+33+35+37 > EMPTY,U > 1 > 2 > 3 > 4 > inf,16
0.175625,167,BASE_UNSTABLE > 30|33|35|37 > 30|33|35 > 30|33|35+37 > 33|30+35|30+37|35+37 > 33|30+35|30+37 > 30+33|30+35|30+37|33+35|33+37 > 30+33|30+35|33+35|33+37 > 30+33|33+35|33+37|30+35+37 > 30+33|33+37|30+35+37 > 30+33|30+35+37|33+35+37 > 30+33|33+35+37 > 30+33 > 30+33+35|30+33+37 > 30+33+35 > 30+33+35+37 > EMPTY,U > 1 > 2 > 3 > 4 > inf,16
0.1765625,166,BASE_UNSTABLE > 30|33|35|37 > 30|33|35 > 30|33|35+37 > 33|30+35|30+37|35+37 > 33|30+35|30+37 > 30+33|30+35|30+37|33+35|33+37 > 30+33|30+35|33+35|33+37 > 30+33|33+35|33+37|30+35+37 > 30+33|33+37|30+35+37 > 30+33|30+35+37|33+35+37 > 30+33|33+35+37 > 30+33 > 30+33+35|30+33+37 > 30+33+35 > 30+33+35+37 > EMPTY,U > 1 > 2 > 3 > 4 > inf,16
0.1775,171,BASE_UNSTABLE > 30|33|35|37 > 30|33|35 > 30|33|35+37 > 33|30+35|30+37|35+37 > 33|30+35|30+37 > 30+33|30+35|30+37|33+35|33+37 > 30+33|30+35|33+35|33+37 > 30+33|33+35|33+37|30+35+37 > 30+33|33+37|30+35+37 > 30+33|30+35+37|33+35+37 > 30+33|33+35+37 > 30+33 > 30+33+35|30+33+37 > 30+33+35 > 30+33+35+37 > EMPTY,U > 1 > 2 > 3 > 4 > inf,16
0.1784375,162,BASE_UNSTABLE > 30|33|35|37 > 30|33|35 > 30|33|35+37 > 33|30+35|30+37|35+37 > 33|30+35|30+37 > 30+33|30+35|30+37|33+35|33+37 > 30+33|30+35|33+35|33+37 > 30+33|33+35|33+37|30+35+37 > 30+33|33+37|30+35+37 > 30+33|30+35+37|33+35+37 > 30+33|33+35+37 > 30+33 > 30+33+35|30+33+37 > 30+33+35 > 30+33+35+37 > EMPTY,U > 1 > 2 > 3 > 4 > inf,16
0.179375,165,BASE_UNSTABLE > 30|33|35|37 > 30|33|35 > 30|33|35+37 > 33|30+35|30+37|35+37 > 33|30+35|30+37 > 30+33|30+35|30+37|33+35|33+37 > 30+33|30+35|33+35|33+37 > 30+33|33+35|33+37|30+35+37 > 30+33|33+37|30+35+37 > 30+33|30+35+37|33+35+37 > 30+33|33+35+37 > 30+33 > 30+33+35|30+33+37 > 30+33+35 > 30+33+35+37 > EMPTY,U > 1 > 2 > 3 > 4 > inf,16
0.1803125,162,BASE_UNSTABLE > 30|33|35|37 > 30|33|35 > 30|33|35+37 > 33|30+35|30+37|35+37 > 33|30+35|30+37 > 30+33|30+35|30+37|33+35|33+37 > 30+33|30+35|33+35|33+37 > 30+33|33+35|33+37|30+35+37 > 30+33|33+37|30+35+37 > 30+33|30+35+37|33+35+37 > 30+33|33+35+37 > 30+33 > 30+33+35|30+33+37 > 30+33+35 > 30+33+35+37 > EMPTY,U > 1 > 2 > 3 > 4 > inf,16
0.18125,167,BASE_UNSTABLE > 30|33|35|37 > 30|33|35 > 30|33|35+37 > 33|30+35|30+37|35+37 > 33|30+35|30+37 > 30+33|30+35|30+37|33+35|33+37 > 30+33|30+35|33+35|33+37 > 30+33|33+35|33+37|30+35+37 > 30+33|33+37|30+35+37 > 30+33|30+35+37|33+35+37 > 30+33|33+35+37 > 30+33 > 30+33+35|30+33+37 > 30+33+35 > 30+33+35+37 > EMPTY,U > 1 > 2 > 3 > 4 > inf,16
0.1821875,162,BASE_UNSTABLE > 30|33|35|37 > 30|33|35 > 30|33|35+37 > 33|30+35|30+37|35+37 > 33|30+35|30+37 > 30+33|30+35|30+37|33+35|33+37 > 30+33|30+35|33+35|33+37 > 30+33|33+35|33+37|30+35+37 > 30+33|33+37|30+35+37 > 30+33|30+35+37|33+35+37 > 30+33|33+35+37 > 30+33 > 30+33+35|30+33+37 > 30+33+35 > 30+33+35+37 > EMPTY,U > 1 > 2 > 3 > 4 > inf,16
0.183125,165,BASE_UNSTABLE > 30|33|35|37 > 30|33|35 > 30|33|35+37 > 33|30+35|30+37|35+37 > 33|30+35|30+37 > 30+33|30+35|30+37|33+35|33+37 > 30+33|30+35|33+35|33+37 > 30+33|33+35|33+37|30+35+37 > 30+33|33+37|30+35+37 > 30+33|30+35+37|33+35+37 > 30+33|33+35+37 > 30+33 > 30+33+35|30+33+37 > 30+33+35 > 30+33+35+37 > EMPTY,U > 1 > 2 > 3 > 4 > inf,16
0.1840625,162,BASE_UNSTABLE > 30|33|35|37 > 30|33|35 > 30|33|35+37 > 33|30+35|30+37|35+37 > 33|30+35|30+37 > 30+33|30+35|30+37|33+35|33+37 > 30+33|30+35|33+35|33+37 > 30+33|33+35|33+37|30+35+37 > 30+33|33+37|30+35+37 > 30+33|30+35+37|33+35+37 > 30+33|33+35+37 > 30+33 > 30+33+35|30+33+37 > 30+33+35 > 30+33+35+37 > EMPTY,U > 1 > 2 > 3 > 4 > inf,16
0.185,197,BASE_UNSTABLE > 30|33|35|37 > 30|33|35 > 30|33|35+37 > 33|30+35|30+37|35+37 > 33|30+35|30+37 > 30+33|30+35|30+37|33+35|33+37 > 30+33|30+35|33+35|33+37 > 30+33|33+35|33+37|30+35+37 > 30+33|33+37|30+35+37 > 30+33|30+35+37|33+35+37 > 30+33|33+35+37 > 30+33 > 30+33+35|30+33+37 > 30+33+35 > 30+33+35+37 > EMPTY,U > 1 > 2 > 3 > 4 > inf,16
0.1859375,158,BASE_UNSTABLE > 30|33|35|37 > 30|33|35 > 30|33|35+37 > 33|30+35|30+37|35+37 > 33|30+35|30+37 > 30+33|30+35|30+37|33+35|33+37 > 30+33|30+35|33+35|33+37 > 30+33|33+35|33+37|30+35+37 > 30+33|33+37|30+35+37 > 30+33|30+35+37|33+35+37 > 30+33|33+35+37 > 30+33 > 30+33+35|30+33+37 > 30+33+35 > 30+33+35+37 > EMPTY,U > 1 > 2 > 3 > 4 > inf,16
0.186875,159,BASE_UNSTABLE > 30|33|35|37 > 30|33|35 > 30|33|35+37 > 33|30+35|30+37|35+37 > 33|30+35|30+37 > 30+33|30+35|30+37|33+35|33+37 > 30+33|30+35|33+35|33+37 > 30+33|33+35|33+37|30+35+37 > 30+33|33+37|30+35+37 > 30+33|30+35+37|33+35+37 > 30+33|33+35+37 > 30+33 > 30+33+35|30+33+37 > 30+33+35 > 30+33+35+37 > EMPTY,U > 1 > 2 > 3 > 4 > inf,16
0.1878125,158,BASE_UNSTABLE > 30|33|35|37 > 30|33|35 > 30|33|35+37 > 33|30+35|30+37|35+37 > 33|30+35|30+37 > 30+33|30+35|30+37|33+35|33+37 > 30+33|30+35|33+35|33+37 > 30+33|33+35|33+37|30+35+37 > 30+33|33+37|30+35+37 > 30+33|30+35+37|33+35+37 > 30+33|33+35+37 > 30+33 > 30+33+35|30+33+37 > 30+33+35 > 30+33+35+37 > EMPTY,U > 1 > 2 > 3 > 4 > inf,16
0.18875,161,BASE_UNSTABLE > 30|33|35|37 > 30|33|35 > 30|33|35+37 > 33|30+35|30+37|35+37 > 33|30+35|30+37 > 30+33|30+35|30+37|33+35|33+37 > 30+33|30+35|33+35|33+37 > 30+33|33+35|33+37|30+35+37 > 30+33|33+37|30+35+37 > 30+33|30+35+37|33+35+37 > 30+33|33+35+37 > 30+33 > 30+33+35|30+33+37 > 30+33+35 > 30+33+35+37 > EMPTY,U > 1 > 2 > 3 > 4 > inf,16
0.1896875,161,BASE_UNSTABLE > 30|33|35|37 > 30|33|35 > 30|33|35+37 > 33|30+35|30+37|35+37 > 33|30+35|30+37 > 30+33|30+35|30+37|33+35|33+37 > 30+33|30+35|33+35|33+37 > 30+33|33+35|33+37|30+35+37 > 30+33|33+37|30+35+37 > 30+33|30+35+37|33+35+37 > 30+33|33+35+37 > 30+33 > 30+33+35|30+33+37 > 30+33+35 > 30+33+35+37 > EMPTY,U > 1 > 2 > 3 > 4 > inf,16
0.190625,161,BASE_UNSTABLE > 30|33|35|37 > 30|33|35 > 30|33|35+37 > 33|30+35|30+37|35+37 > 33|30+35|30+37 > 30+33|30+35|30+37|33+35|33+37 > 30+33|30+35|33+35|33+37 > 30+33|33+35|33+37|30+35+37 > 30+33|33+37|30+35+37 > 30+33|30+35+37|33+35+37 > 30+33|33+35+37 > 30+33 > 30+33+35|30+33+37 > 30+33+35 > 30+33+35+37 > EMPTY,U > 1 > 2 > 3 > 4 > inf,16
0.1915625,161,BASE_UNSTABLE > 30|33|35|37 > 30|33|35 > 30|33|35+37 > 33|30+35|30+37|35+37 > 33|30+35|30+37 > 30+33|30+35|30+37|33+35|33+37 > 30+33|30+35|33+35|33+37 > 30+33|33+35|33+37|30+35+37 > 30+33|33+37|30+35+37 > 30+33|30+35+37|33+35+37 > 30+33|33+35+37 > 30+33 > 30+33+35|30+33+37 > 30+33+35 > 30+33+35+37 > EMPTY,U > 1 > 2 > 3 > 4 > inf,16
0.1925,165,BASE_UNSTABLE > 30|33|35|37 > 30|33|35 > 30|33|35+37 > 33|30+35|30+37|35+37 > 33|30+35|30+37 > 30+33|30+35|30+37|33+35|33+37 > 30+33|30+35|33+35|33+37 > 30+33|33+35|33+37|30+35+37 > 30+33|33+37|30+35+37 > 30+33|30+35+37|33+35+37 > 30+33|33+35+37 > 30+33 > 30+33+35|30+33+37 > 30+33+35 > 30+33+35+37 > EMPTY,U > 1 > 2 > 3 > 4 > inf,16
0.1934375,157,BASE_UNSTABLE > 30|33|35|37 > 30|33|35 > 30|33|35+37 > 33|30+35|30+37|35+37 > 33|30+35|30+37 > 30+33|30+35|30+37|33+35|33+37 > 30+33|30+35|33+35|33+37 > 30+33|33+35|33+37|30+35+37 > 30+33|33+37|30+35+37 > 30+33|30+35+37|33+35+37 > 30+33|33+35+37 > 30+33 > 30+33+35|30+33+37 > 30+33+35 > 30+33+35+37 > EMPTY,U > 1 > 2 > 3 > 4 > inf,16
0.194375,159,BASE_UNSTABLE > 30|33|35|37 > 30|33|35 > 30|33|35+37 > 33|30+35|30+37|35+37 > 33|30+35|30+37 > 30+33|30+35|30+37|33+35|33+37 > 30+33|30+35|33+35|33+37 > 30+33|33+35|33+37|30+35+37 > 30+33|33+37|30+35+37 > 30+33|30+35+37|33+35+37 > 30+33|33+35+37 > 30+33 > 30+33+35|30+33+37 > 30+33+35 > 30+33+35+37 > EMPTY,U > 1 > 2 > 3 > 4 > inf,16
0.1953125,157,BASE_UNSTABLE > 30|33|35|37 > 30|33|35 > 30|33|35+37 > 33|30+35|30+37|35+37 > 33|30+35|30+37 > 30+33|30+35|30+37|33+35|33+37 > 30+33|30+35|33+35|33+37 > 30+33|33+35|33+37|30+35+37 > 30+33|33+37|30+35+37 > 30+33|30+35+37|33+35+37 > 30+33|33+35+37 > 30+33 > 30+33+35|30+33+37 > 30+33+35 > 30+33+35+37 > EMPTY,U > 1 > 2 > 3 > 4 > inf,16
0.19625,159,BASE_UNSTABLE > 30|33|35|37 > 30|33|35 > 30|33|35+37 > 33|30+35|30+37|35+37 > 33|30+35|30+37 > 30+33|30+35|30+37|33+35|33+37 > 30+33|30+35|33+35|33+37 > 30+33|33+35|33+37|30+35+37 > 30+33|33+37|30+35+37 > 30+33|30+35+37|33+35+37 > 30+33|33+35+37 > 30+33 > 30+33+35|30+33+37 > 30+33+35 > 30+33+35+37 > EMPTY,U > 1 > 2 > 3 > 4 > inf,16
0.1971875,157,BASE_UNSTABLE > 30|33|35|37 > 30|33|35 > 30|33|35+37 > 33|30+35|30+37|35+37 > 33|30+35|30+37 > 30+33|30+35|30+37|33+35|33+37 > 30+33|30+35|33+35|33+37 > 30+33|33+35|33+37|30+35+37 > 30+33|33+37|30+35+37 > 30+33|30+35+37|33+35+37 > 30+33|33+35+37 > 30+33 > 30+33+35|30+33+37 > 30+33+35 > 30+33+35+37 > EMPTY,U > 1 > 2 > 3 > 4 > inf,16
0.198125,159,BASE_UNSTABLE > 30|33|35|37 > 30|33|35 > 30|33|35+37 > 33|30+35|30+37|35+37 > 33|30+35|30+37 > 30+33|30+35|30+37|33+35|33+37 > 30+33|30+35|33+35|33+37 > 30+33|33+35|33+37|30+35+37 > 30+33|33+37|30+35+37 > 30+33|30+35+37|33+35+37 > 30+33|33+35+37 > 30+33 > 30+33+35|30+33+37 > 30+33+35 > 30+33+35+37 > EMPTY,U > 1 > 2 > 3 > 4 > inf,16
0.1990625,157,BASE_UNSTABLE > 30|33|35|37 > 30|33|35 > 30|33|35+37 > 33|30+35|30+37|35+37 > 33|30+35|30+37 > 30+33|30+35|30+37|33+35|33+37 > 30+33|30+35|33+35|33+37 > 30+33|33+35|33+37|30+35+37 > 30+33|33+37|30+35+37 > 30+33|30+35+37|33+35+37 > 30+33|33+35+37 > 30+33 > 30+33+35|30+33+37 > 30+33+35 > 30+33+35+37 > EMPTY,U > 1 > 2 > 3 > 4 > inf,16
0.2,191,BASE_UNSTABLE > 30|33|35|37 > 30|33|35 > 30|33|35+37 > 33|30+35|30+37|35+37 > 33|30+35|30+37 > 30+33|30+35|30+37|33+35|33+37 > 30+33|30+35|33+35|33+37 > 30+33|33+35|33+37|30+35+37 > 30+33|33+37|30+35+37 > 30+33|30+35+37|33+35+37 > 30+33|33+35+37 > 30+33 > 30+33+35|30+33+37 > 30+33+35 > 30+33+35+37 > EMPTY,U > 1 > 2 > 3 > 4 > inf,16
0.2015625,153,BASE_UNSTABLE > 30|33|35|37 > 30|33|35 > 30|33|35+37 > 33|30+35|30+37|35+37 > 33|30+35|30+37 > 30+33|30+35|30+37|33+35|33+37 > 30+33|30+35|33+35|33+37 > 30+33|33+35|33+37|30+35+37 > 30+33|33+37|30+35+37 > 30+33|30+35+37|33+35+37 > 30+33|33+35+37 > 30+33 > 30+33+35|30+33+37 > 30+33+35 > 30+33+35+37 > EMPTY,U > 1 > 2 > 3 > 4 > inf,16
0.203125,153,BASE_UNSTABLE > 30|33|35|37 > 30|33|35 > 30|33|35+37 > 33|30+35|30+37|35+37 > 33|30+35|30+37 > 30+33|30+35|30+37|33+35|33+37 > 30+33|30+35|33+35|33+37 > 30+33|33+35|33+37|30+35+37 > 30+33|33+37|30+35+37 > 30+33|30+35+37|33+35+37 > 30+33|33+35+37 > 30+33 > 30+33+35|30+33+37 > 30+33+35 > 30+33+35+37 > EMPTY,U > 1 > 2 > 3 > 4 > inf,16
0.2046875,153,BASE_UNSTABLE > 30|33|35|37 > 30|33|35 > 30|33|35+37 > 33|30+35|30+37|35+37 > 33|30+35|30+37 > 30+33|30+35|30+37|33+35|33+37 > 30+33|30+35|33+35|33+37 > 30+33|33+37|30+35+37 > 30+33|30+35+37|33+35+37 > 30+33|33+35+37 > 30+33 > 30+33+35|30+33+37 > 30+33+35 > 30+33+35+37 > EMPTY,U > 1 > 2 > 3 > 4 > inf,15
0.20625,155,BASE_UNSTABLE > 30|33|35|37 > 30|33|35 > 30|33|35+37 > 33|30+35|30+37|35+37 > 33|30+35|30+37 > 30+33|30+35|30+37|33+35|33+37 > 30+33|30+35|33+35|33+37 > 30+33|33+37|30+35+37 > 30+33|30+35+37|33+35+37 > 30+33|33+35+37 > 30+33 > 30+33+35|30+33+37 > 30+33+35 > 30+33+35+37 > EMPTY,U > 1 > 2 > 3 > 4 > inf,15
0.2078125,149,BASE_UNSTABLE > 30|33|35|37 > 30|33|35 > 30|33|35+37 > 33|30+35|30+37|35+37 > 33|30+35|30+37 > 30+33|30+35|30+37|33+35|33+37 > 30+33|30+35|33+35|33+37 > 30+33|33+37|30+35+37 > 30+33|30+35+37|33+35+37 > 30+33|33+35+37 > 30+33 > 30+33+35|30+33+37 > 30+33+35 > 30+33+35+37 > EMPTY,U > 1 > 2 > 3 > 4 > inf,15
0.209375,151,BASE_UNSTABLE > 30|33|35|37 > 30|33|35 > 30|33|35+37 > 33|30+35|30+37|35+37 > 33|30+35|30+37 > 30+33|30+35|30+37|33+35|33+37 > 30+33|30+35|33+35|33+37 > 30+33|30+35|33+37 > 30+33|33+37|30+35+37 > 30+33|30+35+37|33+35+37 > 30+33|33+35+37 > 30+33 > 30+33+35|30+33+37 > 30+33+35 > 30+33+35+37 > EMPTY,U > 1 > 2 > 3 > 4 > inf,16
0.2109375,149,BASE_UNSTABLE > 30|33|35|37 > 30|33|35 > 30|33|35+37 > 33|30+35|30+37|35+37 > 33|30+35|30+37 > 30+33|30+35|30+37|33+35|33+37 > 30+33|30+35|33+35|33+37 > 30+33|30+35|33+37 > 30+33|33+37|30+35+37 > 30+33|30+35+37|33+35+37 > 30+33|33+35+37 > 30+33 > 30+33+35|30+33+37 > 30+33+35+37 > EMPTY,U > 1 > 2 > 3 > 4 > inf,15
0.2125,153,BASE_UNSTABLE > 30|33|35|37 > 30|33|35 > 30|33|35+37 > 33|30+35|30+37|35+37 > 33|30+35|30+37 > 30+33|30+35|30+37|33+35|33+37 > 30+33|30+35|33+35|33+37 > 30+33|30+35|33+37 > 30+33|33+37|30+35+37 > 30+33|30+35+37|33+35+37 > 30+33|33+35+37 > 30+33 > 30+33+35|30+33+37 > 30+33+35 > 30+33+35+37 > EMPTY,U > 1 > 2 > 3 > 4 > inf,16
0.2140625,149,BASE_UNSTABLE > 30|33|35|37 > 30|33|35 > 30|33|35+37 > 33|30+35|30+37|35+37 > 33|30+35|30+37 > 30+33|30+35|30+37|33+35|33+37 > 30+33|30+35|33+35|33+37 > 30+33|30+35|33+37 > 30+33|33+37|30+35+37 > 30+33|30+35+37|33+35+37 > 30+33|33+35+37 > 30+33 > 30+33+35|30+33+37 > 30+33+35+37 > EMPTY,U > 1 > 2 > 3 > 4 > inf,15
0.215625,151,BASE_UNSTABLE > 30|33|35|37 > 30|33|35 > 30|33|35+37 > 33|30+35|30+37|35+37 > 33|30+35|30+37 > 30+33|30+35|30+37|33+35|33+37 > 30+33|30+35|33+35|33+37 > 30+33|30+35|33+37 > 30+33|33+37|30+35+37 > 30+33|30+35+37|33+35+37 > 30+33|33+35+37 > 30+33 > 30+33+35|30+33+37 > 30+33+35+37 > EMPTY,U > 1 > 2 > 3 > 4 > inf,15
0.2171875,149,BASE_UNSTABLE > 30|33|35|37 > 30|33|35 > 30|33|35+37 > 33|30+35|30+37|35+37 > 33|30+35|30+37 > 30+33|30+35|30+37|33+35|33+37 > 30+33|30+35|33+35|33+37 > 30+33|30+35|33+37 > 30+33|33+37|30+35+37 > 30+33|30+35+37|33+35+37 > 30+33|33+35+37 > 30+33 > 30+33+35|30+33+37 > 30+33+35+37 > EMPTY,U > 1 > 2 > 3 > 4 > inf,15
0.21875,153,BASE_UNSTABLE > 30|33|35|37 > 30|33|35 > 30|33|35+37 > 33|30+35|30+37|35+37 > 33|30+35|30+37 > 30+33|30+35|30+37|33+35|33+37 > 30+33|30+35|33+35|33+37 > 30+33|30+35|33+37 > 30+33|33+37|30+35+37 > 30+33|30+35+37|33+35+37 > 30+33|33+35+37 > 30+33 > 30+33+35|30+33+37 > 30+33+35+37 > EMPTY,U > 1 > 2 > 3 > 4 > inf,15
0.2203125,145,BASE_UNSTABLE > 30|33|35|37 > 30|33|35 > 30|33|35+37 > 33|30+35|30+37|35+37 > 33|30+35|30+37 > 30+33|30+35|30+37|33+35|33+37 > 30+33|30+35|33+35|33+37 > 30+33|30+35|33+37 > 30+33|33+37|30+35+37 > 30+33|30+35+37|33+35+37 > 30+33|33+35+37 > 30+33 > 30+33+35|30+33+37 > 30+33+35+37 > EMPTY,U > 1 > 2 > 3 > 4 > inf,15
0.221875,149,BASE_UNSTABLE > 30|33|35|37 > 30|33|35 > 30|33|35+37 > 33|30+35|30+37|35+37 > 33|30+35|30+37 > 30+33|30+35|30+37|33+35|33+37 > 30+33|30+35|33+35|33+37 > 30+33|30+35|33+37 > 30+33|33+37|30+35+37 > 30+33|30+35+37|33+35+37 > 30+33|33+35+37 > 30+33 > 30+33+35|30+33+37 > 30+33+35+37 > EMPTY,U > 1 > 2 > 3 > 4 > inf,15
0.2234375,145,BASE_UNSTABLE > 30|33|35|37 > 30|33|35 > 30|33|35+37 > 33|30+35|30+37|35+37 > 33|30+35|30+37 > 30+33|30+35|30+37|33+35|33+37 > 30+33|30+35|33+35|33+37 > 30+33|30+35|33+37 > 30+33|33+37|30+35+37 > 30+33|30+35+37|33+35+37 > 30+33|33+35+37 > 30+33 > 30+33+35|30+33+37 > 30+33+37 > 30+33+35+37 > EMPTY,U > 1 > 2 > 3 > 4 > inf,16
0.225,181,BASE_UNSTABLE > 30|33|35|37 > 30|33|35 > 30|33|35+37 > 33|30+35|30+37 > 30+33|30+35|30+37|33+35|33+37 > 30+33|30+35|33+35|33+37 > 30+33|30+35|33+37 > 30+33|33+37|30+35+37 > 30+33|30+35+37|33+35+37 > 30+33|33+35+37 > 30+33 > 30+33+35|30+33+37 > 30+33+35+37 > EMPTY,U > 1 > 2 > 3 > 4 > inf,14
0.2265625,141,BASE_UNSTABLE > 30|33|35|37 > 30|33|35 > 30|33|35+37 > 33|30+35|30+37 > 30+33|30+35|30+37|33+35|33+37 > 30+33|30+35|33+35|33+37 > 30+33|30+35|33+37 > 30+33|33+37|30+35+37 > 30+33|30+35+37|33+35+37 > 30+33|33+35+37 > 30+33 > 30+33+35|30+33+37 > 30+33+37 > 30+33+35+37 > EMPTY,U > 1 > 2 > 3 > 4 > inf,15
0.228125,143,BASE_UNSTABLE > 30|33|35|37 > 30|33|35 > 30|33|35+37 > 33|30+35|30+37 > 30+33|30+35|30+37|33+35|33+37 > 30+33|30+35|33+35|33+37 > 30+33|30+35|33+37 > 30+33|33+37|30+35+37 > 30+33|30+35+37|33+35+37 > 30+33|33+35+37 > 30+33 > 30+33+35|30+33+37 > 30+33+35+37 > EMPTY,U > 1 > 2 > 3 > 4 > inf,14
0.2296875,141,BASE_UNSTABLE > 30|33|35|37 > 30|33|35 > 30|33|35+37 > 33|30+35|30+37 > 30+33|30+35|30+37|33+35|33+37 > 30+33|30+35|33+35|33+37 > 30+33|30+35|33+37 > 30+33|33+37|30+35+37 > 30+33|30+35+37|33+35+37 > 30+33 > 30+33+35|30+33+37 > 30+33+37 > 30+33+35+37 > EMPTY,U > 1 > 2 > 3 > 4 > inf,14
0.23125,143,BASE_UNSTABLE > 30|33|35|37 > 30|33|35 > 30|33|35+37 > 33|30+35|30+37 > 30+33|30+35|30+37|33+35|33+37 > 30+33|30+35|33+35|33+37 > 30+33|30+35|33+37 > 30+33|33+37|30+35+37 > 30+33|30+35+37|33+35+37 > 30+33 > 30+33+35|30+33+37 > 30+33+35+37 > EMPTY,U > 1 > 2 > 3 > 4 > inf,13
0.2328125,137,BASE_UNSTABLE > 30|33|35|37 > 30|33|35 > 30|33|35+37 > 33|30+35|30+37 > 30+33|30+35|30+37|33+35|33+37 > 30+33|30+35|33+35|33+37 > 30+33|30+35|33+37 > 30+33|33+37|30+35+37 > 30+33|30+35+37|33+35+37 > 30+33 > 30+33+35|30+33+37 > 30+33+37 > 30+33+35+37 > EMPTY,U > 1 > 2 > 3 > 4 > inf,14
0.234375,141,BASE_UNSTABLE > 30|33|35|37 > 30|33|35 > 30|33|35+37 > 33|30+35|30+37 > 30+33|30+35|30+37|33+35|33+37 > 30+33|30+35|33+35|33+37 > 30+33|30+35|33+37 > 30+33|33+37|30+35+37 > 30+33|30+35+37|33+35+37 > 30+33 > 30+33+35|30+33+37 > 30+33+37 > 30+33+35+37 > EMPTY,U > 1 > 2 > 3 > 4 > inf,14
0.2359375,137,BASE_UNSTABLE > 30|33|35|37 > 30|33|35 > 30|33|35+37 > 33|30+35|30+37 > 30+33|30+35|30+37|33+35|33+37 > 30+33|30+35|33+35|33+37 > 30+33|30+35|33+37 > 30+33|33+37|30+35+37 > 30+33|30+35+37|33+35+37 > 30+33 > 30+33+35|30+33+37 > 30+33+37 > 30+33+35+37 > EMPTY,U > 1 > 2 > 3 > 4 > inf,14
0.2375,143,BASE_UNSTABLE > 30|33|35|37 > 30|33|35 > 30|33|35+37 > 33|30+35|30+37 > 30+33|30+35|30+37|33+35|33+37 > 30+33|30+35|33+35|33+37 > 30+33|30+35|33+37 > 30+33|33+37|30+35+37 > 30+33|30+35+37|33+35+37 > 30+33 > 30+33+35|30+33+37 > 30+33+37 > 30+33+35+37 > EMPTY,U > 1 > 2 > 3 > 4 > inf,14
0.2390625,133,BASE_UNSTABLE > 30|33|35|37 > 30|33|35 > 30|33|35+37 > 33|30+35|30+37 > 30+33|30+35|30+37|33+35|33+37 > 30+33|30+35|33+35|33+37 > 30+33|30+35|33+37 > 30+33|33+37|30+35+37 > 30+33|30+35+37|33+35+37 > 30+33 > 30+33+35|30+33+37 > 30+33+37 > 30+33+35+37 > EMPTY,U > 1 > 2 > 3 > 4 > inf,14
0.240625,135,BASE_UNSTABLE > 30|33|35|37 > 30|33|35 > 30|33|35+37 > 30|33 > 33|30+35|30+37 > 30+33|30+35|30+37|33+35|33+37 > 30+33|30+35|33+35|33+37 > 30+33|30+35|33+37 > 30+33|33+37|30+35+37 > 30+33|30+35+37|33+35+37 > 30+33|30+35+37 > 30+33 > 30+33+35|30+33+37 > 30+33+37 > 30+33+35+37 > EMPTY,U > 1 > 2 > 3 > 4 > inf,16
0.2421875,133,BASE_UNSTABLE > 30|33|35|37 > 30|33|35 > 30|33|35+37 > 30|33 > 33|30+35|30+37 > 30+33|30+35|30+37|33+35|33+37 > 30+33|30+35|33+35|33+37 > 30+33|30+35|33+37 > 30+33|33+37|30+35+37 > 30+33|30+35+37|33+35+37 > 30+33|30+35+37 > 30+33 > 30+33+35|30+33+37 > 30+33+37 > 30+33+35+37 > EMPTY,U > 1 > 2 > 3 > 4 > inf,16
0.24375,137,BASE_UNSTABLE > 30|33|35|37 > 30|33|35 > 30|33|35+37 > 30|33 > 33|30+35|30+37 > 30+33|30+35|30+37|33+35|33+37 > 30+33|30+35|33+37 > 30+33|33+37|30+35+37 > 30+33|30+35+37|33+35+37 > 30+33|30+35+37 > 30+33 > 30+33+35|30+33+37 > 30+33+37 > 30+33+35+37 > EMPTY,U > 1 > 2 > 3 > 4 > inf,15
0.2453125,129,BASE_UNSTABLE > 30|33|35|37 > 30|33|35 > 30|33|35+37 > 30|33 > 33|30+35|30+37 > 30+33|30+35|30+37|33+35|33+37 > 30+33|30+35|33+37 > 30+33|33+37|30+35+37 > 30+33|30+35+37|33+35+37 > 30+33|30+35+37 > 30+33 > 30+33+35|30+33+37 > 30+33+37 > 30+33+35+37 > EMPTY,U > 1 > 2 > 3 > 4 > inf,15
0.246875,133,BASE_UNSTABLE > 30|33|35|37 > 30|33|35 > 30|33|35+37 > 30|33 > 33|30+35|30+37 > 30+33|30+35|30+37|33+35|33+37 > 30+33|30+35|33+35|33+37 > 30+33|30+35|33+37 > 30+33|33+37|30+35+37 > 30+33|30+35+37|33+35+37 > 30+33|30+35+37 > 30+33 > 30+33+35|30+33+37 > 30+33+37 > 30+33+35+37 > EMPTY,U > 1 > 2 > 3 > 4 > inf,16
0.2484375,129,BASE_UNSTABLE > 30|33|35|37 > 30|33|35 > 30|33|35+37 > 30|33 > 33|30+35|30+37 > 30+33|30+35|30+37|33+35|33+37 > 30+33|30+35|33+37 > 30+33|33+37|30+35+37 > 30+33|30+35+37|33+35+37 > 30+33|30+35+37 > 30+33 > 30+33+35|30+33+37 > 30+33+37 > 30+33+35+37 > EMPTY,U > 1 > 2 > 3 > 4 > inf,15
0.25,167,BASE_UNSTABLE > 30|33|35|37 > 30|33|35 > 30|33|35+37 > 30|33 > 33|30+35|30+37 > 30+33|30+35|30+37|33+35|33+37 > 30+33|30+35|33+37 > 30+33|33+37|30+35+37 > 30+33|30+35+37|33+35+37 > 30+33|30+35+37 > 30+33 > 30+33+35|30+33+37 > 30+33+37 > 30+33+35+37 > EMPTY,U > 1 > 2 > 3 > 4 > inf,15
0.2515625,129,BASE_UNSTABLE > 30|33|35|37 > 30|33|35 > 30|33|35+37 > 30|33 > 33|30+35|30+37 > 30+33|30+35|30+37|33+35|33+37 > 30+33|30+35|33+37 > 30+33|33+37|30+35+37 > 30+33|30+35+37|33+35+37 > 30+33|30+35+37 > 30+33 > 30+33+35|30+33+37 > 30+33+37 > 30+33+35+37 > EMPTY,U > 1 > 2 > 3 > 4 > inf,15
0.253125,129,BASE_UNSTABLE > 30|33|35|37 > 30|33|35 > 30|33|35+37 > 30|33 > 33|30+35|30+37 > 30+33|30+35|30+37|33+35|33+37 > 30+33|30+35|30+37|33+37 > 30+33|30+35|33+37 > 30+33|33+37|30+35+37 > 30+33|30+35+37|33+35+37 > 30+33|30+35+37 > 30+33 > 30+33+35|30+33+37 > 30+33+37 > 30+33+35+37 > EMPTY,U > 1 > 2 > 3 > 4 > inf,16
0.2546875,129,BASE_UNSTABLE > 30|33|35|37 > 30|33|35 > 30|33|35+37 > 30|33 > 33|30+35|30+37 > 30+33|30+35|30+37|33+35|33+37 > 30+33|30+35|30+37|33+37 > 30+33|30+35|33+37 > 30+33|33+37|30+35+37 > 30+33|30+35+37|33+35+37 > 30+33|30+35+37 > 30+33 > 30+33+35|30+33+37 > 30+33+37 > 30+33+35+37 > EMPTY,U > 1 > 2 > 3 > 4 > inf,16
0.25625,129,BASE_UNSTABLE > 30|33|35|37 > 30|33|35 > 30|33|35+37 > 30|33 > 33|30+35|30+37 > 30+33|30+35|30+37|33+35|33+37 > 30+33|30+35|30+37|33+37 > 30+33|30+35|33+37 > 30+33|33+37|30+35+37 > 30+33|30+35+37|33+35+37 > 30+33|30+35+37 > 30+33 > 30+33+35|30+33+37 > 30+33+37 > 30+33+35+37 > EMPTY,U > 1 > 2 > 3 > 4 > inf,16
0.2578125,125,BASE_UNSTABLE > 30|33|35|37 > 30|33|35 > 30|33|35+37 > 30|33 > 33|30+35|30+37 > 30+33|30+35|30+37|33+35|33+37 > 30+33|30+35|30+37|33+37 > 30+33|30+35|33+37 > 30+33|33+37|30+35+37 > 30+33|30+35+37|33+35+37 > 30+33|30+35+37 > 30+33 > 30+33+35|30+33+37 > 30+33+37 > 30+33+35+37 > EMPTY,U > 1 > 2 > 3 > 4 > inf,16
0.259375,127,BASE_UNSTABLE > 30|33|35|37 > 30|33|35 > 30|33|35+37 > 30|33 > 33|30+35|30+37 > 30+33|30+35|30+37|33+35|33+37 > 30+33|30+35|30+37|33+37 > 30+33|30+35|33+37 > 30+33|33+37|30+35+37 > 30+33|30+35+37|33+35+37 > 30+33|30+35+37 > 30+33 > 30+33+35|30+33+37 > 30+33+37 > 30+33+35+37 > EMPTY,U > 1 > 2 > 3 > 4 > inf,16
0.2609375,125,BASE_UNSTABLE > 30|33|35|37 > 30|33|35 > 30|33|35+37 > 30|33 > 33|30+35|30+37 > 30+33|30+35|30+37|33+35|33+37 > 30+33|30+35|30+37|33+37 > 30+33|30+35|33+37 > 30+33|33+37|30+35+37 > 30+33|30+35+37|33+35+37 > 30+33|30+35+37 > 30+33 > 30+33+35|30+33+37 > 30+33+37 > 30+33+35+37 > EMPTY,U > 1 > 2 > 3 > 4 > inf,16
0.2625,127,BASE_UNSTABLE > 30|33|35|37 > 30|33|35 > 30|33|35+37 > 30|33 > 33|30+35|30+37 > 30+33|30+35|30+37|33+35|33+37 > 30+33|30+35|30+37|33+37 > 30+33|30+35|33+37 > 30+33|33+37|30+35+37 > 30+33|30+35+37|33+35+37 > 30+33|30+35+37 > 30+33 > 30+33+35|30+33+37 > 30+33+37 > 30+33+35+37 > EMPTY,U > 1 > 2 > 3 > 4 > inf,16
0.2640625,121,BASE_UNSTABLE > 30|33|35|37 > 30|33|35 > 30|33|35+37 > 30|33 > 33|30+35|30+37 > 30+33|30+35|30+37|33+35|33+37 > 30+33|30+35|30+37|33+37 > 30+33|30+35|33+37 > 30+33|33+37|30+35+37 > 30+33|30+35+37|33+35+37 > 30+33|30+35+37 > 30+33 > 30+33+35|30+33+37 > 30+33+37 > 30+33+35+37 > EMPTY,U > 1 > 2 > 3 > 4 > inf,16
0.265625,121,BASE_UNSTABLE > 30|33|35|37 > 30|33|35 > 30|33|35+37 > 30|33 > 33|30+35|30+37 > 30+33|30+35|30+37|33+35|33+37 > 30+33|30+35|30+37|33+37 > 30+33|30+35|33+37 > 30+33|33+37|30+35+37 > 30+33|30+35+37|33+35+37 > 30+33|30+35+37 > 30+33 > 30+33+35|30+33+37 > 30+33+37 > 30+33+35+37 > EMPTY,U > 1 > 2 > 3 > 4 > inf,16
0.2671875,121,BASE_UNSTABLE > 30|33|35|37 > 30|33|35 > 30|33|35+37 > 30|33 > 33|30+35|30+37 > 30+33|30+35|30+37|33+35|33+37 > 30+33|30+35|30+37|33+37 > 30+33|30+35|33+37 > 30+33|33+37|30+35+37 > 30+33|30+35+37|33+35+37 > 30+33|30+35+37 > 30+33 > 30+33+35|30+33+37 > 30+33+37 > 30+33+35+37 > EMPTY,U > 1 > 2 > 3 > 4 > inf,16
0.26875,123,BASE_UNSTABLE > 30|33|35|37 > 30|33|35 > 30|33|35+37 > 30|33 > 33|30+35|30+37 > 30+33|30+35|30+37|33+35|33+37 > 30+33|30+35|30+37|33+37 > 30+33|30+35|33+37 > 30+33|33+37|30+35+37 > 30+33|30+35+37|33+35+37 > 30+33|30+35+37 > 30+33 > 30+33+35|30+33+37 > 30+33+37 > 30+33+35+37 > EMPTY,U > 1 > 2 > 3 > 4 > inf,16
0.2703125,117,BASE_UNSTABLE > 30|33|35|37 > 30|33|35 > 30|33|35+37 > 30|33 > 33|30+35|30+37 > 30+33|30+35|30+37|33+35|33+37 > 30+33|30+35|30+37|33+37 > 30+33|30+35|33+37 > 30+33|33+37|30+35+37 > 30+33|30+35+37|33+35+37 > 30+33|30+35+37 > 30+33 > 30+33+35|30+33+37 > 30+33+37 > 30+33+35+37 > EMPTY,U > 1 > 2 > 3 > 4 > inf,16
0.271875,119,BASE_UNSTABLE > 30|33|35|37 > 30|33|35 > 30|33|35+37 > 30|33 > 33|30+35|30+37 > 30+33|30+35|30+37|33+35|33+37 > 30+33|30+35|30+37|33+37 > 30+33|30+35|33+37 > 30+33|33+37|30+35+37 > 30+33|30+35+37|33+35+37 > 30+33|30+35+37 > 30+33 > 30+33+35|30+33+37 > 30+33+37 > 30+33+35+37 > EMPTY,U > 1 > 2 > 3 > 4 > inf,16
0.2734375,117,BASE_UNSTABLE > 30|33|35|37 > 30|33|35 > 30|33|35+37 > 30|33 > 33|30+35|30+37 > 30+33|30+35|30+37|33+35|33+37 > 30+33|30+35|30+37|33+37 > 30+33|30+35|33+37 > 30+33|33+37|30+35+37 > 30+33|30+35+37|33+35+37 > 30+33|30+35+37 > 30+33 > 30+33+35|30+33+37 > 30+33+37 > 30+33+35+37 > EMPTY,U > 1 > 2 > 3 > 4 > inf,16
0.275,153,BASE_UNSTABLE > 30|33|35|37 > 30|33|35 > 30|33|35+37 > 30|33 > 33|30+35|30+37 > 30+33|30+35|30+37|33+35|33+37 > 30+33|30+35|30+37|33+37 > 30+33|30+35|33+37 > 30+33|33+37|30+35+37 > 30+33|30+35+37|33+35+37 > 30+33|30+35+37 > 30+33 > 30+33+35|30+33+37 > 30+33+37 > 30+33+35+37 > EMPTY,U > 1 > 2 > 3 > 4 > inf,16
0.2765625,117,BASE_UNSTABLE > 30|33|35|37 > 30|33|35 > 30|33|35+37 > 30|33 > 33|30+35|30+37 > 30+33|30+35|30+37|33+35|33+37 > 30+33|30+35|30+37|33+37 > 30+33|30+35|33+37 > 30+33|30+35+37|33+35+37 > 30+33|30+35+37 > 30+33 > 30+33+35|30+33+37 > 30+33+37 > 30+33+35+37 > EMPTY,U > 1 > 2 > 3 > 4 > inf,15
0.278125,119,BASE_UNSTABLE > 30|33|35|37 > 30|33|35 > 30|33|35+37 > 30|33 > 33|30+35|30+37 > 30+33|30+35|30+37|33+35|33+37 > 30+33|30+35|30+37|33+37 > 30+33|30+35|33+37 > 30+33|30+35+37|33+35+37 > 30+33|30+35+37 > 30+33 > 30+33+35|30+33+37 > 30+33+37 > 30+33+35+37 > EMPTY,U > 1 > 2 > 3 > 4 > inf,15
0.2796875,117,BASE_UNSTABLE > 30|33|35|37 > 30|33|35 > 30|33|35+37 > 30|33 > 33|30+35|30+37 > 30+33|30+35|30+37|33+35|33+37 > 30+33|30+35|30+37|33+37 > 30+33|30+35|33+37 > 30+33|30+35+37|33+35+37 > 30+33|30+35+37 > 30+33 > 30+33+35|30+33+37 > 30+33+37 > 30+33+35+37 > EMPTY,U > 1 > 2 > 3 > 4 > inf,15
0.28125,121,BASE_UNSTABLE > 30|33|35|37 > 30|33|35 > 30|33|35+37 > 30|33 > 33|30+35|30+37 > 30+33|30+35|30+37|33+35|33+37 > 30+33|30+35|30+37|33+37 > 30+33|30+35|33+37 > 30+33|30+35+37|33+35+37 > 30+33|30+35+37 > 30+33 > 30+33+35|30+33+37 > 30+33+37 > 30+33+35+37 > EMPTY,U > 1 > 2 > 3 > 4 > inf,15
0.2828125,113,BASE_UNSTABLE > 30|33|35|37 > 30|33|35 > 30|33|35+37 > 30|33 > 33|30+35|30+37 > 30+33|30+35|30+37|33+37 > 30+33|30+35|33+37 > 30+33|30+35+37|33+35+37 > 30+33|30+35+37 > 30+33 > 30+33+35|30+33+37 > 30+33+37 > 30+33+35+37 > EMPTY,U > 1 > 2 > 3 > 4 > inf,14
0.284375,117,BASE_UNSTABLE > 30|33|35|37 > 30|33|35 > 30|33|35+37 > 30|33 > 33|30+35|30+37 > 30+33|30+35|30+37|33+37 > 30+33|30+35|33+37 > 30+33|30+35+37|33+35+37 > 30+33|30+35+37 > 30+33 > 30+33+35|30+33+37 > 30+33+37 > 30+33+35+37 > EMPTY,U > 1 > 2 > 3 > 4 > inf,14
0.2859375,113,BASE_UNSTABLE > 30|33|35|37 > 30|33|35 > 30|33|35+37 > 30|33 > 33|30+35|30+37 > 30+33|30+35|30+37|33+37 > 30+33|30+35|33+37 > 30+33|30+35+37|33+35+37 > 30+33|30+35+37 > 30+33 > 30+33+35|30+33+37 > 30+33+37 > 30+33+35+37 > EMPTY,U > 1 > 2 > 3 > 4 > inf,14
0.2875,119,BASE_UNSTABLE > 30|33|35|37 > 30|33|35 > 30|33|35+37 > 30|33 > 33|30+35|30+37 > 30+33|30+35|30+37|33+37 > 30+33|30+35|33+37 > 30+33|30+35+37|33+35+37 > 30+33|30+35+37 > 30+33 > 30+33+35|30+33+37 > 30+33+37 > 30+33+35+37 > EMPTY,U > 1 > 2 > 3 > 4 > inf,14
0.2890625,109,BASE_UNSTABLE > 30|33|35|37 > 30|33|35 > 30|33|35+37 > 30|33 > 33|30+35|30+37 > 30+33|30+35|30+37|33+37 > 30+33|30+35|33+37 > 30+33|30+35|33+35+37 > 30+33|30+35+37|33+35+37 > 30+33|30+35+37 > 30+33 > 30+33+35|30+33+37 > 30+33+37 > 30+33+35+37 > EMPTY,U > 1 > 2 > 3 > 4 > inf,15
0.290625,111,BASE_UNSTABLE > 30|33|35|37 > 30|33|35 > 30|33|35+37 > 30|33 > 33|30+35|30+37 > 30+33|30+35|30+37|33+37 > 30+33|30+35|33+37 > 30+33|30+35|33+35+37 > 30+33|30+35+37 > 30+33 > 30+33+35|30+33+37 > 30+33+37 > 30+33+35+37 > EMPTY,U > 1 > 2 > 3 > 4 > inf,14
0.2921875,109,BASE_UNSTABLE > 30|33|35|37 > 30|33|35 > 30|33|35+37 > 30|33 > 33|30+35|30+37 > 30+33|30+35|30+37|33+37 > 30+33|30+35|33+37 > 30+33|30+35|33+35+37 > 30+33|30+35+37 > 30+33 > 30+33+35|30+33+37 > 30+33+37 > 30+33+35+37 > EMPTY,U > 1 > 2 > 3 > 4 > inf,14
0.29375,115,BASE_UNSTABLE > 30|33|35|37 > 30|33|35 > 30|33|35+37 > 30|33 > 33|30+35|30+37 > 30+33|30+35|30+37|33+37 > 30+33|30+35|33+37 > 30+33|30+35+37 > 30+33 > 30+33+35|30+33+37 > 30+33+37 > 30+33+35+37 > EMPTY,U > 1 > 2 > 3 > 4 > inf,13
0.2953125,109,BASE_UNSTABLE > 30|33|35|37 > 30|33|35 > 30|33|35+37 > 30|33 > 33|30+35|30+37 > 30+33|30+35|30+37|33+37 > 30+33|30+35|33+37 > 30+33|30+35|33+35+37 > 30+33|30+35+37 > 30+33 > 30+33+35|30+33+37 > 30+33+37 > 30+33+35+37 > EMPTY,U > 1 > 2 > 3 > 4 > inf,14
0.296875,111,BASE_UNSTABLE > 30|33|35|37 > 30|33|35 > 30|33|35+37 > 30|33 > 33|30+35|30+37 > 30+33|30+35|30+37|33+37 > 30+33|30+35|33+37 > 30+33|30+35 > 30+33|30+35+37 > 30+33 > 30+33+35|30+33+37 > 30+33+37 > 30+33+35+37 > EMPTY,U > 1 > 2 > 3 > 4 > inf,14
0.2984374999999999,109,BASE_UNSTABLE > 30|33|35|37 > 30|33|35 > 30|33|35+37 > 30|33 > 33|30+35|30+37 > 30+33|30+35|30+37|33+37 > 30+33|30+35|33+37 > 30+33|30+35 > 30+33|30+35+37 > 30+33 > 30+33+35|30+33+37 > 30+33+37 > 30+33+35+37 > EMPTY,U > 1 > 2 > 3 > 4 > inf,14
0.3,147,BASE_UNSTABLE > 30|33|35|37 > 30|33|35 > 30|33|35+37 > 30|33 > 33|30+35|30+37 > 30+33|30+35|30+37|33+37 > 30+33|30+35|33+37 > 30+33|30+35 > 30+33|30+35+37 > 30+33 > 30+33+37 > EMPTY,U > 1 > 2 > 3 > inf,12
0.303125,105,BASE_UNSTABLE > 30|33|35|37 > 30|33|35 > 30|33|35+37 > 30|33 > 33|30+35|30+37 > 30+33|30+35|30+37|33+37 > 30+33|30+35|33+37 > 30+33|30+35 > 30+33|30+35+37 > 30+33 > 30+33+37 > EMPTY,U > 1 > 2 > 3 > inf,12
0.3062499999999999,105,BASE_UNSTABLE > 30|33|35|37 > 30|33|35 > 30|33|35+37 > 30|33 > 33|30+35|30+37 > 30+33|30+35|30+37|33+37 > 30+33|30+35|33+37 > 30+33|30+35 > 30+33|30+35+37 > 30+33 > 30+33+37 > EMPTY,U > 1 > 2 > 3 > inf,12
0.309375,105,BASE_UNSTABLE > 30|33|35|37 > 30|33|35 > 30|33|35+37 > 30|33 > 33|30+35|30+37 > 30+33|30+35|30+37|33+37 > 30+33|30+35|33+37 > 30+33|30+35 > 30+33|30+35+37 > 30+33 > 30+33+37 > EMPTY,U > 1 > 2 > 3 > inf,12
0.3125,107,BASE_UNSTABLE > 30|33|35|37 > 30|33|35 > 30|33|35+37 > 30|33 > 30+33|30+35|30+37|33+37 > 30+33|30+35|33+37 > 30+33|30+35 > 30+33|30+35+37 > 30+33 > 30+33+37 > EMPTY,U > 1 > 2 > 3 > inf,11
0.315625,101,BASE_UNSTABLE > 30|33|35|37 > 30|33|35 > 30|33|35+37 > 30|33 > 30+33|30+35|30+37|33+37 > 30+33|30+35|33+37 > 30+33|30+35 > 30+33|30+35+37 > 30+33 > 30+33+37 > EMPTY,U > 1 > 2 > 3 > inf,11
0.31875,103,BASE_UNSTABLE > 30|33|35|37 > 30|33|35+37 > 30|33 > 30+33|30+35|30+37|33+37 > 30+33|30+35|33+37 > 30+33|30+35 > 30+33|30+35+37 > 30+33 > 30+33+37 > EMPTY,U > 1 > 2 > 3 > inf,10
0.321875,101,BASE_UNSTABLE > 30|33|35|37 > 30|33|35+37 > 30|33 > 30|33+37 > 30+33|30+35|30+37|33+37 > 30+33|30+35|33+37 > 30+33|30+35 > 30+33|30+35+37 > 30+33 > 30+33+37 > EMPTY,U > 1 > 2 > 3 > inf,11
0.325,107,BASE_UNSTABLE > 30|33|35|37 > 30|33|35+37 > 30|33 > 30|33+37 > 30+33|30+35|30+37|33+37 > 30+33|30+35|33+37 > 30+33|30+35 > 30+33|30+35+37 > 30+33 > 30+33+37 > EMPTY,U > 1 > 2 > 3 > inf,11
0.328125,97,BASE_UNSTABLE > 30|33|35|37 > 30|33|35+37 > 30|33 > 30|33+37 > 30+33|30+35|30+37|33+37 > 30+33|30+35|33+37 > 30+33|30+35 > 30+33|30+35+37 > 30+33 > 30+33+37 > EMPTY,U > 1 > 2 > 3 > inf,11
0.33125,97,BASE_UNSTABLE > 30|33|35|37 > 30|33|35+37 > 30|33 > 30|33+37 > 30+33|30+35|30+37|33+37 > 30+33|30+35|33+37 > 30+33|30+35 > 30+33|30+35+37 > 30+33 > 30+33+37 > EMPTY,U > 1 > 2 > 3 > inf,11
0.334375,97,BASE_UNSTABLE > 30|33|35|37 > 30|33|35+37 > 30|33 > 30|33+37 > 30+33|30+35|30+37|33+37 > 30+33|30+35|33+37 > 30+33|30+35 > 30+33|30+35+37 > 30+33 > 30+33+37 > EMPTY,U > 1 > 2 > 3 > inf,11
0.3375,101,BASE_UNSTABLE > 30|33|35|37 > 30|33|35+37 > 30|33 > 30|33+37 > 30+33|30+35|30+37|33+37 > 30+33|30+35|33+37 > 30+33|30+35 > 30+33|30+35+37 > 30+33 > 30+33+37 > EMPTY,U > 1 > 2 > 3 > inf,11
0.340625,93,BASE_UNSTABLE > 30|33|35|37 > 30|33|35+37 > 30|33 > 30|33+37 > 30+33|30+35|30+37|33+37 > 30+33|30+35|33+37 > 30+33|30+35 > 30+33|30+35+37 > 30+33 > 30+33+37 > EMPTY,U > 1 > 2 > 3 > inf,11
0.34375,95,BASE_UNSTABLE > 30|33|35|37 > 30|33|35+37 > 30|33 > 30|33+37 > 30+33|30+35|30+37|33+37 > 30+33|30+35|33+37 > 30+33|30+35 > 30+33|30+35+37 > 30+33 > 30+33+37 > EMPTY,U > 1 > 2 > 3 > inf,11
0.346875,93,BASE_UNSTABLE > 30|33|35|37 > 30|33|37 > 30|33|35+37 > 30|33 > 30|33+37 > 30+33|30+35|30+37|33+37 > 30+33|30+35|33+37 > 30+33|30+35 > 30+33|30+35+37 > 30+33 > 30+33+37 > EMPTY,U > 1 > 2 > 3 > inf,12
0.35,133,BASE_UNSTABLE > 30|33|35|37 > 30|33|37 > 30|33|35+37 > 30|33 > 30|33+37 > 30+33|30+35|30+37|33+37 > 30+33|30+35|33+37 > 30+33|30+35 > 30+33|30+35+37 > 30+33 > 30+33+37 > EMPTY,U > 1 > 2 > 3 > inf,12
0.353125,89,BASE_UNSTABLE > 30|33|35|37 > 30|33|37 > 30|33|35+37 > 30|33 > 30|33+37 > 30+33|30+35|30+37|33+37 > 30+33|30+35|33+37 > 30+33|30+35 > 30+33|30+35+37 > 30+33 > 30+33+37 > EMPTY,U > 1 > 2 > 3 > inf,12
0.35625,89,BASE_UNSTABLE > 30|33|35|37 > 30|33|37 > 30|33|35+37 > 30|33 > 30|33+37 > 30+33|30+35|30+37|33+37 > 30+33|30+35|33+37 > 30+33|30+35 > 30+33|30+35+37 > 30+33 > 30+33+37 > EMPTY,U > 1 > 2 > 3 > inf,12
0.359375,89,BASE_UNSTABLE > 30|33|35|37 > 30|33|37 > 30|33|35+37 > 30|33 > 30|33+37 > 30+33|30+35|30+37|33+37 > 30+33|30+35|33+37 > 30+33|30+35 > 30+33|30+35+37 > 30+33 > 30+33+37 > EMPTY,U > 1 > 2 > 3 > inf,12
0.3625,91,BASE_UNSTABLE > 30|33|35|37 > 30|33|37 > 30|33|35+37 > 30|33 > 30|33+37 > 30+33|30+35|30+37|33+37 > 30+33|30+35|33+37 > 30+33|30+35 > 30+33|30+35+37 > 30+33 > 30+33+37 > EMPTY,U > 1 > 2 > 3 > inf,12
0.365625,85,BASE_UNSTABLE > 30|33|35|37 > 30|33|37 > 30|33|35+37 > 30|33 > 30|33+37 > 30+33|30+35|30+37|33+37 > 30+33|30+35|33+37 > 30+33|30+35 > 30+33|30+35+37 > 30+33 > 30+33+37 > EMPTY,U > 1 > 2 > 3 > inf,12
0.36875,87,BASE_UNSTABLE > 30|33|35|37 > 30|33|37 > 30|33|35+37 > 30|33 > 30|33+37 > 30+33|30+35|30+37|33+37 > 30+33|30+35|33+37 > 30+33|30+35 > 30+33 > EMPTY,U > 1 > 2 > inf,10
0.371875,85,BASE_UNSTABLE > 30|33|35|37 > 30|33|37 > 30|33|35+37 > 30|33 > 30|33+37 > 30+33|30+35|30+37|33+37 > 30+33|30+35|33+37 > 30+33|30+35 > 30+33|30+35+37 > 30+33 > EMPTY,U > 1 > 2 > inf,11
0.375,93,BASE_UNSTABLE > 30|33|35|37 > 30|33|37 > 30|33|35+37 > 30|33 > 30|33+37 > 30+33|30+35|30+37|33+37 > 30+33|30+35|33+37 > 30+33|30+35 > 30+33 > 30+33+37 > EMPTY,U > 1 > 2 > 3 > inf,11
0.378125,85,BASE_UNSTABLE > 30|33|35|37 > 30|33|37 > 30|33|35+37 > 30|33 > 30|33+37 > 30+33|30+35|30+37|33+37 > 30+33|30+35|33+37 > 30+33|30+35 > 30+33 > EMPTY,U > 1 > 2 > inf,10
0.38125,87,BASE_UNSTABLE > 30|33|35|37 > 30|33|37 > 30|33|35+37 > 30|33 > 30|33+37 > 30+33|30+35|30+37|33+37 > 30+33|30+35|33+37 > 30+33|30+35 > 30+33 > EMPTY,U > 1 > 2 > inf,10
0.384375,85,BASE_UNSTABLE > 30|33|35|37 > 30|33|37 > 30|33|35+37 > 30|33 > 30|33+37 > 30+33|30+35|30+37|33+37 > 30+33|30+35|33+37 > 30+33|30+35 > 30+33 > EMPTY,U > 1 > 2 > inf,10
0.3875,89,BASE_UNSTABLE > 30|33|35|37 > 30|33|37 > 30|33|35+37 > 30|33 > 30|33+37 > 30+33|30+35|30+37|33+37 > 30+33|30+35|33+37 > 30+33|30+35 > 30+33 > EMPTY,U > 1 > 2 > inf,10
0.390625,81,BASE_UNSTABLE > 30|33|35|37 > 30|33|37 > 30|33|35+37 > 30|33 > 30|33+37 > 30+33|30+35|30+37|33+37 > 30+33|30+35|33+37 > 30+33|30+35 > 30+33 > EMPTY,U > 1 > 2 > inf,10
0.39375,85,BASE_UNSTABLE > 30|33|35|37 > 30|33|37 > 30|33|35+37 > 30|33 > 30|33+37 > 30+33|30+35|30+37|33+37 > 30+33|30+35 > 30+33 > EMPTY,U > 1 > 2 > inf,9
0.396875,81,BASE_UNSTABLE > 30|33|35|37 > 30|33|37 > 30|33|35+37 > 30|33 > 30|33+37 > 30+33|30+35|33+37 > 30+33|30+35 > 30+33 > EMPTY,U > 1 > 2 > inf,9
0.4,123,BASE_UNSTABLE > 30|33|35|37 > 30|33|37 > 30|33|35+37 > 30|33 > 30|33+37 > 30+33|30+35 > 30+33 > EMPTY,U > 1 > 2 > inf,8
0.403125,77,BASE_UNSTABLE > 30|33|35|37 > 30|33|37 > 30|33|35+37 > 30|33 > 30|33+37 > 30+33|30+35 > 30+33 > EMPTY,U > 1 > 2 > inf,8
0.40625,79,BASE_UNSTABLE > 30|33|35|37 > 30|33|37 > 30|33|35+37 > 30|33 > 30|33+37 > 30 > 30+33|30+35 > 30+33 > EMPTY,U > 1 > 2 > inf,9
0.409375,77,BASE_UNSTABLE > 30|33|35|37 > 30|33|37 > 30|33|35+37 > 30|33 > 30|33+37 > 30+33|30+35 > 30+33 > EMPTY,U > 1 > 2 > inf,8
0.4125,79,BASE_UNSTABLE > 30|33|35|37 > 30|33|37 > 30|33|35+37 > 30|33 > 30|33+37 > 30 > 30+33|30+35 > 30+33 > EMPTY,U > 1 > 2 > inf,9
0.415625,77,BASE_UNSTABLE > 30|33|35|37 > 30|33|37 > 30|33|35+37 > 30|33 > 30|33+37 > 30 > 30+33|30+35 > 30+33 > EMPTY,U > 1 > 2 > inf,9
0.41875,79,BASE_UNSTABLE > 30|33|35|37 > 30|33|37 > 30|33|35+37 > 30|33 > 30|33+37 > 30 > 30+33|30+35 > 30+33 > EMPTY,U > 1 > 2 > inf,9
0.421875,77,BASE_UNSTABLE > 30|33|35|37 > 30|33|37 > 30|33|35+37 > 30|33 > 30|33+37 > 30 > 30+33|30+35 > 30+33 > EMPTY,U > 1 > 2 > inf,9
0.425,81,BASE_UNSTABLE > 30|33|35|37 > 30|33|37 > 30|33|35+37 > 30|33 > 30|33+37 > 30 > 30+33|30+35 > 30+33 > EMPTY,U > 1 > 2 > inf,9
0.428125,73,BASE_UNSTABLE > 30|33|35|37 > 30|33|37 > 30|33|35+37 > 30|33 > 30|33+37 > 30 > 30+33|30+35 > 30+33 > EMPTY,U > 1 > 2 > inf,9
0.43125,73,BASE_UNSTABLE > 30|33|35|37 > 30|33|37 > 30|33|35+37 > 30|33 > 30|33+37 > 30 > 30+33|30+35 > 30+33 > EMPTY,U > 1 > 2 > inf,9
0.434375,73,BASE_UNSTABLE > 30|33|35|37 > 30|33|37 > 30|33|35+37 > 30|33 > 30|33+37 > 30 > 30+33|30+35 > 30+33 > EMPTY,U > 1 > 2 > inf,9
0.4375,75,BASE_UNSTABLE > 30|33|35|37 > 30|33|37 > 30|33|35+37 > 30|33 > 30|33+37 > 30 > 30+33|30+35 > 30+33 > EMPTY,U > 1 > 2 > inf,9
0.440625,73,BASE_UNSTABLE > 30|33|35|37 > 30|33|37 > 30|33|35+37 > 30|33 > 30|33+37 > 30 > 30+33|30+35 > 30+33 > EMPTY,U > 1 > 2 > inf,9
0.44375,73,BASE_UNSTABLE > 30|33|35|37 > 30|33|37 > 30|33|35+37 > 30|33 > 30|33+37 > 30 > 30+33|30+35 > 30+33 > EMPTY,U > 1 > 2 > inf,9
0.446875,73,BASE_UNSTABLE > 30|33|35|37 > 30|33|37 > 30|33|35+37 > 30|33 > 30|33+37 > 30 > 30+33|30+35 > 30+33 > EMPTY,U > 1 > 2 > inf,9
0.45,111,BASE_UNSTABLE > 30|33|35|37 > 30|33|37 > 30|33|35+37 > 30|33 > 30|33+37 > 30 > 30+33|30+35 > 30+33 > EMPTY,U > 1 > 2 > inf,9
0.453125,69,BASE_UNSTABLE > 30|33|35|37 > 30|33|37 > 30|33|35+37 > 30|33 > 30|33+37 > 30 > 30+33|30+35 > 30+33 > EMPTY,U > 1 > 2 > inf,9
0.45625,71,BASE_UNSTABLE > 30|33|35|37 > 30|33|37 > 30|33|35+37 > 30|33 > 30|33+37 > 30 > 30+33|30+35 > 30+33 > EMPTY,U > 1 > 2 > inf,9
0.459375,69,BASE_UNSTABLE > 30|33|35|37 > 30|33|37 > 30|33|35+37 > 30|33 > 30|33+37 > 30 > 30+33|30+35 > 30+33 > EMPTY,U > 1 > 2 > inf,9
0.4625,73,BASE_UNSTABLE > 30|33|35|37 > 30|33|37 > 30|33|35+37 > 30|33 > 30|33+37 > 30 > 30+33|30+35 > 30+33 > EMPTY,U > 1 > 2 > inf,9
0.465625,69,BASE_UNSTABLE > 30|33|37 > 30|33|35+37 > 30|33 > 30|33+37 > 30 > 30+33|30+35 > 30+33 > EMPTY,U > 1 > 2 > inf,8
0.46875,71,BASE_UNSTABLE > 30|33|37 > 30|33|35+37 > 30|33 > 30|33+37 > 30 > 30+33|30+35 > 30+33 > EMPTY,U > 1 > 2 > inf,8
0.471875,69,BASE_UNSTABLE > 30|33|37 > 30|33 > 30|33+37 > 30 > 30+33|30+35 > 30+33 > EMPTY,U > 1 > 2 > inf,7
0.475,75,BASE_UNSTABLE > 30|33|37 > 30|33 > 30|33+37 > 30 > 30+33|30+35 > 30+33 > EMPTY,U > 1 > 2 > inf,7
0.478125,65,BASE_UNSTABLE > 30|33|37 > 30|33 > 30|33+37 > 30 > 30+33|30+35 > 30+33 > EMPTY,U > 1 > 2 > inf,7
0.48125,65,BASE_UNSTABLE > 30|33|37 > 30|33 > 30|33+37 > 30 > 30+33|30+35 > 30+33 > EMPTY,U > 1 > 2 > inf,7
0.484375,65,BASE_UNSTABLE > 30|33|37 > 30|33 > 30|33+37 > 30 > 30+33 > EMPTY,U > 1 > 2 > inf,6
0.4875,69,BASE_UNSTABLE > 30|33|37 > 30|33 > 30|33+37 > 30 > 30+33 > EMPTY,U > 1 > 2 > inf,6
0.490625,65,BASE_UNSTABLE > 30|33|37 > 30|33+37 > 30 > 30+33 > EMPTY,U > 1 > 2 > inf,5
0.49375,65,BASE_UNSTABLE > 30|33|37 > 30|33+37 > 30 > 30+33 > EMPTY,U > 1 > 2 > inf,5
0.496875,65,BASE_UNSTABLE > 30|33|37 > 30|33+37 > 30 > 30+33 > EMPTY,U > 1 > 2 > inf,5
0.5,105,BASE_UNSTABLE > 30|33|37 > 30|37 > 30|33+37 > 30 > 30+33 > EMPTY,U > 1 > 2 > inf,6
0.5046875,61,BASE_UNSTABLE > 30|33|37 > 30|37 > 30|33+37 > 30 > 30+33 > EMPTY,U > 1 > 2 > inf,6
0.509375,63,BASE_UNSTABLE > 30|33|37 > 30|37 > 30|33+37 > 30 > 30+33 > EMPTY,U > 1 > 2 > inf,6
0.5140625,61,BASE_UNSTABLE > 30|33|37 > 30|37 > 30|33+37 > 30 > 30+33 > EMPTY,U > 1 > 2 > inf,6
0.51875,63,BASE_UNSTABLE > 30|33|37 > 30|37 > 30|33+37 > 30 > 30+33 > EMPTY,U > 1 > 2 > inf,6
0.5234375,61,BASE_UNSTABLE > 30|33|37 > 30|37 > 30|33+37 > 30 > 30+33 > EMPTY,U > 1 > 2 > inf,6
0.528125,63,BASE_UNSTABLE > 30|33|37 > 30|37 > 30|33+37 > 30 > 30+33 > EMPTY,U > 1 > 2 > inf,6
0.5328125,61,BASE_UNSTABLE > 30|37 > 30|33+37 > 30 > 30+33 > EMPTY,U > 1 > 2 > inf,5
0.5375,63,BASE_UNSTABLE > 30|37 > 30|33+37 > 30 > 30+33 > EMPTY,U > 1 > 2 > inf,5
0.5421875,57,BASE_UNSTABLE > 30|37 > 30|33+37 > 30 > 30+33 > EMPTY,U > 1 > 2 > inf,5
0.546875,57,BASE_UNSTABLE > 30|37 > 30|33+37 > 30 > 30+33 > EMPTY,U > 1 > 2 > inf,5
0.5515625,57,BASE_UNSTABLE > 30|37 > 30|33+37 > 30 > 30+33 > EMPTY,U > 1 > 2 > inf,5
0.55625,59,BASE_UNSTABLE > 30|37 > 30 > 30+33 > EMPTY,U > 1 > 2 > inf,4
0.5609375,53,BASE_UNSTABLE > 30|37 > 30 > 30+33 > EMPTY,U > 1 > 2 > inf,4
0.565625,55,BASE_UNSTABLE > 30|37 > 30 > 30+33 > EMPTY,U > 1 > 2 > inf,4
0.5703125,53,BASE_UNSTABLE > 30|37 > 30 > EMPTY,U > 1 > inf,3
0.575,93,BASE_UNSTABLE > 30|37 > 30 > 30+33 > EMPTY,U > 1 > 2 > inf,4
0.5796875,53,BASE_UNSTABLE > 30|37 > 30 > EMPTY,U > 1 > inf,3
0.584375,55,BASE_UNSTABLE > 30|37 > 30 > EMPTY,U > 1 > inf,3
0.5890625,53,BASE_UNSTABLE > 30|37 > 30 > EMPTY,U > 1 > inf,3
0.59375,57,BASE_UNSTABLE > 30|37 > 30 > EMPTY,U > 1 > inf,3
0.5984375,49,BASE_UNSTABLE > 30|37 > 30 > EMPTY,U > 1 > inf,3
0.603125,53,BASE_UNSTABLE > 30|37 > 30 > EMPTY,U > 1 > inf,3
0.6078125,49,BASE_UNSTABLE > 30|37 > 30 > EMPTY,U > 1 > inf,3
0.6125,55,BASE_UNSTABLE > 30|37 > 30 > EMPTY,U > 1 > inf,3
0.6171875,45,BASE_UNSTABLE > 30|37 > 30 > EMPTY,U > 1 > inf,3
0.621875,47,BASE_UNSTABLE > 30|37 > 30 > EMPTY,U > 1 > inf,3
0.6265625,45,BASE_UNSTABLE > 30|37 > 30 > EMPTY,U > 1 > inf,3
0.6312500000000001,51,BASE_UNSTABLE > 30|37 > 30 > EMPTY,U > 1 > inf,3
0.6359375,45,BASE_UNSTABLE > 30|37 > 30 > EMPTY,U > 1 > inf,3
0.640625,47,BASE_UNSTABLE > 30|37 > 30 > EMPTY,U > 1 > inf,3
0.6453125,45,BASE_UNSTABLE > 30|37 > 30 > EMPTY,U > 1 > inf,3
0.65,87,BASE_UNSTABLE > 30|37 > 30 > EMPTY,U > 1 > inf,3
0.6546875,45,BASE_UNSTABLE > 30|37 > 30 > EMPTY,U > 1 > inf,3
0.659375,47,BASE_UNSTABLE > 30|37 > 30 > EMPTY,U > 1 > inf,3
0.6640625,45,BASE_UNSTABLE > 30|37 > 30 > EMPTY,U > 1 > inf,3
0.6687500000000001,47,BASE_UNSTABLE > 30|37 > 30 > EMPTY,U > 1 > inf,3
0.6734375,45,BASE_UNSTABLE > 30|37 > 30 > EMPTY,U > 1 > inf,3
0.678125,47,BASE_UNSTABLE > 30|37 > 30 > EMPTY,U > 1 > inf,3
0.6828125,45,BASE_UNSTABLE > 30 > EMPTY,U > 1 > inf,2
0.6875,49,BASE_UNSTABLE > 30 > EMPTY,U > 1 > inf,2
0.6921875000000001,45,BASE_UNSTABLE > 30 > EMPTY,U > 1 > inf,2
0.696875,47,BASE_UNSTABLE > 30 > EMPTY,U > 1 > inf,2
0.7015625000000001,45,BASE_UNSTABLE > 30 > EMPTY,U > 1 > inf,2
0.70625,47,BASE_UNSTABLE > 30 > EMPTY,U > 1 > inf,2
0.7109375,41,BASE_UNSTABLE > 30 > EMPTY,U > 1 > inf,2
0.7156250000000001,45,BASE_UNSTABLE > 30 > EMPTY,U > 1 > inf,2
0.7203125,41,BASE_UNSTABLE > 30 > EMPTY,U > 1 > inf,2
0.7250000000000001,83,BASE_UNSTABLE > 30 > EMPTY,U > 1 > inf,2
0.7296875,41,BASE_UNSTABLE > 30 > EMPTY,U > 1 > inf,2
0.734375,41,BASE_UNSTABLE > 30 > EMPTY,U > 1 > inf,2
0.7390625000000001,41,BASE_UNSTABLE > 30 > EMPTY,U > 1 > inf,2
0.74375,43,BASE_UNSTABLE > 30 > EMPTY,U > 1 > inf,2
0.7484375000000001,41,BASE_UNSTABLE > 30 > EMPTY,U > 1 > inf,2
0.753125,41,BASE_UNSTABLE > 30 > EMPTY,U > 1 > inf,2
0.7578125,41,BASE_UNSTABLE > 30 > EMPTY,U > 1 > inf,2
0.7625000000000001,45,BASE_UNSTABLE > 30 > EMPTY,U > 1 > inf,2
0.7671875,41,BASE_UNSTABLE > 30 > EMPTY,U > 1 > inf,2
0.7718750000000001,41,BASE_UNSTABLE > 30 > EMPTY,U > 1 > inf,2
0.7765625,41,BASE_UNSTABLE > 30 > EMPTY,U > 1 > inf,2
0.78125,43,BASE_UNSTABLE > 30 > EMPTY,U > 1 > inf,2
0.7859375000000001,41,BASE_UNSTABLE > 30 > EMPTY,U > 1 > inf,2
0.790625,41,BASE_UNSTABLE > 30 > EMPTY,U > 1 > inf,2
0.7953125000000001,41,BASE_UNSTABLE > 30 > EMPTY,U > 1 > inf,2
0.8,81,BASE_UNSTABLE > 30 > EMPTY,U > 1 > inf,2
0.80625,41,BASE_UNSTABLE > 30 > EMPTY,U > 1 > inf,2
0.8125,41,BASE_UNSTABLE > 30 > EMPTY,U > 1 > inf,2
0.8187500000000001,41,BASE_UNSTABLE > 30 > EMPTY,U > 1 > inf,2
0.8250000000000001,43,BASE_UNSTABLE > 30 > EMPTY,U > 1 > inf,2
0.83125,41,BASE_UNSTABLE > 30 > EMPTY,U > 1 > inf,2
0.8375,41,BASE_UNSTABLE > 30 > EMPTY,U > 1 > inf,2
0.84375,41,BASE_UNSTABLE > 30 > EMPTY,U > 1 > inf,2
0.8500000000000001,45,BASE_UNSTABLE > 30 > EMPTY,U > 1 > inf,2
0.8562500000000001,37,BASE_UNSTABLE > 30 > EMPTY,U > 1 > inf,2
0.8625,39,BASE_UNSTABLE > 30 > EMPTY,U > 1 > inf,2
0.86875,37,BASE_UNSTABLE > 30 > EMPTY,U > 1 > inf,2
0.875,41,BASE_UNSTABLE > 30 > EMPTY,U > 1 > inf,2
0.8812500000000001,37,BASE_UNSTABLE > 30 > EMPTY,U > 1 > inf,2
0.8875000000000001,39,BASE_UNSTABLE > 30 > EMPTY,U > 1 > inf,2
0.89375,37,BASE_UNSTABLE > 30 > EMPTY,U > 1 > inf,2
0.9,79,BASE_UNSTABLE > 30 > EMPTY,U > 1 > inf,2
0.90625,37,BASE_UNSTABLE > 30 > EMPTY,U > 1 > inf,2
0.9125,39,BASE_UNSTABLE > 30 > EMPTY,U > 1 > inf,2
0.91875,37,BASE_UNSTABLE > 30 > EMPTY,U > 1 > inf,2
0.925,41,BASE_UNSTABLE > 30 > EMPTY,U > 1 > inf,2
0.93125,37,BASE_UNSTABLE > 30 > EMPTY,U > 1 > inf,2
0.9375,39,BASE_UNSTABLE > 30 > EMPTY,U > 1 > inf,2
0.94375,37,BASE_UNSTABLE > 30 > EMPTY,U > 1 > inf,2
0.95,43,BASE_UNSTABLE > 30 > EMPTY,U > 1 > inf,2
0.95625,37,BASE_UNSTABLE > 30 > EMPTY,U > 1 > inf,2
0.9625,39,BASE_UNSTABLE > 30 > EMPTY,U > 1 > inf,2
0.96875,37,BASE_UNSTABLE > 30 > EMPTY,U > 1 > inf,2
0.975,41,BASE_UNSTABLE > 30 > EMPTY,U > 1 > inf,2
0.98125,37,BASE_UNSTABLE > 30 > EMPTY,U > 1 > inf,2
0.9875,39,BASE_UNSTABLE > 30 > EMPTY,U > 1 > inf,2
0.99375,37,BASE_UNSTABLE > 30 > EMPTY,U > 1 > inf,2
1.0,79,BASE_UNSTABLE > 30 > EMPTY,U > 1 > inf,2
