I,J,size,homogeneous
0,192,32,True
0,224,32,True
0,256,32,True
0,288,32,True
0,320,32,True
0,352,32,True
0,384,32,True
32,224,32,True
32,256,32,True
32,288,32,True
32,320,32,True
32,352,32,True
32,480,32,True
32,512,32,True
32,544,32,True
32,576,32,True
32,608,32,True
64,224,32,True
64,256,32,True
64,288,32,True
64,320,32,True
64,352,32,True
64,416,32,True
64,448,32,True
64,480,32,True
64,512,32,True
64,544,32,True
64,576,32,True
64,608,32,True
96,256,32,True
96,288,32,True
96,320,32,True
96,352,32,True
96,448,32,True
96,480,32,True
96,512,32,True
96,544,32,True
96,576,32,True
96,608,32,True
128,288,32,True
128,320,32,True
128,352,32,True
128,480,32,True
128,512,32,True
128,544,32,True
128,576,32,True
128,608,32,True
160,288,32,True
160,320,32,True
160,352,32,True
160,384,32,True
160,480,32,True
160,512,32,True
160,544,32,True
160,576,32,True
160,608,32,True
192,320,32,True
192,352,32,True
192,384,32,True
192,512,32,True
192,544,32,True
192,576,32,True
192,608,32,True
224,352,32,True
224,384,32,True
224,416,32,True
224,512,32,True
224,544,32,True
224,576,32,True
224,608,32,True
256,352,32,True
256,384,32,True
256,512,32,True
256,544,32,True
256,576,32,True
256,608,32,True
288,352,32,True
288,384,32,True
288,512,32,True
288,544,32,True
288,576,32,True
288,608,32,True
320,512,32,True
320,544,32,True
320,576,32,True
320,608,32,True
352,448,32,True
352,480,32,True
352,512,32,True
352,544,32,True
352,576,32,True
352,608,32,True
384,416,32,True
384,448,32,True
384,480,32,True
384,512,32,True
384,544,32,True
384,576,32,True
384,608,32,True
416,320,32,True
416,352,32,True
416,384,32,True
416,416,32,True
416,448,32,True
416,480,32,True
416,512,32,True
416,544,32,True
416,576,32,True
416,608,32,True
448,256,32,True
448,288,32,True
448,320,32,True
448,352,32,True
448,384,32,True
448,416,32,True
448,448,32,True
448,480,32,True
448,512,32,True
448,544,32,True
448,576,32,True
448,608,32,True
480,128,32,True
480,160,32,True
480,192,32,True
480,224,32,True
480,256,32,True
480,288,32,True
480,320,32,True
480,352,32,True
480,384,32,True
480,416,32,True
480,448,32,True
480,480,32,True
480,512,32,True
480,544,32,True
480,576,32,True
480,608,32,True
512,64,32,True
512,96,32,True
512,128,32,True
512,160,32,True
512,192,32,True
512,224,32,True
512,256,32,True
512,288,32,True
512,320,32,True
512,352,32,True
512,384,32,True
512,416,32,True
512,448,32,True
512,480,32,True
512,512,32,True
512,544,32,True
512,576,32,True
512,608,32,True
544,0,32,True
544,32,32,True
544,64,32,True
544,96,32,True
544,128,32,True
544,160,32,True
544,192,32,True
544,224,32,True
544,256,32,True
544,288,32,True
544,320,32,True
544,352,32,True
544,384,32,True
544,416,32,True
544,448,32,True
544,480,32,True
544,512,32,True
544,544,32,True
544,576,32,True
544,608,32,True
576,0,32,True
576,32,32,True
576,64,32,True
576,96,32,True
576,128,32,True
576,160,32,True
576,192,32,True
576,224,32,True
576,256,32,True
576,288,32,True
576,320,32,True
576,352,32,True
576,384,32,True
576,416,32,True
576,448,32,True
576,480,32,True
576,512,32,True
576,544,32,True
576,576,32,True
576,608,32,True
0,64,16,True
0,80,16,True
16,80,16,True
0,160,16,True
0,176,16,True
16,176,16,True
0,416,16,True
16,416,16,True
0,432,16,True
0,448,16,True
0,464,16,True
0,480,16,True
0,496,16,True
0,512,16,True
0,528,16,True
0,544,16,True
32,96,16,True
48,112,16,True
32,192,16,True
32,208,16,True
48,208,16,True
32,384,16,True
48,432,16,True
48,448,16,True
48,464,16,True
64,112,16,True
64,128,16,True
80,128,16,True
80,144,16,True
64,208,16,True
96,144,16,True
112,160,16,True
96,240,16,True
112,240,16,True
112,384,16,True
96,432,16,True
112,432,16,True
128,160,16,True
128,176,16,True
144,176,16,True
128,256,16,True
128,272,16,True
144,272,16,True
128,384,16,True
144,384,16,True
144,400,16,True
128,448,16,True
128,464,16,True
144,464,16,True
160,176,16,True
160,192,16,True
176,192,16,True
160,272,16,True
176,416,16,True
160,464,16,True
192,208,16,True
208,224,16,True
192,304,16,True
192,416,16,True
208,416,16,True
208,432,16,True
192,496,16,True
224,224,16,True
240,240,16,True
224,336,16,True
256,240,16,True
272,240,16,True
272,256,16,True
256,416,16,True
272,416,16,True
256,432,16,True
288,256,16,True
304,256,16,True
288,416,16,True
336,240,16,True
320,352,16,True
336,352,16,True
320,368,16,True
336,480,16,True
320,496,16,True
336,496,16,True
368,432,16,True
400,352,16,True
400,368,16,True
400,384,16,True
384,400,16,True
400,400,16,True
432,272,16,True
432,288,16,True
432,304,16,True
464,176,16,True
464,192,16,True
464,208,16,True
464,224,16,True
448,240,16,True
464,240,16,True
496,96,16,True
496,112,16,True
528,0,16,True
528,16,16,True
528,32,16,True
528,48,16,True
0,48,8,True
0,56,8,True
8,56,8,True
16,64,8,True
16,72,8,True
24,72,8,True
16,96,8,True
24,96,8,True
24,104,8,True
0,152,8,True
16,168,8,True
24,168,8,True
16,432,8,True
24,432,8,True
16,440,8,True
16,448,8,True
16,456,8,True
16,464,8,True
16,472,8,True
24,536,8,True
24,544,8,True
24,552,8,True
0,560,8,True
0,568,8,True
24,560,8,True
24,568,8,True
0,576,8,True
0,584,8,True
24,576,8,True
24,584,8,True
0,592,8,True
0,600,8,True
24,592,8,True
24,600,8,True
0,608,8,True
0,616,8,True
24,608,8,True
24,616,8,True
0,624,8,True
0,632,8,True
24,624,8,True
24,632,8,True
32,80,8,True
32,88,8,True
40,88,8,True
48,96,8,True
48,104,8,True
56,104,8,True
32,112,8,True
40,112,8,True
40,120,8,True
48,128,8,True
56,128,8,True
56,136,8,True
32,176,8,True
32,184,8,True
40,184,8,True
48,192,8,True
48,200,8,True
56,200,8,True
48,384,8,True
56,384,8,True
48,392,8,True
32,400,8,True
40,400,8,True
32,408,8,True
56,424,8,True
40,448,8,True
40,456,8,True
40,464,8,True
40,472,8,True
64,104,8,True
80,120,8,True
72,144,8,True
88,160,8,True
64,200,8,True
80,216,8,True
64,384,8,True
72,384,8,True
80,384,8,True
88,384,8,True
112,96,8,True
96,136,8,True
104,136,8,True
112,144,8,True
112,152,8,True
120,152,8,True
96,160,8,True
104,160,8,True
104,168,8,True
112,176,8,True
120,176,8,True
96,224,8,True
96,232,8,True
104,232,8,True
96,384,8,True
104,384,8,True
96,424,8,True
104,424,8,True
128,104,8,True
136,112,8,True
144,112,8,True
152,120,8,True
128,152,8,True
144,168,8,True
152,168,8,True
144,192,8,True
152,192,8,True
152,200,8,True
128,248,8,True
144,256,8,True
144,264,8,True
152,264,8,True
128,400,8,True
136,400,8,True
128,440,8,True
136,440,8,True
144,448,8,True
144,456,8,True
152,456,8,True
160,120,8,True
168,128,8,True
176,128,8,True
184,136,8,True
176,184,8,True
168,208,8,True
176,208,8,True
184,208,8,True
184,216,8,True
176,280,8,True
160,416,8,True
168,416,8,True
160,456,8,True
176,464,8,True
176,472,8,True
184,472,8,True
208,152,8,True
192,200,8,True
200,200,8,True
208,208,8,True
208,216,8,True
216,216,8,True
200,224,8,True
216,240,8,True
192,296,8,True
208,312,8,True
200,432,8,True
192,480,8,True
192,488,8,True
200,488,8,True
208,496,8,True
208,504,8,True
216,504,8,True
240,232,8,True
248,232,8,True
224,240,8,True
232,240,8,True
232,248,8,True
248,256,8,True
224,328,8,True
232,328,8,True
240,336,8,True
240,344,8,True
248,344,8,True
224,448,8,True
232,448,8,True
240,448,8,True
248,448,8,True
256,256,8,True
264,256,8,True
256,344,8,True
272,432,8,True
280,432,8,True
272,440,8,True
256,448,8,True
288,248,8,True
296,248,8,True
304,248,8,True
312,248,8,True
304,416,8,True
296,504,8,True
312,496,8,True
304,504,8,True
312,504,8,True
328,240,8,True
320,248,8,True
328,248,8,True
320,256,8,True
328,256,8,True
344,344,8,True
336,368,8,True
320,384,8,True
328,384,8,True
320,392,8,True
344,464,8,True
336,472,8,True
344,472,8,True
328,480,8,True
328,488,8,True
352,232,8,True
360,232,8,True
368,224,8,True
376,224,8,True
368,232,8,True
352,240,8,True
352,344,8,True
376,408,8,True
376,416,8,True
368,424,8,True
376,424,8,True
360,440,8,True
408,336,8,True
408,344,8,True
392,376,8,True
392,384,8,True
392,392,8,True
440,256,8,True
440,264,8,True
424,296,8,True
424,304,8,True
416,312,8,True
424,312,8,True
472,152,8,True
472,160,8,True
472,168,8,True
456,208,8,True
456,216,8,True
456,224,8,True
456,232,8,True
504,72,8,True
504,80,8,True
496,88,8,True
504,88,8,True
488,104,8,True
488,112,8,True
488,120,8,True
520,24,8,True
520,32,8,True
520,40,8,True
520,48,8,True
512,56,8,True
520,56,8,True
0,40,4,True
0,44,4,True
8,52,4,True
16,60,4,True
24,68,4,True
4,96,4,True
8,96,4,True
12,96,4,True
12,100,4,True
16,104,4,True
20,104,4,True
20,108,4,True
24,112,4,True
28,112,4,True
28,116,4,True
0,144,4,True
0,148,4,True
4,148,4,True
8,152,4,True
8,156,4,True
12,156,4,True
16,160,4,True
16,164,4,True
20,164,4,True
24,164,4,True
24,440,4,True
28,440,4,True
24,444,4,True
24,448,4,True
24,452,4,True
24,456,4,True
16,480,4,True
20,480,4,True
16,484,4,True
16,488,4,True
16,492,4,True
16,496,4,True
16,500,4,True
16,504,4,True
16,508,4,True
28,504,4,True
28,508,4,True
16,512,4,True
28,512,4,True
28,516,4,True
28,520,4,True
28,524,4,True
28,528,4,True
28,532,4,True
8,560,4,True
12,560,4,True
8,564,4,True
8,568,4,True
8,572,4,True
8,576,4,True
8,580,4,True
8,584,4,True
8,588,4,True
20,588,4,True
8,592,4,True
8,596,4,True
8,600,4,True
8,604,4,True
20,592,4,True
20,596,4,True
20,600,4,True
20,604,4,True
8,608,4,True
8,612,4,True
8,616,4,True
8,620,4,True
20,608,4,True
20,612,4,True
20,616,4,True
20,620,4,True
8,624,4,True
8,628,4,True
20,624,4,True
20,628,4,True
20,632,4,True
20,636,4,True
32,72,4,True
32,76,4,True
36,76,4,True
40,80,4,True
40,84,4,True
44,84,4,True
48,88,4,True
48,92,4,True
52,92,4,True
56,96,4,True
56,100,4,True
60,100,4,True
32,120,4,True
36,120,4,True
36,124,4,True
44,128,4,True
52,136,4,True
32,172,4,True
40,180,4,True
44,180,4,True
48,184,4,True
48,188,4,True
52,188,4,True
56,192,4,True
56,196,4,True
60,196,4,True
56,392,4,True
60,392,4,True
40,408,4,True
48,400,4,True
32,416,4,True
36,416,4,True
32,420,4,True
32,424,4,True
32,428,4,True
60,416,4,True
56,420,4,True
60,420,4,True
52,424,4,True
52,428,4,True
44,440,4,True
44,444,4,True
36,460,4,True
36,464,4,True
36,468,4,True
36,472,4,True
36,476,4,True
68,68,4,True
72,72,4,True
76,72,4,True
80,76,4,True
84,80,4,True
88,80,4,True
88,84,4,True
92,84,4,True
72,108,4,True
80,116,4,True
88,120,4,True
88,124,4,True
92,124,4,True
64,144,4,True
68,144,4,True
68,148,4,True
72,152,4,True
76,152,4,True
84,160,4,True
64,196,4,True
72,204,4,True
80,208,4,True
80,212,4,True
84,212,4,True
88,216,4,True
88,220,4,True
92,220,4,True
92,392,4,True
68,412,4,True
72,412,4,True
76,412,4,True
80,412,4,True
84,412,4,True
88,412,4,True
96,84,4,True
96,88,4,True
100,88,4,True
100,92,4,True
104,88,4,True
104,92,4,True
108,92,4,True
104,96,4,True
108,96,4,True
120,100,4,True
124,100,4,True
116,104,4,True
120,104,4,True
124,104,4,True
124,108,4,True
96,128,4,True
96,132,4,True
100,132,4,True
104,132,4,True
112,140,4,True
120,144,4,True
120,148,4,True
124,148,4,True
96,168,4,True
100,168,4,True
100,172,4,True
108,176,4,True
120,184,4,True
124,184,4,True
96,220,4,True
104,228,4,True
112,232,4,True
112,236,4,True
116,236,4,True
96,392,4,True
100,392,4,True
104,392,4,True
108,392,4,True
108,396,4,True
116,400,4,True
120,400,4,True
124,400,4,True
96,416,4,True
96,420,4,True
100,420,4,True
104,420,4,True
112,424,4,True
112,428,4,True
116,428,4,True
120,428,4,True
136,108,4,True
140,108,4,True
132,112,4,True
152,116,4,True
156,116,4,True
144,120,4,True
148,120,4,True
136,156,4,True
144,160,4,True
144,164,4,True
148,164,4,True
152,164,4,True
132,192,4,True
136,192,4,True
140,192,4,True
140,196,4,True
148,200,4,True
128,244,4,True
136,248,4,True
136,252,4,True
140,252,4,True
152,260,4,True
136,408,4,True
140,408,4,True
152,416,4,True
156,416,4,True
128,432,4,True
128,436,4,True
132,436,4,True
144,444,4,True
148,444,4,True
152,448,4,True
152,452,4,True
156,452,4,True
168,124,4,True
172,124,4,True
160,128,4,True
164,128,4,True
184,132,4,True
188,132,4,True
176,136,4,True
180,136,4,True
160,172,4,True
164,172,4,True
176,180,4,True
180,180,4,True
184,184,4,True
184,188,4,True
188,188,4,True
160,208,4,True
164,208,4,True
176,216,4,True
180,216,4,True
160,264,4,True
160,268,4,True
164,268,4,True
176,276,4,True
184,280,4,True
184,284,4,True
188,284,4,True
168,424,4,True
172,424,4,True
184,432,4,True
188,432,4,True
160,452,4,True
168,460,4,True
172,460,4,True
184,468,4,True
192,136,4,True
192,140,4,True
196,140,4,True
192,144,4,True
196,144,4,True
196,148,4,True
200,144,4,True
200,148,4,True
204,148,4,True
204,152,4,True
208,148,4,True
216,156,4,True
216,160,4,True
220,160,4,True
220,164,4,True
192,192,4,True
192,196,4,True
196,196,4,True
200,196,4,True
208,204,4,True
216,212,4,True
192,224,4,True
196,224,4,True
196,228,4,True
204,232,4,True
212,240,4,True
192,288,4,True
192,292,4,True
196,292,4,True
200,296,4,True
200,300,4,True
204,300,4,True
208,304,4,True
208,308,4,True
212,308,4,True
216,312,4,True
216,316,4,True
220,316,4,True
192,432,4,True
196,432,4,True
196,436,4,True
200,440,4,True
204,440,4,True
204,444,4,True
212,448,4,True
216,448,4,True
220,448,4,True
220,452,4,True
192,476,4,True
200,484,4,True
208,492,4,True
216,500,4,True
220,500,4,True
224,164,4,True
228,164,4,True
228,168,4,True
232,168,4,True
236,172,4,True
240,172,4,True
224,216,4,True
224,220,4,True
228,220,4,True
240,228,4,True
244,228,4,True
224,248,4,True
228,248,4,True
228,252,4,True
236,256,4,True
240,256,4,True
244,256,4,True
244,260,4,True
224,320,4,True
224,324,4,True
228,324,4,True
232,324,4,True
240,332,4,True
244,332,4,True
248,336,4,True
248,340,4,True
252,340,4,True
232,456,4,True
236,456,4,True
240,456,4,True
244,456,4,True
248,456,4,True
224,504,4,True
224,508,4,True
228,508,4,True
232,508,4,True
236,508,4,True
256,236,4,True
260,236,4,True
264,236,4,True
256,264,4,True
260,264,4,True
264,264,4,True
268,264,4,True
268,268,4,True
256,340,4,True
264,344,4,True
264,348,4,True
268,348,4,True
272,348,4,True
276,348,4,True
280,348,4,True
280,440,4,True
284,440,4,True
264,448,4,True
268,448,4,True
272,448,4,True
288,244,4,True
292,244,4,True
296,244,4,True
300,244,4,True
304,244,4,True
308,244,4,True
312,244,4,True
316,244,4,True
312,416,4,True
304,424,4,True
288,432,4,True
292,432,4,True
288,436,4,True
296,432,4,True
288,508,4,True
292,508,4,True
304,500,4,True
308,500,4,True
344,236,4,True
348,236,4,True
320,244,4,True
324,244,4,True
320,264,4,True
324,264,4,True
328,264,4,True
336,256,4,True
340,256,4,True
336,260,4,True
344,256,4,True
336,348,4,True
340,348,4,True
344,368,4,True
336,376,4,True
340,376,4,True
336,380,4,True
328,392,4,True
328,396,4,True
336,384,4,True
320,400,4,True
324,400,4,True
320,404,4,True
320,408,4,True
348,452,4,True
348,456,4,True
344,460,4,True
348,460,4,True
332,476,4,True
340,464,4,True
340,468,4,True
324,488,4,True
320,492,4,True
324,492,4,True
380,220,4,True
360,228,4,True
364,228,4,True
376,232,4,True
360,240,4,True
364,240,4,True
360,244,4,True
352,248,4,True
356,248,4,True
364,332,4,True
352,340,4,True
356,340,4,True
360,336,4,True
364,336,4,True
360,340,4,True
352,352,4,True
352,356,4,True
380,404,4,True
364,428,4,True
372,416,4,True
372,420,4,True
364,432,4,True
360,436,4,True
364,436,4,True
356,440,4,True
356,444,4,True
384,220,4,True
412,320,4,True
412,324,4,True
412,328,4,True
408,332,4,True
412,332,4,True
404,340,4,True
404,344,4,True
404,348,4,True
396,364,4,True
396,368,4,True
396,372,4,True
388,384,4,True
388,388,4,True
388,392,4,True
384,396,4,True
388,396,4,True
444,244,4,True
444,248,4,True
440,252,4,True
444,252,4,True
436,264,4,True
436,268,4,True
428,280,4,True
428,284,4,True
428,288,4,True
424,292,4,True
428,292,4,True
420,300,4,True
420,304,4,True
420,308,4,True
476,136,4,True
476,140,4,True
476,144,4,True
472,148,4,True
476,148,4,True
468,160,4,True
468,164,4,True
468,168,4,True
468,172,4,True
460,188,4,True
460,192,4,True
460,196,4,True
460,200,4,True
456,204,4,True
460,204,4,True
452,220,4,True
452,224,4,True
452,228,4,True
452,232,4,True
448,236,4,True
452,236,4,True
508,60,4,True
508,64,4,True
504,68,4,True
508,68,4,True
500,76,4,True
492,92,4,True
500,80,4,True
496,84,4,True
500,84,4,True
492,96,4,True
492,100,4,True
484,112,4,True
484,116,4,True
484,120,4,True
480,124,4,True
484,124,4,True
524,12,4,True
524,16,4,True
524,20,4,True
516,36,4,True
516,40,4,True
516,44,4,True
516,48,4,True
512,52,4,True
516,52,4,True
0,0,2,True
2,0,2,True
0,2,2,False
2,2,2,True
4,0,2,True
6,0,2,True
4,2,2,True
6,2,2,True
0,4,2,False
2,4,2,False
0,6,2,True
2,6,2,True
4,4,2,False
6,4,2,True
4,6,2,False
6,6,2,False
8,0,2,True
10,0,2,True
8,2,2,True
10,2,2,True
12,0,2,True
14,0,2,True
12,2,2,True
14,2,2,True
8,4,2,True
10,4,2,True
8,6,2,True
10,6,2,True
12,4,2,True
14,4,2,True
12,6,2,True
14,6,2,True
0,8,2,True
2,8,2,True
0,10,2,True
2,10,2,True
4,8,2,True
6,8,2,False
4,10,2,True
6,10,2,True
0,12,2,True
2,12,2,True
0,14,2,True
2,14,2,True
4,12,2,True
6,12,2,True
4,14,2,True
6,14,2,True
8,8,2,False
10,8,2,False
8,10,2,True
10,10,2,False
12,8,2,True
14,8,2,True
12,10,2,False
14,10,2,True
8,12,2,True
10,12,2,True
8,14,2,True
10,14,2,True
12,12,2,False
14,12,2,False
12,14,2,True
14,14,2,False
16,0,2,True
18,0,2,True
16,2,2,True
18,2,2,True
20,0,2,False
22,0,2,False
20,2,2,True
22,2,2,False
16,4,2,True
18,4,2,True
16,6,2,True
18,6,2,True
20,4,2,True
22,4,2,True
20,6,2,True
22,6,2,True
24,0,2,True
26,0,2,True
24,2,2,False
26,2,2,False
28,0,2,True
30,0,2,True
28,2,2,True
30,2,2,True
24,4,2,True
26,4,2,False
24,6,2,True
26,6,2,True
28,4,2,False
30,4,2,True
28,6,2,False
30,6,2,False
16,8,2,True
18,8,2,True
16,10,2,True
18,10,2,True
20,8,2,True
22,8,2,True
20,10,2,True
22,10,2,True
16,12,2,True
18,12,2,True
16,14,2,False
18,14,2,False
20,12,2,True
22,12,2,True
20,14,2,True
22,14,2,True
24,8,2,True
26,8,2,True
24,10,2,True
26,10,2,True
28,8,2,True
30,8,2,False
28,10,2,True
30,10,2,True
24,12,2,True
26,12,2,True
24,14,2,True
26,14,2,True
28,12,2,True
30,12,2,True
28,14,2,True
30,14,2,True
0,16,2,True
2,16,2,True
0,18,2,True
2,18,2,True
4,16,2,True
6,16,2,True
4,18,2,True
6,18,2,True
0,20,2,True
2,20,2,True
0,22,2,False
2,22,2,True
4,20,2,True
6,20,2,True
4,22,2,True
6,22,2,True
8,16,2,True
10,16,2,True
8,18,2,True
10,18,2,True
12,16,2,True
14,16,2,True
12,18,2,True
14,18,2,True
8,20,2,True
10,20,2,True
8,22,2,True
10,22,2,True
12,20,2,True
14,20,2,True
12,22,2,True
14,22,2,True
0,24,2,False
2,24,2,False
0,26,2,True
2,26,2,False
4,24,2,True
6,24,2,True
4,26,2,False
6,26,2,True
0,28,2,True
2,28,2,True
0,30,2,True
2,30,2,True
4,28,2,False
6,28,2,False
4,30,2,True
6,30,2,False
8,24,2,True
10,24,2,True
8,26,2,True
10,26,2,True
12,24,2,True
14,24,2,True
12,26,2,True
14,26,2,True
8,28,2,True
10,28,2,True
8,30,2,False
10,30,2,True
12,28,2,True
14,28,2,True
12,30,2,True
14,30,2,True
16,16,2,True
18,16,2,False
16,18,2,True
18,18,2,True
20,16,2,False
22,16,2,True
20,18,2,False
22,18,2,False
16,20,2,True
18,20,2,True
16,22,2,True
18,22,2,True
20,20,2,True
22,20,2,True
20,22,2,True
22,22,2,True
24,16,2,True
26,16,2,True
24,18,2,False
26,18,2,True
28,16,2,True
30,16,2,True
28,18,2,True
30,18,2,True
24,20,2,False
26,20,2,False
24,22,2,True
26,22,2,False
28,20,2,True
30,20,2,True
28,22,2,False
30,22,2,False
16,24,2,True
18,24,2,True
16,26,2,True
18,26,2,True
20,24,2,True
22,24,2,True
20,26,2,True
22,26,2,True
16,28,2,True
18,28,2,True
16,30,2,True
18,30,2,True
20,28,2,True
22,28,2,True
20,30,2,True
22,30,2,True
24,24,2,True
26,24,2,True
24,26,2,True
26,26,2,True
28,24,2,True
30,24,2,False
28,26,2,True
30,26,2,True
24,28,2,True
26,28,2,True
24,30,2,True
26,30,2,True
28,28,2,True
30,28,2,True
28,30,2,True
30,30,2,True
0,32,2,True
2,32,2,True
0,34,2,True
2,34,2,True
4,32,2,True
6,32,2,True
4,34,2,True
6,34,2,True
0,36,2,True
2,36,2,True
0,38,2,True
2,38,2,True
4,36,2,True
6,36,2,True
4,38,2,True
6,38,2,True
8,32,2,False
10,32,2,False
8,34,2,True
10,34,2,False
12,32,2,True
14,32,2,True
12,34,2,False
14,34,2,True
8,36,2,True
10,36,2,True
8,38,2,True
10,38,2,True
12,36,2,False
14,36,2,False
12,38,2,True
14,38,2,False
4,40,2,True
6,40,2,True
4,42,2,True
6,42,2,True
4,44,2,True
6,44,2,True
4,46,2,True
6,46,2,True
8,40,2,True
10,40,2,True
8,42,2,True
10,42,2,True
12,40,2,True
14,40,2,True
12,42,2,True
14,42,2,True
8,44,2,True
10,44,2,True
8,46,2,True
10,46,2,True
12,44,2,True
14,44,2,True
12,46,2,True
14,46,2,True
16,32,2,True
18,32,2,True
16,34,2,True
18,34,2,True
20,32,2,True
22,32,2,True
20,34,2,True
22,34,2,True
16,36,2,True
18,36,2,True
16,38,2,False
18,38,2,True
20,36,2,True
22,36,2,True
20,38,2,True
22,38,2,True
24,32,2,True
26,32,2,True
24,34,2,True
26,34,2,True
28,32,2,True
30,32,2,True
28,34,2,True
30,34,2,True
24,36,2,True
26,36,2,True
24,38,2,True
26,38,2,True
28,36,2,True
30,36,2,True
28,38,2,True
30,38,2,True
16,40,2,False
18,40,2,False
16,42,2,True
18,42,2,False
20,40,2,True
22,40,2,True
20,42,2,False
22,42,2,True
16,44,2,True
18,44,2,True
16,46,2,True
18,46,2,True
20,44,2,False
22,44,2,False
20,46,2,True
22,46,2,False
24,40,2,True
26,40,2,True
24,42,2,True
26,42,2,True
28,40,2,True
30,40,2,True
28,42,2,True
30,42,2,True
24,44,2,True
26,44,2,True
24,46,2,False
26,46,2,True
28,44,2,True
30,44,2,True
28,46,2,True
30,46,2,True
8,48,2,True
10,48,2,True
8,50,2,True
10,50,2,True
12,48,2,True
14,48,2,True
12,50,2,True
14,50,2,True
12,52,2,True
14,52,2,True
12,54,2,True
14,54,2,True
16,48,2,True
18,48,2,True
16,50,2,True
18,50,2,True
20,48,2,True
22,48,2,True
20,50,2,True
22,50,2,True
16,52,2,True
18,52,2,True
16,54,2,True
18,54,2,True
20,52,2,True
22,52,2,True
20,54,2,True
22,54,2,True
24,48,2,False
26,48,2,False
24,50,2,True
26,50,2,False
28,48,2,True
30,48,2,True
28,50,2,False
30,50,2,True
24,52,2,True
26,52,2,True
24,54,2,True
26,54,2,True
28,52,2,False
30,52,2,False
28,54,2,True
30,54,2,False
16,56,2,True
18,56,2,True
16,58,2,True
18,58,2,True
20,56,2,True
22,56,2,True
20,58,2,True
22,58,2,True
20,60,2,True
22,60,2,True
20,62,2,True
22,62,2,True
24,56,2,True
26,56,2,True
24,58,2,True
26,58,2,True
28,56,2,True
30,56,2,True
28,58,2,True
30,58,2,True
24,60,2,True
26,60,2,True
24,62,2,True
26,62,2,True
28,60,2,True
30,60,2,True
28,62,2,True
30,62,2,True
24,64,2,True
26,64,2,True
24,66,2,True
26,66,2,True
28,64,2,True
30,64,2,True
28,66,2,True
30,66,2,True
28,68,2,True
30,68,2,True
28,70,2,True
30,70,2,True
0,96,2,True
2,96,2,True
0,98,2,True
2,98,2,True
0,100,2,True
2,100,2,True
0,102,2,True
2,102,2,True
4,100,2,True
6,100,2,True
4,102,2,True
6,102,2,True
8,100,2,True
10,100,2,True
8,102,2,True
10,102,2,True
0,104,2,True
2,104,2,True
0,106,2,False
2,106,2,True
4,104,2,True
6,104,2,True
4,106,2,True
6,106,2,True
0,108,2,False
2,108,2,False
0,110,2,True
2,110,2,False
4,108,2,True
6,108,2,True
4,110,2,False
6,110,2,False
8,104,2,True
10,104,2,True
8,106,2,True
10,106,2,True
12,104,2,True
14,104,2,True
12,106,2,True
14,106,2,True
8,108,2,True
10,108,2,True
8,110,2,True
10,110,2,True
12,108,2,True
14,108,2,True
12,110,2,True
14,110,2,True
16,108,2,True
18,108,2,True
16,110,2,True
18,110,2,True
0,112,2,True
2,112,2,True
0,114,2,True
2,114,2,True
4,112,2,True
6,112,2,False
4,114,2,True
6,114,2,True
0,116,2,True
2,116,2,True
0,118,2,True
2,118,2,True
4,116,2,True
6,116,2,True
4,118,2,True
6,118,2,True
8,112,2,False
10,112,2,True
8,114,2,False
10,114,2,False
12,112,2,True
14,112,2,True
12,114,2,True
14,114,2,True
8,116,2,True
10,116,2,False
8,118,2,True
10,118,2,True
12,116,2,False
14,116,2,True
12,118,2,False
14,118,2,False
0,120,2,True
2,120,2,True
0,122,2,True
2,122,2,True
4,120,2,True
6,120,2,True
4,122,2,True
6,122,2,True
0,124,2,True
2,124,2,True
0,126,2,True
2,126,2,True
4,124,2,True
6,124,2,True
4,126,2,True
6,126,2,True
8,120,2,True
10,120,2,True
8,122,2,True
10,122,2,True
12,120,2,True
14,120,2,False
12,122,2,True
14,122,2,True
8,124,2,True
10,124,2,True
8,126,2,True
10,126,2,True
12,124,2,True
14,124,2,True
12,126,2,True
14,126,2,True
16,112,2,True
18,112,2,True
16,114,2,True
18,114,2,True
20,112,2,True
22,112,2,True
20,114,2,True
22,114,2,True
16,116,2,True
18,116,2,True
16,118,2,True
18,118,2,True
20,116,2,True
22,116,2,True
20,118,2,True
22,118,2,True
24,116,2,True
26,116,2,True
24,118,2,True
26,118,2,True
16,120,2,False
18,120,2,True
16,122,2,False
18,122,2,False
20,120,2,True
22,120,2,True
20,122,2,True
22,122,2,True
16,124,2,True
18,124,2,False
16,126,2,True
18,126,2,True
20,124,2,False
22,124,2,True
20,126,2,False
22,126,2,False
24,120,2,True
26,120,2,True
24,122,2,True
26,122,2,True
28,120,2,True
30,120,2,True
28,122,2,True
30,122,2,True
24,124,2,True
26,124,2,True
24,126,2,True
26,126,2,True
28,124,2,True
30,124,2,True
28,126,2,True
30,126,2,True
0,128,2,True
2,128,2,True
0,130,2,False
2,130,2,True
4,128,2,True
6,128,2,True
4,130,2,True
6,130,2,True
0,132,2,False
2,132,2,False
0,134,2,True
2,134,2,False
4,132,2,True
6,132,2,True
4,134,2,False
6,134,2,True
8,128,2,True
10,128,2,True
8,130,2,True
10,130,2,True
12,128,2,True
14,128,2,True
12,130,2,True
14,130,2,True
8,132,2,True
10,132,2,True
8,134,2,True
10,134,2,True
12,132,2,True
14,132,2,True
12,134,2,True
14,134,2,True
0,136,2,True
2,136,2,True
0,138,2,True
2,138,2,True
4,136,2,False
6,136,2,False
4,138,2,True
6,138,2,False
0,140,2,True
2,140,2,True
0,142,2,True
2,142,2,True
4,140,2,True
6,140,2,True
4,142,2,True
6,142,2,True
8,136,2,True
10,136,2,True
8,138,2,False
10,138,2,True
12,136,2,True
14,136,2,True
12,138,2,True
14,138,2,True
8,140,2,False
10,140,2,False
8,142,2,True
10,142,2,False
12,140,2,True
14,140,2,True
12,142,2,False
14,142,2,True
16,128,2,True
18,128,2,True
16,130,2,True
18,130,2,True
20,128,2,True
22,128,2,False
20,130,2,True
22,130,2,True
16,132,2,True
18,132,2,True
16,134,2,True
18,134,2,True
20,132,2,True
22,132,2,True
20,134,2,True
22,134,2,True
24,128,2,False
26,128,2,False
24,130,2,True
26,130,2,False
28,128,2,True
30,128,2,True
28,130,2,False
30,130,2,True
24,132,2,True
26,132,2,True
24,134,2,True
26,134,2,True
28,132,2,False
30,132,2,False
28,134,2,True
30,134,2,False
16,136,2,True
18,136,2,True
16,138,2,True
18,138,2,True
20,136,2,True
22,136,2,True
20,138,2,True
22,138,2,True
16,140,2,True
18,140,2,True
16,142,2,True
18,142,2,True
20,140,2,True
22,140,2,True
20,142,2,True
22,142,2,True
24,136,2,True
26,136,2,True
24,138,2,True
26,138,2,True
28,136,2,True
30,136,2,True
28,138,2,True
30,138,2,True
24,140,2,True
26,140,2,True
24,142,2,True
26,142,2,True
28,140,2,True
30,140,2,True
28,142,2,True
30,142,2,True
4,144,2,True
6,144,2,True
4,146,2,True
6,146,2,True
8,144,2,True
10,144,2,True
8,146,2,True
10,146,2,True
12,144,2,False
14,144,2,False
12,146,2,True
14,146,2,True
8,148,2,True
10,148,2,True
8,150,2,True
10,150,2,True
12,148,2,True
14,148,2,True
12,150,2,True
14,150,2,True
12,152,2,True
14,152,2,True
12,154,2,True
14,154,2,True
16,144,2,False
18,144,2,True
16,146,2,False
18,146,2,False
20,144,2,True
22,144,2,True
20,146,2,True
22,146,2,True
16,148,2,True
18,148,2,False
16,150,2,True
18,150,2,True
20,148,2,False
22,148,2,True
20,150,2,False
22,150,2,False
24,144,2,True
26,144,2,True
24,146,2,True
26,146,2,True
28,144,2,True
30,144,2,True
28,146,2,True
30,146,2,True
24,148,2,True
26,148,2,True
24,150,2,True
26,150,2,True
28,148,2,True
30,148,2,True
28,150,2,True
30,150,2,True
16,152,2,True
18,152,2,True
16,154,2,True
18,154,2,True
20,152,2,True
22,152,2,False
20,154,2,True
22,154,2,True
16,156,2,True
18,156,2,True
16,158,2,True
18,158,2,True
20,156,2,True
22,156,2,True
20,158,2,True
22,158,2,True
24,152,2,False
26,152,2,True
24,154,2,False
26,154,2,False
28,152,2,True
30,152,2,True
28,154,2,False
30,154,2,True
24,156,2,True
26,156,2,True
24,158,2,True
26,158,2,True
28,156,2,False
30,156,2,False
28,158,2,True
30,158,2,False
20,160,2,True
22,160,2,True
20,162,2,True
22,162,2,True
24,160,2,True
26,160,2,True
24,162,2,True
26,162,2,True
28,160,2,True
30,160,2,True
28,162,2,True
30,162,2,True
28,164,2,True
30,164,2,True
28,166,2,True
30,166,2,True
28,444,2,True
30,444,2,True
28,446,2,True
30,446,2,True
28,448,2,True
30,448,2,True
28,450,2,True
30,450,2,True
28,452,2,True
30,452,2,True
28,454,2,True
30,454,2,True
28,456,2,True
30,456,2,True
28,458,2,True
30,458,2,True
24,460,2,True
26,460,2,True
24,462,2,True
26,462,2,True
28,460,2,True
30,460,2,False
28,462,2,True
30,462,2,False
24,464,2,True
26,464,2,True
24,466,2,True
26,466,2,True
28,464,2,True
30,464,2,False
28,466,2,True
30,466,2,False
24,468,2,True
26,468,2,True
24,470,2,True
26,470,2,True
28,468,2,False
30,468,2,False
28,470,2,False
30,470,2,True
24,472,2,True
26,472,2,True
24,474,2,True
26,474,2,True
28,472,2,False
30,472,2,True
28,474,2,False
30,474,2,True
24,476,2,True
26,476,2,True
24,478,2,True
26,478,2,True
28,476,2,False
30,476,2,True
28,478,2,False
30,478,2,True
20,484,2,True
22,484,2,True
20,486,2,True
22,486,2,True
24,480,2,True
26,480,2,False
24,482,2,True
26,482,2,False
28,480,2,False
30,480,2,True
28,482,2,True
30,482,2,True
24,484,2,True
26,484,2,False
24,486,2,True
26,486,2,False
28,484,2,True
30,484,2,True
28,486,2,True
30,486,2,True
20,488,2,True
22,488,2,True
20,490,2,True
22,490,2,True
20,492,2,True
22,492,2,True
20,494,2,True
22,494,2,True
24,488,2,True
26,488,2,False
24,490,2,True
26,490,2,False
28,488,2,True
30,488,2,True
28,490,2,True
30,490,2,True
24,492,2,False
26,492,2,False
24,494,2,False
26,494,2,True
28,492,2,True
30,492,2,True
28,494,2,True
30,494,2,True
20,496,2,True
22,496,2,True
20,498,2,True
22,498,2,True
20,500,2,True
22,500,2,True
20,502,2,True
22,502,2,True
24,496,2,False
26,496,2,True
24,498,2,False
26,498,2,True
28,496,2,True
30,496,2,True
28,498,2,True
30,498,2,True
24,500,2,False
26,500,2,True
24,502,2,False
26,502,2,True
28,500,2,True
30,500,2,True
28,502,2,True
30,502,2,True
20,504,2,True
22,504,2,True
20,506,2,True
22,506,2,False
20,508,2,True
22,508,2,False
20,510,2,True
22,510,2,False
24,504,2,False
26,504,2,True
24,506,2,False
26,506,2,True
24,508,2,True
26,508,2,True
24,510,2,True
26,510,2,True
20,512,2,True
22,512,2,False
20,514,2,True
22,514,2,False
16,516,2,True
18,516,2,True
16,518,2,True
18,518,2,True
20,516,2,True
22,516,2,False
20,518,2,True
22,518,2,False
24,512,2,True
26,512,2,True
24,514,2,True
26,514,2,True
24,516,2,True
26,516,2,True
24,518,2,True
26,518,2,True
16,520,2,True
18,520,2,True
16,522,2,True
18,522,2,True
20,520,2,True
22,520,2,False
20,522,2,True
22,522,2,False
16,524,2,True
18,524,2,True
16,526,2,True
18,526,2,True
20,524,2,True
22,524,2,False
20,526,2,False
22,526,2,False
24,520,2,True
26,520,2,True
24,522,2,True
26,522,2,True
24,524,2,True
26,524,2,True
24,526,2,True
26,526,2,True
16,528,2,True
18,528,2,True
16,530,2,True
18,530,2,True
20,528,2,False
22,528,2,True
20,530,2,False
22,530,2,True
16,532,2,True
18,532,2,True
16,534,2,True
18,534,2,True
20,532,2,False
22,532,2,True
20,534,2,False
22,534,2,True
24,528,2,True
26,528,2,True
24,530,2,True
26,530,2,True
24,532,2,True
26,532,2,True
24,534,2,True
26,534,2,True
16,536,2,True
18,536,2,True
16,538,2,True
18,538,2,True
20,536,2,False
22,536,2,True
20,538,2,False
22,538,2,True
16,540,2,True
18,540,2,True
16,542,2,True
18,542,2,True
20,540,2,False
22,540,2,True
20,542,2,False
22,542,2,True
16,544,2,True
18,544,2,True
16,546,2,True
18,546,2,False
20,544,2,False
22,544,2,True
20,546,2,False
22,546,2,True
16,548,2,True
18,548,2,False
16,550,2,True
18,550,2,False
20,548,2,True
22,548,2,True
20,550,2,True
22,550,2,True
16,552,2,True
18,552,2,False
16,554,2,True
18,554,2,False
20,552,2,True
22,552,2,True
20,554,2,True
22,554,2,True
16,556,2,True
18,556,2,False
16,558,2,True
18,558,2,False
20,556,2,True
22,556,2,True
20,558,2,True
22,558,2,True
12,564,2,True
14,564,2,True
12,566,2,True
14,566,2,True
12,568,2,True
14,568,2,True
12,570,2,True
14,570,2,True
12,572,2,True
14,572,2,True
12,574,2,True
14,574,2,True
16,560,2,True
18,560,2,False
16,562,2,True
18,562,2,False
20,560,2,True
22,560,2,True
20,562,2,True
22,562,2,True
16,564,2,True
18,564,2,False
16,566,2,True
18,566,2,False
20,564,2,True
22,564,2,True
20,566,2,True
22,566,2,True
16,568,2,True
18,568,2,False
16,570,2,True
18,570,2,False
20,568,2,True
22,568,2,True
20,570,2,True
22,570,2,True
16,572,2,True
18,572,2,False
16,574,2,False
18,574,2,False
20,572,2,True
22,572,2,True
20,574,2,True
22,574,2,True
12,576,2,True
14,576,2,True
12,578,2,True
14,578,2,True
12,580,2,True
14,580,2,True
12,582,2,True
14,582,2,True
12,584,2,True
14,584,2,True
12,586,2,True
14,586,2,True
12,588,2,True
14,588,2,True
12,590,2,True
14,590,2,True
16,576,2,False
18,576,2,True
16,578,2,False
18,578,2,True
20,576,2,True
22,576,2,True
20,578,2,True
22,578,2,True
16,580,2,False
18,580,2,True
16,582,2,False
18,582,2,True
20,580,2,True
22,580,2,True
20,582,2,True
22,582,2,True
16,584,2,False
18,584,2,True
16,586,2,False
18,586,2,True
20,584,2,True
22,584,2,True
20,586,2,True
22,586,2,True
16,588,2,False
18,588,2,True
16,590,2,False
18,590,2,True
12,592,2,True
14,592,2,True
12,594,2,True
14,594,2,True
12,596,2,True
14,596,2,True
12,598,2,True
14,598,2,True
12,600,2,True
14,600,2,True
12,602,2,True
14,602,2,True
12,604,2,True
14,604,2,True
12,606,2,True
14,606,2,False
16,592,2,False
18,592,2,True
16,594,2,False
18,594,2,True
16,596,2,False
18,596,2,True
16,598,2,False
18,598,2,True
16,600,2,False
18,600,2,True
16,602,2,False
18,602,2,True
16,604,2,False
18,604,2,True
16,606,2,False
18,606,2,True
12,608,2,True
14,608,2,False
12,610,2,True
14,610,2,False
12,612,2,True
14,612,2,False
12,614,2,True
14,614,2,False
12,616,2,True
14,616,2,False
12,618,2,True
14,618,2,False
12,620,2,True
14,620,2,False
12,622,2,True
14,622,2,False
16,608,2,True
18,608,2,True
16,610,2,True
18,610,2,True
16,612,2,True
18,612,2,True
16,614,2,True
18,614,2,True
16,616,2,True
18,616,2,True
16,618,2,True
18,618,2,True
16,620,2,True
18,620,2,True
16,622,2,True
18,622,2,True
12,624,2,True
14,624,2,False
12,626,2,True
14,626,2,False
12,628,2,True
14,628,2,False
12,630,2,True
14,630,2,False
8,632,2,True
10,632,2,True
8,634,2,True
10,634,2,True
12,632,2,True
14,632,2,False
12,634,2,True
14,634,2,False
8,636,2,True
10,636,2,True
8,638,2,True
10,638,2,True
12,636,2,True
14,636,2,False
12,638,2,True
14,638,2,False
16,624,2,True
18,624,2,True
16,626,2,True
18,626,2,True
16,628,2,True
18,628,2,True
16,630,2,True
18,630,2,True
16,632,2,True
18,632,2,True
16,634,2,True
18,634,2,True
16,636,2,True
18,636,2,True
16,638,2,True
18,638,2,True
32,0,2,True
34,0,2,True
32,2,2,True
34,2,2,True
36,0,2,True
38,0,2,True
36,2,2,True
38,2,2,True
32,4,2,True
34,4,2,True
32,6,2,True
34,6,2,True
36,4,2,True
38,4,2,True
36,6,2,True
38,6,2,True
40,0,2,True
42,0,2,True
40,2,2,True
42,2,2,True
44,0,2,True
46,0,2,True
44,2,2,True
46,2,2,True
40,4,2,True
42,4,2,True
40,6,2,True
42,6,2,True
44,4,2,True
46,4,2,True
44,6,2,True
46,6,2,True
32,8,2,False
34,8,2,True
32,10,2,False
34,10,2,False
36,8,2,True
38,8,2,True
36,10,2,False
38,10,2,True
32,12,2,True
34,12,2,True
32,14,2,True
34,14,2,True
36,12,2,False
38,12,2,False
36,14,2,True
38,14,2,False
40,8,2,True
42,8,2,True
40,10,2,True
42,10,2,True
44,8,2,True
46,8,2,True
44,10,2,True
46,10,2,True
40,12,2,True
42,12,2,True
40,14,2,False
42,14,2,True
44,12,2,True
46,12,2,True
44,14,2,True
46,14,2,True
48,0,2,True
50,0,2,True
48,2,2,True
50,2,2,True
52,0,2,True
54,0,2,True
52,2,2,True
54,2,2,True
48,4,2,True
50,4,2,True
48,6,2,True
50,6,2,True
52,4,2,True
54,4,2,True
52,6,2,True
54,6,2,True
56,0,2,False
58,0,2,False
56,2,2,True
58,2,2,False
60,0,2,True
62,0,2,True
60,2,2,False
62,2,2,False
56,4,2,True
58,4,2,True
56,6,2,True
58,6,2,True
60,4,2,True
62,4,2,False
60,6,2,True
62,6,2,True
48,8,2,True
50,8,2,True
48,10,2,True
50,10,2,True
52,8,2,True
54,8,2,True
52,10,2,True
54,10,2,True
48,12,2,True
50,12,2,True
48,14,2,True
50,14,2,True
52,12,2,True
54,12,2,True
52,14,2,True
54,14,2,True
56,8,2,True
58,8,2,True
56,10,2,True
58,10,2,True
60,8,2,True
62,8,2,True
60,10,2,True
62,10,2,True
56,12,2,True
58,12,2,True
56,14,2,True
58,14,2,True
60,12,2,True
62,12,2,True
60,14,2,True
62,14,2,True
32,16,2,True
34,16,2,True
32,18,2,True
34,18,2,True
36,16,2,True
38,16,2,True
36,18,2,True
38,18,2,True
32,20,2,True
34,20,2,True
32,22,2,True
34,22,2,True
36,20,2,True
38,20,2,True
36,22,2,True
38,22,2,True
40,16,2,False
42,16,2,False
40,18,2,True
42,18,2,True
44,16,2,False
46,16,2,True
44,18,2,False
46,18,2,False
40,20,2,True
42,20,2,True
40,22,2,True
42,22,2,True
44,20,2,True
46,20,2,False
44,22,2,True
46,22,2,True
32,24,2,False
34,24,2,True
32,26,2,False
34,26,2,False
36,24,2,True
38,24,2,True
36,26,2,False
38,26,2,True
32,28,2,True
34,28,2,True
32,30,2,True
34,30,2,True
36,28,2,False
38,28,2,False
36,30,2,True
38,30,2,False
40,24,2,True
42,24,2,True
40,26,2,True
42,26,2,True
44,24,2,True
46,24,2,True
44,26,2,True
46,26,2,True
40,28,2,True
42,28,2,True
40,30,2,False
42,30,2,False
44,28,2,True
46,28,2,True
44,30,2,True
46,30,2,True
48,16,2,True
50,16,2,True
48,18,2,True
50,18,2,True
52,16,2,True
54,16,2,True
52,18,2,True
54,18,2,True
48,20,2,False
50,20,2,True
48,22,2,False
50,22,2,False
52,20,2,True
54,20,2,True
52,22,2,False
54,22,2,True
56,16,2,True
58,16,2,True
56,18,2,True
58,18,2,True
60,16,2,True
62,16,2,True
60,18,2,True
62,18,2,True
56,20,2,True
58,20,2,True
56,22,2,True
58,22,2,True
60,20,2,True
62,20,2,True
60,22,2,True
62,22,2,True
48,24,2,True
50,24,2,True
48,26,2,True
50,26,2,True
52,24,2,False
54,24,2,False
52,26,2,True
54,26,2,False
48,28,2,True
50,28,2,True
48,30,2,True
50,30,2,True
52,28,2,True
54,28,2,True
52,30,2,True
54,30,2,True
56,24,2,True
58,24,2,True
56,26,2,False
58,26,2,False
60,24,2,True
62,24,2,True
60,26,2,True
62,26,2,True
56,28,2,True
58,28,2,False
56,30,2,True
58,30,2,True
60,28,2,False
62,28,2,True
60,30,2,False
62,30,2,False
32,32,2,True
34,32,2,True
32,34,2,True
34,34,2,True
36,32,2,True
38,32,2,True
36,34,2,True
38,34,2,True
32,36,2,True
34,36,2,True
32,38,2,True
34,38,2,True
36,36,2,True
38,36,2,True
36,38,2,True
38,38,2,True
40,32,2,True
42,32,2,False
40,34,2,True
42,34,2,True
44,32,2,False
46,32,2,True
44,34,2,False
46,34,2,False
40,36,2,True
42,36,2,True
40,38,2,True
42,38,2,True
44,36,2,True
46,36,2,True
44,38,2,True
46,38,2,True
32,40,2,True
34,40,2,True
32,42,2,True
34,42,2,True
36,40,2,True
38,40,2,True
36,42,2,True
38,42,2,True
32,44,2,True
34,44,2,True
32,46,2,True
34,46,2,True
36,44,2,True
38,44,2,True
36,46,2,True
38,46,2,True
40,40,2,True
42,40,2,True
40,42,2,True
42,42,2,True
44,40,2,True
46,40,2,True
44,42,2,True
46,42,2,True
40,44,2,True
42,44,2,True
40,46,2,True
42,46,2,True
44,44,2,True
46,44,2,True
44,46,2,True
46,46,2,True
48,32,2,True
50,32,2,True
48,34,2,False
50,34,2,True
52,32,2,True
54,32,2,True
52,34,2,True
54,34,2,True
48,36,2,False
50,36,2,False
48,38,2,True
50,38,2,False
52,36,2,True
54,36,2,True
52,38,2,False
54,38,2,False
56,32,2,True
58,32,2,True
56,34,2,True
58,34,2,True
60,32,2,True
62,32,2,False
60,34,2,True
62,34,2,True
56,36,2,True
58,36,2,True
56,38,2,True
58,38,2,True
60,36,2,True
62,36,2,True
60,38,2,True
62,38,2,True
48,40,2,True
50,40,2,True
48,42,2,True
50,42,2,True
52,40,2,True
54,40,2,False
52,42,2,True
54,42,2,True
48,44,2,True
50,44,2,True
48,46,2,True
50,46,2,True
52,44,2,True
54,44,2,True
52,46,2,True
54,46,2,True
56,40,2,False
58,40,2,True
56,42,2,False
58,42,2,False
60,40,2,True
62,40,2,True
60,42,2,False
62,42,2,True
56,44,2,True
58,44,2,True
56,46,2,True
58,46,2,True
60,44,2,False
62,44,2,False
60,46,2,True
62,46,2,True
32,48,2,True
34,48,2,True
32,50,2,True
34,50,2,True
36,48,2,True
38,48,2,True
36,50,2,True
38,50,2,True
32,52,2,True
34,52,2,True
32,54,2,False
34,54,2,True
36,52,2,True
38,52,2,True
36,54,2,True
38,54,2,True
40,48,2,True
42,48,2,True
40,50,2,True
42,50,2,True
44,48,2,True
46,48,2,True
44,50,2,True
46,50,2,True
40,52,2,True
42,52,2,True
40,54,2,True
42,54,2,True
44,52,2,True
46,52,2,True
44,54,2,True
46,54,2,True
32,56,2,False
34,56,2,False
32,58,2,True
34,58,2,False
36,56,2,True
38,56,2,True
36,58,2,False
38,58,2,True
32,60,2,True
34,60,2,True
32,62,2,True
34,62,2,True
36,60,2,False
38,60,2,False
36,62,2,True
38,62,2,False
40,56,2,True
42,56,2,True
40,58,2,True
42,58,2,True
44,56,2,True
46,56,2,True
44,58,2,True
46,58,2,True
40,60,2,True
42,60,2,True
40,62,2,False
42,62,2,True
44,60,2,True
46,60,2,True
44,62,2,True
46,62,2,True
48,48,2,True
50,48,2,True
48,50,2,True
50,50,2,True
52,48,2,True
54,48,2,True
52,50,2,True
54,50,2,True
48,52,2,True
50,52,2,True
48,54,2,True
50,54,2,True
52,52,2,True
54,52,2,True
52,54,2,True
54,54,2,True
56,48,2,True
58,48,2,True
56,50,2,True
58,50,2,True
60,48,2,True
62,48,2,True
60,50,2,True
62,50,2,True
56,52,2,True
58,52,2,True
56,54,2,True
58,54,2,True
60,52,2,True
62,52,2,True
60,54,2,True
62,54,2,True
48,56,2,True
50,56,2,True
48,58,2,True
50,58,2,True
52,56,2,True
54,56,2,True
52,58,2,True
54,58,2,True
48,60,2,True
50,60,2,True
48,62,2,True
50,62,2,True
52,60,2,True
54,60,2,True
52,62,2,True
54,62,2,True
56,56,2,True
58,56,2,True
56,58,2,True
58,58,2,True
60,56,2,True
62,56,2,True
60,58,2,True
62,58,2,True
56,60,2,True
58,60,2,True
56,62,2,True
58,62,2,True
60,60,2,True
62,60,2,True
60,62,2,True
62,62,2,True
32,64,2,True
34,64,2,True
32,66,2,True
34,66,2,True
36,64,2,True
38,64,2,True
36,66,2,True
38,66,2,True
32,68,2,True
34,68,2,True
32,70,2,True
34,70,2,True
36,68,2,True
38,68,2,True
36,70,2,True
38,70,2,True
40,64,2,False
42,64,2,False
40,66,2,True
42,66,2,False
44,64,2,True
46,64,2,True
44,66,2,False
46,66,2,True
40,68,2,True
42,68,2,True
40,70,2,True
42,70,2,True
44,68,2,False
46,68,2,False
44,70,2,True
46,70,2,False
36,72,2,True
38,72,2,True
36,74,2,True
38,74,2,True
40,72,2,True
42,72,2,True
40,74,2,True
42,74,2,True
44,72,2,True
46,72,2,True
44,74,2,True
46,74,2,True
40,76,2,True
42,76,2,True
40,78,2,True
42,78,2,True
44,76,2,True
46,76,2,True
44,78,2,True
46,78,2,True
48,64,2,True
50,64,2,True
48,66,2,True
50,66,2,True
52,64,2,True
54,64,2,True
52,66,2,True
54,66,2,True
48,68,2,True
50,68,2,True
48,70,2,False
50,70,2,False
52,68,2,True
54,68,2,True
52,70,2,True
54,70,2,True
56,64,2,True
58,64,2,True
56,66,2,True
58,66,2,True
60,64,2,True
62,64,2,True
60,66,2,True
62,66,2,True
56,68,2,True
58,68,2,True
56,70,2,True
58,70,2,True
60,68,2,True
62,68,2,True
60,70,2,True
62,70,2,True
48,72,2,True
50,72,2,False
48,74,2,True
50,74,2,True
52,72,2,False
54,72,2,True
52,74,2,False
54,74,2,False
48,76,2,True
50,76,2,True
48,78,2,True
50,78,2,True
52,76,2,True
54,76,2,False
52,78,2,True
54,78,2,True
56,72,2,True
58,72,2,True
56,74,2,True
58,74,2,True
60,72,2,True
62,72,2,True
60,74,2,True
62,74,2,True
56,76,2,False
58,76,2,True
56,78,2,False
58,78,2,False
60,76,2,True
62,76,2,True
60,78,2,True
62,78,2,True
44,80,2,True
46,80,2,True
44,82,2,True
46,82,2,True
48,80,2,True
50,80,2,True
48,82,2,True
50,82,2,True
52,80,2,True
54,80,2,True
52,82,2,True
54,82,2,True
48,84,2,True
50,84,2,True
48,86,2,True
50,86,2,True
52,84,2,True
54,84,2,True
52,86,2,True
54,86,2,True
56,80,2,True
58,80,2,False
56,82,2,True
58,82,2,True
60,80,2,False
62,80,2,True
60,82,2,False
62,82,2,False
56,84,2,True
58,84,2,True
56,86,2,True
58,86,2,True
60,84,2,True
62,84,2,True
60,86,2,True
62,86,2,True
52,88,2,True
54,88,2,True
52,90,2,True
54,90,2,True
56,88,2,True
58,88,2,True
56,90,2,True
58,90,2,True
60,88,2,True
62,88,2,True
60,90,2,True
62,90,2,True
56,92,2,True
58,92,2,True
56,94,2,True
58,94,2,True
60,92,2,True
62,92,2,True
60,94,2,True
62,94,2,True
60,96,2,True
62,96,2,True
60,98,2,True
62,98,2,True
32,124,2,True
34,124,2,True
32,126,2,True
34,126,2,True
32,128,2,True
34,128,2,True
32,130,2,True
34,130,2,True
36,128,2,True
38,128,2,True
36,130,2,True
38,130,2,True
32,132,2,True
34,132,2,True
32,134,2,False
34,134,2,True
36,132,2,True
38,132,2,True
36,134,2,True
38,134,2,True
40,128,2,True
42,128,2,True
40,130,2,True
42,130,2,True
40,132,2,True
42,132,2,True
40,134,2,True
42,134,2,True
44,132,2,True
46,132,2,True
44,134,2,True
46,134,2,True
32,136,2,False
34,136,2,False
32,138,2,True
34,138,2,False
36,136,2,True
38,136,2,True
36,138,2,False
38,138,2,True
32,140,2,True
34,140,2,True
32,142,2,True
34,142,2,True
36,140,2,False
38,140,2,False
36,142,2,True
38,142,2,True
40,136,2,True
42,136,2,True
40,138,2,True
42,138,2,True
44,136,2,True
46,136,2,True
44,138,2,True
46,138,2,True
40,140,2,False
42,140,2,True
40,142,2,False
42,142,2,False
44,140,2,True
46,140,2,True
44,142,2,True
46,142,2,True
48,136,2,True
50,136,2,True
48,138,2,True
50,138,2,True
48,140,2,True
50,140,2,True
48,142,2,True
50,142,2,True
52,140,2,True
54,140,2,True
52,142,2,True
54,142,2,True
32,144,2,True
34,144,2,True
32,146,2,True
34,146,2,True
36,144,2,True
38,144,2,True
36,146,2,True
38,146,2,True
32,148,2,True
34,148,2,True
32,150,2,True
34,150,2,True
36,148,2,True
38,148,2,True
36,150,2,True
38,150,2,True
40,144,2,True
42,144,2,False
40,146,2,True
42,146,2,True
44,144,2,False
46,144,2,True
44,146,2,False
46,146,2,False
40,148,2,True
42,148,2,True
40,150,2,True
42,150,2,True
44,148,2,True
46,148,2,False
44,150,2,True
46,150,2,True
32,152,2,True
34,152,2,True
32,154,2,True
34,154,2,True
36,152,2,True
38,152,2,True
36,154,2,True
38,154,2,True
32,156,2,True
34,156,2,True
32,158,2,False
34,158,2,True
36,156,2,True
38,156,2,True
36,158,2,True
38,158,2,True
40,152,2,True
42,152,2,True
40,154,2,True
42,154,2,True
44,152,2,True
46,152,2,True
44,154,2,True
46,154,2,True
40,156,2,True
42,156,2,True
40,158,2,True
42,158,2,True
44,156,2,True
46,156,2,True
44,158,2,True
46,158,2,True
48,144,2,True
50,144,2,True
48,146,2,True
50,146,2,True
52,144,2,True
54,144,2,True
52,146,2,True
54,146,2,True
48,148,2,False
50,148,2,True
48,150,2,False
50,150,2,False
52,148,2,True
54,148,2,True
52,150,2,False
54,150,2,True
56,144,2,True
58,144,2,True
56,146,2,True
58,146,2,True
60,144,2,True
62,144,2,True
60,146,2,True
62,146,2,True
56,148,2,True
58,148,2,True
56,150,2,True
58,150,2,True
60,148,2,True
62,148,2,True
60,150,2,True
62,150,2,True
48,152,2,True
50,152,2,True
48,154,2,True
50,154,2,True
52,152,2,False
54,152,2,False
52,154,2,True
54,154,2,False
48,156,2,True
50,156,2,True
48,158,2,True
50,158,2,True
52,156,2,True
54,156,2,True
52,158,2,True
54,158,2,True
56,152,2,True
58,152,2,True
56,154,2,False
58,154,2,True
60,152,2,True
62,152,2,True
60,154,2,True
62,154,2,True
56,156,2,False
58,156,2,False
56,158,2,True
58,158,2,False
60,156,2,True
62,156,2,True
60,158,2,False
62,158,2,False
32,160,2,False
34,160,2,False
32,162,2,True
34,162,2,False
36,160,2,True
38,160,2,True
36,162,2,False
38,162,2,True
32,164,2,True
34,164,2,True
32,166,2,True
34,166,2,True
36,164,2,False
38,164,2,False
36,166,2,True
38,166,2,True
40,160,2,True
42,160,2,True
40,162,2,True
42,162,2,True
44,160,2,True
46,160,2,True
44,162,2,True
46,162,2,True
40,164,2,False
42,164,2,True
40,166,2,False
42,166,2,False
44,164,2,True
46,164,2,True
44,166,2,True
46,166,2,True
32,168,2,True
34,168,2,True
32,170,2,True
34,170,2,True
36,168,2,True
38,168,2,True
36,170,2,True
38,170,2,True
36,172,2,True
38,172,2,True
36,174,2,True
38,174,2,True
40,168,2,True
42,168,2,False
40,170,2,True
42,170,2,True
44,168,2,False
46,168,2,True
44,170,2,False
46,170,2,False
40,172,2,True
42,172,2,True
40,174,2,True
42,174,2,True
44,172,2,True
46,172,2,True
44,174,2,True
46,174,2,True
48,160,2,True
50,160,2,True
48,162,2,True
50,162,2,True
52,160,2,True
54,160,2,True
52,162,2,True
54,162,2,True
48,164,2,True
50,164,2,True
48,166,2,True
50,166,2,True
52,164,2,True
54,164,2,True
52,166,2,True
54,166,2,True
56,160,2,True
58,160,2,True
56,162,2,True
58,162,2,True
60,160,2,True
62,160,2,False
60,162,2,True
62,162,2,True
56,164,2,True
58,164,2,True
56,166,2,True
58,166,2,True
60,164,2,True
62,164,2,True
60,166,2,True
62,166,2,True
48,168,2,True
50,168,2,True
48,170,2,False
50,170,2,True
52,168,2,True
54,168,2,True
52,170,2,True
54,170,2,True
48,172,2,False
50,172,2,False
48,174,2,True
50,174,2,False
52,172,2,True
54,172,2,True
52,174,2,False
54,174,2,True
56,168,2,True
58,168,2,True
56,170,2,True
58,170,2,True
60,168,2,True
62,168,2,True
60,170,2,True
62,170,2,True
56,172,2,True
58,172,2,True
56,174,2,True
58,174,2,True
60,172,2,True
62,172,2,True
60,174,2,True
62,174,2,True
40,176,2,True
42,176,2,True
40,178,2,True
42,178,2,True
44,176,2,True
46,176,2,True
44,178,2,True
46,178,2,True
48,176,2,True
50,176,2,True
48,178,2,True
50,178,2,True
52,176,2,False
54,176,2,False
52,178,2,True
54,178,2,False
48,180,2,True
50,180,2,True
48,182,2,True
50,182,2,True
52,180,2,True
54,180,2,True
52,182,2,True
54,182,2,True
56,176,2,True
58,176,2,True
56,178,2,False
58,178,2,False
60,176,2,True
62,176,2,True
60,178,2,True
62,178,2,True
56,180,2,True
58,180,2,False
56,182,2,True
58,182,2,True
60,180,2,False
62,180,2,True
60,182,2,False
62,182,2,False
52,184,2,True
54,184,2,True
52,186,2,True
54,186,2,True
56,184,2,True
58,184,2,True
56,186,2,True
58,186,2,True
60,184,2,True
62,184,2,False
60,186,2,True
62,186,2,True
56,188,2,True
58,188,2,True
56,190,2,True
58,190,2,True
60,188,2,True
62,188,2,True
60,190,2,True
62,190,2,True
60,192,2,True
62,192,2,True
60,194,2,True
62,194,2,True
56,396,2,True
58,396,2,True
56,398,2,True
58,398,2,True
60,396,2,True
62,396,2,True
60,398,2,True
62,398,2,True
44,408,2,True
46,408,2,True
44,410,2,True
46,410,2,True
40,412,2,True
42,412,2,True
40,414,2,True
42,414,2,True
44,412,2,True
46,412,2,True
44,414,2,True
46,414,2,True
52,400,2,True
54,400,2,True
52,402,2,True
54,402,2,True
48,404,2,True
50,404,2,True
48,406,2,True
50,406,2,True
52,404,2,True
54,404,2,True
52,406,2,True
54,406,2,True
56,400,2,True
58,400,2,True
56,402,2,True
58,402,2,True
60,400,2,True
62,400,2,True
60,402,2,True
62,402,2,True
56,404,2,True
58,404,2,True
56,406,2,True
58,406,2,False
60,404,2,True
62,404,2,False
60,406,2,False
62,406,2,False
48,408,2,True
50,408,2,True
48,410,2,True
50,410,2,True
52,408,2,True
54,408,2,True
52,410,2,False
54,410,2,False
48,412,2,True
50,412,2,True
48,414,2,True
50,414,2,False
52,412,2,False
54,412,2,True
52,414,2,False
54,414,2,True
56,408,2,False
58,408,2,False
56,410,2,False
58,410,2,True
60,408,2,True
62,408,2,True
60,410,2,True
62,410,2,True
56,412,2,True
58,412,2,True
56,414,2,True
58,414,2,True
60,412,2,True
62,412,2,True
60,414,2,True
62,414,2,True
36,420,2,True
38,420,2,True
36,422,2,True
38,422,2,True
40,416,2,True
42,416,2,True
40,418,2,True
42,418,2,True
44,416,2,True
46,416,2,True
44,418,2,True
46,418,2,False
40,420,2,True
42,420,2,True
40,422,2,True
42,422,2,True
44,420,2,True
46,420,2,False
44,422,2,False
46,422,2,False
36,424,2,True
38,424,2,True
36,426,2,True
38,426,2,True
36,428,2,True
38,428,2,True
36,430,2,True
38,430,2,True
40,424,2,True
42,424,2,False
40,426,2,True
42,426,2,False
44,424,2,False
46,424,2,True
44,426,2,True
46,426,2,True
40,428,2,False
42,428,2,False
40,430,2,False
42,430,2,True
44,428,2,True
46,428,2,True
44,430,2,True
46,430,2,True
48,416,2,False
50,416,2,False
48,418,2,False
50,418,2,True
52,416,2,True
54,416,2,True
52,418,2,True
54,418,2,True
48,420,2,True
50,420,2,True
48,422,2,True
50,422,2,True
52,420,2,True
54,420,2,True
52,422,2,True
54,422,2,True
56,416,2,True
58,416,2,True
56,418,2,True
58,418,2,True
48,424,2,True
50,424,2,True
48,426,2,True
50,426,2,True
48,428,2,True
50,428,2,True
48,430,2,True
50,430,2,True
32,432,2,True
34,432,2,True
32,434,2,True
34,434,2,True
36,432,2,True
38,432,2,True
36,434,2,True
38,434,2,False
32,436,2,True
34,436,2,True
32,438,2,True
34,438,2,True
36,436,2,True
38,436,2,False
36,438,2,False
38,438,2,False
40,432,2,False
42,432,2,True
40,434,2,False
42,434,2,True
44,432,2,True
46,432,2,True
44,434,2,True
46,434,2,True
40,436,2,True
42,436,2,True
40,438,2,True
42,438,2,True
44,436,2,True
46,436,2,True
44,438,2,True
46,438,2,True
32,440,2,True
34,440,2,True
32,442,2,True
34,442,2,True
36,440,2,False
38,440,2,True
36,442,2,False
38,442,2,True
32,444,2,True
34,444,2,False
32,446,2,True
34,446,2,False
36,444,2,False
38,444,2,True
36,446,2,True
38,446,2,True
40,440,2,True
42,440,2,True
40,442,2,True
42,442,2,True
40,444,2,True
42,444,2,True
40,446,2,True
42,446,2,True
32,448,2,True
34,448,2,False
32,450,2,True
34,450,2,False
36,448,2,True
38,448,2,True
36,450,2,True
38,450,2,True
32,452,2,False
34,452,2,False
32,454,2,False
34,454,2,True
36,452,2,True
38,452,2,True
36,454,2,True
38,454,2,True
32,456,2,False
34,456,2,True
32,458,2,False
34,458,2,True
36,456,2,True
38,456,2,True
36,458,2,True
38,458,2,True
32,460,2,False
34,460,2,True
32,462,2,True
34,462,2,True
32,464,2,True
34,464,2,True
32,466,2,True
34,466,2,True
32,468,2,True
34,468,2,True
32,470,2,True
34,470,2,True
32,472,2,True
34,472,2,True
32,474,2,True
34,474,2,True
32,476,2,True
34,476,2,True
32,478,2,True
34,478,2,True
64,0,2,True
66,0,2,True
64,2,2,True
66,2,2,True
68,0,2,True
70,0,2,True
68,2,2,True
70,2,2,True
64,4,2,False
66,4,2,True
64,6,2,False
66,6,2,False
68,4,2,True
70,4,2,True
68,6,2,True
70,6,2,True
72,0,2,True
74,0,2,True
72,2,2,True
74,2,2,True
76,0,2,True
78,0,2,True
76,2,2,True
78,2,2,True
72,4,2,True
74,4,2,True
72,6,2,True
74,6,2,True
76,4,2,True
78,4,2,True
76,6,2,True
78,6,2,True
64,8,2,True
66,8,2,False
64,10,2,True
66,10,2,True
68,8,2,False
70,8,2,False
68,10,2,True
70,10,2,False
64,12,2,True
66,12,2,True
64,14,2,True
66,14,2,True
68,12,2,True
70,12,2,True
68,14,2,True
70,14,2,True
72,8,2,True
74,8,2,True
72,10,2,False
74,10,2,True
76,8,2,True
78,8,2,True
76,10,2,True
78,10,2,True
72,12,2,False
74,12,2,False
72,14,2,True
74,14,2,False
76,12,2,True
78,12,2,True
76,14,2,False
78,14,2,False
80,0,2,True
82,0,2,True
80,2,2,True
82,2,2,True
84,0,2,True
86,0,2,True
84,2,2,True
86,2,2,True
80,4,2,True
82,4,2,True
80,6,2,True
82,6,2,True
84,4,2,True
86,4,2,True
84,6,2,True
86,6,2,True
88,0,2,True
90,0,2,True
88,2,2,True
90,2,2,True
92,0,2,True
94,0,2,True
92,2,2,True
94,2,2,True
88,4,2,True
90,4,2,True
88,6,2,True
90,6,2,True
92,4,2,True
94,4,2,True
92,6,2,True
94,6,2,True
80,8,2,True
82,8,2,True
80,10,2,True
82,10,2,True
84,8,2,True
86,8,2,True
84,10,2,True
86,10,2,True
80,12,2,True
82,12,2,True
80,14,2,True
82,14,2,True
84,12,2,True
86,12,2,True
84,14,2,True
86,14,2,True
88,8,2,True
90,8,2,True
88,10,2,True
90,10,2,True
92,8,2,True
94,8,2,True
92,10,2,True
94,10,2,True
88,12,2,True
90,12,2,True
88,14,2,True
90,14,2,True
92,12,2,True
94,12,2,True
92,14,2,True
94,14,2,True
64,16,2,True
66,16,2,True
64,18,2,True
66,18,2,True
68,16,2,True
70,16,2,True
68,18,2,True
70,18,2,True
64,20,2,True
66,20,2,True
64,22,2,True
66,22,2,True
68,20,2,True
70,20,2,True
68,22,2,True
70,22,2,True
72,16,2,True
74,16,2,True
72,18,2,True
74,18,2,True
76,16,2,True
78,16,2,False
76,18,2,True
78,18,2,True
72,20,2,True
74,20,2,True
72,22,2,True
74,22,2,True
76,20,2,True
78,20,2,True
76,22,2,True
78,22,2,True
64,24,2,True
66,24,2,True
64,26,2,True
66,26,2,True
68,24,2,True
70,24,2,True
68,26,2,True
70,26,2,True
64,28,2,True
66,28,2,True
64,30,2,True
66,30,2,True
68,28,2,True
70,28,2,True
68,30,2,True
70,30,2,True
72,24,2,True
74,24,2,True
72,26,2,True
74,26,2,True
76,24,2,True
78,24,2,True
76,26,2,True
78,26,2,True
72,28,2,True
74,28,2,True
72,30,2,True
74,30,2,True
76,28,2,True
78,28,2,True
76,30,2,True
78,30,2,True
80,16,2,False
82,16,2,True
80,18,2,False
82,18,2,False
84,16,2,True
86,16,2,True
84,18,2,False
86,18,2,True
80,20,2,True
82,20,2,True
80,22,2,True
82,22,2,True
84,20,2,False
86,20,2,False
84,22,2,True
86,22,2,False
88,16,2,True
90,16,2,True
88,18,2,True
90,18,2,True
92,16,2,True
94,16,2,True
92,18,2,True
94,18,2,True
88,20,2,True
90,20,2,True
88,22,2,False
90,22,2,False
92,20,2,True
94,20,2,True
92,22,2,True
94,22,2,True
80,24,2,True
82,24,2,True
80,26,2,True
82,26,2,True
84,24,2,True
86,24,2,True
84,26,2,True
86,26,2,True
80,28,2,True
82,28,2,True
80,30,2,True
82,30,2,True
84,28,2,True
86,28,2,True
84,30,2,True
86,30,2,True
88,24,2,True
90,24,2,False
88,26,2,True
90,26,2,True
92,24,2,False
94,24,2,True
92,26,2,False
94,26,2,False
88,28,2,True
90,28,2,True
88,30,2,True
90,30,2,True
92,28,2,True
94,28,2,True
92,30,2,True
94,30,2,True
64,32,2,False
66,32,2,False
64,34,2,True
66,34,2,False
68,32,2,True
70,32,2,True
68,34,2,False
70,34,2,True
64,36,2,True
66,36,2,True
64,38,2,True
66,38,2,True
68,36,2,False
70,36,2,False
68,38,2,True
70,38,2,True
72,32,2,True
74,32,2,True
72,34,2,True
74,34,2,True
76,32,2,True
78,32,2,True
76,34,2,True
78,34,2,True
72,36,2,False
74,36,2,True
72,38,2,False
74,38,2,False
76,36,2,True
78,36,2,True
76,38,2,True
78,38,2,True
64,40,2,True
66,40,2,True
64,42,2,True
66,42,2,True
68,40,2,True
70,40,2,True
68,42,2,True
70,42,2,True
64,44,2,False
66,44,2,True
64,46,2,False
66,46,2,False
68,44,2,True
70,44,2,True
68,46,2,True
70,46,2,True
72,40,2,True
74,40,2,False
72,42,2,True
74,42,2,True
76,40,2,False
78,40,2,False
76,42,2,True
78,42,2,False
72,44,2,True
74,44,2,True
72,46,2,True
74,46,2,True
76,44,2,True
78,44,2,True
76,46,2,True
78,46,2,True
80,32,2,True
82,32,2,True
80,34,2,True
82,34,2,True
84,32,2,True
86,32,2,True
84,34,2,True
86,34,2,True
80,36,2,True
82,36,2,True
80,38,2,True
82,38,2,True
84,36,2,True
86,36,2,True
84,38,2,True
86,38,2,True
88,32,2,True
90,32,2,True
88,34,2,True
90,34,2,True
92,32,2,True
94,32,2,True
92,34,2,True
94,34,2,True
88,36,2,True
90,36,2,True
88,38,2,True
90,38,2,True
92,36,2,True
94,36,2,True
92,38,2,True
94,38,2,True
80,40,2,True
82,40,2,True
80,42,2,False
82,42,2,True
84,40,2,True
86,40,2,True
84,42,2,True
86,42,2,True
80,44,2,False
82,44,2,False
80,46,2,True
82,46,2,True
84,44,2,False
86,44,2,True
84,46,2,False
86,46,2,False
88,40,2,True
90,40,2,True
88,42,2,True
90,42,2,True
92,40,2,True
94,40,2,True
92,42,2,True
94,42,2,True
88,44,2,True
90,44,2,True
88,46,2,True
90,46,2,True
92,44,2,True
94,44,2,True
92,46,2,True
94,46,2,True
64,48,2,True
66,48,2,False
64,50,2,True
66,50,2,True
68,48,2,False
70,48,2,False
68,50,2,True
70,50,2,False
64,52,2,True
66,52,2,True
64,54,2,True
66,54,2,True
68,52,2,True
70,52,2,True
68,54,2,True
70,54,2,True
72,48,2,True
74,48,2,True
72,50,2,False
74,50,2,False
76,48,2,True
78,48,2,True
76,50,2,True
78,50,2,True
72,52,2,True
74,52,2,False
72,54,2,True
74,54,2,True
76,52,2,False
78,52,2,True
76,54,2,False
78,54,2,False
64,56,2,True
66,56,2,True
64,58,2,True
66,58,2,True
68,56,2,True
70,56,2,True
68,58,2,True
70,58,2,True
64,60,2,True
66,60,2,True
64,62,2,True
66,62,2,True
68,60,2,True
70,60,2,True
68,62,2,True
70,62,2,True
72,56,2,True
74,56,2,True
72,58,2,True
74,58,2,True
76,56,2,True
78,56,2,True
76,58,2,True
78,58,2,True
72,60,2,True
74,60,2,True
72,62,2,True
74,62,2,True
76,60,2,True
78,60,2,True
76,62,2,True
78,62,2,True
80,48,2,True
82,48,2,True
80,50,2,True
82,50,2,True
84,48,2,True
86,48,2,False
84,50,2,True
86,50,2,True
80,52,2,True
82,52,2,True
80,54,2,False
82,54,2,True
84,52,2,True
86,52,2,True
84,54,2,True
86,54,2,True
88,48,2,False
90,48,2,False
88,50,2,True
90,50,2,False
92,48,2,True
94,48,2,True
92,50,2,False
94,50,2,False
88,52,2,True
90,52,2,True
88,54,2,True
90,54,2,True
92,52,2,True
94,52,2,False
92,54,2,True
94,54,2,True
80,56,2,False
82,56,2,False
80,58,2,True
82,58,2,True
84,56,2,False
86,56,2,True
84,58,2,False
86,58,2,False
80,60,2,True
82,60,2,True
80,62,2,True
82,62,2,True
84,60,2,True
86,60,2,False
84,62,2,True
86,62,2,True
88,56,2,True
90,56,2,True
88,58,2,True
90,58,2,True
92,56,2,True
94,56,2,True
92,58,2,True
94,58,2,True
88,60,2,False
90,60,2,False
88,62,2,True
90,62,2,False
92,60,2,True
94,60,2,True
92,62,2,False
94,62,2,False
64,64,2,True
66,64,2,True
64,66,2,True
66,66,2,True
68,64,2,True
70,64,2,True
68,66,2,True
70,66,2,True
64,68,2,True
66,68,2,True
64,70,2,True
66,70,2,True
72,64,2,True
74,64,2,True
72,66,2,True
74,66,2,True
76,64,2,True
78,64,2,True
76,66,2,True
78,66,2,True
72,68,2,True
74,68,2,True
72,70,2,True
74,70,2,True
76,68,2,True
78,68,2,True
76,70,2,True
78,70,2,True
64,72,2,True
66,72,2,True
64,74,2,True
66,74,2,True
68,72,2,True
70,72,2,True
68,74,2,True
70,74,2,True
64,76,2,True
66,76,2,True
64,78,2,True
66,78,2,True
68,76,2,True
70,76,2,True
68,78,2,True
70,78,2,True
72,76,2,True
74,76,2,True
72,78,2,True
74,78,2,True
76,76,2,True
78,76,2,True
76,78,2,True
78,78,2,True
80,64,2,True
82,64,2,True
80,66,2,True
82,66,2,True
84,64,2,True
86,64,2,True
84,66,2,True
86,66,2,True
80,68,2,True
82,68,2,True
80,70,2,True
82,70,2,True
84,68,2,True
86,68,2,True
84,70,2,True
86,70,2,True
88,64,2,True
90,64,2,True
88,66,2,True
90,66,2,True
92,64,2,True
94,64,2,False
92,66,2,True
94,66,2,True
88,68,2,True
90,68,2,True
88,70,2,True
90,70,2,True
92,68,2,True
94,68,2,True
92,70,2,True
94,70,2,True
80,72,2,True
82,72,2,True
80,74,2,True
82,74,2,True
84,72,2,True
86,72,2,True
84,74,2,True
86,74,2,True
84,76,2,True
86,76,2,True
84,78,2,True
86,78,2,True
88,72,2,True
90,72,2,True
88,74,2,True
90,74,2,True
92,72,2,True
94,72,2,True
92,74,2,True
94,74,2,True
88,76,2,True
90,76,2,True
88,78,2,True
90,78,2,True
92,76,2,True
94,76,2,True
92,78,2,True
94,78,2,True
64,80,2,True
66,80,2,True
64,82,2,False
66,82,2,True
68,80,2,True
70,80,2,True
68,82,2,True
70,82,2,True
64,84,2,False
66,84,2,False
64,86,2,True
66,86,2,False
68,84,2,True
70,84,2,True
68,86,2,False
70,86,2,True
72,80,2,True
74,80,2,True
72,82,2,True
74,82,2,True
76,80,2,True
78,80,2,True
76,82,2,True
78,82,2,True
72,84,2,True
74,84,2,True
72,86,2,True
74,86,2,True
76,84,2,True
78,84,2,True
76,86,2,True
78,86,2,True
64,88,2,True
66,88,2,True
64,90,2,True
66,90,2,True
68,88,2,False
70,88,2,False
68,90,2,True
70,90,2,False
64,92,2,True
66,92,2,True
64,94,2,True
66,94,2,True
68,92,2,True
70,92,2,True
68,94,2,True
70,94,2,True
72,88,2,True
74,88,2,True
72,90,2,False
74,90,2,True
76,88,2,True
78,88,2,True
76,90,2,True
78,90,2,True
72,92,2,False
74,92,2,False
72,94,2,True
74,94,2,True
76,92,2,False
78,92,2,True
76,94,2,False
78,94,2,False
80,80,2,True
82,80,2,True
80,82,2,True
82,82,2,True
80,84,2,True
82,84,2,True
80,86,2,True
82,86,2,True
84,84,2,True
86,84,2,True
84,86,2,True
86,86,2,True
92,80,2,True
94,80,2,True
92,82,2,True
94,82,2,True
80,88,2,True
82,88,2,True
80,90,2,True
82,90,2,True
84,88,2,True
86,88,2,True
84,90,2,True
86,90,2,True
80,92,2,True
82,92,2,True
80,94,2,True
82,94,2,True
84,92,2,True
86,92,2,True
84,94,2,True
86,94,2,True
88,88,2,True
90,88,2,True
88,90,2,True
90,90,2,True
92,88,2,True
94,88,2,True
92,90,2,True
94,90,2,True
88,92,2,True
90,92,2,True
88,94,2,True
90,94,2,True
92,92,2,True
94,92,2,True
92,94,2,True
94,94,2,True
64,96,2,True
66,96,2,True
64,98,2,True
66,98,2,True
68,96,2,True
70,96,2,True
68,98,2,True
70,98,2,True
64,100,2,True
66,100,2,True
64,102,2,True
66,102,2,True
68,100,2,True
70,100,2,True
68,102,2,True
70,102,2,True
72,96,2,True
74,96,2,True
72,98,2,True
74,98,2,True
76,96,2,True
78,96,2,False
76,98,2,True
78,98,2,True
72,100,2,True
74,100,2,True
72,102,2,True
74,102,2,True
76,100,2,True
78,100,2,True
76,102,2,True
78,102,2,True
72,104,2,True
74,104,2,True
72,106,2,True
74,106,2,True
76,104,2,True
78,104,2,True
76,106,2,True
78,106,2,True
76,108,2,True
78,108,2,True
76,110,2,True
78,110,2,True
80,96,2,False
82,96,2,True
80,98,2,False
82,98,2,False
84,96,2,True
86,96,2,True
84,98,2,False
86,98,2,True
80,100,2,True
82,100,2,True
80,102,2,True
82,102,2,True
84,100,2,False
86,100,2,False
84,102,2,True
86,102,2,False
88,96,2,True
90,96,2,True
88,98,2,True
90,98,2,True
92,96,2,True
94,96,2,True
92,98,2,True
94,98,2,True
88,100,2,True
90,100,2,True
88,102,2,False
90,102,2,True
92,100,2,True
94,100,2,True
92,102,2,True
94,102,2,True
80,104,2,True
82,104,2,True
80,106,2,True
82,106,2,True
84,104,2,True
86,104,2,True
84,106,2,True
86,106,2,True
80,108,2,True
82,108,2,True
80,110,2,True
82,110,2,True
84,108,2,True
86,108,2,True
84,110,2,True
86,110,2,True
88,104,2,False
90,104,2,False
88,106,2,True
90,106,2,True
92,104,2,False
94,104,2,True
92,106,2,False
94,106,2,False
88,108,2,True
90,108,2,True
88,110,2,True
90,110,2,True
92,108,2,True
94,108,2,False
92,110,2,True
94,110,2,True
80,112,2,True
82,112,2,True
80,114,2,True
82,114,2,True
84,112,2,True
86,112,2,True
84,114,2,True
86,114,2,True
84,116,2,True
86,116,2,True
84,118,2,True
86,118,2,True
88,112,2,True
90,112,2,True
88,114,2,True
90,114,2,True
92,112,2,True
94,112,2,True
92,114,2,True
94,114,2,True
88,116,2,True
90,116,2,True
88,118,2,True
90,118,2,True
92,116,2,True
94,116,2,True
92,118,2,True
94,118,2,True
92,120,2,True
94,120,2,True
92,122,2,True
94,122,2,True
64,148,2,True
66,148,2,True
64,150,2,True
66,150,2,True
64,152,2,True
66,152,2,True
64,154,2,True
66,154,2,True
68,152,2,True
70,152,2,True
68,154,2,True
70,154,2,True
64,156,2,True
66,156,2,True
64,158,2,True
66,158,2,True
68,156,2,True
70,156,2,True
68,158,2,True
70,158,2,True
72,156,2,True
74,156,2,True
72,158,2,True
74,158,2,True
76,156,2,True
78,156,2,True
76,158,2,True
78,158,2,True
64,160,2,False
66,160,2,True
64,162,2,False
66,162,2,False
68,160,2,True
70,160,2,True
68,162,2,True
70,162,2,True
64,164,2,True
66,164,2,False
64,166,2,True
66,166,2,True
68,164,2,False
70,164,2,True
68,166,2,False
70,166,2,False
72,160,2,True
74,160,2,True
72,162,2,True
74,162,2,True
76,160,2,True
78,160,2,True
76,162,2,True
78,162,2,True
72,164,2,True
74,164,2,True
72,166,2,False
74,166,2,True
76,164,2,True
78,164,2,True
76,166,2,True
78,166,2,True
64,168,2,True
66,168,2,True
64,170,2,True
66,170,2,True
68,168,2,True
70,168,2,True
68,170,2,True
70,170,2,True
64,172,2,True
66,172,2,True
64,174,2,True
66,174,2,True
68,172,2,True
70,172,2,True
68,174,2,True
70,174,2,True
72,168,2,False
74,168,2,False
72,170,2,True
74,170,2,False
76,168,2,True
78,168,2,True
76,170,2,False
78,170,2,True
72,172,2,True
74,172,2,True
72,174,2,True
74,174,2,True
76,172,2,False
78,172,2,False
76,174,2,True
78,174,2,True
80,160,2,True
82,160,2,True
80,162,2,True
82,162,2,True
80,164,2,True
82,164,2,True
80,166,2,True
82,166,2,True
84,164,2,True
86,164,2,True
84,166,2,True
86,166,2,True
80,168,2,True
82,168,2,True
80,170,2,True
82,170,2,True
84,168,2,True
86,168,2,True
84,170,2,True
86,170,2,True
80,172,2,False
82,172,2,True
80,174,2,False
82,174,2,False
84,172,2,True
86,172,2,True
84,174,2,True
86,174,2,True
88,168,2,True
90,168,2,True
88,170,2,True
90,170,2,True
92,168,2,True
94,168,2,True
92,170,2,True
94,170,2,True
88,172,2,True
90,172,2,True
88,174,2,True
90,174,2,True
92,172,2,True
94,172,2,True
92,174,2,True
94,174,2,True
64,176,2,True
66,176,2,True
64,178,2,True
66,178,2,True
68,176,2,True
70,176,2,True
68,178,2,True
70,178,2,True
64,180,2,True
66,180,2,True
64,182,2,True
66,182,2,True
68,180,2,True
70,180,2,True
68,182,2,True
70,182,2,True
72,176,2,True
74,176,2,True
72,178,2,True
74,178,2,True
76,176,2,True
78,176,2,True
76,178,2,True
78,178,2,True
72,180,2,True
74,180,2,True
72,182,2,True
74,182,2,True
76,180,2,True
78,180,2,True
76,182,2,True
78,182,2,True
64,184,2,False
66,184,2,False
64,186,2,True
66,186,2,False
68,184,2,True
70,184,2,True
68,186,2,False
70,186,2,True
64,188,2,True
66,188,2,True
64,190,2,True
66,190,2,True
68,188,2,False
70,188,2,False
68,190,2,True
70,190,2,False
72,184,2,True
74,184,2,True
72,186,2,True
74,186,2,True
76,184,2,True
78,184,2,True
76,186,2,True
78,186,2,True
72,188,2,True
74,188,2,True
72,190,2,False
74,190,2,False
76,188,2,True
78,188,2,True
76,190,2,True
78,190,2,True
80,176,2,True
82,176,2,False
80,178,2,True
82,178,2,True
84,176,2,False
86,176,2,True
84,178,2,False
86,178,2,False
80,180,2,True
82,180,2,True
80,182,2,True
82,182,2,True
84,180,2,True
86,180,2,True
84,182,2,True
86,182,2,True
88,176,2,True
90,176,2,True
88,178,2,False
90,178,2,True
92,176,2,True
94,176,2,True
92,178,2,True
94,178,2,True
88,180,2,False
90,180,2,False
88,182,2,True
90,182,2,False
92,180,2,True
94,180,2,True
92,182,2,False
94,182,2,False
80,184,2,True
82,184,2,True
80,186,2,True
82,186,2,True
84,184,2,True
86,184,2,True
84,186,2,True
86,186,2,True
80,188,2,True
82,188,2,True
80,190,2,True
82,190,2,True
84,188,2,True
86,188,2,True
84,190,2,True
86,190,2,True
88,184,2,True
90,184,2,True
88,186,2,True
90,186,2,True
92,184,2,True
94,184,2,False
92,186,2,True
94,186,2,True
88,188,2,True
90,188,2,True
88,190,2,True
90,190,2,True
92,188,2,True
94,188,2,True
92,190,2,True
94,190,2,True
64,192,2,True
66,192,2,True
64,194,2,True
66,194,2,True
68,192,2,True
70,192,2,True
68,194,2,True
70,194,2,True
68,196,2,True
70,196,2,True
68,198,2,True
70,198,2,True
72,192,2,True
74,192,2,False
72,194,2,True
74,194,2,True
76,192,2,False
78,192,2,True
76,194,2,False
78,194,2,False
72,196,2,True
74,196,2,True
72,198,2,True
74,198,2,True
76,196,2,True
78,196,2,False
76,198,2,True
78,198,2,True
72,200,2,True
74,200,2,True
72,202,2,True
74,202,2,True
76,200,2,True
78,200,2,True
76,202,2,True
78,202,2,True
76,204,2,True
78,204,2,True
76,206,2,True
78,206,2,True
80,192,2,True
82,192,2,True
80,194,2,True
82,194,2,True
84,192,2,True
86,192,2,True
84,194,2,True
86,194,2,True
80,196,2,False
82,196,2,False
80,198,2,True
82,198,2,False
84,196,2,True
86,196,2,True
84,198,2,False
86,198,2,True
88,192,2,True
90,192,2,True
88,194,2,True
90,194,2,True
92,192,2,True
94,192,2,True
92,194,2,True
94,194,2,True
88,196,2,True
90,196,2,True
88,198,2,True
90,198,2,True
92,196,2,True
94,196,2,True
92,198,2,True
94,198,2,True
80,200,2,True
82,200,2,True
80,202,2,True
82,202,2,True
84,200,2,False
86,200,2,False
84,202,2,True
86,202,2,True
80,204,2,True
82,204,2,True
80,206,2,True
82,206,2,True
84,204,2,True
86,204,2,True
84,206,2,True
86,206,2,True
88,200,2,False
90,200,2,True
88,202,2,False
90,202,2,False
92,200,2,True
94,200,2,True
92,202,2,True
94,202,2,True
88,204,2,True
90,204,2,False
88,206,2,True
90,206,2,True
92,204,2,False
94,204,2,True
92,206,2,False
94,206,2,False
84,208,2,True
86,208,2,True
84,210,2,True
86,210,2,True
88,208,2,True
90,208,2,True
88,210,2,True
90,210,2,True
92,208,2,True
94,208,2,True
92,210,2,True
94,210,2,True
88,212,2,True
90,212,2,True
88,214,2,True
90,214,2,True
92,212,2,True
94,212,2,True
92,214,2,True
94,214,2,True
92,216,2,True
94,216,2,True
92,218,2,True
94,218,2,True
64,392,2,True
66,392,2,True
64,394,2,True
66,394,2,True
68,392,2,True
70,392,2,True
68,394,2,True
70,394,2,True
64,396,2,True
66,396,2,True
64,398,2,True
66,398,2,True
68,396,2,True
70,396,2,True
68,398,2,True
70,398,2,True
72,392,2,True
74,392,2,True
72,394,2,True
74,394,2,True
76,392,2,True
78,392,2,True
76,394,2,True
78,394,2,True
72,396,2,True
74,396,2,True
72,398,2,True
74,398,2,True
76,396,2,True
78,396,2,True
76,398,2,True
78,398,2,True
80,392,2,True
82,392,2,True
80,394,2,True
82,394,2,True
84,392,2,True
86,392,2,True
84,394,2,True
86,394,2,True
80,396,2,True
82,396,2,True
80,398,2,True
82,398,2,True
84,396,2,True
86,396,2,True
84,398,2,True
86,398,2,True
88,392,2,True
90,392,2,True
88,394,2,True
90,394,2,True
88,396,2,True
90,396,2,True
88,398,2,True
90,398,2,True
92,396,2,True
94,396,2,True
92,398,2,True
94,398,2,True
64,400,2,True
66,400,2,True
64,402,2,True
66,402,2,False
68,400,2,True
70,400,2,True
68,402,2,False
70,402,2,False
64,404,2,False
66,404,2,False
64,406,2,True
66,406,2,True
68,404,2,True
70,404,2,True
68,406,2,True
70,406,2,True
72,400,2,True
74,400,2,True
72,402,2,False
74,402,2,False
76,400,2,True
78,400,2,True
76,402,2,False
78,402,2,False
72,404,2,True
74,404,2,True
72,406,2,True
74,406,2,True
76,404,2,True
78,404,2,True
76,406,2,True
78,406,2,True
64,408,2,True
66,408,2,True
64,410,2,True
66,410,2,True
68,408,2,True
70,408,2,True
68,410,2,True
70,410,2,True
64,412,2,True
66,412,2,True
64,414,2,True
66,414,2,True
72,408,2,True
74,408,2,True
72,410,2,True
74,410,2,True
76,408,2,True
78,408,2,True
76,410,2,True
78,410,2,True
80,400,2,True
82,400,2,True
80,402,2,False
82,402,2,False
84,400,2,True
86,400,2,True
84,402,2,False
86,402,2,False
80,404,2,True
82,404,2,True
80,406,2,True
82,406,2,True
84,404,2,True
86,404,2,True
84,406,2,True
86,406,2,True
88,400,2,True
90,400,2,True
88,402,2,False
90,402,2,False
92,400,2,True
94,400,2,True
92,402,2,True
94,402,2,True
88,404,2,True
90,404,2,False
88,406,2,True
90,406,2,True
92,404,2,False
94,404,2,False
92,406,2,True
94,406,2,True
80,408,2,True
82,408,2,True
80,410,2,True
82,410,2,True
84,408,2,True
86,408,2,True
84,410,2,True
86,410,2,True
88,408,2,True
90,408,2,True
88,410,2,True
90,410,2,True
92,408,2,True
94,408,2,True
92,410,2,True
94,410,2,True
92,412,2,True
94,412,2,True
92,414,2,True
94,414,2,True
96,0,2,True
98,0,2,True
96,2,2,True
98,2,2,True
100,0,2,True
102,0,2,True
100,2,2,True
102,2,2,True
96,4,2,True
98,4,2,True
96,6,2,True
98,6,2,True
100,4,2,True
102,4,2,True
100,6,2,True
102,6,2,True
104,0,2,True
106,0,2,True
104,2,2,True
106,2,2,True
108,0,2,True
110,0,2,True
108,2,2,True
110,2,2,True
104,4,2,True
106,4,2,True
104,6,2,True
106,6,2,True
108,4,2,True
110,4,2,True
108,6,2,True
110,6,2,True
96,8,2,True
98,8,2,True
96,10,2,True
98,10,2,True
100,8,2,True
102,8,2,True
100,10,2,True
102,10,2,True
96,12,2,True
98,12,2,True
96,14,2,True
98,14,2,True
100,12,2,True
102,12,2,True
100,14,2,True
102,14,2,True
104,8,2,True
106,8,2,True
104,10,2,True
106,10,2,True
108,8,2,True
110,8,2,True
108,10,2,True
110,10,2,True
104,12,2,True
106,12,2,True
104,14,2,True
106,14,2,True
108,12,2,True
110,12,2,True
108,14,2,True
110,14,2,True
112,0,2,True
114,0,2,True
112,2,2,True
114,2,2,True
116,0,2,True
118,0,2,False
116,2,2,True
118,2,2,True
112,4,2,True
114,4,2,True
112,6,2,True
114,6,2,True
116,4,2,True
118,4,2,True
116,6,2,True
118,6,2,True
120,0,2,False
122,0,2,False
120,2,2,True
122,2,2,False
124,0,2,True
126,0,2,True
124,2,2,False
126,2,2,False
120,4,2,True
122,4,2,True
120,6,2,True
122,6,2,True
124,4,2,True
126,4,2,False
124,6,2,True
126,6,2,True
112,8,2,True
114,8,2,True
112,10,2,True
114,10,2,True
116,8,2,True
118,8,2,True
116,10,2,True
118,10,2,True
112,12,2,True
114,12,2,True
112,14,2,True
114,14,2,True
116,12,2,True
118,12,2,True
116,14,2,True
118,14,2,True
120,8,2,True
122,8,2,True
120,10,2,True
122,10,2,True
124,8,2,True
126,8,2,True
124,10,2,True
126,10,2,True
120,12,2,True
122,12,2,True
120,14,2,True
122,14,2,True
124,12,2,True
126,12,2,True
124,14,2,True
126,14,2,True
96,16,2,True
98,16,2,True
96,18,2,True
98,18,2,True
100,16,2,True
102,16,2,True
100,18,2,True
102,18,2,True
96,20,2,True
98,20,2,True
96,22,2,True
98,22,2,True
100,20,2,True
102,20,2,True
100,22,2,True
102,22,2,True
104,16,2,True
106,16,2,True
104,18,2,True
106,18,2,True
108,16,2,True
110,16,2,True
108,18,2,True
110,18,2,True
104,20,2,True
106,20,2,True
104,22,2,True
106,22,2,True
108,20,2,True
110,20,2,True
108,22,2,True
110,22,2,True
96,24,2,True
98,24,2,True
96,26,2,False
98,26,2,True
100,24,2,True
102,24,2,True
100,26,2,True
102,26,2,True
96,28,2,False
98,28,2,False
96,30,2,True
98,30,2,False
100,28,2,True
102,28,2,True
100,30,2,False
102,30,2,False
104,24,2,True
106,24,2,True
104,26,2,True
106,26,2,True
108,24,2,True
110,24,2,True
108,26,2,True
110,26,2,True
104,28,2,True
106,28,2,True
104,30,2,True
106,30,2,True
108,28,2,True
110,28,2,True
108,30,2,True
110,30,2,True
112,16,2,True
114,16,2,True
112,18,2,True
114,18,2,True
116,16,2,True
118,16,2,True
116,18,2,True
118,18,2,True
112,20,2,True
114,20,2,True
112,22,2,True
114,22,2,True
116,20,2,True
118,20,2,True
116,22,2,True
118,22,2,True
120,16,2,True
122,16,2,True
120,18,2,True
122,18,2,True
124,16,2,True
126,16,2,True
124,18,2,True
126,18,2,True
120,20,2,True
122,20,2,True
120,22,2,True
122,22,2,True
124,20,2,True
126,20,2,True
124,22,2,True
126,22,2,True
112,24,2,True
114,24,2,True
112,26,2,True
114,26,2,True
116,24,2,True
118,24,2,True
116,26,2,True
118,26,2,True
112,28,2,True
114,28,2,True
112,30,2,True
114,30,2,True
116,28,2,True
118,28,2,True
116,30,2,True
118,30,2,True
120,24,2,True
122,24,2,True
120,26,2,True
122,26,2,True
124,24,2,True
126,24,2,True
124,26,2,True
126,26,2,True
120,28,2,True
122,28,2,True
120,30,2,True
122,30,2,True
124,28,2,True
126,28,2,True
124,30,2,True
126,30,2,True
96,32,2,True
98,32,2,True
96,34,2,True
98,34,2,True
100,32,2,True
102,32,2,False
100,34,2,True
102,34,2,True
96,36,2,True
98,36,2,True
96,38,2,True
98,38,2,True
100,36,2,True
102,36,2,True
100,38,2,True
102,38,2,True
104,32,2,False
106,32,2,True
104,34,2,False
106,34,2,False
108,32,2,True
110,32,2,True
108,34,2,False
110,34,2,True
104,36,2,True
106,36,2,True
104,38,2,True
106,38,2,True
108,36,2,False
110,36,2,False
108,38,2,True
110,38,2,False
96,40,2,True
98,40,2,True
96,42,2,True
98,42,2,True
100,40,2,True
102,40,2,True
100,42,2,True
102,42,2,True
96,44,2,True
98,44,2,True
96,46,2,True
98,46,2,True
100,44,2,True
102,44,2,True
100,46,2,True
102,46,2,True
104,40,2,True
106,40,2,True
104,42,2,True
106,42,2,True
108,40,2,True
110,40,2,True
108,42,2,True
110,42,2,True
104,44,2,True
106,44,2,True
104,46,2,True
106,46,2,True
108,44,2,True
110,44,2,True
108,46,2,True
110,46,2,True
112,32,2,True
114,32,2,True
112,34,2,True
114,34,2,True
116,32,2,True
118,32,2,True
116,34,2,True
118,34,2,True
112,36,2,True
114,36,2,True
112,38,2,False
114,38,2,False
116,36,2,True
118,36,2,True
116,38,2,True
118,38,2,True
120,32,2,True
122,32,2,True
120,34,2,True
122,34,2,True
124,32,2,True
126,32,2,True
124,34,2,True
126,34,2,True
120,36,2,True
122,36,2,True
120,38,2,True
122,38,2,True
124,36,2,True
126,36,2,True
124,38,2,True
126,38,2,True
112,40,2,True
114,40,2,False
112,42,2,True
114,42,2,True
116,40,2,False
118,40,2,False
116,42,2,True
118,42,2,False
112,44,2,True
114,44,2,True
112,46,2,True
114,46,2,True
116,44,2,True
118,44,2,True
116,46,2,True
118,46,2,True
120,40,2,True
122,40,2,True
120,42,2,False
122,42,2,True
124,40,2,True
126,40,2,True
124,42,2,True
126,42,2,True
120,44,2,False
122,44,2,False
120,46,2,True
122,46,2,True
124,44,2,False
126,44,2,True
124,46,2,False
126,46,2,False
96,48,2,True
98,48,2,True
96,50,2,True
98,50,2,True
100,48,2,True
102,48,2,True
100,50,2,True
102,50,2,True
96,52,2,False
98,52,2,True
96,54,2,False
98,54,2,False
100,52,2,True
102,52,2,True
100,54,2,False
102,54,2,True
104,48,2,True
106,48,2,True
104,50,2,True
106,50,2,True
108,48,2,True
110,48,2,True
108,50,2,True
110,50,2,True
104,52,2,True
106,52,2,True
104,54,2,True
106,54,2,True
108,52,2,True
110,52,2,True
108,54,2,True
110,54,2,True
96,56,2,True
98,56,2,True
96,58,2,True
98,58,2,True
100,56,2,False
102,56,2,False
100,58,2,True
102,58,2,False
96,60,2,True
98,60,2,True
96,62,2,True
98,62,2,True
100,60,2,True
102,60,2,True
100,62,2,True
102,62,2,True
104,56,2,True
106,56,2,True
104,58,2,False
106,58,2,False
108,56,2,True
110,56,2,True
108,58,2,True
110,58,2,True
104,60,2,True
106,60,2,False
104,62,2,True
106,62,2,True
108,60,2,False
110,60,2,False
108,62,2,True
110,62,2,False
112,48,2,True
114,48,2,True
112,50,2,True
114,50,2,True
116,48,2,True
118,48,2,True
116,50,2,True
118,50,2,True
112,52,2,True
114,52,2,True
112,54,2,True
114,54,2,True
116,52,2,True
118,52,2,True
116,54,2,True
118,54,2,True
120,48,2,True
122,48,2,True
120,50,2,True
122,50,2,True
124,48,2,True
126,48,2,True
124,50,2,True
126,50,2,True
120,52,2,True
122,52,2,True
120,54,2,True
122,54,2,True
124,52,2,True
126,52,2,True
124,54,2,True
126,54,2,True
112,56,2,True
114,56,2,True
112,58,2,True
114,58,2,True
116,56,2,True
118,56,2,True
116,58,2,True
118,58,2,True
112,60,2,True
114,60,2,True
112,62,2,False
114,62,2,True
116,60,2,True
118,60,2,True
116,62,2,True
118,62,2,True
120,56,2,True
122,56,2,True
120,58,2,True
122,58,2,True
124,56,2,True
126,56,2,True
124,58,2,True
126,58,2,True
120,60,2,True
122,60,2,True
120,62,2,True
122,62,2,True
124,60,2,True
126,60,2,True
124,62,2,True
126,62,2,True
96,64,2,False
98,64,2,False
96,66,2,True
98,66,2,False
100,64,2,True
102,64,2,True
100,66,2,False
102,66,2,True
96,68,2,True
98,68,2,True
96,70,2,True
98,70,2,True
100,68,2,False
102,68,2,False
100,70,2,True
102,70,2,True
104,64,2,True
106,64,2,True
104,66,2,True
106,66,2,True
108,64,2,True
110,64,2,True
108,66,2,True
110,66,2,True
104,68,2,False
106,68,2,True
104,70,2,False
106,70,2,False
108,68,2,True
110,68,2,True
108,70,2,False
110,70,2,True
96,72,2,True
98,72,2,True
96,74,2,True
98,74,2,True
100,72,2,True
102,72,2,True
100,74,2,True
102,74,2,True
96,76,2,True
98,76,2,True
96,78,2,True
98,78,2,True
100,76,2,True
102,76,2,True
100,78,2,True
102,78,2,True
104,72,2,True
106,72,2,True
104,74,2,True
106,74,2,True
108,72,2,False
110,72,2,False
108,74,2,True
110,74,2,True
104,76,2,True
106,76,2,True
104,78,2,True
106,78,2,True
108,76,2,True
110,76,2,True
108,78,2,True
110,78,2,True
112,64,2,False
114,64,2,False
112,66,2,True
114,66,2,True
116,64,2,False
118,64,2,True
116,66,2,False
118,66,2,False
112,68,2,True
114,68,2,True
112,70,2,True
114,70,2,True
116,68,2,True
118,68,2,True
116,70,2,True
118,70,2,True
120,64,2,True
122,64,2,True
120,66,2,False
122,66,2,True
124,64,2,True
126,64,2,True
124,66,2,True
126,66,2,True
120,68,2,False
122,68,2,False
120,70,2,True
122,70,2,True
124,68,2,False
126,68,2,True
124,70,2,False
126,70,2,False
112,72,2,False
114,72,2,True
112,74,2,False
114,74,2,False
116,72,2,True
118,72,2,True
116,74,2,False
118,74,2,True
112,76,2,True
114,76,2,True
112,78,2,True
114,78,2,True
116,76,2,False
118,76,2,False
116,78,2,True
118,78,2,False
120,72,2,True
122,72,2,True
120,74,2,True
122,74,2,True
124,72,2,True
126,72,2,True
124,74,2,True
126,74,2,True
120,76,2,True
122,76,2,True
120,78,2,False
122,78,2,False
124,76,2,True
126,76,2,True
124,78,2,True
126,78,2,True
96,80,2,True
98,80,2,True
96,82,2,True
98,82,2,True
100,80,2,True
102,80,2,True
100,82,2,True
102,82,2,True
100,84,2,True
102,84,2,True
100,86,2,True
102,86,2,True
104,80,2,True
106,80,2,True
104,82,2,True
106,82,2,True
108,80,2,True
110,80,2,True
108,82,2,True
110,82,2,True
104,84,2,True
106,84,2,True
104,86,2,True
106,86,2,True
108,84,2,True
110,84,2,True
108,86,2,True
110,86,2,True
96,92,2,True
98,92,2,True
96,94,2,True
98,94,2,True
108,88,2,True
110,88,2,True
108,90,2,True
110,90,2,True
112,80,2,True
114,80,2,True
112,82,2,True
114,82,2,True
116,80,2,True
118,80,2,True
116,82,2,True
118,82,2,True
112,84,2,True
114,84,2,True
112,86,2,True
114,86,2,True
116,84,2,True
118,84,2,True
116,86,2,True
118,86,2,True
120,80,2,True
122,80,2,False
120,82,2,True
122,82,2,True
124,80,2,False
126,80,2,False
124,82,2,True
126,82,2,False
120,84,2,True
122,84,2,True
120,86,2,True
122,86,2,True
124,84,2,True
126,84,2,True
124,86,2,True
126,86,2,True
112,88,2,True
114,88,2,True
112,90,2,True
114,90,2,True
116,88,2,True
118,88,2,True
116,90,2,True
118,90,2,True
112,92,2,True
114,92,2,True
112,94,2,True
114,94,2,True
116,92,2,True
118,92,2,True
116,94,2,True
118,94,2,True
120,88,2,True
122,88,2,True
120,90,2,True
122,90,2,True
124,88,2,True
126,88,2,True
124,90,2,True
126,90,2,True
120,92,2,True
122,92,2,True
120,94,2,True
122,94,2,True
124,92,2,True
126,92,2,True
124,94,2,True
126,94,2,True
96,96,2,True
98,96,2,True
96,98,2,True
98,98,2,True
100,96,2,True
102,96,2,True
100,98,2,True
102,98,2,True
96,100,2,True
98,100,2,True
96,102,2,True
98,102,2,True
100,100,2,True
102,100,2,True
100,102,2,True
102,102,2,True
104,100,2,True
106,100,2,True
104,102,2,True
106,102,2,True
108,100,2,True
110,100,2,True
108,102,2,True
110,102,2,True
96,104,2,True
98,104,2,True
96,106,2,True
98,106,2,True
100,104,2,True
102,104,2,True
100,106,2,True
102,106,2,True
96,108,2,False
98,108,2,True
96,110,2,False
98,110,2,False
100,108,2,True
102,108,2,True
100,110,2,False
102,110,2,True
104,104,2,True
106,104,2,True
104,106,2,True
106,106,2,True
108,104,2,True
110,104,2,True
108,106,2,True
110,106,2,True
104,108,2,True
106,108,2,True
104,110,2,True
106,110,2,True
108,108,2,True
110,108,2,True
108,110,2,True
110,110,2,True
120,96,2,True
122,96,2,True
120,98,2,True
122,98,2,True
124,96,2,True
126,96,2,True
124,98,2,True
126,98,2,True
112,104,2,True
114,104,2,True
112,106,2,True
114,106,2,True
112,108,2,True
114,108,2,True
112,110,2,True
114,110,2,True
116,108,2,True
118,108,2,True
116,110,2,True
118,110,2,True
120,108,2,True
122,108,2,True
120,110,2,True
122,110,2,True
96,112,2,True
98,112,2,True
96,114,2,True
98,114,2,True
100,112,2,False
102,112,2,False
100,114,2,True
102,114,2,False
96,116,2,True
98,116,2,True
96,118,2,True
98,118,2,True
100,116,2,True
102,116,2,True
100,118,2,True
102,118,2,True
104,112,2,True
106,112,2,True
104,114,2,False
106,114,2,True
108,112,2,True
110,112,2,True
108,114,2,True
110,114,2,True
104,116,2,False
106,116,2,False
104,118,2,True
106,118,2,True
108,116,2,False
110,116,2,True
108,118,2,False
110,118,2,False
96,120,2,True
98,120,2,True
96,122,2,True
98,122,2,True
100,120,2,True
102,120,2,True
100,122,2,True
102,122,2,True
96,124,2,True
98,124,2,True
96,126,2,True
98,126,2,True
100,124,2,True
102,124,2,True
100,126,2,True
102,126,2,True
104,120,2,True
106,120,2,True
104,122,2,True
106,122,2,True
108,120,2,True
110,120,2,False
108,122,2,True
110,122,2,True
104,124,2,True
106,124,2,True
104,126,2,True
106,126,2,True
108,124,2,True
110,124,2,True
108,126,2,True
110,126,2,True
112,112,2,True
114,112,2,True
112,114,2,True
114,114,2,True
116,112,2,True
118,112,2,True
116,114,2,True
118,114,2,True
112,116,2,True
114,116,2,True
112,118,2,True
114,118,2,True
116,116,2,True
118,116,2,True
116,118,2,True
118,118,2,True
120,112,2,True
122,112,2,True
120,114,2,True
122,114,2,True
124,112,2,True
126,112,2,True
124,114,2,True
126,114,2,True
120,116,2,True
122,116,2,True
120,118,2,True
122,118,2,True
124,116,2,True
126,116,2,True
124,118,2,True
126,118,2,True
112,120,2,False
114,120,2,False
112,122,2,True
114,122,2,False
116,120,2,True
118,120,2,True
116,122,2,False
118,122,2,True
112,124,2,True
114,124,2,True
112,126,2,True
114,126,2,True
116,124,2,False
118,124,2,False
116,126,2,True
118,126,2,True
120,120,2,True
122,120,2,True
120,122,2,True
122,122,2,True
124,120,2,True
126,120,2,True
124,122,2,True
126,122,2,True
120,124,2,False
122,124,2,True
120,126,2,False
122,126,2,False
124,124,2,True
126,124,2,True
124,126,2,True
126,126,2,True
100,128,2,True
102,128,2,True
100,130,2,True
102,130,2,True
104,128,2,True
106,128,2,True
104,130,2,True
106,130,2,True
108,128,2,True
110,128,2,True
108,130,2,True
110,130,2,True
108,132,2,True
110,132,2,True
108,134,2,True
110,134,2,True
112,128,2,True
114,128,2,True
112,130,2,True
114,130,2,True
116,128,2,True
118,128,2,True
116,130,2,True
118,130,2,True
112,132,2,True
114,132,2,True
112,134,2,True
114,134,2,True
116,132,2,True
118,132,2,True
116,134,2,True
118,134,2,True
120,128,2,True
122,128,2,False
120,130,2,True
122,130,2,True
124,128,2,False
126,128,2,False
124,130,2,True
126,130,2,False
120,132,2,True
122,132,2,True
120,134,2,True
122,134,2,True
124,132,2,True
126,132,2,True
124,134,2,True
126,134,2,True
112,136,2,True
114,136,2,True
112,138,2,True
114,138,2,True
116,136,2,True
118,136,2,True
116,138,2,True
118,138,2,True
116,140,2,True
118,140,2,True
116,142,2,True
118,142,2,True
120,136,2,True
122,136,2,True
120,138,2,True
122,138,2,True
124,136,2,True
126,136,2,True
124,138,2,True
126,138,2,True
120,140,2,True
122,140,2,True
120,142,2,True
122,142,2,True
124,140,2,True
126,140,2,True
124,142,2,True
126,142,2,True
124,144,2,True
126,144,2,True
124,146,2,True
126,146,2,True
96,172,2,True
98,172,2,True
96,174,2,True
98,174,2,True
96,176,2,True
98,176,2,True
96,178,2,True
98,178,2,True
100,176,2,True
102,176,2,True
100,178,2,True
102,178,2,True
96,180,2,True
98,180,2,True
96,182,2,True
98,182,2,True
100,180,2,True
102,180,2,True
100,182,2,True
102,182,2,True
104,176,2,True
106,176,2,True
104,178,2,True
106,178,2,True
104,180,2,True
106,180,2,True
104,182,2,True
106,182,2,True
108,180,2,True
110,180,2,True
108,182,2,True
110,182,2,True
96,184,2,False
98,184,2,True
96,186,2,False
98,186,2,False
100,184,2,True
102,184,2,True
100,186,2,True
102,186,2,True
96,188,2,True
98,188,2,False
96,190,2,True
98,190,2,True
100,188,2,False
102,188,2,False
100,190,2,True
102,190,2,False
104,184,2,True
106,184,2,True
104,186,2,True
106,186,2,True
108,184,2,True
110,184,2,True
108,186,2,True
110,186,2,True
104,188,2,True
106,188,2,True
104,190,2,False
106,190,2,True
108,188,2,True
110,188,2,True
108,190,2,True
110,190,2,True
112,184,2,True
114,184,2,True
112,186,2,True
114,186,2,True
116,184,2,True
118,184,2,True
116,186,2,True
118,186,2,True
112,188,2,True
114,188,2,True
112,190,2,True
114,190,2,True
116,188,2,True
118,188,2,True
116,190,2,True
118,190,2,True
120,188,2,True
122,188,2,True
120,190,2,True
122,190,2,True
124,188,2,True
126,188,2,True
124,190,2,True
126,190,2,True
96,192,2,True
98,192,2,True
96,194,2,True
98,194,2,True
100,192,2,True
102,192,2,True
100,194,2,True
102,194,2,True
96,196,2,True
98,196,2,True
96,198,2,True
98,198,2,True
100,196,2,True
102,196,2,True
100,198,2,True
102,198,2,True
104,192,2,False
106,192,2,False
104,194,2,True
106,194,2,True
108,192,2,False
110,192,2,True
108,194,2,False
110,194,2,False
104,196,2,True
106,196,2,True
104,198,2,True
106,198,2,True
108,196,2,True
110,196,2,False
108,198,2,True
110,198,2,True
96,200,2,True
98,200,2,True
96,202,2,True
98,202,2,True
100,200,2,True
102,200,2,True
100,202,2,True
102,202,2,True
96,204,2,True
98,204,2,True
96,206,2,False
98,206,2,True
100,204,2,True
102,204,2,True
100,206,2,True
102,206,2,True
104,200,2,True
106,200,2,True
104,202,2,True
106,202,2,True
108,200,2,True
110,200,2,True
108,202,2,True
110,202,2,True
104,204,2,True
106,204,2,True
104,206,2,True
106,206,2,True
108,204,2,True
110,204,2,True
108,206,2,True
110,206,2,True
112,192,2,True
114,192,2,True
112,194,2,True
114,194,2,True
116,192,2,True
118,192,2,True
116,194,2,True
118,194,2,True
112,196,2,False
114,196,2,False
112,198,2,True
114,198,2,False
116,196,2,True
118,196,2,True
116,198,2,False
118,198,2,True
120,192,2,True
122,192,2,True
120,194,2,True
122,194,2,True
124,192,2,True
126,192,2,True
124,194,2,True
126,194,2,True
120,196,2,True
122,196,2,True
120,198,2,True
122,198,2,True
124,196,2,True
126,196,2,True
124,198,2,True
126,198,2,True
112,200,2,True
114,200,2,True
112,202,2,True
114,202,2,True
116,200,2,False
118,200,2,False
116,202,2,True
118,202,2,True
112,204,2,True
114,204,2,True
112,206,2,True
114,206,2,True
116,204,2,True
118,204,2,True
116,206,2,True
118,206,2,True
120,200,2,False
122,200,2,True
120,202,2,False
122,202,2,False
124,200,2,True
126,200,2,True
124,202,2,True
126,202,2,True
120,204,2,True
122,204,2,False
120,206,2,True
122,206,2,True
124,204,2,False
126,204,2,False
124,206,2,True
126,206,2,False
96,208,2,False
98,208,2,False
96,210,2,True
98,210,2,False
100,208,2,True
102,208,2,True
100,210,2,False
102,210,2,False
96,212,2,True
98,212,2,True
96,214,2,True
98,214,2,True
100,212,2,True
102,212,2,False
100,214,2,True
102,214,2,True
104,208,2,True
106,208,2,True
104,210,2,True
106,210,2,True
108,208,2,True
110,208,2,True
108,210,2,True
110,210,2,True
104,212,2,False
106,212,2,True
104,214,2,False
106,214,2,False
108,212,2,True
110,212,2,True
108,214,2,False
110,214,2,True
96,216,2,True
98,216,2,True
96,218,2,True
98,218,2,True
100,216,2,True
102,216,2,True
100,218,2,True
102,218,2,True
100,220,2,True
102,220,2,True
100,222,2,True
102,222,2,True
104,216,2,True
106,216,2,True
104,218,2,True
106,218,2,True
108,216,2,False
110,216,2,False
108,218,2,True
110,218,2,False
104,220,2,True
106,220,2,True
104,222,2,True
106,222,2,True
108,220,2,True
110,220,2,True
108,222,2,True
110,222,2,True
112,208,2,True
114,208,2,True
112,210,2,True
114,210,2,True
116,208,2,True
118,208,2,True
116,210,2,True
118,210,2,True
112,212,2,True
114,212,2,True
112,214,2,True
114,214,2,True
116,212,2,True
118,212,2,True
116,214,2,True
118,214,2,True
120,208,2,True
122,208,2,True
120,210,2,True
122,210,2,True
124,208,2,True
126,208,2,True
124,210,2,True
126,210,2,True
120,212,2,True
122,212,2,True
120,214,2,True
122,214,2,True
124,212,2,True
126,212,2,True
124,214,2,True
126,214,2,True
112,216,2,True
114,216,2,True
112,218,2,False
114,218,2,True
116,216,2,True
118,216,2,True
116,218,2,True
118,218,2,True
112,220,2,False
114,220,2,False
112,222,2,True
114,222,2,True
116,220,2,False
118,220,2,True
116,222,2,False
118,222,2,False
120,216,2,True
122,216,2,True
120,218,2,True
122,218,2,True
124,216,2,True
126,216,2,True
124,218,2,True
126,218,2,True
120,220,2,True
122,220,2,True
120,222,2,True
122,222,2,True
124,220,2,True
126,220,2,True
124,222,2,True
126,222,2,True
104,224,2,True
106,224,2,True
104,226,2,True
106,226,2,True
108,224,2,True
110,224,2,True
108,226,2,True
110,226,2,True
108,228,2,True
110,228,2,True
108,230,2,True
110,230,2,True
112,224,2,True
114,224,2,True
112,226,2,True
114,226,2,True
116,224,2,True
118,224,2,False
116,226,2,True
118,226,2,True
112,228,2,True
114,228,2,True
112,230,2,True
114,230,2,True
116,228,2,True
118,228,2,True
116,230,2,True
118,230,2,True
120,224,2,False
122,224,2,False
120,226,2,True
122,226,2,False
124,224,2,True
126,224,2,True
124,226,2,False
126,226,2,True
120,228,2,True
122,228,2,True
120,230,2,True
122,230,2,True
124,228,2,False
126,228,2,False
124,230,2,True
126,230,2,True
116,232,2,True
118,232,2,True
116,234,2,True
118,234,2,True
120,232,2,True
122,232,2,True
120,234,2,True
122,234,2,True
124,232,2,True
126,232,2,True
124,234,2,True
126,234,2,True
120,236,2,True
122,236,2,True
120,238,2,True
122,238,2,True
124,236,2,True
126,236,2,True
124,238,2,True
126,238,2,True
96,396,2,True
98,396,2,True
96,398,2,True
98,398,2,True
100,396,2,True
102,396,2,True
100,398,2,True
102,398,2,True
104,396,2,True
106,396,2,True
104,398,2,True
106,398,2,True
96,400,2,True
98,400,2,True
96,402,2,True
98,402,2,True
100,400,2,True
102,400,2,True
100,402,2,True
102,402,2,True
96,404,2,False
98,404,2,True
96,406,2,False
98,406,2,False
100,404,2,True
102,404,2,True
100,406,2,False
102,406,2,False
104,400,2,True
106,400,2,True
104,402,2,True
106,402,2,True
108,400,2,True
110,400,2,True
108,402,2,True
110,402,2,True
104,404,2,True
106,404,2,True
104,406,2,True
106,406,2,True
108,404,2,True
110,404,2,True
108,406,2,True
110,406,2,True
96,408,2,True
98,408,2,True
96,410,2,True
98,410,2,True
100,408,2,True
102,408,2,False
100,410,2,True
102,410,2,True
96,412,2,True
98,412,2,True
96,414,2,True
98,414,2,True
100,412,2,True
102,412,2,True
100,414,2,True
102,414,2,True
104,408,2,False
106,408,2,False
104,410,2,True
106,410,2,True
108,408,2,False
110,408,2,True
108,410,2,False
110,410,2,False
104,412,2,True
106,412,2,True
104,414,2,True
106,414,2,True
108,412,2,True
110,412,2,True
108,414,2,True
110,414,2,True
112,400,2,True
114,400,2,True
112,402,2,True
114,402,2,True
112,404,2,True
114,404,2,True
112,406,2,True
114,406,2,True
116,404,2,True
118,404,2,True
116,406,2,True
118,406,2,True
120,404,2,True
122,404,2,True
120,406,2,True
122,406,2,True
124,404,2,True
126,404,2,True
124,406,2,True
126,406,2,True
112,408,2,True
114,408,2,True
112,410,2,False
114,410,2,True
116,408,2,True
118,408,2,True
116,410,2,True
118,410,2,True
112,412,2,False
114,412,2,False
112,414,2,True
114,414,2,True
116,412,2,False
118,412,2,True
116,414,2,False
118,414,2,False
120,408,2,True
122,408,2,True
120,410,2,True
122,410,2,True
124,408,2,True
126,408,2,True
124,410,2,True
126,410,2,True
120,412,2,True
122,412,2,True
120,414,2,False
122,414,2,True
124,412,2,True
126,412,2,True
124,414,2,True
126,414,2,True
100,416,2,True
102,416,2,True
100,418,2,True
102,418,2,True
104,416,2,True
106,416,2,True
104,418,2,True
106,418,2,True
108,416,2,True
110,416,2,True
108,418,2,True
110,418,2,True
108,420,2,True
110,420,2,True
108,422,2,True
110,422,2,True
112,416,2,True
114,416,2,True
112,418,2,True
114,418,2,True
116,416,2,True
118,416,2,True
116,418,2,True
118,418,2,True
112,420,2,True
114,420,2,True
112,422,2,True
114,422,2,True
116,420,2,True
118,420,2,True
116,422,2,True
118,422,2,True
120,416,2,False
122,416,2,False
120,418,2,True
122,418,2,True
124,416,2,False
126,416,2,True
124,418,2,False
126,418,2,False
120,420,2,True
122,420,2,True
120,422,2,True
122,422,2,True
124,420,2,True
126,420,2,True
124,422,2,True
126,422,2,True
116,424,2,True
118,424,2,True
116,426,2,True
118,426,2,True
120,424,2,True
122,424,2,True
120,426,2,True
122,426,2,True
124,424,2,True
126,424,2,True
124,426,2,True
126,426,2,True
124,428,2,True
126,428,2,True
124,430,2,True
126,430,2,True
128,0,2,True
130,0,2,True
128,2,2,True
130,2,2,True
132,0,2,True
134,0,2,True
132,2,2,True
134,2,2,True
128,4,2,False
130,4,2,False
128,6,2,True
130,6,2,False
132,4,2,True
134,4,2,True
132,6,2,False
134,6,2,False
136,0,2,True
138,0,2,True
136,2,2,True
138,2,2,True
140,0,2,True
142,0,2,True
140,2,2,True
142,2,2,True
136,4,2,True
138,4,2,True
136,6,2,True
138,6,2,True
140,4,2,True
142,4,2,True
140,6,2,True
142,6,2,True
128,8,2,True
130,8,2,True
128,10,2,True
130,10,2,True
132,8,2,True
134,8,2,False
132,10,2,True
134,10,2,True
128,12,2,True
130,12,2,True
128,14,2,True
130,14,2,True
132,12,2,True
134,12,2,True
132,14,2,True
134,14,2,True
136,8,2,False
138,8,2,False
136,10,2,True
138,10,2,False
140,8,2,True
142,8,2,True
140,10,2,False
142,10,2,False
136,12,2,True
138,12,2,True
136,14,2,True
138,14,2,True
140,12,2,True
142,12,2,False
140,14,2,True
142,14,2,True
144,0,2,True
146,0,2,True
144,2,2,True
146,2,2,True
148,0,2,True
150,0,2,True
148,2,2,True
150,2,2,True
144,4,2,True
146,4,2,True
144,6,2,True
146,6,2,True
148,4,2,True
150,4,2,True
148,6,2,True
150,6,2,True
152,0,2,True
154,0,2,True
152,2,2,True
154,2,2,True
156,0,2,True
158,0,2,True
156,2,2,True
158,2,2,True
152,4,2,True
154,4,2,True
152,6,2,True
154,6,2,True
156,4,2,True
158,4,2,True
156,6,2,True
158,6,2,True
144,8,2,True
146,8,2,True
144,10,2,True
146,10,2,True
148,8,2,True
150,8,2,True
148,10,2,True
150,10,2,True
144,12,2,False
146,12,2,False
144,14,2,True
146,14,2,False
148,12,2,True
150,12,2,True
148,14,2,False
150,14,2,False
152,8,2,True
154,8,2,True
152,10,2,True
154,10,2,True
156,8,2,True
158,8,2,True
156,10,2,True
158,10,2,True
152,12,2,True
154,12,2,True
152,14,2,True
154,14,2,True
156,12,2,True
158,12,2,True
156,14,2,True
158,14,2,True
128,16,2,True
130,16,2,True
128,18,2,True
130,18,2,True
132,16,2,True
134,16,2,True
132,18,2,True
134,18,2,True
128,20,2,True
130,20,2,True
128,22,2,True
130,22,2,True
132,20,2,True
134,20,2,True
132,22,2,True
134,22,2,True
136,16,2,True
138,16,2,True
136,18,2,True
138,18,2,True
140,16,2,True
142,16,2,True
140,18,2,True
142,18,2,True
136,20,2,True
138,20,2,True
136,22,2,True
138,22,2,True
140,20,2,True
142,20,2,True
140,22,2,True
142,22,2,True
128,24,2,True
130,24,2,True
128,26,2,True
130,26,2,True
132,24,2,True
134,24,2,True
132,26,2,True
134,26,2,True
128,28,2,True
130,28,2,True
128,30,2,True
130,30,2,True
132,28,2,True
134,28,2,True
132,30,2,True
134,30,2,True
136,24,2,True
138,24,2,True
136,26,2,True
138,26,2,True
140,24,2,True
142,24,2,True
140,26,2,True
142,26,2,True
136,28,2,True
138,28,2,True
136,30,2,True
138,30,2,True
140,28,2,True
142,28,2,True
140,30,2,True
142,30,2,True
144,16,2,True
146,16,2,True
144,18,2,True
146,18,2,True
148,16,2,True
150,16,2,False
148,18,2,True
150,18,2,True
144,20,2,True
146,20,2,True
144,22,2,True
146,22,2,True
148,20,2,True
150,20,2,True
148,22,2,True
150,22,2,True
152,16,2,False
154,16,2,False
152,18,2,True
154,18,2,False
156,16,2,True
158,16,2,True
156,18,2,False
158,18,2,False
152,20,2,True
154,20,2,True
152,22,2,True
154,22,2,True
156,20,2,True
158,20,2,True
156,22,2,True
158,22,2,True
144,24,2,True
146,24,2,True
144,26,2,True
146,26,2,True
148,24,2,True
150,24,2,True
148,26,2,True
150,26,2,True
144,28,2,True
146,28,2,True
144,30,2,True
146,30,2,True
148,28,2,True
150,28,2,True
148,30,2,True
150,30,2,True
152,24,2,True
154,24,2,True
152,26,2,True
154,26,2,True
156,24,2,True
158,24,2,True
156,26,2,True
158,26,2,True
152,28,2,True
154,28,2,True
152,30,2,True
154,30,2,True
156,28,2,True
158,28,2,True
156,30,2,True
158,30,2,True
128,32,2,True
130,32,2,True
128,34,2,True
130,34,2,True
132,32,2,True
134,32,2,True
132,34,2,True
134,34,2,True
128,36,2,True
130,36,2,True
128,38,2,True
130,38,2,True
132,36,2,True
134,36,2,True
132,38,2,True
134,38,2,True
136,32,2,True
138,32,2,True
136,34,2,True
138,34,2,True
140,32,2,True
142,32,2,True
140,34,2,True
142,34,2,True
136,36,2,True
138,36,2,True
136,38,2,True
138,38,2,True
140,36,2,True
142,36,2,True
140,38,2,True
142,38,2,True
128,40,2,True
130,40,2,True
128,42,2,True
130,42,2,True
132,40,2,True
134,40,2,True
132,42,2,True
134,42,2,True
128,44,2,True
130,44,2,True
128,46,2,False
130,46,2,True
132,44,2,True
134,44,2,True
132,46,2,True
134,46,2,True
136,40,2,True
138,40,2,True
136,42,2,True
138,42,2,True
140,40,2,True
142,40,2,True
140,42,2,True
142,42,2,True
136,44,2,True
138,44,2,True
136,46,2,True
138,46,2,True
140,44,2,True
142,44,2,True
140,46,2,True
142,46,2,True
144,32,2,True
146,32,2,True
144,34,2,True
146,34,2,True
148,32,2,True
150,32,2,True
148,34,2,True
150,34,2,True
144,36,2,True
146,36,2,True
144,38,2,True
146,38,2,True
148,36,2,True
150,36,2,True
148,38,2,True
150,38,2,True
152,32,2,True
154,32,2,True
152,34,2,True
154,34,2,True
156,32,2,True
158,32,2,True
156,34,2,True
158,34,2,True
152,36,2,True
154,36,2,True
152,38,2,True
154,38,2,True
156,36,2,True
158,36,2,True
156,38,2,True
158,38,2,True
144,40,2,True
146,40,2,True
144,42,2,True
146,42,2,True
148,40,2,True
150,40,2,True
148,42,2,True
150,42,2,True
144,44,2,True
146,44,2,True
144,46,2,True
146,46,2,True
148,44,2,True
150,44,2,True
148,46,2,True
150,46,2,True
152,40,2,True
154,40,2,True
152,42,2,True
154,42,2,True
156,40,2,True
158,40,2,True
156,42,2,True
158,42,2,True
152,44,2,True
154,44,2,True
152,46,2,True
154,46,2,True
156,44,2,True
158,44,2,True
156,46,2,True
158,46,2,True
128,48,2,False
130,48,2,False
128,50,2,True
130,50,2,True
132,48,2,False
134,48,2,True
132,50,2,False
134,50,2,False
128,52,2,True
130,52,2,True
128,54,2,True
130,54,2,True
132,52,2,True
134,52,2,False
132,54,2,True
134,54,2,True
136,48,2,True
138,48,2,True
136,50,2,True
138,50,2,True
140,48,2,True
142,48,2,True
140,50,2,True
142,50,2,True
136,52,2,False
138,52,2,False
136,54,2,True
138,54,2,False
140,52,2,True
142,52,2,True
140,54,2,False
142,54,2,False
128,56,2,True
130,56,2,True
128,58,2,True
130,58,2,True
132,56,2,True
134,56,2,True
132,58,2,True
134,58,2,True
128,60,2,True
130,60,2,True
128,62,2,True
130,62,2,True
132,60,2,True
134,60,2,True
132,62,2,True
134,62,2,True
136,56,2,True
138,56,2,True
136,58,2,True
138,58,2,True
140,56,2,True
142,56,2,False
140,58,2,True
142,58,2,True
136,60,2,True
138,60,2,True
136,62,2,True
138,62,2,True
140,60,2,True
142,60,2,True
140,62,2,True
142,62,2,True
144,48,2,True
146,48,2,True
144,50,2,True
146,50,2,True
148,48,2,True
150,48,2,True
148,50,2,True
150,50,2,True
144,52,2,True
146,52,2,True
144,54,2,True
146,54,2,True
148,52,2,True
150,52,2,True
148,54,2,True
150,54,2,True
152,48,2,True
154,48,2,True
152,50,2,True
154,50,2,True
156,48,2,True
158,48,2,True
156,50,2,True
158,50,2,True
152,52,2,True
154,52,2,True
152,54,2,True
154,54,2,True
156,52,2,True
158,52,2,True
156,54,2,True
158,54,2,True
144,56,2,False
146,56,2,False
144,58,2,True
146,58,2,False
148,56,2,True
150,56,2,True
148,58,2,False
150,58,2,False
144,60,2,True
146,60,2,True
144,62,2,True
146,62,2,True
148,60,2,True
150,60,2,False
148,62,2,True
150,62,2,True
152,56,2,True
154,56,2,True
152,58,2,True
154,58,2,True
156,56,2,True
158,56,2,True
156,58,2,True
158,58,2,True
152,60,2,False
154,60,2,False
152,62,2,True
154,62,2,False
156,60,2,True
158,60,2,True
156,62,2,False
158,62,2,False
128,64,2,True
130,64,2,True
128,66,2,True
130,66,2,True
132,64,2,True
134,64,2,True
132,66,2,True
134,66,2,True
128,68,2,True
130,68,2,True
128,70,2,False
130,70,2,True
132,68,2,True
134,68,2,True
132,70,2,True
134,70,2,True
136,64,2,True
138,64,2,True
136,66,2,True
138,66,2,True
140,64,2,True
142,64,2,True
140,66,2,True
142,66,2,True
136,68,2,True
138,68,2,True
136,70,2,True
138,70,2,True
140,68,2,True
142,68,2,True
140,70,2,True
142,70,2,True
128,72,2,False
130,72,2,False
128,74,2,True
130,74,2,False
132,72,2,True
134,72,2,True
132,74,2,False
134,74,2,False
128,76,2,True
130,76,2,True
128,78,2,True
130,78,2,True
132,76,2,True
134,76,2,False
132,78,2,True
134,78,2,True
136,72,2,True
138,72,2,True
136,74,2,True
138,74,2,True
140,72,2,True
142,72,2,True
140,74,2,True
142,74,2,True
136,76,2,False
138,76,2,False
136,78,2,True
138,78,2,False
140,76,2,True
142,76,2,True
140,78,2,False
142,78,2,False
144,64,2,True
146,64,2,True
144,66,2,True
146,66,2,True
148,64,2,True
150,64,2,True
148,66,2,True
150,66,2,True
144,68,2,True
146,68,2,True
144,70,2,True
146,70,2,True
148,68,2,True
150,68,2,True
148,70,2,True
150,70,2,True
152,64,2,True
154,64,2,True
152,66,2,True
154,66,2,True
156,64,2,True
158,64,2,False
156,66,2,True
158,66,2,True
152,68,2,True
154,68,2,True
152,70,2,True
154,70,2,True
156,68,2,True
158,68,2,True
156,70,2,True
158,70,2,True
144,72,2,True
146,72,2,True
144,74,2,True
146,74,2,True
148,72,2,True
150,72,2,True
148,74,2,True
150,74,2,True
144,76,2,True
146,76,2,True
144,78,2,True
146,78,2,True
148,76,2,True
150,76,2,True
148,78,2,True
150,78,2,True
152,72,2,True
154,72,2,True
152,74,2,True
154,74,2,True
156,72,2,True
158,72,2,True
156,74,2,True
158,74,2,True
152,76,2,True
154,76,2,True
152,78,2,True
154,78,2,True
156,76,2,True
158,76,2,True
156,78,2,True
158,78,2,True
128,80,2,True
130,80,2,True
128,82,2,False
130,82,2,False
132,80,2,True
134,80,2,True
132,82,2,True
134,82,2,True
128,84,2,True
130,84,2,False
128,86,2,True
130,86,2,True
132,84,2,False
134,84,2,False
132,86,2,True
134,86,2,False
136,80,2,True
138,80,2,True
136,82,2,True
138,82,2,True
140,80,2,True
142,80,2,False
140,82,2,True
142,82,2,True
136,84,2,True
138,84,2,True
136,86,2,False
138,86,2,False
140,84,2,True
142,84,2,True
140,86,2,True
142,86,2,True
128,88,2,True
130,88,2,True
128,90,2,True
130,90,2,True
132,88,2,True
134,88,2,True
132,90,2,True
134,90,2,True
128,92,2,True
130,92,2,True
128,94,2,True
130,94,2,True
132,92,2,True
134,92,2,True
132,94,2,True
134,94,2,True
136,88,2,True
138,88,2,False
136,90,2,True
138,90,2,True
140,88,2,False
142,88,2,False
140,90,2,True
142,90,2,False
136,92,2,True
138,92,2,True
136,94,2,True
138,94,2,True
140,92,2,True
142,92,2,True
140,94,2,True
142,94,2,True
144,80,2,False
146,80,2,False
144,82,2,True
146,82,2,False
148,80,2,True
150,80,2,True
148,82,2,False
150,82,2,False
144,84,2,True
146,84,2,True
144,86,2,True
146,86,2,True
148,84,2,True
150,84,2,False
148,86,2,True
150,86,2,True
152,80,2,True
154,80,2,True
152,82,2,True
154,82,2,True
156,80,2,True
158,80,2,True
156,82,2,True
158,82,2,True
152,84,2,False
154,84,2,False
152,86,2,True
154,86,2,False
156,84,2,True
158,84,2,True
156,86,2,False
158,86,2,False
144,88,2,True
146,88,2,True
144,90,2,False
146,90,2,False
148,88,2,True
150,88,2,True
148,90,2,True
150,90,2,True
144,92,2,True
146,92,2,False
144,94,2,True
146,94,2,True
148,92,2,False
150,92,2,False
148,94,2,True
150,94,2,False
152,88,2,True
154,88,2,True
152,90,2,True
154,90,2,True
156,88,2,True
158,88,2,False
156,90,2,True
158,90,2,True
152,92,2,True
154,92,2,True
152,94,2,False
154,94,2,False
156,92,2,True
158,92,2,True
156,94,2,True
158,94,2,True
128,96,2,True
130,96,2,True
128,98,2,True
130,98,2,True
132,96,2,True
134,96,2,True
132,98,2,True
134,98,2,True
128,100,2,True
130,100,2,True
128,102,2,True
130,102,2,True
132,100,2,True
134,100,2,True
132,102,2,True
134,102,2,True
136,96,2,True
138,96,2,True
136,98,2,True
138,98,2,True
140,96,2,True
142,96,2,True
140,98,2,True
142,98,2,True
136,100,2,True
138,100,2,True
136,102,2,True
138,102,2,True
140,100,2,True
142,100,2,True
140,102,2,True
142,102,2,True
136,104,2,True
138,104,2,True
136,106,2,True
138,106,2,True
140,104,2,True
142,104,2,True
140,106,2,True
142,106,2,True
144,96,2,True
146,96,2,True
144,98,2,True
146,98,2,True
148,96,2,True
150,96,2,True
148,98,2,True
150,98,2,True
144,100,2,True
146,100,2,True
144,102,2,True
146,102,2,True
148,100,2,True
150,100,2,True
148,102,2,True
150,102,2,True
152,96,2,True
154,96,2,False
152,98,2,True
154,98,2,True
156,96,2,False
158,96,2,False
156,98,2,True
158,98,2,False
152,100,2,True
154,100,2,True
152,102,2,True
154,102,2,True
156,100,2,True
158,100,2,True
156,102,2,True
158,102,2,True
144,104,2,True
146,104,2,True
144,106,2,True
146,106,2,True
148,104,2,True
150,104,2,True
148,106,2,True
150,106,2,True
144,108,2,True
146,108,2,True
144,110,2,True
146,110,2,True
148,108,2,True
150,108,2,True
148,110,2,True
150,110,2,True
152,104,2,True
154,104,2,True
152,106,2,True
154,106,2,True
156,104,2,True
158,104,2,True
156,106,2,True
158,106,2,True
152,108,2,True
154,108,2,True
152,110,2,True
154,110,2,True
156,108,2,True
158,108,2,True
156,110,2,True
158,110,2,True
128,112,2,True
130,112,2,True
128,114,2,True
130,114,2,True
128,116,2,True
130,116,2,True
128,118,2,True
130,118,2,True
132,116,2,True
134,116,2,True
132,118,2,True
134,118,2,True
128,120,2,True
130,120,2,True
128,122,2,True
130,122,2,True
132,120,2,True
134,120,2,True
132,122,2,True
134,122,2,True
128,124,2,True
130,124,2,True
128,126,2,True
130,126,2,True
132,124,2,True
134,124,2,True
132,126,2,True
134,126,2,True
136,120,2,True
138,120,2,True
136,122,2,True
138,122,2,True
140,120,2,True
142,120,2,True
140,122,2,True
142,122,2,True
136,124,2,True
138,124,2,True
136,126,2,True
138,126,2,True
140,124,2,True
142,124,2,True
140,126,2,True
142,126,2,True
152,112,2,True
154,112,2,True
152,114,2,True
154,114,2,True
156,112,2,True
158,112,2,True
156,114,2,True
158,114,2,True
144,124,2,True
146,124,2,True
144,126,2,True
146,126,2,True
148,124,2,True
150,124,2,True
148,126,2,True
150,126,2,True
128,128,2,True
130,128,2,True
128,130,2,False
130,130,2,True
132,128,2,True
134,128,2,True
132,130,2,True
134,130,2,True
128,132,2,False
130,132,2,False
128,134,2,True
130,134,2,True
132,132,2,False
134,132,2,True
132,134,2,False
134,134,2,False
136,128,2,True
138,128,2,True
136,130,2,True
138,130,2,True
140,128,2,True
142,128,2,True
140,130,2,True
142,130,2,True
136,132,2,True
138,132,2,True
136,134,2,True
138,134,2,True
140,132,2,True
142,132,2,True
140,134,2,True
142,134,2,True
128,136,2,True
130,136,2,True
128,138,2,True
130,138,2,True
132,136,2,True
134,136,2,False
132,138,2,True
134,138,2,True
128,140,2,True
130,140,2,True
128,142,2,True
130,142,2,True
132,140,2,True
134,140,2,True
132,142,2,True
134,142,2,True
136,136,2,False
138,136,2,False
136,138,2,True
138,138,2,False
140,136,2,True
142,136,2,True
140,138,2,False
142,138,2,False
136,140,2,True
138,140,2,True
136,142,2,True
138,142,2,True
140,140,2,True
142,140,2,False
140,142,2,True
142,142,2,True
144,128,2,True
146,128,2,True
144,130,2,True
146,130,2,True
148,128,2,True
150,128,2,True
148,130,2,True
150,130,2,True
144,132,2,True
146,132,2,True
144,134,2,True
146,134,2,True
148,132,2,True
150,132,2,True
148,134,2,True
150,134,2,True
152,128,2,True
154,128,2,True
152,130,2,True
154,130,2,True
156,128,2,True
158,128,2,True
156,130,2,True
158,130,2,True
152,132,2,True
154,132,2,True
152,134,2,True
154,134,2,True
156,132,2,True
158,132,2,True
156,134,2,True
158,134,2,True
144,136,2,True
146,136,2,True
144,138,2,True
146,138,2,True
148,136,2,True
150,136,2,True
148,138,2,True
150,138,2,True
144,140,2,False
146,140,2,True
144,142,2,False
146,142,2,False
148,140,2,True
150,140,2,True
148,142,2,False
150,142,2,True
152,136,2,True
154,136,2,True
152,138,2,True
154,138,2,True
156,136,2,True
158,136,2,True
156,138,2,True
158,138,2,True
152,140,2,True
154,140,2,True
152,142,2,True
154,142,2,True
156,140,2,True
158,140,2,True
156,142,2,True
158,142,2,True
128,144,2,True
130,144,2,True
128,146,2,True
130,146,2,True
132,144,2,True
134,144,2,True
132,146,2,True
134,146,2,True
128,148,2,True
130,148,2,True
128,150,2,True
130,150,2,True
132,148,2,True
134,148,2,True
132,150,2,True
134,150,2,True
136,144,2,True
138,144,2,True
136,146,2,True
138,146,2,True
140,144,2,True
142,144,2,True
140,146,2,True
142,146,2,True
136,148,2,True
138,148,2,True
136,150,2,True
138,150,2,True
140,148,2,True
142,148,2,True
140,150,2,True
142,150,2,True
136,152,2,True
138,152,2,True
136,154,2,True
138,154,2,True
140,152,2,True
142,152,2,True
140,154,2,True
142,154,2,True
140,156,2,True
142,156,2,True
140,158,2,True
142,158,2,True
144,144,2,True
146,144,2,True
144,146,2,True
146,146,2,True
148,144,2,False
150,144,2,False
148,146,2,True
150,146,2,True
144,148,2,True
146,148,2,True
144,150,2,True
146,150,2,True
148,148,2,True
150,148,2,True
148,150,2,True
150,150,2,True
152,144,2,False
154,144,2,True
152,146,2,False
154,146,2,False
156,144,2,True
158,144,2,True
156,146,2,False
158,146,2,True
152,148,2,True
154,148,2,True
152,150,2,True
154,150,2,True
156,148,2,False
158,148,2,False
156,150,2,True
158,150,2,False
144,152,2,True
146,152,2,True
144,154,2,True
146,154,2,True
148,152,2,True
150,152,2,True
148,154,2,True
150,154,2,True
144,156,2,True
146,156,2,True
144,158,2,True
146,158,2,True
148,156,2,True
150,156,2,True
148,158,2,True
150,158,2,True
152,152,2,True
154,152,2,True
152,154,2,True
154,154,2,True
156,152,2,True
158,152,2,True
156,154,2,True
158,154,2,True
152,156,2,True
154,156,2,True
152,158,2,True
154,158,2,True
156,156,2,True
158,156,2,True
156,158,2,True
158,158,2,True
148,160,2,True
150,160,2,True
148,162,2,True
150,162,2,True
152,160,2,True
154,160,2,True
152,162,2,True
154,162,2,True
156,160,2,True
158,160,2,True
156,162,2,True
158,162,2,True
156,164,2,True
158,164,2,True
156,166,2,True
158,166,2,True
128,192,2,True
130,192,2,True
128,194,2,True
130,194,2,True
128,196,2,True
130,196,2,True
128,198,2,True
130,198,2,True
132,196,2,True
134,196,2,True
132,198,2,True
134,198,2,True
136,196,2,True
138,196,2,True
136,198,2,True
138,198,2,True
128,200,2,True
130,200,2,True
128,202,2,True
130,202,2,True
132,200,2,True
134,200,2,True
132,202,2,True
134,202,2,True
128,204,2,True
130,204,2,True
128,206,2,False
130,206,2,True
132,204,2,True
134,204,2,True
132,206,2,True
134,206,2,True
136,200,2,True
138,200,2,True
136,202,2,True
138,202,2,True
140,200,2,True
142,200,2,True
140,202,2,True
142,202,2,True
136,204,2,True
138,204,2,True
136,206,2,True
138,206,2,True
140,204,2,True
142,204,2,True
140,206,2,True
142,206,2,True
144,200,2,True
146,200,2,True
144,202,2,True
146,202,2,True
144,204,2,True
146,204,2,True
144,206,2,True
146,206,2,True
148,204,2,True
150,204,2,True
148,206,2,True
150,206,2,True
128,208,2,False
130,208,2,False
128,210,2,True
130,210,2,True
132,208,2,False
134,208,2,True
132,210,2,False
134,210,2,False
128,212,2,True
130,212,2,True
128,214,2,True
130,214,2,True
132,212,2,True
134,212,2,False
132,214,2,True
134,214,2,True
136,208,2,True
138,208,2,True
136,210,2,True
138,210,2,True
140,208,2,True
142,208,2,True
140,210,2,True
142,210,2,True
136,212,2,False
138,212,2,False
136,214,2,True
138,214,2,False
140,212,2,True
142,212,2,True
140,214,2,False
142,214,2,True
128,216,2,True
130,216,2,True
128,218,2,True
130,218,2,True
132,216,2,True
134,216,2,True
132,218,2,True
134,218,2,True
128,220,2,True
130,220,2,True
128,222,2,True
130,222,2,True
132,220,2,True
134,220,2,True
132,222,2,True
134,222,2,True
136,216,2,True
138,216,2,True
136,218,2,True
138,218,2,True
140,216,2,False
142,216,2,False
140,218,2,True
142,218,2,True
136,220,2,True
138,220,2,True
136,222,2,True
138,222,2,True
140,220,2,True
142,220,2,True
140,222,2,True
142,222,2,True
144,208,2,True
146,208,2,True
144,210,2,True
146,210,2,True
148,208,2,True
150,208,2,True
148,210,2,True
150,210,2,True
144,212,2,True
146,212,2,True
144,214,2,True
146,214,2,True
148,212,2,True
150,212,2,True
148,214,2,True
150,214,2,True
152,208,2,True
154,208,2,True
152,210,2,True
154,210,2,True
156,208,2,True
158,208,2,True
156,210,2,True
158,210,2,True
152,212,2,True
154,212,2,True
152,214,2,True
154,214,2,True
156,212,2,True
158,212,2,True
156,214,2,True
158,214,2,True
144,216,2,False
146,216,2,True
144,218,2,False
146,218,2,False
148,216,2,True
150,216,2,True
148,218,2,False
150,218,2,True
144,220,2,True
146,220,2,True
144,222,2,True
146,222,2,True
148,220,2,False
150,220,2,False
148,222,2,True
150,222,2,False
152,216,2,True
154,216,2,True
152,218,2,True
154,218,2,True
156,216,2,True
158,216,2,True
156,218,2,True
158,218,2,True
152,220,2,True
154,220,2,True
152,222,2,False
154,222,2,False
156,220,2,True
158,220,2,True
156,222,2,True
158,222,2,True
128,224,2,True
130,224,2,True
128,226,2,True
130,226,2,True
132,224,2,True
134,224,2,True
132,226,2,True
134,226,2,True
128,228,2,False
130,228,2,True
128,230,2,False
130,230,2,False
132,228,2,True
134,228,2,True
132,230,2,True
134,230,2,True
136,224,2,True
138,224,2,True
136,226,2,True
138,226,2,True
140,224,2,True
142,224,2,True
140,226,2,True
142,226,2,True
136,228,2,True
138,228,2,True
136,230,2,True
138,230,2,True
140,228,2,True
142,228,2,True
140,230,2,True
142,230,2,True
128,232,2,True
130,232,2,False
128,234,2,True
130,234,2,True
132,232,2,False
134,232,2,False
132,234,2,True
134,234,2,False
128,236,2,True
130,236,2,True
128,238,2,True
130,238,2,True
132,236,2,True
134,236,2,True
132,238,2,True
134,238,2,True
136,232,2,True
138,232,2,True
136,234,2,False
138,234,2,False
140,232,2,True
142,232,2,True
140,234,2,True
142,234,2,True
136,236,2,True
138,236,2,False
136,238,2,True
138,238,2,True
140,236,2,False
142,236,2,True
140,238,2,False
142,238,2,False
144,224,2,True
146,224,2,True
144,226,2,True
146,226,2,True
148,224,2,True
150,224,2,True
148,226,2,True
150,226,2,True
144,228,2,True
146,228,2,True
144,230,2,True
146,230,2,True
148,228,2,True
150,228,2,True
148,230,2,True
150,230,2,True
152,224,2,True
154,224,2,False
152,226,2,True
154,226,2,True
156,224,2,False
158,224,2,False
156,226,2,True
158,226,2,False
152,228,2,True
154,228,2,True
152,230,2,True
154,230,2,True
156,228,2,True
158,228,2,True
156,230,2,True
158,230,2,True
144,232,2,True
146,232,2,True
144,234,2,True
146,234,2,True
148,232,2,True
150,232,2,True
148,234,2,True
150,234,2,True
144,236,2,True
146,236,2,True
144,238,2,False
146,238,2,True
148,236,2,True
150,236,2,True
148,238,2,True
150,238,2,True
152,232,2,True
154,232,2,True
152,234,2,True
154,234,2,True
156,232,2,True
158,232,2,True
156,234,2,True
158,234,2,True
152,236,2,True
154,236,2,True
152,238,2,True
154,238,2,True
156,236,2,True
158,236,2,True
156,238,2,True
158,238,2,True
128,240,2,True
130,240,2,True
128,242,2,True
130,242,2,True
132,240,2,True
134,240,2,True
132,242,2,True
134,242,2,True
132,244,2,True
134,244,2,True
132,246,2,True
134,246,2,True
136,240,2,True
138,240,2,True
136,242,2,True
138,242,2,True
140,240,2,True
142,240,2,True
140,242,2,True
142,242,2,True
136,244,2,True
138,244,2,True
136,246,2,True
138,246,2,True
140,244,2,True
142,244,2,True
140,246,2,True
142,246,2,True
140,248,2,True
142,248,2,True
140,250,2,True
142,250,2,True
144,240,2,False
146,240,2,False
144,242,2,True
146,242,2,False
148,240,2,True
150,240,2,True
148,242,2,False
150,242,2,False
144,244,2,True
146,244,2,True
144,246,2,True
146,246,2,True
148,244,2,True
150,244,2,False
148,246,2,True
150,246,2,True
152,240,2,True
154,240,2,True
152,242,2,True
154,242,2,True
156,240,2,True
158,240,2,True
156,242,2,True
158,242,2,True
152,244,2,False
154,244,2,False
152,246,2,True
154,246,2,False
156,244,2,True
158,244,2,True
156,246,2,False
158,246,2,True
144,248,2,True
146,248,2,True
144,250,2,True
146,250,2,True
148,248,2,True
150,248,2,True
148,250,2,True
150,250,2,True
144,252,2,True
146,252,2,True
144,254,2,True
146,254,2,True
148,252,2,True
150,252,2,True
148,254,2,True
150,254,2,True
152,248,2,True
154,248,2,True
152,250,2,True
154,250,2,True
156,248,2,False
158,248,2,False
156,250,2,True
158,250,2,True
152,252,2,True
154,252,2,True
152,254,2,True
154,254,2,True
156,252,2,True
158,252,2,True
156,254,2,True
158,254,2,True
152,256,2,True
154,256,2,True
152,258,2,True
154,258,2,True
156,256,2,True
158,256,2,True
156,258,2,True
158,258,2,True
156,260,2,True
158,260,2,True
156,262,2,True
158,262,2,True
128,408,2,True
130,408,2,True
128,410,2,True
130,410,2,True
132,408,2,True
134,408,2,True
132,410,2,True
134,410,2,True
128,412,2,True
130,412,2,True
128,414,2,True
130,414,2,True
132,412,2,True
134,412,2,True
132,414,2,True
134,414,2,True
136,412,2,True
138,412,2,True
136,414,2,True
138,414,2,True
140,412,2,True
142,412,2,True
140,414,2,True
142,414,2,True
128,416,2,True
130,416,2,True
128,418,2,False
130,418,2,True
132,416,2,True
134,416,2,True
132,418,2,True
134,418,2,True
128,420,2,False
130,420,2,False
128,422,2,True
130,422,2,True
132,420,2,False
134,420,2,True
132,422,2,False
134,422,2,False
136,416,2,True
138,416,2,True
136,418,2,True
138,418,2,True
140,416,2,True
142,416,2,True
140,418,2,True
142,418,2,True
136,420,2,True
138,420,2,True
136,422,2,False
138,422,2,True
140,420,2,True
142,420,2,True
140,422,2,True
142,422,2,True
128,424,2,True
130,424,2,True
128,426,2,True
130,426,2,True
132,424,2,True
134,424,2,True
132,426,2,True
134,426,2,True
128,428,2,True
130,428,2,True
128,430,2,True
130,430,2,True
132,428,2,True
134,428,2,True
132,430,2,True
134,430,2,True
136,424,2,False
138,424,2,False
136,426,2,True
138,426,2,True
140,424,2,False
142,424,2,True
140,426,2,False
142,426,2,False
136,428,2,True
138,428,2,True
136,430,2,True
138,430,2,True
140,428,2,True
142,428,2,False
140,430,2,True
142,430,2,True
144,416,2,True
146,416,2,True
144,418,2,True
146,418,2,True
148,416,2,True
150,416,2,True
148,418,2,True
150,418,2,True
144,420,2,True
146,420,2,True
144,422,2,True
146,422,2,True
148,420,2,True
150,420,2,True
148,422,2,True
150,422,2,True
152,420,2,True
154,420,2,True
152,422,2,True
154,422,2,True
156,420,2,True
158,420,2,True
156,422,2,True
158,422,2,True
144,424,2,True
146,424,2,True
144,426,2,True
146,426,2,True
148,424,2,True
150,424,2,True
148,426,2,True
150,426,2,True
144,428,2,False
146,428,2,False
144,430,2,True
146,430,2,False
148,428,2,True
150,428,2,True
148,430,2,False
150,430,2,False
152,424,2,True
154,424,2,True
152,426,2,True
154,426,2,True
156,424,2,True
158,424,2,True
156,426,2,True
158,426,2,True
152,428,2,True
154,428,2,True
152,430,2,True
154,430,2,True
156,428,2,True
158,428,2,True
156,430,2,True
158,430,2,True
132,432,2,True
134,432,2,True
132,434,2,True
134,434,2,True
136,432,2,True
138,432,2,True
136,434,2,True
138,434,2,True
140,432,2,True
142,432,2,True
140,434,2,True
142,434,2,True
136,436,2,True
138,436,2,True
136,438,2,True
138,438,2,True
140,436,2,True
142,436,2,True
140,438,2,True
142,438,2,True
144,432,2,True
146,432,2,True
144,434,2,True
146,434,2,True
148,432,2,True
150,432,2,False
148,434,2,True
150,434,2,True
144,436,2,True
146,436,2,True
144,438,2,True
146,438,2,True
148,436,2,True
150,436,2,True
148,438,2,True
150,438,2,True
152,432,2,False
154,432,2,False
152,434,2,True
154,434,2,False
156,432,2,True
158,432,2,True
156,434,2,False
158,434,2,True
152,436,2,True
154,436,2,True
152,438,2,True
154,438,2,True
156,436,2,False
158,436,2,False
156,438,2,True
158,438,2,True
144,440,2,True
146,440,2,True
144,442,2,True
146,442,2,True
148,440,2,True
150,440,2,True
148,442,2,True
150,442,2,True
152,440,2,True
154,440,2,True
152,442,2,True
154,442,2,True
156,440,2,True
158,440,2,True
156,442,2,True
158,442,2,True
152,444,2,True
154,444,2,True
152,446,2,True
154,446,2,True
156,444,2,True
158,444,2,True
156,446,2,True
158,446,2,True
156,448,2,True
158,448,2,True
156,450,2,True
158,450,2,True
160,0,2,True
162,0,2,True
160,2,2,True
162,2,2,True
164,0,2,True
166,0,2,True
164,2,2,True
166,2,2,True
160,4,2,True
162,4,2,True
160,6,2,True
162,6,2,True
164,4,2,True
166,4,2,True
164,6,2,True
166,6,2,True
168,0,2,True
170,0,2,True
168,2,2,True
170,2,2,True
172,0,2,True
174,0,2,True
172,2,2,True
174,2,2,True
168,4,2,True
170,4,2,True
168,6,2,True
170,6,2,True
172,4,2,True
174,4,2,True
172,6,2,True
174,6,2,True
160,8,2,True
162,8,2,True
160,10,2,True
162,10,2,True
164,8,2,True
166,8,2,True
164,10,2,True
166,10,2,True
160,12,2,True
162,12,2,True
160,14,2,True
162,14,2,True
164,12,2,True
166,12,2,True
164,14,2,True
166,14,2,True
168,8,2,True
170,8,2,True
168,10,2,True
170,10,2,True
172,8,2,True
174,8,2,True
172,10,2,True
174,10,2,True
168,12,2,True
170,12,2,True
168,14,2,True
170,14,2,True
172,12,2,True
174,12,2,True
172,14,2,True
174,14,2,True
176,0,2,True
178,0,2,True
176,2,2,True
178,2,2,True
180,0,2,True
182,0,2,True
180,2,2,True
182,2,2,True
176,4,2,True
178,4,2,True
176,6,2,True
178,6,2,True
180,4,2,True
182,4,2,True
180,6,2,True
182,6,2,True
184,0,2,True
186,0,2,True
184,2,2,True
186,2,2,True
188,0,2,True
190,0,2,True
188,2,2,True
190,2,2,True
184,4,2,True
186,4,2,True
184,6,2,True
186,6,2,True
188,4,2,True
190,4,2,True
188,6,2,True
190,6,2,True
176,8,2,True
178,8,2,True
176,10,2,True
178,10,2,True
180,8,2,True
182,8,2,True
180,10,2,True
182,10,2,True
176,12,2,True
178,12,2,True
176,14,2,True
178,14,2,True
180,12,2,True
182,12,2,True
180,14,2,True
182,14,2,True
184,8,2,True
186,8,2,True
184,10,2,True
186,10,2,True
188,8,2,True
190,8,2,True
188,10,2,True
190,10,2,True
184,12,2,True
186,12,2,True
184,14,2,True
186,14,2,True
188,12,2,True
190,12,2,True
188,14,2,True
190,14,2,True
160,16,2,True
162,16,2,True
160,18,2,False
162,18,2,True
164,16,2,True
166,16,2,True
164,18,2,True
166,18,2,True
160,20,2,False
162,20,2,False
160,22,2,True
162,22,2,True
164,20,2,False
166,20,2,True
164,22,2,False
166,22,2,False
168,16,2,True
170,16,2,True
168,18,2,True
170,18,2,True
172,16,2,True
174,16,2,True
172,18,2,True
174,18,2,True
168,20,2,True
170,20,2,True
168,22,2,False
170,22,2,True
172,20,2,True
174,20,2,True
172,22,2,True
174,22,2,True
160,24,2,True
162,24,2,True
160,26,2,True
162,26,2,True
164,24,2,True
166,24,2,True
164,26,2,True
166,26,2,True
160,28,2,True
162,28,2,True
160,30,2,True
162,30,2,True
164,28,2,True
166,28,2,True
164,30,2,True
166,30,2,True
168,24,2,False
170,24,2,False
168,26,2,True
170,26,2,True
172,24,2,False
174,24,2,False
172,26,2,True
174,26,2,False
168,28,2,True
170,28,2,True
168,30,2,True
170,30,2,True
172,28,2,True
174,28,2,True
172,30,2,True
174,30,2,True
176,16,2,True
178,16,2,True
176,18,2,True
178,18,2,True
180,16,2,True
182,16,2,True
180,18,2,True
182,18,2,True
176,20,2,True
178,20,2,True
176,22,2,True
178,22,2,True
180,20,2,True
182,20,2,True
180,22,2,True
182,22,2,True
184,16,2,True
186,16,2,True
184,18,2,True
186,18,2,True
188,16,2,True
190,16,2,True
188,18,2,True
190,18,2,True
184,20,2,True
186,20,2,True
184,22,2,True
186,22,2,True
188,20,2,True
190,20,2,True
188,22,2,True
190,22,2,True
176,24,2,True
178,24,2,True
176,26,2,False
178,26,2,False
180,24,2,True
182,24,2,True
180,26,2,True
182,26,2,True
176,28,2,True
178,28,2,False
176,30,2,True
178,30,2,True
180,28,2,False
182,28,2,False
180,30,2,True
182,30,2,False
184,24,2,True
186,24,2,True
184,26,2,True
186,26,2,True
188,24,2,True
190,24,2,True
188,26,2,True
190,26,2,True
184,28,2,True
186,28,2,True
184,30,2,False
186,30,2,False
188,28,2,True
190,28,2,True
188,30,2,False
190,30,2,True
160,32,2,True
162,32,2,True
160,34,2,True
162,34,2,True
164,32,2,True
166,32,2,True
164,34,2,True
166,34,2,True
160,36,2,True
162,36,2,True
160,38,2,True
162,38,2,True
164,36,2,True
166,36,2,True
164,38,2,True
166,38,2,True
168,32,2,True
170,32,2,True
168,34,2,True
170,34,2,True
172,32,2,True
174,32,2,True
172,34,2,True
174,34,2,True
168,36,2,True
170,36,2,True
168,38,2,True
170,38,2,True
172,36,2,True
174,36,2,True
172,38,2,True
174,38,2,True
160,40,2,True
162,40,2,True
160,42,2,True
162,42,2,True
164,40,2,True
166,40,2,True
164,42,2,True
166,42,2,True
160,44,2,True
162,44,2,True
160,46,2,True
162,46,2,True
164,44,2,True
166,44,2,True
164,46,2,True
166,46,2,True
168,40,2,True
170,40,2,True
168,42,2,True
170,42,2,True
172,40,2,True
174,40,2,True
172,42,2,True
174,42,2,True
168,44,2,True
170,44,2,True
168,46,2,True
170,46,2,True
172,44,2,True
174,44,2,True
172,46,2,True
174,46,2,True
176,32,2,True
178,32,2,True
176,34,2,True
178,34,2,True
180,32,2,True
182,32,2,True
180,34,2,True
182,34,2,True
176,36,2,True
178,36,2,True
176,38,2,True
178,38,2,True
180,36,2,True
182,36,2,True
180,38,2,True
182,38,2,True
184,32,2,True
186,32,2,True
184,34,2,True
186,34,2,True
188,32,2,False
190,32,2,False
188,34,2,True
190,34,2,True
184,36,2,True
186,36,2,True
184,38,2,True
186,38,2,True
188,36,2,True
190,36,2,True
188,38,2,True
190,38,2,True
176,40,2,True
178,40,2,True
176,42,2,True
178,42,2,True
180,40,2,True
182,40,2,True
180,42,2,True
182,42,2,True
176,44,2,True
178,44,2,True
176,46,2,True
178,46,2,True
180,44,2,True
182,44,2,True
180,46,2,True
182,46,2,True
184,40,2,True
186,40,2,True
184,42,2,True
186,42,2,True
188,40,2,True
190,40,2,True
188,42,2,True
190,42,2,True
184,44,2,True
186,44,2,True
184,46,2,True
186,46,2,True
188,44,2,True
190,44,2,True
188,46,2,True
190,46,2,True
160,48,2,True
162,48,2,True
160,50,2,True
162,50,2,True
164,48,2,True
166,48,2,True
164,50,2,True
166,50,2,True
160,52,2,True
162,52,2,True
160,54,2,True
162,54,2,True
164,52,2,True
166,52,2,True
164,54,2,True
166,54,2,True
168,48,2,True
170,48,2,True
168,50,2,True
170,50,2,True
172,48,2,True
174,48,2,True
172,50,2,True
174,50,2,True
168,52,2,True
170,52,2,True
168,54,2,True
170,54,2,True
172,52,2,True
174,52,2,True
172,54,2,True
174,54,2,True
160,56,2,True
162,56,2,True
160,58,2,True
162,58,2,True
164,56,2,True
166,56,2,True
164,58,2,True
166,58,2,True
160,60,2,True
162,60,2,True
160,62,2,True
162,62,2,True
164,60,2,True
166,60,2,True
164,62,2,True
166,62,2,True
168,56,2,True
170,56,2,True
168,58,2,True
170,58,2,True
172,56,2,True
174,56,2,True
172,58,2,True
174,58,2,True
168,60,2,True
170,60,2,True
168,62,2,True
170,62,2,True
172,60,2,True
174,60,2,True
172,62,2,True
174,62,2,True
176,48,2,True
178,48,2,True
176,50,2,True
178,50,2,True
180,48,2,True
182,48,2,True
180,50,2,True
182,50,2,True
176,52,2,True
178,52,2,True
176,54,2,True
178,54,2,True
180,52,2,True
182,52,2,True
180,54,2,True
182,54,2,True
184,48,2,True
186,48,2,True
184,50,2,True
186,50,2,True
188,48,2,True
190,48,2,True
188,50,2,True
190,50,2,True
184,52,2,True
186,52,2,True
184,54,2,True
186,54,2,True
188,52,2,True
190,52,2,True
188,54,2,True
190,54,2,True
176,56,2,True
178,56,2,True
176,58,2,True
178,58,2,True
180,56,2,True
182,56,2,True
180,58,2,True
182,58,2,True
176,60,2,True
178,60,2,True
176,62,2,True
178,62,2,True
180,60,2,True
182,60,2,True
180,62,2,True
182,62,2,True
184,56,2,True
186,56,2,True
184,58,2,True
186,58,2,True
188,56,2,True
190,56,2,True
188,58,2,True
190,58,2,True
184,60,2,True
186,60,2,True
184,62,2,True
186,62,2,True
188,60,2,True
190,60,2,True
188,62,2,True
190,62,2,True
160,64,2,False
162,64,2,False
160,66,2,True
162,66,2,False
164,64,2,True
166,64,2,True
164,66,2,False
166,66,2,False
160,68,2,True
162,68,2,True
160,70,2,True
162,70,2,True
164,68,2,True
166,68,2,False
164,70,2,True
166,70,2,True
168,64,2,True
170,64,2,True
168,66,2,True
170,66,2,True
172,64,2,True
174,64,2,True
172,66,2,True
174,66,2,True
168,68,2,False
170,68,2,False
168,70,2,True
170,70,2,False
172,68,2,True
174,68,2,True
172,70,2,False
174,70,2,False
160,72,2,True
162,72,2,True
160,74,2,True
162,74,2,True
164,72,2,True
166,72,2,True
164,74,2,True
166,74,2,True
160,76,2,True
162,76,2,True
160,78,2,True
162,78,2,True
164,76,2,True
166,76,2,True
164,78,2,True
166,78,2,True
168,72,2,True
170,72,2,True
168,74,2,True
170,74,2,True
172,72,2,True
174,72,2,False
172,74,2,True
174,74,2,True
168,76,2,True
170,76,2,True
168,78,2,True
170,78,2,True
172,76,2,True
174,76,2,True
172,78,2,True
174,78,2,True
176,64,2,True
178,64,2,True
176,66,2,True
178,66,2,True
180,64,2,True
182,64,2,True
180,66,2,True
182,66,2,True
176,68,2,True
178,68,2,True
176,70,2,True
178,70,2,True
180,68,2,True
182,68,2,True
180,70,2,True
182,70,2,True
184,64,2,True
186,64,2,True
184,66,2,True
186,66,2,True
188,64,2,True
190,64,2,True
188,66,2,True
190,66,2,True
184,68,2,True
186,68,2,True
184,70,2,True
186,70,2,True
188,68,2,True
190,68,2,True
188,70,2,True
190,70,2,True
176,72,2,False
178,72,2,False
176,74,2,True
178,74,2,False
180,72,2,True
182,72,2,True
180,74,2,False
182,74,2,False
176,76,2,True
178,76,2,True
176,78,2,True
178,78,2,True
180,76,2,True
182,76,2,False
180,78,2,True
182,78,2,True
184,72,2,True
186,72,2,True
184,74,2,True
186,74,2,True
188,72,2,True
190,72,2,True
188,74,2,True
190,74,2,True
184,76,2,False
186,76,2,False
184,78,2,True
186,78,2,True
188,76,2,False
190,76,2,True
188,78,2,False
190,78,2,False
160,80,2,True
162,80,2,True
160,82,2,True
162,82,2,True
164,80,2,True
166,80,2,True
164,82,2,True
166,82,2,True
160,84,2,True
162,84,2,True
160,86,2,True
162,86,2,True
164,84,2,True
166,84,2,True
164,86,2,True
166,86,2,True
168,80,2,True
170,80,2,True
168,82,2,True
170,82,2,True
172,80,2,True
174,80,2,True
172,82,2,True
174,82,2,True
168,84,2,True
170,84,2,True
168,86,2,True
170,86,2,True
172,84,2,True
174,84,2,True
172,86,2,True
174,86,2,True
160,88,2,False
162,88,2,False
160,90,2,True
162,90,2,False
164,88,2,True
166,88,2,True
164,90,2,False
166,90,2,False
160,92,2,True
162,92,2,True
160,94,2,True
162,94,2,True
164,92,2,True
166,92,2,False
164,94,2,True
166,94,2,True
168,88,2,True
170,88,2,True
168,90,2,True
170,90,2,True
172,88,2,True
174,88,2,True
172,90,2,True
174,90,2,True
168,92,2,False
170,92,2,False
168,94,2,True
170,94,2,False
172,92,2,True
174,92,2,True
172,94,2,False
174,94,2,False
176,80,2,True
178,80,2,True
176,82,2,True
178,82,2,True
180,80,2,True
182,80,2,True
180,82,2,True
182,82,2,True
176,84,2,True
178,84,2,True
176,86,2,True
178,86,2,True
180,84,2,True
182,84,2,True
180,86,2,True
182,86,2,True
184,80,2,True
186,80,2,True
184,82,2,True
186,82,2,True
188,80,2,True
190,80,2,True
188,82,2,True
190,82,2,True
184,84,2,True
186,84,2,True
184,86,2,True
186,86,2,True
188,84,2,True
190,84,2,True
188,86,2,True
190,86,2,True
176,88,2,True
178,88,2,True
176,90,2,True
178,90,2,True
180,88,2,True
182,88,2,True
180,90,2,True
182,90,2,True
176,92,2,True
178,92,2,True
176,94,2,True
178,94,2,True
180,92,2,True
182,92,2,True
180,94,2,True
182,94,2,True
184,88,2,True
186,88,2,True
184,90,2,True
186,90,2,True
188,88,2,True
190,88,2,True
188,90,2,True
190,90,2,True
184,92,2,True
186,92,2,True
184,94,2,True
186,94,2,True
188,92,2,True
190,92,2,True
188,94,2,True
190,94,2,True
160,96,2,True
162,96,2,True
160,98,2,False
162,98,2,False
164,96,2,True
166,96,2,True
164,98,2,True
166,98,2,True
160,100,2,True
162,100,2,False
160,102,2,True
162,102,2,True
164,100,2,False
166,100,2,False
164,102,2,True
166,102,2,False
168,96,2,True
170,96,2,True
168,98,2,True
170,98,2,True
172,96,2,True
174,96,2,False
172,98,2,True
174,98,2,True
168,100,2,True
170,100,2,True
168,102,2,False
170,102,2,False
172,100,2,True
174,100,2,True
172,102,2,True
174,102,2,True
160,104,2,True
162,104,2,True
160,106,2,True
162,106,2,True
164,104,2,True
166,104,2,True
164,106,2,True
166,106,2,True
160,108,2,True
162,108,2,True
160,110,2,True
162,110,2,True
164,108,2,True
166,108,2,True
164,110,2,True
166,110,2,True
168,104,2,True
170,104,2,False
168,106,2,True
170,106,2,True
172,104,2,False
174,104,2,False
172,106,2,True
174,106,2,True
168,108,2,True
170,108,2,True
168,110,2,True
170,110,2,True
172,108,2,True
174,108,2,True
172,110,2,True
174,110,2,True
176,96,2,False
178,96,2,False
176,98,2,True
178,98,2,True
180,96,2,False
182,96,2,True
180,98,2,False
182,98,2,False
176,100,2,True
178,100,2,True
176,102,2,True
178,102,2,True
180,100,2,True
182,100,2,True
180,102,2,True
182,102,2,True
184,96,2,True
186,96,2,True
184,98,2,False
186,98,2,True
188,96,2,True
190,96,2,True
188,98,2,True
190,98,2,True
184,100,2,False
186,100,2,False
184,102,2,True
186,102,2,True
188,100,2,False
190,100,2,True
188,102,2,False
190,102,2,False
176,104,2,False
178,104,2,True
176,106,2,False
178,106,2,False
180,104,2,True
182,104,2,True
180,106,2,False
182,106,2,True
176,108,2,True
178,108,2,True
176,110,2,True
178,110,2,True
180,108,2,False
182,108,2,False
180,110,2,True
182,110,2,True
184,104,2,True
186,104,2,True
184,106,2,True
186,106,2,True
188,104,2,True
190,104,2,True
188,106,2,True
190,106,2,True
184,108,2,False
186,108,2,True
184,110,2,False
186,110,2,False
188,108,2,True
190,108,2,True
188,110,2,False
190,110,2,True
160,112,2,True
162,112,2,True
160,114,2,True
162,114,2,True
164,112,2,True
166,112,2,True
164,114,2,True
166,114,2,True
160,116,2,True
162,116,2,True
160,118,2,True
162,118,2,True
164,116,2,True
166,116,2,True
164,118,2,True
166,118,2,True
168,112,2,True
170,112,2,True
168,114,2,True
170,114,2,True
172,112,2,True
174,112,2,True
172,114,2,True
174,114,2,True
168,116,2,True
170,116,2,True
168,118,2,True
170,118,2,True
172,116,2,True
174,116,2,True
172,118,2,True
174,118,2,True
168,120,2,True
170,120,2,True
168,122,2,True
170,122,2,True
172,120,2,True
174,120,2,True
172,122,2,True
174,122,2,True
176,112,2,True
178,112,2,True
176,114,2,True
178,114,2,True
180,112,2,True
182,112,2,True
180,114,2,True
182,114,2,True
176,116,2,True
178,116,2,True
176,118,2,True
178,118,2,True
180,116,2,True
182,116,2,True
180,118,2,True
182,118,2,True
184,112,2,True
186,112,2,True
184,114,2,True
186,114,2,True
188,112,2,False
190,112,2,False
188,114,2,True
190,114,2,True
184,116,2,True
186,116,2,True
184,118,2,True
186,118,2,True
188,116,2,True
190,116,2,True
188,118,2,True
190,118,2,True
176,120,2,True
178,120,2,True
176,122,2,True
178,122,2,True
180,120,2,True
182,120,2,True
180,122,2,True
182,122,2,True
176,124,2,True
178,124,2,True
176,126,2,True
178,126,2,True
180,124,2,True
182,124,2,True
180,126,2,True
182,126,2,True
184,120,2,True
186,120,2,True
184,122,2,True
186,122,2,True
188,120,2,True
190,120,2,True
188,122,2,True
190,122,2,True
184,124,2,True
186,124,2,True
184,126,2,True
186,126,2,True
188,124,2,True
190,124,2,True
188,126,2,True
190,126,2,True
160,132,2,True
162,132,2,True
160,134,2,True
162,134,2,True
164,132,2,True
166,132,2,True
164,134,2,True
166,134,2,True
160,136,2,True
162,136,2,True
160,138,2,True
162,138,2,True
164,136,2,True
166,136,2,True
164,138,2,True
166,138,2,True
160,140,2,True
162,140,2,True
160,142,2,True
162,142,2,True
164,140,2,True
166,140,2,True
164,142,2,True
166,142,2,True
168,136,2,True
170,136,2,True
168,138,2,True
170,138,2,True
172,136,2,True
174,136,2,True
172,138,2,True
174,138,2,True
168,140,2,True
170,140,2,True
168,142,2,True
170,142,2,True
172,140,2,True
174,140,2,True
172,142,2,True
174,142,2,True
184,128,2,True
186,128,2,True
184,130,2,True
186,130,2,True
188,128,2,True
190,128,2,True
188,130,2,True
190,130,2,True
176,140,2,True
178,140,2,True
176,142,2,True
178,142,2,True
180,140,2,True
182,140,2,True
180,142,2,True
182,142,2,True
160,144,2,True
162,144,2,True
160,146,2,True
162,146,2,True
164,144,2,True
166,144,2,True
164,146,2,True
166,146,2,True
160,148,2,True
162,148,2,True
160,150,2,False
162,150,2,False
164,148,2,True
166,148,2,True
164,150,2,True
166,150,2,True
168,144,2,True
170,144,2,True
168,146,2,True
170,146,2,True
172,144,2,True
174,144,2,True
172,146,2,True
174,146,2,True
168,148,2,True
170,148,2,True
168,150,2,True
170,150,2,True
172,148,2,True
174,148,2,True
172,150,2,True
174,150,2,True
160,152,2,True
162,152,2,False
160,154,2,True
162,154,2,True
164,152,2,False
166,152,2,False
164,154,2,True
166,154,2,False
160,156,2,True
162,156,2,True
160,158,2,True
162,158,2,True
164,156,2,True
166,156,2,True
164,158,2,True
166,158,2,True
168,152,2,True
170,152,2,True
168,154,2,False
170,154,2,False
172,152,2,True
174,152,2,True
172,154,2,True
174,154,2,True
168,156,2,True
170,156,2,False
168,158,2,True
170,158,2,True
172,156,2,False
174,156,2,False
172,158,2,True
174,158,2,False
176,144,2,True
178,144,2,True
176,146,2,True
178,146,2,True
180,144,2,True
182,144,2,True
180,146,2,True
182,146,2,True
176,148,2,True
178,148,2,True
176,150,2,True
178,150,2,True
180,148,2,True
182,148,2,True
180,150,2,True
182,150,2,True
184,144,2,True
186,144,2,True
184,146,2,True
186,146,2,True
188,144,2,True
190,144,2,True
188,146,2,True
190,146,2,True
184,148,2,True
186,148,2,True
184,150,2,True
186,150,2,True
188,148,2,True
190,148,2,True
188,150,2,True
190,150,2,True
176,152,2,True
178,152,2,True
176,154,2,True
178,154,2,True
180,152,2,True
182,152,2,True
180,154,2,True
182,154,2,True
176,156,2,True
178,156,2,True
176,158,2,False
178,158,2,False
180,156,2,True
182,156,2,True
180,158,2,True
182,158,2,True
184,152,2,True
186,152,2,True
184,154,2,True
186,154,2,True
188,152,2,True
190,152,2,True
188,154,2,True
190,154,2,True
184,156,2,True
186,156,2,True
184,158,2,True
186,158,2,True
188,156,2,True
190,156,2,True
188,158,2,True
190,158,2,True
160,160,2,True
162,160,2,True
160,162,2,True
162,162,2,True
164,160,2,True
166,160,2,True
164,162,2,True
166,162,2,True
160,164,2,True
162,164,2,True
160,166,2,True
162,166,2,True
164,164,2,True
166,164,2,True
164,166,2,True
166,166,2,True
168,160,2,True
170,160,2,True
168,162,2,True
170,162,2,True
172,160,2,True
174,160,2,True
172,162,2,True
174,162,2,True
168,164,2,True
170,164,2,True
168,166,2,True
170,166,2,True
172,164,2,True
174,164,2,True
172,166,2,True
174,166,2,True
160,168,2,True
162,168,2,True
160,170,2,True
162,170,2,True
164,168,2,True
166,168,2,True
164,170,2,True
166,170,2,True
168,168,2,True
170,168,2,True
168,170,2,True
170,170,2,True
172,168,2,True
174,168,2,True
172,170,2,True
174,170,2,True
168,172,2,True
170,172,2,True
168,174,2,True
170,174,2,True
172,172,2,True
174,172,2,True
172,174,2,True
174,174,2,True
176,160,2,True
178,160,2,False
176,162,2,True
178,162,2,True
180,160,2,False
182,160,2,False
180,162,2,True
182,162,2,False
176,164,2,True
178,164,2,True
176,166,2,True
178,166,2,True
180,164,2,True
182,164,2,True
180,166,2,True
182,166,2,True
184,160,2,True
186,160,2,True
184,162,2,False
186,162,2,False
188,160,2,True
190,160,2,True
188,162,2,True
190,162,2,True
184,164,2,True
186,164,2,False
184,166,2,True
186,166,2,True
188,164,2,False
190,164,2,False
188,166,2,True
190,166,2,False
176,168,2,True
178,168,2,True
176,170,2,True
178,170,2,True
180,168,2,True
182,168,2,True
180,170,2,True
182,170,2,True
176,172,2,True
178,172,2,True
176,174,2,True
178,174,2,True
180,172,2,True
182,172,2,True
180,174,2,True
182,174,2,True
184,168,2,True
186,168,2,True
184,170,2,True
186,170,2,True
188,168,2,True
190,168,2,True
188,170,2,True
190,170,2,True
184,172,2,True
186,172,2,True
184,174,2,True
186,174,2,True
188,172,2,True
190,172,2,True
188,174,2,True
190,174,2,True
176,176,2,True
178,176,2,True
176,178,2,True
178,178,2,True
180,176,2,True
182,176,2,True
180,178,2,True
182,178,2,True
184,176,2,True
186,176,2,True
184,178,2,True
186,178,2,True
188,176,2,True
190,176,2,True
188,178,2,True
190,178,2,True
184,180,2,True
186,180,2,True
184,182,2,True
186,182,2,True
188,180,2,True
190,180,2,True
188,182,2,True
190,182,2,True
188,184,2,True
190,184,2,True
188,186,2,True
190,186,2,True
160,212,2,True
162,212,2,True
160,214,2,True
162,214,2,True
164,212,2,True
166,212,2,True
164,214,2,True
166,214,2,True
160,216,2,True
162,216,2,True
160,218,2,True
162,218,2,True
164,216,2,True
166,216,2,True
164,218,2,True
166,218,2,True
160,220,2,True
162,220,2,True
160,222,2,True
162,222,2,True
164,220,2,True
166,220,2,True
164,222,2,True
166,222,2,True
168,216,2,True
170,216,2,True
168,218,2,True
170,218,2,True
172,216,2,True
174,216,2,True
172,218,2,True
174,218,2,True
168,220,2,True
170,220,2,True
168,222,2,True
170,222,2,True
172,220,2,True
174,220,2,True
172,222,2,True
174,222,2,True
176,220,2,True
178,220,2,True
176,222,2,True
178,222,2,True
180,220,2,True
182,220,2,True
180,222,2,True
182,222,2,True
160,224,2,True
162,224,2,True
160,226,2,False
162,226,2,True
164,224,2,True
166,224,2,True
164,226,2,True
166,226,2,True
160,228,2,False
162,228,2,False
160,230,2,True
162,230,2,True
164,228,2,False
166,228,2,True
164,230,2,False
166,230,2,False
168,224,2,True
170,224,2,True
168,226,2,True
170,226,2,True
172,224,2,True
174,224,2,True
172,226,2,True
174,226,2,True
168,228,2,True
170,228,2,True
168,230,2,False
170,230,2,True
172,228,2,True
174,228,2,True
172,230,2,True
174,230,2,True
160,232,2,True
162,232,2,True
160,234,2,True
162,234,2,True
164,232,2,True
166,232,2,True
164,234,2,True
166,234,2,True
160,236,2,True
162,236,2,True
160,238,2,True
162,238,2,True
164,236,2,True
166,236,2,True
164,238,2,True
166,238,2,True
168,232,2,False
170,232,2,False
168,234,2,True
170,234,2,True
172,232,2,False
174,232,2,True
172,234,2,False
174,234,2,False
168,236,2,True
170,236,2,True
168,238,2,True
170,238,2,True
172,236,2,True
174,236,2,True
172,238,2,True
174,238,2,True
176,224,2,True
178,224,2,True
176,226,2,True
178,226,2,True
180,224,2,True
182,224,2,True
180,226,2,True
182,226,2,True
176,228,2,True
178,228,2,True
176,230,2,True
178,230,2,True
180,228,2,True
182,228,2,True
180,230,2,True
182,230,2,True
184,224,2,True
186,224,2,True
184,226,2,True
186,226,2,True
188,224,2,True
190,224,2,True
188,226,2,True
190,226,2,True
184,228,2,True
186,228,2,True
184,230,2,True
186,230,2,True
188,228,2,True
190,228,2,True
188,230,2,True
190,230,2,True
176,232,2,True
178,232,2,True
176,234,2,False
178,234,2,True
180,232,2,True
182,232,2,True
180,234,2,True
182,234,2,True
176,236,2,False
178,236,2,False
176,238,2,True
178,238,2,False
180,236,2,True
182,236,2,True
180,238,2,False
182,238,2,False
184,232,2,True
186,232,2,True
184,234,2,True
186,234,2,True
188,232,2,True
190,232,2,True
188,234,2,True
190,234,2,True
184,236,2,True
186,236,2,True
184,238,2,True
186,238,2,True
188,236,2,True
190,236,2,True
188,238,2,True
190,238,2,True
160,240,2,True
162,240,2,True
160,242,2,True
162,242,2,True
164,240,2,True
166,240,2,True
164,242,2,True
166,242,2,True
160,244,2,True
162,244,2,True
160,246,2,True
162,246,2,True
164,244,2,True
166,244,2,True
164,246,2,True
166,246,2,True
168,240,2,True
170,240,2,True
168,242,2,True
170,242,2,True
172,240,2,True
174,240,2,True
172,242,2,True
174,242,2,True
168,244,2,True
170,244,2,True
168,246,2,True
170,246,2,True
172,244,2,True
174,244,2,True
172,246,2,True
174,246,2,True
160,248,2,False
162,248,2,True
160,250,2,False
162,250,2,False
164,248,2,True
166,248,2,True
164,250,2,False
166,250,2,True
160,252,2,True
162,252,2,True
160,254,2,True
162,254,2,True
164,252,2,False
166,252,2,False
164,254,2,True
166,254,2,False
168,248,2,True
170,248,2,True
168,250,2,True
170,250,2,True
172,248,2,True
174,248,2,True
172,250,2,True
174,250,2,True
168,252,2,True
170,252,2,True
168,254,2,False
170,254,2,False
172,252,2,True
174,252,2,True
172,254,2,True
174,254,2,True
176,240,2,True
178,240,2,True
176,242,2,True
178,242,2,True
180,240,2,True
182,240,2,False
180,242,2,True
182,242,2,True
176,244,2,True
178,244,2,True
176,246,2,True
178,246,2,True
180,244,2,True
182,244,2,True
180,246,2,True
182,246,2,True
184,240,2,False
186,240,2,False
184,242,2,True
186,242,2,False
188,240,2,True
190,240,2,True
188,242,2,False
190,242,2,False
184,244,2,True
186,244,2,True
184,246,2,True
186,246,2,True
188,244,2,True
190,244,2,False
188,246,2,True
190,246,2,True
176,248,2,True
178,248,2,True
176,250,2,True
178,250,2,True
180,248,2,True
182,248,2,True
180,250,2,True
182,250,2,True
176,252,2,True
178,252,2,True
176,254,2,True
178,254,2,True
180,252,2,True
182,252,2,True
180,254,2,True
182,254,2,True
184,248,2,True
186,248,2,True
184,250,2,True
186,250,2,True
188,248,2,True
190,248,2,True
188,250,2,True
190,250,2,True
184,252,2,True
186,252,2,True
184,254,2,True
186,254,2,True
188,252,2,True
190,252,2,True
188,254,2,True
190,254,2,True
160,256,2,True
162,256,2,True
160,258,2,True
162,258,2,True
164,256,2,True
166,256,2,True
164,258,2,True
166,258,2,True
160,260,2,True
162,260,2,True
160,262,2,True
162,262,2,True
164,260,2,True
166,260,2,True
164,262,2,True
166,262,2,True
168,256,2,True
170,256,2,False
168,258,2,True
170,258,2,True
172,256,2,False
174,256,2,False
172,258,2,True
174,258,2,False
168,260,2,True
170,260,2,True
168,262,2,True
170,262,2,True
172,260,2,True
174,260,2,True
172,262,2,True
174,262,2,True
164,264,2,True
166,264,2,True
164,266,2,True
166,266,2,True
168,264,2,True
170,264,2,True
168,266,2,True
170,266,2,True
172,264,2,True
174,264,2,True
172,266,2,True
174,266,2,True
168,268,2,True
170,268,2,True
168,270,2,True
170,270,2,True
172,268,2,True
174,268,2,True
172,270,2,True
174,270,2,True
176,256,2,True
178,256,2,True
176,258,2,False
178,258,2,True
180,256,2,True
182,256,2,True
180,258,2,True
182,258,2,True
176,260,2,False
178,260,2,False
176,262,2,True
178,262,2,True
180,260,2,False
182,260,2,True
180,262,2,False
182,262,2,False
184,256,2,True
186,256,2,True
184,258,2,True
186,258,2,True
188,256,2,True
190,256,2,True
188,258,2,True
190,258,2,True
184,260,2,True
186,260,2,True
184,262,2,False
186,262,2,True
188,260,2,True
190,260,2,True
188,262,2,True
190,262,2,True
176,264,2,True
178,264,2,True
176,266,2,True
178,266,2,True
180,264,2,True
182,264,2,True
180,266,2,True
182,266,2,True
176,268,2,True
178,268,2,True
176,270,2,True
178,270,2,True
180,268,2,True
182,268,2,True
180,270,2,True
182,270,2,True
184,264,2,False
186,264,2,False
184,266,2,True
186,266,2,True
188,264,2,False
190,264,2,True
188,266,2,False
190,266,2,False
184,268,2,True
186,268,2,True
184,270,2,True
186,270,2,True
188,268,2,True
190,268,2,True
188,270,2,True
190,270,2,True
176,272,2,True
178,272,2,True
176,274,2,True
178,274,2,True
180,272,2,True
182,272,2,True
180,274,2,True
182,274,2,True
180,276,2,True
182,276,2,True
180,278,2,True
182,278,2,True
184,272,2,True
186,272,2,True
184,274,2,True
186,274,2,True
188,272,2,True
190,272,2,True
188,274,2,True
190,274,2,True
184,276,2,True
186,276,2,True
184,278,2,True
186,278,2,True
188,276,2,True
190,276,2,True
188,278,2,True
190,278,2,True
188,280,2,True
190,280,2,True
188,282,2,True
190,282,2,True
160,424,2,True
162,424,2,True
160,426,2,True
162,426,2,True
164,424,2,True
166,424,2,True
164,426,2,True
166,426,2,True
160,428,2,True
162,428,2,True
160,430,2,True
162,430,2,True
164,428,2,True
166,428,2,True
164,430,2,True
166,430,2,True
168,428,2,True
170,428,2,True
168,430,2,True
170,430,2,True
172,428,2,True
174,428,2,True
172,430,2,True
174,430,2,True
160,432,2,True
162,432,2,True
160,434,2,True
162,434,2,True
164,432,2,True
166,432,2,True
164,434,2,True
166,434,2,True
160,436,2,False
162,436,2,True
160,438,2,False
162,438,2,False
164,436,2,True
166,436,2,True
164,438,2,False
166,438,2,True
168,432,2,True
170,432,2,True
168,434,2,True
170,434,2,True
172,432,2,True
174,432,2,True
172,434,2,True
174,434,2,True
168,436,2,True
170,436,2,True
168,438,2,True
170,438,2,True
172,436,2,True
174,436,2,True
172,438,2,True
174,438,2,True
160,440,2,True
162,440,2,True
160,442,2,True
162,442,2,True
164,440,2,False
166,440,2,False
164,442,2,True
166,442,2,True
160,444,2,True
162,444,2,True
160,446,2,True
162,446,2,True
164,444,2,True
166,444,2,True
164,446,2,True
166,446,2,True
168,440,2,False
170,440,2,True
168,442,2,False
170,442,2,False
172,440,2,True
174,440,2,True
172,442,2,False
174,442,2,True
168,444,2,True
170,444,2,True
168,446,2,True
170,446,2,True
172,444,2,False
174,444,2,False
172,446,2,True
174,446,2,True
176,432,2,True
178,432,2,True
176,434,2,True
178,434,2,True
180,432,2,True
182,432,2,True
180,434,2,True
182,434,2,True
176,436,2,True
178,436,2,True
176,438,2,True
178,438,2,True
180,436,2,True
182,436,2,True
180,438,2,True
182,438,2,True
184,436,2,True
186,436,2,True
184,438,2,True
186,438,2,True
188,436,2,True
190,436,2,True
188,438,2,True
190,438,2,True
176,440,2,True
178,440,2,True
176,442,2,True
178,442,2,True
180,440,2,True
182,440,2,True
180,442,2,True
182,442,2,True
176,444,2,False
178,444,2,True
176,446,2,False
178,446,2,False
180,444,2,True
182,444,2,True
180,446,2,True
182,446,2,True
184,440,2,True
186,440,2,True
184,442,2,True
186,442,2,True
188,440,2,True
190,440,2,True
188,442,2,True
190,442,2,True
184,444,2,True
186,444,2,True
184,446,2,True
186,446,2,True
188,444,2,True
190,444,2,True
188,446,2,True
190,446,2,True
160,448,2,True
162,448,2,True
160,450,2,True
162,450,2,True
164,448,2,True
166,448,2,True
164,450,2,True
166,450,2,True
164,452,2,True
166,452,2,True
164,454,2,True
166,454,2,True
168,448,2,True
170,448,2,True
168,450,2,True
170,450,2,True
172,448,2,True
174,448,2,True
172,450,2,True
174,450,2,True
168,452,2,True
170,452,2,True
168,454,2,True
170,454,2,True
172,452,2,True
174,452,2,True
172,454,2,True
174,454,2,True
168,456,2,True
170,456,2,True
168,458,2,True
170,458,2,True
172,456,2,True
174,456,2,True
172,458,2,True
174,458,2,True
176,448,2,True
178,448,2,False
176,450,2,True
178,450,2,True
180,448,2,False
182,448,2,False
180,450,2,True
182,450,2,False
176,452,2,True
178,452,2,True
176,454,2,True
178,454,2,True
180,452,2,True
182,452,2,True
180,454,2,True
182,454,2,True
184,448,2,True
186,448,2,True
184,450,2,False
186,450,2,False
188,448,2,True
190,448,2,True
188,450,2,True
190,450,2,True
184,452,2,True
186,452,2,False
184,454,2,True
186,454,2,True
188,452,2,False
190,452,2,False
188,454,2,True
190,454,2,False
176,456,2,True
178,456,2,True
176,458,2,True
178,458,2,True
180,456,2,True
182,456,2,True
180,458,2,True
182,458,2,True
176,460,2,True
178,460,2,True
176,462,2,True
178,462,2,True
180,460,2,True
182,460,2,True
180,462,2,True
182,462,2,True
184,456,2,True
186,456,2,True
184,458,2,True
186,458,2,True
188,456,2,True
190,456,2,True
188,458,2,True
190,458,2,True
184,460,2,True
186,460,2,True
184,462,2,True
186,462,2,True
188,460,2,True
190,460,2,True
188,462,2,True
190,462,2,True
184,464,2,True
186,464,2,True
184,466,2,True
186,466,2,True
188,464,2,True
190,464,2,True
188,466,2,True
190,466,2,True
188,468,2,True
190,468,2,True
188,470,2,True
190,470,2,True
192,0,2,True
194,0,2,True
192,2,2,True
194,2,2,True
196,0,2,True
198,0,2,True
196,2,2,True
198,2,2,True
192,4,2,True
194,4,2,True
192,6,2,True
194,6,2,True
196,4,2,True
198,4,2,True
196,6,2,True
198,6,2,True
200,0,2,True
202,0,2,True
200,2,2,True
202,2,2,True
204,0,2,True
206,0,2,True
204,2,2,True
206,2,2,True
200,4,2,True
202,4,2,True
200,6,2,True
202,6,2,True
204,4,2,True
206,4,2,True
204,6,2,True
206,6,2,True
192,8,2,True
194,8,2,True
192,10,2,True
194,10,2,True
196,8,2,True
198,8,2,True
196,10,2,True
198,10,2,True
192,12,2,True
194,12,2,True
192,14,2,True
194,14,2,True
196,12,2,True
198,12,2,True
196,14,2,True
198,14,2,True
200,8,2,True
202,8,2,True
200,10,2,True
202,10,2,True
204,8,2,True
206,8,2,True
204,10,2,True
206,10,2,True
200,12,2,True
202,12,2,True
200,14,2,True
202,14,2,True
204,12,2,True
206,12,2,True
204,14,2,True
206,14,2,True
208,0,2,True
210,0,2,True
208,2,2,True
210,2,2,True
212,0,2,True
214,0,2,True
212,2,2,True
214,2,2,True
208,4,2,True
210,4,2,True
208,6,2,True
210,6,2,True
212,4,2,True
214,4,2,True
212,6,2,True
214,6,2,True
216,0,2,True
218,0,2,True
216,2,2,True
218,2,2,True
220,0,2,True
222,0,2,True
220,2,2,True
222,2,2,True
216,4,2,True
218,4,2,True
216,6,2,True
218,6,2,True
220,4,2,True
222,4,2,True
220,6,2,True
222,6,2,True
208,8,2,True
210,8,2,True
208,10,2,True
210,10,2,True
212,8,2,True
214,8,2,True
212,10,2,True
214,10,2,True
208,12,2,True
210,12,2,True
208,14,2,True
210,14,2,True
212,12,2,True
214,12,2,True
212,14,2,True
214,14,2,True
216,8,2,True
218,8,2,True
216,10,2,True
218,10,2,True
220,8,2,True
222,8,2,True
220,10,2,True
222,10,2,True
216,12,2,True
218,12,2,True
216,14,2,True
218,14,2,True
220,12,2,True
222,12,2,True
220,14,2,True
222,14,2,True
192,16,2,True
194,16,2,True
192,18,2,True
194,18,2,True
196,16,2,True
198,16,2,True
196,18,2,True
198,18,2,True
192,20,2,True
194,20,2,True
192,22,2,True
194,22,2,True
196,20,2,True
198,20,2,True
196,22,2,True
198,22,2,True
200,16,2,True
202,16,2,True
200,18,2,True
202,18,2,True
204,16,2,True
206,16,2,True
204,18,2,True
206,18,2,True
200,20,2,True
202,20,2,True
200,22,2,True
202,22,2,True
204,20,2,True
206,20,2,True
204,22,2,True
206,22,2,True
192,24,2,True
194,24,2,True
192,26,2,True
194,26,2,True
196,24,2,True
198,24,2,True
196,26,2,True
198,26,2,True
192,28,2,True
194,28,2,True
192,30,2,True
194,30,2,True
196,28,2,True
198,28,2,True
196,30,2,True
198,30,2,True
200,24,2,True
202,24,2,True
200,26,2,True
202,26,2,True
204,24,2,True
206,24,2,True
204,26,2,True
206,26,2,True
200,28,2,True
202,28,2,True
200,30,2,True
202,30,2,True
204,28,2,True
206,28,2,True
204,30,2,True
206,30,2,True
208,16,2,True
210,16,2,True
208,18,2,True
210,18,2,True
212,16,2,True
214,16,2,True
212,18,2,True
214,18,2,True
208,20,2,True
210,20,2,True
208,22,2,True
210,22,2,True
212,20,2,True
214,20,2,True
212,22,2,True
214,22,2,True
216,16,2,True
218,16,2,True
216,18,2,True
218,18,2,True
220,16,2,True
222,16,2,True
220,18,2,True
222,18,2,True
216,20,2,True
218,20,2,True
216,22,2,True
218,22,2,True
220,20,2,True
222,20,2,True
220,22,2,True
222,22,2,True
208,24,2,True
210,24,2,True
208,26,2,True
210,26,2,True
212,24,2,True
214,24,2,True
212,26,2,True
214,26,2,True
208,28,2,True
210,28,2,True
208,30,2,True
210,30,2,True
212,28,2,True
214,28,2,True
212,30,2,True
214,30,2,True
216,24,2,True
218,24,2,True
216,26,2,True
218,26,2,True
220,24,2,True
222,24,2,True
220,26,2,True
222,26,2,True
216,28,2,True
218,28,2,True
216,30,2,True
218,30,2,True
220,28,2,True
222,28,2,True
220,30,2,True
222,30,2,True
192,32,2,False
194,32,2,True
192,34,2,False
194,34,2,False
196,32,2,True
198,32,2,True
196,34,2,True
198,34,2,True
192,36,2,True
194,36,2,False
192,38,2,True
194,38,2,True
196,36,2,False
198,36,2,False
196,38,2,True
198,38,2,False
200,32,2,True
202,32,2,True
200,34,2,True
202,34,2,True
204,32,2,True
206,32,2,True
204,34,2,True
206,34,2,True
200,36,2,True
202,36,2,True
200,38,2,False
202,38,2,True
204,36,2,True
206,36,2,True
204,38,2,True
206,38,2,True
192,40,2,True
194,40,2,True
192,42,2,True
194,42,2,True
196,40,2,True
198,40,2,True
196,42,2,True
198,42,2,True
192,44,2,True
194,44,2,True
192,46,2,True
194,46,2,True
196,44,2,True
198,44,2,True
196,46,2,True
198,46,2,True
200,40,2,False
202,40,2,False
200,42,2,True
202,42,2,False
204,40,2,True
206,40,2,True
204,42,2,False
206,42,2,False
200,44,2,True
202,44,2,True
200,46,2,True
202,46,2,True
204,44,2,True
206,44,2,False
204,46,2,True
206,46,2,True
208,32,2,True
210,32,2,True
208,34,2,True
210,34,2,True
212,32,2,True
214,32,2,True
212,34,2,True
214,34,2,True
208,36,2,True
210,36,2,True
208,38,2,True
210,38,2,True
212,36,2,True
214,36,2,True
212,38,2,True
214,38,2,True
216,32,2,True
218,32,2,True
216,34,2,True
218,34,2,True
220,32,2,True
222,32,2,True
220,34,2,True
222,34,2,True
216,36,2,True
218,36,2,True
216,38,2,True
218,38,2,True
220,36,2,True
222,36,2,True
220,38,2,True
222,38,2,True
208,40,2,True
210,40,2,True
208,42,2,True
210,42,2,True
212,40,2,True
214,40,2,True
212,42,2,True
214,42,2,True
208,44,2,False
210,44,2,True
208,46,2,False
210,46,2,False
212,44,2,True
214,44,2,True
212,46,2,False
214,46,2,True
216,40,2,True
218,40,2,True
216,42,2,True
218,42,2,True
220,40,2,True
222,40,2,True
220,42,2,True
222,42,2,True
216,44,2,True
218,44,2,True
216,46,2,True
218,46,2,True
220,44,2,True
222,44,2,True
220,46,2,True
222,46,2,True
192,48,2,True
194,48,2,True
192,50,2,True
194,50,2,True
196,48,2,True
198,48,2,True
196,50,2,True
198,50,2,True
192,52,2,True
194,52,2,True
192,54,2,True
194,54,2,True
196,52,2,True
198,52,2,True
196,54,2,True
198,54,2,True
200,48,2,True
202,48,2,True
200,50,2,True
202,50,2,True
204,48,2,True
206,48,2,True
204,50,2,True
206,50,2,True
200,52,2,True
202,52,2,True
200,54,2,True
202,54,2,True
204,52,2,True
206,52,2,True
204,54,2,True
206,54,2,True
192,56,2,True
194,56,2,True
192,58,2,True
194,58,2,True
196,56,2,True
198,56,2,True
196,58,2,True
198,58,2,True
192,60,2,True
194,60,2,True
192,62,2,True
194,62,2,True
196,60,2,True
198,60,2,True
196,62,2,True
198,62,2,True
200,56,2,True
202,56,2,True
200,58,2,True
202,58,2,True
204,56,2,True
206,56,2,True
204,58,2,True
206,58,2,True
200,60,2,True
202,60,2,True
200,62,2,True
202,62,2,True
204,60,2,True
206,60,2,True
204,62,2,True
206,62,2,True
208,48,2,True
210,48,2,True
208,50,2,True
210,50,2,True
212,48,2,False
214,48,2,False
212,50,2,True
214,50,2,False
208,52,2,True
210,52,2,True
208,54,2,True
210,54,2,True
212,52,2,True
214,52,2,True
212,54,2,True
214,54,2,True
216,48,2,True
218,48,2,True
216,50,2,False
218,50,2,False
220,48,2,True
222,48,2,True
220,50,2,True
222,50,2,True
216,52,2,True
218,52,2,False
216,54,2,True
218,54,2,True
220,52,2,False
222,52,2,True
220,54,2,False
222,54,2,False
208,56,2,True
210,56,2,True
208,58,2,True
210,58,2,True
212,56,2,True
214,56,2,True
212,58,2,True
214,58,2,True
208,60,2,True
210,60,2,True
208,62,2,True
210,62,2,True
212,60,2,True
214,60,2,True
212,62,2,True
214,62,2,True
216,56,2,True
218,56,2,True
216,58,2,True
218,58,2,True
220,56,2,True
222,56,2,True
220,58,2,True
222,58,2,True
216,60,2,True
218,60,2,True
216,62,2,True
218,62,2,True
220,60,2,True
222,60,2,True
220,62,2,True
222,62,2,True
192,64,2,True
194,64,2,True
192,66,2,True
194,66,2,True
196,64,2,True
198,64,2,True
196,66,2,True
198,66,2,True
192,68,2,True
194,68,2,True
192,70,2,True
194,70,2,True
196,68,2,True
198,68,2,True
196,70,2,True
198,70,2,True
200,64,2,True
202,64,2,True
200,66,2,True
202,66,2,True
204,64,2,True
206,64,2,True
204,66,2,True
206,66,2,True
200,68,2,True
202,68,2,True
200,70,2,True
202,70,2,True
204,68,2,True
206,68,2,True
204,70,2,True
206,70,2,True
192,72,2,True
194,72,2,True
192,74,2,True
194,74,2,True
196,72,2,True
198,72,2,True
196,74,2,True
198,74,2,True
192,76,2,True
194,76,2,True
192,78,2,False
194,78,2,True
196,76,2,True
198,76,2,True
196,78,2,True
198,78,2,True
200,72,2,True
202,72,2,True
200,74,2,True
202,74,2,True
204,72,2,True
206,72,2,True
204,74,2,True
206,74,2,True
200,76,2,True
202,76,2,True
200,78,2,True
202,78,2,True
204,76,2,True
206,76,2,True
204,78,2,True
206,78,2,True
208,64,2,True
210,64,2,True
208,66,2,True
210,66,2,True
212,64,2,True
214,64,2,True
212,66,2,True
214,66,2,True
208,68,2,True
210,68,2,True
208,70,2,True
210,70,2,True
212,68,2,True
214,68,2,True
212,70,2,True
214,70,2,True
216,64,2,True
218,64,2,True
216,66,2,True
218,66,2,True
220,64,2,True
222,64,2,True
220,66,2,True
222,66,2,True
216,68,2,True
218,68,2,True
216,70,2,True
218,70,2,True
220,68,2,True
222,68,2,True
220,70,2,True
222,70,2,True
208,72,2,True
210,72,2,True
208,74,2,True
210,74,2,True
212,72,2,True
214,72,2,True
212,74,2,True
214,74,2,True
208,76,2,True
210,76,2,True
208,78,2,True
210,78,2,True
212,76,2,True
214,76,2,True
212,78,2,True
214,78,2,True
216,72,2,True
218,72,2,True
216,74,2,True
218,74,2,True
220,72,2,True
222,72,2,True
220,74,2,True
222,74,2,True
216,76,2,True
218,76,2,True
216,78,2,True
218,78,2,True
220,76,2,True
222,76,2,True
220,78,2,True
222,78,2,True
192,80,2,False
194,80,2,False
192,82,2,True
194,82,2,False
196,80,2,True
198,80,2,True
196,82,2,False
198,82,2,True
192,84,2,True
194,84,2,True
192,86,2,True
194,86,2,True
196,84,2,False
198,84,2,False
196,86,2,True
198,86,2,True
200,80,2,True
202,80,2,True
200,82,2,True
202,82,2,True
204,80,2,True
206,80,2,True
204,82,2,True
206,82,2,True
200,84,2,False
202,84,2,True
200,86,2,False
202,86,2,False
204,84,2,True
206,84,2,True
204,86,2,True
206,86,2,True
192,88,2,True
194,88,2,True
192,90,2,True
194,90,2,True
196,88,2,True
198,88,2,True
196,90,2,True
198,90,2,True
192,92,2,True
194,92,2,True
192,94,2,True
194,94,2,True
196,92,2,True
198,92,2,True
196,94,2,True
198,94,2,True
200,88,2,True
202,88,2,False
200,90,2,True
202,90,2,True
204,88,2,False
206,88,2,True
204,90,2,False
206,90,2,False
200,92,2,True
202,92,2,True
200,94,2,True
202,94,2,True
204,92,2,True
206,92,2,True
204,94,2,True
206,94,2,True
208,80,2,True
210,80,2,True
208,82,2,True
210,82,2,True
212,80,2,True
214,80,2,True
212,82,2,True
214,82,2,True
208,84,2,True
210,84,2,True
208,86,2,True
210,86,2,True
212,84,2,True
214,84,2,True
212,86,2,True
214,86,2,True
216,80,2,True
218,80,2,True
216,82,2,True
218,82,2,True
220,80,2,True
222,80,2,True
220,82,2,True
222,82,2,True
216,84,2,True
218,84,2,True
216,86,2,True
218,86,2,True
220,84,2,True
222,84,2,True
220,86,2,True
222,86,2,True
208,88,2,True
210,88,2,True
208,90,2,False
210,90,2,True
212,88,2,True
214,88,2,True
212,90,2,True
214,90,2,True
208,92,2,False
210,92,2,False
208,94,2,True
210,94,2,False
212,92,2,True
214,92,2,True
212,94,2,False
214,94,2,False
216,88,2,True
218,88,2,True
216,90,2,True
218,90,2,True
220,88,2,True
222,88,2,True
220,90,2,True
222,90,2,True
216,92,2,True
218,92,2,True
216,94,2,True
218,94,2,True
220,92,2,True
222,92,2,True
220,94,2,True
222,94,2,True
192,96,2,True
194,96,2,True
192,98,2,True
194,98,2,True
196,96,2,True
198,96,2,True
196,98,2,True
198,98,2,True
192,100,2,True
194,100,2,True
192,102,2,False
194,102,2,True
196,100,2,True
198,100,2,True
196,102,2,True
198,102,2,True
200,96,2,True
202,96,2,True
200,98,2,True
202,98,2,True
204,96,2,True
206,96,2,True
204,98,2,True
206,98,2,True
200,100,2,True
202,100,2,True
200,102,2,True
202,102,2,True
204,100,2,True
206,100,2,True
204,102,2,True
206,102,2,True
192,104,2,False
194,104,2,False
192,106,2,True
194,106,2,False
196,104,2,True
198,104,2,True
196,106,2,False
198,106,2,False
192,108,2,True
194,108,2,True
192,110,2,True
194,110,2,True
196,108,2,True
198,108,2,False
196,110,2,True
198,110,2,True
200,104,2,True
202,104,2,True
200,106,2,True
202,106,2,True
204,104,2,True
206,104,2,True
204,106,2,True
206,106,2,True
200,108,2,False
202,108,2,True
200,110,2,False
202,110,2,False
204,108,2,True
206,108,2,True
204,110,2,True
206,110,2,True
208,96,2,True
210,96,2,True
208,98,2,True
210,98,2,True
212,96,2,True
214,96,2,False
212,98,2,True
214,98,2,True
208,100,2,True
210,100,2,True
208,102,2,True
210,102,2,True
212,100,2,True
214,100,2,True
212,102,2,True
214,102,2,True
216,96,2,False
218,96,2,True
216,98,2,False
218,98,2,False
220,96,2,True
222,96,2,True
220,98,2,False
222,98,2,True
216,100,2,True
218,100,2,True
216,102,2,True
218,102,2,True
220,100,2,False
222,100,2,False
220,102,2,True
222,102,2,True
208,104,2,True
210,104,2,True
208,106,2,True
210,106,2,True
212,104,2,True
214,104,2,True
212,106,2,True
214,106,2,True
208,108,2,True
210,108,2,True
208,110,2,True
210,110,2,True
212,108,2,True
214,108,2,True
212,110,2,True
214,110,2,True
216,104,2,True
218,104,2,True
216,106,2,True
218,106,2,True
220,104,2,True
222,104,2,True
220,106,2,True
222,106,2,True
216,108,2,True
218,108,2,True
216,110,2,True
218,110,2,True
220,108,2,True
222,108,2,True
220,110,2,True
222,110,2,True
192,112,2,False
194,112,2,True
192,114,2,False
194,114,2,False
196,112,2,True
198,112,2,True
196,114,2,True
198,114,2,True
192,116,2,True
194,116,2,False
192,118,2,True
194,118,2,True
196,116,2,False
198,116,2,True
196,118,2,False
198,118,2,False
200,112,2,True
202,112,2,False
200,114,2,True
202,114,2,True
204,112,2,False
206,112,2,True
204,114,2,False
206,114,2,False
200,116,2,True
202,116,2,True
200,118,2,False
202,118,2,True
204,116,2,True
206,116,2,True
204,118,2,True
206,118,2,True
192,120,2,True
194,120,2,True
192,122,2,True
194,122,2,True
196,120,2,True
198,120,2,True
196,122,2,True
198,122,2,True
192,124,2,True
194,124,2,True
192,126,2,True
194,126,2,True
196,124,2,True
198,124,2,True
196,126,2,True
198,126,2,True
200,120,2,False
202,120,2,False
200,122,2,True
202,122,2,False
204,120,2,True
206,120,2,True
204,122,2,False
206,122,2,True
200,124,2,True
202,124,2,True
200,126,2,True
202,126,2,True
204,124,2,False
206,124,2,False
204,126,2,True
206,126,2,False
208,112,2,True
210,112,2,True
208,114,2,False
210,114,2,True
212,112,2,True
214,112,2,True
212,114,2,True
214,114,2,True
208,116,2,False
210,116,2,False
208,118,2,True
210,118,2,False
212,116,2,True
214,116,2,True
212,118,2,False
214,118,2,False
216,112,2,True
218,112,2,True
216,114,2,True
218,114,2,True
220,112,2,True
222,112,2,True
220,114,2,True
222,114,2,True
216,116,2,True
218,116,2,True
216,118,2,True
218,118,2,True
220,116,2,True
222,116,2,True
220,118,2,True
222,118,2,True
208,120,2,True
210,120,2,True
208,122,2,True
210,122,2,True
212,120,2,True
214,120,2,False
212,122,2,True
214,122,2,True
208,124,2,True
210,124,2,True
208,126,2,False
210,126,2,False
212,124,2,True
214,124,2,True
212,126,2,True
214,126,2,True
216,120,2,False
218,120,2,True
216,122,2,False
218,122,2,False
220,120,2,True
222,120,2,True
220,122,2,False
222,122,2,True
216,124,2,True
218,124,2,True
216,126,2,True
218,126,2,True
220,124,2,False
222,124,2,False
220,126,2,True
222,126,2,False
192,128,2,True
194,128,2,True
192,130,2,True
194,130,2,True
196,128,2,True
198,128,2,True
196,130,2,True
198,130,2,True
192,132,2,True
194,132,2,True
192,134,2,True
194,134,2,True
196,132,2,True
198,132,2,True
196,134,2,True
198,134,2,True
200,128,2,True
202,128,2,True
200,130,2,True
202,130,2,True
204,128,2,True
206,128,2,True
204,130,2,True
206,130,2,True
200,132,2,True
202,132,2,True
200,134,2,True
202,134,2,True
204,132,2,True
206,132,2,True
204,134,2,True
206,134,2,True
196,136,2,True
198,136,2,True
196,138,2,True
198,138,2,True
200,136,2,True
202,136,2,True
200,138,2,True
202,138,2,True
204,136,2,True
206,136,2,True
204,138,2,True
206,138,2,True
200,140,2,True
202,140,2,True
200,142,2,True
202,142,2,True
204,140,2,True
206,140,2,True
204,142,2,True
206,142,2,True
208,128,2,True
210,128,2,False
208,130,2,True
210,130,2,True
212,128,2,False
214,128,2,True
212,130,2,False
214,130,2,False
208,132,2,True
210,132,2,True
208,134,2,True
210,134,2,True
212,132,2,True
214,132,2,False
212,134,2,True
214,134,2,True
216,128,2,True
218,128,2,True
216,130,2,True
218,130,2,True
220,128,2,True
222,128,2,True
220,130,2,True
222,130,2,True
216,132,2,False
218,132,2,False
216,134,2,True
218,134,2,False
220,132,2,True
222,132,2,True
220,134,2,False
222,134,2,True
208,136,2,True
210,136,2,True
208,138,2,True
210,138,2,True
212,136,2,True
214,136,2,True
212,138,2,True
214,138,2,True
208,140,2,True
210,140,2,True
208,142,2,True
210,142,2,True
212,140,2,True
214,140,2,True
212,142,2,True
214,142,2,True
216,136,2,True
218,136,2,True
216,138,2,True
218,138,2,True
220,136,2,False
222,136,2,False
220,138,2,True
222,138,2,False
216,140,2,True
218,140,2,True
216,142,2,True
218,142,2,True
220,140,2,True
222,140,2,True
220,142,2,True
222,142,2,True
192,148,2,True
194,148,2,True
192,150,2,True
194,150,2,True
204,144,2,True
206,144,2,True
204,146,2,True
206,146,2,True
192,152,2,True
194,152,2,True
192,154,2,True
194,154,2,True
196,152,2,True
198,152,2,True
196,154,2,True
198,154,2,True
192,156,2,True
194,156,2,True
192,158,2,True
194,158,2,True
196,156,2,True
198,156,2,True
196,158,2,True
198,158,2,True
200,152,2,True
202,152,2,True
200,154,2,True
202,154,2,True
200,156,2,True
202,156,2,True
200,158,2,True
202,158,2,True
204,156,2,True
206,156,2,True
204,158,2,True
206,158,2,True
208,144,2,True
210,144,2,True
208,146,2,True
210,146,2,True
212,144,2,True
214,144,2,True
212,146,2,True
214,146,2,True
212,148,2,True
214,148,2,True
212,150,2,True
214,150,2,True
216,144,2,True
218,144,2,True
216,146,2,True
218,146,2,True
220,144,2,True
222,144,2,True
220,146,2,True
222,146,2,True
216,148,2,True
218,148,2,True
216,150,2,True
218,150,2,True
220,148,2,True
222,148,2,True
220,150,2,True
222,150,2,True
216,152,2,True
218,152,2,True
216,154,2,True
218,154,2,True
220,152,2,True
222,152,2,True
220,154,2,True
222,154,2,True
220,156,2,True
222,156,2,True
220,158,2,True
222,158,2,True
192,160,2,True
194,160,2,True
192,162,2,True
194,162,2,True
196,160,2,True
198,160,2,True
196,162,2,True
198,162,2,True
192,164,2,True
194,164,2,True
192,166,2,False
194,166,2,True
196,164,2,True
198,164,2,True
196,166,2,True
198,166,2,True
200,160,2,True
202,160,2,True
200,162,2,True
202,162,2,True
204,160,2,True
206,160,2,True
204,162,2,True
206,162,2,True
200,164,2,True
202,164,2,True
200,166,2,True
202,166,2,True
204,164,2,True
206,164,2,True
204,166,2,True
206,166,2,True
192,168,2,False
194,168,2,False
192,170,2,True
194,170,2,False
196,168,2,True
198,168,2,True
196,170,2,False
198,170,2,True
192,172,2,True
194,172,2,True
192,174,2,True
194,174,2,True
196,172,2,False
198,172,2,False
196,174,2,True
198,174,2,True
200,168,2,True
202,168,2,True
200,170,2,True
202,170,2,True
204,168,2,True
206,168,2,True
204,170,2,True
206,170,2,True
200,172,2,False
202,172,2,True
200,174,2,False
202,174,2,False
204,172,2,True
206,172,2,True
204,174,2,True
206,174,2,True
208,160,2,True
210,160,2,True
208,162,2,True
210,162,2,True
212,160,2,True
214,160,2,True
212,162,2,True
214,162,2,True
208,164,2,True
210,164,2,True
208,166,2,True
210,166,2,True
212,164,2,True
214,164,2,True
212,166,2,True
214,166,2,True
216,164,2,True
218,164,2,True
216,166,2,True
218,166,2,True
208,168,2,True
210,168,2,True
208,170,2,True
210,170,2,True
212,168,2,True
214,168,2,True
212,170,2,True
214,170,2,True
208,172,2,True
210,172,2,True
208,174,2,True
210,174,2,True
212,172,2,True
214,172,2,True
212,174,2,True
214,174,2,True
216,168,2,True
218,168,2,True
216,170,2,True
218,170,2,True
220,168,2,True
222,168,2,True
220,170,2,True
222,170,2,True
216,172,2,True
218,172,2,True
216,174,2,True
218,174,2,True
220,172,2,True
222,172,2,True
220,174,2,True
222,174,2,True
192,176,2,True
194,176,2,True
192,178,2,True
194,178,2,True
196,176,2,True
198,176,2,True
196,178,2,True
198,178,2,True
192,180,2,True
194,180,2,True
192,182,2,True
194,182,2,True
196,180,2,True
198,180,2,True
196,182,2,True
198,182,2,True
200,176,2,True
202,176,2,False
200,178,2,True
202,178,2,True
204,176,2,False
206,176,2,True
204,178,2,False
206,178,2,False
200,180,2,True
202,180,2,True
200,182,2,True
202,182,2,True
204,180,2,True
206,180,2,False
204,182,2,True
206,182,2,True
192,184,2,True
194,184,2,True
192,186,2,True
194,186,2,True
196,184,2,True
198,184,2,True
196,186,2,True
198,186,2,True
192,188,2,True
194,188,2,True
192,190,2,True
194,190,2,True
196,188,2,True
198,188,2,True
196,190,2,True
198,190,2,True
200,184,2,True
202,184,2,True
200,186,2,True
202,186,2,True
204,184,2,True
206,184,2,True
204,186,2,True
206,186,2,True
200,188,2,True
202,188,2,True
200,190,2,True
202,190,2,True
204,188,2,True
206,188,2,True
204,190,2,True
206,190,2,True
208,176,2,True
210,176,2,True
208,178,2,True
210,178,2,True
212,176,2,True
214,176,2,True
212,178,2,True
214,178,2,True
208,180,2,False
210,180,2,True
208,182,2,False
210,182,2,False
212,180,2,True
214,180,2,True
212,182,2,False
214,182,2,True
216,176,2,True
218,176,2,True
216,178,2,True
218,178,2,True
220,176,2,True
222,176,2,True
220,178,2,True
222,178,2,True
216,180,2,True
218,180,2,True
216,182,2,True
218,182,2,True
220,180,2,True
222,180,2,True
220,182,2,True
222,182,2,True
208,184,2,True
210,184,2,True
208,186,2,True
210,186,2,True
212,184,2,False
214,184,2,False
212,186,2,True
214,186,2,False
208,188,2,True
210,188,2,True
208,190,2,True
210,190,2,True
212,188,2,True
214,188,2,True
212,190,2,True
214,190,2,True
216,184,2,True
218,184,2,True
216,186,2,False
218,186,2,False
220,184,2,True
222,184,2,True
220,186,2,True
222,186,2,True
216,188,2,True
218,188,2,False
216,190,2,True
218,190,2,True
220,188,2,False
222,188,2,True
220,190,2,False
222,190,2,False
196,192,2,True
198,192,2,True
196,194,2,True
198,194,2,True
200,192,2,True
202,192,2,True
200,194,2,True
202,194,2,True
204,192,2,True
206,192,2,True
204,194,2,True
206,194,2,True
204,196,2,True
206,196,2,True
204,198,2,True
206,198,2,True
208,192,2,True
210,192,2,True
208,194,2,True
210,194,2,True
212,192,2,True
214,192,2,True
212,194,2,True
214,194,2,True
208,196,2,True
210,196,2,True
208,198,2,True
210,198,2,True
212,196,2,True
214,196,2,True
212,198,2,True
214,198,2,True
216,192,2,True
218,192,2,True
216,194,2,True
218,194,2,True
220,192,2,True
222,192,2,True
220,194,2,True
222,194,2,True
216,196,2,True
218,196,2,True
216,198,2,True
218,198,2,True
220,196,2,True
222,196,2,True
220,198,2,True
222,198,2,True
208,200,2,True
210,200,2,True
208,202,2,True
210,202,2,True
212,200,2,True
214,200,2,True
212,202,2,True
214,202,2,True
212,204,2,True
214,204,2,True
212,206,2,True
214,206,2,True
216,200,2,True
218,200,2,True
216,202,2,True
218,202,2,True
220,200,2,True
222,200,2,True
220,202,2,True
222,202,2,True
216,204,2,True
218,204,2,True
216,206,2,True
218,206,2,True
220,204,2,True
222,204,2,True
220,206,2,True
222,206,2,True
216,208,2,True
218,208,2,True
216,210,2,True
218,210,2,True
220,208,2,True
222,208,2,True
220,210,2,True
222,210,2,True
220,212,2,True
222,212,2,True
220,214,2,True
222,214,2,True
192,228,2,True
194,228,2,True
192,230,2,True
194,230,2,True
192,232,2,True
194,232,2,True
192,234,2,True
194,234,2,True
196,232,2,True
198,232,2,True
196,234,2,True
198,234,2,True
192,236,2,True
194,236,2,True
192,238,2,True
194,238,2,True
196,236,2,True
198,236,2,True
196,238,2,True
198,238,2,True
200,232,2,True
202,232,2,True
200,234,2,True
202,234,2,True
200,236,2,True
202,236,2,True
200,238,2,True
202,238,2,True
204,236,2,True
206,236,2,True
204,238,2,True
206,238,2,True
192,240,2,True
194,240,2,True
192,242,2,True
194,242,2,True
196,240,2,True
198,240,2,True
196,242,2,True
198,242,2,True
192,244,2,False
194,244,2,True
192,246,2,False
194,246,2,False
196,244,2,True
198,244,2,True
196,246,2,True
198,246,2,True
200,240,2,True
202,240,2,True
200,242,2,True
202,242,2,True
204,240,2,True
206,240,2,True
204,242,2,True
206,242,2,True
200,244,2,True
202,244,2,True
200,246,2,True
202,246,2,True
204,244,2,True
206,244,2,True
204,246,2,True
206,246,2,True
192,248,2,True
194,248,2,False
192,250,2,True
194,250,2,True
196,248,2,False
198,248,2,True
196,250,2,False
198,250,2,False
192,252,2,True
194,252,2,True
192,254,2,True
194,254,2,True
196,252,2,True
198,252,2,False
196,254,2,True
198,254,2,True
200,248,2,True
202,248,2,True
200,250,2,True
202,250,2,True
204,248,2,True
206,248,2,True
204,250,2,True
206,250,2,True
200,252,2,False
202,252,2,True
200,254,2,False
202,254,2,False
204,252,2,True
206,252,2,True
204,254,2,True
206,254,2,True
208,240,2,True
210,240,2,True
208,242,2,True
210,242,2,True
208,244,2,True
210,244,2,True
208,246,2,True
210,246,2,True
212,244,2,True
214,244,2,True
212,246,2,True
214,246,2,True
208,248,2,True
210,248,2,True
208,250,2,True
210,250,2,True
212,248,2,True
214,248,2,True
212,250,2,True
214,250,2,True
208,252,2,True
210,252,2,True
208,254,2,True
210,254,2,True
212,252,2,True
214,252,2,True
212,254,2,True
214,254,2,True
216,248,2,True
218,248,2,True
216,250,2,True
218,250,2,True
220,248,2,True
222,248,2,True
220,250,2,True
222,250,2,True
216,252,2,True
218,252,2,True
216,254,2,True
218,254,2,True
220,252,2,True
222,252,2,True
220,254,2,True
222,254,2,True
192,256,2,True
194,256,2,True
192,258,2,True
194,258,2,True
196,256,2,True
198,256,2,True
196,258,2,True
198,258,2,True
192,260,2,True
194,260,2,True
192,262,2,True
194,262,2,True
196,260,2,True
198,260,2,True
196,262,2,True
198,262,2,True
200,256,2,True
202,256,2,False
200,258,2,True
202,258,2,True
204,256,2,False
206,256,2,False
204,258,2,True
206,258,2,False
200,260,2,True
202,260,2,True
200,262,2,True
202,262,2,True
204,260,2,True
206,260,2,True
204,262,2,True
206,262,2,True
192,264,2,True
194,264,2,True
192,266,2,False
194,266,2,True
196,264,2,True
198,264,2,True
196,266,2,True
198,266,2,True
192,268,2,False
194,268,2,False
192,270,2,True
194,270,2,False
196,268,2,True
198,268,2,True
196,270,2,False
198,270,2,True
200,264,2,True
202,264,2,True
200,266,2,True
202,266,2,True
204,264,2,True
206,264,2,True
204,266,2,True
206,266,2,True
200,268,2,True
202,268,2,True
200,270,2,True
202,270,2,True
204,268,2,True
206,268,2,True
204,270,2,True
206,270,2,True
208,256,2,True
210,256,2,True
208,258,2,False
210,258,2,True
212,256,2,True
214,256,2,True
212,258,2,True
214,258,2,True
208,260,2,False
210,260,2,False
208,262,2,True
210,262,2,False
212,260,2,True
214,260,2,True
212,262,2,False
214,262,2,True
216,256,2,True
218,256,2,True
216,258,2,True
218,258,2,True
220,256,2,True
222,256,2,True
220,258,2,True
222,258,2,True
216,260,2,True
218,260,2,True
216,262,2,True
218,262,2,True
220,260,2,True
222,260,2,True
220,262,2,True
222,262,2,True
208,264,2,True
210,264,2,True
208,266,2,True
210,266,2,True
212,264,2,False
214,264,2,False
212,266,2,True
214,266,2,False
208,268,2,True
210,268,2,True
208,270,2,True
210,270,2,True
212,268,2,True
214,268,2,True
212,270,2,True
214,270,2,True
216,264,2,True
218,264,2,True
216,266,2,False
218,266,2,True
220,264,2,True
222,264,2,True
220,266,2,True
222,266,2,True
216,268,2,False
218,268,2,False
216,270,2,True
218,270,2,True
220,268,2,False
222,268,2,True
220,270,2,False
222,270,2,False
192,272,2,True
194,272,2,True
192,274,2,True
194,274,2,True
196,272,2,False
198,272,2,True
196,274,2,False
198,274,2,False
192,276,2,True
194,276,2,True
192,278,2,True
194,278,2,True
196,276,2,True
198,276,2,False
196,278,2,True
198,278,2,True
200,272,2,True
202,272,2,True
200,274,2,True
202,274,2,True
204,272,2,True
206,272,2,True
204,274,2,True
206,274,2,True
200,276,2,False
202,276,2,False
200,278,2,True
202,278,2,False
204,276,2,True
206,276,2,True
204,278,2,False
206,278,2,True
192,280,2,True
194,280,2,True
192,282,2,True
194,282,2,True
196,280,2,True
198,280,2,True
196,282,2,True
198,282,2,True
192,284,2,True
194,284,2,True
192,286,2,True
194,286,2,True
196,284,2,True
198,284,2,True
196,286,2,True
198,286,2,True
200,280,2,True
202,280,2,True
200,282,2,True
202,282,2,True
204,280,2,False
206,280,2,False
204,282,2,True
206,282,2,False
200,284,2,True
202,284,2,True
200,286,2,True
202,286,2,True
204,284,2,True
206,284,2,True
204,286,2,True
206,286,2,True
208,272,2,True
210,272,2,True
208,274,2,True
210,274,2,True
212,272,2,True
214,272,2,True
212,274,2,True
214,274,2,True
208,276,2,True
210,276,2,True
208,278,2,True
210,278,2,True
212,276,2,True
214,276,2,True
212,278,2,True
214,278,2,True
216,272,2,True
218,272,2,True
216,274,2,True
218,274,2,True
220,272,2,True
222,272,2,False
220,274,2,True
222,274,2,True
216,276,2,True
218,276,2,True
216,278,2,True
218,278,2,True
220,276,2,True
222,276,2,True
220,278,2,True
222,278,2,True
208,280,2,True
210,280,2,True
208,282,2,False
210,282,2,True
212,280,2,True
214,280,2,True
212,282,2,True
214,282,2,True
208,284,2,False
210,284,2,False
208,286,2,True
210,286,2,False
212,284,2,True
214,284,2,True
212,286,2,False
214,286,2,True
216,280,2,True
218,280,2,True
216,282,2,True
218,282,2,True
220,280,2,True
222,280,2,True
220,282,2,True
222,282,2,True
216,284,2,True
218,284,2,True
216,286,2,True
218,286,2,True
220,284,2,True
222,284,2,True
220,286,2,True
222,286,2,True
196,288,2,True
198,288,2,True
196,290,2,True
198,290,2,True
200,288,2,True
202,288,2,True
200,290,2,True
202,290,2,True
204,288,2,True
206,288,2,True
204,290,2,True
206,290,2,True
200,292,2,True
202,292,2,True
200,294,2,True
202,294,2,True
204,292,2,True
206,292,2,True
204,294,2,True
206,294,2,True
204,296,2,True
206,296,2,True
204,298,2,True
206,298,2,True
208,288,2,True
210,288,2,True
208,290,2,True
210,290,2,True
212,288,2,False
214,288,2,False
212,290,2,True
214,290,2,False
208,292,2,True
210,292,2,True
208,294,2,True
210,294,2,True
212,292,2,True
214,292,2,True
212,294,2,True
214,294,2,True
216,288,2,True
218,288,2,True
216,290,2,False
218,290,2,True
220,288,2,True
222,288,2,True
220,290,2,True
222,290,2,True
216,292,2,False
218,292,2,False
216,294,2,True
218,294,2,True
220,292,2,False
222,292,2,True
220,294,2,False
222,294,2,False
208,296,2,True
210,296,2,True
208,298,2,True
210,298,2,True
212,296,2,True
214,296,2,True
212,298,2,True
214,298,2,True
208,300,2,True
210,300,2,True
208,302,2,True
210,302,2,True
212,300,2,True
214,300,2,True
212,302,2,True
214,302,2,True
216,296,2,True
218,296,2,True
216,298,2,True
218,298,2,True
220,296,2,True
222,296,2,False
220,298,2,True
222,298,2,True
216,300,2,True
218,300,2,True
216,302,2,True
218,302,2,True
220,300,2,True
222,300,2,True
220,302,2,True
222,302,2,True
212,304,2,True
214,304,2,True
212,306,2,True
214,306,2,True
216,304,2,True
218,304,2,True
216,306,2,True
218,306,2,True
220,304,2,True
222,304,2,True
220,306,2,True
222,306,2,True
216,308,2,True
218,308,2,True
216,310,2,True
218,310,2,True
220,308,2,True
222,308,2,True
220,310,2,True
222,310,2,True
220,312,2,True
222,312,2,True
220,314,2,True
222,314,2,True
192,436,2,True
194,436,2,True
192,438,2,True
194,438,2,True
192,440,2,True
194,440,2,True
192,442,2,True
194,442,2,True
196,440,2,True
198,440,2,True
196,442,2,True
198,442,2,True
192,444,2,True
194,444,2,True
192,446,2,True
194,446,2,True
196,444,2,True
198,444,2,True
196,446,2,True
198,446,2,True
200,444,2,True
202,444,2,True
200,446,2,True
202,446,2,True
192,448,2,True
194,448,2,True
192,450,2,True
194,450,2,True
196,448,2,True
198,448,2,True
196,450,2,True
198,450,2,True
192,452,2,True
194,452,2,True
192,454,2,False
194,454,2,True
196,452,2,True
198,452,2,True
196,454,2,True
198,454,2,True
200,448,2,True
202,448,2,True
200,450,2,True
202,450,2,True
204,448,2,True
206,448,2,True
204,450,2,True
206,450,2,True
200,452,2,True
202,452,2,True
200,454,2,True
202,454,2,True
204,452,2,True
206,452,2,True
204,454,2,True
206,454,2,True
192,456,2,False
194,456,2,False
192,458,2,True
194,458,2,False
196,456,2,True
198,456,2,True
196,458,2,False
198,458,2,False
192,460,2,True
194,460,2,True
192,462,2,True
194,462,2,True
196,460,2,True
198,460,2,False
196,462,2,True
198,462,2,True
200,456,2,True
202,456,2,True
200,458,2,True
202,458,2,True
204,456,2,True
206,456,2,True
204,458,2,True
206,458,2,True
200,460,2,False
202,460,2,True
200,462,2,False
202,462,2,False
204,460,2,True
206,460,2,True
204,462,2,True
206,462,2,True
208,448,2,True
210,448,2,True
208,450,2,True
210,450,2,True
208,452,2,True
210,452,2,True
208,454,2,True
210,454,2,True
212,452,2,True
214,452,2,True
212,454,2,True
214,454,2,True
216,452,2,True
218,452,2,True
216,454,2,True
218,454,2,True
208,456,2,True
210,456,2,True
208,458,2,True
210,458,2,True
212,456,2,True
214,456,2,True
212,458,2,True
214,458,2,True
208,460,2,True
210,460,2,True
208,462,2,True
210,462,2,True
212,460,2,True
214,460,2,True
212,462,2,True
214,462,2,True
216,456,2,True
218,456,2,True
216,458,2,True
218,458,2,True
220,456,2,True
222,456,2,True
220,458,2,True
222,458,2,True
216,460,2,True
218,460,2,True
216,462,2,True
218,462,2,True
220,460,2,True
222,460,2,True
220,462,2,True
222,462,2,True
192,464,2,True
194,464,2,True
192,466,2,True
194,466,2,True
196,464,2,True
198,464,2,True
196,466,2,True
198,466,2,True
192,468,2,True
194,468,2,True
192,470,2,True
194,470,2,True
196,468,2,True
198,468,2,True
196,470,2,True
198,470,2,True
200,464,2,True
202,464,2,False
200,466,2,True
202,466,2,True
204,464,2,False
206,464,2,True
204,466,2,False
206,466,2,False
200,468,2,True
202,468,2,True
200,470,2,True
202,470,2,True
204,468,2,True
206,468,2,False
204,470,2,True
206,470,2,True
192,472,2,True
194,472,2,True
192,474,2,True
194,474,2,True
196,472,2,True
198,472,2,True
196,474,2,True
198,474,2,True
196,476,2,True
198,476,2,True
196,478,2,True
198,478,2,True
200,472,2,True
202,472,2,True
200,474,2,True
202,474,2,True
204,472,2,True
206,472,2,True
204,474,2,True
206,474,2,True
200,476,2,True
202,476,2,True
200,478,2,True
202,478,2,True
204,476,2,True
206,476,2,True
204,478,2,True
206,478,2,True
208,464,2,True
210,464,2,True
208,466,2,True
210,466,2,True
212,464,2,True
214,464,2,True
212,466,2,True
214,466,2,True
208,468,2,False
210,468,2,False
208,470,2,True
210,470,2,False
212,468,2,True
214,468,2,True
212,470,2,False
214,470,2,True
216,464,2,True
218,464,2,True
216,466,2,True
218,466,2,True
220,464,2,True
222,464,2,True
220,466,2,True
222,466,2,True
216,468,2,True
218,468,2,True
216,470,2,True
218,470,2,True
220,468,2,True
222,468,2,True
220,470,2,True
222,470,2,True
208,472,2,True
210,472,2,True
208,474,2,True
210,474,2,True
212,472,2,False
214,472,2,False
212,474,2,True
214,474,2,True
208,476,2,True
210,476,2,True
208,478,2,True
210,478,2,True
212,476,2,True
214,476,2,True
212,478,2,True
214,478,2,True
216,472,2,False
218,472,2,True
216,474,2,False
218,474,2,False
220,472,2,True
222,472,2,True
220,474,2,True
222,474,2,True
216,476,2,True
218,476,2,False
216,478,2,True
218,478,2,True
220,476,2,False
222,476,2,False
220,478,2,True
222,478,2,False
200,480,2,True
202,480,2,True
200,482,2,True
202,482,2,True
204,480,2,True
206,480,2,True
204,482,2,True
206,482,2,True
204,484,2,True
206,484,2,True
204,486,2,True
206,486,2,True
208,480,2,True
210,480,2,True
208,482,2,True
210,482,2,True
212,480,2,True
214,480,2,True
212,482,2,True
214,482,2,True
208,484,2,True
210,484,2,True
208,486,2,True
210,486,2,True
212,484,2,True
214,484,2,True
212,486,2,True
214,486,2,True
216,480,2,True
218,480,2,True
216,482,2,True
218,482,2,True
220,480,2,True
222,480,2,True
220,482,2,True
222,482,2,True
216,484,2,True
218,484,2,True
216,486,2,True
218,486,2,True
220,484,2,True
222,484,2,True
220,486,2,True
222,486,2,True
208,488,2,True
210,488,2,True
208,490,2,True
210,490,2,True
212,488,2,True
214,488,2,True
212,490,2,True
214,490,2,True
212,492,2,True
214,492,2,True
212,494,2,True
214,494,2,True
216,488,2,True
218,488,2,True
216,490,2,True
218,490,2,True
220,488,2,True
222,488,2,True
220,490,2,True
222,490,2,True
216,492,2,True
218,492,2,True
216,494,2,True
218,494,2,True
220,492,2,True
222,492,2,True
220,494,2,True
222,494,2,True
216,496,2,True
218,496,2,True
216,498,2,True
218,498,2,True
220,496,2,True
222,496,2,True
220,498,2,True
222,498,2,True
224,0,2,True
226,0,2,False
224,2,2,True
226,2,2,True
228,0,2,False
230,0,2,False
228,2,2,True
230,2,2,False
224,4,2,True
226,4,2,True
224,6,2,True
226,6,2,True
228,4,2,True
230,4,2,True
228,6,2,True
230,6,2,True
232,0,2,True
234,0,2,True
232,2,2,False
234,2,2,True
236,0,2,True
238,0,2,True
236,2,2,True
238,2,2,True
232,4,2,False
234,4,2,False
232,6,2,True
234,6,2,True
236,4,2,False
238,4,2,True
236,6,2,False
238,6,2,False
224,8,2,True
226,8,2,True
224,10,2,True
226,10,2,True
228,8,2,True
230,8,2,True
228,10,2,True
230,10,2,True
224,12,2,True
226,12,2,True
224,14,2,True
226,14,2,True
228,12,2,True
230,12,2,True
228,14,2,True
230,14,2,True
232,8,2,True
234,8,2,True
232,10,2,True
234,10,2,True
236,8,2,True
238,8,2,True
236,10,2,True
238,10,2,True
232,12,2,True
234,12,2,True
232,14,2,True
234,14,2,True
236,12,2,True
238,12,2,True
236,14,2,True
238,14,2,True
240,0,2,True
242,0,2,True
240,2,2,True
242,2,2,True
244,0,2,True
246,0,2,True
244,2,2,True
246,2,2,True
240,4,2,True
242,4,2,True
240,6,2,False
242,6,2,True
244,4,2,True
246,4,2,True
244,6,2,True
246,6,2,True
248,0,2,True
250,0,2,False
248,2,2,True
250,2,2,True
252,0,2,False
254,0,2,False
252,2,2,True
254,2,2,True
248,4,2,True
250,4,2,True
248,6,2,True
250,6,2,True
252,4,2,True
254,4,2,True
252,6,2,True
254,6,2,True
240,8,2,False
242,8,2,False
240,10,2,True
242,10,2,False
244,8,2,True
246,8,2,True
244,10,2,False
246,10,2,False
240,12,2,True
242,12,2,True
240,14,2,True
242,14,2,True
244,12,2,True
246,12,2,False
244,14,2,True
246,14,2,True
248,8,2,True
250,8,2,True
248,10,2,True
250,10,2,True
252,8,2,True
254,8,2,True
252,10,2,True
254,10,2,True
248,12,2,False
250,12,2,False
248,14,2,True
250,14,2,False
252,12,2,True
254,12,2,True
252,14,2,False
254,14,2,False
224,16,2,True
226,16,2,True
224,18,2,True
226,18,2,True
228,16,2,True
230,16,2,True
228,18,2,True
230,18,2,True
224,20,2,True
226,20,2,True
224,22,2,True
226,22,2,True
228,20,2,True
230,20,2,True
228,22,2,True
230,22,2,True
232,16,2,True
234,16,2,True
232,18,2,True
234,18,2,True
236,16,2,True
238,16,2,True
236,18,2,True
238,18,2,True
232,20,2,True
234,20,2,True
232,22,2,True
234,22,2,True
236,20,2,True
238,20,2,True
236,22,2,True
238,22,2,True
224,24,2,True
226,24,2,True
224,26,2,True
226,26,2,True
228,24,2,True
230,24,2,True
228,26,2,True
230,26,2,True
224,28,2,True
226,28,2,True
224,30,2,True
226,30,2,True
228,28,2,True
230,28,2,True
228,30,2,True
230,30,2,True
232,24,2,True
234,24,2,True
232,26,2,True
234,26,2,True
236,24,2,True
238,24,2,True
236,26,2,True
238,26,2,True
232,28,2,True
234,28,2,True
232,30,2,True
234,30,2,True
236,28,2,True
238,28,2,True
236,30,2,True
238,30,2,True
240,16,2,True
242,16,2,True
240,18,2,True
242,18,2,True
244,16,2,True
246,16,2,True
244,18,2,True
246,18,2,True
240,20,2,True
242,20,2,True
240,22,2,True
242,22,2,True
244,20,2,True
246,20,2,True
244,22,2,True
246,22,2,True
248,16,2,True
250,16,2,True
248,18,2,True
250,18,2,True
252,16,2,True
254,16,2,False
252,18,2,True
254,18,2,True
248,20,2,True
250,20,2,True
248,22,2,True
250,22,2,True
252,20,2,True
254,20,2,True
252,22,2,True
254,22,2,True
240,24,2,True
242,24,2,True
240,26,2,True
242,26,2,True
244,24,2,True
246,24,2,True
244,26,2,True
246,26,2,True
240,28,2,True
242,28,2,True
240,30,2,True
242,30,2,True
244,28,2,True
246,28,2,True
244,30,2,True
246,30,2,True
248,24,2,True
250,24,2,True
248,26,2,True
250,26,2,True
252,24,2,True
254,24,2,True
252,26,2,True
254,26,2,True
248,28,2,True
250,28,2,True
248,30,2,True
250,30,2,True
252,28,2,True
254,28,2,True
252,30,2,True
254,30,2,True
224,32,2,True
226,32,2,True
224,34,2,True
226,34,2,True
228,32,2,True
230,32,2,True
228,34,2,True
230,34,2,True
224,36,2,True
226,36,2,True
224,38,2,True
226,38,2,True
228,36,2,True
230,36,2,True
228,38,2,True
230,38,2,True
232,32,2,True
234,32,2,True
232,34,2,True
234,34,2,True
236,32,2,True
238,32,2,True
236,34,2,True
238,34,2,True
232,36,2,True
234,36,2,True
232,38,2,True
234,38,2,True
236,36,2,True
238,36,2,True
236,38,2,True
238,38,2,True
224,40,2,True
226,40,2,True
224,42,2,True
226,42,2,True
228,40,2,True
230,40,2,True
228,42,2,True
230,42,2,True
224,44,2,True
226,44,2,True
224,46,2,True
226,46,2,True
228,44,2,True
230,44,2,True
228,46,2,True
230,46,2,True
232,40,2,True
234,40,2,True
232,42,2,True
234,42,2,True
236,40,2,True
238,40,2,True
236,42,2,True
238,42,2,True
232,44,2,True
234,44,2,True
232,46,2,True
234,46,2,True
236,44,2,True
238,44,2,True
236,46,2,True
238,46,2,True
240,32,2,True
242,32,2,True
240,34,2,True
242,34,2,True
244,32,2,True
246,32,2,True
244,34,2,True
246,34,2,True
240,36,2,True
242,36,2,True
240,38,2,True
242,38,2,True
244,36,2,True
246,36,2,True
244,38,2,True
246,38,2,True
248,32,2,True
250,32,2,True
248,34,2,True
250,34,2,True
252,32,2,True
254,32,2,True
252,34,2,True
254,34,2,True
248,36,2,True
250,36,2,True
248,38,2,True
250,38,2,True
252,36,2,True
254,36,2,True
252,38,2,True
254,38,2,True
240,40,2,True
242,40,2,True
240,42,2,True
242,42,2,True
244,40,2,True
246,40,2,True
244,42,2,True
246,42,2,True
240,44,2,True
242,44,2,True
240,46,2,True
242,46,2,True
244,44,2,True
246,44,2,True
244,46,2,True
246,46,2,True
248,40,2,True
250,40,2,True
248,42,2,True
250,42,2,True
252,40,2,True
254,40,2,True
252,42,2,True
254,42,2,True
248,44,2,True
250,44,2,True
248,46,2,True
250,46,2,True
252,44,2,True
254,44,2,True
252,46,2,True
254,46,2,True
224,48,2,True
226,48,2,True
224,50,2,True
226,50,2,True
228,48,2,True
230,48,2,True
228,50,2,True
230,50,2,True
224,52,2,True
226,52,2,True
224,54,2,False
226,54,2,True
228,52,2,True
230,52,2,True
228,54,2,True
230,54,2,True
232,48,2,True
234,48,2,True
232,50,2,True
234,50,2,True
236,48,2,True
238,48,2,True
236,50,2,True
238,50,2,True
232,52,2,True
234,52,2,True
232,54,2,True
234,54,2,True
236,52,2,True
238,52,2,True
236,54,2,True
238,54,2,True
224,56,2,False
226,56,2,False
224,58,2,True
226,58,2,True
228,56,2,False
230,56,2,True
228,58,2,False
230,58,2,False
224,60,2,True
226,60,2,True
224,62,2,True
226,62,2,True
228,60,2,True
230,60,2,False
228,62,2,True
230,62,2,True
232,56,2,True
234,56,2,True
232,58,2,True
234,58,2,True
236,56,2,True
238,56,2,True
236,58,2,True
238,58,2,True
232,60,2,False
234,60,2,False
232,62,2,True
234,62,2,False
236,60,2,True
238,60,2,True
236,62,2,False
238,62,2,False
240,48,2,True
242,48,2,True
240,50,2,True
242,50,2,True
244,48,2,True
246,48,2,True
244,50,2,True
246,50,2,True
240,52,2,True
242,52,2,True
240,54,2,True
242,54,2,True
244,52,2,True
246,52,2,True
244,54,2,True
246,54,2,True
248,48,2,True
250,48,2,True
248,50,2,True
250,50,2,True
252,48,2,True
254,48,2,True
252,50,2,True
254,50,2,True
248,52,2,True
250,52,2,True
248,54,2,True
250,54,2,True
252,52,2,True
254,52,2,True
252,54,2,True
254,54,2,True
240,56,2,True
242,56,2,True
240,58,2,True
242,58,2,True
244,56,2,True
246,56,2,True
244,58,2,True
246,58,2,True
240,60,2,True
242,60,2,True
240,62,2,True
242,62,2,True
244,60,2,True
246,60,2,True
244,62,2,True
246,62,2,True
248,56,2,True
250,56,2,True
248,58,2,True
250,58,2,True
252,56,2,True
254,56,2,True
252,58,2,True
254,58,2,True
248,60,2,True
250,60,2,True
248,62,2,True
250,62,2,True
252,60,2,True
254,60,2,True
252,62,2,True
254,62,2,True
224,64,2,True
226,64,2,True
224,66,2,True
226,66,2,True
228,64,2,True
230,64,2,True
228,66,2,True
230,66,2,True
224,68,2,True
226,68,2,True
224,70,2,True
226,70,2,True
228,68,2,True
230,68,2,True
228,70,2,True
230,70,2,True
232,64,2,True
234,64,2,True
232,66,2,True
234,66,2,True
236,64,2,True
238,64,2,False
236,66,2,True
238,66,2,True
232,68,2,True
234,68,2,True
232,70,2,True
234,70,2,True
236,68,2,True
238,68,2,True
236,70,2,True
238,70,2,True
224,72,2,True
226,72,2,True
224,74,2,True
226,74,2,True
228,72,2,True
230,72,2,True
228,74,2,True
230,74,2,True
224,76,2,True
226,76,2,True
224,78,2,True
226,78,2,True
228,76,2,True
230,76,2,True
228,78,2,True
230,78,2,True
232,72,2,True
234,72,2,True
232,74,2,True
234,74,2,True
236,72,2,True
238,72,2,True
236,74,2,True
238,74,2,True
232,76,2,True
234,76,2,True
232,78,2,True
234,78,2,True
236,76,2,True
238,76,2,True
236,78,2,True
238,78,2,True
240,64,2,False
242,64,2,False
240,66,2,True
242,66,2,False
244,64,2,True
246,64,2,True
244,66,2,False
246,66,2,False
240,68,2,True
242,68,2,True
240,70,2,True
242,70,2,True
244,68,2,True
246,68,2,False
244,70,2,True
246,70,2,True
248,64,2,True
250,64,2,True
248,66,2,True
250,66,2,True
252,64,2,True
254,64,2,True
252,66,2,True
254,66,2,True
248,68,2,False
250,68,2,False
248,70,2,True
250,70,2,False
252,68,2,True
254,68,2,True
252,70,2,False
254,70,2,False
240,72,2,True
242,72,2,True
240,74,2,True
242,74,2,True
244,72,2,True
246,72,2,True
244,74,2,True
246,74,2,True
240,76,2,True
242,76,2,True
240,78,2,True
242,78,2,True
244,76,2,True
246,76,2,True
244,78,2,True
246,78,2,True
248,72,2,True
250,72,2,True
248,74,2,True
250,74,2,True
252,72,2,True
254,72,2,False
252,74,2,True
254,74,2,True
248,76,2,True
250,76,2,True
248,78,2,True
250,78,2,True
252,76,2,True
254,76,2,True
252,78,2,True
254,78,2,True
224,80,2,True
226,80,2,True
224,82,2,True
226,82,2,True
228,80,2,True
230,80,2,True
228,82,2,True
230,82,2,True
224,84,2,True
226,84,2,True
224,86,2,True
226,86,2,True
228,84,2,True
230,84,2,True
228,86,2,True
230,86,2,True
232,80,2,True
234,80,2,True
232,82,2,True
234,82,2,True
236,80,2,True
238,80,2,True
236,82,2,True
238,82,2,True
232,84,2,True
234,84,2,True
232,86,2,True
234,86,2,True
236,84,2,True
238,84,2,True
236,86,2,True
238,86,2,True
224,88,2,True
226,88,2,True
224,90,2,True
226,90,2,True
228,88,2,True
230,88,2,True
228,90,2,True
230,90,2,True
224,92,2,True
226,92,2,True
224,94,2,True
226,94,2,True
228,92,2,True
230,92,2,True
228,94,2,True
230,94,2,True
232,88,2,True
234,88,2,True
232,90,2,True
234,90,2,True
236,88,2,True
238,88,2,True
236,90,2,True
238,90,2,True
232,92,2,True
234,92,2,True
232,94,2,True
234,94,2,True
236,92,2,True
238,92,2,True
236,94,2,True
238,94,2,True
240,80,2,True
242,80,2,True
240,82,2,True
242,82,2,True
244,80,2,True
246,80,2,True
244,82,2,True
246,82,2,True
240,84,2,True
242,84,2,True
240,86,2,True
242,86,2,True
244,84,2,True
246,84,2,True
244,86,2,True
246,86,2,True
248,80,2,True
250,80,2,True
248,82,2,True
250,82,2,True
252,80,2,True
254,80,2,True
252,82,2,True
254,82,2,True
248,84,2,True
250,84,2,True
248,86,2,True
250,86,2,True
252,84,2,True
254,84,2,True
252,86,2,True
254,86,2,True
240,88,2,True
242,88,2,True
240,90,2,True
242,90,2,True
244,88,2,True
246,88,2,True
244,90,2,True
246,90,2,True
240,92,2,True
242,92,2,True
240,94,2,True
242,94,2,True
244,92,2,True
246,92,2,True
244,94,2,True
246,94,2,True
248,88,2,True
250,88,2,True
248,90,2,True
250,90,2,True
252,88,2,True
254,88,2,True
252,90,2,True
254,90,2,True
248,92,2,True
250,92,2,True
248,94,2,True
250,94,2,True
252,92,2,True
254,92,2,True
252,94,2,True
254,94,2,True
224,96,2,True
226,96,2,True
224,98,2,True
226,98,2,True
228,96,2,True
230,96,2,True
228,98,2,True
230,98,2,True
224,100,2,False
226,100,2,True
224,102,2,False
226,102,2,False
228,100,2,True
230,100,2,True
228,102,2,True
230,102,2,True
232,96,2,True
234,96,2,True
232,98,2,True
234,98,2,True
236,96,2,True
238,96,2,True
236,98,2,True
238,98,2,True
232,100,2,True
234,100,2,True
232,102,2,True
234,102,2,True
236,100,2,True
238,100,2,True
236,102,2,True
238,102,2,True
224,104,2,True
226,104,2,False
224,106,2,True
226,106,2,True
228,104,2,False
230,104,2,False
228,106,2,True
230,106,2,False
224,108,2,True
226,108,2,True
224,110,2,True
226,110,2,True
228,108,2,True
230,108,2,True
228,110,2,True
230,110,2,True
232,104,2,True
234,104,2,True
232,106,2,False
234,106,2,False
236,104,2,True
238,104,2,True
236,106,2,True
238,106,2,True
232,108,2,True
234,108,2,False
232,110,2,True
234,110,2,True
236,108,2,False
238,108,2,False
236,110,2,True
238,110,2,True
240,96,2,True
242,96,2,True
240,98,2,True
242,98,2,True
244,96,2,True
246,96,2,True
244,98,2,True
246,98,2,True
240,100,2,True
242,100,2,True
240,102,2,True
242,102,2,True
244,100,2,True
246,100,2,True
244,102,2,True
246,102,2,True
248,96,2,True
250,96,2,True
248,98,2,True
250,98,2,True
252,96,2,True
254,96,2,True
252,98,2,True
254,98,2,True
248,100,2,True
250,100,2,True
248,102,2,True
250,102,2,True
252,100,2,True
254,100,2,True
252,102,2,True
254,102,2,True
240,104,2,True
242,104,2,True
240,106,2,True
242,106,2,True
244,104,2,True
246,104,2,True
244,106,2,True
246,106,2,True
240,108,2,False
242,108,2,True
240,110,2,False
242,110,2,False
244,108,2,True
246,108,2,True
244,110,2,False
246,110,2,True
248,104,2,True
250,104,2,True
248,106,2,True
250,106,2,True
252,104,2,True
254,104,2,True
252,106,2,True
254,106,2,True
248,108,2,True
250,108,2,True
248,110,2,True
250,110,2,True
252,108,2,True
254,108,2,True
252,110,2,True
254,110,2,True
224,112,2,True
226,112,2,True
224,114,2,True
226,114,2,True
228,112,2,True
230,112,2,True
228,114,2,True
230,114,2,True
224,116,2,True
226,116,2,True
224,118,2,True
226,118,2,True
228,116,2,True
230,116,2,True
228,118,2,True
230,118,2,True
232,112,2,True
234,112,2,True
232,114,2,True
234,114,2,True
236,112,2,True
238,112,2,True
236,114,2,True
238,114,2,True
232,116,2,True
234,116,2,True
232,118,2,True
234,118,2,True
236,116,2,True
238,116,2,True
236,118,2,True
238,118,2,True
224,120,2,True
226,120,2,True
224,122,2,True
226,122,2,True
228,120,2,True
230,120,2,True
228,122,2,True
230,122,2,True
224,124,2,True
226,124,2,True
224,126,2,False
226,126,2,False
228,124,2,True
230,124,2,True
228,126,2,True
230,126,2,True
232,120,2,True
234,120,2,True
232,122,2,True
234,122,2,True
236,120,2,True
238,120,2,True
236,122,2,True
238,122,2,True
232,124,2,True
234,124,2,True
232,126,2,True
234,126,2,True
236,124,2,True
238,124,2,True
236,126,2,True
238,126,2,True
240,112,2,True
242,112,2,True
240,114,2,True
242,114,2,True
244,112,2,False
246,112,2,False
244,114,2,True
246,114,2,True
240,116,2,True
242,116,2,True
240,118,2,True
242,118,2,True
244,116,2,True
246,116,2,True
244,118,2,True
246,118,2,True
248,112,2,False
250,112,2,False
248,114,2,True
250,114,2,False
252,112,2,True
254,112,2,True
252,114,2,False
254,114,2,False
248,116,2,True
250,116,2,True
248,118,2,True
250,118,2,True
252,116,2,True
254,116,2,True
252,118,2,True
254,118,2,True
240,120,2,True
242,120,2,True
240,122,2,True
242,122,2,True
244,120,2,True
246,120,2,True
244,122,2,True
246,122,2,True
240,124,2,True
242,124,2,True
240,126,2,True
242,126,2,True
244,124,2,True
246,124,2,True
244,126,2,True
246,126,2,True
248,120,2,True
250,120,2,True
248,122,2,True
250,122,2,True
252,120,2,True
254,120,2,True
252,122,2,True
254,122,2,True
248,124,2,True
250,124,2,True
248,126,2,True
250,126,2,True
252,124,2,True
254,124,2,True
252,126,2,True
254,126,2,True
224,128,2,True
226,128,2,False
224,130,2,True
226,130,2,True
228,128,2,False
230,128,2,False
228,130,2,True
230,130,2,False
224,132,2,True
226,132,2,True
224,134,2,True
226,134,2,True
228,132,2,True
230,132,2,True
228,134,2,True
230,134,2,True
232,128,2,True
234,128,2,True
232,130,2,False
234,130,2,False
236,128,2,True
238,128,2,True
236,130,2,True
238,130,2,True
232,132,2,True
234,132,2,False
232,134,2,True
234,134,2,True
236,132,2,False
238,132,2,False
236,134,2,True
238,134,2,False
224,136,2,True
226,136,2,True
224,138,2,False
226,138,2,False
228,136,2,True
230,136,2,True
228,138,2,True
230,138,2,True
224,140,2,True
226,140,2,False
224,142,2,True
226,142,2,True
228,140,2,False
230,140,2,True
228,142,2,False
230,142,2,False
232,136,2,True
234,136,2,True
232,138,2,True
234,138,2,True
236,136,2,True
238,136,2,True
236,138,2,True
238,138,2,True
232,140,2,True
234,140,2,True
232,142,2,False
234,142,2,True
236,140,2,True
238,140,2,True
236,142,2,True
238,142,2,True
240,128,2,True
242,128,2,True
240,130,2,True
242,130,2,True
244,128,2,True
246,128,2,True
244,130,2,True
246,130,2,True
240,132,2,True
242,132,2,True
240,134,2,False
242,134,2,False
244,132,2,True
246,132,2,True
244,134,2,True
246,134,2,True
248,128,2,True
250,128,2,True
248,130,2,True
250,130,2,True
252,128,2,True
254,128,2,True
252,130,2,True
254,130,2,True
248,132,2,True
250,132,2,True
248,134,2,True
250,134,2,True
252,132,2,True
254,132,2,True
252,134,2,True
254,134,2,True
240,136,2,True
242,136,2,False
240,138,2,True
242,138,2,True
244,136,2,False
246,136,2,False
244,138,2,True
246,138,2,False
240,140,2,True
242,140,2,True
240,142,2,True
242,142,2,True
244,140,2,True
246,140,2,True
244,142,2,True
246,142,2,True
248,136,2,True
250,136,2,True
248,138,2,False
250,138,2,False
252,136,2,True
254,136,2,True
252,138,2,True
254,138,2,True
248,140,2,True
250,140,2,False
248,142,2,True
250,142,2,True
252,140,2,False
254,140,2,False
252,142,2,True
254,142,2,True
224,144,2,True
226,144,2,True
224,146,2,True
226,146,2,True
228,144,2,True
230,144,2,True
228,146,2,True
230,146,2,True
224,148,2,True
226,148,2,True
224,150,2,True
226,150,2,True
228,148,2,True
230,148,2,True
228,150,2,True
230,150,2,True
232,144,2,False
234,144,2,False
232,146,2,True
234,146,2,False
236,144,2,True
238,144,2,True
236,146,2,False
238,146,2,False
232,148,2,True
234,148,2,True
232,150,2,True
234,150,2,True
236,148,2,True
238,148,2,False
236,150,2,True
238,150,2,True
224,152,2,True
226,152,2,True
224,154,2,True
226,154,2,True
228,152,2,True
230,152,2,True
228,154,2,True
230,154,2,True
224,156,2,True
226,156,2,True
224,158,2,True
226,158,2,True
228,156,2,True
230,156,2,True
228,158,2,True
230,158,2,True
232,152,2,True
234,152,2,True
232,154,2,True
234,154,2,True
236,152,2,True
238,152,2,True
236,154,2,True
238,154,2,True
232,156,2,True
234,156,2,True
232,158,2,True
234,158,2,True
236,156,2,True
238,156,2,True
236,158,2,True
238,158,2,True
240,144,2,True
242,144,2,True
240,146,2,True
242,146,2,True
244,144,2,True
246,144,2,True
244,146,2,True
246,146,2,True
240,148,2,False
242,148,2,True
240,150,2,False
242,150,2,False
244,148,2,True
246,148,2,True
244,150,2,False
246,150,2,True
248,144,2,True
250,144,2,True
248,146,2,True
250,146,2,True
252,144,2,True
254,144,2,True
252,146,2,True
254,146,2,True
248,148,2,True
250,148,2,True
248,150,2,True
250,150,2,True
252,148,2,True
254,148,2,True
252,150,2,True
254,150,2,True
240,152,2,True
242,152,2,True
240,154,2,True
242,154,2,True
244,152,2,False
246,152,2,False
244,154,2,True
246,154,2,True
240,156,2,True
242,156,2,True
240,158,2,True
242,158,2,True
244,156,2,True
246,156,2,True
244,158,2,True
246,158,2,True
248,152,2,False
250,152,2,True
248,154,2,False
250,154,2,False
252,152,2,True
254,152,2,True
252,154,2,True
254,154,2,True
248,156,2,True
250,156,2,False
248,158,2,True
250,158,2,True
252,156,2,False
254,156,2,False
252,158,2,True
254,158,2,False
224,160,2,True
226,160,2,True
224,162,2,True
226,162,2,True
228,160,2,True
230,160,2,True
228,162,2,True
230,162,2,True
232,160,2,True
234,160,2,True
232,162,2,True
234,162,2,True
236,160,2,True
238,160,2,True
236,162,2,True
238,162,2,True
232,164,2,True
234,164,2,True
232,166,2,True
234,166,2,True
236,164,2,True
238,164,2,True
236,166,2,True
238,166,2,True
224,168,2,True
226,168,2,True
224,170,2,True
226,170,2,True
224,172,2,True
226,172,2,True
224,174,2,True
226,174,2,True
228,172,2,True
230,172,2,True
228,174,2,True
230,174,2,True
236,168,2,True
238,168,2,True
236,170,2,True
238,170,2,True
232,172,2,True
234,172,2,True
232,174,2,True
234,174,2,True
240,160,2,True
242,160,2,True
240,162,2,True
242,162,2,True
244,160,2,True
246,160,2,True
244,162,2,True
246,162,2,True
240,164,2,True
242,164,2,True
240,166,2,True
242,166,2,True
244,164,2,True
246,164,2,True
244,166,2,True
246,166,2,True
248,160,2,True
250,160,2,True
248,162,2,True
250,162,2,True
252,160,2,True
254,160,2,True
252,162,2,True
254,162,2,True
248,164,2,True
250,164,2,True
248,166,2,True
250,166,2,True
252,164,2,True
254,164,2,True
252,166,2,True
254,166,2,True
240,168,2,True
242,168,2,True
240,170,2,True
242,170,2,True
244,168,2,True
246,168,2,True
244,170,2,True
246,170,2,True
244,172,2,True
246,172,2,True
244,174,2,True
246,174,2,True
248,168,2,True
250,168,2,True
248,170,2,True
250,170,2,True
252,168,2,True
254,168,2,True
252,170,2,True
254,170,2,True
248,172,2,True
250,172,2,True
248,174,2,True
250,174,2,True
252,172,2,True
254,172,2,True
252,174,2,True
254,174,2,True
224,176,2,True
226,176,2,True
224,178,2,True
226,178,2,True
228,176,2,True
230,176,2,True
228,178,2,True
230,178,2,True
224,180,2,True
226,180,2,True
224,182,2,True
226,182,2,True
228,180,2,True
230,180,2,True
228,182,2,True
230,182,2,True
232,176,2,True
234,176,2,True
232,178,2,True
234,178,2,True
236,176,2,True
238,176,2,True
236,178,2,True
238,178,2,True
232,180,2,True
234,180,2,True
232,182,2,True
234,182,2,True
236,180,2,True
238,180,2,True
236,182,2,True
238,182,2,True
224,184,2,True
226,184,2,True
224,186,2,True
226,186,2,True
228,184,2,True
230,184,2,True
228,186,2,True
230,186,2,True
224,188,2,True
226,188,2,True
224,190,2,False
226,190,2,True
228,188,2,True
230,188,2,True
228,190,2,True
230,190,2,True
232,184,2,True
234,184,2,True
232,186,2,True
234,186,2,True
236,184,2,True
238,184,2,True
236,186,2,True
238,186,2,True
232,188,2,True
234,188,2,True
232,190,2,True
234,190,2,True
236,188,2,True
238,188,2,True
236,190,2,True
238,190,2,True
240,176,2,True
242,176,2,True
240,178,2,True
242,178,2,True
244,176,2,True
246,176,2,True
244,178,2,True
246,178,2,True
240,180,2,True
242,180,2,True
240,182,2,True
242,182,2,True
244,180,2,True
246,180,2,True
244,182,2,True
246,182,2,True
248,176,2,True
250,176,2,True
248,178,2,True
250,178,2,True
252,176,2,True
254,176,2,True
252,178,2,True
254,178,2,True
248,180,2,True
250,180,2,True
248,182,2,True
250,182,2,True
252,180,2,True
254,180,2,True
252,182,2,True
254,182,2,True
240,184,2,True
242,184,2,True
240,186,2,True
242,186,2,True
244,184,2,True
246,184,2,True
244,186,2,True
246,186,2,True
240,188,2,True
242,188,2,True
240,190,2,True
242,190,2,True
244,188,2,True
246,188,2,True
244,190,2,True
246,190,2,True
248,184,2,True
250,184,2,True
248,186,2,True
250,186,2,True
252,184,2,True
254,184,2,True
252,186,2,True
254,186,2,True
248,188,2,True
250,188,2,True
248,190,2,True
250,190,2,True
252,188,2,True
254,188,2,True
252,190,2,True
254,190,2,True
224,192,2,False
226,192,2,False
224,194,2,True
226,194,2,False
228,192,2,True
230,192,2,True
228,194,2,False
230,194,2,False
224,196,2,True
226,196,2,True
224,198,2,True
226,198,2,True
228,196,2,True
230,196,2,False
228,198,2,True
230,198,2,True
232,192,2,True
234,192,2,True
232,194,2,True
234,194,2,True
236,192,2,True
238,192,2,True
236,194,2,True
238,194,2,True
232,196,2,False
234,196,2,False
232,198,2,True
234,198,2,False
236,196,2,True
238,196,2,True
236,198,2,False
238,198,2,False
224,200,2,True
226,200,2,True
224,202,2,True
226,202,2,True
228,200,2,True
230,200,2,True
228,202,2,True
230,202,2,True
224,204,2,True
226,204,2,True
224,206,2,True
226,206,2,True
228,204,2,True
230,204,2,True
228,206,2,True
230,206,2,True
232,200,2,True
234,200,2,True
232,202,2,True
234,202,2,True
236,200,2,True
238,200,2,False
236,202,2,True
238,202,2,True
232,204,2,True
234,204,2,True
232,206,2,True
234,206,2,True
236,204,2,True
238,204,2,True
236,206,2,True
238,206,2,True
240,192,2,True
242,192,2,True
240,194,2,True
242,194,2,True
244,192,2,True
246,192,2,True
244,194,2,True
246,194,2,True
240,196,2,True
242,196,2,True
240,198,2,True
242,198,2,True
244,196,2,True
246,196,2,True
244,198,2,True
246,198,2,True
248,192,2,True
250,192,2,True
248,194,2,True
250,194,2,True
252,192,2,True
254,192,2,True
252,194,2,True
254,194,2,True
248,196,2,True
250,196,2,True
248,198,2,True
250,198,2,True
252,196,2,True
254,196,2,True
252,198,2,True
254,198,2,True
240,200,2,False
242,200,2,False
240,202,2,True
242,202,2,False
244,200,2,True
246,200,2,True
244,202,2,False
246,202,2,False
240,204,2,True
242,204,2,True
240,206,2,True
242,206,2,True
244,204,2,True
246,204,2,True
244,206,2,True
246,206,2,True
248,200,2,True
250,200,2,True
248,202,2,False
250,202,2,True
252,200,2,True
254,200,2,True
252,202,2,True
254,202,2,True
248,204,2,False
250,204,2,False
248,206,2,True
250,206,2,True
252,204,2,False
254,204,2,True
252,206,2,False
254,206,2,False
224,208,2,True
226,208,2,True
224,210,2,True
226,210,2,True
228,208,2,True
230,208,2,True
228,210,2,True
230,210,2,True
224,212,2,True
226,212,2,True
224,214,2,True
226,214,2,True
228,212,2,True
230,212,2,True
228,214,2,True
230,214,2,True
232,208,2,True
234,208,2,True
232,210,2,True
234,210,2,True
236,208,2,True
238,208,2,True
236,210,2,True
238,210,2,True
232,212,2,True
234,212,2,True
232,214,2,True
234,214,2,True
236,212,2,True
238,212,2,True
236,214,2,True
238,214,2,True
228,216,2,True
230,216,2,True
228,218,2,True
230,218,2,True
232,216,2,True
234,216,2,True
232,218,2,True
234,218,2,True
236,216,2,True
238,216,2,True
236,218,2,True
238,218,2,True
232,220,2,True
234,220,2,True
232,222,2,True
234,222,2,True
236,220,2,True
238,220,2,True
236,222,2,True
238,222,2,True
240,208,2,True
242,208,2,True
240,210,2,True
242,210,2,True
244,208,2,True
246,208,2,True
244,210,2,True
246,210,2,True
240,212,2,True
242,212,2,True
240,214,2,True
242,214,2,True
244,212,2,True
246,212,2,True
244,214,2,True
246,214,2,True
248,208,2,True
250,208,2,True
248,210,2,True
250,210,2,True
252,208,2,True
254,208,2,True
252,210,2,True
254,210,2,True
248,212,2,True
250,212,2,True
248,214,2,True
250,214,2,True
252,212,2,True
254,212,2,True
252,214,2,True
254,214,2,True
240,216,2,True
242,216,2,True
240,218,2,True
242,218,2,True
244,216,2,True
246,216,2,True
244,218,2,True
246,218,2,True
240,220,2,True
242,220,2,True
240,222,2,True
242,222,2,True
244,220,2,True
246,220,2,True
244,222,2,True
246,222,2,True
248,216,2,True
250,216,2,True
248,218,2,True
250,218,2,True
252,216,2,True
254,216,2,True
252,218,2,True
254,218,2,True
248,220,2,True
250,220,2,True
248,222,2,True
250,222,2,True
252,220,2,True
254,220,2,True
252,222,2,True
254,222,2,True
240,224,2,True
242,224,2,True
240,226,2,True
242,226,2,True
244,224,2,True
246,224,2,True
244,226,2,True
246,226,2,True
248,224,2,True
250,224,2,True
248,226,2,True
250,226,2,True
252,224,2,True
254,224,2,True
252,226,2,True
254,226,2,True
248,228,2,True
250,228,2,True
248,230,2,True
250,230,2,True
252,228,2,True
254,228,2,True
252,230,2,True
254,230,2,True
224,252,2,True
226,252,2,True
224,254,2,True
226,254,2,True
224,256,2,True
226,256,2,True
224,258,2,True
226,258,2,True
228,256,2,True
230,256,2,True
228,258,2,True
230,258,2,True
224,260,2,True
226,260,2,True
224,262,2,True
226,262,2,True
228,260,2,True
230,260,2,True
228,262,2,True
230,262,2,True
232,256,2,True
234,256,2,True
232,258,2,True
234,258,2,True
232,260,2,True
234,260,2,True
232,262,2,True
234,262,2,True
236,260,2,True
238,260,2,True
236,262,2,True
238,262,2,True
224,264,2,True
226,264,2,True
224,266,2,True
226,266,2,True
228,264,2,True
230,264,2,True
228,266,2,True
230,266,2,True
224,268,2,True
226,268,2,True
224,270,2,True
226,270,2,True
228,268,2,True
230,268,2,True
228,270,2,True
230,270,2,True
232,264,2,True
234,264,2,True
232,266,2,True
234,266,2,True
236,264,2,True
238,264,2,True
236,266,2,True
238,266,2,True
232,268,2,True
234,268,2,True
232,270,2,True
234,270,2,True
236,268,2,True
238,268,2,True
236,270,2,True
238,270,2,True
240,260,2,True
242,260,2,True
240,262,2,True
242,262,2,True
240,264,2,True
242,264,2,True
240,266,2,True
242,266,2,True
244,264,2,True
246,264,2,True
244,266,2,True
246,266,2,True
240,268,2,True
242,268,2,True
240,270,2,True
242,270,2,True
244,268,2,True
246,268,2,True
244,270,2,True
246,270,2,True
248,264,2,True
250,264,2,True
248,266,2,True
250,266,2,True
252,264,2,True
254,264,2,True
252,266,2,True
254,266,2,True
248,268,2,True
250,268,2,True
248,270,2,True
250,270,2,True
252,268,2,True
254,268,2,True
252,270,2,True
254,270,2,True
224,272,2,False
226,272,2,True
224,274,2,False
226,274,2,False
228,272,2,True
230,272,2,True
228,274,2,False
230,274,2,True
224,276,2,True
226,276,2,True
224,278,2,True
226,278,2,True
228,276,2,False
230,276,2,False
228,278,2,True
230,278,2,False
232,272,2,True
234,272,2,True
232,274,2,True
234,274,2,True
236,272,2,True
238,272,2,True
236,274,2,True
238,274,2,True
232,276,2,True
234,276,2,True
232,278,2,False
234,278,2,False
236,276,2,True
238,276,2,True
236,278,2,True
238,278,2,True
224,280,2,True
226,280,2,True
224,282,2,True
226,282,2,True
228,280,2,True
230,280,2,True
228,282,2,True
230,282,2,True
224,284,2,True
226,284,2,True
224,286,2,True
226,286,2,True
228,284,2,True
230,284,2,True
228,286,2,True
230,286,2,True
232,280,2,True
234,280,2,False
232,282,2,True
234,282,2,True
236,280,2,False
238,280,2,False
236,282,2,True
238,282,2,False
232,284,2,True
234,284,2,True
232,286,2,True
234,286,2,True
236,284,2,True
238,284,2,True
236,286,2,True
238,286,2,True
240,272,2,True
242,272,2,True
240,274,2,True
242,274,2,True
244,272,2,True
246,272,2,True
244,274,2,True
246,274,2,True
240,276,2,True
242,276,2,True
240,278,2,True
242,278,2,True
244,276,2,True
246,276,2,True
244,278,2,True
246,278,2,True
248,272,2,True
250,272,2,True
248,274,2,True
250,274,2,True
252,272,2,True
254,272,2,True
252,274,2,True
254,274,2,True
248,276,2,True
250,276,2,True
248,278,2,True
250,278,2,True
252,276,2,True
254,276,2,True
252,278,2,True
254,278,2,True
240,280,2,True
242,280,2,True
240,282,2,False
242,282,2,True
244,280,2,True
246,280,2,True
244,282,2,True
246,282,2,True
240,284,2,False
242,284,2,False
240,286,2,True
242,286,2,True
244,284,2,False
246,284,2,True
244,286,2,False
246,286,2,False
248,280,2,True
250,280,2,True
248,282,2,True
250,282,2,True
252,280,2,True
254,280,2,True
252,282,2,True
254,282,2,True
248,284,2,True
250,284,2,True
248,286,2,False
250,286,2,True
252,284,2,True
254,284,2,True
252,286,2,True
254,286,2,True
224,288,2,True
226,288,2,True
224,290,2,True
226,290,2,True
228,288,2,True
230,288,2,True
228,290,2,True
230,290,2,True
224,292,2,True
226,292,2,True
224,294,2,True
226,294,2,True
228,292,2,True
230,292,2,True
228,294,2,True
230,294,2,True
232,288,2,True
234,288,2,True
232,290,2,True
234,290,2,True
236,288,2,True
238,288,2,True
236,290,2,True
238,290,2,True
232,292,2,True
234,292,2,True
232,294,2,True
234,294,2,True
236,292,2,True
238,292,2,True
236,294,2,True
238,294,2,True
224,296,2,False
226,296,2,True
224,298,2,False
226,298,2,False
228,296,2,True
230,296,2,True
228,298,2,True
230,298,2,True
224,300,2,True
226,300,2,False
224,302,2,True
226,302,2,True
228,300,2,False
230,300,2,False
228,302,2,True
230,302,2,False
232,296,2,True
234,296,2,True
232,298,2,True
234,298,2,True
236,296,2,True
238,296,2,True
236,298,2,True
238,298,2,True
232,300,2,True
234,300,2,True
232,302,2,False
234,302,2,True
236,300,2,True
238,300,2,True
236,302,2,True
238,302,2,True
240,288,2,True
242,288,2,True
240,290,2,True
242,290,2,True
244,288,2,True
246,288,2,True
244,290,2,True
246,290,2,True
240,292,2,True
242,292,2,True
240,294,2,True
242,294,2,True
244,292,2,True
246,292,2,True
244,294,2,True
246,294,2,True
248,288,2,False
250,288,2,False
248,290,2,True
250,290,2,True
252,288,2,False
254,288,2,True
252,290,2,False
254,290,2,False
248,292,2,True
250,292,2,True
248,294,2,True
250,294,2,True
252,292,2,True
254,292,2,True
252,294,2,True
254,294,2,True
240,296,2,True
242,296,2,True
240,298,2,True
242,298,2,True
244,296,2,True
246,296,2,True
244,298,2,True
246,298,2,True
240,300,2,True
242,300,2,True
240,302,2,True
242,302,2,True
244,300,2,True
246,300,2,True
244,302,2,True
246,302,2,True
248,296,2,True
250,296,2,True
248,298,2,True
250,298,2,True
252,296,2,True
254,296,2,True
252,298,2,True
254,298,2,True
248,300,2,True
250,300,2,True
248,302,2,True
250,302,2,True
252,300,2,True
254,300,2,True
252,302,2,True
254,302,2,True
224,304,2,True
226,304,2,True
224,306,2,True
226,306,2,True
228,304,2,True
230,304,2,True
228,306,2,True
230,306,2,True
224,308,2,True
226,308,2,True
224,310,2,True
226,310,2,True
228,308,2,True
230,308,2,True
228,310,2,True
230,310,2,True
232,304,2,False
234,304,2,False
232,306,2,True
234,306,2,True
236,304,2,False
238,304,2,True
236,306,2,False
238,306,2,False
232,308,2,True
234,308,2,True
232,310,2,True
234,310,2,True
236,308,2,True
238,308,2,True
236,310,2,True
238,310,2,True
224,312,2,True
226,312,2,True
224,314,2,True
226,314,2,True
228,312,2,True
230,312,2,True
228,314,2,True
230,314,2,True
224,316,2,True
226,316,2,True
224,318,2,True
226,318,2,True
228,316,2,True
230,316,2,True
228,318,2,True
230,318,2,True
232,312,2,True
234,312,2,True
232,314,2,True
234,314,2,True
236,312,2,True
238,312,2,True
236,314,2,True
238,314,2,True
232,316,2,True
234,316,2,True
232,318,2,True
234,318,2,True
236,316,2,True
238,316,2,True
236,318,2,True
238,318,2,True
240,304,2,True
242,304,2,True
240,306,2,False
242,306,2,True
244,304,2,True
246,304,2,True
244,306,2,True
246,306,2,True
240,308,2,False
242,308,2,False
240,310,2,True
242,310,2,False
244,308,2,True
246,308,2,True
244,310,2,False
246,310,2,False
248,304,2,True
250,304,2,True
248,306,2,True
250,306,2,True
252,304,2,True
254,304,2,True
252,306,2,True
254,306,2,True
248,308,2,True
250,308,2,True
248,310,2,True
250,310,2,True
252,308,2,True
254,308,2,True
252,310,2,True
254,310,2,True
240,312,2,True
242,312,2,True
240,314,2,True
242,314,2,True
244,312,2,True
246,312,2,False
244,314,2,True
246,314,2,True
240,316,2,True
242,316,2,True
240,318,2,True
242,318,2,True
244,316,2,True
246,316,2,True
244,318,2,True
246,318,2,True
248,312,2,False
250,312,2,False
248,314,2,True
250,314,2,False
252,312,2,True
254,312,2,True
252,314,2,False
254,314,2,False
248,316,2,True
250,316,2,True
248,318,2,True
250,318,2,True
252,316,2,True
254,316,2,True
252,318,2,True
254,318,2,True
228,320,2,True
230,320,2,True
228,322,2,True
230,322,2,True
232,320,2,True
234,320,2,True
232,322,2,True
234,322,2,True
236,320,2,True
238,320,2,True
236,322,2,True
238,322,2,True
236,324,2,True
238,324,2,True
236,326,2,True
238,326,2,True
240,320,2,True
242,320,2,True
240,322,2,True
242,322,2,True
244,320,2,True
246,320,2,True
244,322,2,True
246,322,2,True
240,324,2,True
242,324,2,True
240,326,2,True
242,326,2,True
244,324,2,True
246,324,2,True
244,326,2,True
246,326,2,True
248,320,2,True
250,320,2,True
248,322,2,True
250,322,2,True
252,320,2,True
254,320,2,True
252,322,2,True
254,322,2,True
248,324,2,True
250,324,2,True
248,326,2,True
250,326,2,True
252,324,2,True
254,324,2,True
252,326,2,True
254,326,2,True
240,328,2,True
242,328,2,True
240,330,2,True
242,330,2,True
244,328,2,True
246,328,2,True
244,330,2,True
246,330,2,True
248,328,2,True
250,328,2,True
248,330,2,True
250,330,2,True
252,328,2,True
254,328,2,True
252,330,2,True
254,330,2,True
248,332,2,True
250,332,2,True
248,334,2,True
250,334,2,True
252,332,2,True
254,332,2,True
252,334,2,True
254,334,2,True
252,336,2,True
254,336,2,True
252,338,2,True
254,338,2,True
224,456,2,True
226,456,2,True
224,458,2,True
226,458,2,True
228,456,2,True
230,456,2,True
228,458,2,True
230,458,2,True
224,460,2,True
226,460,2,True
224,462,2,True
226,462,2,True
228,460,2,True
230,460,2,True
228,462,2,True
230,462,2,True
232,460,2,True
234,460,2,True
232,462,2,True
234,462,2,True
236,460,2,True
238,460,2,True
236,462,2,True
238,462,2,True
240,460,2,True
242,460,2,True
240,462,2,True
242,462,2,True
244,460,2,True
246,460,2,True
244,462,2,True
246,462,2,True
252,456,2,True
254,456,2,True
252,458,2,True
254,458,2,True
248,460,2,True
250,460,2,True
248,462,2,True
250,462,2,True
252,460,2,True
254,460,2,True
252,462,2,True
254,462,2,True
224,464,2,True
226,464,2,True
224,466,2,True
226,466,2,True
228,464,2,True
230,464,2,True
228,466,2,True
230,466,2,True
224,468,2,True
226,468,2,True
224,470,2,True
226,470,2,True
228,468,2,True
230,468,2,True
228,470,2,True
230,470,2,True
232,464,2,True
234,464,2,True
232,466,2,True
234,466,2,True
236,464,2,True
238,464,2,True
236,466,2,True
238,466,2,True
232,468,2,True
234,468,2,True
232,470,2,True
234,470,2,True
236,468,2,True
238,468,2,True
236,470,2,True
238,470,2,True
224,472,2,True
226,472,2,True
224,474,2,True
226,474,2,True
228,472,2,True
230,472,2,True
228,474,2,True
230,474,2,True
224,476,2,True
226,476,2,True
224,478,2,False
226,478,2,False
228,476,2,True
230,476,2,True
228,478,2,True
230,478,2,True
232,472,2,True
234,472,2,True
232,474,2,True
234,474,2,True
236,472,2,True
238,472,2,True
236,474,2,True
238,474,2,True
232,476,2,True
234,476,2,True
232,478,2,True
234,478,2,True
236,476,2,True
238,476,2,True
236,478,2,True
238,478,2,True
240,464,2,True
242,464,2,True
240,466,2,True
242,466,2,True
244,464,2,True
246,464,2,True
244,466,2,True
246,466,2,True
240,468,2,True
242,468,2,True
240,470,2,True
242,470,2,True
244,468,2,True
246,468,2,True
244,470,2,True
246,470,2,True
248,464,2,True
250,464,2,True
248,466,2,True
250,466,2,True
252,464,2,True
254,464,2,True
252,466,2,True
254,466,2,True
248,468,2,True
250,468,2,True
248,470,2,True
250,470,2,True
252,468,2,True
254,468,2,True
252,470,2,True
254,470,2,True
240,472,2,True
242,472,2,True
240,474,2,True
242,474,2,True
244,472,2,True
246,472,2,True
244,474,2,True
246,474,2,True
240,476,2,True
242,476,2,True
240,478,2,True
242,478,2,True
244,476,2,True
246,476,2,True
244,478,2,True
246,478,2,True
248,472,2,True
250,472,2,True
248,474,2,True
250,474,2,True
252,472,2,True
254,472,2,True
252,474,2,True
254,474,2,True
248,476,2,True
250,476,2,True
248,478,2,True
250,478,2,True
252,476,2,True
254,476,2,True
252,478,2,True
254,478,2,True
224,480,2,True
226,480,2,False
224,482,2,True
226,482,2,True
228,480,2,False
230,480,2,False
228,482,2,True
230,482,2,True
224,484,2,True
226,484,2,True
224,486,2,True
226,486,2,True
228,484,2,True
230,484,2,True
228,486,2,True
230,486,2,True
232,480,2,False
234,480,2,True
232,482,2,False
234,482,2,False
236,480,2,True
238,480,2,True
236,482,2,False
238,482,2,False
232,484,2,True
234,484,2,True
232,486,2,True
234,486,2,True
236,484,2,True
238,484,2,False
236,486,2,True
238,486,2,True
224,488,2,True
226,488,2,True
224,490,2,True
226,490,2,True
228,488,2,True
230,488,2,True
228,490,2,True
230,490,2,True
224,492,2,True
226,492,2,True
224,494,2,True
226,494,2,True
228,492,2,True
230,492,2,True
228,494,2,True
230,494,2,True
232,488,2,True
234,488,2,True
232,490,2,True
234,490,2,True
236,488,2,True
238,488,2,True
236,490,2,True
238,490,2,True
232,492,2,True
234,492,2,True
232,494,2,True
234,494,2,True
236,492,2,True
238,492,2,True
236,494,2,True
238,494,2,True
240,480,2,True
242,480,2,True
240,482,2,True
242,482,2,True
244,480,2,True
246,480,2,True
244,482,2,True
246,482,2,True
240,484,2,False
242,484,2,False
240,486,2,True
242,486,2,True
244,484,2,False
246,484,2,False
244,486,2,True
246,486,2,True
248,480,2,True
250,480,2,True
248,482,2,True
250,482,2,True
252,480,2,True
254,480,2,True
252,482,2,True
254,482,2,True
248,484,2,False
250,484,2,False
248,486,2,True
250,486,2,True
252,484,2,False
254,484,2,False
252,486,2,True
254,486,2,True
240,488,2,True
242,488,2,True
240,490,2,True
242,490,2,True
244,488,2,True
246,488,2,True
244,490,2,True
246,490,2,True
240,492,2,True
242,492,2,True
240,494,2,True
242,494,2,True
244,492,2,True
246,492,2,True
244,494,2,True
246,494,2,True
248,488,2,True
250,488,2,True
248,490,2,True
250,490,2,True
252,488,2,True
254,488,2,True
252,490,2,True
254,490,2,True
248,492,2,True
250,492,2,True
248,494,2,True
250,494,2,True
252,492,2,True
254,492,2,True
252,494,2,True
254,494,2,True
224,496,2,True
226,496,2,True
224,498,2,True
226,498,2,True
228,496,2,True
230,496,2,True
228,498,2,True
230,498,2,True
224,500,2,True
226,500,2,True
224,502,2,True
226,502,2,True
228,500,2,True
230,500,2,True
228,502,2,True
230,502,2,True
232,496,2,True
234,496,2,True
232,498,2,True
234,498,2,True
236,496,2,True
238,496,2,True
236,498,2,True
238,498,2,True
232,500,2,True
234,500,2,True
232,502,2,True
234,502,2,True
236,500,2,True
238,500,2,True
236,502,2,True
238,502,2,True
228,504,2,True
230,504,2,True
228,506,2,True
230,506,2,True
232,504,2,True
234,504,2,True
232,506,2,True
234,506,2,True
236,504,2,True
238,504,2,True
236,506,2,True
238,506,2,True
240,496,2,True
242,496,2,True
240,498,2,True
242,498,2,True
244,496,2,True
246,496,2,True
244,498,2,True
246,498,2,True
240,500,2,True
242,500,2,True
240,502,2,True
242,502,2,True
244,500,2,True
246,500,2,True
244,502,2,True
246,502,2,True
248,496,2,True
250,496,2,True
248,498,2,True
250,498,2,True
252,496,2,True
254,496,2,True
252,498,2,True
254,498,2,True
248,500,2,True
250,500,2,True
248,502,2,True
250,502,2,True
252,500,2,True
254,500,2,True
252,502,2,True
254,502,2,True
240,504,2,True
242,504,2,True
240,506,2,True
242,506,2,True
244,504,2,True
246,504,2,True
244,506,2,True
246,506,2,True
240,508,2,True
242,508,2,True
240,510,2,True
242,510,2,True
244,508,2,True
246,508,2,True
244,510,2,True
246,510,2,True
248,504,2,True
250,504,2,True
248,506,2,True
250,506,2,True
252,504,2,True
254,504,2,True
252,506,2,True
254,506,2,True
248,508,2,True
250,508,2,True
248,510,2,True
250,510,2,True
252,508,2,True
254,508,2,True
252,510,2,True
254,510,2,True
256,0,2,False
258,0,2,False
256,2,2,True
258,2,2,True
260,0,2,False
262,0,2,False
260,2,2,True
262,2,2,True
256,4,2,True
258,4,2,True
256,6,2,True
258,6,2,True
260,4,2,True
262,4,2,True
260,6,2,True
262,6,2,True
264,0,2,False
266,0,2,True
264,2,2,False
266,2,2,False
268,0,2,True
270,0,2,True
268,2,2,False
270,2,2,False
264,4,2,True
266,4,2,True
264,6,2,True
266,6,2,True
268,4,2,True
270,4,2,True
268,6,2,True
270,6,2,True
256,8,2,True
258,8,2,True
256,10,2,True
258,10,2,True
260,8,2,True
262,8,2,True
260,10,2,True
262,10,2,True
256,12,2,True
258,12,2,True
256,14,2,True
258,14,2,True
260,12,2,True
262,12,2,True
260,14,2,True
262,14,2,True
264,8,2,True
266,8,2,True
264,10,2,True
266,10,2,True
268,8,2,True
270,8,2,True
268,10,2,True
270,10,2,True
264,12,2,True
266,12,2,True
264,14,2,True
266,14,2,True
268,12,2,True
270,12,2,True
268,14,2,True
270,14,2,True
272,0,2,True
274,0,2,True
272,2,2,False
274,2,2,False
276,0,2,True
278,0,2,True
276,2,2,False
278,2,2,False
272,4,2,True
274,4,2,True
272,6,2,True
274,6,2,True
276,4,2,True
278,4,2,True
276,6,2,True
278,6,2,True
280,0,2,True
282,0,2,True
280,2,2,False
282,2,2,False
284,0,2,True
286,0,2,True
284,2,2,False
286,2,2,False
280,4,2,True
282,4,2,True
280,6,2,True
282,6,2,True
284,4,2,True
286,4,2,True
284,6,2,True
286,6,2,True
272,8,2,True
274,8,2,True
272,10,2,True
274,10,2,True
276,8,2,True
278,8,2,True
276,10,2,True
278,10,2,True
272,12,2,True
274,12,2,True
272,14,2,True
274,14,2,True
276,12,2,True
278,12,2,True
276,14,2,True
278,14,2,True
280,8,2,True
282,8,2,True
280,10,2,True
282,10,2,True
284,8,2,True
286,8,2,True
284,10,2,True
286,10,2,True
280,12,2,True
282,12,2,True
280,14,2,True
282,14,2,True
284,12,2,True
286,12,2,True
284,14,2,True
286,14,2,True
256,16,2,False
258,16,2,False
256,18,2,True
258,18,2,False
260,16,2,True
262,16,2,True
260,18,2,False
262,18,2,False
256,20,2,True
258,20,2,True
256,22,2,True
258,22,2,True
260,20,2,True
262,20,2,False
260,22,2,True
262,22,2,True
264,16,2,True
266,16,2,True
264,18,2,True
266,18,2,True
268,16,2,True
270,16,2,True
268,18,2,True
270,18,2,True
264,20,2,False
266,20,2,False
264,22,2,True
266,22,2,False
268,20,2,True
270,20,2,True
268,22,2,False
270,22,2,False
256,24,2,True
258,24,2,True
256,26,2,True
258,26,2,True
260,24,2,True
262,24,2,True
260,26,2,True
262,26,2,True
256,28,2,True
258,28,2,True
256,30,2,True
258,30,2,True
260,28,2,True
262,28,2,True
260,30,2,True
262,30,2,True
264,24,2,True
266,24,2,True
264,26,2,True
266,26,2,True
268,24,2,True
270,24,2,False
268,26,2,True
270,26,2,True
264,28,2,True
266,28,2,True
264,30,2,True
266,30,2,True
268,28,2,True
270,28,2,True
268,30,2,True
270,30,2,True
272,16,2,True
274,16,2,True
272,18,2,True
274,18,2,True
276,16,2,True
278,16,2,True
276,18,2,True
278,18,2,True
272,20,2,True
274,20,2,True
272,22,2,True
274,22,2,True
276,20,2,True
278,20,2,True
276,22,2,True
278,22,2,True
280,16,2,True
282,16,2,True
280,18,2,True
282,18,2,True
284,16,2,True
286,16,2,True
284,18,2,True
286,18,2,True
280,20,2,True
282,20,2,True
280,22,2,True
282,22,2,True
284,20,2,True
286,20,2,True
284,22,2,True
286,22,2,True
272,24,2,False
274,24,2,False
272,26,2,True
274,26,2,True
276,24,2,False
278,24,2,True
276,26,2,False
278,26,2,False
272,28,2,True
274,28,2,True
272,30,2,True
274,30,2,True
276,28,2,True
278,28,2,True
276,30,2,True
278,30,2,True
280,24,2,True
282,24,2,True
280,26,2,False
282,26,2,True
284,24,2,True
286,24,2,True
284,26,2,True
286,26,2,True
280,28,2,False
282,28,2,False
280,30,2,True
282,30,2,True
284,28,2,False
286,28,2,True
284,30,2,False
286,30,2,False
256,32,2,True
258,32,2,True
256,34,2,True
258,34,2,True
260,32,2,True
262,32,2,True
260,34,2,True
262,34,2,True
256,36,2,True
258,36,2,True
256,38,2,True
258,38,2,True
260,36,2,True
262,36,2,True
260,38,2,True
262,38,2,True
264,32,2,True
266,32,2,True
264,34,2,True
266,34,2,True
268,32,2,True
270,32,2,True
268,34,2,True
270,34,2,True
264,36,2,True
266,36,2,True
264,38,2,True
266,38,2,True
268,36,2,True
270,36,2,True
268,38,2,True
270,38,2,True
256,40,2,True
258,40,2,True
256,42,2,True
258,42,2,True
260,40,2,True
262,40,2,True
260,42,2,True
262,42,2,True
256,44,2,True
258,44,2,True
256,46,2,True
258,46,2,True
260,44,2,True
262,44,2,True
260,46,2,True
262,46,2,True
264,40,2,True
266,40,2,True
264,42,2,True
266,42,2,True
268,40,2,True
270,40,2,True
268,42,2,True
270,42,2,True
264,44,2,True
266,44,2,True
264,46,2,True
266,46,2,True
268,44,2,True
270,44,2,True
268,46,2,True
270,46,2,True
272,32,2,True
274,32,2,True
272,34,2,True
274,34,2,True
276,32,2,True
278,32,2,True
276,34,2,True
278,34,2,True
272,36,2,True
274,36,2,True
272,38,2,True
274,38,2,True
276,36,2,True
278,36,2,True
276,38,2,True
278,38,2,True
280,32,2,True
282,32,2,True
280,34,2,True
282,34,2,True
284,32,2,True
286,32,2,True
284,34,2,True
286,34,2,True
280,36,2,True
282,36,2,True
280,38,2,True
282,38,2,True
284,36,2,True
286,36,2,True
284,38,2,True
286,38,2,True
272,40,2,True
274,40,2,True
272,42,2,True
274,42,2,True
276,40,2,True
278,40,2,True
276,42,2,True
278,42,2,True
272,44,2,True
274,44,2,True
272,46,2,True
274,46,2,True
276,44,2,True
278,44,2,True
276,46,2,True
278,46,2,True
280,40,2,True
282,40,2,True
280,42,2,True
282,42,2,True
284,40,2,True
286,40,2,True
284,42,2,True
286,42,2,True
280,44,2,True
282,44,2,True
280,46,2,True
282,46,2,True
284,44,2,True
286,44,2,True
284,46,2,True
286,46,2,True
256,48,2,True
258,48,2,True
256,50,2,True
258,50,2,True
260,48,2,True
262,48,2,True
260,50,2,True
262,50,2,True
256,52,2,True
258,52,2,True
256,54,2,True
258,54,2,True
260,52,2,True
262,52,2,True
260,54,2,True
262,54,2,True
264,48,2,True
266,48,2,True
264,50,2,True
266,50,2,True
268,48,2,True
270,48,2,True
268,50,2,True
270,50,2,True
264,52,2,True
266,52,2,True
264,54,2,True
266,54,2,True
268,52,2,True
270,52,2,True
268,54,2,True
270,54,2,True
256,56,2,True
258,56,2,True
256,58,2,True
258,58,2,True
260,56,2,True
262,56,2,True
260,58,2,True
262,58,2,True
256,60,2,True
258,60,2,True
256,62,2,True
258,62,2,True
260,60,2,True
262,60,2,True
260,62,2,True
262,62,2,True
264,56,2,True
266,56,2,True
264,58,2,True
266,58,2,True
268,56,2,True
270,56,2,True
268,58,2,True
270,58,2,True
264,60,2,True
266,60,2,True
264,62,2,True
266,62,2,True
268,60,2,True
270,60,2,True
268,62,2,True
270,62,2,True
272,48,2,True
274,48,2,True
272,50,2,True
274,50,2,True
276,48,2,True
278,48,2,True
276,50,2,True
278,50,2,True
272,52,2,True
274,52,2,True
272,54,2,True
274,54,2,True
276,52,2,True
278,52,2,True
276,54,2,True
278,54,2,True
280,48,2,True
282,48,2,True
280,50,2,True
282,50,2,True
284,48,2,True
286,48,2,True
284,50,2,True
286,50,2,True
280,52,2,True
282,52,2,True
280,54,2,True
282,54,2,True
284,52,2,True
286,52,2,True
284,54,2,True
286,54,2,True
272,56,2,True
274,56,2,True
272,58,2,True
274,58,2,True
276,56,2,True
278,56,2,True
276,58,2,True
278,58,2,True
272,60,2,True
274,60,2,True
272,62,2,True
274,62,2,True
276,60,2,True
278,60,2,True
276,62,2,True
278,62,2,True
280,56,2,True
282,56,2,True
280,58,2,True
282,58,2,True
284,56,2,True
286,56,2,True
284,58,2,True
286,58,2,True
280,60,2,True
282,60,2,True
280,62,2,True
282,62,2,True
284,60,2,True
286,60,2,True
284,62,2,True
286,62,2,True
256,64,2,True
258,64,2,True
256,66,2,True
258,66,2,True
260,64,2,True
262,64,2,True
260,66,2,True
262,66,2,True
256,68,2,True
258,68,2,True
256,70,2,True
258,70,2,True
260,68,2,True
262,68,2,True
260,70,2,True
262,70,2,True
264,64,2,True
266,64,2,True
264,66,2,True
266,66,2,True
268,64,2,True
270,64,2,True
268,66,2,True
270,66,2,True
264,68,2,True
266,68,2,True
264,70,2,True
266,70,2,True
268,68,2,True
270,68,2,True
268,70,2,True
270,70,2,True
256,72,2,False
258,72,2,False
256,74,2,True
258,74,2,True
260,72,2,False
262,72,2,True
260,74,2,False
262,74,2,False
256,76,2,True
258,76,2,True
256,78,2,True
258,78,2,True
260,76,2,True
262,76,2,True
260,78,2,True
262,78,2,True
264,72,2,True
266,72,2,True
264,74,2,False
266,74,2,True
268,72,2,True
270,72,2,True
268,74,2,True
270,74,2,True
264,76,2,False
266,76,2,False
264,78,2,True
266,78,2,True
268,76,2,False
270,76,2,False
268,78,2,True
270,78,2,False
272,64,2,True
274,64,2,True
272,66,2,True
274,66,2,True
276,64,2,True
278,64,2,True
276,66,2,True
278,66,2,True
272,68,2,True
274,68,2,True
272,70,2,True
274,70,2,True
276,68,2,True
278,68,2,True
276,70,2,True
278,70,2,True
280,64,2,True
282,64,2,True
280,66,2,True
282,66,2,True
284,64,2,True
286,64,2,True
284,66,2,True
286,66,2,True
280,68,2,True
282,68,2,True
280,70,2,True
282,70,2,True
284,68,2,True
286,68,2,True
284,70,2,True
286,70,2,True
272,72,2,True
274,72,2,True
272,74,2,True
274,74,2,True
276,72,2,True
278,72,2,True
276,74,2,True
278,74,2,True
272,76,2,True
274,76,2,True
272,78,2,False
274,78,2,False
276,76,2,True
278,76,2,True
276,78,2,False
278,78,2,True
280,72,2,True
282,72,2,True
280,74,2,True
282,74,2,True
284,72,2,True
286,72,2,True
284,74,2,True
286,74,2,True
280,76,2,True
282,76,2,True
280,78,2,True
282,78,2,True
284,76,2,True
286,76,2,True
284,78,2,True
286,78,2,True
256,80,2,True
258,80,2,True
256,82,2,True
258,82,2,True
260,80,2,True
262,80,2,True
260,82,2,True
262,82,2,True
256,84,2,True
258,84,2,True
256,86,2,True
258,86,2,True
260,84,2,True
262,84,2,True
260,86,2,True
262,86,2,True
264,80,2,True
266,80,2,True
264,82,2,True
266,82,2,True
268,80,2,True
270,80,2,True
268,82,2,True
270,82,2,True
264,84,2,True
266,84,2,True
264,86,2,True
266,86,2,True
268,84,2,True
270,84,2,True
268,86,2,True
270,86,2,True
256,88,2,True
258,88,2,True
256,90,2,True
258,90,2,True
260,88,2,True
262,88,2,True
260,90,2,True
262,90,2,True
256,92,2,True
258,92,2,True
256,94,2,True
258,94,2,True
260,92,2,True
262,92,2,True
260,94,2,True
262,94,2,True
264,88,2,True
266,88,2,True
264,90,2,True
266,90,2,True
268,88,2,True
270,88,2,True
268,90,2,True
270,90,2,True
264,92,2,True
266,92,2,True
264,94,2,True
266,94,2,True
268,92,2,True
270,92,2,True
268,94,2,True
270,94,2,True
272,80,2,True
274,80,2,True
272,82,2,True
274,82,2,True
276,80,2,False
278,80,2,False
276,82,2,True
278,82,2,True
272,84,2,True
274,84,2,True
272,86,2,True
274,86,2,True
276,84,2,True
278,84,2,True
276,86,2,True
278,86,2,True
280,80,2,False
282,80,2,False
280,82,2,True
282,82,2,False
284,80,2,True
286,80,2,True
284,82,2,False
286,82,2,False
280,84,2,True
282,84,2,True
280,86,2,True
282,86,2,True
284,84,2,True
286,84,2,True
284,86,2,True
286,86,2,True
272,88,2,True
274,88,2,True
272,90,2,True
274,90,2,True
276,88,2,True
278,88,2,True
276,90,2,True
278,90,2,True
272,92,2,True
274,92,2,True
272,94,2,True
274,94,2,True
276,92,2,True
278,92,2,True
276,94,2,True
278,94,2,True
280,88,2,True
282,88,2,True
280,90,2,True
282,90,2,True
284,88,2,True
286,88,2,True
284,90,2,True
286,90,2,True
280,92,2,True
282,92,2,True
280,94,2,True
282,94,2,True
284,92,2,True
286,92,2,True
284,94,2,True
286,94,2,True
256,96,2,True
258,96,2,True
256,98,2,True
258,98,2,True
260,96,2,True
262,96,2,True
260,98,2,True
262,98,2,True
256,100,2,True
258,100,2,True
256,102,2,True
258,102,2,True
260,100,2,True
262,100,2,True
260,102,2,True
262,102,2,True
264,96,2,True
266,96,2,True
264,98,2,True
266,98,2,True
268,96,2,True
270,96,2,True
268,98,2,True
270,98,2,True
264,100,2,True
266,100,2,True
264,102,2,True
266,102,2,True
268,100,2,True
270,100,2,True
268,102,2,True
270,102,2,True
256,104,2,True
258,104,2,True
256,106,2,True
258,106,2,True
260,104,2,True
262,104,2,True
260,106,2,True
262,106,2,True
256,108,2,True
258,108,2,True
256,110,2,True
258,110,2,True
260,108,2,True
262,108,2,True
260,110,2,True
262,110,2,True
264,104,2,True
266,104,2,True
264,106,2,True
266,106,2,True
268,104,2,True
270,104,2,True
268,106,2,True
270,106,2,True
264,108,2,True
266,108,2,True
264,110,2,True
266,110,2,True
268,108,2,True
270,108,2,True
268,110,2,True
270,110,2,True
272,96,2,True
274,96,2,True
272,98,2,True
274,98,2,True
276,96,2,True
278,96,2,True
276,98,2,True
278,98,2,True
272,100,2,True
274,100,2,True
272,102,2,True
274,102,2,True
276,100,2,True
278,100,2,True
276,102,2,True
278,102,2,True
280,96,2,True
282,96,2,True
280,98,2,True
282,98,2,True
284,96,2,True
286,96,2,True
284,98,2,True
286,98,2,True
280,100,2,True
282,100,2,True
280,102,2,True
282,102,2,True
284,100,2,True
286,100,2,True
284,102,2,True
286,102,2,True
272,104,2,True
274,104,2,True
272,106,2,True
274,106,2,True
276,104,2,True
278,104,2,True
276,106,2,True
278,106,2,True
272,108,2,True
274,108,2,True
272,110,2,True
274,110,2,True
276,108,2,True
278,108,2,True
276,110,2,True
278,110,2,True
280,104,2,True
282,104,2,True
280,106,2,True
282,106,2,True
284,104,2,True
286,104,2,True
284,106,2,True
286,106,2,True
280,108,2,True
282,108,2,True
280,110,2,True
282,110,2,True
284,108,2,True
286,108,2,True
284,110,2,True
286,110,2,True
256,112,2,True
258,112,2,True
256,114,2,False
258,114,2,True
260,112,2,True
262,112,2,True
260,114,2,True
262,114,2,True
256,116,2,False
258,116,2,False
256,118,2,True
258,118,2,True
260,116,2,False
262,116,2,False
260,118,2,True
262,118,2,False
264,112,2,True
266,112,2,True
264,114,2,True
266,114,2,True
268,112,2,True
270,112,2,True
268,114,2,True
270,114,2,True
264,116,2,True
266,116,2,True
264,118,2,False
266,118,2,False
268,116,2,True
270,116,2,True
268,118,2,False
270,118,2,False
256,120,2,True
258,120,2,True
256,122,2,True
258,122,2,True
260,120,2,True
262,120,2,True
260,122,2,True
262,122,2,True
256,124,2,True
258,124,2,True
256,126,2,True
258,126,2,True
260,124,2,True
262,124,2,True
260,126,2,True
262,126,2,True
264,120,2,True
266,120,2,True
264,122,2,True
266,122,2,True
268,120,2,True
270,120,2,False
268,122,2,True
270,122,2,True
264,124,2,True
266,124,2,True
264,126,2,True
266,126,2,True
268,124,2,True
270,124,2,True
268,126,2,True
270,126,2,True
272,112,2,True
274,112,2,True
272,114,2,True
274,114,2,True
276,112,2,True
278,112,2,True
276,114,2,True
278,114,2,True
272,116,2,True
274,116,2,True
272,118,2,True
274,118,2,True
276,116,2,True
278,116,2,True
276,118,2,True
278,118,2,True
280,112,2,True
282,112,2,True
280,114,2,True
282,114,2,True
284,112,2,True
286,112,2,True
284,114,2,True
286,114,2,True
280,116,2,True
282,116,2,True
280,118,2,True
282,118,2,True
284,116,2,True
286,116,2,True
284,118,2,True
286,118,2,True
272,120,2,False
274,120,2,False
272,122,2,True
274,122,2,True
276,120,2,False
278,120,2,False
276,122,2,True
278,122,2,True
272,124,2,True
274,124,2,True
272,126,2,True
274,126,2,True
276,124,2,True
278,124,2,True
276,126,2,True
278,126,2,True
280,120,2,False
282,120,2,False
280,122,2,True
282,122,2,True
284,120,2,False
286,120,2,True
284,122,2,False
286,122,2,False
280,124,2,True
282,124,2,True
280,126,2,True
282,126,2,True
284,124,2,True
286,124,2,True
284,126,2,True
286,126,2,True
256,128,2,True
258,128,2,True
256,130,2,True
258,130,2,True
260,128,2,True
262,128,2,True
260,130,2,True
262,130,2,True
256,132,2,True
258,132,2,True
256,134,2,True
258,134,2,True
260,132,2,True
262,132,2,True
260,134,2,True
262,134,2,True
264,128,2,True
266,128,2,True
264,130,2,True
266,130,2,True
268,128,2,True
270,128,2,True
268,130,2,True
270,130,2,True
264,132,2,True
266,132,2,True
264,134,2,True
266,134,2,True
268,132,2,True
270,132,2,True
268,134,2,True
270,134,2,True
256,136,2,True
258,136,2,True
256,138,2,True
258,138,2,True
260,136,2,True
262,136,2,True
260,138,2,True
262,138,2,True
256,140,2,False
258,140,2,True
256,142,2,False
258,142,2,False
260,140,2,True
262,140,2,True
260,142,2,False
262,142,2,False
264,136,2,True
266,136,2,True
264,138,2,True
266,138,2,True
268,136,2,True
270,136,2,True
268,138,2,True
270,138,2,True
264,140,2,True
266,140,2,True
264,142,2,True
266,142,2,True
268,140,2,True
270,140,2,True
268,142,2,True
270,142,2,True
272,128,2,True
274,128,2,True
272,130,2,True
274,130,2,True
276,128,2,True
278,128,2,True
276,130,2,True
278,130,2,True
272,132,2,True
274,132,2,True
272,134,2,True
274,134,2,True
276,132,2,True
278,132,2,True
276,134,2,True
278,134,2,True
280,128,2,True
282,128,2,True
280,130,2,True
282,130,2,True
284,128,2,True
286,128,2,True
284,130,2,True
286,130,2,True
280,132,2,True
282,132,2,True
280,134,2,True
282,134,2,True
284,132,2,True
286,132,2,True
284,134,2,True
286,134,2,True
272,136,2,True
274,136,2,True
272,138,2,True
274,138,2,True
276,136,2,True
278,136,2,True
276,138,2,True
278,138,2,True
272,140,2,True
274,140,2,True
272,142,2,True
274,142,2,True
276,140,2,True
278,140,2,True
276,142,2,True
278,142,2,True
280,136,2,True
282,136,2,True
280,138,2,True
282,138,2,True
284,136,2,True
286,136,2,True
284,138,2,True
286,138,2,True
280,140,2,True
282,140,2,True
280,142,2,True
282,142,2,True
284,140,2,True
286,140,2,True
284,142,2,True
286,142,2,True
256,144,2,True
258,144,2,True
256,146,2,True
258,146,2,True
260,144,2,True
262,144,2,False
260,146,2,True
262,146,2,True
256,148,2,True
258,148,2,True
256,150,2,True
258,150,2,True
260,148,2,True
262,148,2,True
260,150,2,True
262,150,2,True
264,144,2,False
266,144,2,False
264,146,2,True
266,146,2,True
268,144,2,False
270,144,2,True
268,146,2,False
270,146,2,False
264,148,2,True
266,148,2,True
264,150,2,True
266,150,2,True
268,148,2,True
270,148,2,True
268,150,2,True
270,150,2,True
256,152,2,True
258,152,2,True
256,154,2,True
258,154,2,True
260,152,2,True
262,152,2,True
260,154,2,True
262,154,2,True
256,156,2,True
258,156,2,True
256,158,2,False
258,158,2,False
260,156,2,True
262,156,2,True
260,158,2,True
262,158,2,True
264,152,2,True
266,152,2,True
264,154,2,True
266,154,2,True
268,152,2,True
270,152,2,True
268,154,2,True
270,154,2,True
264,156,2,True
266,156,2,True
264,158,2,True
266,158,2,True
268,156,2,True
270,156,2,True
268,158,2,True
270,158,2,True
272,144,2,True
274,144,2,True
272,146,2,False
274,146,2,False
276,144,2,True
278,144,2,True
276,146,2,True
278,146,2,True
272,148,2,True
274,148,2,False
272,150,2,True
274,150,2,True
276,148,2,False
278,148,2,False
276,150,2,True
278,150,2,True
280,144,2,True
282,144,2,True
280,146,2,True
282,146,2,True
284,144,2,True
286,144,2,True
284,146,2,True
286,146,2,True
280,148,2,False
282,148,2,False
280,150,2,True
282,150,2,True
284,148,2,False
286,148,2,True
284,150,2,False
286,150,2,False
272,152,2,True
274,152,2,True
272,154,2,True
274,154,2,True
276,152,2,True
278,152,2,True
276,154,2,True
278,154,2,True
272,156,2,True
274,156,2,True
272,158,2,True
274,158,2,True
276,156,2,True
278,156,2,True
276,158,2,True
278,158,2,True
280,152,2,True
282,152,2,True
280,154,2,True
282,154,2,True
284,152,2,True
286,152,2,True
284,154,2,True
286,154,2,True
280,156,2,True
282,156,2,True
280,158,2,True
282,158,2,True
284,156,2,True
286,156,2,True
284,158,2,True
286,158,2,True
256,160,2,True
258,160,2,False
256,162,2,True
258,162,2,True
260,160,2,False
262,160,2,False
260,162,2,True
262,162,2,False
256,164,2,True
258,164,2,True
256,166,2,True
258,166,2,True
260,164,2,True
262,164,2,True
260,166,2,True
262,166,2,True
264,160,2,True
266,160,2,True
264,162,2,False
266,162,2,False
268,160,2,True
270,160,2,True
268,162,2,True
270,162,2,True
264,164,2,True
266,164,2,False
264,166,2,True
266,166,2,True
268,164,2,False
270,164,2,False
268,166,2,True
270,166,2,False
256,168,2,True
258,168,2,True
256,170,2,True
258,170,2,True
260,168,2,True
262,168,2,True
260,170,2,True
262,170,2,True
256,172,2,True
258,172,2,True
256,174,2,True
258,174,2,True
260,172,2,True
262,172,2,True
260,174,2,True
262,174,2,True
264,168,2,True
266,168,2,True
264,170,2,True
266,170,2,True
268,168,2,True
270,168,2,True
268,170,2,True
270,170,2,True
264,172,2,True
266,172,2,True
264,174,2,True
266,174,2,True
268,172,2,True
270,172,2,True
268,174,2,True
270,174,2,True
272,160,2,True
274,160,2,True
272,162,2,True
274,162,2,True
276,160,2,True
278,160,2,True
276,162,2,True
278,162,2,True
272,164,2,True
274,164,2,True
272,166,2,False
274,166,2,False
276,164,2,True
278,164,2,True
276,166,2,True
278,166,2,True
280,160,2,True
282,160,2,True
280,162,2,True
282,162,2,True
284,160,2,True
286,160,2,True
284,162,2,True
286,162,2,True
280,164,2,True
282,164,2,True
280,166,2,True
282,166,2,True
284,164,2,True
286,164,2,True
284,166,2,True
286,166,2,True
272,168,2,True
274,168,2,False
272,170,2,True
274,170,2,True
276,168,2,False
278,168,2,False
276,170,2,True
278,170,2,True
272,172,2,True
274,172,2,True
272,174,2,True
274,174,2,True
276,172,2,True
278,172,2,True
276,174,2,True
278,174,2,True
280,168,2,False
282,168,2,True
280,170,2,False
282,170,2,False
284,168,2,True
286,168,2,True
284,170,2,False
286,170,2,True
280,172,2,True
282,172,2,True
280,174,2,True
282,174,2,True
284,172,2,False
286,172,2,False
284,174,2,True
286,174,2,True
256,176,2,True
258,176,2,True
256,178,2,True
258,178,2,True
260,176,2,True
262,176,2,True
260,178,2,True
262,178,2,True
256,180,2,True
258,180,2,True
256,182,2,True
258,182,2,True
260,180,2,True
262,180,2,True
260,182,2,True
262,182,2,True
264,176,2,True
266,176,2,True
264,178,2,True
266,178,2,True
268,176,2,True
270,176,2,True
268,178,2,True
270,178,2,True
264,180,2,True
266,180,2,True
264,182,2,True
266,182,2,True
268,180,2,True
270,180,2,True
268,182,2,True
270,182,2,True
256,184,2,True
258,184,2,True
256,186,2,True
258,186,2,True
260,184,2,True
262,184,2,True
260,186,2,True
262,186,2,True
256,188,2,True
258,188,2,True
256,190,2,True
258,190,2,True
260,188,2,True
262,188,2,True
260,190,2,True
262,190,2,True
264,184,2,True
266,184,2,True
264,186,2,True
266,186,2,True
268,184,2,True
270,184,2,True
268,186,2,True
270,186,2,True
264,188,2,True
266,188,2,True
264,190,2,True
266,190,2,True
268,188,2,True
270,188,2,True
268,190,2,True
270,190,2,True
272,176,2,True
274,176,2,True
272,178,2,True
274,178,2,True
276,176,2,True
278,176,2,True
276,178,2,True
278,178,2,True
272,180,2,True
274,180,2,True
272,182,2,True
274,182,2,True
276,180,2,True
278,180,2,True
276,182,2,True
278,182,2,True
280,176,2,True
282,176,2,True
280,178,2,True
282,178,2,True
284,176,2,True
286,176,2,True
284,178,2,True
286,178,2,True
280,180,2,True
282,180,2,True
280,182,2,True
282,182,2,True
284,180,2,True
286,180,2,True
284,182,2,True
286,182,2,True
272,184,2,True
274,184,2,True
272,186,2,True
274,186,2,True
276,184,2,True
278,184,2,True
276,186,2,True
278,186,2,True
272,188,2,True
274,188,2,True
272,190,2,True
274,190,2,True
276,188,2,True
278,188,2,True
276,190,2,True
278,190,2,True
280,184,2,True
282,184,2,True
280,186,2,True
282,186,2,True
284,184,2,True
286,184,2,True
284,186,2,True
286,186,2,True
280,188,2,True
282,188,2,True
280,190,2,True
282,190,2,True
284,188,2,True
286,188,2,True
284,190,2,True
286,190,2,True
256,192,2,True
258,192,2,True
256,194,2,True
258,194,2,True
260,192,2,True
262,192,2,True
260,194,2,True
262,194,2,True
256,196,2,True
258,196,2,True
256,198,2,True
258,198,2,True
260,196,2,True
262,196,2,True
260,198,2,True
262,198,2,True
264,192,2,True
266,192,2,True
264,194,2,True
266,194,2,True
268,192,2,True
270,192,2,True
268,194,2,True
270,194,2,True
264,196,2,True
266,196,2,True
264,198,2,True
266,198,2,True
268,196,2,True
270,196,2,True
268,198,2,True
270,198,2,True
256,200,2,True
258,200,2,True
256,202,2,True
258,202,2,True
260,200,2,True
262,200,2,True
260,202,2,True
262,202,2,True
256,204,2,True
258,204,2,True
256,206,2,False
258,206,2,False
260,204,2,True
262,204,2,True
260,206,2,True
262,206,2,True
264,200,2,True
266,200,2,True
264,202,2,True
266,202,2,True
268,200,2,True
270,200,2,True
268,202,2,True
270,202,2,True
264,204,2,True
266,204,2,True
264,206,2,True
266,206,2,True
268,204,2,True
270,204,2,True
268,206,2,True
270,206,2,True
272,192,2,True
274,192,2,True
272,194,2,True
274,194,2,True
276,192,2,True
278,192,2,True
276,194,2,True
278,194,2,True
272,196,2,True
274,196,2,True
272,198,2,True
274,198,2,True
276,196,2,True
278,196,2,True
276,198,2,True
278,198,2,True
280,192,2,True
282,192,2,True
280,194,2,True
282,194,2,True
284,192,2,True
286,192,2,True
284,194,2,True
286,194,2,True
280,196,2,True
282,196,2,True
280,198,2,True
282,198,2,True
284,196,2,True
286,196,2,True
284,198,2,True
286,198,2,True
272,200,2,True
274,200,2,True
272,202,2,True
274,202,2,True
276,200,2,True
278,200,2,True
276,202,2,True
278,202,2,True
272,204,2,True
274,204,2,True
272,206,2,True
274,206,2,True
276,204,2,True
278,204,2,True
276,206,2,True
278,206,2,True
280,200,2,True
282,200,2,True
280,202,2,True
282,202,2,True
284,200,2,True
286,200,2,True
284,202,2,True
286,202,2,True
280,204,2,True
282,204,2,True
280,206,2,True
282,206,2,True
284,204,2,True
286,204,2,True
284,206,2,True
286,206,2,True
256,208,2,True
258,208,2,False
256,210,2,True
258,210,2,True
260,208,2,False
262,208,2,False
260,210,2,True
262,210,2,True
256,212,2,True
258,212,2,True
256,214,2,True
258,214,2,True
260,212,2,True
262,212,2,True
260,214,2,True
262,214,2,True
264,208,2,False
266,208,2,False
264,210,2,True
266,210,2,False
268,208,2,True
270,208,2,True
268,210,2,False
270,210,2,False
264,212,2,True
266,212,2,True
264,214,2,True
266,214,2,True
268,212,2,True
270,212,2,True
268,214,2,True
270,214,2,True
256,216,2,True
258,216,2,True
256,218,2,True
258,218,2,True
260,216,2,True
262,216,2,True
260,218,2,True
262,218,2,True
256,220,2,True
258,220,2,True
256,222,2,True
258,222,2,True
260,220,2,True
262,220,2,True
260,222,2,True
262,222,2,True
264,216,2,True
266,216,2,True
264,218,2,True
266,218,2,True
268,216,2,True
270,216,2,True
268,218,2,True
270,218,2,True
264,220,2,True
266,220,2,True
264,222,2,True
266,222,2,True
268,220,2,True
270,220,2,True
268,222,2,True
270,222,2,True
272,208,2,True
274,208,2,True
272,210,2,False
274,210,2,False
276,208,2,True
278,208,2,True
276,210,2,False
278,210,2,False
272,212,2,True
274,212,2,True
272,214,2,True
274,214,2,True
276,212,2,True
278,212,2,False
276,214,2,True
278,214,2,True
280,208,2,True
282,208,2,True
280,210,2,True
282,210,2,True
284,208,2,True
286,208,2,True
284,210,2,True
286,210,2,True
280,212,2,False
282,212,2,False
280,214,2,True
282,214,2,True
284,212,2,False
286,212,2,False
284,214,2,True
286,214,2,True
272,216,2,True
274,216,2,True
272,218,2,True
274,218,2,True
276,216,2,True
278,216,2,True
276,218,2,True
278,218,2,True
272,220,2,True
274,220,2,True
272,222,2,True
274,222,2,True
276,220,2,True
278,220,2,True
276,222,2,True
278,222,2,True
280,216,2,True
282,216,2,True
280,218,2,True
282,218,2,True
284,216,2,True
286,216,2,True
284,218,2,True
286,218,2,True
280,220,2,True
282,220,2,True
280,222,2,True
282,222,2,True
284,220,2,True
286,220,2,True
284,222,2,True
286,222,2,True
256,224,2,True
258,224,2,True
256,226,2,True
258,226,2,True
260,224,2,True
262,224,2,True
260,226,2,True
262,226,2,True
256,228,2,True
258,228,2,True
256,230,2,True
258,230,2,True
260,228,2,True
262,228,2,True
260,230,2,True
262,230,2,True
264,224,2,True
266,224,2,True
264,226,2,True
266,226,2,True
268,224,2,True
270,224,2,True
268,226,2,True
270,226,2,True
264,228,2,True
266,228,2,True
264,230,2,True
266,230,2,True
268,228,2,True
270,228,2,True
268,230,2,True
270,230,2,True
256,232,2,True
258,232,2,True
256,234,2,True
258,234,2,True
260,232,2,True
262,232,2,True
260,234,2,True
262,234,2,True
264,232,2,True
266,232,2,True
264,234,2,True
266,234,2,True
268,232,2,True
270,232,2,True
268,234,2,True
270,234,2,True
268,236,2,True
270,236,2,True
268,238,2,True
270,238,2,True
272,224,2,True
274,224,2,True
272,226,2,True
274,226,2,True
276,224,2,True
278,224,2,True
276,226,2,True
278,226,2,True
272,228,2,True
274,228,2,True
272,230,2,True
274,230,2,True
276,228,2,True
278,228,2,True
276,230,2,True
278,230,2,True
280,224,2,True
282,224,2,True
280,226,2,True
282,226,2,True
284,224,2,True
286,224,2,True
284,226,2,True
286,226,2,True
280,228,2,True
282,228,2,True
280,230,2,True
282,230,2,True
284,228,2,True
286,228,2,True
284,230,2,True
286,230,2,True
272,232,2,True
274,232,2,True
272,234,2,True
274,234,2,True
276,232,2,True
278,232,2,True
276,234,2,True
278,234,2,True
272,236,2,True
274,236,2,True
272,238,2,True
274,238,2,True
276,236,2,True
278,236,2,True
276,238,2,True
278,238,2,True
280,232,2,True
282,232,2,True
280,234,2,True
282,234,2,True
284,232,2,True
286,232,2,True
284,234,2,True
286,234,2,True
280,236,2,True
282,236,2,True
280,238,2,True
282,238,2,True
284,236,2,True
286,236,2,True
284,238,2,True
286,238,2,True
256,268,2,True
258,268,2,True
256,270,2,True
258,270,2,True
260,268,2,True
262,268,2,True
260,270,2,True
262,270,2,True
264,268,2,True
266,268,2,True
264,270,2,True
266,270,2,True
256,272,2,True
258,272,2,True
256,274,2,True
258,274,2,True
260,272,2,True
262,272,2,True
260,274,2,True
262,274,2,True
256,276,2,True
258,276,2,True
256,278,2,True
258,278,2,True
260,276,2,True
262,276,2,True
260,278,2,True
262,278,2,True
264,272,2,True
266,272,2,True
264,274,2,True
266,274,2,True
268,272,2,True
270,272,2,True
268,274,2,True
270,274,2,True
264,276,2,True
266,276,2,True
264,278,2,True
266,278,2,True
268,276,2,True
270,276,2,True
268,278,2,True
270,278,2,True
256,280,2,True
258,280,2,True
256,282,2,True
258,282,2,True
260,280,2,True
262,280,2,True
260,282,2,True
262,282,2,True
256,284,2,True
258,284,2,True
256,286,2,True
258,286,2,True
260,284,2,True
262,284,2,True
260,286,2,True
262,286,2,True
264,280,2,True
266,280,2,True
264,282,2,True
266,282,2,True
268,280,2,True
270,280,2,True
268,282,2,True
270,282,2,True
264,284,2,True
266,284,2,True
264,286,2,True
266,286,2,True
268,284,2,True
270,284,2,True
268,286,2,True
270,286,2,True
272,272,2,True
274,272,2,True
272,274,2,True
274,274,2,True
276,272,2,True
278,272,2,True
276,274,2,True
278,274,2,True
272,276,2,True
274,276,2,True
272,278,2,True
274,278,2,True
276,276,2,True
278,276,2,True
276,278,2,True
278,278,2,True
280,272,2,True
282,272,2,True
280,274,2,True
282,274,2,True
284,272,2,True
286,272,2,True
284,274,2,True
286,274,2,True
280,276,2,True
282,276,2,True
280,278,2,True
282,278,2,True
284,276,2,True
286,276,2,True
284,278,2,True
286,278,2,True
272,280,2,True
274,280,2,True
272,282,2,True
274,282,2,True
276,280,2,True
278,280,2,True
276,282,2,True
278,282,2,True
272,284,2,True
274,284,2,True
272,286,2,True
274,286,2,True
276,284,2,True
278,284,2,True
276,286,2,True
278,286,2,True
280,280,2,True
282,280,2,True
280,282,2,True
282,282,2,True
284,280,2,True
286,280,2,True
284,282,2,True
286,282,2,True
280,284,2,True
282,284,2,True
280,286,2,True
282,286,2,True
284,284,2,True
286,284,2,True
284,286,2,True
286,286,2,True
256,288,2,True
258,288,2,True
256,290,2,False
258,290,2,True
260,288,2,True
262,288,2,True
260,290,2,True
262,290,2,True
256,292,2,False
258,292,2,False
256,294,2,True
258,294,2,True
260,292,2,False
262,292,2,False
260,294,2,True
262,294,2,False
264,288,2,True
266,288,2,True
264,290,2,True
266,290,2,True
268,288,2,True
270,288,2,True
268,290,2,True
270,290,2,True
264,292,2,True
266,292,2,True
264,294,2,False
266,294,2,False
268,292,2,True
270,292,2,True
268,294,2,False
270,294,2,True
256,296,2,True
258,296,2,True
256,298,2,True
258,298,2,True
260,296,2,True
262,296,2,True
260,298,2,True
262,298,2,True
256,300,2,True
258,300,2,True
256,302,2,True
258,302,2,True
260,300,2,True
262,300,2,True
260,302,2,True
262,302,2,True
264,296,2,True
266,296,2,True
264,298,2,True
266,298,2,True
268,296,2,False
270,296,2,False
268,298,2,True
270,298,2,True
264,300,2,True
266,300,2,True
264,302,2,True
266,302,2,True
268,300,2,True
270,300,2,True
268,302,2,True
270,302,2,True
272,288,2,True
274,288,2,True
272,290,2,True
274,290,2,True
276,288,2,True
278,288,2,True
276,290,2,True
278,290,2,True
272,292,2,True
274,292,2,True
272,294,2,True
274,294,2,True
276,292,2,True
278,292,2,True
276,294,2,True
278,294,2,True
280,288,2,True
282,288,2,True
280,290,2,True
282,290,2,True
284,288,2,True
286,288,2,True
284,290,2,True
286,290,2,True
280,292,2,True
282,292,2,True
280,294,2,True
282,294,2,True
284,292,2,True
286,292,2,True
284,294,2,True
286,294,2,True
272,296,2,False
274,296,2,False
272,298,2,True
274,298,2,False
276,296,2,True
278,296,2,True
276,298,2,False
278,298,2,False
272,300,2,True
274,300,2,True
272,302,2,True
274,302,2,True
276,300,2,True
278,300,2,True
276,302,2,True
278,302,2,True
280,296,2,True
282,296,2,True
280,298,2,False
282,298,2,False
284,296,2,True
286,296,2,True
284,298,2,True
286,298,2,True
280,300,2,True
282,300,2,False
280,302,2,True
282,302,2,True
284,300,2,False
286,300,2,False
284,302,2,True
286,302,2,True
256,304,2,True
258,304,2,True
256,306,2,True
258,306,2,True
260,304,2,True
262,304,2,True
260,306,2,True
262,306,2,True
256,308,2,True
258,308,2,True
256,310,2,True
258,310,2,True
260,308,2,True
262,308,2,True
260,310,2,True
262,310,2,True
264,304,2,True
266,304,2,True
264,306,2,True
266,306,2,True
268,304,2,True
270,304,2,True
268,306,2,True
270,306,2,True
264,308,2,True
266,308,2,True
264,310,2,True
266,310,2,True
268,308,2,True
270,308,2,True
268,310,2,True
270,310,2,True
256,312,2,True
258,312,2,True
256,314,2,False
258,314,2,True
260,312,2,True
262,312,2,True
260,314,2,True
262,314,2,True
256,316,2,False
258,316,2,False
256,318,2,True
258,318,2,True
260,316,2,False
262,316,2,True
260,318,2,False
262,318,2,False
264,312,2,True
266,312,2,True
264,314,2,True
266,314,2,True
268,312,2,True
270,312,2,True
268,314,2,True
270,314,2,True
264,316,2,True
266,316,2,True
264,318,2,False
266,318,2,False
268,316,2,True
270,316,2,True
268,318,2,True
270,318,2,True
272,304,2,True
274,304,2,True
272,306,2,True
274,306,2,True
276,304,2,True
278,304,2,True
276,306,2,True
278,306,2,True
272,308,2,True
274,308,2,True
272,310,2,True
274,310,2,True
276,308,2,True
278,308,2,True
276,310,2,True
278,310,2,True
280,304,2,True
282,304,2,True
280,306,2,True
282,306,2,True
284,304,2,True
286,304,2,True
284,306,2,True
286,306,2,True
280,308,2,True
282,308,2,True
280,310,2,True
282,310,2,True
284,308,2,True
286,308,2,True
284,310,2,True
286,310,2,True
272,312,2,True
274,312,2,True
272,314,2,True
274,314,2,True
276,312,2,True
278,312,2,True
276,314,2,True
278,314,2,True
272,316,2,True
274,316,2,True
272,318,2,True
274,318,2,True
276,316,2,True
278,316,2,True
276,318,2,True
278,318,2,True
280,312,2,True
282,312,2,True
280,314,2,True
282,314,2,True
284,312,2,True
286,312,2,True
284,314,2,True
286,314,2,True
280,316,2,True
282,316,2,True
280,318,2,True
282,318,2,True
284,316,2,True
286,316,2,True
284,318,2,True
286,318,2,True
256,320,2,True
258,320,2,True
256,322,2,True
258,322,2,True
260,320,2,True
262,320,2,True
260,322,2,True
262,322,2,True
256,324,2,True
258,324,2,True
256,326,2,True
258,326,2,True
260,324,2,True
262,324,2,True
260,326,2,True
262,326,2,True
264,320,2,True
266,320,2,False
264,322,2,True
266,322,2,True
268,320,2,False
270,320,2,False
268,322,2,True
270,322,2,True
264,324,2,True
266,324,2,True
264,326,2,True
266,326,2,True
268,324,2,True
270,324,2,True
268,326,2,True
270,326,2,True
256,328,2,True
258,328,2,True
256,330,2,True
258,330,2,True
260,328,2,True
262,328,2,True
260,330,2,True
262,330,2,True
256,332,2,True
258,332,2,True
256,334,2,True
258,334,2,True
260,332,2,True
262,332,2,True
260,334,2,True
262,334,2,True
264,328,2,True
266,328,2,True
264,330,2,True
266,330,2,True
268,328,2,True
270,328,2,True
268,330,2,True
270,330,2,True
264,332,2,True
266,332,2,True
264,334,2,True
266,334,2,True
268,332,2,True
270,332,2,True
268,334,2,True
270,334,2,True
272,320,2,False
274,320,2,False
272,322,2,True
274,322,2,False
276,320,2,True
278,320,2,True
276,322,2,False
278,322,2,False
272,324,2,True
274,324,2,True
272,326,2,True
274,326,2,True
276,324,2,True
278,324,2,True
276,326,2,True
278,326,2,True
280,320,2,True
282,320,2,True
280,322,2,False
282,322,2,False
284,320,2,True
286,320,2,True
284,322,2,False
286,322,2,False
280,324,2,True
282,324,2,True
280,326,2,True
282,326,2,True
284,324,2,True
286,324,2,False
284,326,2,True
286,326,2,True
272,328,2,True
274,328,2,True
272,330,2,True
274,330,2,True
276,328,2,True
278,328,2,True
276,330,2,True
278,330,2,True
272,332,2,True
274,332,2,True
272,334,2,True
274,334,2,True
276,332,2,True
278,332,2,True
276,334,2,True
278,334,2,True
280,328,2,True
282,328,2,True
280,330,2,True
282,330,2,True
284,328,2,True
286,328,2,True
284,330,2,True
286,330,2,True
280,332,2,True
282,332,2,True
280,334,2,True
282,334,2,True
284,332,2,True
286,332,2,True
284,334,2,True
286,334,2,True
256,336,2,True
258,336,2,True
256,338,2,True
258,338,2,True
260,336,2,True
262,336,2,True
260,338,2,True
262,338,2,True
260,340,2,True
262,340,2,True
260,342,2,True
262,342,2,True
264,336,2,True
266,336,2,True
264,338,2,True
266,338,2,True
268,336,2,True
270,336,2,True
268,338,2,True
270,338,2,True
264,340,2,True
266,340,2,True
264,342,2,True
266,342,2,True
268,340,2,True
270,340,2,True
268,342,2,True
270,342,2,True
268,344,2,True
270,344,2,True
268,346,2,True
270,346,2,True
272,336,2,True
274,336,2,True
272,338,2,True
274,338,2,True
276,336,2,True
278,336,2,True
276,338,2,True
278,338,2,True
272,340,2,True
274,340,2,True
272,342,2,True
274,342,2,True
276,340,2,True
278,340,2,True
276,342,2,True
278,342,2,True
280,336,2,True
282,336,2,True
280,338,2,True
282,338,2,True
284,336,2,True
286,336,2,True
284,338,2,True
286,338,2,True
280,340,2,True
282,340,2,True
280,342,2,True
282,342,2,True
284,340,2,True
286,340,2,True
284,342,2,True
286,342,2,True
272,344,2,True
274,344,2,True
272,346,2,True
274,346,2,True
276,344,2,True
278,344,2,True
276,346,2,True
278,346,2,True
280,344,2,True
282,344,2,True
280,346,2,True
282,346,2,True
284,344,2,True
286,344,2,True
284,346,2,True
286,346,2,True
284,348,2,True
286,348,2,True
284,350,2,True
286,350,2,True
280,444,2,True
282,444,2,True
280,446,2,True
282,446,2,True
284,444,2,True
286,444,2,True
284,446,2,True
286,446,2,True
264,452,2,True
266,452,2,True
264,454,2,True
266,454,2,True
268,452,2,True
270,452,2,True
268,454,2,True
270,454,2,True
256,456,2,True
258,456,2,True
256,458,2,True
258,458,2,True
260,456,2,True
262,456,2,True
260,458,2,True
262,458,2,True
256,460,2,True
258,460,2,True
256,462,2,True
258,462,2,True
260,460,2,True
262,460,2,True
260,462,2,True
262,462,2,True
264,456,2,True
266,456,2,True
264,458,2,True
266,458,2,True
268,456,2,True
270,456,2,True
268,458,2,True
270,458,2,True
264,460,2,True
266,460,2,True
264,462,2,True
266,462,2,True
268,460,2,True
270,460,2,True
268,462,2,True
270,462,2,True
276,448,2,True
278,448,2,True
276,450,2,True
278,450,2,True
272,452,2,True
274,452,2,True
272,454,2,True
274,454,2,True
276,452,2,True
278,452,2,True
276,454,2,True
278,454,2,True
280,448,2,True
282,448,2,True
280,450,2,True
282,450,2,True
284,448,2,True
286,448,2,True
284,450,2,True
286,450,2,True
280,452,2,True
282,452,2,True
280,454,2,True
282,454,2,True
284,452,2,True
286,452,2,True
284,454,2,True
286,454,2,True
272,456,2,True
274,456,2,True
272,458,2,True
274,458,2,True
276,456,2,True
278,456,2,True
276,458,2,True
278,458,2,True
272,460,2,True
274,460,2,True
272,462,2,True
274,462,2,True
276,460,2,True
278,460,2,True
276,462,2,True
278,462,2,True
280,456,2,True
282,456,2,True
280,458,2,True
282,458,2,True
284,456,2,True
286,456,2,True
284,458,2,True
286,458,2,True
280,460,2,True
282,460,2,True
280,462,2,True
282,462,2,True
284,460,2,True
286,460,2,True
284,462,2,True
286,462,2,True
256,464,2,True
258,464,2,True
256,466,2,True
258,466,2,True
260,464,2,True
262,464,2,True
260,466,2,True
262,466,2,True
256,468,2,True
258,468,2,True
256,470,2,True
258,470,2,True
260,468,2,True
262,468,2,True
260,470,2,True
262,470,2,True
264,464,2,True
266,464,2,True
264,466,2,True
266,466,2,True
268,464,2,True
270,464,2,True
268,466,2,True
270,466,2,True
264,468,2,True
266,468,2,True
264,470,2,True
266,470,2,True
268,468,2,True
270,468,2,True
268,470,2,True
270,470,2,True
256,472,2,True
258,472,2,True
256,474,2,True
258,474,2,True
260,472,2,True
262,472,2,True
260,474,2,True
262,474,2,True
256,476,2,True
258,476,2,True
256,478,2,True
258,478,2,True
260,476,2,True
262,476,2,True
260,478,2,True
262,478,2,True
264,472,2,True
266,472,2,True
264,474,2,True
266,474,2,True
268,472,2,True
270,472,2,True
268,474,2,True
270,474,2,True
264,476,2,True
266,476,2,True
264,478,2,True
266,478,2,True
268,476,2,True
270,476,2,True
268,478,2,True
270,478,2,True
272,464,2,True
274,464,2,True
272,466,2,True
274,466,2,True
276,464,2,True
278,464,2,True
276,466,2,True
278,466,2,True
272,468,2,True
274,468,2,True
272,470,2,True
274,470,2,True
276,468,2,True
278,468,2,True
276,470,2,True
278,470,2,True
280,464,2,True
282,464,2,True
280,466,2,True
282,466,2,True
284,464,2,True
286,464,2,True
284,466,2,True
286,466,2,True
280,468,2,True
282,468,2,True
280,470,2,True
282,470,2,True
284,468,2,True
286,468,2,True
284,470,2,True
286,470,2,True
272,472,2,True
274,472,2,True
272,474,2,True
274,474,2,True
276,472,2,True
278,472,2,True
276,474,2,True
278,474,2,True
272,476,2,True
274,476,2,True
272,478,2,True
274,478,2,True
276,476,2,True
278,476,2,True
276,478,2,True
278,478,2,False
280,472,2,True
282,472,2,True
280,474,2,True
282,474,2,True
284,472,2,True
286,472,2,True
284,474,2,True
286,474,2,False
280,476,2,True
282,476,2,False
280,478,2,False
282,478,2,False
284,476,2,False
286,476,2,False
284,478,2,True
286,478,2,True
256,480,2,True
258,480,2,True
256,482,2,True
258,482,2,True
260,480,2,True
262,480,2,True
260,482,2,True
262,482,2,True
256,484,2,False
258,484,2,False
256,486,2,True
258,486,2,True
260,484,2,False
262,484,2,False
260,486,2,True
262,486,2,True
264,480,2,True
266,480,2,True
264,482,2,True
266,482,2,False
268,480,2,True
270,480,2,True
268,482,2,False
270,482,2,False
264,484,2,False
266,484,2,False
264,486,2,True
266,486,2,True
268,484,2,True
270,484,2,True
268,486,2,True
270,486,2,True
256,488,2,True
258,488,2,True
256,490,2,True
258,490,2,True
260,488,2,True
262,488,2,True
260,490,2,True
262,490,2,True
256,492,2,True
258,492,2,True
256,494,2,True
258,494,2,True
260,492,2,True
262,492,2,True
260,494,2,True
262,494,2,True
264,488,2,True
266,488,2,True
264,490,2,True
266,490,2,True
268,488,2,True
270,488,2,True
268,490,2,True
270,490,2,True
264,492,2,True
266,492,2,True
264,494,2,True
266,494,2,True
268,492,2,True
270,492,2,True
268,494,2,True
270,494,2,True
272,480,2,False
274,480,2,False
272,482,2,False
274,482,2,True
276,480,2,False
278,480,2,False
276,482,2,True
278,482,2,True
272,484,2,True
274,484,2,True
272,486,2,True
274,486,2,True
276,484,2,True
278,484,2,True
276,486,2,True
278,486,2,True
280,480,2,True
282,480,2,True
280,482,2,True
282,482,2,True
284,480,2,True
286,480,2,True
284,482,2,True
286,482,2,True
280,484,2,True
282,484,2,True
280,486,2,True
282,486,2,True
284,484,2,True
286,484,2,True
284,486,2,True
286,486,2,True
272,488,2,True
274,488,2,True
272,490,2,True
274,490,2,True
276,488,2,True
278,488,2,True
276,490,2,True
278,490,2,True
272,492,2,True
274,492,2,True
272,494,2,True
274,494,2,True
276,492,2,True
278,492,2,True
276,494,2,True
278,494,2,True
280,488,2,True
282,488,2,True
280,490,2,True
282,490,2,True
284,488,2,True
286,488,2,True
284,490,2,True
286,490,2,True
280,492,2,True
282,492,2,True
280,494,2,True
282,494,2,True
284,492,2,True
286,492,2,True
284,494,2,True
286,494,2,True
256,496,2,True
258,496,2,True
256,498,2,True
258,498,2,True
260,496,2,True
262,496,2,True
260,498,2,True
262,498,2,True
256,500,2,True
258,500,2,True
256,502,2,True
258,502,2,True
260,500,2,True
262,500,2,True
260,502,2,True
262,502,2,True
264,496,2,True
266,496,2,True
264,498,2,True
266,498,2,True
268,496,2,True
270,496,2,True
268,498,2,True
270,498,2,True
264,500,2,True
266,500,2,True
264,502,2,True
266,502,2,True
268,500,2,True
270,500,2,True
268,502,2,True
270,502,2,True
256,504,2,True
258,504,2,True
256,506,2,True
258,506,2,True
260,504,2,True
262,504,2,True
260,506,2,True
262,506,2,True
256,508,2,True
258,508,2,True
256,510,2,True
258,510,2,True
260,508,2,True
262,508,2,True
260,510,2,True
262,510,2,True
264,504,2,True
266,504,2,True
264,506,2,True
266,506,2,True
268,504,2,True
270,504,2,True
268,506,2,True
270,506,2,True
264,508,2,True
266,508,2,True
264,510,2,True
266,510,2,True
268,508,2,True
270,508,2,True
268,510,2,True
270,510,2,True
272,496,2,True
274,496,2,True
272,498,2,True
274,498,2,True
276,496,2,True
278,496,2,True
276,498,2,True
278,498,2,True
272,500,2,True
274,500,2,True
272,502,2,True
274,502,2,True
276,500,2,True
278,500,2,True
276,502,2,True
278,502,2,True
280,496,2,True
282,496,2,True
280,498,2,True
282,498,2,True
284,496,2,True
286,496,2,True
284,498,2,True
286,498,2,True
280,500,2,True
282,500,2,True
280,502,2,True
282,502,2,True
284,500,2,True
286,500,2,True
284,502,2,True
286,502,2,True
272,504,2,True
274,504,2,True
272,506,2,True
274,506,2,True
276,504,2,True
278,504,2,True
276,506,2,True
278,506,2,True
272,508,2,True
274,508,2,True
272,510,2,True
274,510,2,True
276,508,2,True
278,508,2,True
276,510,2,True
278,510,2,True
280,504,2,True
282,504,2,True
280,506,2,True
282,506,2,True
284,504,2,True
286,504,2,True
284,506,2,True
286,506,2,True
280,508,2,True
282,508,2,True
280,510,2,True
282,510,2,True
284,508,2,True
286,508,2,True
284,510,2,True
286,510,2,True
288,0,2,True
290,0,2,True
288,2,2,False
290,2,2,False
292,0,2,True
294,0,2,True
292,2,2,False
294,2,2,False
288,4,2,True
290,4,2,True
288,6,2,True
290,6,2,True
292,4,2,True
294,4,2,True
292,6,2,True
294,6,2,True
296,0,2,True
298,0,2,True
296,2,2,False
298,2,2,False
300,0,2,True
302,0,2,True
300,2,2,False
302,2,2,False
296,4,2,True
298,4,2,True
296,6,2,True
298,6,2,True
300,4,2,True
302,4,2,True
300,6,2,True
302,6,2,True
288,8,2,True
290,8,2,True
288,10,2,True
290,10,2,True
292,8,2,True
294,8,2,True
292,10,2,True
294,10,2,True
288,12,2,True
290,12,2,True
288,14,2,True
290,14,2,True
292,12,2,True
294,12,2,True
292,14,2,True
294,14,2,True
296,8,2,True
298,8,2,True
296,10,2,True
298,10,2,True
300,8,2,True
302,8,2,True
300,10,2,True
302,10,2,True
296,12,2,True
298,12,2,True
296,14,2,True
298,14,2,True
300,12,2,True
302,12,2,True
300,14,2,True
302,14,2,True
304,0,2,True
306,0,2,True
304,2,2,False
306,2,2,False
308,0,2,True
310,0,2,True
308,2,2,False
310,2,2,False
304,4,2,True
306,4,2,True
304,6,2,True
306,6,2,True
308,4,2,True
310,4,2,True
308,6,2,True
310,6,2,True
312,0,2,True
314,0,2,True
312,2,2,False
314,2,2,False
316,0,2,True
318,0,2,True
316,2,2,False
318,2,2,False
312,4,2,True
314,4,2,True
312,6,2,True
314,6,2,True
316,4,2,True
318,4,2,True
316,6,2,True
318,6,2,True
304,8,2,True
306,8,2,True
304,10,2,True
306,10,2,True
308,8,2,True
310,8,2,True
308,10,2,True
310,10,2,True
304,12,2,True
306,12,2,True
304,14,2,True
306,14,2,True
308,12,2,True
310,12,2,True
308,14,2,True
310,14,2,True
312,8,2,True
314,8,2,True
312,10,2,True
314,10,2,True
316,8,2,True
318,8,2,True
316,10,2,True
318,10,2,True
312,12,2,True
314,12,2,True
312,14,2,True
314,14,2,True
316,12,2,True
318,12,2,True
316,14,2,True
318,14,2,True
288,16,2,True
290,16,2,True
288,18,2,True
290,18,2,True
292,16,2,True
294,16,2,True
292,18,2,True
294,18,2,True
288,20,2,True
290,20,2,True
288,22,2,True
290,22,2,True
292,20,2,True
294,20,2,True
292,22,2,True
294,22,2,True
296,16,2,True
298,16,2,True
296,18,2,True
298,18,2,True
300,16,2,True
302,16,2,True
300,18,2,True
302,18,2,True
296,20,2,True
298,20,2,True
296,22,2,True
298,22,2,True
300,20,2,True
302,20,2,True
300,22,2,True
302,22,2,True
288,24,2,True
290,24,2,True
288,26,2,True
290,26,2,True
292,24,2,True
294,24,2,True
292,26,2,True
294,26,2,True
288,28,2,True
290,28,2,True
288,30,2,False
290,30,2,False
292,28,2,True
294,28,2,True
292,30,2,True
294,30,2,True
296,24,2,True
298,24,2,True
296,26,2,True
298,26,2,True
300,24,2,True
302,24,2,True
300,26,2,True
302,26,2,True
296,28,2,True
298,28,2,True
296,30,2,True
298,30,2,True
300,28,2,True
302,28,2,True
300,30,2,True
302,30,2,True
304,16,2,True
306,16,2,True
304,18,2,True
306,18,2,True
308,16,2,True
310,16,2,True
308,18,2,True
310,18,2,True
304,20,2,True
306,20,2,True
304,22,2,True
306,22,2,True
308,20,2,True
310,20,2,True
308,22,2,True
310,22,2,True
312,16,2,True
314,16,2,True
312,18,2,True
314,18,2,True
316,16,2,True
318,16,2,True
316,18,2,True
318,18,2,True
312,20,2,True
314,20,2,True
312,22,2,True
314,22,2,True
316,20,2,True
318,20,2,True
316,22,2,True
318,22,2,True
304,24,2,True
306,24,2,True
304,26,2,True
306,26,2,True
308,24,2,True
310,24,2,True
308,26,2,True
310,26,2,True
304,28,2,True
306,28,2,True
304,30,2,True
306,30,2,True
308,28,2,True
310,28,2,True
308,30,2,True
310,30,2,True
312,24,2,True
314,24,2,True
312,26,2,True
314,26,2,True
316,24,2,True
318,24,2,True
316,26,2,True
318,26,2,True
312,28,2,True
314,28,2,True
312,30,2,True
314,30,2,True
316,28,2,True
318,28,2,True
316,30,2,True
318,30,2,True
288,32,2,True
290,32,2,False
288,34,2,True
290,34,2,True
292,32,2,False
294,32,2,False
292,34,2,True
294,34,2,True
288,36,2,True
290,36,2,True
288,38,2,True
290,38,2,True
292,36,2,True
294,36,2,True
292,38,2,True
294,38,2,True
296,32,2,False
298,32,2,True
296,34,2,False
298,34,2,False
300,32,2,True
302,32,2,True
300,34,2,False
302,34,2,False
296,36,2,True
298,36,2,True
296,38,2,True
298,38,2,True
300,36,2,True
302,36,2,False
300,38,2,True
302,38,2,True
288,40,2,True
290,40,2,True
288,42,2,True
290,42,2,True
292,40,2,True
294,40,2,True
292,42,2,True
294,42,2,True
288,44,2,True
290,44,2,True
288,46,2,True
290,46,2,True
292,44,2,True
294,44,2,True
292,46,2,True
294,46,2,True
296,40,2,True
298,40,2,True
296,42,2,True
298,42,2,True
300,40,2,True
302,40,2,True
300,42,2,True
302,42,2,True
296,44,2,True
298,44,2,True
296,46,2,True
298,46,2,True
300,44,2,True
302,44,2,True
300,46,2,True
302,46,2,True
304,32,2,True
306,32,2,True
304,34,2,True
306,34,2,True
308,32,2,True
310,32,2,True
308,34,2,True
310,34,2,True
304,36,2,False
306,36,2,False
304,38,2,True
306,38,2,True
308,36,2,False
310,36,2,True
308,38,2,False
310,38,2,False
312,32,2,True
314,32,2,True
312,34,2,True
314,34,2,True
316,32,2,True
318,32,2,True
316,34,2,True
318,34,2,True
312,36,2,True
314,36,2,True
312,38,2,False
314,38,2,False
316,36,2,True
318,36,2,True
316,38,2,True
318,38,2,True
304,40,2,True
306,40,2,True
304,42,2,True
306,42,2,True
308,40,2,True
310,40,2,True
308,42,2,True
310,42,2,True
304,44,2,True
306,44,2,True
304,46,2,True
306,46,2,True
308,44,2,True
310,44,2,True
308,46,2,True
310,46,2,True
312,40,2,True
314,40,2,False
312,42,2,True
314,42,2,True
316,40,2,False
318,40,2,False
316,42,2,True
318,42,2,True
312,44,2,True
314,44,2,True
312,46,2,True
314,46,2,True
316,44,2,True
318,44,2,True
316,46,2,True
318,46,2,True
288,48,2,True
290,48,2,True
288,50,2,True
290,50,2,True
292,48,2,True
294,48,2,True
292,50,2,True
294,50,2,True
288,52,2,True
290,52,2,True
288,54,2,True
290,54,2,True
292,52,2,True
294,52,2,True
292,54,2,True
294,54,2,True
296,48,2,True
298,48,2,True
296,50,2,True
298,50,2,True
300,48,2,True
302,48,2,True
300,50,2,True
302,50,2,True
296,52,2,True
298,52,2,True
296,54,2,True
298,54,2,True
300,52,2,True
302,52,2,True
300,54,2,True
302,54,2,True
288,56,2,True
290,56,2,True
288,58,2,True
290,58,2,True
292,56,2,True
294,56,2,True
292,58,2,True
294,58,2,True
288,60,2,True
290,60,2,True
288,62,2,True
290,62,2,True
292,60,2,True
294,60,2,True
292,62,2,True
294,62,2,True
296,56,2,True
298,56,2,True
296,58,2,True
298,58,2,True
300,56,2,True
302,56,2,True
300,58,2,True
302,58,2,True
296,60,2,True
298,60,2,True
296,62,2,True
298,62,2,True
300,60,2,True
302,60,2,True
300,62,2,True
302,62,2,True
304,48,2,True
306,48,2,True
304,50,2,True
306,50,2,True
308,48,2,True
310,48,2,True
308,50,2,True
310,50,2,True
304,52,2,True
306,52,2,True
304,54,2,True
306,54,2,True
308,52,2,True
310,52,2,True
308,54,2,True
310,54,2,True
312,48,2,True
314,48,2,True
312,50,2,True
314,50,2,True
316,48,2,True
318,48,2,True
316,50,2,True
318,50,2,True
312,52,2,True
314,52,2,True
312,54,2,True
314,54,2,True
316,52,2,True
318,52,2,True
316,54,2,True
318,54,2,True
304,56,2,True
306,56,2,True
304,58,2,True
306,58,2,True
308,56,2,True
310,56,2,True
308,58,2,True
310,58,2,True
304,60,2,True
306,60,2,True
304,62,2,True
306,62,2,True
308,60,2,True
310,60,2,True
308,62,2,True
310,62,2,True
312,56,2,True
314,56,2,True
312,58,2,True
314,58,2,True
316,56,2,True
318,56,2,True
316,58,2,True
318,58,2,True
312,60,2,True
314,60,2,True
312,62,2,True
314,62,2,True
316,60,2,True
318,60,2,True
316,62,2,True
318,62,2,True
288,64,2,True
290,64,2,True
288,66,2,True
290,66,2,True
292,64,2,True
294,64,2,True
292,66,2,True
294,66,2,True
288,68,2,True
290,68,2,True
288,70,2,True
290,70,2,True
292,68,2,True
294,68,2,True
292,70,2,True
294,70,2,True
296,64,2,True
298,64,2,True
296,66,2,True
298,66,2,True
300,64,2,True
302,64,2,True
300,66,2,True
302,66,2,True
296,68,2,True
298,68,2,True
296,70,2,True
298,70,2,True
300,68,2,True
302,68,2,True
300,70,2,True
302,70,2,True
288,72,2,True
290,72,2,True
288,74,2,True
290,74,2,True
292,72,2,True
294,72,2,True
292,74,2,True
294,74,2,True
288,76,2,True
290,76,2,True
288,78,2,True
290,78,2,True
292,76,2,True
294,76,2,True
292,78,2,True
294,78,2,True
296,72,2,True
298,72,2,True
296,74,2,True
298,74,2,True
300,72,2,True
302,72,2,True
300,74,2,True
302,74,2,True
296,76,2,True
298,76,2,True
296,78,2,True
298,78,2,True
300,76,2,True
302,76,2,True
300,78,2,True
302,78,2,True
304,64,2,True
306,64,2,True
304,66,2,True
306,66,2,True
308,64,2,True
310,64,2,True
308,66,2,True
310,66,2,True
304,68,2,True
306,68,2,True
304,70,2,True
306,70,2,True
308,68,2,True
310,68,2,True
308,70,2,True
310,70,2,True
312,64,2,True
314,64,2,True
312,66,2,True
314,66,2,True
316,64,2,True
318,64,2,True
316,66,2,True
318,66,2,True
312,68,2,True
314,68,2,True
312,70,2,True
314,70,2,True
316,68,2,True
318,68,2,True
316,70,2,True
318,70,2,True
304,72,2,True
306,72,2,True
304,74,2,True
306,74,2,True
308,72,2,True
310,72,2,True
308,74,2,True
310,74,2,True
304,76,2,True
306,76,2,True
304,78,2,True
306,78,2,True
308,76,2,True
310,76,2,True
308,78,2,True
310,78,2,True
312,72,2,True
314,72,2,True
312,74,2,True
314,74,2,True
316,72,2,True
318,72,2,True
316,74,2,True
318,74,2,True
312,76,2,True
314,76,2,True
312,78,2,True
314,78,2,True
316,76,2,True
318,76,2,True
316,78,2,True
318,78,2,True
288,80,2,True
290,80,2,True
288,82,2,False
290,82,2,True
292,80,2,True
294,80,2,True
292,82,2,True
294,82,2,True
288,84,2,False
290,84,2,False
288,86,2,True
290,86,2,True
292,84,2,False
294,84,2,False
292,86,2,True
294,86,2,True
296,80,2,True
298,80,2,True
296,82,2,True
298,82,2,True
300,80,2,True
302,80,2,True
300,82,2,True
302,82,2,True
296,84,2,False
298,84,2,True
296,86,2,False
298,86,2,False
300,84,2,True
302,84,2,True
300,86,2,False
302,86,2,False
288,88,2,True
290,88,2,True
288,90,2,True
290,90,2,True
292,88,2,True
294,88,2,True
292,90,2,True
294,90,2,True
288,92,2,True
290,92,2,True
288,94,2,True
290,94,2,True
292,92,2,True
294,92,2,True
292,94,2,True
294,94,2,True
296,88,2,True
298,88,2,True
296,90,2,True
298,90,2,True
300,88,2,True
302,88,2,True
300,90,2,True
302,90,2,True
296,92,2,True
298,92,2,True
296,94,2,True
298,94,2,True
300,92,2,True
302,92,2,True
300,94,2,True
302,94,2,True
304,80,2,True
306,80,2,True
304,82,2,True
306,82,2,True
308,80,2,True
310,80,2,True
308,82,2,True
310,82,2,True
304,84,2,True
306,84,2,True
304,86,2,False
306,86,2,True
308,84,2,True
310,84,2,True
308,86,2,True
310,86,2,True
312,80,2,True
314,80,2,True
312,82,2,True
314,82,2,True
316,80,2,True
318,80,2,True
316,82,2,True
318,82,2,True
312,84,2,True
314,84,2,True
312,86,2,True
314,86,2,True
316,84,2,True
318,84,2,True
316,86,2,True
318,86,2,True
304,88,2,False
306,88,2,False
304,90,2,True
306,90,2,True
308,88,2,False
310,88,2,False
308,90,2,True
310,90,2,True
304,92,2,True
306,92,2,True
304,94,2,True
306,94,2,True
308,92,2,True
310,92,2,True
308,94,2,True
310,94,2,True
312,88,2,False
314,88,2,False
312,90,2,True
314,90,2,False
316,88,2,True
318,88,2,True
316,90,2,False
318,90,2,False
312,92,2,True
314,92,2,True
312,94,2,True
314,94,2,True
316,92,2,True
318,92,2,True
316,94,2,True
318,94,2,True
288,96,2,True
290,96,2,True
288,98,2,True
290,98,2,True
292,96,2,True
294,96,2,True
292,98,2,True
294,98,2,True
288,100,2,True
290,100,2,True
288,102,2,True
290,102,2,True
292,100,2,True
294,100,2,True
292,102,2,True
294,102,2,True
296,96,2,True
298,96,2,True
296,98,2,True
298,98,2,True
300,96,2,True
302,96,2,True
300,98,2,True
302,98,2,True
296,100,2,True
298,100,2,True
296,102,2,True
298,102,2,True
300,100,2,True
302,100,2,True
300,102,2,True
302,102,2,True
288,104,2,True
290,104,2,True
288,106,2,True
290,106,2,True
292,104,2,True
294,104,2,True
292,106,2,True
294,106,2,True
288,108,2,True
290,108,2,True
288,110,2,True
290,110,2,True
292,108,2,True
294,108,2,True
292,110,2,True
294,110,2,True
296,104,2,True
298,104,2,True
296,106,2,True
298,106,2,True
300,104,2,True
302,104,2,True
300,106,2,True
302,106,2,True
296,108,2,True
298,108,2,True
296,110,2,True
298,110,2,True
300,108,2,True
302,108,2,True
300,110,2,True
302,110,2,True
304,96,2,True
306,96,2,True
304,98,2,True
306,98,2,True
308,96,2,True
310,96,2,True
308,98,2,True
310,98,2,True
304,100,2,True
306,100,2,True
304,102,2,True
306,102,2,True
308,100,2,True
310,100,2,True
308,102,2,True
310,102,2,True
312,96,2,True
314,96,2,True
312,98,2,True
314,98,2,True
316,96,2,True
318,96,2,True
316,98,2,True
318,98,2,True
312,100,2,True
314,100,2,True
312,102,2,True
314,102,2,True
316,100,2,True
318,100,2,True
316,102,2,True
318,102,2,True
304,104,2,True
306,104,2,True
304,106,2,True
306,106,2,True
308,104,2,True
310,104,2,True
308,106,2,True
310,106,2,True
304,108,2,True
306,108,2,True
304,110,2,True
306,110,2,True
308,108,2,True
310,108,2,True
308,110,2,True
310,110,2,True
312,104,2,True
314,104,2,True
312,106,2,True
314,106,2,True
316,104,2,True
318,104,2,True
316,106,2,True
318,106,2,True
312,108,2,True
314,108,2,True
312,110,2,True
314,110,2,True
316,108,2,True
318,108,2,True
316,110,2,True
318,110,2,True
288,112,2,True
290,112,2,True
288,114,2,True
290,114,2,True
292,112,2,True
294,112,2,True
292,114,2,True
294,114,2,True
288,116,2,True
290,116,2,True
288,118,2,True
290,118,2,True
292,116,2,True
294,116,2,True
292,118,2,True
294,118,2,True
296,112,2,True
298,112,2,True
296,114,2,True
298,114,2,True
300,112,2,True
302,112,2,True
300,114,2,True
302,114,2,True
296,116,2,True
298,116,2,True
296,118,2,True
298,118,2,True
300,116,2,True
302,116,2,True
300,118,2,True
302,118,2,True
288,120,2,True
290,120,2,True
288,122,2,False
290,122,2,False
292,120,2,True
294,120,2,True
292,122,2,False
294,122,2,False
288,124,2,True
290,124,2,True
288,126,2,True
290,126,2,True
292,124,2,True
294,124,2,True
292,126,2,True
294,126,2,True
296,120,2,True
298,120,2,True
296,122,2,False
298,122,2,False
300,120,2,True
302,120,2,True
300,122,2,False
302,122,2,False
296,124,2,True
298,124,2,True
296,126,2,True
298,126,2,True
300,124,2,True
302,124,2,True
300,126,2,True
302,126,2,True
304,112,2,True
306,112,2,True
304,114,2,True
306,114,2,True
308,112,2,True
310,112,2,True
308,114,2,True
310,114,2,True
304,116,2,True
306,116,2,True
304,118,2,True
306,118,2,True
308,116,2,True
310,116,2,True
308,118,2,True
310,118,2,True
312,112,2,True
314,112,2,True
312,114,2,True
314,114,2,True
316,112,2,True
318,112,2,True
316,114,2,True
318,114,2,True
312,116,2,True
314,116,2,True
312,118,2,True
314,118,2,True
316,116,2,True
318,116,2,True
316,118,2,True
318,118,2,True
304,120,2,True
306,120,2,True
304,122,2,False
306,122,2,False
308,120,2,True
310,120,2,True
308,122,2,False
310,122,2,False
304,124,2,True
306,124,2,True
304,126,2,True
306,126,2,True
308,124,2,True
310,124,2,True
308,126,2,True
310,126,2,True
312,120,2,True
314,120,2,True
312,122,2,False
314,122,2,False
316,120,2,True
318,120,2,True
316,122,2,False
318,122,2,False
312,124,2,True
314,124,2,True
312,126,2,True
314,126,2,True
316,124,2,True
318,124,2,True
316,126,2,True
318,126,2,True
288,128,2,True
290,128,2,True
288,130,2,True
290,130,2,True
292,128,2,True
294,128,2,True
292,130,2,True
294,130,2,True
288,132,2,True
290,132,2,True
288,134,2,True
290,134,2,True
292,132,2,True
294,132,2,True
292,134,2,True
294,134,2,True
296,128,2,True
298,128,2,True
296,130,2,True
298,130,2,True
300,128,2,True
302,128,2,True
300,130,2,True
302,130,2,True
296,132,2,True
298,132,2,True
296,134,2,True
298,134,2,True
300,132,2,True
302,132,2,True
300,134,2,True
302,134,2,True
288,136,2,True
290,136,2,True
288,138,2,True
290,138,2,True
292,136,2,True
294,136,2,True
292,138,2,True
294,138,2,True
288,140,2,True
290,140,2,True
288,142,2,True
290,142,2,True
292,140,2,True
294,140,2,True
292,142,2,True
294,142,2,True
296,136,2,True
298,136,2,True
296,138,2,True
298,138,2,True
300,136,2,True
302,136,2,True
300,138,2,True
302,138,2,True
296,140,2,True
298,140,2,True
296,142,2,True
298,142,2,True
300,140,2,True
302,140,2,True
300,142,2,True
302,142,2,True
304,128,2,True
306,128,2,True
304,130,2,True
306,130,2,True
308,128,2,True
310,128,2,True
308,130,2,True
310,130,2,True
304,132,2,True
306,132,2,True
304,134,2,True
306,134,2,True
308,132,2,True
310,132,2,True
308,134,2,True
310,134,2,True
312,128,2,True
314,128,2,True
312,130,2,True
314,130,2,True
316,128,2,True
318,128,2,True
316,130,2,True
318,130,2,True
312,132,2,True
314,132,2,True
312,134,2,True
314,134,2,True
316,132,2,True
318,132,2,True
316,134,2,True
318,134,2,True
304,136,2,True
306,136,2,True
304,138,2,True
306,138,2,True
308,136,2,True
310,136,2,True
308,138,2,True
310,138,2,True
304,140,2,True
306,140,2,True
304,142,2,True
306,142,2,True
308,140,2,True
310,140,2,True
308,142,2,True
310,142,2,True
312,136,2,True
314,136,2,True
312,138,2,True
314,138,2,True
316,136,2,True
318,136,2,True
316,138,2,True
318,138,2,True
312,140,2,True
314,140,2,True
312,142,2,True
314,142,2,True
316,140,2,True
318,140,2,True
316,142,2,True
318,142,2,True
288,144,2,True
290,144,2,True
288,146,2,True
290,146,2,True
292,144,2,True
294,144,2,True
292,146,2,True
294,146,2,True
288,148,2,True
290,148,2,True
288,150,2,False
290,150,2,False
292,148,2,True
294,148,2,True
292,150,2,False
294,150,2,False
296,144,2,True
298,144,2,True
296,146,2,True
298,146,2,True
300,144,2,True
302,144,2,True
300,146,2,True
302,146,2,True
296,148,2,True
298,148,2,True
296,150,2,False
298,150,2,True
300,148,2,True
302,148,2,True
300,150,2,True
302,150,2,True
288,152,2,True
290,152,2,True
288,154,2,True
290,154,2,True
292,152,2,True
294,152,2,True
292,154,2,True
294,154,2,True
288,156,2,True
290,156,2,True
288,158,2,True
290,158,2,True
292,156,2,True
294,156,2,True
292,158,2,True
294,158,2,True
296,152,2,False
298,152,2,False
296,154,2,True
298,154,2,True
300,152,2,False
302,152,2,False
300,154,2,True
302,154,2,True
296,156,2,True
298,156,2,True
296,158,2,True
298,158,2,True
300,156,2,True
302,156,2,True
300,158,2,True
302,158,2,True
304,144,2,True
306,144,2,True
304,146,2,True
306,146,2,True
308,144,2,True
310,144,2,True
308,146,2,True
310,146,2,True
304,148,2,True
306,148,2,True
304,150,2,True
306,150,2,True
308,148,2,True
310,148,2,True
308,150,2,True
310,150,2,True
312,144,2,True
314,144,2,True
312,146,2,True
314,146,2,True
316,144,2,True
318,144,2,True
316,146,2,True
318,146,2,True
312,148,2,True
314,148,2,True
312,150,2,True
314,150,2,True
316,148,2,True
318,148,2,True
316,150,2,True
318,150,2,True
304,152,2,False
306,152,2,False
304,154,2,True
306,154,2,True
308,152,2,False
310,152,2,False
308,154,2,True
310,154,2,True
304,156,2,True
306,156,2,True
304,158,2,True
306,158,2,True
308,156,2,True
310,156,2,True
308,158,2,True
310,158,2,True
312,152,2,False
314,152,2,False
312,154,2,True
314,154,2,True
316,152,2,False
318,152,2,False
316,154,2,True
318,154,2,True
312,156,2,True
314,156,2,True
312,158,2,True
314,158,2,True
316,156,2,True
318,156,2,True
316,158,2,True
318,158,2,True
288,160,2,True
290,160,2,True
288,162,2,True
290,162,2,True
292,160,2,True
294,160,2,True
292,162,2,True
294,162,2,True
288,164,2,True
290,164,2,True
288,166,2,True
290,166,2,True
292,164,2,True
294,164,2,True
292,166,2,True
294,166,2,True
296,160,2,True
298,160,2,True
296,162,2,True
298,162,2,True
300,160,2,True
302,160,2,True
300,162,2,True
302,162,2,True
296,164,2,True
298,164,2,True
296,166,2,True
298,166,2,True
300,164,2,True
302,164,2,True
300,166,2,True
302,166,2,True
288,168,2,True
290,168,2,True
288,170,2,True
290,170,2,True
292,168,2,True
294,168,2,True
292,170,2,True
294,170,2,True
288,172,2,False
290,172,2,False
288,174,2,True
290,174,2,False
292,172,2,True
294,172,2,True
292,174,2,False
294,174,2,False
296,168,2,True
298,168,2,True
296,170,2,True
298,170,2,True
300,168,2,True
302,168,2,True
300,170,2,True
302,170,2,True
296,172,2,True
298,172,2,True
296,174,2,True
298,174,2,True
300,172,2,True
302,172,2,True
300,174,2,True
302,174,2,True
304,160,2,True
306,160,2,True
304,162,2,True
306,162,2,True
308,160,2,True
310,160,2,True
308,162,2,True
310,162,2,True
304,164,2,True
306,164,2,True
304,166,2,True
306,166,2,True
308,164,2,True
310,164,2,True
308,166,2,True
310,166,2,True
312,160,2,True
314,160,2,True
312,162,2,True
314,162,2,True
316,160,2,True
318,160,2,True
316,162,2,True
318,162,2,True
312,164,2,True
314,164,2,True
312,166,2,True
314,166,2,True
316,164,2,True
318,164,2,True
316,166,2,True
318,166,2,True
304,168,2,True
306,168,2,True
304,170,2,True
306,170,2,True
308,168,2,True
310,168,2,True
308,170,2,True
310,170,2,True
304,172,2,True
306,172,2,True
304,174,2,True
306,174,2,True
308,172,2,True
310,172,2,True
308,174,2,True
310,174,2,True
312,168,2,True
314,168,2,True
312,170,2,True
314,170,2,True
316,168,2,True
318,168,2,True
316,170,2,True
318,170,2,True
312,172,2,True
314,172,2,True
312,174,2,True
314,174,2,True
316,172,2,True
318,172,2,True
316,174,2,True
318,174,2,True
288,176,2,True
290,176,2,True
288,178,2,True
290,178,2,True
292,176,2,True
294,176,2,False
292,178,2,True
294,178,2,True
288,180,2,True
290,180,2,True
288,182,2,True
290,182,2,True
292,180,2,True
294,180,2,True
292,182,2,True
294,182,2,True
296,176,2,False
298,176,2,False
296,178,2,True
298,178,2,True
300,176,2,False
302,176,2,True
300,178,2,False
302,178,2,False
296,180,2,True
298,180,2,True
296,182,2,True
298,182,2,True
300,180,2,True
302,180,2,True
300,182,2,True
302,182,2,True
288,184,2,True
290,184,2,True
288,186,2,True
290,186,2,True
292,184,2,True
294,184,2,True
292,186,2,True
294,186,2,True
288,188,2,True
290,188,2,True
288,190,2,True
290,190,2,True
292,188,2,True
294,188,2,True
292,190,2,True
294,190,2,True
296,184,2,True
298,184,2,True
296,186,2,True
298,186,2,True
300,184,2,True
302,184,2,True
300,186,2,True
302,186,2,True
296,188,2,True
298,188,2,True
296,190,2,True
298,190,2,True
300,188,2,True
302,188,2,True
300,190,2,True
302,190,2,True
304,176,2,True
306,176,2,True
304,178,2,False
306,178,2,False
308,176,2,True
310,176,2,True
308,178,2,False
310,178,2,True
304,180,2,True
306,180,2,True
304,182,2,True
306,182,2,True
308,180,2,False
310,180,2,False
308,182,2,True
310,182,2,True
312,176,2,True
314,176,2,True
312,178,2,True
314,178,2,True
316,176,2,True
318,176,2,True
316,178,2,True
318,178,2,True
312,180,2,False
314,180,2,False
312,182,2,True
314,182,2,False
316,180,2,True
318,180,2,True
316,182,2,False
318,182,2,False
304,184,2,True
306,184,2,True
304,186,2,True
306,186,2,True
308,184,2,True
310,184,2,True
308,186,2,True
310,186,2,True
304,188,2,True
306,188,2,True
304,190,2,True
306,190,2,True
308,188,2,True
310,188,2,True
308,190,2,True
310,190,2,True
312,184,2,True
314,184,2,True
312,186,2,True
314,186,2,True
316,184,2,True
318,184,2,True
316,186,2,True
318,186,2,True
312,188,2,True
314,188,2,True
312,190,2,True
314,190,2,True
316,188,2,True
318,188,2,True
316,190,2,True
318,190,2,True
288,192,2,True
290,192,2,True
288,194,2,True
290,194,2,True
292,192,2,True
294,192,2,True
292,194,2,True
294,194,2,True
288,196,2,True
290,196,2,True
288,198,2,True
290,198,2,True
292,196,2,True
294,196,2,True
292,198,2,True
294,198,2,True
296,192,2,True
298,192,2,True
296,194,2,True
298,194,2,True
300,192,2,True
302,192,2,True
300,194,2,True
302,194,2,True
296,196,2,True
298,196,2,True
296,198,2,True
298,198,2,True
300,196,2,True
302,196,2,True
300,198,2,True
302,198,2,True
288,200,2,True
290,200,2,True
288,202,2,True
290,202,2,True
292,200,2,True
294,200,2,True
292,202,2,True
294,202,2,True
288,204,2,True
290,204,2,True
288,206,2,True
290,206,2,True
292,204,2,True
294,204,2,True
292,206,2,True
294,206,2,True
296,200,2,True
298,200,2,True
296,202,2,True
298,202,2,True
300,200,2,True
302,200,2,True
300,202,2,True
302,202,2,True
296,204,2,True
298,204,2,True
296,206,2,True
298,206,2,True
300,204,2,True
302,204,2,True
300,206,2,True
302,206,2,True
304,192,2,True
306,192,2,True
304,194,2,True
306,194,2,True
308,192,2,True
310,192,2,True
308,194,2,True
310,194,2,True
304,196,2,True
306,196,2,True
304,198,2,True
306,198,2,True
308,196,2,True
310,196,2,True
308,198,2,True
310,198,2,True
312,192,2,True
314,192,2,True
312,194,2,True
314,194,2,True
316,192,2,True
318,192,2,True
316,194,2,True
318,194,2,True
312,196,2,True
314,196,2,True
312,198,2,True
314,198,2,True
316,196,2,True
318,196,2,True
316,198,2,True
318,198,2,True
304,200,2,True
306,200,2,True
304,202,2,True
306,202,2,True
308,200,2,True
310,200,2,True
308,202,2,True
310,202,2,True
304,204,2,True
306,204,2,True
304,206,2,True
306,206,2,True
308,204,2,True
310,204,2,True
308,206,2,True
310,206,2,True
312,200,2,True
314,200,2,True
312,202,2,True
314,202,2,True
316,200,2,True
318,200,2,True
316,202,2,True
318,202,2,True
312,204,2,True
314,204,2,True
312,206,2,True
314,206,2,True
316,204,2,True
318,204,2,True
316,206,2,True
318,206,2,True
288,208,2,True
290,208,2,True
288,210,2,True
290,210,2,True
292,208,2,True
294,208,2,True
292,210,2,True
294,210,2,True
288,212,2,False
290,212,2,False
288,214,2,True
290,214,2,True
292,212,2,False
294,212,2,False
292,214,2,True
294,214,2,True
296,208,2,True
298,208,2,True
296,210,2,True
298,210,2,True
300,208,2,True
302,208,2,True
300,210,2,True
302,210,2,True
296,212,2,False
298,212,2,False
296,214,2,True
298,214,2,True
300,212,2,False
302,212,2,False
300,214,2,True
302,214,2,True
288,216,2,True
290,216,2,True
288,218,2,True
290,218,2,True
292,216,2,True
294,216,2,True
292,218,2,True
294,218,2,True
288,220,2,True
290,220,2,True
288,222,2,True
290,222,2,True
292,220,2,True
294,220,2,True
292,222,2,True
294,222,2,True
296,216,2,True
298,216,2,True
296,218,2,True
298,218,2,True
300,216,2,True
302,216,2,True
300,218,2,True
302,218,2,True
296,220,2,True
298,220,2,True
296,222,2,True
298,222,2,True
300,220,2,True
302,220,2,True
300,222,2,True
302,222,2,True
304,208,2,True
306,208,2,True
304,210,2,True
306,210,2,True
308,208,2,True
310,208,2,True
308,210,2,True
310,210,2,True
304,212,2,False
306,212,2,False
304,214,2,True
306,214,2,True
308,212,2,False
310,212,2,False
308,214,2,True
310,214,2,True
312,208,2,True
314,208,2,True
312,210,2,True
314,210,2,False
316,208,2,True
318,208,2,True
316,210,2,False
318,210,2,False
312,212,2,False
314,212,2,False
312,214,2,True
314,214,2,True
316,212,2,True
318,212,2,True
316,214,2,True
318,214,2,True
304,216,2,True
306,216,2,True
304,218,2,True
306,218,2,True
308,216,2,True
310,216,2,True
308,218,2,True
310,218,2,True
304,220,2,True
306,220,2,True
304,222,2,True
306,222,2,True
308,220,2,True
310,220,2,True
308,222,2,True
310,222,2,True
312,216,2,True
314,216,2,True
312,218,2,True
314,218,2,True
316,216,2,True
318,216,2,True
316,218,2,True
318,218,2,True
312,220,2,True
314,220,2,True
312,222,2,True
314,222,2,True
316,220,2,True
318,220,2,True
316,222,2,True
318,222,2,True
288,224,2,True
290,224,2,True
288,226,2,True
290,226,2,True
292,224,2,True
294,224,2,True
292,226,2,True
294,226,2,True
288,228,2,True
290,228,2,True
288,230,2,True
290,230,2,True
292,228,2,True
294,228,2,True
292,230,2,True
294,230,2,True
296,224,2,True
298,224,2,True
296,226,2,True
298,226,2,True
300,224,2,True
302,224,2,True
300,226,2,True
302,226,2,True
296,228,2,True
298,228,2,True
296,230,2,True
298,230,2,True
300,228,2,True
302,228,2,True
300,230,2,True
302,230,2,True
288,232,2,True
290,232,2,True
288,234,2,True
290,234,2,True
292,232,2,True
294,232,2,True
292,234,2,True
294,234,2,True
288,236,2,True
290,236,2,True
288,238,2,True
290,238,2,True
292,236,2,True
294,236,2,True
292,238,2,True
294,238,2,True
296,232,2,True
298,232,2,True
296,234,2,True
298,234,2,True
300,232,2,True
302,232,2,True
300,234,2,True
302,234,2,True
296,236,2,True
298,236,2,True
296,238,2,True
298,238,2,True
300,236,2,True
302,236,2,True
300,238,2,True
302,238,2,True
304,224,2,True
306,224,2,True
304,226,2,True
306,226,2,True
308,224,2,True
310,224,2,True
308,226,2,True
310,226,2,True
304,228,2,True
306,228,2,True
304,230,2,True
306,230,2,True
308,228,2,True
310,228,2,True
308,230,2,True
310,230,2,True
312,224,2,True
314,224,2,True
312,226,2,True
314,226,2,True
316,224,2,True
318,224,2,True
316,226,2,True
318,226,2,True
312,228,2,True
314,228,2,True
312,230,2,True
314,230,2,True
316,228,2,True
318,228,2,True
316,230,2,True
318,230,2,True
304,232,2,True
306,232,2,True
304,234,2,True
306,234,2,True
308,232,2,True
310,232,2,True
308,234,2,True
310,234,2,True
304,236,2,True
306,236,2,True
304,238,2,True
306,238,2,True
308,236,2,True
310,236,2,True
308,238,2,True
310,238,2,True
312,232,2,True
314,232,2,True
312,234,2,True
314,234,2,True
316,232,2,True
318,232,2,True
316,234,2,True
318,234,2,True
312,236,2,True
314,236,2,True
312,238,2,True
314,238,2,True
316,236,2,True
318,236,2,True
316,238,2,True
318,238,2,True
288,240,2,True
290,240,2,True
288,242,2,True
290,242,2,True
292,240,2,True
294,240,2,True
292,242,2,True
294,242,2,True
296,240,2,True
298,240,2,True
296,242,2,True
298,242,2,True
300,240,2,True
302,240,2,True
300,242,2,True
302,242,2,True
304,240,2,True
306,240,2,True
304,242,2,True
306,242,2,True
308,240,2,True
310,240,2,True
308,242,2,True
310,242,2,True
312,240,2,True
314,240,2,True
312,242,2,True
314,242,2,True
316,240,2,True
318,240,2,True
316,242,2,True
318,242,2,True
288,272,2,True
290,272,2,True
288,274,2,True
290,274,2,True
292,272,2,True
294,272,2,True
292,274,2,True
294,274,2,True
288,276,2,True
290,276,2,True
288,278,2,True
290,278,2,True
292,276,2,True
294,276,2,True
292,278,2,True
294,278,2,True
296,272,2,True
298,272,2,True
296,274,2,True
298,274,2,True
300,272,2,True
302,272,2,True
300,274,2,True
302,274,2,True
296,276,2,True
298,276,2,True
296,278,2,True
298,278,2,True
300,276,2,True
302,276,2,True
300,278,2,True
302,278,2,True
288,280,2,True
290,280,2,True
288,282,2,True
290,282,2,True
292,280,2,True
294,280,2,True
292,282,2,True
294,282,2,True
288,284,2,True
290,284,2,True
288,286,2,True
290,286,2,True
292,284,2,True
294,284,2,True
292,286,2,True
294,286,2,True
296,280,2,True
298,280,2,True
296,282,2,True
298,282,2,True
300,280,2,True
302,280,2,True
300,282,2,True
302,282,2,True
296,284,2,True
298,284,2,True
296,286,2,True
298,286,2,True
300,284,2,True
302,284,2,True
300,286,2,True
302,286,2,True
304,272,2,True
306,272,2,True
304,274,2,True
306,274,2,True
308,272,2,True
310,272,2,True
308,274,2,True
310,274,2,True
304,276,2,True
306,276,2,True
304,278,2,True
306,278,2,True
308,276,2,True
310,276,2,True
308,278,2,True
310,278,2,True
312,272,2,True
314,272,2,True
312,274,2,True
314,274,2,True
316,272,2,True
318,272,2,True
316,274,2,True
318,274,2,True
312,276,2,True
314,276,2,True
312,278,2,True
314,278,2,True
316,276,2,True
318,276,2,True
316,278,2,True
318,278,2,True
304,280,2,True
306,280,2,True
304,282,2,True
306,282,2,True
308,280,2,True
310,280,2,True
308,282,2,True
310,282,2,True
304,284,2,True
306,284,2,True
304,286,2,True
306,286,2,True
308,284,2,True
310,284,2,True
308,286,2,True
310,286,2,True
312,280,2,True
314,280,2,True
312,282,2,True
314,282,2,True
316,280,2,True
318,280,2,True
316,282,2,True
318,282,2,True
312,284,2,True
314,284,2,True
312,286,2,True
314,286,2,True
316,284,2,True
318,284,2,True
316,286,2,True
318,286,2,True
288,288,2,True
290,288,2,True
288,290,2,True
290,290,2,True
292,288,2,True
294,288,2,True
292,290,2,True
294,290,2,True
288,292,2,True
290,292,2,True
288,294,2,True
290,294,2,True
292,292,2,True
294,292,2,True
292,294,2,True
294,294,2,True
296,288,2,True
298,288,2,True
296,290,2,True
298,290,2,True
300,288,2,True
302,288,2,True
300,290,2,True
302,290,2,True
296,292,2,True
298,292,2,True
296,294,2,True
298,294,2,True
300,292,2,True
302,292,2,True
300,294,2,True
302,294,2,True
288,296,2,True
290,296,2,True
288,298,2,True
290,298,2,True
292,296,2,True
294,296,2,True
292,298,2,True
294,298,2,True
288,300,2,False
290,300,2,False
288,302,2,True
290,302,2,True
292,300,2,False
294,300,2,False
292,302,2,True
294,302,2,True
296,296,2,True
298,296,2,True
296,298,2,True
298,298,2,True
300,296,2,True
302,296,2,True
300,298,2,True
302,298,2,True
296,300,2,False
298,300,2,True
296,302,2,False
298,302,2,False
300,300,2,True
302,300,2,True
300,302,2,False
302,302,2,False
304,288,2,True
306,288,2,True
304,290,2,True
306,290,2,True
308,288,2,True
310,288,2,True
308,290,2,True
310,290,2,True
304,292,2,True
306,292,2,True
304,294,2,True
306,294,2,True
308,292,2,True
310,292,2,True
308,294,2,True
310,294,2,True
312,288,2,True
314,288,2,True
312,290,2,True
314,290,2,True
316,288,2,True
318,288,2,True
316,290,2,True
318,290,2,True
312,292,2,True
314,292,2,True
312,294,2,True
314,294,2,True
316,292,2,True
318,292,2,True
316,294,2,True
318,294,2,True
304,296,2,True
306,296,2,True
304,298,2,True
306,298,2,True
308,296,2,True
310,296,2,True
308,298,2,True
310,298,2,True
304,300,2,True
306,300,2,True
304,302,2,False
306,302,2,False
308,300,2,True
310,300,2,True
308,302,2,False
310,302,2,False
312,296,2,True
314,296,2,True
312,298,2,True
314,298,2,True
316,296,2,True
318,296,2,True
316,298,2,True
318,298,2,True
312,300,2,True
314,300,2,True
312,302,2,False
314,302,2,False
316,300,2,True
318,300,2,False
316,302,2,False
318,302,2,False
288,304,2,True
290,304,2,True
288,306,2,True
290,306,2,True
292,304,2,True
294,304,2,True
292,306,2,True
294,306,2,True
288,308,2,True
290,308,2,True
288,310,2,True
290,310,2,True
292,308,2,True
294,308,2,True
292,310,2,True
294,310,2,True
296,304,2,True
298,304,2,True
296,306,2,True
298,306,2,True
300,304,2,True
302,304,2,True
300,306,2,True
302,306,2,True
296,308,2,True
298,308,2,True
296,310,2,True
298,310,2,True
300,308,2,True
302,308,2,True
300,310,2,True
302,310,2,True
288,312,2,True
290,312,2,True
288,314,2,True
290,314,2,True
292,312,2,True
294,312,2,True
292,314,2,True
294,314,2,True
288,316,2,True
290,316,2,True
288,318,2,True
290,318,2,True
292,316,2,True
294,316,2,True
292,318,2,True
294,318,2,True
296,312,2,True
298,312,2,True
296,314,2,True
298,314,2,True
300,312,2,True
302,312,2,True
300,314,2,True
302,314,2,True
296,316,2,True
298,316,2,True
296,318,2,True
298,318,2,True
300,316,2,True
302,316,2,True
300,318,2,True
302,318,2,True
304,304,2,True
306,304,2,True
304,306,2,True
306,306,2,True
308,304,2,True
310,304,2,True
308,306,2,True
310,306,2,True
304,308,2,True
306,308,2,True
304,310,2,True
306,310,2,True
308,308,2,True
310,308,2,True
308,310,2,True
310,310,2,True
312,304,2,True
314,304,2,True
312,306,2,True
314,306,2,True
316,304,2,True
318,304,2,True
316,306,2,True
318,306,2,True
312,308,2,True
314,308,2,True
312,310,2,True
314,310,2,True
316,308,2,True
318,308,2,True
316,310,2,True
318,310,2,True
304,312,2,True
306,312,2,True
304,314,2,True
306,314,2,True
308,312,2,True
310,312,2,True
308,314,2,True
310,314,2,True
304,316,2,True
306,316,2,True
304,318,2,True
306,318,2,True
308,316,2,True
310,316,2,True
308,318,2,True
310,318,2,True
312,312,2,True
314,312,2,True
312,314,2,True
314,314,2,True
316,312,2,True
318,312,2,True
316,314,2,True
318,314,2,True
312,316,2,True
314,316,2,True
312,318,2,True
314,318,2,True
316,316,2,True
318,316,2,True
316,318,2,True
318,318,2,True
288,320,2,True
290,320,2,True
288,322,2,True
290,322,2,True
292,320,2,True
294,320,2,True
292,322,2,True
294,322,2,True
288,324,2,False
290,324,2,False
288,326,2,True
290,326,2,True
292,324,2,False
294,324,2,False
292,326,2,True
294,326,2,True
296,320,2,True
298,320,2,True
296,322,2,True
298,322,2,True
300,320,2,True
302,320,2,True
300,322,2,True
302,322,2,True
296,324,2,False
298,324,2,False
296,326,2,True
298,326,2,True
300,324,2,False
302,324,2,False
300,326,2,True
302,326,2,True
288,328,2,True
290,328,2,True
288,330,2,True
290,330,2,True
292,328,2,True
294,328,2,True
292,330,2,True
294,330,2,True
288,332,2,True
290,332,2,True
288,334,2,True
290,334,2,True
292,332,2,True
294,332,2,True
292,334,2,True
294,334,2,True
296,328,2,True
298,328,2,True
296,330,2,True
298,330,2,True
300,328,2,True
302,328,2,True
300,330,2,True
302,330,2,True
296,332,2,True
298,332,2,True
296,334,2,True
298,334,2,True
300,332,2,True
302,332,2,True
300,334,2,True
302,334,2,True
304,320,2,True
306,320,2,True
304,322,2,True
306,322,2,True
308,320,2,True
310,320,2,True
308,322,2,True
310,322,2,True
304,324,2,False
306,324,2,False
304,326,2,True
306,326,2,True
308,324,2,False
310,324,2,False
308,326,2,True
310,326,2,True
312,320,2,True
314,320,2,True
312,322,2,False
314,322,2,False
316,320,2,True
318,320,2,True
316,322,2,False
318,322,2,False
312,324,2,False
314,324,2,True
312,326,2,True
314,326,2,True
316,324,2,True
318,324,2,True
316,326,2,True
318,326,2,True
304,328,2,True
306,328,2,True
304,330,2,True
306,330,2,True
308,328,2,True
310,328,2,True
308,330,2,True
310,330,2,True
304,332,2,True
306,332,2,True
304,334,2,True
306,334,2,True
308,332,2,True
310,332,2,True
308,334,2,True
310,334,2,True
312,328,2,True
314,328,2,True
312,330,2,True
314,330,2,True
316,328,2,True
318,328,2,True
316,330,2,True
318,330,2,True
312,332,2,True
314,332,2,True
312,334,2,True
314,334,2,True
316,332,2,True
318,332,2,True
316,334,2,True
318,334,2,True
288,336,2,True
290,336,2,True
288,338,2,True
290,338,2,True
292,336,2,True
294,336,2,True
292,338,2,True
294,338,2,True
288,340,2,True
290,340,2,True
288,342,2,True
290,342,2,True
292,340,2,True
294,340,2,True
292,342,2,True
294,342,2,True
296,336,2,True
298,336,2,True
296,338,2,True
298,338,2,True
300,336,2,True
302,336,2,True
300,338,2,True
302,338,2,True
296,340,2,True
298,340,2,True
296,342,2,True
298,342,2,True
300,340,2,True
302,340,2,True
300,342,2,True
302,342,2,True
288,344,2,True
290,344,2,True
288,346,2,True
290,346,2,True
292,344,2,True
294,344,2,True
292,346,2,True
294,346,2,True
288,348,2,True
290,348,2,True
288,350,2,True
290,350,2,True
292,348,2,True
294,348,2,True
292,350,2,True
294,350,2,True
296,344,2,True
298,344,2,True
296,346,2,True
298,346,2,True
300,344,2,True
302,344,2,True
300,346,2,True
302,346,2,True
296,348,2,True
298,348,2,True
296,350,2,True
298,350,2,True
300,348,2,True
302,348,2,True
300,350,2,True
302,350,2,True
304,336,2,True
306,336,2,True
304,338,2,True
306,338,2,True
308,336,2,True
310,336,2,True
308,338,2,True
310,338,2,True
304,340,2,True
306,340,2,True
304,342,2,True
306,342,2,True
308,340,2,True
310,340,2,True
308,342,2,True
310,342,2,True
312,336,2,True
314,336,2,True
312,338,2,True
314,338,2,True
316,336,2,True
318,336,2,True
316,338,2,True
318,338,2,True
312,340,2,True
314,340,2,True
312,342,2,True
314,342,2,True
316,340,2,True
318,340,2,True
316,342,2,True
318,342,2,True
304,344,2,True
306,344,2,True
304,346,2,True
306,346,2,True
308,344,2,True
310,344,2,True
308,346,2,True
310,346,2,True
304,348,2,True
306,348,2,True
304,350,2,True
306,350,2,True
308,348,2,True
310,348,2,True
308,350,2,True
310,350,2,True
312,344,2,True
314,344,2,True
312,346,2,True
314,346,2,True
316,344,2,True
318,344,2,True
316,346,2,True
318,346,2,True
312,348,2,True
314,348,2,True
312,350,2,True
314,350,2,True
316,348,2,True
318,348,2,True
316,350,2,True
318,350,2,True
316,416,2,True
318,416,2,True
316,418,2,True
318,418,2,True
312,420,2,True
314,420,2,True
312,422,2,True
314,422,2,True
316,420,2,True
318,420,2,True
316,422,2,True
318,422,2,True
308,424,2,True
310,424,2,True
308,426,2,True
310,426,2,True
304,428,2,True
306,428,2,True
304,430,2,True
306,430,2,True
308,428,2,True
310,428,2,True
308,430,2,True
310,430,2,True
312,424,2,True
314,424,2,True
312,426,2,True
314,426,2,True
316,424,2,True
318,424,2,True
316,426,2,True
318,426,2,True
312,428,2,True
314,428,2,True
312,430,2,True
314,430,2,True
316,428,2,True
318,428,2,True
316,430,2,True
318,430,2,True
292,436,2,True
294,436,2,True
292,438,2,True
294,438,2,True
300,432,2,True
302,432,2,True
300,434,2,True
302,434,2,True
296,436,2,True
298,436,2,True
296,438,2,True
298,438,2,True
300,436,2,True
302,436,2,True
300,438,2,True
302,438,2,True
288,440,2,True
290,440,2,True
288,442,2,True
290,442,2,True
292,440,2,True
294,440,2,True
292,442,2,True
294,442,2,True
288,444,2,True
290,444,2,True
288,446,2,True
290,446,2,True
292,444,2,True
294,444,2,True
292,446,2,True
294,446,2,True
296,440,2,True
298,440,2,True
296,442,2,True
298,442,2,True
300,440,2,True
302,440,2,True
300,442,2,True
302,442,2,True
296,444,2,True
298,444,2,True
296,446,2,True
298,446,2,True
300,444,2,True
302,444,2,True
300,446,2,True
302,446,2,True
304,432,2,True
306,432,2,True
304,434,2,True
306,434,2,True
308,432,2,True
310,432,2,True
308,434,2,True
310,434,2,True
304,436,2,True
306,436,2,True
304,438,2,True
306,438,2,True
308,436,2,True
310,436,2,True
308,438,2,True
310,438,2,True
312,432,2,True
314,432,2,True
312,434,2,True
314,434,2,True
316,432,2,True
318,432,2,True
316,434,2,True
318,434,2,True
312,436,2,True
314,436,2,True
312,438,2,True
314,438,2,True
316,436,2,True
318,436,2,True
316,438,2,True
318,438,2,True
304,440,2,True
306,440,2,True
304,442,2,True
306,442,2,True
308,440,2,True
310,440,2,True
308,442,2,True
310,442,2,True
304,444,2,True
306,444,2,True
304,446,2,True
306,446,2,True
308,444,2,True
310,444,2,True
308,446,2,True
310,446,2,True
312,440,2,True
314,440,2,True
312,442,2,True
314,442,2,True
316,440,2,True
318,440,2,True
316,442,2,True
318,442,2,True
312,444,2,True
314,444,2,True
312,446,2,True
314,446,2,True
316,444,2,True
318,444,2,True
316,446,2,True
318,446,2,True
288,448,2,True
290,448,2,True
288,450,2,True
290,450,2,True
292,448,2,True
294,448,2,True
292,450,2,True
294,450,2,True
288,452,2,True
290,452,2,True
288,454,2,True
290,454,2,True
292,452,2,True
294,452,2,True
292,454,2,True
294,454,2,True
296,448,2,True
298,448,2,True
296,450,2,True
298,450,2,True
300,448,2,True
302,448,2,True
300,450,2,True
302,450,2,True
296,452,2,True
298,452,2,True
296,454,2,True
298,454,2,True
300,452,2,True
302,452,2,True
300,454,2,True
302,454,2,True
288,456,2,True
290,456,2,True
288,458,2,True
290,458,2,True
292,456,2,True
294,456,2,True
292,458,2,True
294,458,2,True
288,460,2,True
290,460,2,True
288,462,2,True
290,462,2,True
292,460,2,True
294,460,2,True
292,462,2,True
294,462,2,True
296,456,2,True
298,456,2,True
296,458,2,True
298,458,2,True
300,456,2,True
302,456,2,True
300,458,2,True
302,458,2,True
296,460,2,True
298,460,2,True
296,462,2,True
298,462,2,True
300,460,2,True
302,460,2,True
300,462,2,True
302,462,2,True
304,448,2,True
306,448,2,True
304,450,2,True
306,450,2,True
308,448,2,True
310,448,2,True
308,450,2,True
310,450,2,True
304,452,2,True
306,452,2,True
304,454,2,True
306,454,2,True
308,452,2,True
310,452,2,True
308,454,2,True
310,454,2,True
312,448,2,True
314,448,2,True
312,450,2,True
314,450,2,True
316,448,2,True
318,448,2,True
316,450,2,True
318,450,2,True
312,452,2,True
314,452,2,True
312,454,2,True
314,454,2,True
316,452,2,True
318,452,2,False
316,454,2,False
318,454,2,False
304,456,2,True
306,456,2,True
304,458,2,True
306,458,2,True
308,456,2,True
310,456,2,True
308,458,2,True
310,458,2,False
304,460,2,True
306,460,2,True
304,462,2,True
306,462,2,False
308,460,2,False
310,460,2,False
308,462,2,False
310,462,2,True
312,456,2,True
314,456,2,False
312,458,2,False
314,458,2,False
316,456,2,False
318,456,2,True
316,458,2,True
318,458,2,True
312,460,2,True
314,460,2,True
312,462,2,True
314,462,2,True
316,460,2,True
318,460,2,True
316,462,2,True
318,462,2,True
288,464,2,True
290,464,2,True
288,466,2,True
290,466,2,True
292,464,2,True
294,464,2,True
292,466,2,True
294,466,2,True
288,468,2,True
290,468,2,True
288,470,2,True
290,470,2,True
292,468,2,True
294,468,2,True
292,470,2,True
294,470,2,False
296,464,2,True
298,464,2,True
296,466,2,True
298,466,2,True
300,464,2,True
302,464,2,False
300,466,2,False
302,466,2,False
296,468,2,False
298,468,2,False
296,470,2,False
298,470,2,True
300,468,2,False
302,468,2,True
300,470,2,True
302,470,2,True
288,472,2,True
290,472,2,False
288,474,2,False
290,474,2,False
292,472,2,False
294,472,2,False
292,474,2,True
294,474,2,True
288,476,2,True
290,476,2,True
288,478,2,True
290,478,2,True
292,476,2,True
294,476,2,True
292,478,2,True
294,478,2,True
296,472,2,True
298,472,2,True
296,474,2,True
298,474,2,True
300,472,2,True
302,472,2,True
300,474,2,True
302,474,2,True
296,476,2,True
298,476,2,True
296,478,2,True
298,478,2,True
300,476,2,True
302,476,2,True
300,478,2,True
302,478,2,True
304,464,2,False
306,464,2,False
304,466,2,True
306,466,2,True
308,464,2,True
310,464,2,True
308,466,2,True
310,466,2,True
304,468,2,True
306,468,2,True
304,470,2,True
306,470,2,True
308,468,2,True
310,468,2,True
308,470,2,True
310,470,2,True
312,464,2,True
314,464,2,True
312,466,2,True
314,466,2,True
316,464,2,True
318,464,2,True
316,466,2,True
318,466,2,True
312,468,2,True
314,468,2,True
312,470,2,True
314,470,2,True
316,468,2,True
318,468,2,True
316,470,2,True
318,470,2,True
304,472,2,True
306,472,2,True
304,474,2,True
306,474,2,True
308,472,2,True
310,472,2,True
308,474,2,True
310,474,2,True
304,476,2,True
306,476,2,True
304,478,2,True
306,478,2,True
308,476,2,True
310,476,2,True
308,478,2,True
310,478,2,True
312,472,2,True
314,472,2,True
312,474,2,True
314,474,2,True
316,472,2,True
318,472,2,True
316,474,2,True
318,474,2,True
312,476,2,True
314,476,2,True
312,478,2,True
314,478,2,True
316,476,2,True
318,476,2,True
316,478,2,True
318,478,2,True
288,480,2,True
290,480,2,True
288,482,2,True
290,482,2,True
292,480,2,True
294,480,2,True
292,482,2,True
294,482,2,True
288,484,2,True
290,484,2,True
288,486,2,True
290,486,2,True
292,484,2,True
294,484,2,True
292,486,2,True
294,486,2,True
296,480,2,True
298,480,2,True
296,482,2,True
298,482,2,True
300,480,2,True
302,480,2,True
300,482,2,True
302,482,2,True
296,484,2,True
298,484,2,True
296,486,2,True
298,486,2,True
300,484,2,True
302,484,2,True
300,486,2,True
302,486,2,True
288,488,2,True
290,488,2,True
288,490,2,True
290,490,2,True
292,488,2,True
294,488,2,True
292,490,2,True
294,490,2,True
288,492,2,True
290,492,2,True
288,494,2,True
290,494,2,True
292,492,2,True
294,492,2,True
292,494,2,True
294,494,2,True
296,488,2,True
298,488,2,True
296,490,2,True
298,490,2,True
300,488,2,True
302,488,2,True
300,490,2,True
302,490,2,True
296,492,2,True
298,492,2,True
296,494,2,True
298,494,2,True
300,492,2,True
302,492,2,True
300,494,2,True
302,494,2,True
304,480,2,True
306,480,2,True
304,482,2,True
306,482,2,True
308,480,2,True
310,480,2,True
308,482,2,True
310,482,2,True
304,484,2,True
306,484,2,True
304,486,2,True
306,486,2,True
308,484,2,True
310,484,2,True
308,486,2,True
310,486,2,True
312,480,2,True
314,480,2,True
312,482,2,True
314,482,2,True
316,480,2,True
318,480,2,True
316,482,2,True
318,482,2,True
312,484,2,True
314,484,2,True
312,486,2,True
314,486,2,True
316,484,2,True
318,484,2,True
316,486,2,True
318,486,2,True
304,488,2,True
306,488,2,True
304,490,2,True
306,490,2,True
308,488,2,True
310,488,2,True
308,490,2,True
310,490,2,True
304,492,2,True
306,492,2,True
304,494,2,True
306,494,2,True
308,492,2,True
310,492,2,True
308,494,2,True
310,494,2,True
312,488,2,True
314,488,2,True
312,490,2,True
314,490,2,True
316,488,2,True
318,488,2,True
316,490,2,True
318,490,2,True
312,492,2,True
314,492,2,True
312,494,2,True
314,494,2,True
316,492,2,True
318,492,2,True
316,494,2,True
318,494,2,True
288,496,2,True
290,496,2,True
288,498,2,True
290,498,2,True
292,496,2,True
294,496,2,True
292,498,2,True
294,498,2,True
288,500,2,True
290,500,2,True
288,502,2,True
290,502,2,True
292,500,2,True
294,500,2,True
292,502,2,True
294,502,2,True
296,496,2,True
298,496,2,True
296,498,2,True
298,498,2,True
300,496,2,True
302,496,2,True
300,498,2,True
302,498,2,True
296,500,2,True
298,500,2,True
296,502,2,True
298,502,2,True
300,500,2,True
302,500,2,True
300,502,2,True
302,502,2,True
288,504,2,True
290,504,2,True
288,506,2,True
290,506,2,True
292,504,2,True
294,504,2,True
292,506,2,True
294,506,2,True
304,496,2,True
306,496,2,True
304,498,2,True
306,498,2,True
308,496,2,True
310,496,2,True
308,498,2,True
310,498,2,True
320,0,2,True
322,0,2,False
320,2,2,False
322,2,2,False
324,0,2,False
326,0,2,False
324,2,2,True
326,2,2,True
320,4,2,True
322,4,2,True
320,6,2,True
322,6,2,True
324,4,2,True
326,4,2,True
324,6,2,True
326,6,2,True
328,0,2,False
330,0,2,False
328,2,2,True
330,2,2,True
332,0,2,False
334,0,2,True
332,2,2,True
334,2,2,True
328,4,2,True
330,4,2,True
328,6,2,True
330,6,2,True
332,4,2,True
334,4,2,True
332,6,2,True
334,6,2,True
320,8,2,True
322,8,2,True
320,10,2,True
322,10,2,True
324,8,2,True
326,8,2,True
324,10,2,True
326,10,2,True
320,12,2,True
322,12,2,True
320,14,2,True
322,14,2,True
324,12,2,True
326,12,2,True
324,14,2,True
326,14,2,True
328,8,2,True
330,8,2,True
328,10,2,True
330,10,2,True
332,8,2,True
334,8,2,True
332,10,2,True
334,10,2,True
328,12,2,True
330,12,2,True
328,14,2,True
330,14,2,True
332,12,2,True
334,12,2,True
332,14,2,True
334,14,2,True
336,0,2,True
338,0,2,True
336,2,2,True
338,2,2,True
340,0,2,True
342,0,2,True
340,2,2,True
342,2,2,True
336,4,2,True
338,4,2,True
336,6,2,True
338,6,2,True
340,4,2,True
342,4,2,True
340,6,2,True
342,6,2,True
344,0,2,True
346,0,2,True
344,2,2,True
346,2,2,True
348,0,2,True
350,0,2,True
348,2,2,True
350,2,2,True
344,4,2,True
346,4,2,True
344,6,2,True
346,6,2,True
348,4,2,True
350,4,2,True
348,6,2,True
350,6,2,True
336,8,2,True
338,8,2,True
336,10,2,True
338,10,2,True
340,8,2,True
342,8,2,True
340,10,2,True
342,10,2,True
336,12,2,True
338,12,2,True
336,14,2,True
338,14,2,True
340,12,2,True
342,12,2,True
340,14,2,True
342,14,2,True
344,8,2,True
346,8,2,True
344,10,2,True
346,10,2,True
348,8,2,True
350,8,2,True
348,10,2,True
350,10,2,True
344,12,2,True
346,12,2,True
344,14,2,True
346,14,2,True
348,12,2,True
350,12,2,True
348,14,2,True
350,14,2,True
320,16,2,True
322,16,2,True
320,18,2,True
322,18,2,True
324,16,2,True
326,16,2,True
324,18,2,True
326,18,2,True
320,20,2,True
322,20,2,True
320,22,2,True
322,22,2,True
324,20,2,True
326,20,2,True
324,22,2,True
326,22,2,True
328,16,2,True
330,16,2,True
328,18,2,True
330,18,2,True
332,16,2,True
334,16,2,True
332,18,2,True
334,18,2,True
328,20,2,True
330,20,2,True
328,22,2,True
330,22,2,True
332,20,2,True
334,20,2,True
332,22,2,True
334,22,2,True
320,24,2,True
322,24,2,True
320,26,2,True
322,26,2,True
324,24,2,True
326,24,2,True
324,26,2,True
326,26,2,True
320,28,2,True
322,28,2,True
320,30,2,True
322,30,2,True
324,28,2,True
326,28,2,True
324,30,2,True
326,30,2,True
328,24,2,True
330,24,2,True
328,26,2,True
330,26,2,True
332,24,2,True
334,24,2,True
332,26,2,True
334,26,2,True
328,28,2,True
330,28,2,True
328,30,2,True
330,30,2,True
332,28,2,True
334,28,2,True
332,30,2,True
334,30,2,True
336,16,2,True
338,16,2,True
336,18,2,True
338,18,2,True
340,16,2,True
342,16,2,True
340,18,2,True
342,18,2,True
336,20,2,True
338,20,2,True
336,22,2,True
338,22,2,True
340,20,2,True
342,20,2,True
340,22,2,True
342,22,2,True
344,16,2,True
346,16,2,True
344,18,2,True
346,18,2,True
348,16,2,True
350,16,2,True
348,18,2,True
350,18,2,True
344,20,2,True
346,20,2,True
344,22,2,True
346,22,2,True
348,20,2,True
350,20,2,True
348,22,2,True
350,22,2,True
336,24,2,True
338,24,2,True
336,26,2,True
338,26,2,True
340,24,2,True
342,24,2,True
340,26,2,True
342,26,2,True
336,28,2,True
338,28,2,True
336,30,2,True
338,30,2,True
340,28,2,True
342,28,2,True
340,30,2,True
342,30,2,True
344,24,2,True
346,24,2,True
344,26,2,True
346,26,2,True
348,24,2,True
350,24,2,True
348,26,2,True
350,26,2,True
344,28,2,True
346,28,2,True
344,30,2,True
346,30,2,True
348,28,2,True
350,28,2,True
348,30,2,True
350,30,2,True
320,32,2,True
322,32,2,True
320,34,2,True
322,34,2,True
324,32,2,True
326,32,2,True
324,34,2,True
326,34,2,True
320,36,2,True
322,36,2,True
320,38,2,True
322,38,2,True
324,36,2,True
326,36,2,True
324,38,2,True
326,38,2,True
328,32,2,True
330,32,2,True
328,34,2,True
330,34,2,True
332,32,2,True
334,32,2,True
332,34,2,True
334,34,2,True
328,36,2,True
330,36,2,True
328,38,2,True
330,38,2,True
332,36,2,True
334,36,2,True
332,38,2,True
334,38,2,True
320,40,2,False
322,40,2,True
320,42,2,False
322,42,2,False
324,40,2,True
326,40,2,True
324,42,2,False
326,42,2,False
320,44,2,True
322,44,2,True
320,46,2,True
322,46,2,True
324,44,2,True
326,44,2,False
324,46,2,True
326,46,2,True
328,40,2,True
330,40,2,True
328,42,2,True
330,42,2,True
332,40,2,True
334,40,2,True
332,42,2,True
334,42,2,True
328,44,2,False
330,44,2,False
328,46,2,True
330,46,2,False
332,44,2,True
334,44,2,True
332,46,2,False
334,46,2,False
336,32,2,True
338,32,2,True
336,34,2,True
338,34,2,True
340,32,2,True
342,32,2,True
340,34,2,True
342,34,2,True
336,36,2,True
338,36,2,True
336,38,2,True
338,38,2,True
340,36,2,True
342,36,2,True
340,38,2,True
342,38,2,True
344,32,2,True
346,32,2,True
344,34,2,True
346,34,2,True
348,32,2,True
350,32,2,True
348,34,2,True
350,34,2,True
344,36,2,True
346,36,2,True
344,38,2,True
346,38,2,True
348,36,2,True
350,36,2,True
348,38,2,True
350,38,2,True
336,40,2,True
338,40,2,True
336,42,2,True
338,42,2,True
340,40,2,True
342,40,2,True
340,42,2,True
342,42,2,True
336,44,2,True
338,44,2,True
336,46,2,False
338,46,2,False
340,44,2,True
342,44,2,True
340,46,2,True
342,46,2,True
344,40,2,True
346,40,2,True
344,42,2,True
346,42,2,True
348,40,2,True
350,40,2,True
348,42,2,True
350,42,2,True
344,44,2,True
346,44,2,True
344,46,2,True
346,46,2,True
348,44,2,True
350,44,2,True
348,46,2,True
350,46,2,True
320,48,2,True
322,48,2,True
320,50,2,True
322,50,2,True
324,48,2,True
326,48,2,True
324,50,2,True
326,50,2,True
320,52,2,True
322,52,2,True
320,54,2,True
322,54,2,True
324,52,2,True
326,52,2,True
324,54,2,True
326,54,2,True
328,48,2,True
330,48,2,True
328,50,2,True
330,50,2,True
332,48,2,True
334,48,2,True
332,50,2,True
334,50,2,True
328,52,2,True
330,52,2,True
328,54,2,True
330,54,2,True
332,52,2,True
334,52,2,True
332,54,2,True
334,54,2,True
320,56,2,True
322,56,2,True
320,58,2,True
322,58,2,True
324,56,2,True
326,56,2,True
324,58,2,True
326,58,2,True
320,60,2,True
322,60,2,True
320,62,2,True
322,62,2,True
324,60,2,True
326,60,2,True
324,62,2,True
326,62,2,True
328,56,2,True
330,56,2,True
328,58,2,True
330,58,2,True
332,56,2,True
334,56,2,True
332,58,2,True
334,58,2,True
328,60,2,True
330,60,2,True
328,62,2,True
330,62,2,True
332,60,2,True
334,60,2,True
332,62,2,True
334,62,2,True
336,48,2,True
338,48,2,False
336,50,2,True
338,50,2,True
340,48,2,False
342,48,2,False
340,50,2,True
342,50,2,True
336,52,2,True
338,52,2,True
336,54,2,True
338,54,2,True
340,52,2,True
342,52,2,True
340,54,2,True
342,54,2,True
344,48,2,False
346,48,2,True
344,50,2,False
346,50,2,False
348,48,2,True
350,48,2,True
348,50,2,False
350,50,2,False
344,52,2,True
346,52,2,True
344,54,2,True
346,54,2,True
348,52,2,True
350,52,2,True
348,54,2,True
350,54,2,True
336,56,2,True
338,56,2,True
336,58,2,True
338,58,2,True
340,56,2,True
342,56,2,True
340,58,2,True
342,58,2,True
336,60,2,True
338,60,2,True
336,62,2,True
338,62,2,True
340,60,2,True
342,60,2,True
340,62,2,True
342,62,2,True
344,56,2,True
346,56,2,True
344,58,2,True
346,58,2,True
348,56,2,True
350,56,2,True
348,58,2,True
350,58,2,True
344,60,2,True
346,60,2,True
344,62,2,True
346,62,2,True
348,60,2,True
350,60,2,True
348,62,2,True
350,62,2,True
320,64,2,True
322,64,2,True
320,66,2,True
322,66,2,True
324,64,2,True
326,64,2,True
324,66,2,True
326,66,2,True
320,68,2,True
322,68,2,True
320,70,2,True
322,70,2,True
324,68,2,True
326,68,2,True
324,70,2,True
326,70,2,True
328,64,2,True
330,64,2,True
328,66,2,True
330,66,2,True
332,64,2,True
334,64,2,True
332,66,2,True
334,66,2,True
328,68,2,True
330,68,2,True
328,70,2,True
330,70,2,True
332,68,2,True
334,68,2,True
332,70,2,True
334,70,2,True
320,72,2,True
322,72,2,True
320,74,2,True
322,74,2,True
324,72,2,True
326,72,2,True
324,74,2,True
326,74,2,True
320,76,2,True
322,76,2,True
320,78,2,True
322,78,2,True
324,76,2,True
326,76,2,True
324,78,2,True
326,78,2,True
328,72,2,True
330,72,2,True
328,74,2,True
330,74,2,True
332,72,2,True
334,72,2,True
332,74,2,True
334,74,2,True
328,76,2,True
330,76,2,True
328,78,2,True
330,78,2,True
332,76,2,True
334,76,2,True
332,78,2,True
334,78,2,True
336,64,2,True
338,64,2,True
336,66,2,True
338,66,2,True
340,64,2,True
342,64,2,True
340,66,2,True
342,66,2,True
336,68,2,True
338,68,2,True
336,70,2,True
338,70,2,True
340,68,2,True
342,68,2,True
340,70,2,True
342,70,2,True
344,64,2,True
346,64,2,True
344,66,2,True
346,66,2,True
348,64,2,True
350,64,2,True
348,66,2,True
350,66,2,True
344,68,2,True
346,68,2,True
344,70,2,True
346,70,2,True
348,68,2,True
350,68,2,True
348,70,2,True
350,70,2,True
336,72,2,True
338,72,2,True
336,74,2,True
338,74,2,True
340,72,2,True
342,72,2,True
340,74,2,True
342,74,2,True
336,76,2,True
338,76,2,True
336,78,2,True
338,78,2,True
340,76,2,True
342,76,2,True
340,78,2,True
342,78,2,True
344,72,2,True
346,72,2,True
344,74,2,True
346,74,2,True
348,72,2,True
350,72,2,True
348,74,2,True
350,74,2,True
344,76,2,True
346,76,2,True
344,78,2,True
346,78,2,True
348,76,2,True
350,76,2,True
348,78,2,True
350,78,2,True
320,80,2,True
322,80,2,True
320,82,2,True
322,82,2,True
324,80,2,True
326,80,2,True
324,82,2,True
326,82,2,True
320,84,2,True
322,84,2,True
320,86,2,True
322,86,2,True
324,84,2,True
326,84,2,True
324,86,2,True
326,86,2,True
328,80,2,True
330,80,2,True
328,82,2,True
330,82,2,True
332,80,2,True
334,80,2,True
332,82,2,True
334,82,2,True
328,84,2,True
330,84,2,True
328,86,2,True
330,86,2,True
332,84,2,True
334,84,2,True
332,86,2,True
334,86,2,True
320,88,2,True
322,88,2,True
320,90,2,False
322,90,2,False
324,88,2,True
326,88,2,True
324,90,2,False
326,90,2,True
320,92,2,True
322,92,2,True
320,94,2,True
322,94,2,True
324,92,2,False
326,92,2,False
324,94,2,True
326,94,2,True
328,88,2,True
330,88,2,True
328,90,2,True
330,90,2,True
332,88,2,True
334,88,2,True
332,90,2,True
334,90,2,True
328,92,2,False
330,92,2,False
328,94,2,True
330,94,2,True
332,92,2,False
334,92,2,False
332,94,2,True
334,94,2,True
336,80,2,True
338,80,2,True
336,82,2,True
338,82,2,True
340,80,2,True
342,80,2,True
340,82,2,True
342,82,2,True
336,84,2,True
338,84,2,True
336,86,2,True
338,86,2,True
340,84,2,True
342,84,2,True
340,86,2,True
342,86,2,True
344,80,2,True
346,80,2,True
344,82,2,True
346,82,2,True
348,80,2,True
350,80,2,True
348,82,2,True
350,82,2,True
344,84,2,True
346,84,2,True
344,86,2,True
346,86,2,True
348,84,2,True
350,84,2,True
348,86,2,True
350,86,2,True
336,88,2,True
338,88,2,True
336,90,2,True
338,90,2,True
340,88,2,True
342,88,2,True
340,90,2,True
342,90,2,True
336,92,2,False
338,92,2,False
336,94,2,True
338,94,2,True
340,92,2,False
342,92,2,False
340,94,2,True
342,94,2,True
344,88,2,True
346,88,2,True
344,90,2,True
346,90,2,True
348,88,2,True
350,88,2,True
348,90,2,True
350,90,2,True
344,92,2,False
346,92,2,False
344,94,2,True
346,94,2,True
348,92,2,False
350,92,2,False
348,94,2,True
350,94,2,True
320,96,2,True
322,96,2,True
320,98,2,True
322,98,2,True
324,96,2,True
326,96,2,True
324,98,2,True
326,98,2,True
320,100,2,True
322,100,2,True
320,102,2,True
322,102,2,True
324,100,2,True
326,100,2,True
324,102,2,True
326,102,2,True
328,96,2,True
330,96,2,True
328,98,2,True
330,98,2,True
332,96,2,True
334,96,2,True
332,98,2,True
334,98,2,True
328,100,2,True
330,100,2,True
328,102,2,True
330,102,2,True
332,100,2,True
334,100,2,True
332,102,2,True
334,102,2,True
320,104,2,True
322,104,2,True
320,106,2,True
322,106,2,True
324,104,2,True
326,104,2,True
324,106,2,True
326,106,2,True
320,108,2,True
322,108,2,True
320,110,2,True
322,110,2,True
324,108,2,True
326,108,2,True
324,110,2,True
326,110,2,True
328,104,2,True
330,104,2,True
328,106,2,True
330,106,2,True
332,104,2,True
334,104,2,True
332,106,2,True
334,106,2,True
328,108,2,True
330,108,2,True
328,110,2,True
330,110,2,True
332,108,2,True
334,108,2,True
332,110,2,True
334,110,2,True
336,96,2,True
338,96,2,True
336,98,2,True
338,98,2,True
340,96,2,True
342,96,2,True
340,98,2,True
342,98,2,True
336,100,2,True
338,100,2,True
336,102,2,True
338,102,2,True
340,100,2,True
342,100,2,True
340,102,2,True
342,102,2,True
344,96,2,True
346,96,2,True
344,98,2,True
346,98,2,True
348,96,2,True
350,96,2,True
348,98,2,True
350,98,2,True
344,100,2,True
346,100,2,True
344,102,2,True
346,102,2,True
348,100,2,True
350,100,2,True
348,102,2,True
350,102,2,True
336,104,2,True
338,104,2,True
336,106,2,True
338,106,2,True
340,104,2,True
342,104,2,True
340,106,2,True
342,106,2,True
336,108,2,True
338,108,2,True
336,110,2,True
338,110,2,True
340,108,2,True
342,108,2,True
340,110,2,True
342,110,2,True
344,104,2,True
346,104,2,True
344,106,2,True
346,106,2,True
348,104,2,True
350,104,2,True
348,106,2,True
350,106,2,True
344,108,2,True
346,108,2,True
344,110,2,True
346,110,2,True
348,108,2,True
350,108,2,True
348,110,2,True
350,110,2,True
320,112,2,True
322,112,2,True
320,114,2,True
322,114,2,True
324,112,2,True
326,112,2,True
324,114,2,True
326,114,2,True
320,116,2,True
322,116,2,True
320,118,2,True
322,118,2,True
324,116,2,True
326,116,2,True
324,118,2,True
326,118,2,True
328,112,2,True
330,112,2,True
328,114,2,True
330,114,2,True
332,112,2,True
334,112,2,True
332,114,2,True
334,114,2,True
328,116,2,True
330,116,2,True
328,118,2,True
330,118,2,True
332,116,2,True
334,116,2,True
332,118,2,False
334,118,2,False
320,120,2,True
322,120,2,True
320,122,2,False
322,122,2,False
324,120,2,False
326,120,2,False
324,122,2,False
326,122,2,True
320,124,2,True
322,124,2,True
320,126,2,True
322,126,2,True
324,124,2,True
326,124,2,True
324,126,2,True
326,126,2,True
328,120,2,False
330,120,2,False
328,122,2,True
330,122,2,True
332,120,2,False
334,120,2,True
332,122,2,True
334,122,2,True
328,124,2,True
330,124,2,True
328,126,2,True
330,126,2,True
332,124,2,True
334,124,2,True
332,126,2,True
334,126,2,True
336,112,2,True
338,112,2,True
336,114,2,True
338,114,2,True
340,112,2,True
342,112,2,True
340,114,2,True
342,114,2,True
336,116,2,True
338,116,2,True
336,118,2,False
338,118,2,False
340,116,2,False
342,116,2,False
340,118,2,False
342,118,2,True
344,112,2,True
346,112,2,True
344,114,2,False
346,114,2,False
348,112,2,True
350,112,2,False
348,114,2,False
350,114,2,False
344,116,2,False
346,116,2,True
344,118,2,True
346,118,2,True
348,116,2,True
350,116,2,True
348,118,2,True
350,118,2,True
336,120,2,True
338,120,2,True
336,122,2,True
338,122,2,True
340,120,2,True
342,120,2,True
340,122,2,True
342,122,2,True
336,124,2,True
338,124,2,True
336,126,2,True
338,126,2,True
340,124,2,True
342,124,2,True
340,126,2,True
342,126,2,True
344,120,2,True
346,120,2,True
344,122,2,True
346,122,2,True
348,120,2,True
350,120,2,True
348,122,2,True
350,122,2,True
344,124,2,True
346,124,2,True
344,126,2,True
346,126,2,True
348,124,2,True
350,124,2,True
348,126,2,True
350,126,2,True
320,128,2,True
322,128,2,True
320,130,2,True
322,130,2,True
324,128,2,True
326,128,2,True
324,130,2,True
326,130,2,True
320,132,2,True
322,132,2,True
320,134,2,True
322,134,2,True
324,132,2,True
326,132,2,True
324,134,2,True
326,134,2,True
328,128,2,True
330,128,2,True
328,130,2,True
330,130,2,True
332,128,2,True
334,128,2,True
332,130,2,True
334,130,2,True
328,132,2,True
330,132,2,True
328,134,2,True
330,134,2,True
332,132,2,True
334,132,2,True
332,134,2,True
334,134,2,True
320,136,2,True
322,136,2,True
320,138,2,True
322,138,2,True
324,136,2,True
326,136,2,True
324,138,2,True
326,138,2,True
320,140,2,True
322,140,2,True
320,142,2,True
322,142,2,True
324,140,2,True
326,140,2,True
324,142,2,True
326,142,2,True
328,136,2,True
330,136,2,True
328,138,2,True
330,138,2,True
332,136,2,True
334,136,2,True
332,138,2,True
334,138,2,True
328,140,2,True
330,140,2,True
328,142,2,True
330,142,2,True
332,140,2,True
334,140,2,True
332,142,2,True
334,142,2,True
336,128,2,True
338,128,2,True
336,130,2,True
338,130,2,True
340,128,2,True
342,128,2,True
340,130,2,True
342,130,2,True
336,132,2,True
338,132,2,True
336,134,2,True
338,134,2,True
340,132,2,True
342,132,2,True
340,134,2,True
342,134,2,True
344,128,2,True
346,128,2,True
344,130,2,True
346,130,2,True
348,128,2,True
350,128,2,True
348,130,2,True
350,130,2,True
344,132,2,True
346,132,2,True
344,134,2,True
346,134,2,True
348,132,2,True
350,132,2,True
348,134,2,True
350,134,2,True
336,136,2,True
338,136,2,True
336,138,2,True
338,138,2,True
340,136,2,True
342,136,2,True
340,138,2,True
342,138,2,True
336,140,2,True
338,140,2,True
336,142,2,True
338,142,2,True
340,140,2,True
342,140,2,True
340,142,2,True
342,142,2,True
344,136,2,True
346,136,2,True
344,138,2,True
346,138,2,True
348,136,2,True
350,136,2,True
348,138,2,True
350,138,2,True
344,140,2,True
346,140,2,True
344,142,2,True
346,142,2,True
348,140,2,True
350,140,2,True
348,142,2,True
350,142,2,True
320,144,2,True
322,144,2,True
320,146,2,True
322,146,2,True
324,144,2,True
326,144,2,True
324,146,2,True
326,146,2,True
320,148,2,True
322,148,2,True
320,150,2,True
322,150,2,True
324,148,2,True
326,148,2,True
324,150,2,True
326,150,2,True
328,144,2,True
330,144,2,True
328,146,2,True
330,146,2,True
332,144,2,True
334,144,2,True
332,146,2,True
334,146,2,True
328,148,2,True
330,148,2,True
328,150,2,True
330,150,2,True
332,148,2,True
334,148,2,True
332,150,2,True
334,150,2,True
320,152,2,False
322,152,2,False
320,154,2,True
322,154,2,True
324,152,2,False
326,152,2,False
324,154,2,True
326,154,2,True
320,156,2,True
322,156,2,True
320,158,2,True
322,158,2,True
324,156,2,True
326,156,2,True
324,158,2,True
326,158,2,True
328,152,2,False
330,152,2,False
328,154,2,True
330,154,2,True
332,152,2,False
334,152,2,False
332,154,2,True
334,154,2,True
328,156,2,True
330,156,2,True
328,158,2,True
330,158,2,True
332,156,2,True
334,156,2,True
332,158,2,True
334,158,2,True
336,144,2,True
338,144,2,True
336,146,2,True
338,146,2,True
340,144,2,True
342,144,2,True
340,146,2,True
342,146,2,True
336,148,2,True
338,148,2,True
336,150,2,True
338,150,2,False
340,148,2,True
342,148,2,True
340,150,2,False
342,150,2,False
344,144,2,True
346,144,2,True
344,146,2,True
346,146,2,True
348,144,2,True
350,144,2,True
348,146,2,True
350,146,2,True
344,148,2,True
346,148,2,True
344,150,2,False
346,150,2,False
348,148,2,False
350,148,2,False
348,150,2,False
350,150,2,True
336,152,2,False
338,152,2,False
336,154,2,True
338,154,2,True
340,152,2,True
342,152,2,True
340,154,2,True
342,154,2,True
336,156,2,True
338,156,2,True
336,158,2,True
338,158,2,True
340,156,2,True
342,156,2,True
340,158,2,True
342,158,2,True
344,152,2,True
346,152,2,True
344,154,2,True
346,154,2,True
348,152,2,True
350,152,2,True
348,154,2,True
350,154,2,True
344,156,2,True
346,156,2,True
344,158,2,True
346,158,2,True
348,156,2,True
350,156,2,True
348,158,2,True
350,158,2,True
320,160,2,True
322,160,2,True
320,162,2,True
322,162,2,True
324,160,2,True
326,160,2,True
324,162,2,True
326,162,2,True
320,164,2,True
322,164,2,True
320,166,2,True
322,166,2,True
324,164,2,True
326,164,2,True
324,166,2,True
326,166,2,True
328,160,2,True
330,160,2,True
328,162,2,True
330,162,2,True
332,160,2,True
334,160,2,True
332,162,2,True
334,162,2,True
328,164,2,True
330,164,2,True
328,166,2,True
330,166,2,True
332,164,2,True
334,164,2,True
332,166,2,True
334,166,2,True
320,168,2,True
322,168,2,True
320,170,2,True
322,170,2,True
324,168,2,True
326,168,2,True
324,170,2,True
326,170,2,True
320,172,2,True
322,172,2,True
320,174,2,True
322,174,2,True
324,172,2,True
326,172,2,True
324,174,2,True
326,174,2,True
328,168,2,True
330,168,2,True
328,170,2,True
330,170,2,True
332,168,2,True
334,168,2,True
332,170,2,True
334,170,2,True
328,172,2,True
330,172,2,True
328,174,2,True
330,174,2,True
332,172,2,True
334,172,2,True
332,174,2,True
334,174,2,True
336,160,2,True
338,160,2,True
336,162,2,True
338,162,2,True
340,160,2,True
342,160,2,True
340,162,2,True
342,162,2,True
336,164,2,True
338,164,2,True
336,166,2,True
338,166,2,True
340,164,2,True
342,164,2,True
340,166,2,True
342,166,2,True
344,160,2,True
346,160,2,True
344,162,2,True
346,162,2,True
348,160,2,True
350,160,2,True
348,162,2,True
350,162,2,True
344,164,2,True
346,164,2,True
344,166,2,True
346,166,2,True
348,164,2,True
350,164,2,True
348,166,2,True
350,166,2,True
336,168,2,True
338,168,2,True
336,170,2,True
338,170,2,True
340,168,2,True
342,168,2,True
340,170,2,True
342,170,2,True
336,172,2,True
338,172,2,True
336,174,2,True
338,174,2,True
340,172,2,True
342,172,2,True
340,174,2,True
342,174,2,True
344,168,2,True
346,168,2,True
344,170,2,True
346,170,2,True
348,168,2,True
350,168,2,True
348,170,2,True
350,170,2,True
344,172,2,True
346,172,2,True
344,174,2,True
346,174,2,True
348,172,2,True
350,172,2,True
348,174,2,True
350,174,2,True
320,176,2,True
322,176,2,True
320,178,2,True
322,178,2,True
324,176,2,True
326,176,2,True
324,178,2,True
326,178,2,True
320,180,2,True
322,180,2,True
320,182,2,False
322,182,2,False
324,180,2,True
326,180,2,True
324,182,2,True
326,182,2,True
328,176,2,True
330,176,2,True
328,178,2,True
330,178,2,True
332,176,2,True
334,176,2,True
332,178,2,True
334,178,2,True
328,180,2,True
330,180,2,True
328,182,2,True
330,182,2,True
332,180,2,True
334,180,2,True
332,182,2,True
334,182,2,True
320,184,2,True
322,184,2,False
320,186,2,True
322,186,2,True
324,184,2,False
326,184,2,False
324,186,2,True
326,186,2,True
320,188,2,True
322,188,2,True
320,190,2,True
322,190,2,True
324,188,2,True
326,188,2,True
324,190,2,True
326,190,2,True
328,184,2,False
330,184,2,True
328,186,2,False
330,186,2,False
332,184,2,True
334,184,2,True
332,186,2,False
334,186,2,False
328,188,2,True
330,188,2,True
328,190,2,True
330,190,2,True
332,188,2,True
334,188,2,True
332,190,2,True
334,190,2,True
336,176,2,True
338,176,2,True
336,178,2,True
338,178,2,True
340,176,2,True
342,176,2,True
340,178,2,True
342,178,2,True
336,180,2,True
338,180,2,True
336,182,2,True
338,182,2,True
340,180,2,True
342,180,2,True
340,182,2,True
342,182,2,True
344,176,2,True
346,176,2,True
344,178,2,True
346,178,2,True
348,176,2,True
350,176,2,True
348,178,2,True
350,178,2,True
344,180,2,True
346,180,2,True
344,182,2,True
346,182,2,True
348,180,2,True
350,180,2,True
348,182,2,True
350,182,2,True
336,184,2,True
338,184,2,True
336,186,2,False
338,186,2,True
340,184,2,True
342,184,2,True
340,186,2,True
342,186,2,True
336,188,2,False
338,188,2,False
336,190,2,True
338,190,2,True
340,188,2,False
342,188,2,False
340,190,2,True
342,190,2,True
344,184,2,True
346,184,2,True
344,186,2,True
346,186,2,True
348,184,2,True
350,184,2,True
348,186,2,True
350,186,2,True
344,188,2,False
346,188,2,False
344,190,2,True
346,190,2,True
348,188,2,False
350,188,2,False
348,190,2,True
350,190,2,True
320,192,2,True
322,192,2,True
320,194,2,True
322,194,2,True
324,192,2,True
326,192,2,True
324,194,2,True
326,194,2,True
320,196,2,True
322,196,2,True
320,198,2,True
322,198,2,True
324,196,2,True
326,196,2,True
324,198,2,True
326,198,2,True
328,192,2,True
330,192,2,True
328,194,2,True
330,194,2,True
332,192,2,True
334,192,2,True
332,194,2,True
334,194,2,True
328,196,2,True
330,196,2,True
328,198,2,True
330,198,2,True
332,196,2,True
334,196,2,True
332,198,2,True
334,198,2,True
320,200,2,True
322,200,2,True
320,202,2,True
322,202,2,True
324,200,2,True
326,200,2,True
324,202,2,True
326,202,2,True
320,204,2,True
322,204,2,True
320,206,2,True
322,206,2,True
324,204,2,True
326,204,2,True
324,206,2,True
326,206,2,True
328,200,2,True
330,200,2,True
328,202,2,True
330,202,2,True
332,200,2,True
334,200,2,True
332,202,2,True
334,202,2,True
328,204,2,True
330,204,2,True
328,206,2,True
330,206,2,False
332,204,2,True
334,204,2,False
332,206,2,False
334,206,2,False
336,192,2,True
338,192,2,True
336,194,2,True
338,194,2,True
340,192,2,True
342,192,2,True
340,194,2,True
342,194,2,True
336,196,2,True
338,196,2,True
336,198,2,True
338,198,2,True
340,196,2,True
342,196,2,True
340,198,2,True
342,198,2,True
344,192,2,True
346,192,2,True
344,194,2,True
346,194,2,True
348,192,2,True
350,192,2,True
348,194,2,True
350,194,2,True
344,196,2,True
346,196,2,True
344,198,2,True
346,198,2,True
348,196,2,True
350,196,2,False
348,198,2,False
350,198,2,False
336,200,2,True
338,200,2,True
336,202,2,True
338,202,2,True
340,200,2,True
342,200,2,True
340,202,2,False
342,202,2,False
336,204,2,False
338,204,2,False
336,206,2,True
338,206,2,True
340,204,2,False
342,204,2,True
340,206,2,True
342,206,2,True
344,200,2,False
346,200,2,False
344,202,2,False
346,202,2,True
348,200,2,False
350,200,2,True
348,202,2,True
350,202,2,True
344,204,2,True
346,204,2,True
344,206,2,True
346,206,2,True
348,204,2,True
350,204,2,True
348,206,2,True
350,206,2,True
320,208,2,True
322,208,2,True
320,210,2,False
322,210,2,False
324,208,2,False
326,208,2,False
324,210,2,False
326,210,2,True
320,212,2,True
322,212,2,True
320,214,2,True
322,214,2,True
324,212,2,True
326,212,2,True
324,214,2,True
326,214,2,True
328,208,2,False
330,208,2,False
328,210,2,True
330,210,2,True
332,208,2,True
334,208,2,True
332,210,2,True
334,210,2,True
328,212,2,True
330,212,2,True
328,214,2,True
330,214,2,True
332,212,2,True
334,212,2,True
332,214,2,True
334,214,2,True
320,216,2,True
322,216,2,True
320,218,2,True
322,218,2,True
324,216,2,True
326,216,2,True
324,218,2,True
326,218,2,True
320,220,2,True
322,220,2,True
320,222,2,True
322,222,2,True
324,220,2,True
326,220,2,True
324,222,2,True
326,222,2,True
328,216,2,True
330,216,2,True
328,218,2,True
330,218,2,True
332,216,2,True
334,216,2,True
332,218,2,True
334,218,2,True
328,220,2,True
330,220,2,True
328,222,2,True
330,222,2,True
332,220,2,True
334,220,2,True
332,222,2,True
334,222,2,True
336,208,2,True
338,208,2,True
336,210,2,True
338,210,2,True
340,208,2,True
342,208,2,True
340,210,2,True
342,210,2,True
336,212,2,True
338,212,2,True
336,214,2,True
338,214,2,True
340,212,2,True
342,212,2,True
340,214,2,True
342,214,2,True
344,208,2,True
346,208,2,True
344,210,2,True
346,210,2,True
348,208,2,True
350,208,2,True
348,210,2,True
350,210,2,True
344,212,2,True
346,212,2,True
344,214,2,True
346,214,2,True
348,212,2,True
350,212,2,True
348,214,2,True
350,214,2,True
336,216,2,True
338,216,2,True
336,218,2,True
338,218,2,True
340,216,2,True
342,216,2,True
340,218,2,True
342,218,2,True
336,220,2,True
338,220,2,True
336,222,2,True
338,222,2,True
340,220,2,True
342,220,2,True
340,222,2,True
342,222,2,True
344,216,2,True
346,216,2,True
344,218,2,True
346,218,2,True
348,216,2,True
350,216,2,True
348,218,2,True
350,218,2,True
344,220,2,True
346,220,2,True
344,222,2,True
346,222,2,True
348,220,2,True
350,220,2,True
348,222,2,True
350,222,2,True
320,224,2,True
322,224,2,True
320,226,2,True
322,226,2,True
324,224,2,True
326,224,2,True
324,226,2,True
326,226,2,True
320,228,2,True
322,228,2,True
320,230,2,True
322,230,2,True
324,228,2,True
326,228,2,True
324,230,2,True
326,230,2,True
328,224,2,True
330,224,2,True
328,226,2,True
330,226,2,True
332,224,2,True
334,224,2,True
332,226,2,True
334,226,2,True
328,228,2,True
330,228,2,True
328,230,2,True
330,230,2,True
332,228,2,True
334,228,2,True
332,230,2,True
334,230,2,True
320,232,2,True
322,232,2,True
320,234,2,True
322,234,2,True
324,232,2,True
326,232,2,True
324,234,2,True
326,234,2,True
320,236,2,True
322,236,2,True
320,238,2,True
322,238,2,True
324,236,2,True
326,236,2,True
324,238,2,True
326,238,2,True
328,232,2,True
330,232,2,True
328,234,2,True
330,234,2,True
332,232,2,True
334,232,2,True
332,234,2,True
334,234,2,True
328,236,2,True
330,236,2,True
328,238,2,True
330,238,2,True
332,236,2,True
334,236,2,True
332,238,2,True
334,238,2,True
336,224,2,True
338,224,2,True
336,226,2,True
338,226,2,True
340,224,2,True
342,224,2,True
340,226,2,True
342,226,2,True
336,228,2,True
338,228,2,True
336,230,2,True
338,230,2,True
340,228,2,True
342,228,2,True
340,230,2,True
342,230,2,True
344,224,2,True
346,224,2,True
344,226,2,True
346,226,2,True
348,224,2,True
350,224,2,True
348,226,2,True
350,226,2,True
344,228,2,True
346,228,2,True
344,230,2,True
346,230,2,True
348,228,2,True
350,228,2,True
348,230,2,True
350,230,2,True
336,232,2,True
338,232,2,True
336,234,2,True
338,234,2,True
340,232,2,True
342,232,2,True
340,234,2,True
342,234,2,True
336,236,2,True
338,236,2,True
336,238,2,True
338,238,2,True
340,236,2,True
342,236,2,True
340,238,2,True
342,238,2,True
344,232,2,True
346,232,2,True
344,234,2,True
346,234,2,True
348,232,2,True
350,232,2,True
348,234,2,True
350,234,2,True
320,240,2,True
322,240,2,True
320,242,2,True
322,242,2,True
324,240,2,True
326,240,2,True
324,242,2,True
326,242,2,True
320,268,2,True
322,268,2,True
320,270,2,True
322,270,2,True
324,268,2,True
326,268,2,True
324,270,2,True
326,270,2,True
332,264,2,True
334,264,2,True
332,266,2,True
334,266,2,True
328,268,2,True
330,268,2,True
328,270,2,True
330,270,2,True
332,268,2,True
334,268,2,True
332,270,2,True
334,270,2,True
340,260,2,True
342,260,2,True
340,262,2,True
342,262,2,True
348,256,2,True
350,256,2,True
348,258,2,True
350,258,2,True
344,260,2,True
346,260,2,True
344,262,2,True
346,262,2,True
348,260,2,True
350,260,2,True
348,262,2,True
350,262,2,True
336,264,2,True
338,264,2,True
336,266,2,True
338,266,2,True
340,264,2,True
342,264,2,True
340,266,2,True
342,266,2,True
336,268,2,True
338,268,2,True
336,270,2,True
338,270,2,True
340,268,2,True
342,268,2,True
340,270,2,True
342,270,2,True
344,264,2,True
346,264,2,True
344,266,2,True
346,266,2,True
348,264,2,True
350,264,2,True
348,266,2,True
350,266,2,True
344,268,2,True
346,268,2,True
344,270,2,True
346,270,2,True
348,268,2,True
350,268,2,True
348,270,2,True
350,270,2,True
320,272,2,True
322,272,2,True
320,274,2,True
322,274,2,True
324,272,2,True
326,272,2,True
324,274,2,True
326,274,2,True
320,276,2,True
322,276,2,True
320,278,2,True
322,278,2,True
324,276,2,True
326,276,2,True
324,278,2,True
326,278,2,True
328,272,2,True
330,272,2,True
328,274,2,True
330,274,2,True
332,272,2,True
334,272,2,True
332,274,2,True
334,274,2,True
328,276,2,True
330,276,2,True
328,278,2,True
330,278,2,True
332,276,2,True
334,276,2,True
332,278,2,True
334,278,2,True
320,280,2,True
322,280,2,True
320,282,2,True
322,282,2,True
324,280,2,True
326,280,2,True
324,282,2,True
326,282,2,True
320,284,2,True
322,284,2,True
320,286,2,True
322,286,2,True
324,284,2,True
326,284,2,True
324,286,2,True
326,286,2,True
328,280,2,True
330,280,2,True
328,282,2,True
330,282,2,True
332,280,2,True
334,280,2,True
332,282,2,True
334,282,2,True
328,284,2,True
330,284,2,True
328,286,2,True
330,286,2,True
332,284,2,True
334,284,2,True
332,286,2,True
334,286,2,True
336,272,2,True
338,272,2,True
336,274,2,True
338,274,2,True
340,272,2,True
342,272,2,True
340,274,2,True
342,274,2,True
336,276,2,True
338,276,2,True
336,278,2,True
338,278,2,True
340,276,2,True
342,276,2,True
340,278,2,True
342,278,2,True
344,272,2,True
346,272,2,True
344,274,2,True
346,274,2,True
348,272,2,True
350,272,2,True
348,274,2,True
350,274,2,True
344,276,2,True
346,276,2,True
344,278,2,True
346,278,2,True
348,276,2,True
350,276,2,True
348,278,2,True
350,278,2,True
336,280,2,True
338,280,2,True
336,282,2,True
338,282,2,True
340,280,2,True
342,280,2,True
340,282,2,True
342,282,2,True
336,284,2,True
338,284,2,True
336,286,2,True
338,286,2,True
340,284,2,True
342,284,2,True
340,286,2,True
342,286,2,True
344,280,2,True
346,280,2,True
344,282,2,True
346,282,2,True
348,280,2,True
350,280,2,True
348,282,2,True
350,282,2,True
344,284,2,True
346,284,2,True
344,286,2,True
346,286,2,True
348,284,2,True
350,284,2,True
348,286,2,True
350,286,2,True
320,288,2,True
322,288,2,True
320,290,2,True
322,290,2,True
324,288,2,True
326,288,2,True
324,290,2,True
326,290,2,True
320,292,2,True
322,292,2,True
320,294,2,True
322,294,2,True
324,292,2,True
326,292,2,True
324,294,2,True
326,294,2,True
328,288,2,True
330,288,2,True
328,290,2,True
330,290,2,True
332,288,2,True
334,288,2,True
332,290,2,True
334,290,2,True
328,292,2,True
330,292,2,True
328,294,2,True
330,294,2,True
332,292,2,True
334,292,2,True
332,294,2,True
334,294,2,True
320,296,2,True
322,296,2,True
320,298,2,True
322,298,2,True
324,296,2,True
326,296,2,True
324,298,2,True
326,298,2,True
320,300,2,False
322,300,2,False
320,302,2,True
322,302,2,True
324,300,2,False
326,300,2,False
324,302,2,True
326,302,2,True
328,296,2,True
330,296,2,True
328,298,2,False
330,298,2,False
332,296,2,True
334,296,2,True
332,298,2,False
334,298,2,False
328,300,2,False
330,300,2,True
328,302,2,True
330,302,2,True
332,300,2,True
334,300,2,True
332,302,2,True
334,302,2,True
336,288,2,True
338,288,2,True
336,290,2,True
338,290,2,True
340,288,2,True
342,288,2,True
340,290,2,True
342,290,2,True
336,292,2,True
338,292,2,True
336,294,2,True
338,294,2,True
340,292,2,True
342,292,2,True
340,294,2,False
342,294,2,False
344,288,2,True
346,288,2,True
344,290,2,True
346,290,2,True
348,288,2,True
350,288,2,True
348,290,2,True
350,290,2,False
344,292,2,True
346,292,2,False
344,294,2,False
346,294,2,False
348,292,2,False
350,292,2,False
348,294,2,True
350,294,2,True
336,296,2,False
338,296,2,False
336,298,2,False
338,298,2,True
340,296,2,False
342,296,2,True
340,298,2,True
342,298,2,True
336,300,2,True
338,300,2,True
336,302,2,True
338,302,2,True
340,300,2,True
342,300,2,True
340,302,2,True
342,302,2,True
344,296,2,True
346,296,2,True
344,298,2,True
346,298,2,True
348,296,2,True
350,296,2,True
348,298,2,True
350,298,2,True
344,300,2,True
346,300,2,True
344,302,2,True
346,302,2,True
348,300,2,True
350,300,2,True
348,302,2,True
350,302,2,True
320,304,2,True
322,304,2,True
320,306,2,True
322,306,2,True
324,304,2,True
326,304,2,True
324,306,2,True
326,306,2,True
320,308,2,True
322,308,2,True
320,310,2,True
322,310,2,True
324,308,2,True
326,308,2,True
324,310,2,True
326,310,2,True
328,304,2,True
330,304,2,True
328,306,2,True
330,306,2,True
332,304,2,True
334,304,2,True
332,306,2,True
334,306,2,True
328,308,2,True
330,308,2,True
328,310,2,True
330,310,2,True
332,308,2,True
334,308,2,True
332,310,2,True
334,310,2,True
320,312,2,True
322,312,2,True
320,314,2,True
322,314,2,True
324,312,2,True
326,312,2,True
324,314,2,True
326,314,2,True
320,316,2,True
322,316,2,True
320,318,2,True
322,318,2,True
324,316,2,True
326,316,2,True
324,318,2,True
326,318,2,True
328,312,2,True
330,312,2,True
328,314,2,True
330,314,2,True
332,312,2,True
334,312,2,True
332,314,2,True
334,314,2,True
328,316,2,True
330,316,2,True
328,318,2,False
330,318,2,False
332,316,2,False
334,316,2,False
332,318,2,False
334,318,2,True
336,304,2,True
338,304,2,True
336,306,2,True
338,306,2,True
340,304,2,True
342,304,2,True
340,306,2,True
342,306,2,True
336,308,2,True
338,308,2,True
336,310,2,True
338,310,2,True
340,308,2,True
342,308,2,True
340,310,2,True
342,310,2,True
344,304,2,True
346,304,2,True
344,306,2,True
346,306,2,True
348,304,2,True
350,304,2,True
348,306,2,True
350,306,2,False
344,308,2,True
346,308,2,False
344,310,2,False
346,310,2,False
348,308,2,False
350,308,2,False
348,310,2,True
350,310,2,True
336,312,2,True
338,312,2,True
336,314,2,False
338,314,2,False
340,312,2,False
342,312,2,False
340,314,2,False
342,314,2,True
336,316,2,False
338,316,2,True
336,318,2,True
338,318,2,True
340,316,2,True
342,316,2,True
340,318,2,True
342,318,2,True
344,312,2,False
346,312,2,True
344,314,2,True
346,314,2,True
348,312,2,True
350,312,2,True
348,314,2,True
350,314,2,True
344,316,2,True
346,316,2,True
344,318,2,True
346,318,2,True
348,316,2,True
350,316,2,True
348,318,2,True
350,318,2,True
320,320,2,True
322,320,2,False
320,322,2,False
322,322,2,False
324,320,2,False
326,320,2,False
324,322,2,True
326,322,2,True
320,324,2,True
322,324,2,True
320,326,2,True
322,326,2,True
324,324,2,True
326,324,2,True
324,326,2,True
326,326,2,True
328,320,2,False
330,320,2,True
328,322,2,True
330,322,2,True
332,320,2,True
334,320,2,True
332,322,2,True
334,322,2,True
328,324,2,True
330,324,2,True
328,326,2,True
330,326,2,True
332,324,2,True
334,324,2,True
332,326,2,True
334,326,2,True
320,328,2,True
322,328,2,True
320,330,2,True
322,330,2,True
324,328,2,True
326,328,2,True
324,330,2,True
326,330,2,True
320,332,2,True
322,332,2,True
320,334,2,True
322,334,2,True
324,332,2,True
326,332,2,True
324,334,2,True
326,334,2,True
328,328,2,True
330,328,2,True
328,330,2,True
330,330,2,True
332,328,2,True
334,328,2,True
332,330,2,True
334,330,2,True
328,332,2,True
330,332,2,True
328,334,2,True
330,334,2,True
332,332,2,True
334,332,2,True
332,334,2,True
334,334,2,True
336,320,2,True
338,320,2,True
336,322,2,True
338,322,2,True
340,320,2,True
342,320,2,True
340,322,2,True
342,322,2,True
336,324,2,True
338,324,2,True
336,326,2,True
338,326,2,True
340,324,2,True
342,324,2,True
340,326,2,True
342,326,2,True
344,320,2,True
346,320,2,True
344,322,2,True
346,322,2,True
348,320,2,True
350,320,2,True
348,322,2,True
350,322,2,True
344,324,2,True
346,324,2,True
344,326,2,True
346,326,2,True
348,324,2,True
350,324,2,True
348,326,2,True
350,326,2,True
336,328,2,True
338,328,2,True
336,330,2,True
338,330,2,True
340,328,2,True
342,328,2,True
340,330,2,True
342,330,2,True
336,332,2,True
338,332,2,True
336,334,2,True
338,334,2,True
340,332,2,True
342,332,2,True
340,334,2,True
342,334,2,True
344,328,2,True
346,328,2,True
344,330,2,True
346,330,2,True
348,328,2,True
350,328,2,True
348,330,2,True
350,330,2,True
344,332,2,True
346,332,2,True
344,334,2,True
346,334,2,True
348,332,2,True
350,332,2,True
348,334,2,True
350,334,2,True
320,336,2,True
322,336,2,True
320,338,2,True
322,338,2,True
324,336,2,True
326,336,2,True
324,338,2,True
326,338,2,True
320,340,2,True
322,340,2,True
320,342,2,True
322,342,2,True
324,340,2,True
326,340,2,True
324,342,2,True
326,342,2,True
328,336,2,True
330,336,2,True
328,338,2,True
330,338,2,True
332,336,2,True
334,336,2,True
332,338,2,True
334,338,2,True
328,340,2,True
330,340,2,True
328,342,2,True
330,342,2,True
332,340,2,True
334,340,2,True
332,342,2,True
334,342,2,True
320,344,2,True
322,344,2,True
320,346,2,True
322,346,2,True
324,344,2,True
326,344,2,True
324,346,2,True
326,346,2,True
320,348,2,True
322,348,2,True
320,350,2,True
322,350,2,True
324,348,2,True
326,348,2,True
324,350,2,True
326,350,2,True
328,344,2,True
330,344,2,True
328,346,2,True
330,346,2,True
332,344,2,True
334,344,2,True
332,346,2,True
334,346,2,True
328,348,2,True
330,348,2,True
328,350,2,True
330,350,2,True
332,348,2,True
334,348,2,True
332,350,2,True
334,350,2,True
336,336,2,True
338,336,2,True
336,338,2,True
338,338,2,True
340,336,2,True
342,336,2,True
340,338,2,True
342,338,2,True
336,340,2,True
338,340,2,True
336,342,2,True
338,342,2,True
340,340,2,True
342,340,2,True
340,342,2,True
342,342,2,True
344,336,2,True
346,336,2,True
344,338,2,True
346,338,2,True
348,336,2,True
350,336,2,True
348,338,2,True
350,338,2,True
344,340,2,True
346,340,2,True
344,342,2,True
346,342,2,True
348,340,2,True
350,340,2,True
348,342,2,True
350,342,2,True
336,344,2,True
338,344,2,True
336,346,2,True
338,346,2,True
340,344,2,True
342,344,2,True
340,346,2,True
342,346,2,True
348,368,2,True
350,368,2,True
348,370,2,True
350,370,2,True
344,372,2,True
346,372,2,True
344,374,2,True
346,374,2,True
348,372,2,True
350,372,2,True
348,374,2,True
350,374,2,True
340,380,2,True
342,380,2,True
340,382,2,True
342,382,2,True
344,376,2,True
346,376,2,True
344,378,2,True
346,378,2,True
348,376,2,True
350,376,2,True
348,378,2,True
350,378,2,True
344,380,2,True
346,380,2,True
344,382,2,True
346,382,2,True
348,380,2,True
350,380,2,True
348,382,2,True
350,382,2,True
332,392,2,True
334,392,2,True
332,394,2,True
334,394,2,True
332,396,2,True
334,396,2,True
332,398,2,True
334,398,2,True
340,384,2,True
342,384,2,True
340,386,2,True
342,386,2,True
336,388,2,True
338,388,2,True
336,390,2,True
338,390,2,True
340,388,2,True
342,388,2,True
340,390,2,True
342,390,2,True
344,384,2,True
346,384,2,True
344,386,2,True
346,386,2,True
348,384,2,True
350,384,2,True
348,386,2,True
350,386,2,True
344,388,2,True
346,388,2,True
344,390,2,True
346,390,2,True
348,388,2,True
350,388,2,True
348,390,2,True
350,390,2,True
336,392,2,True
338,392,2,True
336,394,2,True
338,394,2,True
340,392,2,True
342,392,2,True
340,394,2,True
342,394,2,True
336,396,2,True
338,396,2,True
336,398,2,True
338,398,2,True
340,396,2,True
342,396,2,True
340,398,2,True
342,398,2,True
344,392,2,True
346,392,2,True
344,394,2,True
346,394,2,True
348,392,2,True
350,392,2,True
348,394,2,True
350,394,2,True
344,396,2,True
346,396,2,True
344,398,2,True
346,398,2,True
348,396,2,True
350,396,2,True
348,398,2,True
350,398,2,True
324,404,2,True
326,404,2,True
324,406,2,True
326,406,2,True
328,400,2,True
330,400,2,True
328,402,2,True
330,402,2,True
332,400,2,True
334,400,2,True
332,402,2,True
334,402,2,True
328,404,2,True
330,404,2,True
328,406,2,True
330,406,2,True
332,404,2,True
334,404,2,True
332,406,2,True
334,406,2,True
324,408,2,True
326,408,2,True
324,410,2,True
326,410,2,True
320,412,2,True
322,412,2,True
320,414,2,True
322,414,2,True
324,412,2,True
326,412,2,True
324,414,2,True
326,414,2,True
328,408,2,True
330,408,2,True
328,410,2,True
330,410,2,True
332,408,2,True
334,408,2,True
332,410,2,True
334,410,2,True
328,412,2,True
330,412,2,True
328,414,2,True
330,414,2,True
332,412,2,True
334,412,2,True
332,414,2,True
334,414,2,True
336,400,2,True
338,400,2,True
336,402,2,True
338,402,2,True
340,400,2,True
342,400,2,True
340,402,2,True
342,402,2,True
336,404,2,True
338,404,2,True
336,406,2,True
338,406,2,True
340,404,2,True
342,404,2,True
340,406,2,True
342,406,2,True
344,400,2,True
346,400,2,True
344,402,2,True
346,402,2,True
348,400,2,True
350,400,2,True
348,402,2,True
350,402,2,True
344,404,2,True
346,404,2,True
344,406,2,True
346,406,2,True
348,404,2,True
350,404,2,True
348,406,2,True
350,406,2,False
336,408,2,True
338,408,2,True
336,410,2,True
338,410,2,True
340,408,2,True
342,408,2,True
340,410,2,True
342,410,2,True
336,412,2,True
338,412,2,True
336,414,2,True
338,414,2,True
340,412,2,True
342,412,2,True
340,414,2,True
342,414,2,True
344,408,2,True
346,408,2,True
344,410,2,True
346,410,2,True
348,408,2,False
350,408,2,False
348,410,2,False
350,410,2,True
344,412,2,True
346,412,2,False
344,414,2,False
346,414,2,False
348,412,2,False
350,412,2,True
348,414,2,True
350,414,2,True
320,416,2,True
322,416,2,True
320,418,2,True
322,418,2,True
324,416,2,True
326,416,2,True
324,418,2,True
326,418,2,True
320,420,2,True
322,420,2,True
320,422,2,True
322,422,2,True
324,420,2,True
326,420,2,True
324,422,2,True
326,422,2,True
328,416,2,True
330,416,2,True
328,418,2,True
330,418,2,True
332,416,2,True
334,416,2,True
332,418,2,True
334,418,2,True
328,420,2,True
330,420,2,True
328,422,2,True
330,422,2,True
332,420,2,True
334,420,2,True
332,422,2,True
334,422,2,True
320,424,2,True
322,424,2,True
320,426,2,True
322,426,2,True
324,424,2,True
326,424,2,True
324,426,2,True
326,426,2,True
320,428,2,True
322,428,2,True
320,430,2,True
322,430,2,True
324,428,2,True
326,428,2,True
324,430,2,True
326,430,2,True
328,424,2,True
330,424,2,True
328,426,2,True
330,426,2,True
332,424,2,True
334,424,2,True
332,426,2,True
334,426,2,True
328,428,2,True
330,428,2,True
328,430,2,True
330,430,2,True
332,428,2,True
334,428,2,True
332,430,2,True
334,430,2,False
336,416,2,True
338,416,2,True
336,418,2,True
338,418,2,True
340,416,2,True
342,416,2,True
340,418,2,True
342,418,2,False
336,420,2,True
338,420,2,True
336,422,2,True
338,422,2,True
340,420,2,True
342,420,2,False
340,422,2,False
342,422,2,False
344,416,2,False
346,416,2,True
344,418,2,False
346,418,2,True
348,416,2,True
350,416,2,True
348,418,2,True
350,418,2,True
344,420,2,True
346,420,2,True
344,422,2,True
346,422,2,True
348,420,2,True
350,420,2,True
348,422,2,True
350,422,2,True
336,424,2,True
338,424,2,False
336,426,2,True
338,426,2,False
340,424,2,False
342,424,2,True
340,426,2,True
342,426,2,True
336,428,2,False
338,428,2,False
336,430,2,False
338,430,2,True
340,428,2,True
342,428,2,True
340,430,2,True
342,430,2,True
344,424,2,True
346,424,2,True
344,426,2,True
346,426,2,True
348,424,2,True
350,424,2,True
348,426,2,True
350,426,2,True
344,428,2,True
346,428,2,True
344,430,2,True
346,430,2,True
348,428,2,True
350,428,2,True
348,430,2,True
350,430,2,True
320,432,2,True
322,432,2,True
320,434,2,True
322,434,2,True
324,432,2,True
326,432,2,True
324,434,2,True
326,434,2,True
320,436,2,True
322,436,2,True
320,438,2,True
322,438,2,True
324,436,2,True
326,436,2,True
324,438,2,True
326,438,2,True
328,432,2,True
330,432,2,True
328,434,2,True
330,434,2,True
332,432,2,True
334,432,2,False
332,434,2,False
334,434,2,False
328,436,2,True
330,436,2,False
328,438,2,False
330,438,2,False
332,436,2,False
334,436,2,True
332,438,2,True
334,438,2,True
320,440,2,True
322,440,2,True
320,442,2,True
322,442,2,True
324,440,2,True
326,440,2,True
324,442,2,True
326,442,2,False
320,444,2,True
322,444,2,True
320,446,2,True
322,446,2,True
324,444,2,False
326,444,2,False
324,446,2,False
326,446,2,True
328,440,2,False
330,440,2,True
328,442,2,False
330,442,2,True
332,440,2,True
334,440,2,True
332,442,2,True
334,442,2,True
328,444,2,True
330,444,2,True
328,446,2,True
330,446,2,True
332,444,2,True
334,444,2,True
332,446,2,True
334,446,2,True
336,432,2,True
338,432,2,True
336,434,2,True
338,434,2,True
340,432,2,True
342,432,2,True
340,434,2,True
342,434,2,True
336,436,2,True
338,436,2,True
336,438,2,True
338,438,2,True
340,436,2,True
342,436,2,True
340,438,2,True
342,438,2,True
344,432,2,True
346,432,2,True
344,434,2,True
346,434,2,True
348,432,2,True
350,432,2,True
348,434,2,True
350,434,2,True
344,436,2,True
346,436,2,True
344,438,2,True
346,438,2,True
348,436,2,True
350,436,2,True
348,438,2,True
350,438,2,True
336,440,2,True
338,440,2,True
336,442,2,True
338,442,2,True
340,440,2,True
342,440,2,True
340,442,2,True
342,442,2,True
336,444,2,True
338,444,2,True
336,446,2,True
338,446,2,True
340,444,2,True
342,444,2,True
340,446,2,True
342,446,2,True
344,440,2,True
346,440,2,True
344,442,2,True
346,442,2,True
348,440,2,True
350,440,2,True
348,442,2,True
350,442,2,True
344,444,2,True
346,444,2,True
344,446,2,True
346,446,2,True
348,444,2,True
350,444,2,True
348,446,2,True
350,446,2,True
320,448,2,True
322,448,2,False
320,450,2,False
322,450,2,False
324,448,2,False
326,448,2,True
324,450,2,True
326,450,2,True
320,452,2,False
322,452,2,True
320,454,2,True
322,454,2,True
324,452,2,True
326,452,2,True
324,454,2,True
326,454,2,True
328,448,2,True
330,448,2,True
328,450,2,True
330,450,2,True
332,448,2,True
334,448,2,True
332,450,2,True
334,450,2,True
328,452,2,True
330,452,2,True
328,454,2,True
330,454,2,True
332,452,2,True
334,452,2,True
332,454,2,True
334,454,2,True
320,456,2,True
322,456,2,True
320,458,2,True
322,458,2,True
324,456,2,True
326,456,2,True
324,458,2,True
326,458,2,True
320,460,2,True
322,460,2,True
320,462,2,True
322,462,2,True
324,460,2,True
326,460,2,True
324,462,2,True
326,462,2,True
328,456,2,True
330,456,2,True
328,458,2,True
330,458,2,True
332,456,2,True
334,456,2,True
332,458,2,True
334,458,2,True
328,460,2,True
330,460,2,True
328,462,2,True
330,462,2,True
332,460,2,True
334,460,2,True
332,462,2,True
334,462,2,True
336,448,2,True
338,448,2,True
336,450,2,True
338,450,2,True
340,448,2,True
342,448,2,True
340,450,2,True
342,450,2,True
336,452,2,True
338,452,2,True
336,454,2,True
338,454,2,True
340,452,2,True
342,452,2,True
340,454,2,True
342,454,2,True
344,448,2,True
346,448,2,True
344,450,2,True
346,450,2,True
348,448,2,True
350,448,2,True
348,450,2,True
350,450,2,True
344,452,2,True
346,452,2,True
344,454,2,True
346,454,2,True
336,456,2,True
338,456,2,True
336,458,2,True
338,458,2,True
340,456,2,True
342,456,2,True
340,458,2,True
342,458,2,True
336,460,2,True
338,460,2,True
336,462,2,True
338,462,2,True
340,460,2,True
342,460,2,True
340,462,2,True
342,462,2,True
344,456,2,True
346,456,2,True
344,458,2,True
346,458,2,True
320,464,2,True
322,464,2,True
320,466,2,True
322,466,2,True
324,464,2,True
326,464,2,True
324,466,2,True
326,466,2,True
320,468,2,True
322,468,2,True
320,470,2,True
322,470,2,True
324,468,2,True
326,468,2,True
324,470,2,True
326,470,2,True
328,464,2,True
330,464,2,True
328,466,2,True
330,466,2,True
332,464,2,True
334,464,2,True
332,466,2,True
334,466,2,True
328,468,2,True
330,468,2,True
328,470,2,True
330,470,2,True
332,468,2,True
334,468,2,True
332,470,2,True
334,470,2,True
320,472,2,True
322,472,2,True
320,474,2,True
322,474,2,True
324,472,2,True
326,472,2,True
324,474,2,True
326,474,2,True
320,476,2,True
322,476,2,True
320,478,2,True
322,478,2,True
324,476,2,True
326,476,2,True
324,478,2,True
326,478,2,True
328,472,2,True
330,472,2,True
328,474,2,True
330,474,2,True
332,472,2,True
334,472,2,True
332,474,2,True
334,474,2,True
328,476,2,True
330,476,2,True
328,478,2,True
330,478,2,True
336,464,2,True
338,464,2,True
336,466,2,True
338,466,2,True
336,468,2,True
338,468,2,True
336,470,2,True
338,470,2,True
320,480,2,True
322,480,2,True
320,482,2,True
322,482,2,True
324,480,2,True
326,480,2,True
324,482,2,True
326,482,2,True
320,484,2,True
322,484,2,True
320,486,2,True
322,486,2,True
324,484,2,True
326,484,2,True
324,486,2,True
326,486,2,True
320,488,2,True
322,488,2,True
320,490,2,True
322,490,2,True
352,0,2,True
354,0,2,True
352,2,2,True
354,2,2,True
356,0,2,True
358,0,2,True
356,2,2,True
358,2,2,True
352,4,2,True
354,4,2,True
352,6,2,True
354,6,2,True
356,4,2,True
358,4,2,True
356,6,2,True
358,6,2,True
360,0,2,True
362,0,2,True
360,2,2,True
362,2,2,True
364,0,2,True
366,0,2,True
364,2,2,True
366,2,2,True
360,4,2,True
362,4,2,True
360,6,2,True
362,6,2,True
364,4,2,True
366,4,2,True
364,6,2,True
366,6,2,True
352,8,2,True
354,8,2,True
352,10,2,True
354,10,2,True
356,8,2,True
358,8,2,True
356,10,2,True
358,10,2,True
352,12,2,True
354,12,2,True
352,14,2,True
354,14,2,True
356,12,2,True
358,12,2,True
356,14,2,True
358,14,2,True
360,8,2,True
362,8,2,True
360,10,2,True
362,10,2,True
364,8,2,True
366,8,2,True
364,10,2,True
366,10,2,True
360,12,2,True
362,12,2,True
360,14,2,True
362,14,2,True
364,12,2,True
366,12,2,True
364,14,2,True
366,14,2,True
368,0,2,True
370,0,2,True
368,2,2,True
370,2,2,True
372,0,2,True
374,0,2,True
372,2,2,True
374,2,2,True
368,4,2,True
370,4,2,True
368,6,2,True
370,6,2,True
372,4,2,True
374,4,2,True
372,6,2,True
374,6,2,True
376,0,2,True
378,0,2,True
376,2,2,True
378,2,2,True
380,0,2,True
382,0,2,True
380,2,2,True
382,2,2,True
376,4,2,True
378,4,2,True
376,6,2,True
378,6,2,True
380,4,2,True
382,4,2,True
380,6,2,True
382,6,2,True
368,8,2,True
370,8,2,True
368,10,2,True
370,10,2,True
372,8,2,True
374,8,2,True
372,10,2,True
374,10,2,True
368,12,2,True
370,12,2,True
368,14,2,True
370,14,2,True
372,12,2,True
374,12,2,True
372,14,2,True
374,14,2,True
376,8,2,True
378,8,2,True
376,10,2,True
378,10,2,True
380,8,2,True
382,8,2,True
380,10,2,True
382,10,2,True
376,12,2,True
378,12,2,True
376,14,2,True
378,14,2,True
380,12,2,True
382,12,2,True
380,14,2,True
382,14,2,True
352,16,2,True
354,16,2,True
352,18,2,True
354,18,2,True
356,16,2,True
358,16,2,True
356,18,2,True
358,18,2,True
352,20,2,True
354,20,2,True
352,22,2,True
354,22,2,True
356,20,2,True
358,20,2,True
356,22,2,True
358,22,2,True
360,16,2,True
362,16,2,True
360,18,2,True
362,18,2,True
364,16,2,True
366,16,2,True
364,18,2,True
366,18,2,True
360,20,2,True
362,20,2,True
360,22,2,True
362,22,2,True
364,20,2,True
366,20,2,True
364,22,2,True
366,22,2,True
352,24,2,True
354,24,2,True
352,26,2,True
354,26,2,True
356,24,2,True
358,24,2,True
356,26,2,True
358,26,2,True
352,28,2,True
354,28,2,True
352,30,2,True
354,30,2,True
356,28,2,True
358,28,2,True
356,30,2,True
358,30,2,True
360,24,2,True
362,24,2,True
360,26,2,True
362,26,2,True
364,24,2,True
366,24,2,True
364,26,2,True
366,26,2,True
360,28,2,True
362,28,2,True
360,30,2,True
362,30,2,True
364,28,2,True
366,28,2,True
364,30,2,True
366,30,2,True
368,16,2,True
370,16,2,True
368,18,2,True
370,18,2,True
372,16,2,True
374,16,2,True
372,18,2,True
374,18,2,True
368,20,2,True
370,20,2,True
368,22,2,True
370,22,2,True
372,20,2,True
374,20,2,True
372,22,2,True
374,22,2,True
376,16,2,True
378,16,2,True
376,18,2,True
378,18,2,True
380,16,2,True
382,16,2,True
380,18,2,True
382,18,2,True
376,20,2,True
378,20,2,True
376,22,2,True
378,22,2,True
380,20,2,True
382,20,2,True
380,22,2,True
382,22,2,True
368,24,2,True
370,24,2,True
368,26,2,True
370,26,2,True
372,24,2,True
374,24,2,True
372,26,2,True
374,26,2,True
368,28,2,True
370,28,2,True
368,30,2,True
370,30,2,True
372,28,2,True
374,28,2,True
372,30,2,True
374,30,2,True
376,24,2,True
378,24,2,True
376,26,2,True
378,26,2,True
380,24,2,True
382,24,2,True
380,26,2,True
382,26,2,True
376,28,2,True
378,28,2,True
376,30,2,True
378,30,2,True
380,28,2,True
382,28,2,True
380,30,2,True
382,30,2,True
352,32,2,True
354,32,2,True
352,34,2,True
354,34,2,True
356,32,2,True
358,32,2,True
356,34,2,True
358,34,2,True
352,36,2,True
354,36,2,True
352,38,2,True
354,38,2,True
356,36,2,True
358,36,2,True
356,38,2,True
358,38,2,True
360,32,2,True
362,32,2,True
360,34,2,True
362,34,2,True
364,32,2,True
366,32,2,True
364,34,2,True
366,34,2,True
360,36,2,True
362,36,2,True
360,38,2,True
362,38,2,True
364,36,2,True
366,36,2,True
364,38,2,True
366,38,2,True
352,40,2,True
354,40,2,True
352,42,2,True
354,42,2,True
356,40,2,True
358,40,2,True
356,42,2,True
358,42,2,True
352,44,2,True
354,44,2,True
352,46,2,True
354,46,2,True
356,44,2,True
358,44,2,True
356,46,2,True
358,46,2,True
360,40,2,True
362,40,2,True
360,42,2,True
362,42,2,True
364,40,2,True
366,40,2,True
364,42,2,True
366,42,2,True
360,44,2,True
362,44,2,True
360,46,2,True
362,46,2,True
364,44,2,True
366,44,2,True
364,46,2,True
366,46,2,True
368,32,2,True
370,32,2,True
368,34,2,True
370,34,2,True
372,32,2,True
374,32,2,True
372,34,2,True
374,34,2,True
368,36,2,True
370,36,2,True
368,38,2,True
370,38,2,True
372,36,2,True
374,36,2,True
372,38,2,True
374,38,2,True
376,32,2,True
378,32,2,True
376,34,2,True
378,34,2,True
380,32,2,True
382,32,2,True
380,34,2,True
382,34,2,True
376,36,2,True
378,36,2,True
376,38,2,True
378,38,2,True
380,36,2,True
382,36,2,True
380,38,2,True
382,38,2,True
368,40,2,True
370,40,2,True
368,42,2,True
370,42,2,True
372,40,2,True
374,40,2,True
372,42,2,True
374,42,2,True
368,44,2,True
370,44,2,True
368,46,2,True
370,46,2,True
372,44,2,True
374,44,2,True
372,46,2,True
374,46,2,True
376,40,2,True
378,40,2,True
376,42,2,True
378,42,2,True
380,40,2,True
382,40,2,True
380,42,2,True
382,42,2,True
376,44,2,True
378,44,2,True
376,46,2,True
378,46,2,True
380,44,2,True
382,44,2,True
380,46,2,True
382,46,2,True
352,48,2,True
354,48,2,True
352,50,2,False
354,50,2,False
356,48,2,True
358,48,2,True
356,50,2,True
358,50,2,True
352,52,2,True
354,52,2,False
352,54,2,True
354,54,2,True
356,52,2,False
358,52,2,False
356,54,2,True
358,54,2,True
360,48,2,True
362,48,2,True
360,50,2,True
362,50,2,True
364,48,2,True
366,48,2,True
364,50,2,True
366,50,2,True
360,52,2,False
362,52,2,False
360,54,2,True
362,54,2,True
364,52,2,False
366,52,2,False
364,54,2,True
366,54,2,True
352,56,2,True
354,56,2,True
352,58,2,True
354,58,2,True
356,56,2,True
358,56,2,True
356,58,2,True
358,58,2,True
352,60,2,True
354,60,2,True
352,62,2,True
354,62,2,True
356,60,2,True
358,60,2,True
356,62,2,True
358,62,2,True
360,56,2,True
362,56,2,True
360,58,2,True
362,58,2,True
364,56,2,True
366,56,2,True
364,58,2,True
366,58,2,True
360,60,2,True
362,60,2,True
360,62,2,True
362,62,2,True
364,60,2,True
366,60,2,True
364,62,2,True
366,62,2,True
368,48,2,True
370,48,2,True
368,50,2,True
370,50,2,True
372,48,2,True
374,48,2,True
372,50,2,True
374,50,2,True
368,52,2,False
370,52,2,True
368,54,2,False
370,54,2,False
372,52,2,True
374,52,2,True
372,54,2,False
374,54,2,False
376,48,2,True
378,48,2,True
376,50,2,True
378,50,2,True
380,48,2,True
382,48,2,True
380,50,2,True
382,50,2,True
376,52,2,True
378,52,2,True
376,54,2,False
378,54,2,False
380,52,2,True
382,52,2,True
380,54,2,False
382,54,2,False
368,56,2,True
370,56,2,True
368,58,2,True
370,58,2,True
372,56,2,True
374,56,2,True
372,58,2,True
374,58,2,True
368,60,2,True
370,60,2,True
368,62,2,True
370,62,2,True
372,60,2,True
374,60,2,True
372,62,2,True
374,62,2,True
376,56,2,True
378,56,2,True
376,58,2,True
378,58,2,True
380,56,2,True
382,56,2,True
380,58,2,True
382,58,2,True
376,60,2,True
378,60,2,True
376,62,2,True
378,62,2,True
380,60,2,True
382,60,2,True
380,62,2,True
382,62,2,True
352,64,2,True
354,64,2,True
352,66,2,True
354,66,2,True
356,64,2,True
358,64,2,True
356,66,2,True
358,66,2,True
352,68,2,True
354,68,2,True
352,70,2,True
354,70,2,True
356,68,2,True
358,68,2,True
356,70,2,True
358,70,2,True
360,64,2,True
362,64,2,True
360,66,2,True
362,66,2,True
364,64,2,True
366,64,2,True
364,66,2,True
366,66,2,True
360,68,2,True
362,68,2,True
360,70,2,True
362,70,2,True
364,68,2,True
366,68,2,True
364,70,2,True
366,70,2,True
352,72,2,True
354,72,2,True
352,74,2,True
354,74,2,True
356,72,2,True
358,72,2,True
356,74,2,True
358,74,2,True
352,76,2,True
354,76,2,True
352,78,2,True
354,78,2,True
356,76,2,True
358,76,2,True
356,78,2,True
358,78,2,True
360,72,2,True
362,72,2,True
360,74,2,True
362,74,2,True
364,72,2,True
366,72,2,True
364,74,2,True
366,74,2,True
360,76,2,True
362,76,2,True
360,78,2,True
362,78,2,True
364,76,2,True
366,76,2,True
364,78,2,True
366,78,2,True
368,64,2,True
370,64,2,True
368,66,2,True
370,66,2,True
372,64,2,True
374,64,2,True
372,66,2,True
374,66,2,True
368,68,2,True
370,68,2,True
368,70,2,True
370,70,2,True
372,68,2,True
374,68,2,True
372,70,2,True
374,70,2,True
376,64,2,True
378,64,2,True
376,66,2,True
378,66,2,True
380,64,2,True
382,64,2,True
380,66,2,True
382,66,2,True
376,68,2,True
378,68,2,True
376,70,2,True
378,70,2,True
380,68,2,True
382,68,2,True
380,70,2,True
382,70,2,True
368,72,2,True
370,72,2,True
368,74,2,True
370,74,2,True
372,72,2,True
374,72,2,True
372,74,2,True
374,74,2,True
368,76,2,True
370,76,2,True
368,78,2,True
370,78,2,True
372,76,2,True
374,76,2,True
372,78,2,True
374,78,2,True
376,72,2,True
378,72,2,True
376,74,2,True
378,74,2,True
380,72,2,True
382,72,2,True
380,74,2,True
382,74,2,True
376,76,2,True
378,76,2,True
376,78,2,True
378,78,2,True
380,76,2,True
382,76,2,True
380,78,2,True
382,78,2,True
352,80,2,True
354,80,2,True
352,82,2,True
354,82,2,True
356,80,2,True
358,80,2,True
356,82,2,True
358,82,2,True
352,84,2,True
354,84,2,True
352,86,2,True
354,86,2,True
356,84,2,True
358,84,2,True
356,86,2,True
358,86,2,True
360,80,2,True
362,80,2,True
360,82,2,True
362,82,2,True
364,80,2,True
366,80,2,True
364,82,2,True
366,82,2,True
360,84,2,True
362,84,2,True
360,86,2,True
362,86,2,True
364,84,2,True
366,84,2,True
364,86,2,True
366,86,2,True
352,88,2,True
354,88,2,True
352,90,2,True
354,90,2,True
356,88,2,True
358,88,2,True
356,90,2,True
358,90,2,True
352,92,2,False
354,92,2,False
352,94,2,True
354,94,2,True
356,92,2,False
358,92,2,False
356,94,2,True
358,94,2,True
360,88,2,True
362,88,2,True
360,90,2,True
362,90,2,True
364,88,2,True
366,88,2,True
364,90,2,True
366,90,2,True
360,92,2,False
362,92,2,False
360,94,2,True
362,94,2,True
364,92,2,False
366,92,2,False
364,94,2,True
366,94,2,True
368,80,2,True
370,80,2,True
368,82,2,True
370,82,2,True
372,80,2,True
374,80,2,True
372,82,2,True
374,82,2,True
368,84,2,True
370,84,2,True
368,86,2,True
370,86,2,True
372,84,2,True
374,84,2,True
372,86,2,True
374,86,2,True
376,80,2,True
378,80,2,True
376,82,2,True
378,82,2,True
380,80,2,True
382,80,2,True
380,82,2,True
382,82,2,True
376,84,2,True
378,84,2,True
376,86,2,True
378,86,2,True
380,84,2,True
382,84,2,True
380,86,2,True
382,86,2,True
368,88,2,True
370,88,2,True
368,90,2,True
370,90,2,False
372,88,2,True
374,88,2,True
372,90,2,False
374,90,2,False
368,92,2,False
370,92,2,False
368,94,2,True
370,94,2,True
372,92,2,True
374,92,2,True
372,94,2,True
374,94,2,True
376,88,2,True
378,88,2,True
376,90,2,False
378,90,2,False
380,88,2,False
382,88,2,False
380,90,2,False
382,90,2,True
376,92,2,True
378,92,2,True
376,94,2,True
378,94,2,True
380,92,2,True
382,92,2,True
380,94,2,True
382,94,2,True
352,96,2,True
354,96,2,True
352,98,2,True
354,98,2,True
356,96,2,True
358,96,2,True
356,98,2,True
358,98,2,True
352,100,2,True
354,100,2,True
352,102,2,True
354,102,2,True
356,100,2,True
358,100,2,True
356,102,2,True
358,102,2,True
360,96,2,True
362,96,2,True
360,98,2,True
362,98,2,True
364,96,2,True
366,96,2,True
364,98,2,True
366,98,2,True
360,100,2,True
362,100,2,True
360,102,2,True
362,102,2,True
364,100,2,True
366,100,2,True
364,102,2,True
366,102,2,True
352,104,2,True
354,104,2,True
352,106,2,True
354,106,2,True
356,104,2,True
358,104,2,True
356,106,2,True
358,106,2,True
352,108,2,True
354,108,2,True
352,110,2,True
354,110,2,False
356,108,2,True
358,108,2,False
356,110,2,False
358,110,2,False
360,104,2,True
362,104,2,True
360,106,2,True
362,106,2,False
364,104,2,True
366,104,2,False
364,106,2,False
366,106,2,False
360,108,2,False
362,108,2,False
360,110,2,True
362,110,2,True
364,108,2,True
366,108,2,True
364,110,2,True
366,110,2,True
368,96,2,True
370,96,2,True
368,98,2,True
370,98,2,True
372,96,2,True
374,96,2,True
372,98,2,True
374,98,2,True
368,100,2,True
370,100,2,True
368,102,2,True
370,102,2,False
372,100,2,True
374,100,2,False
372,102,2,False
374,102,2,False
376,96,2,True
378,96,2,True
376,98,2,False
378,98,2,False
380,96,2,False
382,96,2,False
380,98,2,False
382,98,2,True
376,100,2,False
378,100,2,True
376,102,2,True
378,102,2,True
380,100,2,True
382,100,2,True
380,102,2,True
382,102,2,True
368,104,2,False
370,104,2,False
368,106,2,True
370,106,2,True
372,104,2,True
374,104,2,True
372,106,2,True
374,106,2,True
368,108,2,True
370,108,2,True
368,110,2,True
370,110,2,True
372,108,2,True
374,108,2,True
372,110,2,True
374,110,2,True
376,104,2,True
378,104,2,True
376,106,2,True
378,106,2,True
380,104,2,True
382,104,2,True
380,106,2,True
382,106,2,True
376,108,2,True
378,108,2,True
376,110,2,True
378,110,2,True
380,108,2,True
382,108,2,True
380,110,2,True
382,110,2,True
352,112,2,False
354,112,2,False
352,114,2,True
354,114,2,True
356,112,2,True
358,112,2,True
356,114,2,True
358,114,2,True
352,116,2,True
354,116,2,True
352,118,2,True
354,118,2,True
356,116,2,True
358,116,2,True
356,118,2,True
358,118,2,True
360,112,2,True
362,112,2,True
360,114,2,True
362,114,2,True
364,112,2,True
366,112,2,True
364,114,2,True
366,114,2,True
360,116,2,True
362,116,2,True
360,118,2,True
362,118,2,True
364,116,2,True
366,116,2,True
364,118,2,True
366,118,2,True
352,120,2,True
354,120,2,True
352,122,2,True
354,122,2,True
356,120,2,True
358,120,2,True
356,122,2,True
358,122,2,True
352,124,2,True
354,124,2,True
352,126,2,True
354,126,2,True
356,124,2,True
358,124,2,True
356,126,2,True
358,126,2,True
360,120,2,True
362,120,2,True
360,122,2,True
362,122,2,True
364,120,2,True
366,120,2,True
364,122,2,True
366,122,2,True
360,124,2,True
362,124,2,True
360,126,2,True
362,126,2,True
364,124,2,True
366,124,2,True
364,126,2,True
366,126,2,True
368,112,2,True
370,112,2,True
368,114,2,True
370,114,2,True
372,112,2,True
374,112,2,True
372,114,2,True
374,114,2,True
368,116,2,True
370,116,2,True
368,118,2,True
370,118,2,True
372,116,2,True
374,116,2,True
372,118,2,True
374,118,2,True
376,112,2,True
378,112,2,True
376,114,2,True
378,114,2,True
380,112,2,True
382,112,2,True
380,114,2,True
382,114,2,True
376,116,2,True
378,116,2,True
376,118,2,True
378,118,2,True
380,116,2,True
382,116,2,True
380,118,2,True
382,118,2,True
368,120,2,True
370,120,2,True
368,122,2,True
370,122,2,True
372,120,2,True
374,120,2,True
372,122,2,True
374,122,2,True
368,124,2,True
370,124,2,True
368,126,2,True
370,126,2,True
372,124,2,True
374,124,2,True
372,126,2,True
374,126,2,True
376,120,2,True
378,120,2,True
376,122,2,True
378,122,2,True
380,120,2,True
382,120,2,True
380,122,2,True
382,122,2,True
376,124,2,True
378,124,2,True
376,126,2,True
378,126,2,True
380,124,2,True
382,124,2,True
380,126,2,True
382,126,2,True
352,128,2,True
354,128,2,True
352,130,2,True
354,130,2,True
356,128,2,True
358,128,2,True
356,130,2,True
358,130,2,True
352,132,2,True
354,132,2,True
352,134,2,True
354,134,2,True
356,132,2,True
358,132,2,True
356,134,2,True
358,134,2,True
360,128,2,True
362,128,2,True
360,130,2,True
362,130,2,True
364,128,2,True
366,128,2,True
364,130,2,True
366,130,2,True
360,132,2,True
362,132,2,True
360,134,2,True
362,134,2,True
364,132,2,True
366,132,2,True
364,134,2,True
366,134,2,True
352,136,2,True
354,136,2,True
352,138,2,True
354,138,2,True
356,136,2,True
358,136,2,True
356,138,2,True
358,138,2,True
352,140,2,True
354,140,2,True
352,142,2,True
354,142,2,True
356,140,2,True
358,140,2,True
356,142,2,True
358,142,2,True
360,136,2,True
362,136,2,True
360,138,2,True
362,138,2,True
364,136,2,True
366,136,2,True
364,138,2,True
366,138,2,True
360,140,2,True
362,140,2,True
360,142,2,True
362,142,2,True
364,140,2,True
366,140,2,True
364,142,2,True
366,142,2,False
368,128,2,True
370,128,2,True
368,130,2,True
370,130,2,True
372,128,2,True
374,128,2,True
372,130,2,True
374,130,2,True
368,132,2,True
370,132,2,True
368,134,2,True
370,134,2,True
372,132,2,True
374,132,2,True
372,134,2,True
374,134,2,True
376,128,2,True
378,128,2,True
376,130,2,True
378,130,2,True
380,128,2,True
382,128,2,True
380,130,2,True
382,130,2,True
376,132,2,True
378,132,2,True
376,134,2,True
378,134,2,True
380,132,2,True
382,132,2,True
380,134,2,True
382,134,2,True
368,136,2,True
370,136,2,True
368,138,2,True
370,138,2,True
372,136,2,True
374,136,2,True
372,138,2,True
374,138,2,False
368,140,2,True
370,140,2,False
368,142,2,False
370,142,2,False
372,140,2,False
374,140,2,False
372,142,2,True
374,142,2,True
376,136,2,True
378,136,2,True
376,138,2,False
378,138,2,False
380,136,2,False
382,136,2,False
380,138,2,False
382,138,2,True
376,140,2,True
378,140,2,True
376,142,2,True
378,142,2,True
380,140,2,True
382,140,2,True
380,142,2,True
382,142,2,True
352,144,2,True
354,144,2,True
352,146,2,True
354,146,2,False
356,144,2,True
358,144,2,True
356,146,2,False
358,146,2,False
352,148,2,False
354,148,2,False
352,150,2,True
354,150,2,True
356,148,2,True
358,148,2,True
356,150,2,True
358,150,2,True
360,144,2,False
362,144,2,False
360,146,2,False
362,146,2,True
364,144,2,False
366,144,2,False
364,146,2,True
366,146,2,True
360,148,2,True
362,148,2,True
360,150,2,True
362,150,2,True
364,148,2,True
366,148,2,True
364,150,2,True
366,150,2,True
352,152,2,True
354,152,2,True
352,154,2,True
354,154,2,True
356,152,2,True
358,152,2,True
356,154,2,True
358,154,2,True
352,156,2,True
354,156,2,True
352,158,2,True
354,158,2,True
356,156,2,True
358,156,2,True
356,158,2,True
358,158,2,True
360,152,2,True
362,152,2,True
360,154,2,True
362,154,2,True
364,152,2,True
366,152,2,True
364,154,2,True
366,154,2,True
360,156,2,True
362,156,2,True
360,158,2,True
362,158,2,True
364,156,2,True
366,156,2,True
364,158,2,True
366,158,2,True
368,144,2,True
370,144,2,True
368,146,2,True
370,146,2,True
372,144,2,True
374,144,2,True
372,146,2,True
374,146,2,True
368,148,2,True
370,148,2,True
368,150,2,True
370,150,2,True
372,148,2,True
374,148,2,True
372,150,2,True
374,150,2,True
376,144,2,True
378,144,2,True
376,146,2,True
378,146,2,True
380,144,2,True
382,144,2,True
380,146,2,True
382,146,2,True
376,148,2,True
378,148,2,True
376,150,2,True
378,150,2,True
380,148,2,True
382,148,2,True
380,150,2,True
382,150,2,True
368,152,2,True
370,152,2,True
368,154,2,True
370,154,2,True
372,152,2,True
374,152,2,True
372,154,2,True
374,154,2,True
368,156,2,True
370,156,2,True
368,158,2,True
370,158,2,True
372,156,2,True
374,156,2,True
372,158,2,True
374,158,2,True
376,152,2,True
378,152,2,True
376,154,2,True
378,154,2,True
380,152,2,True
382,152,2,True
380,154,2,True
382,154,2,True
376,156,2,True
378,156,2,True
376,158,2,True
378,158,2,True
380,156,2,True
382,156,2,True
380,158,2,True
382,158,2,True
352,160,2,True
354,160,2,True
352,162,2,True
354,162,2,True
356,160,2,True
358,160,2,True
356,162,2,True
358,162,2,True
352,164,2,True
354,164,2,True
352,166,2,True
354,166,2,True
356,164,2,True
358,164,2,True
356,166,2,True
358,166,2,True
360,160,2,True
362,160,2,True
360,162,2,True
362,162,2,True
364,160,2,True
366,160,2,True
364,162,2,True
366,162,2,True
360,164,2,True
362,164,2,True
360,166,2,True
362,166,2,True
364,164,2,True
366,164,2,True
364,166,2,True
366,166,2,True
352,168,2,True
354,168,2,True
352,170,2,True
354,170,2,True
356,168,2,True
358,168,2,True
356,170,2,True
358,170,2,True
352,172,2,True
354,172,2,True
352,174,2,True
354,174,2,True
356,172,2,True
358,172,2,True
356,174,2,True
358,174,2,True
360,168,2,True
362,168,2,True
360,170,2,True
362,170,2,True
364,168,2,True
366,168,2,True
364,170,2,True
366,170,2,True
360,172,2,True
362,172,2,True
360,174,2,True
362,174,2,True
364,172,2,True
366,172,2,True
364,174,2,True
366,174,2,True
368,160,2,True
370,160,2,True
368,162,2,True
370,162,2,True
372,160,2,True
374,160,2,True
372,162,2,True
374,162,2,True
368,164,2,True
370,164,2,True
368,166,2,True
370,166,2,True
372,164,2,True
374,164,2,True
372,166,2,True
374,166,2,True
376,160,2,True
378,160,2,True
376,162,2,True
378,162,2,True
380,160,2,True
382,160,2,True
380,162,2,True
382,162,2,True
376,164,2,True
378,164,2,True
376,166,2,True
378,166,2,True
380,164,2,True
382,164,2,True
380,166,2,True
382,166,2,True
368,168,2,True
370,168,2,True
368,170,2,True
370,170,2,True
372,168,2,True
374,168,2,True
372,170,2,True
374,170,2,True
368,172,2,True
370,172,2,True
368,174,2,True
370,174,2,True
372,172,2,True
374,172,2,True
372,174,2,True
374,174,2,True
376,168,2,True
378,168,2,True
376,170,2,True
378,170,2,True
380,168,2,True
382,168,2,True
380,170,2,True
382,170,2,True
376,172,2,True
378,172,2,True
376,174,2,True
378,174,2,True
380,172,2,True
382,172,2,True
380,174,2,True
382,174,2,False
352,176,2,True
354,176,2,True
352,178,2,True
354,178,2,True
356,176,2,True
358,176,2,True
356,178,2,True
358,178,2,True
352,180,2,True
354,180,2,True
352,182,2,True
354,182,2,True
356,180,2,True
358,180,2,True
356,182,2,True
358,182,2,True
360,176,2,True
362,176,2,True
360,178,2,True
362,178,2,True
364,176,2,True
366,176,2,True
364,178,2,True
366,178,2,True
360,180,2,True
362,180,2,True
360,182,2,True
362,182,2,True
364,180,2,True
366,180,2,True
364,182,2,True
366,182,2,True
352,184,2,True
354,184,2,True
352,186,2,True
354,186,2,True
356,184,2,True
358,184,2,True
356,186,2,True
358,186,2,True
352,188,2,False
354,188,2,False
352,190,2,True
354,190,2,False
356,188,2,True
358,188,2,True
356,190,2,False
358,190,2,False
360,184,2,True
362,184,2,True
360,186,2,True
362,186,2,True
364,184,2,True
366,184,2,True
364,186,2,True
366,186,2,False
360,188,2,True
362,188,2,True
360,190,2,False
362,190,2,False
364,188,2,False
366,188,2,False
364,190,2,False
366,190,2,True
368,176,2,True
370,176,2,True
368,178,2,True
370,178,2,True
372,176,2,True
374,176,2,True
372,178,2,True
374,178,2,True
368,180,2,True
370,180,2,True
368,182,2,True
370,182,2,True
372,180,2,True
374,180,2,False
372,182,2,False
374,182,2,False
376,176,2,True
378,176,2,True
376,178,2,True
378,178,2,False
380,176,2,False
382,176,2,False
380,178,2,False
382,178,2,True
376,180,2,False
378,180,2,False
376,182,2,True
378,182,2,True
380,180,2,True
382,180,2,True
380,182,2,True
382,182,2,True
368,184,2,True
370,184,2,False
368,186,2,False
370,186,2,False
372,184,2,False
374,184,2,True
372,186,2,True
374,186,2,True
368,188,2,False
370,188,2,False
368,190,2,True
370,190,2,True
372,188,2,False
374,188,2,False
372,190,2,True
374,190,2,True
376,184,2,True
378,184,2,True
376,186,2,True
378,186,2,True
380,184,2,True
382,184,2,True
380,186,2,True
382,186,2,False
376,188,2,False
378,188,2,False
376,190,2,True
378,190,2,True
380,188,2,False
382,188,2,False
380,190,2,True
382,190,2,True
352,192,2,True
354,192,2,True
352,194,2,True
354,194,2,False
356,192,2,True
358,192,2,False
356,194,2,False
358,194,2,False
352,196,2,False
354,196,2,False
352,198,2,True
354,198,2,True
356,196,2,True
358,196,2,True
356,198,2,True
358,198,2,True
360,192,2,False
362,192,2,True
360,194,2,True
362,194,2,True
364,192,2,True
366,192,2,True
364,194,2,True
366,194,2,True
360,196,2,True
362,196,2,True
360,198,2,True
362,198,2,True
364,196,2,True
366,196,2,True
364,198,2,True
366,198,2,True
352,200,2,True
354,200,2,True
352,202,2,True
354,202,2,True
356,200,2,True
358,200,2,True
356,202,2,True
358,202,2,True
352,204,2,True
354,204,2,True
352,206,2,True
354,206,2,True
356,204,2,True
358,204,2,True
356,206,2,True
358,206,2,True
360,200,2,True
362,200,2,True
360,202,2,True
362,202,2,True
364,200,2,True
366,200,2,True
364,202,2,True
366,202,2,True
360,204,2,True
362,204,2,True
360,206,2,True
362,206,2,True
364,204,2,True
366,204,2,True
364,206,2,True
366,206,2,True
368,192,2,True
370,192,2,True
368,194,2,True
370,194,2,True
372,192,2,True
374,192,2,True
372,194,2,True
374,194,2,True
368,196,2,True
370,196,2,True
368,198,2,True
370,198,2,True
372,196,2,True
374,196,2,True
372,198,2,True
374,198,2,True
376,192,2,True
378,192,2,True
376,194,2,True
378,194,2,True
380,192,2,True
382,192,2,True
380,194,2,True
382,194,2,True
376,196,2,True
378,196,2,True
376,198,2,True
378,198,2,True
380,196,2,True
382,196,2,True
380,198,2,True
382,198,2,True
368,200,2,True
370,200,2,True
368,202,2,True
370,202,2,True
372,200,2,True
374,200,2,True
372,202,2,True
374,202,2,True
368,204,2,True
370,204,2,True
368,206,2,True
370,206,2,True
372,204,2,True
374,204,2,True
372,206,2,True
374,206,2,True
376,200,2,True
378,200,2,True
376,202,2,True
378,202,2,True
380,200,2,True
382,200,2,True
380,202,2,True
382,202,2,True
376,204,2,True
378,204,2,True
376,206,2,True
378,206,2,True
380,204,2,True
382,204,2,True
380,206,2,True
382,206,2,True
352,208,2,True
354,208,2,True
352,210,2,True
354,210,2,True
356,208,2,True
358,208,2,True
356,210,2,True
358,210,2,True
352,212,2,True
354,212,2,True
352,214,2,True
354,214,2,True
356,212,2,True
358,212,2,True
356,214,2,True
358,214,2,True
360,208,2,True
362,208,2,True
360,210,2,True
362,210,2,True
364,208,2,True
366,208,2,True
364,210,2,True
366,210,2,True
360,212,2,True
362,212,2,True
360,214,2,True
362,214,2,True
364,212,2,True
366,212,2,True
364,214,2,True
366,214,2,True
352,216,2,True
354,216,2,True
352,218,2,True
354,218,2,True
356,216,2,True
358,216,2,True
356,218,2,True
358,218,2,True
352,220,2,True
354,220,2,True
352,222,2,True
354,222,2,True
356,220,2,True
358,220,2,True
356,222,2,True
358,222,2,True
360,216,2,True
362,216,2,True
360,218,2,True
362,218,2,True
364,216,2,True
366,216,2,True
364,218,2,True
366,218,2,True
360,220,2,True
362,220,2,True
360,222,2,True
362,222,2,True
364,220,2,True
366,220,2,True
364,222,2,True
366,222,2,True
368,208,2,True
370,208,2,True
368,210,2,True
370,210,2,True
372,208,2,True
374,208,2,True
372,210,2,True
374,210,2,True
368,212,2,True
370,212,2,True
368,214,2,True
370,214,2,True
372,212,2,True
374,212,2,True
372,214,2,True
374,214,2,True
376,208,2,True
378,208,2,True
376,210,2,True
378,210,2,True
380,208,2,True
382,208,2,True
380,210,2,True
382,210,2,True
376,212,2,True
378,212,2,True
376,214,2,True
378,214,2,True
380,212,2,True
382,212,2,True
380,214,2,True
382,214,2,True
368,216,2,True
370,216,2,True
368,218,2,True
370,218,2,True
372,216,2,True
374,216,2,True
372,218,2,True
374,218,2,True
368,220,2,True
370,220,2,True
368,222,2,True
370,222,2,True
372,220,2,True
374,220,2,True
372,222,2,True
374,222,2,True
376,216,2,True
378,216,2,True
376,218,2,True
378,218,2,True
380,216,2,True
382,216,2,True
380,218,2,True
382,218,2,True
376,220,2,True
378,220,2,True
376,222,2,True
378,222,2,True
352,224,2,True
354,224,2,True
352,226,2,True
354,226,2,True
356,224,2,True
358,224,2,True
356,226,2,True
358,226,2,True
352,228,2,True
354,228,2,True
352,230,2,True
354,230,2,True
356,228,2,True
358,228,2,True
356,230,2,True
358,230,2,True
360,224,2,True
362,224,2,True
360,226,2,True
362,226,2,True
364,224,2,True
366,224,2,True
364,226,2,True
366,226,2,True
380,232,2,True
382,232,2,True
380,234,2,True
382,234,2,True
376,236,2,True
378,236,2,True
376,238,2,True
378,238,2,True
380,236,2,True
382,236,2,True
380,238,2,True
382,238,2,True
364,244,2,True
366,244,2,True
364,246,2,True
366,246,2,True
352,252,2,True
354,252,2,True
352,254,2,True
354,254,2,True
356,252,2,True
358,252,2,True
356,254,2,True
358,254,2,True
360,248,2,True
362,248,2,True
360,250,2,True
362,250,2,True
364,248,2,True
366,248,2,True
364,250,2,True
366,250,2,True
360,252,2,True
362,252,2,True
360,254,2,True
362,254,2,True
364,252,2,True
366,252,2,True
364,254,2,True
366,254,2,True
368,240,2,True
370,240,2,True
368,242,2,True
370,242,2,True
372,240,2,True
374,240,2,True
372,242,2,True
374,242,2,True
368,244,2,True
370,244,2,True
368,246,2,True
370,246,2,True
372,244,2,True
374,244,2,True
372,246,2,True
374,246,2,True
376,240,2,True
378,240,2,True
376,242,2,True
378,242,2,True
380,240,2,True
382,240,2,True
380,242,2,True
382,242,2,True
376,244,2,True
378,244,2,True
376,246,2,True
378,246,2,True
380,244,2,True
382,244,2,True
380,246,2,True
382,246,2,True
368,248,2,True
370,248,2,True
368,250,2,True
370,250,2,True
372,248,2,True
374,248,2,True
372,250,2,True
374,250,2,True
368,252,2,True
370,252,2,True
368,254,2,True
370,254,2,True
372,252,2,True
374,252,2,True
372,254,2,True
374,254,2,True
376,248,2,True
378,248,2,True
376,250,2,True
378,250,2,True
380,248,2,True
382,248,2,True
380,250,2,True
382,250,2,True
376,252,2,True
378,252,2,True
376,254,2,True
378,254,2,True
380,252,2,True
382,252,2,True
380,254,2,True
382,254,2,True
352,256,2,True
354,256,2,True
352,258,2,True
354,258,2,True
356,256,2,True
358,256,2,True
356,258,2,True
358,258,2,True
352,260,2,True
354,260,2,True
352,262,2,True
354,262,2,True
356,260,2,True
358,260,2,True
356,262,2,True
358,262,2,True
360,256,2,True
362,256,2,True
360,258,2,True
362,258,2,True
364,256,2,True
366,256,2,True
364,258,2,True
366,258,2,True
360,260,2,True
362,260,2,True
360,262,2,True
362,262,2,True
364,260,2,True
366,260,2,True
364,262,2,True
366,262,2,True
352,264,2,True
354,264,2,True
352,266,2,True
354,266,2,True
356,264,2,True
358,264,2,True
356,266,2,True
358,266,2,True
352,268,2,True
354,268,2,True
352,270,2,True
354,270,2,True
356,268,2,True
358,268,2,True
356,270,2,True
358,270,2,True
360,264,2,True
362,264,2,True
360,266,2,True
362,266,2,True
364,264,2,True
366,264,2,True
364,266,2,True
366,266,2,True
360,268,2,True
362,268,2,True
360,270,2,True
362,270,2,True
364,268,2,True
366,268,2,True
364,270,2,True
366,270,2,True
368,256,2,True
370,256,2,True
368,258,2,True
370,258,2,True
372,256,2,True
374,256,2,True
372,258,2,True
374,258,2,True
368,260,2,True
370,260,2,True
368,262,2,True
370,262,2,True
372,260,2,True
374,260,2,True
372,262,2,True
374,262,2,True
376,256,2,True
378,256,2,True
376,258,2,True
378,258,2,True
380,256,2,True
382,256,2,True
380,258,2,True
382,258,2,True
376,260,2,True
378,260,2,True
376,262,2,True
378,262,2,True
380,260,2,True
382,260,2,True
380,262,2,True
382,262,2,True
368,264,2,True
370,264,2,True
368,266,2,True
370,266,2,True
372,264,2,True
374,264,2,True
372,266,2,True
374,266,2,True
368,268,2,True
370,268,2,True
368,270,2,True
370,270,2,True
372,268,2,True
374,268,2,True
372,270,2,True
374,270,2,True
376,264,2,True
378,264,2,True
376,266,2,True
378,266,2,True
380,264,2,True
382,264,2,True
380,266,2,True
382,266,2,True
376,268,2,True
378,268,2,True
376,270,2,True
378,270,2,True
380,268,2,True
382,268,2,False
380,270,2,False
382,270,2,False
352,272,2,True
354,272,2,True
352,274,2,True
354,274,2,True
356,272,2,True
358,272,2,True
356,274,2,True
358,274,2,True
352,276,2,True
354,276,2,True
352,278,2,True
354,278,2,True
356,276,2,True
358,276,2,True
356,278,2,True
358,278,2,True
360,272,2,True
362,272,2,True
360,274,2,True
362,274,2,True
364,272,2,True
366,272,2,True
364,274,2,True
366,274,2,True
360,276,2,True
362,276,2,True
360,278,2,True
362,278,2,True
364,276,2,True
366,276,2,True
364,278,2,True
366,278,2,True
352,280,2,True
354,280,2,True
352,282,2,True
354,282,2,True
356,280,2,True
358,280,2,True
356,282,2,True
358,282,2,True
352,284,2,True
354,284,2,True
352,286,2,True
354,286,2,True
356,284,2,True
358,284,2,True
356,286,2,False
358,286,2,False
360,280,2,True
362,280,2,True
360,282,2,True
362,282,2,False
364,280,2,True
366,280,2,False
364,282,2,False
366,282,2,False
360,284,2,False
362,284,2,False
360,286,2,False
362,286,2,True
364,284,2,True
366,284,2,True
364,286,2,True
366,286,2,True
368,272,2,True
370,272,2,True
368,274,2,True
370,274,2,True
372,272,2,True
374,272,2,True
372,274,2,True
374,274,2,False
368,276,2,True
370,276,2,True
368,278,2,False
370,278,2,False
372,276,2,False
374,276,2,False
372,278,2,False
374,278,2,True
376,272,2,True
378,272,2,False
376,274,2,False
378,274,2,False
380,272,2,False
382,272,2,True
380,274,2,True
382,274,2,True
376,276,2,True
378,276,2,True
376,278,2,True
378,278,2,True
380,276,2,True
382,276,2,True
380,278,2,True
382,278,2,False
368,280,2,False
370,280,2,True
368,282,2,True
370,282,2,True
372,280,2,True
374,280,2,True
372,282,2,True
374,282,2,True
368,284,2,True
370,284,2,True
368,286,2,True
370,286,2,True
372,284,2,True
374,284,2,True
372,286,2,True
374,286,2,False
376,280,2,True
378,280,2,True
376,282,2,True
378,282,2,False
380,280,2,False
382,280,2,False
380,282,2,False
382,282,2,True
376,284,2,False
378,284,2,False
376,286,2,False
378,286,2,True
380,284,2,True
382,284,2,True
380,286,2,True
382,286,2,True
352,288,2,False
354,288,2,False
352,290,2,False
354,290,2,True
356,288,2,False
358,288,2,True
356,290,2,True
358,290,2,True
352,292,2,True
354,292,2,True
352,294,2,True
354,294,2,True
356,292,2,True
358,292,2,True
356,294,2,True
358,294,2,True
360,288,2,True
362,288,2,True
360,290,2,True
362,290,2,True
364,288,2,True
366,288,2,True
364,290,2,True
366,290,2,True
360,292,2,True
362,292,2,True
360,294,2,True
362,294,2,True
364,292,2,True
366,292,2,True
364,294,2,False
366,294,2,False
352,296,2,True
354,296,2,True
352,298,2,True
354,298,2,True
356,296,2,True
358,296,2,True
356,298,2,True
358,298,2,True
352,300,2,True
354,300,2,True
352,302,2,True
354,302,2,False
356,300,2,True
358,300,2,False
356,302,2,False
358,302,2,False
360,296,2,True
362,296,2,False
360,298,2,False
362,298,2,False
364,296,2,False
366,296,2,True
364,298,2,True
366,298,2,True
360,300,2,False
362,300,2,True
360,302,2,True
362,302,2,True
364,300,2,True
366,300,2,True
364,302,2,True
366,302,2,True
368,288,2,True
370,288,2,True
368,290,2,True
370,290,2,False
372,288,2,False
374,288,2,False
372,290,2,False
374,290,2,True
368,292,2,False
370,292,2,False
368,294,2,False
370,294,2,True
372,292,2,True
374,292,2,True
372,294,2,True
374,294,2,True
376,288,2,True
378,288,2,True
376,290,2,True
378,290,2,True
380,288,2,True
382,288,2,True
380,290,2,True
382,290,2,True
376,292,2,True
378,292,2,True
376,294,2,True
378,294,2,True
380,292,2,True
382,292,2,True
380,294,2,True
382,294,2,True
368,296,2,True
370,296,2,True
368,298,2,True
370,298,2,True
372,296,2,True
374,296,2,True
372,298,2,True
374,298,2,True
368,300,2,True
370,300,2,True
368,302,2,True
370,302,2,True
372,300,2,True
374,300,2,True
372,302,2,True
374,302,2,True
376,296,2,True
378,296,2,True
376,298,2,True
378,298,2,True
380,296,2,True
382,296,2,True
380,298,2,True
382,298,2,True
376,300,2,True
378,300,2,True
376,302,2,True
378,302,2,True
380,300,2,True
382,300,2,True
380,302,2,True
382,302,2,True
352,304,2,False
354,304,2,False
352,306,2,False
354,306,2,True
356,304,2,True
358,304,2,True
356,306,2,True
358,306,2,True
352,308,2,True
354,308,2,True
352,310,2,True
354,310,2,True
356,308,2,True
358,308,2,True
356,310,2,True
358,310,2,True
360,304,2,True
362,304,2,True
360,306,2,True
362,306,2,True
364,304,2,True
366,304,2,True
364,306,2,True
366,306,2,True
360,308,2,True
362,308,2,True
360,310,2,True
362,310,2,True
364,308,2,True
366,308,2,True
364,310,2,True
366,310,2,True
352,312,2,True
354,312,2,True
352,314,2,True
354,314,2,True
356,312,2,True
358,312,2,True
356,314,2,True
358,314,2,True
352,316,2,True
354,316,2,True
352,318,2,True
354,318,2,True
356,316,2,True
358,316,2,True
356,318,2,True
358,318,2,True
360,312,2,True
362,312,2,True
360,314,2,True
362,314,2,True
364,312,2,True
366,312,2,True
364,314,2,True
366,314,2,True
360,316,2,True
362,316,2,True
360,318,2,True
362,318,2,True
364,316,2,True
366,316,2,True
364,318,2,True
366,318,2,True
368,304,2,True
370,304,2,True
368,306,2,True
370,306,2,True
372,304,2,True
374,304,2,True
372,306,2,True
374,306,2,True
368,308,2,True
370,308,2,True
368,310,2,True
370,310,2,True
372,308,2,True
374,308,2,True
372,310,2,True
374,310,2,True
376,304,2,True
378,304,2,True
376,306,2,True
378,306,2,True
380,304,2,True
382,304,2,True
380,306,2,True
382,306,2,True
376,308,2,True
378,308,2,True
376,310,2,True
378,310,2,True
380,308,2,True
382,308,2,True
380,310,2,True
382,310,2,True
368,312,2,True
370,312,2,True
368,314,2,True
370,314,2,True
372,312,2,True
374,312,2,True
372,314,2,True
374,314,2,True
368,316,2,True
370,316,2,True
368,318,2,True
370,318,2,True
372,316,2,True
374,316,2,True
372,318,2,True
374,318,2,True
376,312,2,True
378,312,2,True
376,314,2,True
378,314,2,True
380,312,2,True
382,312,2,True
380,314,2,True
382,314,2,True
376,316,2,True
378,316,2,True
376,318,2,True
378,318,2,True
380,316,2,True
382,316,2,True
380,318,2,True
382,318,2,True
352,320,2,True
354,320,2,True
352,322,2,True
354,322,2,True
356,320,2,True
358,320,2,True
356,322,2,True
358,322,2,True
352,324,2,True
354,324,2,True
352,326,2,True
354,326,2,True
356,324,2,True
358,324,2,True
356,326,2,True
358,326,2,True
360,320,2,True
362,320,2,True
360,322,2,True
362,322,2,True
364,320,2,True
366,320,2,True
364,322,2,True
366,322,2,True
360,324,2,True
362,324,2,True
360,326,2,True
362,326,2,True
364,324,2,True
366,324,2,True
364,326,2,True
366,326,2,True
352,328,2,True
354,328,2,True
352,330,2,True
354,330,2,True
356,328,2,True
358,328,2,True
356,330,2,True
358,330,2,True
352,332,2,True
354,332,2,True
352,334,2,True
354,334,2,True
356,332,2,True
358,332,2,True
356,334,2,True
358,334,2,True
360,328,2,True
362,328,2,True
360,330,2,True
362,330,2,True
364,328,2,True
366,328,2,True
364,330,2,True
366,330,2,True
360,332,2,True
362,332,2,True
360,334,2,True
362,334,2,True
368,320,2,True
370,320,2,True
368,322,2,True
370,322,2,True
372,320,2,True
374,320,2,True
372,322,2,True
374,322,2,True
368,324,2,True
370,324,2,True
368,326,2,True
370,326,2,True
372,324,2,True
374,324,2,True
372,326,2,True
374,326,2,True
376,320,2,True
378,320,2,True
376,322,2,True
378,322,2,True
380,320,2,True
382,320,2,True
380,322,2,True
382,322,2,True
376,324,2,True
378,324,2,True
376,326,2,True
378,326,2,True
380,324,2,True
382,324,2,True
380,326,2,True
382,326,2,True
368,328,2,True
370,328,2,True
368,330,2,True
370,330,2,True
372,328,2,True
374,328,2,True
372,330,2,True
374,330,2,True
368,332,2,True
370,332,2,True
368,334,2,True
370,334,2,True
372,332,2,True
374,332,2,True
372,334,2,True
374,334,2,True
376,328,2,True
378,328,2,True
376,330,2,True
378,330,2,True
380,328,2,True
382,328,2,True
380,330,2,True
382,330,2,True
376,332,2,True
378,332,2,True
376,334,2,True
378,334,2,True
380,332,2,True
382,332,2,True
380,334,2,True
382,334,2,True
352,336,2,True
354,336,2,True
352,338,2,True
354,338,2,True
356,336,2,True
358,336,2,True
356,338,2,True
358,338,2,True
364,340,2,True
366,340,2,True
364,342,2,True
366,342,2,True
360,344,2,True
362,344,2,True
360,346,2,True
362,346,2,True
364,344,2,True
366,344,2,True
364,346,2,True
366,346,2,True
360,348,2,True
362,348,2,True
360,350,2,True
362,350,2,True
364,348,2,True
366,348,2,True
364,350,2,True
366,350,2,True
368,336,2,True
370,336,2,True
368,338,2,True
370,338,2,True
372,336,2,True
374,336,2,True
372,338,2,True
374,338,2,True
368,340,2,True
370,340,2,True
368,342,2,True
370,342,2,True
372,340,2,True
374,340,2,True
372,342,2,True
374,342,2,True
376,336,2,True
378,336,2,True
376,338,2,True
378,338,2,True
380,336,2,True
382,336,2,True
380,338,2,True
382,338,2,True
376,340,2,True
378,340,2,True
376,342,2,True
378,342,2,True
380,340,2,True
382,340,2,True
380,342,2,True
382,342,2,True
368,344,2,True
370,344,2,True
368,346,2,True
370,346,2,True
372,344,2,True
374,344,2,True
372,346,2,True
374,346,2,True
368,348,2,True
370,348,2,True
368,350,2,True
370,350,2,True
372,348,2,True
374,348,2,True
372,350,2,True
374,350,2,True
376,344,2,True
378,344,2,True
376,346,2,True
378,346,2,True
380,344,2,True
382,344,2,True
380,346,2,True
382,346,2,True
376,348,2,True
378,348,2,True
376,350,2,True
378,350,2,True
380,348,2,True
382,348,2,True
380,350,2,True
382,350,2,True
356,352,2,True
358,352,2,True
356,354,2,True
358,354,2,True
356,356,2,True
358,356,2,True
356,358,2,True
358,358,2,True
360,352,2,True
362,352,2,True
360,354,2,True
362,354,2,True
364,352,2,True
366,352,2,True
364,354,2,True
366,354,2,True
360,356,2,True
362,356,2,True
360,358,2,True
362,358,2,True
364,356,2,True
366,356,2,True
364,358,2,True
366,358,2,True
352,360,2,True
354,360,2,True
352,362,2,True
354,362,2,True
356,360,2,True
358,360,2,True
356,362,2,True
358,362,2,True
352,364,2,True
354,364,2,True
352,366,2,True
354,366,2,True
356,364,2,True
358,364,2,True
356,366,2,True
358,366,2,True
360,360,2,True
362,360,2,True
360,362,2,True
362,362,2,True
364,360,2,True
366,360,2,True
364,362,2,True
366,362,2,True
360,364,2,True
362,364,2,True
360,366,2,True
362,366,2,True
364,364,2,True
366,364,2,True
364,366,2,True
366,366,2,True
368,352,2,True
370,352,2,True
368,354,2,True
370,354,2,True
372,352,2,True
374,352,2,True
372,354,2,True
374,354,2,True
368,356,2,True
370,356,2,True
368,358,2,True
370,358,2,True
372,356,2,True
374,356,2,True
372,358,2,True
374,358,2,True
376,352,2,True
378,352,2,True
376,354,2,True
378,354,2,True
380,352,2,True
382,352,2,False
380,354,2,False
382,354,2,False
376,356,2,True
378,356,2,True
376,358,2,True
378,358,2,False
380,356,2,False
382,356,2,True
380,358,2,False
382,358,2,True
368,360,2,True
370,360,2,True
368,362,2,True
370,362,2,True
372,360,2,True
374,360,2,True
372,362,2,True
374,362,2,True
368,364,2,True
370,364,2,True
368,366,2,True
370,366,2,True
372,364,2,True
374,364,2,False
372,366,2,True
374,366,2,False
376,360,2,True
378,360,2,False
376,362,2,False
378,362,2,False
380,360,2,True
382,360,2,True
380,362,2,True
382,362,2,True
376,364,2,False
378,364,2,True
376,366,2,True
378,366,2,True
380,364,2,True
382,364,2,True
380,366,2,True
382,366,2,True
352,368,2,True
354,368,2,True
352,370,2,True
354,370,2,True
356,368,2,True
358,368,2,True
356,370,2,True
358,370,2,True
352,372,2,True
354,372,2,True
352,374,2,True
354,374,2,True
356,372,2,True
358,372,2,True
356,374,2,True
358,374,2,True
360,368,2,True
362,368,2,True
360,370,2,True
362,370,2,True
364,368,2,True
366,368,2,True
364,370,2,True
366,370,2,True
360,372,2,True
362,372,2,True
360,374,2,True
362,374,2,True
364,372,2,True
366,372,2,True
364,374,2,True
366,374,2,True
352,376,2,True
354,376,2,True
352,378,2,True
354,378,2,True
356,376,2,True
358,376,2,True
356,378,2,True
358,378,2,True
352,380,2,True
354,380,2,True
352,382,2,True
354,382,2,True
356,380,2,True
358,380,2,True
356,382,2,True
358,382,2,True
360,376,2,True
362,376,2,True
360,378,2,True
362,378,2,True
364,376,2,True
366,376,2,True
364,378,2,True
366,378,2,False
360,380,2,True
362,380,2,True
360,382,2,True
362,382,2,True
364,380,2,True
366,380,2,False
364,382,2,False
366,382,2,False
368,368,2,True
370,368,2,True
368,370,2,True
370,370,2,True
372,368,2,False
374,368,2,False
372,370,2,False
374,370,2,True
368,372,2,True
370,372,2,False
368,374,2,False
370,374,2,False
372,372,2,False
374,372,2,True
372,374,2,True
374,374,2,True
376,368,2,True
378,368,2,True
376,370,2,True
378,370,2,True
380,368,2,True
382,368,2,True
380,370,2,True
382,370,2,True
376,372,2,True
378,372,2,True
376,374,2,True
378,374,2,True
380,372,2,True
382,372,2,True
380,374,2,True
382,374,2,True
368,376,2,False
370,376,2,True
368,378,2,False
370,378,2,True
372,376,2,True
374,376,2,True
372,378,2,True
374,378,2,True
368,380,2,True
370,380,2,True
368,382,2,True
370,382,2,True
372,380,2,True
374,380,2,True
372,382,2,True
374,382,2,True
376,376,2,True
378,376,2,True
376,378,2,True
378,378,2,True
380,376,2,True
382,376,2,True
380,378,2,True
382,378,2,True
376,380,2,True
378,380,2,True
376,382,2,True
378,382,2,True
380,380,2,True
382,380,2,True
380,382,2,True
382,382,2,True
352,384,2,True
354,384,2,True
352,386,2,True
354,386,2,True
356,384,2,True
358,384,2,True
356,386,2,True
358,386,2,True
352,388,2,True
354,388,2,True
352,390,2,True
354,390,2,True
356,388,2,True
358,388,2,True
356,390,2,True
358,390,2,True
360,384,2,True
362,384,2,True
360,386,2,True
362,386,2,False
364,384,2,False
366,384,2,True
364,386,2,False
366,386,2,True
360,388,2,False
362,388,2,False
360,390,2,False
362,390,2,True
364,388,2,True
366,388,2,True
364,390,2,True
366,390,2,True
352,392,2,True
354,392,2,True
352,394,2,True
354,394,2,True
356,392,2,True
358,392,2,False
356,394,2,True
358,394,2,False
352,396,2,True
354,396,2,True
352,398,2,True
354,398,2,False
356,396,2,False
358,396,2,False
356,398,2,False
358,398,2,True
360,392,2,False
362,392,2,True
360,394,2,True
362,394,2,True
364,392,2,True
366,392,2,True
364,394,2,True
366,394,2,True
360,396,2,True
362,396,2,True
360,398,2,True
362,398,2,True
364,396,2,True
366,396,2,True
364,398,2,True
366,398,2,True
368,384,2,True
370,384,2,True
368,386,2,True
370,386,2,True
372,384,2,True
374,384,2,True
372,386,2,True
374,386,2,True
368,388,2,True
370,388,2,True
368,390,2,True
370,390,2,True
372,388,2,True
374,388,2,True
372,390,2,True
374,390,2,True
376,384,2,True
378,384,2,True
376,386,2,True
378,386,2,True
380,384,2,True
382,384,2,True
380,386,2,True
382,386,2,True
376,388,2,True
378,388,2,True
376,390,2,True
378,390,2,True
380,388,2,True
382,388,2,True
380,390,2,True
382,390,2,True
368,392,2,True
370,392,2,True
368,394,2,True
370,394,2,True
372,392,2,True
374,392,2,True
372,394,2,True
374,394,2,True
368,396,2,True
370,396,2,True
368,398,2,True
370,398,2,True
372,396,2,True
374,396,2,True
372,398,2,True
374,398,2,True
376,392,2,True
378,392,2,True
376,394,2,True
378,394,2,True
380,392,2,True
382,392,2,True
380,394,2,True
382,394,2,True
376,396,2,True
378,396,2,True
376,398,2,True
378,398,2,True
380,396,2,True
382,396,2,True
380,398,2,True
382,398,2,True
352,400,2,True
354,400,2,False
352,402,2,False
354,402,2,False
356,400,2,True
358,400,2,True
356,402,2,True
358,402,2,True
352,404,2,False
354,404,2,True
352,406,2,False
354,406,2,True
356,404,2,True
358,404,2,True
356,406,2,True
358,406,2,True
360,400,2,True
362,400,2,True
360,402,2,True
362,402,2,True
364,400,2,True
366,400,2,True
364,402,2,True
366,402,2,True
360,404,2,True
362,404,2,True
360,406,2,True
362,406,2,True
364,404,2,True
366,404,2,True
364,406,2,True
366,406,2,True
352,408,2,True
354,408,2,True
352,410,2,True
354,410,2,True
356,408,2,True
358,408,2,True
356,410,2,True
358,410,2,True
352,412,2,True
354,412,2,True
352,414,2,True
354,414,2,True
356,412,2,True
358,412,2,True
356,414,2,True
358,414,2,True
360,408,2,True
362,408,2,True
360,410,2,True
362,410,2,True
364,408,2,True
366,408,2,True
364,410,2,True
366,410,2,True
360,412,2,True
362,412,2,True
360,414,2,True
362,414,2,True
364,412,2,True
366,412,2,True
364,414,2,True
366,414,2,True
368,400,2,True
370,400,2,True
368,402,2,True
370,402,2,True
372,400,2,True
374,400,2,True
372,402,2,True
374,402,2,True
368,404,2,True
370,404,2,True
368,406,2,True
370,406,2,True
372,404,2,True
374,404,2,True
372,406,2,True
374,406,2,True
376,400,2,True
378,400,2,True
376,402,2,True
378,402,2,True
380,400,2,True
382,400,2,True
380,402,2,True
382,402,2,True
376,404,2,True
378,404,2,True
376,406,2,True
378,406,2,True
368,408,2,True
370,408,2,True
368,410,2,True
370,410,2,True
372,408,2,True
374,408,2,True
372,410,2,True
374,410,2,True
368,412,2,True
370,412,2,True
368,414,2,True
370,414,2,True
372,412,2,True
374,412,2,True
372,414,2,True
374,414,2,True
352,416,2,True
354,416,2,True
352,418,2,True
354,418,2,True
356,416,2,True
358,416,2,True
356,418,2,True
358,418,2,True
352,420,2,True
354,420,2,True
352,422,2,True
354,422,2,True
356,420,2,True
358,420,2,True
356,422,2,True
358,422,2,True
360,416,2,True
362,416,2,True
360,418,2,True
362,418,2,True
364,416,2,True
366,416,2,True
364,418,2,True
366,418,2,True
360,420,2,True
362,420,2,True
360,422,2,True
362,422,2,True
364,420,2,True
366,420,2,True
364,422,2,True
366,422,2,True
352,424,2,True
354,424,2,True
352,426,2,True
354,426,2,True
356,424,2,True
358,424,2,True
356,426,2,True
358,426,2,True
352,428,2,True
354,428,2,True
352,430,2,True
354,430,2,True
356,428,2,True
358,428,2,True
356,430,2,True
358,430,2,True
360,424,2,True
362,424,2,True
360,426,2,True
362,426,2,True
364,424,2,True
366,424,2,True
364,426,2,True
366,426,2,True
360,428,2,True
362,428,2,True
360,430,2,True
362,430,2,True
368,416,2,True
370,416,2,True
368,418,2,True
370,418,2,True
368,420,2,True
370,420,2,True
368,422,2,True
370,422,2,True
352,432,2,True
354,432,2,True
352,434,2,True
354,434,2,True
356,432,2,True
358,432,2,True
356,434,2,True
358,434,2,True
352,436,2,True
354,436,2,True
352,438,2,True
354,438,2,True
356,436,2,True
358,436,2,True
356,438,2,True
358,438,2,True
360,432,2,True
362,432,2,True
360,434,2,True
362,434,2,True
352,440,2,True
354,440,2,True
352,442,2,True
354,442,2,True
352,444,2,True
354,444,2,True
352,446,2,True
354,446,2,True
384,0,2,True
386,0,2,True
384,2,2,True
386,2,2,True
388,0,2,True
390,0,2,True
388,2,2,True
390,2,2,True
384,4,2,True
386,4,2,True
384,6,2,True
386,6,2,True
388,4,2,True
390,4,2,True
388,6,2,True
390,6,2,True
392,0,2,True
394,0,2,True
392,2,2,True
394,2,2,True
396,0,2,True
398,0,2,True
396,2,2,True
398,2,2,True
392,4,2,True
394,4,2,True
392,6,2,True
394,6,2,True
396,4,2,True
398,4,2,True
396,6,2,True
398,6,2,True
384,8,2,True
386,8,2,True
384,10,2,True
386,10,2,True
388,8,2,True
390,8,2,True
388,10,2,True
390,10,2,True
384,12,2,True
386,12,2,True
384,14,2,True
386,14,2,True
388,12,2,True
390,12,2,True
388,14,2,True
390,14,2,True
392,8,2,True
394,8,2,True
392,10,2,True
394,10,2,True
396,8,2,True
398,8,2,True
396,10,2,True
398,10,2,True
392,12,2,True
394,12,2,True
392,14,2,True
394,14,2,True
396,12,2,True
398,12,2,True
396,14,2,True
398,14,2,True
400,0,2,True
402,0,2,True
400,2,2,True
402,2,2,True
404,0,2,True
406,0,2,True
404,2,2,True
406,2,2,True
400,4,2,True
402,4,2,True
400,6,2,True
402,6,2,True
404,4,2,True
406,4,2,True
404,6,2,True
406,6,2,True
408,0,2,True
410,0,2,True
408,2,2,True
410,2,2,True
412,0,2,True
414,0,2,True
412,2,2,True
414,2,2,True
408,4,2,True
410,4,2,True
408,6,2,True
410,6,2,True
412,4,2,True
414,4,2,True
412,6,2,True
414,6,2,True
400,8,2,True
402,8,2,True
400,10,2,True
402,10,2,True
404,8,2,True
406,8,2,True
404,10,2,True
406,10,2,True
400,12,2,True
402,12,2,True
400,14,2,True
402,14,2,True
404,12,2,True
406,12,2,True
404,14,2,True
406,14,2,True
408,8,2,True
410,8,2,True
408,10,2,True
410,10,2,True
412,8,2,True
414,8,2,True
412,10,2,True
414,10,2,True
408,12,2,True
410,12,2,True
408,14,2,True
410,14,2,True
412,12,2,True
414,12,2,True
412,14,2,True
414,14,2,True
384,16,2,True
386,16,2,True
384,18,2,True
386,18,2,True
388,16,2,True
390,16,2,True
388,18,2,True
390,18,2,True
384,20,2,True
386,20,2,True
384,22,2,True
386,22,2,True
388,20,2,True
390,20,2,True
388,22,2,True
390,22,2,True
392,16,2,True
394,16,2,True
392,18,2,True
394,18,2,True
396,16,2,True
398,16,2,True
396,18,2,True
398,18,2,True
392,20,2,True
394,20,2,True
392,22,2,True
394,22,2,True
396,20,2,True
398,20,2,True
396,22,2,True
398,22,2,True
384,24,2,True
386,24,2,True
384,26,2,True
386,26,2,True
388,24,2,True
390,24,2,True
388,26,2,True
390,26,2,True
384,28,2,True
386,28,2,True
384,30,2,True
386,30,2,True
388,28,2,True
390,28,2,True
388,30,2,True
390,30,2,True
392,24,2,True
394,24,2,True
392,26,2,True
394,26,2,True
396,24,2,True
398,24,2,True
396,26,2,True
398,26,2,True
392,28,2,True
394,28,2,True
392,30,2,True
394,30,2,True
396,28,2,True
398,28,2,True
396,30,2,True
398,30,2,True
400,16,2,True
402,16,2,True
400,18,2,True
402,18,2,True
404,16,2,True
406,16,2,True
404,18,2,True
406,18,2,True
400,20,2,True
402,20,2,True
400,22,2,True
402,22,2,True
404,20,2,True
406,20,2,True
404,22,2,True
406,22,2,True
408,16,2,True
410,16,2,True
408,18,2,True
410,18,2,True
412,16,2,True
414,16,2,True
412,18,2,True
414,18,2,True
408,20,2,True
410,20,2,True
408,22,2,True
410,22,2,True
412,20,2,True
414,20,2,True
412,22,2,True
414,22,2,True
400,24,2,True
402,24,2,True
400,26,2,True
402,26,2,True
404,24,2,True
406,24,2,True
404,26,2,True
406,26,2,True
400,28,2,True
402,28,2,True
400,30,2,True
402,30,2,True
404,28,2,True
406,28,2,True
404,30,2,True
406,30,2,True
408,24,2,True
410,24,2,True
408,26,2,True
410,26,2,True
412,24,2,True
414,24,2,True
412,26,2,True
414,26,2,True
408,28,2,True
410,28,2,True
408,30,2,True
410,30,2,True
412,28,2,True
414,28,2,True
412,30,2,True
414,30,2,True
384,32,2,True
386,32,2,True
384,34,2,True
386,34,2,True
388,32,2,True
390,32,2,True
388,34,2,True
390,34,2,True
384,36,2,True
386,36,2,True
384,38,2,True
386,38,2,True
388,36,2,True
390,36,2,True
388,38,2,True
390,38,2,True
392,32,2,True
394,32,2,True
392,34,2,True
394,34,2,True
396,32,2,True
398,32,2,True
396,34,2,True
398,34,2,True
392,36,2,True
394,36,2,True
392,38,2,True
394,38,2,True
396,36,2,True
398,36,2,True
396,38,2,True
398,38,2,True
384,40,2,True
386,40,2,True
384,42,2,True
386,42,2,True
388,40,2,True
390,40,2,True
388,42,2,True
390,42,2,True
384,44,2,True
386,44,2,True
384,46,2,True
386,46,2,True
388,44,2,True
390,44,2,True
388,46,2,True
390,46,2,True
392,40,2,True
394,40,2,True
392,42,2,True
394,42,2,True
396,40,2,True
398,40,2,True
396,42,2,True
398,42,2,True
392,44,2,True
394,44,2,True
392,46,2,True
394,46,2,True
396,44,2,True
398,44,2,True
396,46,2,True
398,46,2,True
400,32,2,True
402,32,2,True
400,34,2,True
402,34,2,True
404,32,2,True
406,32,2,True
404,34,2,True
406,34,2,True
400,36,2,True
402,36,2,True
400,38,2,True
402,38,2,True
404,36,2,True
406,36,2,True
404,38,2,True
406,38,2,True
408,32,2,True
410,32,2,True
408,34,2,True
410,34,2,True
412,32,2,True
414,32,2,True
412,34,2,True
414,34,2,True
408,36,2,True
410,36,2,True
408,38,2,True
410,38,2,True
412,36,2,True
414,36,2,True
412,38,2,True
414,38,2,True
400,40,2,True
402,40,2,True
400,42,2,True
402,42,2,True
404,40,2,True
406,40,2,True
404,42,2,True
406,42,2,True
400,44,2,True
402,44,2,True
400,46,2,True
402,46,2,True
404,44,2,True
406,44,2,True
404,46,2,True
406,46,2,True
408,40,2,True
410,40,2,True
408,42,2,True
410,42,2,True
412,40,2,True
414,40,2,True
412,42,2,True
414,42,2,True
408,44,2,True
410,44,2,True
408,46,2,True
410,46,2,True
412,44,2,True
414,44,2,True
412,46,2,True
414,46,2,True
384,48,2,True
386,48,2,True
384,50,2,True
386,50,2,True
388,48,2,True
390,48,2,True
388,50,2,True
390,50,2,True
384,52,2,True
386,52,2,True
384,54,2,False
386,54,2,False
388,52,2,True
390,52,2,True
388,54,2,False
390,54,2,False
392,48,2,True
394,48,2,True
392,50,2,True
394,50,2,True
396,48,2,True
398,48,2,True
396,50,2,True
398,50,2,True
392,52,2,True
394,52,2,True
392,54,2,False
394,54,2,False
396,52,2,True
398,52,2,False
396,54,2,False
398,54,2,False
384,56,2,True
386,56,2,True
384,58,2,True
386,58,2,True
388,56,2,True
390,56,2,True
388,58,2,True
390,58,2,True
384,60,2,True
386,60,2,True
384,62,2,True
386,62,2,True
388,60,2,True
390,60,2,True
388,62,2,True
390,62,2,True
392,56,2,True
394,56,2,True
392,58,2,True
394,58,2,True
396,56,2,True
398,56,2,True
396,58,2,True
398,58,2,True
392,60,2,True
394,60,2,True
392,62,2,True
394,62,2,True
396,60,2,True
398,60,2,True
396,62,2,True
398,62,2,True
400,48,2,True
402,48,2,True
400,50,2,True
402,50,2,True
404,48,2,True
406,48,2,True
404,50,2,True
406,50,2,False
400,52,2,False
402,52,2,False
400,54,2,True
402,54,2,True
404,52,2,False
406,52,2,False
404,54,2,True
406,54,2,True
408,48,2,True
410,48,2,True
408,50,2,False
410,50,2,False
412,48,2,False
414,48,2,False
412,50,2,False
414,50,2,True
408,52,2,True
410,52,2,True
408,54,2,True
410,54,2,True
412,52,2,True
414,52,2,True
412,54,2,True
414,54,2,True
400,56,2,True
402,56,2,True
400,58,2,True
402,58,2,True
404,56,2,True
406,56,2,True
404,58,2,True
406,58,2,True
400,60,2,True
402,60,2,True
400,62,2,True
402,62,2,True
404,60,2,True
406,60,2,True
404,62,2,True
406,62,2,True
408,56,2,True
410,56,2,True
408,58,2,True
410,58,2,True
412,56,2,True
414,56,2,False
412,58,2,False
414,58,2,False
408,60,2,True
410,60,2,True
408,62,2,True
410,62,2,False
412,60,2,False
414,60,2,True
412,62,2,False
414,62,2,True
384,64,2,True
386,64,2,True
384,66,2,True
386,66,2,True
388,64,2,True
390,64,2,True
388,66,2,True
390,66,2,True
384,68,2,True
386,68,2,True
384,70,2,True
386,70,2,True
388,68,2,True
390,68,2,True
388,70,2,True
390,70,2,True
392,64,2,True
394,64,2,True
392,66,2,True
394,66,2,True
396,64,2,True
398,64,2,True
396,66,2,True
398,66,2,True
392,68,2,True
394,68,2,True
392,70,2,True
394,70,2,True
396,68,2,True
398,68,2,True
396,70,2,True
398,70,2,True
384,72,2,True
386,72,2,True
384,74,2,True
386,74,2,True
388,72,2,True
390,72,2,True
388,74,2,True
390,74,2,True
384,76,2,True
386,76,2,True
384,78,2,True
386,78,2,True
388,76,2,True
390,76,2,True
388,78,2,True
390,78,2,True
392,72,2,True
394,72,2,True
392,74,2,True
394,74,2,True
396,72,2,True
398,72,2,True
396,74,2,True
398,74,2,True
392,76,2,True
394,76,2,True
392,78,2,True
394,78,2,True
396,76,2,True
398,76,2,False
396,78,2,True
398,78,2,False
400,64,2,True
402,64,2,True
400,66,2,True
402,66,2,True
404,64,2,True
406,64,2,True
404,66,2,True
406,66,2,False
400,68,2,True
402,68,2,True
400,70,2,True
402,70,2,True
404,68,2,True
406,68,2,False
404,70,2,False
406,70,2,False
408,64,2,False
410,64,2,False
408,66,2,False
410,66,2,True
412,64,2,True
414,64,2,True
412,66,2,True
414,66,2,True
408,68,2,True
410,68,2,True
408,70,2,True
410,70,2,True
412,68,2,True
414,68,2,False
412,70,2,False
414,70,2,False
400,72,2,True
402,72,2,False
400,74,2,False
402,74,2,False
404,72,2,False
406,72,2,True
404,74,2,True
406,74,2,False
400,76,2,False
402,76,2,True
400,78,2,False
402,78,2,False
404,76,2,False
406,76,2,False
404,78,2,False
406,78,2,True
408,72,2,False
410,72,2,False
408,74,2,False
410,74,2,True
412,72,2,False
414,72,2,True
412,74,2,True
414,74,2,True
408,76,2,True
410,76,2,True
408,78,2,True
410,78,2,True
412,76,2,True
414,76,2,True
412,78,2,True
414,78,2,True
384,80,2,True
386,80,2,True
384,82,2,True
386,82,2,True
388,80,2,True
390,80,2,True
388,82,2,True
390,82,2,True
384,84,2,True
386,84,2,True
384,86,2,True
386,86,2,False
388,84,2,True
390,84,2,False
388,86,2,False
390,86,2,False
392,80,2,True
394,80,2,True
392,82,2,True
394,82,2,False
396,80,2,False
398,80,2,False
396,82,2,False
398,82,2,False
392,84,2,False
394,84,2,False
392,86,2,False
394,86,2,True
396,84,2,True
398,84,2,True
396,86,2,True
398,86,2,True
384,88,2,False
386,88,2,False
384,90,2,True
386,90,2,False
388,88,2,False
390,88,2,False
388,90,2,False
390,90,2,True
384,92,2,True
386,92,2,False
384,94,2,False
386,94,2,False
388,92,2,True
390,92,2,True
388,94,2,True
390,94,2,True
392,88,2,True
394,88,2,True
392,90,2,True
394,90,2,True
396,88,2,True
398,88,2,True
396,90,2,True
398,90,2,True
392,92,2,True
394,92,2,True
392,94,2,True
394,94,2,True
396,92,2,True
398,92,2,True
396,94,2,True
398,94,2,True
400,80,2,False
402,80,2,True
400,82,2,True
402,82,2,True
404,80,2,True
406,80,2,True
404,82,2,True
406,82,2,True
400,84,2,True
402,84,2,True
400,86,2,True
402,86,2,True
404,84,2,True
406,84,2,True
404,86,2,True
406,86,2,True
408,80,2,True
410,80,2,True
408,82,2,True
410,82,2,True
412,80,2,True
414,80,2,True
412,82,2,True
414,82,2,True
408,84,2,True
410,84,2,True
408,86,2,True
410,86,2,True
412,84,2,True
414,84,2,True
412,86,2,True
414,86,2,True
400,88,2,True
402,88,2,True
400,90,2,True
402,90,2,True
404,88,2,True
406,88,2,True
404,90,2,True
406,90,2,True
400,92,2,True
402,92,2,True
400,94,2,True
402,94,2,True
404,92,2,True
406,92,2,True
404,94,2,True
406,94,2,True
408,88,2,True
410,88,2,True
408,90,2,True
410,90,2,True
412,88,2,True
414,88,2,True
412,90,2,True
414,90,2,True
408,92,2,True
410,92,2,True
408,94,2,True
410,94,2,True
412,92,2,True
414,92,2,True
412,94,2,True
414,94,2,True
384,96,2,False
386,96,2,True
384,98,2,True
386,98,2,True
388,96,2,True
390,96,2,True
388,98,2,True
390,98,2,True
384,100,2,True
386,100,2,True
384,102,2,True
386,102,2,True
388,100,2,True
390,100,2,True
388,102,2,True
390,102,2,True
392,96,2,True
394,96,2,True
392,98,2,True
394,98,2,True
396,96,2,True
398,96,2,True
396,98,2,True
398,98,2,True
392,100,2,True
394,100,2,True
392,102,2,True
394,102,2,True
396,100,2,True
398,100,2,True
396,102,2,True
398,102,2,True
384,104,2,True
386,104,2,True
384,106,2,True
386,106,2,True
388,104,2,True
390,104,2,True
388,106,2,True
390,106,2,True
384,108,2,True
386,108,2,True
384,110,2,True
386,110,2,True
388,108,2,True
390,108,2,True
388,110,2,True
390,110,2,True
392,104,2,True
394,104,2,True
392,106,2,True
394,106,2,True
396,104,2,True
398,104,2,True
396,106,2,True
398,106,2,True
392,108,2,True
394,108,2,True
392,110,2,True
394,110,2,True
396,108,2,True
398,108,2,True
396,110,2,True
398,110,2,True
400,96,2,True
402,96,2,True
400,98,2,True
402,98,2,True
404,96,2,True
406,96,2,True
404,98,2,True
406,98,2,True
400,100,2,True
402,100,2,True
400,102,2,True
402,102,2,True
404,100,2,True
406,100,2,True
404,102,2,True
406,102,2,True
408,96,2,True
410,96,2,True
408,98,2,True
410,98,2,True
412,96,2,True
414,96,2,True
412,98,2,True
414,98,2,True
408,100,2,True
410,100,2,True
408,102,2,True
410,102,2,True
412,100,2,True
414,100,2,True
412,102,2,True
414,102,2,False
400,104,2,True
402,104,2,True
400,106,2,True
402,106,2,True
404,104,2,True
406,104,2,True
404,106,2,True
406,106,2,True
400,108,2,True
402,108,2,True
400,110,2,True
402,110,2,True
404,108,2,True
406,108,2,True
404,110,2,True
406,110,2,True
408,104,2,True
410,104,2,True
408,106,2,True
410,106,2,False
412,104,2,False
414,104,2,False
412,106,2,False
414,106,2,True
408,108,2,True
410,108,2,False
408,110,2,False
410,110,2,False
412,108,2,True
414,108,2,True
412,110,2,True
414,110,2,True
384,112,2,True
386,112,2,True
384,114,2,True
386,114,2,True
388,112,2,True
390,112,2,True
388,114,2,True
390,114,2,True
384,116,2,True
386,116,2,True
384,118,2,True
386,118,2,True
388,116,2,True
390,116,2,True
388,118,2,True
390,118,2,True
392,112,2,True
394,112,2,True
392,114,2,True
394,114,2,True
396,112,2,True
398,112,2,True
396,114,2,True
398,114,2,True
392,116,2,True
394,116,2,True
392,118,2,True
394,118,2,True
396,116,2,True
398,116,2,True
396,118,2,True
398,118,2,True
384,120,2,True
386,120,2,True
384,122,2,True
386,122,2,True
388,120,2,True
390,120,2,True
388,122,2,True
390,122,2,True
384,124,2,True
386,124,2,True
384,126,2,True
386,126,2,True
388,124,2,True
390,124,2,True
388,126,2,True
390,126,2,True
392,120,2,True
394,120,2,True
392,122,2,True
394,122,2,True
396,120,2,True
398,120,2,False
396,122,2,False
398,122,2,False
392,124,2,True
394,124,2,False
392,126,2,False
394,126,2,False
396,124,2,False
398,124,2,True
396,126,2,True
398,126,2,True
400,112,2,True
402,112,2,True
400,114,2,True
402,114,2,True
404,112,2,True
406,112,2,False
404,114,2,False
406,114,2,False
400,116,2,True
402,116,2,False
400,118,2,False
402,118,2,False
404,116,2,False
406,116,2,True
404,118,2,True
406,118,2,True
408,112,2,False
410,112,2,True
408,114,2,True
410,114,2,True
412,112,2,True
414,112,2,True
412,114,2,True
414,114,2,True
408,116,2,True
410,116,2,True
408,118,2,True
410,118,2,True
412,116,2,True
414,116,2,True
412,118,2,True
414,118,2,True
400,120,2,False
402,120,2,True
400,122,2,True
402,122,2,True
404,120,2,True
406,120,2,True
404,122,2,True
406,122,2,True
400,124,2,True
402,124,2,True
400,126,2,True
402,126,2,True
404,124,2,True
406,124,2,True
404,126,2,True
406,126,2,True
408,120,2,True
410,120,2,True
408,122,2,True
410,122,2,True
412,120,2,True
414,120,2,True
412,122,2,True
414,122,2,True
408,124,2,True
410,124,2,True
408,126,2,True
410,126,2,True
412,124,2,True
414,124,2,True
412,126,2,True
414,126,2,True
384,128,2,True
386,128,2,True
384,130,2,True
386,130,2,True
388,128,2,True
390,128,2,False
388,130,2,False
390,130,2,False
384,132,2,True
386,132,2,False
384,134,2,False
386,134,2,False
388,132,2,False
390,132,2,True
388,134,2,True
390,134,2,True
392,128,2,False
394,128,2,True
392,130,2,True
394,130,2,True
396,128,2,True
398,128,2,True
396,130,2,True
398,130,2,True
392,132,2,True
394,132,2,True
392,134,2,True
394,134,2,True
396,132,2,True
398,132,2,True
396,134,2,True
398,134,2,True
384,136,2,False
386,136,2,True
384,138,2,True
386,138,2,True
388,136,2,True
390,136,2,True
388,138,2,True
390,138,2,True
384,140,2,True
386,140,2,True
384,142,2,True
386,142,2,True
388,140,2,True
390,140,2,True
388,142,2,True
390,142,2,True
392,136,2,True
394,136,2,True
392,138,2,True
394,138,2,True
396,136,2,True
398,136,2,True
396,138,2,True
398,138,2,True
392,140,2,True
394,140,2,True
392,142,2,True
394,142,2,True
396,140,2,True
398,140,2,True
396,142,2,True
398,142,2,True
400,128,2,True
402,128,2,True
400,130,2,True
402,130,2,True
404,128,2,True
406,128,2,True
404,130,2,True
406,130,2,True
400,132,2,True
402,132,2,True
400,134,2,True
402,134,2,True
404,132,2,True
406,132,2,True
404,134,2,True
406,134,2,True
408,128,2,True
410,128,2,True
408,130,2,True
410,130,2,True
412,128,2,True
414,128,2,False
412,130,2,True
414,130,2,False
408,132,2,True
410,132,2,True
408,134,2,True
410,134,2,False
412,132,2,False
414,132,2,False
412,134,2,False
414,134,2,True
400,136,2,True
402,136,2,True
400,138,2,True
402,138,2,True
404,136,2,True
406,136,2,True
404,138,2,True
406,138,2,True
400,140,2,True
402,140,2,True
400,142,2,True
402,142,2,True
404,140,2,True
406,140,2,False
404,142,2,True
406,142,2,False
408,136,2,True
410,136,2,False
408,138,2,False
410,138,2,False
412,136,2,True
414,136,2,True
412,138,2,True
414,138,2,True
408,140,2,False
410,140,2,True
408,142,2,True
410,142,2,True
412,140,2,True
414,140,2,True
412,142,2,True
414,142,2,True
384,144,2,True
386,144,2,True
384,146,2,True
386,146,2,True
388,144,2,True
390,144,2,True
388,146,2,True
390,146,2,True
384,148,2,True
386,148,2,True
384,150,2,True
386,150,2,True
388,148,2,True
390,148,2,True
388,150,2,True
390,150,2,True
392,144,2,True
394,144,2,True
392,146,2,True
394,146,2,True
396,144,2,True
398,144,2,True
396,146,2,True
398,146,2,True
392,148,2,True
394,148,2,True
392,150,2,True
394,150,2,True
396,148,2,True
398,148,2,True
396,150,2,True
398,150,2,True
384,152,2,True
386,152,2,True
384,154,2,True
386,154,2,True
388,152,2,True
390,152,2,True
388,154,2,True
390,154,2,True
384,156,2,True
386,156,2,True
384,158,2,True
386,158,2,True
388,156,2,True
390,156,2,True
388,158,2,True
390,158,2,True
392,152,2,True
394,152,2,True
392,154,2,True
394,154,2,True
396,152,2,True
398,152,2,False
396,154,2,True
398,154,2,False
392,156,2,True
394,156,2,True
392,158,2,True
394,158,2,False
396,156,2,False
398,156,2,False
396,158,2,False
398,158,2,True
400,144,2,True
402,144,2,True
400,146,2,True
402,146,2,False
404,144,2,False
406,144,2,False
404,146,2,False
406,146,2,True
400,148,2,True
402,148,2,False
400,150,2,False
402,150,2,False
404,148,2,True
406,148,2,True
404,150,2,True
406,150,2,True
408,144,2,True
410,144,2,True
408,146,2,True
410,146,2,True
412,144,2,True
414,144,2,True
412,146,2,True
414,146,2,True
408,148,2,True
410,148,2,True
408,150,2,True
410,150,2,True
412,148,2,True
414,148,2,True
412,150,2,True
414,150,2,True
400,152,2,False
402,152,2,True
400,154,2,True
402,154,2,True
404,152,2,True
406,152,2,True
404,154,2,True
406,154,2,True
400,156,2,True
402,156,2,True
400,158,2,True
402,158,2,True
404,156,2,True
406,156,2,True
404,158,2,True
406,158,2,True
408,152,2,True
410,152,2,True
408,154,2,True
410,154,2,True
412,152,2,True
414,152,2,True
412,154,2,True
414,154,2,True
408,156,2,True
410,156,2,True
408,158,2,True
410,158,2,True
412,156,2,True
414,156,2,True
412,158,2,True
414,158,2,True
384,160,2,True
386,160,2,True
384,162,2,True
386,162,2,True
388,160,2,True
390,160,2,True
388,162,2,True
390,162,2,True
384,164,2,True
386,164,2,True
384,166,2,True
386,166,2,True
388,164,2,True
390,164,2,False
388,166,2,False
390,166,2,False
392,160,2,False
394,160,2,False
392,162,2,False
394,162,2,True
396,160,2,True
398,160,2,True
396,162,2,True
398,162,2,True
392,164,2,False
394,164,2,True
392,166,2,True
394,166,2,True
396,164,2,True
398,164,2,True
396,166,2,True
398,166,2,True
384,168,2,True
386,168,2,True
384,170,2,True
386,170,2,False
388,168,2,False
390,168,2,True
388,170,2,False
390,170,2,True
384,172,2,False
386,172,2,False
384,174,2,False
386,174,2,True
388,172,2,True
390,172,2,True
388,174,2,True
390,174,2,True
392,168,2,True
394,168,2,True
392,170,2,True
394,170,2,True
396,168,2,True
398,168,2,True
396,170,2,True
398,170,2,True
392,172,2,True
394,172,2,True
392,174,2,True
394,174,2,True
396,172,2,True
398,172,2,True
396,174,2,True
398,174,2,True
400,160,2,True
402,160,2,True
400,162,2,True
402,162,2,True
404,160,2,True
406,160,2,True
404,162,2,True
406,162,2,True
400,164,2,True
402,164,2,True
400,166,2,True
402,166,2,True
404,164,2,True
406,164,2,True
404,166,2,True
406,166,2,True
408,160,2,True
410,160,2,True
408,162,2,True
410,162,2,True
412,160,2,True
414,160,2,True
412,162,2,True
414,162,2,True
408,164,2,True
410,164,2,True
408,166,2,True
410,166,2,True
412,164,2,True
414,164,2,True
412,166,2,True
414,166,2,True
400,168,2,True
402,168,2,True
400,170,2,True
402,170,2,True
404,168,2,True
406,168,2,True
404,170,2,True
406,170,2,True
400,172,2,True
402,172,2,True
400,174,2,True
402,174,2,True
404,172,2,True
406,172,2,True
404,174,2,True
406,174,2,True
408,168,2,True
410,168,2,True
408,170,2,True
410,170,2,True
412,168,2,True
414,168,2,True
412,170,2,True
414,170,2,False
408,172,2,True
410,172,2,False
408,174,2,False
410,174,2,False
412,172,2,False
414,172,2,False
412,174,2,True
414,174,2,True
384,176,2,True
386,176,2,True
384,178,2,True
386,178,2,True
388,176,2,True
390,176,2,True
388,178,2,True
390,178,2,True
384,180,2,True
386,180,2,True
384,182,2,True
386,182,2,True
388,180,2,True
390,180,2,True
388,182,2,True
390,182,2,True
392,176,2,True
394,176,2,True
392,178,2,True
394,178,2,True
396,176,2,True
398,176,2,True
396,178,2,True
398,178,2,True
392,180,2,True
394,180,2,True
392,182,2,True
394,182,2,False
396,180,2,True
398,180,2,False
396,182,2,False
398,182,2,False
384,184,2,True
386,184,2,True
384,186,2,False
386,186,2,False
388,184,2,False
390,184,2,False
388,186,2,False
390,186,2,True
384,188,2,True
386,188,2,True
384,190,2,True
386,190,2,True
388,188,2,True
390,188,2,True
388,190,2,True
390,190,2,True
392,184,2,False
394,184,2,False
392,186,2,True
394,186,2,True
396,184,2,True
398,184,2,True
396,186,2,True
398,186,2,True
392,188,2,True
394,188,2,True
392,190,2,True
394,190,2,True
396,188,2,True
398,188,2,True
396,190,2,True
398,190,2,True
400,176,2,True
402,176,2,True
400,178,2,False
402,178,2,False
404,176,2,False
406,176,2,False
404,178,2,False
406,178,2,True
400,180,2,False
402,180,2,True
400,182,2,True
402,182,2,True
404,180,2,True
406,180,2,True
404,182,2,True
406,182,2,True
408,176,2,False
410,176,2,True
408,178,2,True
410,178,2,True
412,176,2,True
414,176,2,True
412,178,2,True
414,178,2,True
408,180,2,True
410,180,2,True
408,182,2,True
410,182,2,True
412,180,2,True
414,180,2,True
412,182,2,True
414,182,2,True
400,184,2,True
402,184,2,True
400,186,2,True
402,186,2,True
404,184,2,True
406,184,2,True
404,186,2,True
406,186,2,True
400,188,2,True
402,188,2,True
400,190,2,True
402,190,2,True
404,188,2,True
406,188,2,True
404,190,2,True
406,190,2,True
408,184,2,True
410,184,2,True
408,186,2,True
410,186,2,True
412,184,2,True
414,184,2,True
412,186,2,True
414,186,2,True
408,188,2,True
410,188,2,True
408,190,2,True
410,190,2,True
412,188,2,True
414,188,2,True
412,190,2,True
414,190,2,True
384,192,2,True
386,192,2,True
384,194,2,True
386,194,2,True
388,192,2,True
390,192,2,True
388,194,2,True
390,194,2,True
384,196,2,True
386,196,2,True
384,198,2,True
386,198,2,True
388,196,2,True
390,196,2,True
388,198,2,True
390,198,2,True
392,192,2,True
394,192,2,True
392,194,2,True
394,194,2,True
396,192,2,True
398,192,2,True
396,194,2,True
398,194,2,True
392,196,2,True
394,196,2,True
392,198,2,True
394,198,2,True
396,196,2,True
398,196,2,True
396,198,2,True
398,198,2,True
384,200,2,True
386,200,2,True
384,202,2,True
386,202,2,True
388,200,2,True
390,200,2,True
388,202,2,True
390,202,2,True
384,204,2,True
386,204,2,True
384,206,2,True
386,206,2,True
388,204,2,True
390,204,2,True
388,206,2,True
390,206,2,True
392,200,2,True
394,200,2,True
392,202,2,True
394,202,2,True
396,200,2,True
398,200,2,True
396,202,2,True
398,202,2,True
392,204,2,True
394,204,2,True
392,206,2,True
394,206,2,True
396,204,2,True
398,204,2,True
396,206,2,True
398,206,2,True
400,192,2,True
402,192,2,True
400,194,2,True
402,194,2,True
404,192,2,True
406,192,2,True
404,194,2,True
406,194,2,True
400,196,2,True
402,196,2,True
400,198,2,True
402,198,2,True
404,196,2,True
406,196,2,True
404,198,2,True
406,198,2,True
408,192,2,True
410,192,2,True
408,194,2,True
410,194,2,True
412,192,2,True
414,192,2,True
412,194,2,True
414,194,2,True
408,196,2,True
410,196,2,True
408,198,2,True
410,198,2,True
412,196,2,True
414,196,2,True
412,198,2,True
414,198,2,True
400,200,2,True
402,200,2,True
400,202,2,True
402,202,2,True
404,200,2,True
406,200,2,True
404,202,2,True
406,202,2,True
400,204,2,True
402,204,2,True
400,206,2,True
402,206,2,True
404,204,2,True
406,204,2,True
404,206,2,True
406,206,2,True
408,200,2,True
410,200,2,True
408,202,2,True
410,202,2,True
412,200,2,True
414,200,2,True
412,202,2,True
414,202,2,True
408,204,2,True
410,204,2,True
408,206,2,True
410,206,2,True
412,204,2,True
414,204,2,True
412,206,2,True
414,206,2,True
384,208,2,True
386,208,2,True
384,210,2,True
386,210,2,True
388,208,2,True
390,208,2,True
388,210,2,True
390,210,2,True
384,212,2,True
386,212,2,True
384,214,2,True
386,214,2,True
388,212,2,True
390,212,2,True
388,214,2,True
390,214,2,True
392,208,2,True
394,208,2,True
392,210,2,True
394,210,2,True
396,208,2,True
398,208,2,True
396,210,2,True
398,210,2,True
392,212,2,True
394,212,2,True
392,214,2,True
394,214,2,True
396,212,2,True
398,212,2,True
396,214,2,True
398,214,2,True
384,216,2,True
386,216,2,True
384,218,2,True
386,218,2,True
388,216,2,True
390,216,2,True
388,218,2,True
390,218,2,True
388,220,2,True
390,220,2,True
388,222,2,True
390,222,2,True
392,216,2,True
394,216,2,True
392,218,2,True
394,218,2,True
396,216,2,True
398,216,2,True
396,218,2,True
398,218,2,True
392,220,2,True
394,220,2,True
392,222,2,True
394,222,2,True
396,220,2,True
398,220,2,True
396,222,2,True
398,222,2,True
400,208,2,True
402,208,2,True
400,210,2,True
402,210,2,True
404,208,2,True
406,208,2,True
404,210,2,True
406,210,2,True
400,212,2,True
402,212,2,True
400,214,2,True
402,214,2,True
404,212,2,True
406,212,2,True
404,214,2,True
406,214,2,True
408,208,2,True
410,208,2,True
408,210,2,True
410,210,2,True
412,208,2,True
414,208,2,True
412,210,2,True
414,210,2,True
408,212,2,True
410,212,2,True
408,214,2,True
410,214,2,True
412,212,2,True
414,212,2,True
412,214,2,True
414,214,2,True
400,216,2,True
402,216,2,True
400,218,2,True
402,218,2,True
404,216,2,True
406,216,2,True
404,218,2,True
406,218,2,True
400,220,2,True
402,220,2,True
400,222,2,True
402,222,2,True
404,220,2,True
406,220,2,True
404,222,2,True
406,222,2,True
408,216,2,True
410,216,2,True
408,218,2,True
410,218,2,True
412,216,2,True
414,216,2,True
412,218,2,True
414,218,2,True
408,220,2,True
410,220,2,True
408,222,2,True
410,222,2,True
412,220,2,True
414,220,2,False
412,222,2,True
414,222,2,False
384,224,2,True
386,224,2,True
384,226,2,True
386,226,2,True
388,224,2,True
390,224,2,True
388,226,2,True
390,226,2,True
384,228,2,True
386,228,2,True
384,230,2,True
386,230,2,True
388,228,2,True
390,228,2,True
388,230,2,True
390,230,2,True
392,224,2,True
394,224,2,True
392,226,2,True
394,226,2,True
396,224,2,True
398,224,2,True
396,226,2,True
398,226,2,True
392,228,2,True
394,228,2,True
392,230,2,True
394,230,2,True
396,228,2,True
398,228,2,True
396,230,2,True
398,230,2,True
384,232,2,True
386,232,2,True
384,234,2,True
386,234,2,True
388,232,2,True
390,232,2,True
388,234,2,True
390,234,2,True
384,236,2,True
386,236,2,True
384,238,2,True
386,238,2,True
388,236,2,True
390,236,2,True
388,238,2,True
390,238,2,True
392,232,2,True
394,232,2,True
392,234,2,True
394,234,2,True
396,232,2,True
398,232,2,True
396,234,2,True
398,234,2,True
392,236,2,True
394,236,2,True
392,238,2,True
394,238,2,True
396,236,2,True
398,236,2,True
396,238,2,True
398,238,2,True
400,224,2,True
402,224,2,True
400,226,2,True
402,226,2,True
404,224,2,True
406,224,2,True
404,226,2,True
406,226,2,True
400,228,2,True
402,228,2,True
400,230,2,True
402,230,2,True
404,228,2,True
406,228,2,True
404,230,2,True
406,230,2,True
408,224,2,True
410,224,2,True
408,226,2,True
410,226,2,False
412,224,2,False
414,224,2,False
412,226,2,False
414,226,2,False
408,228,2,True
410,228,2,False
408,230,2,False
410,230,2,False
412,228,2,False
414,228,2,True
412,230,2,False
414,230,2,True
400,232,2,True
402,232,2,True
400,234,2,True
402,234,2,True
404,232,2,True
406,232,2,True
404,234,2,True
406,234,2,False
400,236,2,True
402,236,2,True
400,238,2,True
402,238,2,True
404,236,2,False
406,236,2,False
404,238,2,False
406,238,2,False
408,232,2,False
410,232,2,False
408,234,2,False
410,234,2,False
412,232,2,True
414,232,2,True
412,234,2,True
414,234,2,True
408,236,2,False
410,236,2,True
408,238,2,False
410,238,2,True
412,236,2,True
414,236,2,True
412,238,2,True
414,238,2,True
384,240,2,True
386,240,2,True
384,242,2,True
386,242,2,True
388,240,2,True
390,240,2,True
388,242,2,True
390,242,2,True
384,244,2,True
386,244,2,True
384,246,2,True
386,246,2,True
388,244,2,True
390,244,2,True
388,246,2,True
390,246,2,True
392,240,2,True
394,240,2,True
392,242,2,True
394,242,2,True
396,240,2,True
398,240,2,True
396,242,2,True
398,242,2,True
392,244,2,True
394,244,2,True
392,246,2,True
394,246,2,True
396,244,2,True
398,244,2,True
396,246,2,True
398,246,2,False
384,248,2,True
386,248,2,True
384,250,2,True
386,250,2,True
388,248,2,True
390,248,2,True
388,250,2,True
390,250,2,True
384,252,2,True
386,252,2,True
384,254,2,True
386,254,2,True
388,252,2,True
390,252,2,True
388,254,2,True
390,254,2,True
392,248,2,True
394,248,2,True
392,250,2,True
394,250,2,True
396,248,2,False
398,248,2,False
396,250,2,False
398,250,2,True
392,252,2,True
394,252,2,False
392,254,2,False
394,254,2,False
396,252,2,False
398,252,2,False
396,254,2,True
398,254,2,False
400,240,2,True
402,240,2,False
400,242,2,False
402,242,2,False
404,240,2,False
406,240,2,False
404,242,2,False
406,242,2,True
400,244,2,False
402,244,2,False
400,246,2,False
402,246,2,False
404,244,2,False
406,244,2,True
404,246,2,True
406,246,2,True
408,240,2,True
410,240,2,True
408,242,2,True
410,242,2,True
412,240,2,True
414,240,2,True
412,242,2,True
414,242,2,True
408,244,2,True
410,244,2,True
408,246,2,True
410,246,2,True
412,244,2,True
414,244,2,True
412,246,2,True
414,246,2,True
400,248,2,False
402,248,2,False
400,250,2,False
402,250,2,True
404,248,2,True
406,248,2,True
404,250,2,True
406,250,2,True
400,252,2,False
402,252,2,True
400,254,2,True
402,254,2,True
404,252,2,True
406,252,2,True
404,254,2,True
406,254,2,True
408,248,2,True
410,248,2,True
408,250,2,True
410,250,2,True
412,248,2,True
414,248,2,True
412,250,2,True
414,250,2,True
408,252,2,True
410,252,2,True
408,254,2,True
410,254,2,True
412,252,2,True
414,252,2,True
412,254,2,True
414,254,2,True
384,256,2,True
386,256,2,True
384,258,2,True
386,258,2,True
388,256,2,True
390,256,2,True
388,258,2,True
390,258,2,False
384,260,2,True
386,260,2,True
384,262,2,True
386,262,2,True
388,260,2,False
390,260,2,False
388,262,2,False
390,262,2,True
392,256,2,False
394,256,2,True
392,258,2,False
394,258,2,False
396,256,2,False
398,256,2,False
396,258,2,False
398,258,2,True
392,260,2,True
394,260,2,False
392,262,2,False
394,262,2,False
396,260,2,True
398,260,2,True
396,262,2,True
398,262,2,True
384,264,2,True
386,264,2,False
384,266,2,False
386,266,2,False
388,264,2,False
390,264,2,True
388,266,2,True
390,266,2,False
384,268,2,False
386,268,2,True
384,270,2,True
386,270,2,True
388,268,2,False
390,268,2,False
388,270,2,False
390,270,2,True
392,264,2,False
394,264,2,True
392,266,2,False
394,266,2,True
396,264,2,True
398,264,2,True
396,266,2,True
398,266,2,True
392,268,2,True
394,268,2,True
392,270,2,True
394,270,2,True
396,268,2,True
398,268,2,True
396,270,2,True
398,270,2,True
400,256,2,True
402,256,2,True
400,258,2,True
402,258,2,True
404,256,2,True
406,256,2,True
404,258,2,True
406,258,2,True
400,260,2,True
402,260,2,True
400,262,2,True
402,262,2,True
404,260,2,True
406,260,2,True
404,262,2,True
406,262,2,True
408,256,2,True
410,256,2,True
408,258,2,True
410,258,2,True
412,256,2,True
414,256,2,True
412,258,2,True
414,258,2,True
408,260,2,True
410,260,2,True
408,262,2,True
410,262,2,True
412,260,2,True
414,260,2,True
412,262,2,True
414,262,2,True
400,264,2,True
402,264,2,True
400,266,2,True
402,266,2,True
404,264,2,True
406,264,2,True
404,266,2,True
406,266,2,True
400,268,2,True
402,268,2,True
400,270,2,True
402,270,2,True
404,268,2,True
406,268,2,True
404,270,2,True
406,270,2,True
408,264,2,True
410,264,2,True
408,266,2,True
410,266,2,True
412,264,2,True
414,264,2,False
412,266,2,True
414,266,2,False
408,268,2,True
410,268,2,True
408,270,2,True
410,270,2,True
412,268,2,True
414,268,2,False
412,270,2,False
414,270,2,False
384,272,2,True
386,272,2,False
384,274,2,True
386,274,2,False
388,272,2,False
390,272,2,True
388,274,2,True
390,274,2,True
384,276,2,False
386,276,2,False
384,278,2,False
386,278,2,True
388,276,2,True
390,276,2,True
388,278,2,True
390,278,2,True
392,272,2,True
394,272,2,True
392,274,2,True
394,274,2,True
396,272,2,True
398,272,2,True
396,274,2,True
398,274,2,True
392,276,2,True
394,276,2,True
392,278,2,True
394,278,2,True
396,276,2,True
398,276,2,True
396,278,2,True
398,278,2,True
384,280,2,True
386,280,2,True
384,282,2,True
386,282,2,True
388,280,2,True
390,280,2,True
388,282,2,True
390,282,2,True
384,284,2,True
386,284,2,True
384,286,2,True
386,286,2,True
388,284,2,True
390,284,2,True
388,286,2,True
390,286,2,True
392,280,2,True
394,280,2,True
392,282,2,True
394,282,2,True
396,280,2,True
398,280,2,True
396,282,2,True
398,282,2,True
392,284,2,True
394,284,2,True
392,286,2,True
394,286,2,True
396,284,2,True
398,284,2,True
396,286,2,True
398,286,2,True
400,272,2,True
402,272,2,True
400,274,2,True
402,274,2,True
404,272,2,True
406,272,2,True
404,274,2,True
406,274,2,True
400,276,2,True
402,276,2,True
400,278,2,True
402,278,2,True
404,276,2,True
406,276,2,True
404,278,2,True
406,278,2,True
408,272,2,True
410,272,2,True
408,274,2,True
410,274,2,False
412,272,2,False
414,272,2,True
412,274,2,False
414,274,2,True
408,276,2,True
410,276,2,False
408,278,2,True
410,278,2,False
412,276,2,True
414,276,2,True
412,278,2,True
414,278,2,True
400,280,2,True
402,280,2,True
400,282,2,True
402,282,2,True
404,280,2,True
406,280,2,True
404,282,2,True
406,282,2,True
400,284,2,True
402,284,2,True
400,286,2,True
402,286,2,True
404,284,2,True
406,284,2,True
404,286,2,True
406,286,2,False
408,280,2,False
410,280,2,False
408,282,2,False
410,282,2,True
412,280,2,True
414,280,2,True
412,282,2,True
414,282,2,True
408,284,2,False
410,284,2,True
408,286,2,False
410,286,2,True
412,284,2,True
414,284,2,True
412,286,2,True
414,286,2,True
384,288,2,True
386,288,2,True
384,290,2,True
386,290,2,True
388,288,2,True
390,288,2,True
388,290,2,True
390,290,2,True
384,292,2,True
386,292,2,True
384,294,2,True
386,294,2,True
388,292,2,True
390,292,2,True
388,294,2,True
390,294,2,True
392,288,2,True
394,288,2,True
392,290,2,True
394,290,2,True
396,288,2,True
398,288,2,True
396,290,2,True
398,290,2,True
392,292,2,True
394,292,2,True
392,294,2,True
394,294,2,True
396,292,2,True
398,292,2,True
396,294,2,True
398,294,2,True
384,296,2,True
386,296,2,True
384,298,2,True
386,298,2,True
388,296,2,True
390,296,2,True
388,298,2,True
390,298,2,True
384,300,2,True
386,300,2,True
384,302,2,True
386,302,2,True
388,300,2,True
390,300,2,True
388,302,2,True
390,302,2,True
392,296,2,True
394,296,2,True
392,298,2,True
394,298,2,True
396,296,2,True
398,296,2,True
396,298,2,True
398,298,2,True
392,300,2,True
394,300,2,True
392,302,2,True
394,302,2,True
396,300,2,True
398,300,2,True
396,302,2,True
398,302,2,True
400,288,2,True
402,288,2,True
400,290,2,True
402,290,2,True
404,288,2,True
406,288,2,False
404,290,2,False
406,290,2,False
400,292,2,True
402,292,2,True
400,294,2,True
402,294,2,True
404,292,2,False
406,292,2,True
404,294,2,False
406,294,2,True
408,288,2,True
410,288,2,True
408,290,2,True
410,290,2,True
412,288,2,True
414,288,2,True
412,290,2,True
414,290,2,True
408,292,2,True
410,292,2,True
408,294,2,True
410,294,2,True
412,292,2,True
414,292,2,True
412,294,2,True
414,294,2,True
400,296,2,True
402,296,2,False
400,298,2,True
402,298,2,False
404,296,2,False
406,296,2,True
404,298,2,True
406,298,2,True
400,300,2,True
402,300,2,False
400,302,2,False
402,302,2,False
404,300,2,True
406,300,2,True
404,302,2,True
406,302,2,True
408,296,2,True
410,296,2,True
408,298,2,True
410,298,2,True
412,296,2,True
414,296,2,True
412,298,2,True
414,298,2,True
408,300,2,True
410,300,2,True
408,302,2,True
410,302,2,True
412,300,2,True
414,300,2,True
412,302,2,True
414,302,2,True
384,304,2,True
386,304,2,True
384,306,2,True
386,306,2,True
388,304,2,True
390,304,2,True
388,306,2,True
390,306,2,True
384,308,2,True
386,308,2,True
384,310,2,True
386,310,2,True
388,308,2,True
390,308,2,True
388,310,2,True
390,310,2,True
392,304,2,True
394,304,2,True
392,306,2,True
394,306,2,True
396,304,2,True
398,304,2,True
396,306,2,True
398,306,2,False
392,308,2,True
394,308,2,True
392,310,2,True
394,310,2,True
396,308,2,True
398,308,2,False
396,310,2,True
398,310,2,False
384,312,2,True
386,312,2,True
384,314,2,True
386,314,2,True
388,312,2,True
390,312,2,True
388,314,2,True
390,314,2,True
384,316,2,True
386,316,2,True
384,318,2,True
386,318,2,True
388,316,2,True
390,316,2,True
388,318,2,True
390,318,2,True
392,312,2,True
394,312,2,True
392,314,2,True
394,314,2,True
396,312,2,False
398,312,2,False
396,314,2,False
398,314,2,True
392,316,2,True
394,316,2,True
392,318,2,True
394,318,2,False
396,316,2,False
398,316,2,True
396,318,2,False
398,318,2,True
400,304,2,False
402,304,2,True
400,306,2,False
402,306,2,True
404,304,2,True
406,304,2,True
404,306,2,True
406,306,2,True
400,308,2,True
402,308,2,True
400,310,2,True
402,310,2,True
404,308,2,True
406,308,2,True
404,310,2,True
406,310,2,True
408,304,2,True
410,304,2,True
408,306,2,True
410,306,2,True
412,304,2,True
414,304,2,True
412,306,2,True
414,306,2,True
408,308,2,True
410,308,2,True
408,310,2,True
410,310,2,True
412,308,2,True
414,308,2,True
412,310,2,True
414,310,2,True
400,312,2,True
402,312,2,True
400,314,2,True
402,314,2,True
404,312,2,True
406,312,2,True
404,314,2,True
406,314,2,True
400,316,2,True
402,316,2,True
400,318,2,True
402,318,2,True
404,316,2,True
406,316,2,True
404,318,2,True
406,318,2,True
408,312,2,True
410,312,2,True
408,314,2,True
410,314,2,True
412,312,2,True
414,312,2,True
412,314,2,True
414,314,2,True
408,316,2,True
410,316,2,True
408,318,2,True
410,318,2,True
412,316,2,True
414,316,2,True
412,318,2,True
414,318,2,True
384,320,2,True
386,320,2,True
384,322,2,True
386,322,2,True
388,320,2,True
390,320,2,True
388,322,2,True
390,322,2,True
384,324,2,True
386,324,2,True
384,326,2,True
386,326,2,True
388,324,2,True
390,324,2,True
388,326,2,True
390,326,2,True
392,320,2,True
394,320,2,False
392,322,2,True
394,322,2,False
396,320,2,True
398,320,2,True
396,322,2,True
398,322,2,True
392,324,2,False
394,324,2,False
392,326,2,False
394,326,2,True
396,324,2,True
398,324,2,True
396,326,2,True
398,326,2,True
384,328,2,True
386,328,2,True
384,330,2,True
386,330,2,True
388,328,2,True
390,328,2,False
388,330,2,True
390,330,2,False
384,332,2,True
386,332,2,True
384,334,2,True
386,334,2,True
388,332,2,True
390,332,2,False
388,334,2,False
390,334,2,False
392,328,2,False
394,328,2,True
392,330,2,True
394,330,2,True
396,328,2,True
398,328,2,True
396,330,2,True
398,330,2,True
392,332,2,True
394,332,2,True
392,334,2,True
394,334,2,True
396,332,2,True
398,332,2,True
396,334,2,True
398,334,2,True
400,320,2,True
402,320,2,True
400,322,2,True
402,322,2,True
404,320,2,True
406,320,2,True
404,322,2,True
406,322,2,True
400,324,2,True
402,324,2,True
400,326,2,True
402,326,2,True
404,324,2,True
406,324,2,True
404,326,2,True
406,326,2,True
408,320,2,True
410,320,2,True
408,322,2,True
410,322,2,True
408,324,2,True
410,324,2,True
408,326,2,True
410,326,2,True
400,328,2,True
402,328,2,True
400,330,2,True
402,330,2,True
404,328,2,True
406,328,2,True
404,330,2,True
406,330,2,True
400,332,2,True
402,332,2,True
400,334,2,True
402,334,2,True
404,332,2,True
406,332,2,True
404,334,2,True
406,334,2,True
408,328,2,True
410,328,2,True
408,330,2,True
410,330,2,True
384,336,2,True
386,336,2,True
384,338,2,True
386,338,2,True
388,336,2,False
390,336,2,True
388,338,2,False
390,338,2,True
384,340,2,True
386,340,2,False
384,342,2,True
386,342,2,False
388,340,2,False
390,340,2,True
388,342,2,True
390,342,2,True
392,336,2,True
394,336,2,True
392,338,2,True
394,338,2,True
396,336,2,True
398,336,2,True
396,338,2,True
398,338,2,True
392,340,2,True
394,340,2,True
392,342,2,True
394,342,2,True
396,340,2,True
398,340,2,True
396,342,2,True
398,342,2,True
384,344,2,True
386,344,2,False
384,346,2,False
386,346,2,False
388,344,2,True
390,344,2,True
388,346,2,True
390,346,2,True
384,348,2,False
386,348,2,True
384,350,2,False
386,350,2,True
388,348,2,True
390,348,2,True
388,350,2,True
390,350,2,True
392,344,2,True
394,344,2,True
392,346,2,True
394,346,2,True
396,344,2,True
398,344,2,True
396,346,2,True
398,346,2,True
392,348,2,True
394,348,2,True
392,350,2,True
394,350,2,True
396,348,2,True
398,348,2,True
396,350,2,True
398,350,2,True
400,336,2,True
402,336,2,True
400,338,2,True
402,338,2,True
404,336,2,True
406,336,2,True
404,338,2,True
406,338,2,True
400,340,2,True
402,340,2,True
400,342,2,True
402,342,2,True
400,344,2,True
402,344,2,True
400,346,2,True
402,346,2,True
400,348,2,True
402,348,2,True
400,350,2,True
402,350,2,True
384,352,2,False
386,352,2,True
384,354,2,True
386,354,2,True
388,352,2,True
390,352,2,True
388,354,2,True
390,354,2,True
384,356,2,True
386,356,2,True
384,358,2,True
386,358,2,True
388,356,2,True
390,356,2,True
388,358,2,True
390,358,2,True
392,352,2,True
394,352,2,True
392,354,2,True
394,354,2,True
396,352,2,True
398,352,2,True
396,354,2,True
398,354,2,True
392,356,2,True
394,356,2,True
392,358,2,True
394,358,2,True
396,356,2,True
398,356,2,True
396,358,2,True
398,358,2,True
384,360,2,True
386,360,2,True
384,362,2,True
386,362,2,True
388,360,2,True
390,360,2,True
388,362,2,True
390,362,2,True
384,364,2,True
386,364,2,True
384,366,2,True
386,366,2,True
388,364,2,True
390,364,2,True
388,366,2,True
390,366,2,True
392,360,2,True
394,360,2,True
392,362,2,True
394,362,2,True
396,360,2,True
398,360,2,True
396,362,2,True
398,362,2,True
392,364,2,True
394,364,2,True
392,366,2,True
394,366,2,True
384,368,2,True
386,368,2,True
384,370,2,True
386,370,2,True
388,368,2,True
390,368,2,True
388,370,2,True
390,370,2,True
384,372,2,True
386,372,2,True
384,374,2,True
386,374,2,True
388,372,2,True
390,372,2,True
388,374,2,True
390,374,2,True
392,368,2,True
394,368,2,True
392,370,2,True
394,370,2,True
392,372,2,True
394,372,2,True
392,374,2,True
394,374,2,True
384,376,2,True
386,376,2,True
384,378,2,True
386,378,2,True
388,376,2,True
390,376,2,True
388,378,2,True
390,378,2,True
384,380,2,True
386,380,2,True
384,382,2,True
386,382,2,True
388,380,2,True
390,380,2,True
388,382,2,True
390,382,2,True
384,384,2,True
386,384,2,True
384,386,2,True
386,386,2,True
384,388,2,True
386,388,2,True
384,390,2,True
386,390,2,True
384,392,2,True
386,392,2,True
384,394,2,True
386,394,2,True
416,0,2,True
418,0,2,True
416,2,2,True
418,2,2,True
420,0,2,True
422,0,2,True
420,2,2,True
422,2,2,True
416,4,2,True
418,4,2,True
416,6,2,True
418,6,2,True
420,4,2,True
422,4,2,True
420,6,2,True
422,6,2,True
424,0,2,True
426,0,2,True
424,2,2,True
426,2,2,True
428,0,2,True
430,0,2,True
428,2,2,True
430,2,2,True
424,4,2,True
426,4,2,True
424,6,2,True
426,6,2,True
428,4,2,True
430,4,2,True
428,6,2,True
430,6,2,True
416,8,2,True
418,8,2,True
416,10,2,True
418,10,2,True
420,8,2,True
422,8,2,True
420,10,2,True
422,10,2,True
416,12,2,True
418,12,2,True
416,14,2,True
418,14,2,True
420,12,2,True
422,12,2,True
420,14,2,True
422,14,2,True
424,8,2,True
426,8,2,True
424,10,2,True
426,10,2,True
428,8,2,True
430,8,2,True
428,10,2,True
430,10,2,True
424,12,2,True
426,12,2,True
424,14,2,True
426,14,2,True
428,12,2,True
430,12,2,True
428,14,2,True
430,14,2,True
432,0,2,True
434,0,2,True
432,2,2,True
434,2,2,True
436,0,2,True
438,0,2,True
436,2,2,True
438,2,2,True
432,4,2,True
434,4,2,True
432,6,2,True
434,6,2,True
436,4,2,True
438,4,2,True
436,6,2,True
438,6,2,True
440,0,2,True
442,0,2,True
440,2,2,True
442,2,2,True
444,0,2,True
446,0,2,True
444,2,2,True
446,2,2,True
440,4,2,True
442,4,2,True
440,6,2,True
442,6,2,True
444,4,2,True
446,4,2,True
444,6,2,True
446,6,2,True
432,8,2,True
434,8,2,True
432,10,2,True
434,10,2,True
436,8,2,True
438,8,2,True
436,10,2,True
438,10,2,True
432,12,2,True
434,12,2,True
432,14,2,True
434,14,2,True
436,12,2,True
438,12,2,True
436,14,2,True
438,14,2,True
440,8,2,True
442,8,2,True
440,10,2,True
442,10,2,True
444,8,2,True
446,8,2,True
444,10,2,True
446,10,2,False
440,12,2,True
442,12,2,True
440,14,2,True
442,14,2,True
444,12,2,False
446,12,2,False
444,14,2,False
446,14,2,True
416,16,2,True
418,16,2,True
416,18,2,True
418,18,2,True
420,16,2,True
422,16,2,True
420,18,2,True
422,18,2,True
416,20,2,True
418,20,2,True
416,22,2,True
418,22,2,True
420,20,2,True
422,20,2,True
420,22,2,True
422,22,2,True
424,16,2,True
426,16,2,True
424,18,2,True
426,18,2,True
428,16,2,True
430,16,2,True
428,18,2,True
430,18,2,True
424,20,2,True
426,20,2,True
424,22,2,True
426,22,2,True
428,20,2,True
430,20,2,True
428,22,2,True
430,22,2,True
416,24,2,True
418,24,2,True
416,26,2,True
418,26,2,True
420,24,2,True
422,24,2,True
420,26,2,True
422,26,2,True
416,28,2,True
418,28,2,True
416,30,2,True
418,30,2,True
420,28,2,True
422,28,2,True
420,30,2,True
422,30,2,True
424,24,2,True
426,24,2,True
424,26,2,True
426,26,2,True
428,24,2,True
430,24,2,True
428,26,2,True
430,26,2,True
424,28,2,True
426,28,2,True
424,30,2,True
426,30,2,True
428,28,2,True
430,28,2,True
428,30,2,True
430,30,2,True
432,16,2,True
434,16,2,True
432,18,2,True
434,18,2,True
436,16,2,True
438,16,2,True
436,18,2,True
438,18,2,True
432,20,2,True
434,20,2,True
432,22,2,True
434,22,2,True
436,20,2,True
438,20,2,True
436,22,2,True
438,22,2,False
440,16,2,True
442,16,2,False
440,18,2,False
442,18,2,False
444,16,2,False
446,16,2,True
444,18,2,True
446,18,2,True
440,20,2,False
442,20,2,True
440,22,2,False
442,22,2,True
444,20,2,True
446,20,2,True
444,22,2,True
446,22,2,True
432,24,2,True
434,24,2,True
432,26,2,True
434,26,2,True
436,24,2,False
438,24,2,False
436,26,2,False
438,26,2,True
432,28,2,True
434,28,2,False
432,30,2,False
434,30,2,False
436,28,2,False
438,28,2,True
436,30,2,True
438,30,2,True
440,24,2,True
442,24,2,True
440,26,2,True
442,26,2,True
444,24,2,True
446,24,2,True
444,26,2,True
446,26,2,True
440,28,2,True
442,28,2,True
440,30,2,True
442,30,2,True
444,28,2,True
446,28,2,True
444,30,2,True
446,30,2,True
416,32,2,True
418,32,2,True
416,34,2,True
418,34,2,True
420,32,2,True
422,32,2,True
420,34,2,True
422,34,2,True
416,36,2,True
418,36,2,True
416,38,2,True
418,38,2,True
420,36,2,True
422,36,2,True
420,38,2,True
422,38,2,True
424,32,2,True
426,32,2,True
424,34,2,True
426,34,2,True
428,32,2,True
430,32,2,True
428,34,2,True
430,34,2,False
424,36,2,True
426,36,2,True
424,38,2,True
426,38,2,True
428,36,2,False
430,36,2,False
428,38,2,False
430,38,2,True
416,40,2,True
418,40,2,True
416,42,2,True
418,42,2,True
420,40,2,True
422,40,2,True
420,42,2,True
422,42,2,True
416,44,2,True
418,44,2,True
416,46,2,True
418,46,2,False
420,44,2,True
422,44,2,False
420,46,2,False
422,46,2,False
424,40,2,True
426,40,2,False
424,42,2,False
426,42,2,False
428,40,2,False
430,40,2,True
428,42,2,False
430,42,2,False
424,44,2,False
426,44,2,False
424,46,2,False
426,46,2,True
428,44,2,False
430,44,2,True
428,46,2,True
430,46,2,True
432,32,2,False
434,32,2,True
432,34,2,False
434,34,2,True
436,32,2,True
438,32,2,True
436,34,2,True
438,34,2,True
432,36,2,True
434,36,2,True
432,38,2,True
434,38,2,True
436,36,2,True
438,36,2,False
436,38,2,False
438,38,2,False
440,32,2,True
442,32,2,True
440,34,2,True
442,34,2,False
444,32,2,True
446,32,2,False
444,34,2,False
446,34,2,False
440,36,2,False
442,36,2,False
440,38,2,True
442,38,2,True
444,36,2,True
446,36,2,False
444,38,2,False
446,38,2,False
432,40,2,False
434,40,2,False
432,42,2,False
434,42,2,True
436,40,2,False
438,40,2,True
436,42,2,True
438,42,2,True
432,44,2,True
434,44,2,True
432,46,2,True
434,46,2,True
436,44,2,True
438,44,2,True
436,46,2,True
438,46,2,False
440,40,2,True
442,40,2,False
440,42,2,True
442,42,2,False
444,40,2,False
446,40,2,True
444,42,2,True
446,42,2,True
440,44,2,False
442,44,2,False
440,46,2,False
442,46,2,True
444,44,2,True
446,44,2,True
444,46,2,True
446,46,2,True
416,48,2,False
418,48,2,False
416,50,2,True
418,50,2,False
420,48,2,False
422,48,2,False
420,50,2,False
422,50,2,True
416,52,2,True
418,52,2,False
416,54,2,False
418,54,2,False
420,52,2,True
422,52,2,True
420,54,2,True
422,54,2,True
424,48,2,True
426,48,2,True
424,50,2,True
426,50,2,True
428,48,2,True
430,48,2,True
428,50,2,True
430,50,2,True
424,52,2,True
426,52,2,True
424,54,2,True
426,54,2,True
428,52,2,True
430,52,2,True
428,54,2,True
430,54,2,False
416,56,2,False
418,56,2,True
416,58,2,True
418,58,2,True
420,56,2,True
422,56,2,True
420,58,2,True
422,58,2,True
416,60,2,True
418,60,2,True
416,62,2,True
418,62,2,True
420,60,2,True
422,60,2,True
420,62,2,False
422,62,2,False
424,56,2,True
426,56,2,True
424,58,2,True
426,58,2,False
428,56,2,False
430,56,2,False
428,58,2,False
430,58,2,True
424,60,2,False
426,60,2,False
424,62,2,False
426,62,2,True
428,60,2,True
430,60,2,True
428,62,2,True
430,62,2,True
432,48,2,True
434,48,2,True
432,50,2,True
434,50,2,False
436,48,2,False
438,48,2,False
436,50,2,False
438,50,2,True
432,52,2,False
434,52,2,False
432,54,2,False
434,54,2,True
436,52,2,True
438,52,2,True
436,54,2,True
438,54,2,True
440,48,2,True
442,48,2,True
440,50,2,True
442,50,2,True
444,48,2,True
446,48,2,True
444,50,2,True
446,50,2,True
440,52,2,True
442,52,2,True
440,54,2,True
442,54,2,True
444,52,2,True
446,52,2,True
444,54,2,True
446,54,2,True
432,56,2,True
434,56,2,True
432,58,2,True
434,58,2,True
436,56,2,True
438,56,2,True
436,58,2,True
438,58,2,True
432,60,2,True
434,60,2,True
432,62,2,True
434,62,2,True
436,60,2,True
438,60,2,True
436,62,2,True
438,62,2,True
440,56,2,True
442,56,2,True
440,58,2,True
442,58,2,True
444,56,2,True
446,56,2,True
444,58,2,True
446,58,2,True
440,60,2,True
442,60,2,True
440,62,2,True
442,62,2,True
444,60,2,True
446,60,2,True
444,62,2,True
446,62,2,False
416,64,2,True
418,64,2,False
416,66,2,False
418,66,2,False
420,64,2,False
422,64,2,True
420,66,2,True
422,66,2,True
416,68,2,False
418,68,2,True
416,70,2,True
418,70,2,True
420,68,2,True
422,68,2,True
420,70,2,True
422,70,2,True
424,64,2,True
426,64,2,True
424,66,2,True
426,66,2,True
428,64,2,True
430,64,2,True
428,66,2,True
430,66,2,True
424,68,2,True
426,68,2,True
424,70,2,True
426,70,2,True
428,68,2,True
430,68,2,True
428,70,2,True
430,70,2,True
416,72,2,True
418,72,2,True
416,74,2,True
418,74,2,True
420,72,2,True
422,72,2,True
420,74,2,True
422,74,2,True
416,76,2,True
418,76,2,True
416,78,2,True
418,78,2,True
420,76,2,True
422,76,2,True
420,78,2,True
422,78,2,True
424,72,2,True
426,72,2,True
424,74,2,True
426,74,2,True
428,72,2,True
430,72,2,True
428,74,2,True
430,74,2,True
424,76,2,True
426,76,2,True
424,78,2,True
426,78,2,True
428,76,2,True
430,76,2,True
428,78,2,True
430,78,2,True
432,64,2,True
434,64,2,True
432,66,2,True
434,66,2,True
436,64,2,True
438,64,2,True
436,66,2,True
438,66,2,True
432,68,2,True
434,68,2,True
432,70,2,True
434,70,2,True
436,68,2,True
438,68,2,True
436,70,2,True
438,70,2,True
440,64,2,True
442,64,2,True
440,66,2,True
442,66,2,True
444,64,2,False
446,64,2,False
444,66,2,False
446,66,2,True
440,68,2,True
442,68,2,False
440,70,2,False
442,70,2,False
444,68,2,False
446,68,2,True
444,70,2,True
446,70,2,True
432,72,2,True
434,72,2,True
432,74,2,True
434,74,2,True
436,72,2,True
438,72,2,False
436,74,2,True
438,74,2,False
432,76,2,True
434,76,2,True
432,78,2,True
434,78,2,False
436,76,2,False
438,76,2,False
436,78,2,False
438,78,2,True
440,72,2,False
442,72,2,True
440,74,2,True
442,74,2,True
444,72,2,True
446,72,2,True
444,74,2,True
446,74,2,True
440,76,2,True
442,76,2,True
440,78,2,True
442,78,2,True
444,76,2,True
446,76,2,True
444,78,2,True
446,78,2,False
416,80,2,True
418,80,2,True
416,82,2,True
418,82,2,True
420,80,2,True
422,80,2,True
420,82,2,True
422,82,2,True
416,84,2,True
418,84,2,True
416,86,2,True
418,86,2,True
420,84,2,True
422,84,2,True
420,86,2,True
422,86,2,True
424,80,2,True
426,80,2,True
424,82,2,True
426,82,2,True
428,80,2,True
430,80,2,True
428,82,2,True
430,82,2,False
424,84,2,True
426,84,2,True
424,86,2,True
426,86,2,True
428,84,2,True
430,84,2,False
428,86,2,False
430,86,2,False
416,88,2,True
418,88,2,True
416,90,2,True
418,90,2,True
420,88,2,True
422,88,2,True
420,90,2,True
422,90,2,True
416,92,2,True
418,92,2,True
416,94,2,True
418,94,2,True
420,92,2,True
422,92,2,False
420,94,2,True
422,94,2,False
424,88,2,True
426,88,2,False
424,90,2,False
426,90,2,False
428,88,2,False
430,88,2,True
428,90,2,True
430,90,2,True
424,92,2,False
426,92,2,True
424,94,2,True
426,94,2,True
428,92,2,True
430,92,2,True
428,94,2,True
430,94,2,True
432,80,2,False
434,80,2,False
432,82,2,False
434,82,2,True
436,80,2,True
438,80,2,True
436,82,2,True
438,82,2,True
432,84,2,True
434,84,2,True
432,86,2,True
434,86,2,True
436,84,2,True
438,84,2,True
436,86,2,True
438,86,2,True
440,80,2,True
442,80,2,True
440,82,2,True
442,82,2,True
444,80,2,True
446,80,2,False
444,82,2,False
446,82,2,False
440,84,2,True
442,84,2,False
440,86,2,True
442,86,2,False
444,84,2,False
446,84,2,True
444,86,2,True
446,86,2,True
432,88,2,True
434,88,2,True
432,90,2,True
434,90,2,True
436,88,2,True
438,88,2,True
436,90,2,True
438,90,2,False
432,92,2,True
434,92,2,True
432,94,2,True
434,94,2,True
436,92,2,True
438,92,2,False
436,94,2,False
438,94,2,False
440,88,2,False
442,88,2,False
440,90,2,False
442,90,2,True
444,88,2,True
446,88,2,True
444,90,2,True
446,90,2,True
440,92,2,True
442,92,2,True
440,94,2,True
442,94,2,True
444,92,2,True
446,92,2,True
444,94,2,True
446,94,2,True
416,96,2,True
418,96,2,True
416,98,2,True
418,98,2,False
420,96,2,False
422,96,2,False
420,98,2,False
422,98,2,True
416,100,2,False
418,100,2,False
416,102,2,False
418,102,2,True
420,100,2,True
422,100,2,True
420,102,2,True
422,102,2,True
424,96,2,True
426,96,2,True
424,98,2,True
426,98,2,True
428,96,2,True
430,96,2,True
428,98,2,True
430,98,2,True
424,100,2,True
426,100,2,True
424,102,2,True
426,102,2,True
428,100,2,True
430,100,2,True
428,102,2,True
430,102,2,True
416,104,2,True
418,104,2,True
416,106,2,True
418,106,2,True
420,104,2,True
422,104,2,True
420,106,2,True
422,106,2,True
416,108,2,True
418,108,2,True
416,110,2,True
418,110,2,True
420,108,2,True
422,108,2,True
420,110,2,True
422,110,2,True
424,104,2,True
426,104,2,True
424,106,2,True
426,106,2,True
428,104,2,True
430,104,2,False
428,106,2,False
430,106,2,False
424,108,2,True
426,108,2,True
424,110,2,True
426,110,2,False
428,108,2,False
430,108,2,True
428,110,2,False
430,110,2,True
432,96,2,True
434,96,2,False
432,98,2,True
434,98,2,False
436,96,2,False
438,96,2,True
436,98,2,True
438,98,2,True
432,100,2,False
434,100,2,False
432,102,2,False
434,102,2,True
436,100,2,True
438,100,2,True
436,102,2,True
438,102,2,True
440,96,2,True
442,96,2,True
440,98,2,True
442,98,2,True
444,96,2,True
446,96,2,True
444,98,2,True
446,98,2,True
440,100,2,True
442,100,2,True
440,102,2,True
442,102,2,True
444,100,2,True
446,100,2,True
444,102,2,True
446,102,2,True
432,104,2,False
434,104,2,True
432,106,2,True
434,106,2,True
436,104,2,True
438,104,2,True
436,106,2,True
438,106,2,True
432,108,2,True
434,108,2,True
432,110,2,True
434,110,2,True
436,108,2,True
438,108,2,True
436,110,2,True
438,110,2,True
440,104,2,True
442,104,2,True
440,106,2,True
442,106,2,True
444,104,2,True
446,104,2,True
444,106,2,True
446,106,2,True
440,108,2,True
442,108,2,True
440,110,2,True
442,110,2,True
444,108,2,True
446,108,2,True
444,110,2,True
446,110,2,True
416,112,2,True
418,112,2,True
416,114,2,True
418,114,2,True
420,112,2,True
422,112,2,True
420,114,2,True
422,114,2,True
416,116,2,True
418,116,2,True
416,118,2,True
418,118,2,True
420,116,2,True
422,116,2,False
420,118,2,False
422,118,2,False
424,112,2,False
426,112,2,False
424,114,2,False
426,114,2,True
428,112,2,True
430,112,2,True
428,114,2,True
430,114,2,True
424,116,2,False
426,116,2,True
424,118,2,True
426,118,2,True
428,116,2,True
430,116,2,True
428,118,2,True
430,118,2,True
416,120,2,True
418,120,2,True
416,122,2,True
418,122,2,False
420,120,2,False
422,120,2,True
420,122,2,False
422,122,2,True
416,124,2,False
418,124,2,False
416,126,2,False
418,126,2,True
420,124,2,True
422,124,2,True
420,126,2,True
422,126,2,True
424,120,2,True
426,120,2,True
424,122,2,True
426,122,2,True
428,120,2,True
430,120,2,True
428,122,2,True
430,122,2,True
424,124,2,True
426,124,2,True
424,126,2,True
426,126,2,True
428,124,2,True
430,124,2,True
428,126,2,True
430,126,2,True
432,112,2,True
434,112,2,True
432,114,2,True
434,114,2,True
436,112,2,True
438,112,2,True
436,114,2,True
438,114,2,True
432,116,2,True
434,116,2,True
432,118,2,True
434,118,2,True
436,116,2,True
438,116,2,True
436,118,2,True
438,118,2,True
440,112,2,True
442,112,2,True
440,114,2,True
442,114,2,True
444,112,2,True
446,112,2,True
444,114,2,True
446,114,2,True
440,116,2,True
442,116,2,True
440,118,2,True
442,118,2,True
444,116,2,True
446,116,2,True
444,118,2,True
446,118,2,True
432,120,2,True
434,120,2,True
432,122,2,True
434,122,2,True
436,120,2,True
438,120,2,True
436,122,2,True
438,122,2,True
432,124,2,True
434,124,2,True
432,126,2,True
434,126,2,True
436,124,2,True
438,124,2,True
436,126,2,True
438,126,2,True
440,120,2,True
442,120,2,True
440,122,2,True
442,122,2,True
444,120,2,True
446,120,2,True
444,122,2,True
446,122,2,True
440,124,2,True
442,124,2,True
440,126,2,True
442,126,2,True
444,124,2,True
446,124,2,True
444,126,2,True
446,126,2,True
416,128,2,False
418,128,2,True
416,130,2,True
418,130,2,True
420,128,2,True
422,128,2,True
420,130,2,True
422,130,2,True
416,132,2,True
418,132,2,True
416,134,2,True
418,134,2,True
420,132,2,True
422,132,2,True
420,134,2,True
422,134,2,True
424,128,2,True
426,128,2,True
424,130,2,True
426,130,2,True
428,128,2,True
430,128,2,True
428,130,2,True
430,130,2,True
424,132,2,True
426,132,2,True
424,134,2,True
426,134,2,True
428,132,2,True
430,132,2,True
428,134,2,True
430,134,2,True
416,136,2,True
418,136,2,True
416,138,2,True
418,138,2,True
420,136,2,True
422,136,2,True
420,138,2,True
422,138,2,True
416,140,2,True
418,140,2,True
416,142,2,True
418,142,2,True
420,140,2,True
422,140,2,True
420,142,2,True
422,142,2,True
424,136,2,True
426,136,2,True
424,138,2,True
426,138,2,True
428,136,2,True
430,136,2,True
428,138,2,True
430,138,2,True
424,140,2,True
426,140,2,True
424,142,2,True
426,142,2,True
428,140,2,True
430,140,2,True
428,142,2,True
430,142,2,True
432,128,2,True
434,128,2,True
432,130,2,True
434,130,2,True
436,128,2,True
438,128,2,True
436,130,2,True
438,130,2,True
432,132,2,True
434,132,2,True
432,134,2,True
434,134,2,True
436,132,2,True
438,132,2,True
436,134,2,True
438,134,2,True
440,128,2,True
442,128,2,True
440,130,2,True
442,130,2,True
444,128,2,True
446,128,2,True
444,130,2,True
446,130,2,True
440,132,2,True
442,132,2,True
440,134,2,True
442,134,2,True
444,132,2,True
446,132,2,True
444,134,2,True
446,134,2,True
432,136,2,True
434,136,2,True
432,138,2,True
434,138,2,True
436,136,2,True
438,136,2,True
436,138,2,True
438,138,2,True
432,140,2,True
434,140,2,True
432,142,2,True
434,142,2,True
436,140,2,True
438,140,2,True
436,142,2,True
438,142,2,True
440,136,2,True
442,136,2,True
440,138,2,True
442,138,2,True
444,136,2,True
446,136,2,True
444,138,2,True
446,138,2,True
440,140,2,True
442,140,2,True
440,142,2,True
442,142,2,True
444,140,2,True
446,140,2,False
444,142,2,False
446,142,2,False
416,144,2,True
418,144,2,True
416,146,2,True
418,146,2,True
420,144,2,True
422,144,2,True
420,146,2,True
422,146,2,True
416,148,2,True
418,148,2,True
416,150,2,True
418,150,2,True
420,148,2,True
422,148,2,True
420,150,2,True
422,150,2,True
424,144,2,True
426,144,2,True
424,146,2,True
426,146,2,True
428,144,2,True
430,144,2,True
428,146,2,True
430,146,2,True
424,148,2,True
426,148,2,True
424,150,2,True
426,150,2,True
428,148,2,True
430,148,2,True
428,150,2,True
430,150,2,True
416,152,2,True
418,152,2,True
416,154,2,True
418,154,2,True
420,152,2,True
422,152,2,True
420,154,2,True
422,154,2,True
416,156,2,True
418,156,2,True
416,158,2,True
418,158,2,True
420,156,2,True
422,156,2,True
420,158,2,True
422,158,2,True
424,152,2,True
426,152,2,True
424,154,2,True
426,154,2,True
428,152,2,True
430,152,2,True
428,154,2,True
430,154,2,True
424,156,2,True
426,156,2,True
424,158,2,True
426,158,2,True
428,156,2,True
430,156,2,False
428,158,2,False
430,158,2,False
432,144,2,True
434,144,2,True
432,146,2,True
434,146,2,True
436,144,2,True
438,144,2,True
436,146,2,True
438,146,2,True
432,148,2,True
434,148,2,True
432,150,2,True
434,150,2,True
436,148,2,True
438,148,2,False
436,150,2,False
438,150,2,False
440,144,2,True
442,144,2,False
440,146,2,False
442,146,2,False
444,144,2,False
446,144,2,True
444,146,2,True
446,146,2,True
440,148,2,False
442,148,2,True
440,150,2,True
442,150,2,True
444,148,2,True
446,148,2,True
444,150,2,True
446,150,2,True
432,152,2,True
434,152,2,False
432,154,2,False
434,154,2,False
436,152,2,False
438,152,2,True
436,154,2,True
438,154,2,True
432,156,2,False
434,156,2,True
432,158,2,True
434,158,2,True
436,156,2,True
438,156,2,True
436,158,2,True
438,158,2,True
440,152,2,True
442,152,2,True
440,154,2,True
442,154,2,True
444,152,2,True
446,152,2,True
444,154,2,True
446,154,2,True
440,156,2,True
442,156,2,True
440,158,2,True
442,158,2,True
444,156,2,True
446,156,2,True
444,158,2,True
446,158,2,True
416,160,2,True
418,160,2,True
416,162,2,True
418,162,2,True
420,160,2,True
422,160,2,True
420,162,2,True
422,162,2,True
416,164,2,True
418,164,2,True
416,166,2,True
418,166,2,False
420,164,2,False
422,164,2,False
420,166,2,False
422,166,2,True
424,160,2,True
426,160,2,False
424,162,2,False
426,162,2,False
428,160,2,False
430,160,2,True
428,162,2,True
430,162,2,True
424,164,2,False
426,164,2,True
424,166,2,True
426,166,2,True
428,164,2,True
430,164,2,True
428,166,2,True
430,166,2,True
416,168,2,False
418,168,2,False
416,170,2,False
418,170,2,True
420,168,2,True
422,168,2,True
420,170,2,True
422,170,2,True
416,172,2,True
418,172,2,True
416,174,2,True
418,174,2,True
420,172,2,True
422,172,2,True
420,174,2,True
422,174,2,True
424,168,2,True
426,168,2,True
424,170,2,True
426,170,2,True
428,168,2,True
430,168,2,True
428,170,2,True
430,170,2,True
424,172,2,True
426,172,2,True
424,174,2,True
426,174,2,True
428,172,2,True
430,172,2,True
428,174,2,True
430,174,2,True
432,160,2,True
434,160,2,True
432,162,2,True
434,162,2,True
436,160,2,True
438,160,2,True
436,162,2,True
438,162,2,True
432,164,2,True
434,164,2,True
432,166,2,True
434,166,2,True
436,164,2,True
438,164,2,True
436,166,2,True
438,166,2,True
440,160,2,True
442,160,2,True
440,162,2,True
442,162,2,True
444,160,2,True
446,160,2,True
444,162,2,True
446,162,2,True
440,164,2,True
442,164,2,True
440,166,2,True
442,166,2,True
444,164,2,True
446,164,2,True
444,166,2,True
446,166,2,False
432,168,2,True
434,168,2,True
432,170,2,True
434,170,2,True
436,168,2,True
438,168,2,True
436,170,2,True
438,170,2,True
432,172,2,True
434,172,2,True
432,174,2,True
434,174,2,True
436,172,2,True
438,172,2,True
436,174,2,True
438,174,2,True
440,168,2,True
442,168,2,True
440,170,2,True
442,170,2,True
444,168,2,True
446,168,2,False
444,170,2,False
446,170,2,False
440,172,2,True
442,172,2,False
440,174,2,True
442,174,2,False
444,172,2,False
446,172,2,True
444,174,2,False
446,174,2,True
416,176,2,True
418,176,2,True
416,178,2,True
418,178,2,True
420,176,2,True
422,176,2,True
420,178,2,True
422,178,2,True
416,180,2,True
418,180,2,True
416,182,2,True
418,182,2,True
420,180,2,True
422,180,2,True
420,182,2,True
422,182,2,True
424,176,2,True
426,176,2,True
424,178,2,True
426,178,2,True
428,176,2,True
430,176,2,True
428,178,2,True
430,178,2,True
424,180,2,True
426,180,2,True
424,182,2,True
426,182,2,True
428,180,2,True
430,180,2,True
428,182,2,True
430,182,2,True
416,184,2,True
418,184,2,True
416,186,2,True
418,186,2,True
420,184,2,True
422,184,2,True
420,186,2,True
422,186,2,True
416,188,2,True
418,188,2,True
416,190,2,True
418,190,2,True
420,188,2,True
422,188,2,True
420,190,2,True
422,190,2,True
424,184,2,True
426,184,2,True
424,186,2,True
426,186,2,True
428,184,2,True
430,184,2,True
428,186,2,True
430,186,2,True
424,188,2,True
426,188,2,True
424,190,2,True
426,190,2,True
428,188,2,True
430,188,2,True
428,190,2,True
430,190,2,True
432,176,2,True
434,176,2,True
432,178,2,True
434,178,2,True
436,176,2,True
438,176,2,True
436,178,2,True
438,178,2,True
432,180,2,True
434,180,2,True
432,182,2,True
434,182,2,True
436,180,2,True
438,180,2,False
436,182,2,True
438,182,2,False
440,176,2,False
442,176,2,False
440,178,2,False
442,178,2,False
444,176,2,True
446,176,2,True
444,178,2,True
446,178,2,True
440,180,2,False
442,180,2,True
440,182,2,True
442,182,2,True
444,180,2,True
446,180,2,True
444,182,2,True
446,182,2,True
432,184,2,True
434,184,2,True
432,186,2,True
434,186,2,False
436,184,2,False
438,184,2,False
436,186,2,False
438,186,2,True
432,188,2,True
434,188,2,False
432,190,2,False
434,190,2,False
436,188,2,False
438,188,2,True
436,190,2,True
438,190,2,True
440,184,2,True
442,184,2,True
440,186,2,True
442,186,2,True
444,184,2,True
446,184,2,True
444,186,2,True
446,186,2,True
440,188,2,True
442,188,2,True
440,190,2,True
442,190,2,True
444,188,2,True
446,188,2,True
444,190,2,True
446,190,2,False
416,192,2,True
418,192,2,True
416,194,2,True
418,194,2,True
420,192,2,True
422,192,2,True
420,194,2,True
422,194,2,True
416,196,2,True
418,196,2,True
416,198,2,True
418,198,2,True
420,196,2,True
422,196,2,True
420,198,2,True
422,198,2,True
424,192,2,True
426,192,2,True
424,194,2,True
426,194,2,True
428,192,2,True
430,192,2,True
428,194,2,True
430,194,2,False
424,196,2,True
426,196,2,True
424,198,2,True
426,198,2,True
428,196,2,True
430,196,2,False
428,198,2,False
430,198,2,False
416,200,2,True
418,200,2,True
416,202,2,True
418,202,2,True
420,200,2,True
422,200,2,True
420,202,2,True
422,202,2,True
416,204,2,True
418,204,2,True
416,206,2,True
418,206,2,True
420,204,2,True
422,204,2,True
420,206,2,True
422,206,2,True
424,200,2,True
426,200,2,False
424,202,2,True
426,202,2,False
428,200,2,False
430,200,2,True
428,202,2,False
430,202,2,True
424,204,2,False
426,204,2,False
424,206,2,False
426,206,2,True
428,204,2,True
430,204,2,True
428,206,2,True
430,206,2,True
432,192,2,False
434,192,2,True
432,194,2,False
434,194,2,True
436,192,2,True
438,192,2,True
436,194,2,True
438,194,2,True
432,196,2,True
434,196,2,True
432,198,2,True
434,198,2,True
436,196,2,True
438,196,2,True
436,198,2,True
438,198,2,True
440,192,2,True
442,192,2,True
440,194,2,True
442,194,2,True
444,192,2,True
446,192,2,False
444,194,2,False
446,194,2,False
440,196,2,True
442,196,2,True
440,198,2,True
442,198,2,False
444,196,2,False
446,196,2,True
444,198,2,False
446,198,2,True
432,200,2,True
434,200,2,True
432,202,2,True
434,202,2,True
436,200,2,True
438,200,2,True
436,202,2,True
438,202,2,True
432,204,2,True
434,204,2,True
432,206,2,True
434,206,2,True
436,204,2,True
438,204,2,True
436,206,2,True
438,206,2,True
440,200,2,True
442,200,2,False
440,202,2,False
442,202,2,False
444,200,2,True
446,200,2,True
444,202,2,True
446,202,2,True
440,204,2,False
442,204,2,True
440,206,2,False
442,206,2,True
444,204,2,True
446,204,2,True
444,206,2,True
446,206,2,True
416,208,2,True
418,208,2,True
416,210,2,True
418,210,2,True
420,208,2,True
422,208,2,False
420,210,2,False
422,210,2,False
416,212,2,True
418,212,2,True
416,214,2,True
418,214,2,False
420,212,2,False
422,212,2,False
420,214,2,False
422,214,2,True
424,208,2,False
426,208,2,True
424,210,2,True
426,210,2,True
428,208,2,True
430,208,2,True
428,210,2,True
430,210,2,True
424,212,2,True
426,212,2,True
424,214,2,True
426,214,2,True
428,212,2,True
430,212,2,True
428,214,2,True
430,214,2,True
416,216,2,False
418,216,2,False
416,218,2,False
418,218,2,False
420,216,2,False
422,216,2,True
420,218,2,True
422,218,2,True
416,220,2,False
418,220,2,False
416,222,2,False
418,222,2,True
420,220,2,True
422,220,2,True
420,222,2,True
422,222,2,True
424,216,2,True
426,216,2,True
424,218,2,True
426,218,2,True
428,216,2,True
430,216,2,True
428,218,2,True
430,218,2,True
424,220,2,True
426,220,2,True
424,222,2,True
426,222,2,True
428,220,2,True
430,220,2,True
428,222,2,True
430,222,2,True
432,208,2,True
434,208,2,True
432,210,2,True
434,210,2,True
436,208,2,True
438,208,2,False
436,210,2,True
438,210,2,False
432,212,2,True
434,212,2,True
432,214,2,True
434,214,2,True
436,212,2,False
438,212,2,False
436,214,2,False
438,214,2,True
440,208,2,False
442,208,2,True
440,210,2,True
442,210,2,True
444,208,2,True
446,208,2,True
444,210,2,True
446,210,2,True
440,212,2,True
442,212,2,True
440,214,2,True
442,214,2,True
444,212,2,True
446,212,2,True
444,214,2,True
446,214,2,True
432,216,2,True
434,216,2,False
432,218,2,True
434,218,2,False
436,216,2,False
438,216,2,True
436,218,2,True
438,218,2,True
432,220,2,False
434,220,2,False
432,222,2,False
434,222,2,True
436,220,2,True
438,220,2,True
436,222,2,True
438,222,2,True
440,216,2,True
442,216,2,True
440,218,2,True
442,218,2,True
444,216,2,True
446,216,2,True
444,218,2,True
446,218,2,True
440,220,2,True
442,220,2,True
440,222,2,True
442,222,2,True
444,220,2,True
446,220,2,True
444,222,2,True
446,222,2,True
416,224,2,True
418,224,2,True
416,226,2,True
418,226,2,True
420,224,2,True
422,224,2,True
420,226,2,True
422,226,2,True
416,228,2,True
418,228,2,True
416,230,2,True
418,230,2,True
420,228,2,True
422,228,2,True
420,230,2,True
422,230,2,True
424,224,2,True
426,224,2,True
424,226,2,True
426,226,2,True
428,224,2,True
430,224,2,True
428,226,2,True
430,226,2,False
424,228,2,True
426,228,2,True
424,230,2,True
426,230,2,True
428,228,2,True
430,228,2,False
428,230,2,False
430,230,2,False
416,232,2,True
418,232,2,True
416,234,2,True
418,234,2,True
420,232,2,True
422,232,2,True
420,234,2,True
422,234,2,True
416,236,2,True
418,236,2,True
416,238,2,True
418,238,2,True
420,236,2,True
422,236,2,True
420,238,2,True
422,238,2,True
424,232,2,True
426,232,2,True
424,234,2,True
426,234,2,False
428,232,2,False
430,232,2,True
428,234,2,False
430,234,2,True
424,236,2,True
426,236,2,False
424,238,2,True
426,238,2,False
428,236,2,True
430,236,2,True
428,238,2,True
430,238,2,True
432,224,2,False
434,224,2,True
432,226,2,False
434,226,2,True
436,224,2,True
438,224,2,True
436,226,2,True
438,226,2,True
432,228,2,True
434,228,2,True
432,230,2,True
434,230,2,True
436,228,2,True
438,228,2,True
436,230,2,True
438,230,2,True
440,224,2,True
442,224,2,True
440,226,2,True
442,226,2,True
444,224,2,True
446,224,2,True
444,226,2,True
446,226,2,True
440,228,2,True
442,228,2,True
440,230,2,True
442,230,2,True
444,228,2,True
446,228,2,True
444,230,2,True
446,230,2,True
432,232,2,True
434,232,2,True
432,234,2,True
434,234,2,True
436,232,2,True
438,232,2,True
436,234,2,True
438,234,2,True
432,236,2,True
434,236,2,True
432,238,2,True
434,238,2,True
436,236,2,True
438,236,2,True
436,238,2,True
438,238,2,True
440,232,2,True
442,232,2,True
440,234,2,True
442,234,2,True
444,232,2,True
446,232,2,True
444,234,2,True
446,234,2,True
440,236,2,True
442,236,2,True
440,238,2,True
442,238,2,True
444,236,2,True
446,236,2,True
444,238,2,True
446,238,2,True
416,240,2,True
418,240,2,True
416,242,2,True
418,242,2,True
420,240,2,True
422,240,2,True
420,242,2,True
422,242,2,True
416,244,2,True
418,244,2,True
416,246,2,True
418,246,2,True
420,244,2,True
422,244,2,False
420,246,2,True
422,246,2,False
424,240,2,False
426,240,2,False
424,242,2,False
426,242,2,True
428,240,2,True
430,240,2,True
428,242,2,True
430,242,2,True
424,244,2,False
426,244,2,True
424,246,2,True
426,246,2,True
428,244,2,True
430,244,2,True
428,246,2,True
430,246,2,True
416,248,2,True
418,248,2,True
416,250,2,True
418,250,2,True
420,248,2,True
422,248,2,False
420,250,2,False
422,250,2,False
416,252,2,True
418,252,2,True
416,254,2,True
418,254,2,False
420,252,2,False
422,252,2,True
420,254,2,False
422,254,2,True
424,248,2,True
426,248,2,True
424,250,2,True
426,250,2,True
428,248,2,True
430,248,2,True
428,250,2,True
430,250,2,True
424,252,2,True
426,252,2,True
424,254,2,True
426,254,2,True
428,252,2,True
430,252,2,True
428,254,2,True
430,254,2,True
432,240,2,True
434,240,2,True
432,242,2,True
434,242,2,True
436,240,2,True
438,240,2,True
436,242,2,True
438,242,2,True
432,244,2,True
434,244,2,True
432,246,2,True
434,246,2,True
436,244,2,True
438,244,2,True
436,246,2,True
438,246,2,True
440,240,2,True
442,240,2,True
440,242,2,True
442,242,2,True
444,240,2,True
446,240,2,True
444,242,2,True
446,242,2,True
440,244,2,True
442,244,2,True
440,246,2,True
442,246,2,True
432,248,2,True
434,248,2,True
432,250,2,True
434,250,2,True
436,248,2,True
438,248,2,True
436,250,2,True
438,250,2,True
432,252,2,True
434,252,2,True
432,254,2,True
434,254,2,True
436,252,2,True
438,252,2,True
436,254,2,True
438,254,2,True
440,248,2,True
442,248,2,True
440,250,2,True
442,250,2,True
416,256,2,True
418,256,2,False
416,258,2,True
418,258,2,False
420,256,2,True
422,256,2,True
420,258,2,True
422,258,2,True
416,260,2,False
418,260,2,False
416,262,2,False
418,262,2,True
420,260,2,True
422,260,2,True
420,262,2,True
422,262,2,True
424,256,2,True
426,256,2,True
424,258,2,True
426,258,2,True
428,256,2,True
430,256,2,True
428,258,2,True
430,258,2,True
424,260,2,True
426,260,2,True
424,262,2,True
426,262,2,True
428,260,2,True
430,260,2,True
428,262,2,True
430,262,2,True
416,264,2,False
418,264,2,True
416,266,2,True
418,266,2,True
420,264,2,True
422,264,2,True
420,266,2,True
422,266,2,True
416,268,2,True
418,268,2,True
416,270,2,True
418,270,2,True
420,268,2,True
422,268,2,True
420,270,2,True
422,270,2,True
424,264,2,True
426,264,2,True
424,266,2,True
426,266,2,True
428,264,2,True
430,264,2,True
428,266,2,True
430,266,2,True
424,268,2,True
426,268,2,True
424,270,2,True
426,270,2,True
428,268,2,True
430,268,2,True
428,270,2,True
430,270,2,True
432,256,2,True
434,256,2,True
432,258,2,True
434,258,2,True
436,256,2,True
438,256,2,True
436,258,2,True
438,258,2,True
432,260,2,True
434,260,2,True
432,262,2,True
434,262,2,True
436,260,2,True
438,260,2,True
436,262,2,True
438,262,2,True
432,264,2,True
434,264,2,True
432,266,2,True
434,266,2,True
432,268,2,True
434,268,2,True
432,270,2,True
434,270,2,True
416,272,2,True
418,272,2,True
416,274,2,True
418,274,2,True
420,272,2,True
422,272,2,True
420,274,2,True
422,274,2,True
416,276,2,True
418,276,2,True
416,278,2,True
418,278,2,True
420,276,2,True
422,276,2,True
420,278,2,True
422,278,2,True
424,272,2,True
426,272,2,True
424,274,2,True
426,274,2,True
428,272,2,True
430,272,2,True
428,274,2,True
430,274,2,True
424,276,2,True
426,276,2,True
424,278,2,True
426,278,2,True
428,276,2,True
430,276,2,True
428,278,2,True
430,278,2,True
416,280,2,True
418,280,2,True
416,282,2,True
418,282,2,True
420,280,2,True
422,280,2,True
420,282,2,True
422,282,2,True
416,284,2,True
418,284,2,True
416,286,2,True
418,286,2,True
420,284,2,True
422,284,2,True
420,286,2,True
422,286,2,True
424,280,2,True
426,280,2,True
424,282,2,True
426,282,2,True
424,284,2,True
426,284,2,True
424,286,2,True
426,286,2,True
416,288,2,True
418,288,2,True
416,290,2,True
418,290,2,True
420,288,2,True
422,288,2,True
420,290,2,True
422,290,2,True
416,292,2,True
418,292,2,True
416,294,2,True
418,294,2,True
420,292,2,True
422,292,2,True
420,294,2,True
422,294,2,True
424,288,2,True
426,288,2,True
424,290,2,True
426,290,2,True
416,296,2,True
418,296,2,True
416,298,2,True
418,298,2,True
420,296,2,True
422,296,2,True
420,298,2,True
422,298,2,True
416,300,2,True
418,300,2,True
416,302,2,True
418,302,2,True
416,304,2,True
418,304,2,True
416,306,2,True
418,306,2,True
416,308,2,True
418,308,2,True
416,310,2,True
418,310,2,True
448,0,2,True
450,0,2,False
448,2,2,True
450,2,2,False
452,0,2,True
454,0,2,True
452,2,2,True
454,2,2,True
448,4,2,False
450,4,2,False
448,6,2,False
450,6,2,True
452,4,2,True
454,4,2,True
452,6,2,True
454,6,2,True
456,0,2,True
458,0,2,True
456,2,2,True
458,2,2,True
460,0,2,True
462,0,2,False
460,2,2,False
462,2,2,False
456,4,2,True
458,4,2,True
456,6,2,True
458,6,2,True
460,4,2,False
462,4,2,True
460,6,2,False
462,6,2,True
448,8,2,False
450,8,2,True
448,10,2,False
450,10,2,True
452,8,2,True
454,8,2,True
452,10,2,True
454,10,2,True
448,12,2,True
450,12,2,True
448,14,2,True
450,14,2,True
452,12,2,True
454,12,2,True
452,14,2,True
454,14,2,True
456,8,2,True
458,8,2,False
456,10,2,True
458,10,2,False
460,8,2,False
462,8,2,False
460,10,2,False
462,10,2,False
456,12,2,False
458,12,2,False
456,14,2,False
458,14,2,False
460,12,2,False
462,12,2,True
460,14,2,False
462,14,2,True
464,0,2,True
466,0,2,False
464,2,2,True
466,2,2,False
468,0,2,False
470,0,2,False
468,2,2,False
470,2,2,False
464,4,2,False
466,4,2,False
464,6,2,False
466,6,2,True
468,4,2,False
470,4,2,True
468,6,2,False
470,6,2,False
472,0,2,False
474,0,2,False
472,2,2,False
474,2,2,True
476,0,2,True
478,0,2,True
476,2,2,True
478,2,2,True
472,4,2,False
474,4,2,True
472,6,2,False
474,6,2,True
476,4,2,True
478,4,2,True
476,6,2,True
478,6,2,True
464,8,2,False
466,8,2,False
464,10,2,True
466,10,2,False
468,8,2,False
470,8,2,False
468,10,2,True
470,10,2,False
464,12,2,True
466,12,2,False
464,14,2,False
466,14,2,False
468,12,2,False
470,12,2,False
468,14,2,False
470,14,2,True
472,8,2,True
474,8,2,True
472,10,2,True
474,10,2,True
476,8,2,True
478,8,2,True
476,10,2,True
478,10,2,True
472,12,2,True
474,12,2,True
472,14,2,True
474,14,2,True
476,12,2,True
478,12,2,True
476,14,2,True
478,14,2,True
448,16,2,True
450,16,2,True
448,18,2,True
450,18,2,True
452,16,2,True
454,16,2,True
452,18,2,True
454,18,2,False
448,20,2,True
450,20,2,True
448,22,2,True
450,22,2,True
452,20,2,True
454,20,2,False
452,22,2,False
454,22,2,False
456,16,2,False
458,16,2,False
456,18,2,False
458,18,2,False
460,16,2,True
462,16,2,True
460,18,2,True
462,18,2,True
456,20,2,False
458,20,2,True
456,22,2,True
458,22,2,True
460,20,2,True
462,20,2,False
460,22,2,True
462,22,2,False
448,24,2,True
450,24,2,True
448,26,2,True
450,26,2,False
452,24,2,False
454,24,2,False
452,26,2,False
454,26,2,True
448,28,2,True
450,28,2,False
448,30,2,False
450,30,2,False
452,28,2,False
454,28,2,True
452,30,2,True
454,30,2,True
456,24,2,True
458,24,2,True
456,26,2,True
458,26,2,True
460,24,2,False
462,24,2,False
460,26,2,False
462,26,2,True
456,28,2,True
458,28,2,True
456,30,2,True
458,30,2,False
460,28,2,False
462,28,2,True
460,30,2,False
462,30,2,False
464,16,2,False
466,16,2,True
464,18,2,False
466,18,2,False
468,16,2,False
470,16,2,True
468,18,2,False
470,18,2,True
464,20,2,False
466,20,2,False
464,22,2,True
466,22,2,False
468,20,2,True
470,20,2,True
468,22,2,True
470,22,2,True
472,16,2,True
474,16,2,True
472,18,2,True
474,18,2,True
476,16,2,True
478,16,2,True
476,18,2,True
478,18,2,True
472,20,2,True
474,20,2,True
472,22,2,True
474,22,2,True
476,20,2,True
478,20,2,True
476,22,2,True
478,22,2,True
464,24,2,False
466,24,2,False
464,26,2,False
466,26,2,True
468,24,2,True
470,24,2,True
468,26,2,True
470,26,2,True
464,28,2,False
466,28,2,True
464,30,2,False
466,30,2,True
468,28,2,True
470,28,2,True
468,30,2,True
470,30,2,True
472,24,2,True
474,24,2,True
472,26,2,True
474,26,2,True
476,24,2,True
478,24,2,True
476,26,2,True
478,26,2,True
472,28,2,True
474,28,2,True
472,30,2,True
474,30,2,True
476,28,2,True
478,28,2,True
476,30,2,True
478,30,2,True
448,32,2,False
450,32,2,False
448,34,2,False
450,34,2,True
452,32,2,True
454,32,2,True
452,34,2,True
454,34,2,True
448,36,2,False
450,36,2,True
448,38,2,True
450,38,2,True
452,36,2,True
454,36,2,True
452,38,2,True
454,38,2,True
456,32,2,True
458,32,2,False
456,34,2,True
458,34,2,False
460,32,2,True
462,32,2,False
460,34,2,True
462,34,2,False
456,36,2,False
458,36,2,False
456,38,2,False
458,38,2,True
460,36,2,False
462,36,2,False
460,38,2,False
462,38,2,True
448,40,2,True
450,40,2,True
448,42,2,True
450,42,2,True
452,40,2,True
454,40,2,False
452,42,2,True
454,42,2,False
448,44,2,True
450,44,2,True
448,46,2,True
450,46,2,True
452,44,2,True
454,44,2,False
452,46,2,False
454,46,2,False
456,40,2,False
458,40,2,True
456,42,2,True
458,42,2,False
460,40,2,False
462,40,2,True
460,42,2,False
462,42,2,True
456,44,2,True
458,44,2,False
456,46,2,True
458,46,2,False
460,44,2,True
462,44,2,True
460,46,2,True
462,46,2,True
464,32,2,True
466,32,2,True
464,34,2,True
466,34,2,True
468,32,2,True
470,32,2,True
468,34,2,True
470,34,2,True
464,36,2,True
466,36,2,True
464,38,2,True
466,38,2,True
468,36,2,True
470,36,2,True
468,38,2,True
470,38,2,True
472,32,2,True
474,32,2,True
472,34,2,True
474,34,2,True
476,32,2,True
478,32,2,True
476,34,2,True
478,34,2,True
472,36,2,True
474,36,2,True
472,38,2,True
474,38,2,True
476,36,2,True
478,36,2,True
476,38,2,True
478,38,2,True
464,40,2,True
466,40,2,True
464,42,2,True
466,42,2,True
468,40,2,True
470,40,2,True
468,42,2,True
470,42,2,True
464,44,2,True
466,44,2,True
464,46,2,True
466,46,2,True
468,44,2,True
470,44,2,True
468,46,2,True
470,46,2,True
472,40,2,True
474,40,2,True
472,42,2,True
474,42,2,True
476,40,2,True
478,40,2,True
476,42,2,True
478,42,2,True
472,44,2,True
474,44,2,True
472,46,2,True
474,46,2,True
476,44,2,True
478,44,2,True
476,46,2,True
478,46,2,True
448,48,2,True
450,48,2,True
448,50,2,True
450,50,2,True
452,48,2,False
454,48,2,True
452,50,2,False
454,50,2,True
448,52,2,True
450,52,2,False
448,54,2,True
450,54,2,False
452,52,2,False
454,52,2,True
452,54,2,True
454,54,2,False
456,48,2,False
458,48,2,False
456,50,2,False
458,50,2,True
460,48,2,True
462,48,2,True
460,50,2,True
462,50,2,True
456,52,2,False
458,52,2,True
456,54,2,False
458,54,2,True
460,52,2,True
462,52,2,True
460,54,2,True
462,54,2,True
448,56,2,False
450,56,2,False
448,58,2,False
450,58,2,True
452,56,2,True
454,56,2,False
452,58,2,True
454,58,2,False
448,60,2,False
450,60,2,True
448,62,2,False
450,62,2,True
452,60,2,False
454,60,2,False
452,62,2,False
454,62,2,True
456,56,2,True
458,56,2,True
456,58,2,True
458,58,2,True
460,56,2,True
462,56,2,True
460,58,2,True
462,58,2,True
456,60,2,True
458,60,2,True
456,62,2,True
458,62,2,True
460,60,2,True
462,60,2,True
460,62,2,True
462,62,2,True
464,48,2,True
466,48,2,True
464,50,2,True
466,50,2,True
468,48,2,True
470,48,2,True
468,50,2,True
470,50,2,True
464,52,2,True
466,52,2,True
464,54,2,True
466,54,2,True
468,52,2,True
470,52,2,True
468,54,2,True
470,54,2,True
472,48,2,True
474,48,2,True
472,50,2,True
474,50,2,True
476,48,2,True
478,48,2,True
476,50,2,True
478,50,2,True
472,52,2,True
474,52,2,True
472,54,2,True
474,54,2,True
476,52,2,True
478,52,2,True
476,54,2,True
478,54,2,True
464,56,2,True
466,56,2,True
464,58,2,True
466,58,2,True
468,56,2,True
470,56,2,True
468,58,2,True
470,58,2,True
464,60,2,True
466,60,2,True
464,62,2,True
466,62,2,True
468,60,2,True
470,60,2,True
468,62,2,True
470,62,2,True
472,56,2,True
474,56,2,True
472,58,2,True
474,58,2,True
476,56,2,True
478,56,2,True
476,58,2,True
478,58,2,True
472,60,2,True
474,60,2,True
472,62,2,True
474,62,2,True
476,60,2,True
478,60,2,True
476,62,2,True
478,62,2,True
448,64,2,True
450,64,2,True
448,66,2,True
450,66,2,False
452,64,2,False
454,64,2,True
452,66,2,False
454,66,2,True
448,68,2,True
450,68,2,False
448,70,2,True
450,70,2,False
452,68,2,True
454,68,2,True
452,70,2,True
454,70,2,True
456,64,2,True
458,64,2,True
456,66,2,True
458,66,2,True
460,64,2,True
462,64,2,True
460,66,2,True
462,66,2,True
456,68,2,True
458,68,2,True
456,70,2,True
458,70,2,True
460,68,2,True
462,68,2,True
460,70,2,True
462,70,2,True
448,72,2,False
450,72,2,False
448,74,2,False
450,74,2,True
452,72,2,True
454,72,2,True
452,74,2,True
454,74,2,True
448,76,2,False
450,76,2,True
448,78,2,False
450,78,2,True
452,76,2,True
454,76,2,True
452,78,2,True
454,78,2,True
456,72,2,True
458,72,2,True
456,74,2,True
458,74,2,True
460,72,2,True
462,72,2,True
460,74,2,True
462,74,2,True
456,76,2,True
458,76,2,True
456,78,2,True
458,78,2,True
460,76,2,True
462,76,2,True
460,78,2,True
462,78,2,True
464,64,2,True
466,64,2,True
464,66,2,True
466,66,2,True
468,64,2,True
470,64,2,True
468,66,2,True
470,66,2,True
464,68,2,True
466,68,2,True
464,70,2,True
466,70,2,True
468,68,2,True
470,68,2,True
468,70,2,True
470,70,2,True
472,64,2,True
474,64,2,True
472,66,2,True
474,66,2,True
476,64,2,True
478,64,2,False
476,66,2,True
478,66,2,False
472,68,2,True
474,68,2,True
472,70,2,True
474,70,2,True
476,68,2,True
478,68,2,False
476,70,2,False
478,70,2,False
464,72,2,True
466,72,2,True
464,74,2,True
466,74,2,True
468,72,2,True
470,72,2,True
468,74,2,True
470,74,2,True
464,76,2,True
466,76,2,True
464,78,2,True
466,78,2,True
468,76,2,True
470,76,2,True
468,78,2,True
470,78,2,True
472,72,2,True
474,72,2,True
472,74,2,True
474,74,2,True
476,72,2,False
478,72,2,False
476,74,2,False
478,74,2,True
472,76,2,True
474,76,2,False
472,78,2,True
474,78,2,False
476,76,2,False
478,76,2,False
476,78,2,False
478,78,2,False
448,80,2,True
450,80,2,True
448,82,2,True
450,82,2,True
452,80,2,True
454,80,2,True
452,82,2,True
454,82,2,True
448,84,2,True
450,84,2,True
448,86,2,True
450,86,2,True
452,84,2,True
454,84,2,True
452,86,2,True
454,86,2,True
456,80,2,True
458,80,2,True
456,82,2,True
458,82,2,True
460,80,2,True
462,80,2,True
460,82,2,True
462,82,2,True
456,84,2,True
458,84,2,True
456,86,2,True
458,86,2,True
460,84,2,True
462,84,2,True
460,86,2,True
462,86,2,True
448,88,2,True
450,88,2,True
448,90,2,True
450,90,2,True
452,88,2,True
454,88,2,True
452,90,2,True
454,90,2,True
448,92,2,True
450,92,2,True
448,94,2,True
450,94,2,True
452,92,2,True
454,92,2,True
452,94,2,True
454,94,2,True
456,88,2,True
458,88,2,True
456,90,2,True
458,90,2,True
460,88,2,True
462,88,2,True
460,90,2,True
462,90,2,True
456,92,2,True
458,92,2,True
456,94,2,True
458,94,2,True
460,92,2,True
462,92,2,True
460,94,2,True
462,94,2,True
464,80,2,True
466,80,2,True
464,82,2,True
466,82,2,True
468,80,2,True
470,80,2,True
468,82,2,True
470,82,2,True
464,84,2,True
466,84,2,True
464,86,2,True
466,86,2,True
468,84,2,True
470,84,2,True
468,86,2,True
470,86,2,True
472,80,2,True
474,80,2,False
472,82,2,False
474,82,2,False
476,80,2,True
478,80,2,False
476,82,2,False
478,82,2,False
472,84,2,False
474,84,2,False
472,86,2,False
474,86,2,True
476,84,2,False
478,84,2,True
476,86,2,False
478,86,2,True
464,88,2,True
466,88,2,True
464,90,2,True
466,90,2,True
468,88,2,True
470,88,2,False
468,90,2,True
470,90,2,False
464,92,2,True
466,92,2,True
464,94,2,True
466,94,2,True
468,92,2,False
470,92,2,False
468,94,2,False
470,94,2,False
472,88,2,False
474,88,2,False
472,90,2,False
474,90,2,False
476,88,2,False
478,88,2,True
476,90,2,True
478,90,2,True
472,92,2,True
474,92,2,False
472,94,2,False
474,94,2,False
476,92,2,True
478,92,2,True
476,94,2,True
478,94,2,True
448,96,2,True
450,96,2,True
448,98,2,True
450,98,2,True
452,96,2,True
454,96,2,True
452,98,2,True
454,98,2,True
448,100,2,True
450,100,2,True
448,102,2,True
450,102,2,True
452,100,2,True
454,100,2,True
452,102,2,True
454,102,2,True
456,96,2,True
458,96,2,True
456,98,2,True
458,98,2,True
460,96,2,True
462,96,2,True
460,98,2,True
462,98,2,True
456,100,2,True
458,100,2,True
456,102,2,True
458,102,2,True
460,100,2,True
462,100,2,True
460,102,2,True
462,102,2,True
448,104,2,True
450,104,2,True
448,106,2,True
450,106,2,True
452,104,2,True
454,104,2,True
452,106,2,True
454,106,2,True
448,108,2,True
450,108,2,True
448,110,2,True
450,110,2,True
452,108,2,True
454,108,2,True
452,110,2,True
454,110,2,True
456,104,2,True
458,104,2,True
456,106,2,True
458,106,2,True
460,104,2,True
462,104,2,True
460,106,2,True
462,106,2,False
456,108,2,True
458,108,2,True
456,110,2,True
458,110,2,True
460,108,2,True
462,108,2,False
460,110,2,False
462,110,2,False
464,96,2,True
466,96,2,False
464,98,2,True
466,98,2,False
468,96,2,False
470,96,2,False
468,98,2,False
470,98,2,True
464,100,2,True
466,100,2,False
464,102,2,False
466,102,2,False
468,100,2,False
470,100,2,False
468,102,2,False
470,102,2,False
472,96,2,False
474,96,2,True
472,98,2,False
474,98,2,True
476,96,2,True
478,96,2,True
476,98,2,True
478,98,2,True
472,100,2,False
474,100,2,True
472,102,2,True
474,102,2,True
476,100,2,True
478,100,2,True
476,102,2,True
478,102,2,True
464,104,2,False
466,104,2,False
464,106,2,False
466,106,2,False
468,104,2,True
470,104,2,False
468,106,2,True
470,106,2,False
464,108,2,False
466,108,2,False
464,110,2,False
466,110,2,True
468,108,2,False
470,108,2,False
468,110,2,False
470,110,2,True
472,104,2,True
474,104,2,True
472,106,2,True
474,106,2,True
476,104,2,True
478,104,2,True
476,106,2,True
478,106,2,True
472,108,2,True
474,108,2,True
472,110,2,True
474,110,2,True
476,108,2,True
478,108,2,True
476,110,2,True
478,110,2,True
448,112,2,True
450,112,2,True
448,114,2,True
450,114,2,True
452,112,2,True
454,112,2,True
452,114,2,True
454,114,2,True
448,116,2,True
450,116,2,True
448,118,2,True
450,118,2,True
452,116,2,True
454,116,2,True
452,118,2,True
454,118,2,True
456,112,2,True
458,112,2,True
456,114,2,True
458,114,2,False
460,112,2,False
462,112,2,True
460,114,2,False
462,114,2,False
456,116,2,True
458,116,2,False
456,118,2,True
458,118,2,False
460,116,2,True
462,116,2,False
460,118,2,True
462,118,2,False
448,120,2,True
450,120,2,True
448,122,2,True
450,122,2,True
452,120,2,True
454,120,2,True
452,122,2,True
454,122,2,True
448,124,2,True
450,124,2,True
448,126,2,True
450,126,2,True
452,124,2,True
454,124,2,False
452,126,2,True
454,126,2,False
456,120,2,False
458,120,2,False
456,122,2,False
458,122,2,True
460,120,2,False
462,120,2,False
460,122,2,False
462,122,2,False
456,124,2,False
458,124,2,True
456,126,2,True
458,126,2,False
460,124,2,False
462,124,2,True
460,126,2,False
462,126,2,True
464,112,2,False
466,112,2,True
464,114,2,False
466,114,2,False
468,112,2,False
470,112,2,True
468,114,2,False
470,114,2,True
464,116,2,True
466,116,2,False
464,118,2,True
466,118,2,False
468,116,2,True
470,116,2,True
468,118,2,True
470,118,2,True
472,112,2,True
474,112,2,True
472,114,2,True
474,114,2,True
476,112,2,True
478,112,2,True
476,114,2,True
478,114,2,True
472,116,2,True
474,116,2,True
472,118,2,True
474,118,2,True
476,116,2,True
478,116,2,True
476,118,2,True
478,118,2,True
464,120,2,False
466,120,2,False
464,122,2,False
466,122,2,True
468,120,2,True
470,120,2,True
468,122,2,True
470,122,2,True
464,124,2,False
466,124,2,True
464,126,2,False
466,126,2,True
468,124,2,True
470,124,2,True
468,126,2,True
470,126,2,True
472,120,2,True
474,120,2,True
472,122,2,True
474,122,2,True
476,120,2,True
478,120,2,True
476,122,2,True
478,122,2,True
472,124,2,True
474,124,2,True
472,126,2,True
474,126,2,True
476,124,2,True
478,124,2,True
476,126,2,True
478,126,2,True
448,128,2,True
450,128,2,True
448,130,2,True
450,130,2,True
452,128,2,False
454,128,2,False
452,130,2,False
454,130,2,True
448,132,2,True
450,132,2,False
448,134,2,True
450,134,2,False
452,132,2,False
454,132,2,True
452,134,2,True
454,134,2,True
456,128,2,True
458,128,2,False
456,130,2,True
458,130,2,False
460,128,2,False
462,128,2,False
460,130,2,True
462,130,2,False
456,132,2,False
458,132,2,False
456,134,2,False
458,134,2,False
460,132,2,True
462,132,2,False
460,134,2,False
462,134,2,False
448,136,2,False
450,136,2,False
448,138,2,False
450,138,2,True
452,136,2,True
454,136,2,True
452,138,2,True
454,138,2,False
448,140,2,False
450,140,2,True
448,142,2,True
450,142,2,True
452,140,2,True
454,140,2,False
452,142,2,True
454,142,2,False
456,136,2,False
458,136,2,True
456,138,2,False
458,138,2,True
460,136,2,False
462,136,2,True
460,138,2,False
462,138,2,True
456,140,2,False
458,140,2,True
456,142,2,True
458,142,2,False
460,140,2,False
462,140,2,True
460,142,2,False
462,142,2,True
464,128,2,False
466,128,2,True
464,130,2,True
466,130,2,True
468,128,2,True
470,128,2,True
468,130,2,True
470,130,2,True
464,132,2,True
466,132,2,True
464,134,2,True
466,134,2,True
468,132,2,True
470,132,2,True
468,134,2,True
470,134,2,True
472,128,2,True
474,128,2,True
472,130,2,True
474,130,2,True
476,128,2,True
478,128,2,True
476,130,2,True
478,130,2,True
472,132,2,True
474,132,2,True
472,134,2,True
474,134,2,True
476,132,2,True
478,132,2,True
476,134,2,True
478,134,2,True
464,136,2,True
466,136,2,True
464,138,2,True
466,138,2,True
468,136,2,True
470,136,2,True
468,138,2,True
470,138,2,True
464,140,2,True
466,140,2,True
464,142,2,True
466,142,2,True
468,140,2,True
470,140,2,True
468,142,2,True
470,142,2,True
472,136,2,True
474,136,2,True
472,138,2,True
474,138,2,True
472,140,2,True
474,140,2,True
472,142,2,True
474,142,2,True
448,144,2,True
450,144,2,True
448,146,2,True
450,146,2,True
452,144,2,True
454,144,2,False
452,146,2,False
454,146,2,False
448,148,2,True
450,148,2,True
448,150,2,True
450,150,2,True
452,148,2,False
454,148,2,False
452,150,2,False
454,150,2,True
456,144,2,True
458,144,2,False
456,146,2,True
458,146,2,False
460,144,2,True
462,144,2,True
460,146,2,True
462,146,2,True
456,148,2,True
458,148,2,False
456,150,2,False
458,150,2,False
460,148,2,True
462,148,2,True
460,150,2,True
462,150,2,True
448,152,2,True
450,152,2,False
448,154,2,True
450,154,2,False
452,152,2,False
454,152,2,True
452,154,2,False
454,154,2,True
448,156,2,True
450,156,2,False
448,158,2,False
450,158,2,False
452,156,2,True
454,156,2,True
452,158,2,True
454,158,2,False
456,152,2,False
458,152,2,True
456,154,2,False
458,154,2,True
460,152,2,True
462,152,2,True
460,154,2,True
462,154,2,True
456,156,2,False
458,156,2,True
456,158,2,False
458,158,2,True
460,156,2,True
462,156,2,True
460,158,2,True
462,158,2,True
464,144,2,True
466,144,2,True
464,146,2,True
466,146,2,True
468,144,2,True
470,144,2,True
468,146,2,True
470,146,2,True
464,148,2,True
466,148,2,True
464,150,2,True
466,150,2,True
468,148,2,True
470,148,2,True
468,150,2,True
470,150,2,True
472,144,2,True
474,144,2,True
472,146,2,True
474,146,2,True
464,152,2,True
466,152,2,True
464,154,2,True
466,154,2,True
468,152,2,True
470,152,2,True
468,154,2,True
470,154,2,True
464,156,2,True
466,156,2,True
464,158,2,True
466,158,2,True
468,156,2,True
470,156,2,True
468,158,2,True
470,158,2,True
448,160,2,False
450,160,2,False
448,162,2,False
450,162,2,True
452,160,2,True
454,160,2,False
452,162,2,True
454,162,2,False
448,164,2,False
450,164,2,True
448,166,2,False
450,166,2,True
452,164,2,True
454,164,2,False
452,166,2,False
454,166,2,False
456,160,2,True
458,160,2,True
456,162,2,True
458,162,2,True
460,160,2,True
462,160,2,True
460,162,2,True
462,162,2,True
456,164,2,True
458,164,2,True
456,166,2,True
458,166,2,True
460,164,2,True
462,164,2,True
460,166,2,True
462,166,2,True
448,168,2,False
450,168,2,True
448,170,2,True
450,170,2,True
452,168,2,False
454,168,2,True
452,170,2,False
454,170,2,True
448,172,2,True
450,172,2,True
448,174,2,True
450,174,2,False
452,172,2,False
454,172,2,True
452,174,2,False
454,174,2,True
456,168,2,True
458,168,2,True
456,170,2,True
458,170,2,True
460,168,2,True
462,168,2,True
460,170,2,True
462,170,2,True
456,172,2,True
458,172,2,True
456,174,2,True
458,174,2,True
460,172,2,True
462,172,2,True
460,174,2,True
462,174,2,True
464,160,2,True
466,160,2,True
464,162,2,True
466,162,2,True
464,164,2,True
466,164,2,True
464,166,2,True
466,166,2,True
464,168,2,True
466,168,2,True
464,170,2,True
466,170,2,True
464,172,2,True
466,172,2,True
464,174,2,True
466,174,2,True
448,176,2,True
450,176,2,False
448,178,2,True
450,178,2,False
452,176,2,True
454,176,2,True
452,178,2,True
454,178,2,True
448,180,2,True
450,180,2,False
448,182,2,False
450,182,2,False
452,180,2,True
454,180,2,True
452,182,2,True
454,182,2,True
456,176,2,True
458,176,2,True
456,178,2,True
458,178,2,True
460,176,2,True
462,176,2,True
460,178,2,True
462,178,2,True
456,180,2,True
458,180,2,True
456,182,2,True
458,182,2,True
460,180,2,True
462,180,2,True
460,182,2,True
462,182,2,True
448,184,2,False
450,184,2,True
448,186,2,False
450,186,2,True
452,184,2,True
454,184,2,True
452,186,2,True
454,186,2,True
448,188,2,False
450,188,2,True
448,190,2,False
450,190,2,True
452,188,2,True
454,188,2,True
452,190,2,True
454,190,2,True
456,184,2,True
458,184,2,True
456,186,2,True
458,186,2,True
460,184,2,True
462,184,2,True
460,186,2,True
462,186,2,True
456,188,2,True
458,188,2,True
456,190,2,True
458,190,2,True
448,192,2,True
450,192,2,True
448,194,2,True
450,194,2,True
452,192,2,True
454,192,2,True
452,194,2,True
454,194,2,True
448,196,2,True
450,196,2,True
448,198,2,True
450,198,2,True
452,196,2,True
454,196,2,True
452,198,2,True
454,198,2,True
456,192,2,True
458,192,2,True
456,194,2,True
458,194,2,True
456,196,2,True
458,196,2,True
456,198,2,True
458,198,2,True
448,200,2,True
450,200,2,True
448,202,2,True
450,202,2,True
452,200,2,True
454,200,2,True
452,202,2,True
454,202,2,True
448,204,2,True
450,204,2,True
448,206,2,True
450,206,2,True
452,204,2,True
454,204,2,True
452,206,2,True
454,206,2,True
456,200,2,True
458,200,2,True
456,202,2,True
458,202,2,True
448,208,2,True
450,208,2,True
448,210,2,True
450,210,2,True
452,208,2,True
454,208,2,True
452,210,2,True
454,210,2,True
448,212,2,True
450,212,2,True
448,214,2,True
450,214,2,True
452,212,2,True
454,212,2,True
452,214,2,True
454,214,2,True
448,216,2,True
450,216,2,True
448,218,2,True
450,218,2,True
452,216,2,True
454,216,2,True
452,218,2,True
454,218,2,True
448,220,2,True
450,220,2,True
448,222,2,True
450,222,2,True
448,224,2,True
450,224,2,True
448,226,2,True
450,226,2,True
448,228,2,True
450,228,2,True
448,230,2,True
450,230,2,True
448,232,2,True
450,232,2,True
448,234,2,True
450,234,2,True
480,0,2,True
482,0,2,True
480,2,2,True
482,2,2,True
484,0,2,True
486,0,2,True
484,2,2,True
486,2,2,True
480,4,2,True
482,4,2,True
480,6,2,True
482,6,2,True
484,4,2,True
486,4,2,True
484,6,2,True
486,6,2,True
488,0,2,True
490,0,2,True
488,2,2,True
490,2,2,True
492,0,2,True
494,0,2,True
492,2,2,True
494,2,2,True
488,4,2,True
490,4,2,True
488,6,2,True
490,6,2,True
492,4,2,True
494,4,2,True
492,6,2,True
494,6,2,True
480,8,2,True
482,8,2,True
480,10,2,True
482,10,2,True
484,8,2,True
486,8,2,True
484,10,2,True
486,10,2,True
480,12,2,True
482,12,2,True
480,14,2,True
482,14,2,True
484,12,2,True
486,12,2,True
484,14,2,True
486,14,2,True
488,8,2,True
490,8,2,True
488,10,2,True
490,10,2,True
492,8,2,True
494,8,2,True
492,10,2,True
494,10,2,True
488,12,2,True
490,12,2,True
488,14,2,True
490,14,2,True
492,12,2,True
494,12,2,True
492,14,2,True
494,14,2,True
496,0,2,True
498,0,2,True
496,2,2,True
498,2,2,True
500,0,2,False
502,0,2,True
500,2,2,False
502,2,2,False
496,4,2,True
498,4,2,False
496,6,2,True
498,6,2,False
500,4,2,False
502,4,2,False
500,6,2,False
502,6,2,False
504,0,2,False
506,0,2,False
504,2,2,False
506,2,2,False
508,0,2,False
510,0,2,True
508,2,2,False
510,2,2,True
504,4,2,False
506,4,2,False
504,6,2,False
506,6,2,False
508,4,2,True
510,4,2,True
508,6,2,True
510,6,2,True
496,8,2,True
498,8,2,False
496,10,2,False
498,10,2,False
500,8,2,False
502,8,2,False
500,10,2,False
502,10,2,False
496,12,2,False
498,12,2,False
496,14,2,False
498,14,2,False
500,12,2,False
502,12,2,False
500,14,2,False
502,14,2,False
504,8,2,False
506,8,2,True
504,10,2,False
506,10,2,True
508,8,2,True
510,8,2,True
508,10,2,True
510,10,2,True
504,12,2,True
506,12,2,True
504,14,2,True
506,14,2,True
508,12,2,True
510,12,2,True
508,14,2,True
510,14,2,True
480,16,2,True
482,16,2,True
480,18,2,True
482,18,2,True
484,16,2,True
486,16,2,True
484,18,2,True
486,18,2,True
480,20,2,True
482,20,2,True
480,22,2,True
482,22,2,True
484,20,2,True
486,20,2,True
484,22,2,True
486,22,2,True
488,16,2,True
490,16,2,True
488,18,2,True
490,18,2,True
492,16,2,True
494,16,2,False
492,18,2,True
494,18,2,False
488,20,2,True
490,20,2,True
488,22,2,True
490,22,2,True
492,20,2,True
494,20,2,False
492,22,2,False
494,22,2,False
480,24,2,True
482,24,2,True
480,26,2,True
482,26,2,True
484,24,2,True
486,24,2,True
484,26,2,True
486,26,2,True
480,28,2,True
482,28,2,True
480,30,2,True
482,30,2,True
484,28,2,True
486,28,2,True
484,30,2,True
486,30,2,True
488,24,2,True
490,24,2,True
488,26,2,True
490,26,2,True
492,24,2,False
494,24,2,False
492,26,2,False
494,26,2,False
488,28,2,True
490,28,2,False
488,30,2,True
490,30,2,False
492,28,2,False
494,28,2,False
492,30,2,False
494,30,2,False
496,16,2,False
498,16,2,False
496,18,2,False
498,18,2,False
500,16,2,False
502,16,2,False
500,18,2,False
502,18,2,True
496,20,2,False
498,20,2,False
496,22,2,False
498,22,2,False
500,20,2,False
502,20,2,True
500,22,2,True
502,22,2,True
504,16,2,True
506,16,2,True
504,18,2,True
506,18,2,True
508,16,2,True
510,16,2,True
508,18,2,True
510,18,2,True
504,20,2,True
506,20,2,True
504,22,2,True
506,22,2,True
508,20,2,True
510,20,2,True
508,22,2,True
510,22,2,True
496,24,2,False
498,24,2,False
496,26,2,False
498,26,2,False
500,24,2,True
502,24,2,True
500,26,2,True
502,26,2,True
496,28,2,False
498,28,2,True
496,30,2,False
498,30,2,True
500,28,2,True
502,28,2,True
500,30,2,True
502,30,2,True
504,24,2,True
506,24,2,True
504,26,2,True
506,26,2,True
508,24,2,True
510,24,2,True
508,26,2,True
510,26,2,True
504,28,2,True
506,28,2,True
504,30,2,True
506,30,2,True
508,28,2,True
510,28,2,True
508,30,2,True
510,30,2,True
480,32,2,True
482,32,2,True
480,34,2,True
482,34,2,True
484,32,2,True
486,32,2,True
484,34,2,True
486,34,2,True
480,36,2,True
482,36,2,True
480,38,2,True
482,38,2,True
484,36,2,True
486,36,2,True
484,38,2,True
486,38,2,True
488,32,2,True
490,32,2,False
488,34,2,False
490,34,2,False
492,32,2,False
494,32,2,False
492,34,2,False
494,34,2,False
488,36,2,False
490,36,2,False
488,38,2,False
490,38,2,False
492,36,2,False
494,36,2,False
492,38,2,False
494,38,2,True
480,40,2,True
482,40,2,True
480,42,2,True
482,42,2,True
484,40,2,True
486,40,2,False
484,42,2,True
486,42,2,False
480,44,2,True
482,44,2,True
480,46,2,True
482,46,2,True
484,44,2,True
486,44,2,False
484,46,2,False
486,46,2,False
488,40,2,False
490,40,2,False
488,42,2,False
490,42,2,False
492,40,2,False
494,40,2,True
492,42,2,False
494,42,2,True
488,44,2,False
490,44,2,False
488,46,2,False
490,46,2,False
492,44,2,True
494,44,2,True
492,46,2,True
494,46,2,True
496,32,2,True
498,32,2,True
496,34,2,True
498,34,2,True
500,32,2,True
502,32,2,True
500,34,2,True
502,34,2,True
496,36,2,True
498,36,2,True
496,38,2,True
498,38,2,True
500,36,2,True
502,36,2,True
500,38,2,True
502,38,2,True
504,32,2,True
506,32,2,True
504,34,2,True
506,34,2,True
508,32,2,True
510,32,2,True
508,34,2,True
510,34,2,True
504,36,2,True
506,36,2,True
504,38,2,True
506,38,2,True
508,36,2,True
510,36,2,True
508,38,2,True
510,38,2,True
496,40,2,True
498,40,2,True
496,42,2,True
498,42,2,True
500,40,2,True
502,40,2,True
500,42,2,True
502,42,2,True
496,44,2,True
498,44,2,True
496,46,2,True
498,46,2,True
500,44,2,True
502,44,2,True
500,46,2,True
502,46,2,True
504,40,2,True
506,40,2,True
504,42,2,True
506,42,2,True
508,40,2,True
510,40,2,True
508,42,2,True
510,42,2,True
504,44,2,True
506,44,2,True
504,46,2,True
506,46,2,True
508,44,2,True
510,44,2,True
508,46,2,True
510,46,2,True
480,48,2,True
482,48,2,True
480,50,2,True
482,50,2,True
484,48,2,False
486,48,2,False
484,50,2,False
486,50,2,False
480,52,2,True
482,52,2,False
480,54,2,True
482,54,2,False
484,52,2,False
486,52,2,False
484,54,2,False
486,54,2,False
488,48,2,False
490,48,2,True
488,50,2,False
490,50,2,True
492,48,2,True
494,48,2,True
492,50,2,True
494,50,2,True
488,52,2,False
490,52,2,True
488,54,2,True
490,54,2,True
492,52,2,True
494,52,2,True
492,54,2,True
494,54,2,True
480,56,2,True
482,56,2,False
480,58,2,False
482,58,2,False
484,56,2,False
486,56,2,False
484,58,2,False
486,58,2,False
480,60,2,False
482,60,2,False
480,62,2,False
482,62,2,False
484,60,2,False
486,60,2,True
484,62,2,False
486,62,2,True
488,56,2,True
490,56,2,True
488,58,2,True
490,58,2,True
492,56,2,True
494,56,2,True
492,58,2,True
494,58,2,True
488,60,2,True
490,60,2,True
488,62,2,True
490,62,2,True
492,60,2,True
494,60,2,True
492,62,2,True
494,62,2,True
496,48,2,True
498,48,2,True
496,50,2,True
498,50,2,True
500,48,2,True
502,48,2,True
500,50,2,True
502,50,2,True
496,52,2,True
498,52,2,True
496,54,2,True
498,54,2,True
500,52,2,True
502,52,2,True
500,54,2,True
502,54,2,True
504,48,2,True
506,48,2,True
504,50,2,True
506,50,2,True
508,48,2,True
510,48,2,True
508,50,2,True
510,50,2,True
504,52,2,True
506,52,2,True
504,54,2,True
506,54,2,True
508,52,2,True
510,52,2,True
508,54,2,True
510,54,2,True
496,56,2,True
498,56,2,True
496,58,2,True
498,58,2,True
500,56,2,True
502,56,2,True
500,58,2,True
502,58,2,True
496,60,2,True
498,60,2,True
496,62,2,True
498,62,2,True
500,60,2,True
502,60,2,True
500,62,2,True
502,62,2,True
504,56,2,True
506,56,2,True
504,58,2,True
506,58,2,True
508,56,2,True
510,56,2,True
508,58,2,True
510,58,2,True
504,60,2,True
506,60,2,True
504,62,2,True
506,62,2,True
480,64,2,False
482,64,2,False
480,66,2,False
482,66,2,False
484,64,2,False
486,64,2,True
484,66,2,True
486,66,2,True
480,68,2,False
482,68,2,False
480,70,2,False
482,70,2,False
484,68,2,True
486,68,2,True
484,70,2,True
486,70,2,True
488,64,2,True
490,64,2,True
488,66,2,True
490,66,2,True
492,64,2,True
494,64,2,True
492,66,2,True
494,66,2,True
488,68,2,True
490,68,2,True
488,70,2,True
490,70,2,True
492,68,2,True
494,68,2,True
492,70,2,True
494,70,2,True
480,72,2,False
482,72,2,True
480,74,2,False
482,74,2,True
484,72,2,True
486,72,2,True
484,74,2,True
486,74,2,True
480,76,2,False
482,76,2,True
480,78,2,True
482,78,2,True
484,76,2,True
486,76,2,True
484,78,2,True
486,78,2,True
488,72,2,True
490,72,2,True
488,74,2,True
490,74,2,True
492,72,2,True
494,72,2,True
492,74,2,True
494,74,2,True
488,76,2,True
490,76,2,True
488,78,2,True
490,78,2,True
492,76,2,True
494,76,2,True
492,78,2,True
494,78,2,True
496,64,2,True
498,64,2,True
496,66,2,True
498,66,2,True
500,64,2,True
502,64,2,True
500,66,2,True
502,66,2,True
496,68,2,True
498,68,2,True
496,70,2,True
498,70,2,True
500,68,2,True
502,68,2,True
500,70,2,True
502,70,2,True
504,64,2,True
506,64,2,True
504,66,2,True
506,66,2,True
496,72,2,True
498,72,2,True
496,74,2,True
498,74,2,True
500,72,2,True
502,72,2,True
500,74,2,True
502,74,2,True
496,76,2,True
498,76,2,True
496,78,2,True
498,78,2,True
480,80,2,True
482,80,2,True
480,82,2,True
482,82,2,True
484,80,2,True
486,80,2,True
484,82,2,True
486,82,2,True
480,84,2,True
482,84,2,True
480,86,2,True
482,86,2,True
484,84,2,True
486,84,2,True
484,86,2,True
486,86,2,True
488,80,2,True
490,80,2,True
488,82,2,True
490,82,2,True
492,80,2,True
494,80,2,True
492,82,2,True
494,82,2,True
488,84,2,True
490,84,2,True
488,86,2,True
490,86,2,True
492,84,2,True
494,84,2,True
492,86,2,True
494,86,2,True
480,88,2,True
482,88,2,True
480,90,2,True
482,90,2,True
484,88,2,True
486,88,2,True
484,90,2,True
486,90,2,True
480,92,2,True
482,92,2,True
480,94,2,True
482,94,2,True
484,92,2,True
486,92,2,True
484,94,2,True
486,94,2,True
488,88,2,True
490,88,2,True
488,90,2,True
490,90,2,True
492,88,2,True
494,88,2,True
492,90,2,True
494,90,2,True
488,92,2,True
490,92,2,True
488,94,2,True
490,94,2,True
496,80,2,True
498,80,2,True
496,82,2,True
498,82,2,True
480,96,2,True
482,96,2,True
480,98,2,True
482,98,2,True
484,96,2,True
486,96,2,True
484,98,2,True
486,98,2,True
480,100,2,True
482,100,2,True
480,102,2,True
482,102,2,True
484,100,2,True
486,100,2,True
484,102,2,True
486,102,2,True
488,96,2,True
490,96,2,True
488,98,2,True
490,98,2,True
488,100,2,True
490,100,2,True
488,102,2,True
490,102,2,True
480,104,2,True
482,104,2,True
480,106,2,True
482,106,2,True
484,104,2,True
486,104,2,True
484,106,2,True
486,106,2,True
480,108,2,True
482,108,2,True
480,110,2,True
482,110,2,True
484,108,2,True
486,108,2,True
484,110,2,True
486,110,2,True
480,112,2,True
482,112,2,True
480,114,2,True
482,114,2,True
480,116,2,True
482,116,2,True
480,118,2,True
482,118,2,True
480,120,2,True
482,120,2,True
480,122,2,True
482,122,2,True
512,0,2,True
514,0,2,True
512,2,2,True
514,2,2,True
516,0,2,True
518,0,2,True
516,2,2,True
518,2,2,True
512,4,2,True
514,4,2,True
512,6,2,True
514,6,2,True
516,4,2,True
518,4,2,True
516,6,2,True
518,6,2,True
520,0,2,True
522,0,2,True
520,2,2,True
522,2,2,True
524,0,2,True
526,0,2,True
524,2,2,True
526,2,2,True
520,4,2,True
522,4,2,True
520,6,2,True
522,6,2,True
524,4,2,True
526,4,2,True
524,6,2,True
526,6,2,True
512,8,2,True
514,8,2,True
512,10,2,True
514,10,2,True
516,8,2,True
518,8,2,True
516,10,2,True
518,10,2,True
512,12,2,True
514,12,2,True
512,14,2,True
514,14,2,True
516,12,2,True
518,12,2,True
516,14,2,True
518,14,2,True
520,8,2,True
522,8,2,True
520,10,2,True
522,10,2,True
524,8,2,True
526,8,2,True
524,10,2,True
526,10,2,True
520,12,2,True
522,12,2,True
520,14,2,True
522,14,2,True
512,16,2,True
514,16,2,True
512,18,2,True
514,18,2,True
516,16,2,True
518,16,2,True
516,18,2,True
518,18,2,True
512,20,2,True
514,20,2,True
512,22,2,True
514,22,2,True
516,20,2,True
518,20,2,True
516,22,2,True
518,22,2,True
520,16,2,True
522,16,2,True
520,18,2,True
522,18,2,True
520,20,2,True
522,20,2,True
520,22,2,True
522,22,2,True
512,24,2,True
514,24,2,True
512,26,2,True
514,26,2,True
516,24,2,True
518,24,2,True
516,26,2,True
518,26,2,True
512,28,2,True
514,28,2,True
512,30,2,True
514,30,2,True
516,28,2,True
518,28,2,True
516,30,2,True
518,30,2,True
512,32,2,True
514,32,2,True
512,34,2,True
514,34,2,True
516,32,2,True
518,32,2,True
516,34,2,True
518,34,2,True
512,36,2,True
514,36,2,True
512,38,2,True
514,38,2,True
512,40,2,True
514,40,2,True
512,42,2,True
514,42,2,True
512,44,2,True
514,44,2,True
512,46,2,True
514,46,2,True
512,48,2,True
514,48,2,True
512,50,2,True
514,50,2,True
