portfolio,replaced_buses,intervention_count,scenario,equilibrium_status,error_type,error_message,powerflow_finite,equilibrium_finite,fixed_point,dynamic_margin,max_real,stable,robust_feasible_for_scenario
none,Int64[],0,nominal,ok,,,true,true,true,0.09806540933624461,-0.09806540933624461,true,true
none,Int64[],0,pll0.8_xf0.8_cc0.8,ok,,,true,true,true,0.09806540933624461,-0.09806540933624461,true,true
none,Int64[],0,pll0.8_xf0.8_cc1.2,ok,,,true,true,true,0.09806540933624461,-0.09806540933624461,true,true
none,Int64[],0,pll0.8_xf1.2_cc0.8,ok,,,true,true,true,0.09806540933624461,-0.09806540933624461,true,true
none,Int64[],0,pll0.8_xf1.2_cc1.2,ok,,,true,true,true,0.09806540933624461,-0.09806540933624461,true,true
none,Int64[],0,pll1.2_xf0.8_cc0.8,ok,,,true,true,true,0.09806540933624461,-0.09806540933624461,true,true
none,Int64[],0,pll1.2_xf0.8_cc1.2,ok,,,true,true,true,0.09806540933624461,-0.09806540933624461,true,true
none,Int64[],0,pll1.2_xf1.2_cc0.8,ok,,,true,true,true,0.09806540933624461,-0.09806540933624461,true,true
none,Int64[],0,pll1.2_xf1.2_cc1.2,ok,,,true,true,true,0.09806540933624461,-0.09806540933624461,true,true
30,[30],1,nominal,ok,,,true,true,true,0.1065854541074221,-0.1065854541074221,true,true
30,[30],1,pll0.8_xf0.8_cc0.8,ok,,,true,true,true,0.10654458735688799,-0.10654458735688799,true,true
30,[30],1,pll0.8_xf0.8_cc1.2,ok,,,true,true,true,0.10654465697710916,-0.10654465697710916,true,true
30,[30],1,pll0.8_xf1.2_cc0.8,ok,,,true,true,true,0.1065445794904292,-0.1065445794904292,true,true
30,[30],1,pll0.8_xf1.2_cc1.2,ok,,,true,true,true,0.10654465245186431,-0.10654465245186431,true,true
30,[30],1,pll1.2_xf0.8_cc0.8,ok,,,true,true,true,0.10660755388639057,-0.10660755388639057,true,true
30,[30],1,pll1.2_xf0.8_cc1.2,ok,,,true,true,true,0.10660762803411472,-0.10660762803411472,true,true
30,[30],1,pll1.2_xf1.2_cc0.8,ok,,,true,true,true,0.10660754853231807,-0.10660754853231807,true,true
30,[30],1,pll1.2_xf1.2_cc1.2,ok,,,true,true,true,0.10660762452272046,-0.10660762452272046,true,true
32,[32],1,nominal,ok,,,true,true,true,0.09803622788497462,-0.09803622788497462,true,true
32,[32],1,pll0.8_xf0.8_cc0.8,ok,,,true,true,true,0.09802426022602903,-0.09802426022602903,true,true
32,[32],1,pll0.8_xf0.8_cc1.2,ok,,,true,true,true,0.09802425914771583,-0.09802425914771583,true,true
32,[32],1,pll0.8_xf1.2_cc0.8,ok,,,true,true,true,0.09802425791453431,-0.09802425791453431,true,true
32,[32],1,pll0.8_xf1.2_cc1.2,ok,,,true,true,true,0.09802425768681527,-0.09802425768681527,true,true
32,[32],1,pll1.2_xf0.8_cc0.8,ok,,,true,true,true,0.0980427053628747,-0.0980427053628747,true,true
32,[32],1,pll1.2_xf0.8_cc1.2,ok,,,true,true,true,0.09804270558697091,-0.09804270558697091,true,true
32,[32],1,pll1.2_xf1.2_cc0.8,ok,,,true,true,true,0.09804270389761674,-0.09804270389761674,true,true
32,[32],1,pll1.2_xf1.2_cc1.2,ok,,,true,true,true,0.09804270453711006,-0.09804270453711006,true,true
30;32,"[30, 32]",2,nominal,ok,,,true,true,true,0.10715914910923553,-0.10715914910923553,true,true
30;32,"[30, 32]",2,pll0.8_xf0.8_cc0.8,ok,,,true,true,true,0.1070909101429298,-0.1070909101429298,true,true
30;32,"[30, 32]",2,pll0.8_xf0.8_cc1.2,ok,,,true,true,true,0.10709096631254608,-0.10709096631254608,true,true
30;32,"[30, 32]",2,pll0.8_xf1.2_cc0.8,ok,,,true,true,true,0.10709090801437268,-0.10709090801437268,true,true
30;32,"[30, 32]",2,pll0.8_xf1.2_cc1.2,ok,,,true,true,true,0.10709097087446269,-0.10709097087446269,true,true
30;32,"[30, 32]",2,pll1.2_xf0.8_cc0.8,ok,,,true,true,true,0.10719592805306735,-0.10719592805306735,true,true
30;32,"[30, 32]",2,pll1.2_xf0.8_cc1.2,ok,,,true,true,true,0.10719599361219287,-0.10719599361219287,true,true
30;32,"[30, 32]",2,pll1.2_xf1.2_cc0.8,ok,,,true,true,true,0.10719593169653163,-0.10719593169653163,true,true
30;32,"[30, 32]",2,pll1.2_xf1.2_cc1.2,ok,,,true,true,true,0.10719600073670887,-0.10719600073670887,true,true
33,[33],1,nominal,ok,,,true,true,true,0.09884700664560639,-0.09884700664560639,true,true
33,[33],1,pll0.8_xf0.8_cc0.8,ok,,,true,true,true,0.09883988031093754,-0.09883988031093754,true,true
33,[33],1,pll0.8_xf0.8_cc1.2,ok,,,true,true,true,0.09883987584267076,-0.09883987584267076,true,true
33,[33],1,pll0.8_xf1.2_cc0.8,ok,,,true,true,true,0.09883987883117494,-0.09883987883117494,true,true
33,[33],1,pll0.8_xf1.2_cc1.2,ok,,,true,true,true,0.09883987586189771,-0.09883987586189771,true,true
33,[33],1,pll1.2_xf0.8_cc0.8,ok,,,true,true,true,0.09885081790183445,-0.09885081790183445,true,true
33,[33],1,pll1.2_xf0.8_cc1.2,ok,,,true,true,true,0.09885081587311191,-0.09885081587311191,true,true
33,[33],1,pll1.2_xf1.2_cc0.8,ok,,,true,true,true,0.09885081793156549,-0.09885081793156549,true,true
33,[33],1,pll1.2_xf1.2_cc1.2,ok,,,true,true,true,0.09885081658204388,-0.09885081658204388,true,true
30;33,"[30, 33]",2,nominal,ok,,,true,true,true,0.110622775111542,-0.110622775111542,true,true
30;33,"[30, 33]",2,pll0.8_xf0.8_cc0.8,ok,,,true,true,true,0.11055688524936724,-0.11055688524936724,true,true
30;33,"[30, 33]",2,pll0.8_xf0.8_cc1.2,ok,,,true,true,true,0.11055691771635848,-0.11055691771635848,true,true
30;33,"[30, 33]",2,pll0.8_xf1.2_cc0.8,ok,,,true,true,true,0.11055686762715611,-0.11055686762715611,true,true
30;33,"[30, 33]",2,pll0.8_xf1.2_cc1.2,ok,,,true,true,true,0.11055691422774881,-0.11055691422774881,true,true
30;33,"[30, 33]",2,pll1.2_xf0.8_cc0.8,ok,,,true,true,true,0.11065806190267989,-0.11065806190267989,true,true
30;33,"[30, 33]",2,pll1.2_xf0.8_cc1.2,ok,,,true,true,true,0.11065811616979901,-0.11065811616979901,true,true
30;33,"[30, 33]",2,pll1.2_xf1.2_cc0.8,ok,,,true,true,true,0.11065805743292054,-0.11065805743292054,true,true
30;33,"[30, 33]",2,pll1.2_xf1.2_cc1.2,ok,,,true,true,true,0.11065811854496257,-0.11065811854496257,true,true
32;33,"[32, 33]",2,nominal,ok,,,true,true,true,0.09883096555332965,-0.09883096555332965,true,true
32;33,"[32, 33]",2,pll0.8_xf0.8_cc0.8,ok,,,true,true,true,0.09880407206030159,-0.09880407206030159,true,true
32;33,"[32, 33]",2,pll0.8_xf0.8_cc1.2,ok,,,true,true,true,0.09880406579603304,-0.09880406579603304,true,true
32;33,"[32, 33]",2,pll0.8_xf1.2_cc0.8,ok,,,true,true,true,0.0988040676339559,-0.0988040676339559,true,true
32;33,"[32, 33]",2,pll0.8_xf1.2_cc1.2,ok,,,true,true,true,0.09880406405636431,-0.09880406405636431,true,true
32;33,"[32, 33]",2,pll1.2_xf0.8_cc0.8,ok,,,true,true,true,0.09884549036190227,-0.09884549036190227,true,true
32;33,"[32, 33]",2,pll1.2_xf0.8_cc1.2,ok,,,true,true,true,0.09884548821248913,-0.09884548821248913,true,true
32;33,"[32, 33]",2,pll1.2_xf1.2_cc0.8,ok,,,true,true,true,0.09884548871198826,-0.09884548871198826,true,true
32;33,"[32, 33]",2,pll1.2_xf1.2_cc1.2,ok,,,true,true,true,0.09884548785572443,-0.09884548785572443,true,true
30;32;33,"[30, 32, 33]",3,nominal,ok,,,true,true,true,0.11170101175450624,-0.11170101175450624,true,true
30;32;33,"[30, 32, 33]",3,pll0.8_xf0.8_cc0.8,ok,,,true,true,true,0.1115861157336207,-0.1115861157336207,true,true
30;32;33,"[30, 32, 33]",3,pll0.8_xf0.8_cc1.2,ok,,,true,true,true,0.11158610721039286,-0.11158610721039286,true,true
30;32;33,"[30, 32, 33]",3,pll0.8_xf1.2_cc0.8,ok,,,true,true,true,0.1115861018394946,-0.1115861018394946,true,true
30;32;33,"[30, 32, 33]",3,pll0.8_xf1.2_cc1.2,ok,,,true,true,true,0.11158611722247548,-0.11158611722247548,true,true
30;32;33,"[30, 32, 33]",3,pll1.2_xf0.8_cc0.8,ok,,,true,true,true,0.11176227854928632,-0.11176227854928632,true,true
30;32;33,"[30, 32, 33]",3,pll1.2_xf0.8_cc1.2,ok,,,true,true,true,0.11176230668170055,-0.11176230668170055,true,true
30;32;33,"[30, 32, 33]",3,pll1.2_xf1.2_cc0.8,ok,,,true,true,true,0.11176228782011977,-0.11176228782011977,true,true
30;32;33,"[30, 32, 33]",3,pll1.2_xf1.2_cc1.2,ok,,,true,true,true,0.11176232743531306,-0.11176232743531306,true,true
34,[34],1,nominal,ok,,,true,true,true,0.09793169549782776,-0.09793169549782776,true,true
34,[34],1,pll0.8_xf0.8_cc0.8,ok,,,true,true,true,0.09793755669424889,-0.09793755669424889,true,true
34,[34],1,pll0.8_xf0.8_cc1.2,ok,,,true,true,true,0.09793755650030468,-0.09793755650030468,true,true
34,[34],1,pll0.8_xf1.2_cc0.8,ok,,,true,true,true,0.09793755628601525,-0.09793755628601525,true,true
34,[34],1,pll0.8_xf1.2_cc1.2,ok,,,true,true,true,0.0979375564607407,-0.0979375564607407,true,true
34,[34],1,pll1.2_xf0.8_cc0.8,ok,,,true,true,true,0.09792850297740996,-0.09792850297740996,true,true
34,[34],1,pll1.2_xf0.8_cc1.2,ok,,,true,true,true,0.09792850349296074,-0.09792850349296074,true,true
34,[34],1,pll1.2_xf1.2_cc0.8,ok,,,true,true,true,0.09792850293596093,-0.09792850293596093,true,true
34,[34],1,pll1.2_xf1.2_cc1.2,ok,,,true,true,true,0.09792850359385472,-0.09792850359385472,true,true
30;34,"[30, 34]",2,nominal,ok,,,true,true,true,0.10404817226717192,-0.10404817226717192,true,true
30;34,"[30, 34]",2,pll0.8_xf0.8_cc0.8,ok,,,true,true,true,0.10404979110798021,-0.10404979110798021,true,true
30;34,"[30, 34]",2,pll0.8_xf0.8_cc1.2,ok,,,true,true,true,0.10404994405613305,-0.10404994405613305,true,true
30;34,"[30, 34]",2,pll0.8_xf1.2_cc0.8,ok,,,true,true,true,0.10404979159727272,-0.10404979159727272,true,true
30;34,"[30, 34]",2,pll0.8_xf1.2_cc1.2,ok,,,true,true,true,0.10404993432364482,-0.10404993432364482,true,true
30;34,"[30, 34]",2,pll1.2_xf0.8_cc0.8,ok,,,true,true,true,0.10404723181169542,-0.10404723181169542,true,true
30;34,"[30, 34]",2,pll1.2_xf0.8_cc1.2,ok,,,true,true,true,0.1040473669070011,-0.1040473669070011,true,true
30;34,"[30, 34]",2,pll1.2_xf1.2_cc0.8,ok,,,true,true,true,0.10404722147263254,-0.10404722147263254,true,true
30;34,"[30, 34]",2,pll1.2_xf1.2_cc1.2,ok,,,true,true,true,0.1040473522239129,-0.1040473522239129,true,true
32;34,"[32, 34]",2,nominal,ok,,,true,true,true,0.0978301637523357,-0.0978301637523357,true,true
32;34,"[32, 34]",2,pll0.8_xf0.8_cc0.8,ok,,,true,true,true,0.09782290068812874,-0.09782290068812874,true,true
32;34,"[32, 34]",2,pll0.8_xf0.8_cc1.2,ok,,,true,true,true,0.09782290079948254,-0.09782290079948254,true,true
32;34,"[32, 34]",2,pll0.8_xf1.2_cc0.8,ok,,,true,true,true,0.09782289749393819,-0.09782289749393819,true,true
32;34,"[32, 34]",2,pll0.8_xf1.2_cc1.2,ok,,,true,true,true,0.09782289869720823,-0.09782289869720823,true,true
32;34,"[32, 34]",2,pll1.2_xf0.8_cc0.8,ok,,,true,true,true,0.09783407257211224,-0.09783407257211224,true,true
32;34,"[32, 34]",2,pll1.2_xf0.8_cc1.2,ok,,,true,true,true,0.09783407450090834,-0.09783407450090834,true,true
32;34,"[32, 34]",2,pll1.2_xf1.2_cc0.8,ok,,,true,true,true,0.09783407049830786,-0.09783407049830786,true,true
32;34,"[32, 34]",2,pll1.2_xf1.2_cc1.2,ok,,,true,true,true,0.09783407292301413,-0.09783407292301413,true,true
30;32;34,"[30, 32, 34]",3,nominal,ok,,,true,true,true,0.10399172930802794,-0.10399172930802794,true,true
30;32;34,"[30, 32, 34]",3,pll0.8_xf0.8_cc0.8,ok,,,true,true,true,0.10396284762342786,-0.10396284762342786,true,true
30;32;34,"[30, 32, 34]",3,pll0.8_xf0.8_cc1.2,ok,,,true,true,true,0.10396302061985212,-0.10396302061985212,true,true
30;32;34,"[30, 32, 34]",3,pll0.8_xf1.2_cc0.8,ok,,,true,true,true,0.10396285446247268,-0.10396285446247268,true,true
30;32;34,"[30, 32, 34]",3,pll0.8_xf1.2_cc1.2,ok,,,true,true,true,0.10396301553581244,-0.10396301553581244,true,true
30;32;34,"[30, 32, 34]",3,pll1.2_xf0.8_cc0.8,ok,,,true,true,true,0.10400729669964862,-0.10400729669964862,true,true
30;32;34,"[30, 32, 34]",3,pll1.2_xf0.8_cc1.2,ok,,,true,true,true,0.10400744862215361,-0.10400744862215361,true,true
30;32;34,"[30, 32, 34]",3,pll1.2_xf1.2_cc0.8,ok,,,true,true,true,0.10400729080533193,-0.10400729080533193,true,true
30;32;34,"[30, 32, 34]",3,pll1.2_xf1.2_cc1.2,ok,,,true,true,true,0.10400743772905988,-0.10400743772905988,true,true
33;34,"[33, 34]",2,nominal,ok,,,true,true,true,0.09907484826287669,-0.09907484826287669,true,true
33;34,"[33, 34]",2,pll0.8_xf0.8_cc0.8,ok,,,true,true,true,0.09904730181498143,-0.09904730181498143,true,true
33;34,"[33, 34]",2,pll0.8_xf0.8_cc1.2,ok,,,true,true,true,0.0990472877344619,-0.0990472877344619,true,true
33;34,"[33, 34]",2,pll0.8_xf1.2_cc0.8,ok,,,true,true,true,0.09904729500117593,-0.09904729500117593,true,true
33;34,"[33, 34]",2,pll0.8_xf1.2_cc1.2,ok,,,true,true,true,0.0990472857976695,-0.0990472857976695,true,true
33;34,"[33, 34]",2,pll1.2_xf0.8_cc0.8,ok,,,true,true,true,0.09908966023420177,-0.09908966023420177,true,true
33;34,"[33, 34]",2,pll1.2_xf0.8_cc1.2,ok,,,true,true,true,0.09908965363950584,-0.09908965363950584,true,true
33;34,"[33, 34]",2,pll1.2_xf1.2_cc0.8,ok,,,true,true,true,0.09908965843645762,-0.09908965843645762,true,true
33;34,"[33, 34]",2,pll1.2_xf1.2_cc1.2,ok,,,true,true,true,0.09908965413894398,-0.09908965413894398,true,true
30;33;34,"[30, 33, 34]",3,nominal,ok,,,true,true,true,0.11116767121521735,-0.11116767121521735,true,true
30;33;34,"[30, 33, 34]",3,pll0.8_xf0.8_cc0.8,ok,,,true,true,true,0.11108615602356059,-0.11108615602356059,true,true
30;33;34,"[30, 33, 34]",3,pll0.8_xf0.8_cc1.2,ok,,,true,true,true,0.11108610469571353,-0.11108610469571353,true,true
30;33;34,"[30, 33, 34]",3,pll0.8_xf1.2_cc0.8,ok,,,true,true,true,0.11108611770443572,-0.11108611770443572,true,true
30;33;34,"[30, 33, 34]",3,pll0.8_xf1.2_cc1.2,ok,,,true,true,true,0.11108609990653706,-0.11108609990653706,true,true
30;33;34,"[30, 33, 34]",3,pll1.2_xf0.8_cc0.8,ok,,,true,true,true,0.111210542372859,-0.111210542372859,true,true
30;33;34,"[30, 33, 34]",3,pll1.2_xf0.8_cc1.2,ok,,,true,true,true,0.11121054424706055,-0.11121054424706055,true,true
30;33;34,"[30, 33, 34]",3,pll1.2_xf1.2_cc0.8,ok,,,true,true,true,0.11121053784745397,-0.11121053784745397,true,true
30;33;34,"[30, 33, 34]",3,pll1.2_xf1.2_cc1.2,ok,,,true,true,true,0.11121055522949284,-0.11121055522949284,true,true
32;33;34,"[32, 33, 34]",3,nominal,ok,,,true,true,true,0.09905390916832783,-0.09905390916832783,true,true
32;33;34,"[32, 33, 34]",3,pll0.8_xf0.8_cc0.8,ok,,,true,true,true,0.09900199071104229,-0.09900199071104229,true,true
32;33;34,"[32, 33, 34]",3,pll0.8_xf0.8_cc1.2,ok,,,true,true,true,0.09900197768580131,-0.09900197768580131,true,true
32;33;34,"[32, 33, 34]",3,pll0.8_xf1.2_cc0.8,ok,,,true,true,true,0.09900198157913828,-0.09900198157913828,true,true
32;33;34,"[32, 33, 34]",3,pll0.8_xf1.2_cc1.2,ok,,,true,true,true,0.09900197376286023,-0.09900197376286023,true,true
32;33;34,"[32, 33, 34]",3,pll1.2_xf0.8_cc0.8,ok,,,true,true,true,0.09908208132741969,-0.09908208132741969,true,true
32;33;34,"[32, 33, 34]",3,pll1.2_xf0.8_cc1.2,ok,,,true,true,true,0.09908207569725314,-0.09908207569725314,true,true
32;33;34,"[32, 33, 34]",3,pll1.2_xf1.2_cc0.8,ok,,,true,true,true,0.09908207764170696,-0.09908207764170696,true,true
32;33;34,"[32, 33, 34]",3,pll1.2_xf1.2_cc1.2,ok,,,true,true,true,0.09908207462112972,-0.09908207462112972,true,true
30;32;33;34,"[30, 32, 33, 34]",4,nominal,ok,,,true,true,true,0.11221099905277872,-0.11221099905277872,true,true
30;32;33;34,"[30, 32, 33, 34]",4,pll0.8_xf0.8_cc0.8,ok,,,true,true,true,0.11208225533485544,-0.11208225533485544,true,true
30;32;33;34,"[30, 32, 33, 34]",4,pll0.8_xf0.8_cc1.2,ok,,,true,true,true,0.11208215489754932,-0.11208215489754932,true,true
30;32;33;34,"[30, 32, 33, 34]",4,pll0.8_xf1.2_cc0.8,ok,,,true,true,true,0.11208221490068279,-0.11208221490068279,true,true
30;32;33;34,"[30, 32, 33, 34]",4,pll0.8_xf1.2_cc1.2,ok,,,true,true,true,0.11208215925590068,-0.11208215925590068,true,true
30;32;33;34,"[30, 32, 33, 34]",4,pll1.2_xf0.8_cc0.8,ok,,,true,true,true,0.11227863308987664,-0.11227863308987664,true,true
30;32;33;34,"[30, 32, 33, 34]",4,pll1.2_xf0.8_cc1.2,ok,,,true,true,true,0.11227860336253997,-0.11227860336253997,true,true
30;32;33;34,"[30, 32, 33, 34]",4,pll1.2_xf1.2_cc0.8,ok,,,true,true,true,0.11227863858294071,-0.11227863858294071,true,true
30;32;33;34,"[30, 32, 33, 34]",4,pll1.2_xf1.2_cc1.2,ok,,,true,true,true,0.11227862963943297,-0.11227862963943297,true,true
35,[35],1,nominal,ok,,,true,true,true,0.09864801168096159,-0.09864801168096159,true,true
35,[35],1,pll0.8_xf0.8_cc0.8,ok,,,true,true,true,0.09864240037454117,-0.09864240037454117,true,true
35,[35],1,pll0.8_xf0.8_cc1.2,ok,,,true,true,true,0.09864239554383514,-0.09864239554383514,true,true
35,[35],1,pll0.8_xf1.2_cc0.8,ok,,,true,true,true,0.09864239957129756,-0.09864239957129756,true,true
35,[35],1,pll0.8_xf1.2_cc1.2,ok,,,true,true,true,0.09864239621197182,-0.09864239621197182,true,true
35,[35],1,pll1.2_xf0.8_cc0.8,ok,,,true,true,true,0.0986510053669761,-0.0986510053669761,true,true
35,[35],1,pll1.2_xf0.8_cc1.2,ok,,,true,true,true,0.09865100298805798,-0.09865100298805798,true,true
35,[35],1,pll1.2_xf1.2_cc0.8,ok,,,true,true,true,0.09865100595931581,-0.09865100595931581,true,true
35,[35],1,pll1.2_xf1.2_cc1.2,ok,,,true,true,true,0.09865100424631335,-0.09865100424631335,true,true
30;35,"[30, 35]",2,nominal,ok,,,true,true,true,0.11050670668251236,-0.11050670668251236,true,true
30;35,"[30, 35]",2,pll0.8_xf0.8_cc0.8,ok,,,true,true,true,0.11047578287589396,-0.11047578287589396,true,true
30;35,"[30, 35]",2,pll0.8_xf0.8_cc1.2,ok,,,true,true,true,0.11047576735872434,-0.11047576735872434,true,true
30;35,"[30, 35]",2,pll0.8_xf1.2_cc0.8,ok,,,true,true,true,0.11047574836606822,-0.11047574836606822,true,true
30;35,"[30, 35]",2,pll0.8_xf1.2_cc1.2,ok,,,true,true,true,0.1104757555198023,-0.1104757555198023,true,true
30;35,"[30, 35]",2,pll1.2_xf0.8_cc0.8,ok,,,true,true,true,0.11052294408737237,-0.11052294408737237,true,true
30;35,"[30, 35]",2,pll1.2_xf0.8_cc1.2,ok,,,true,true,true,0.11052296660814237,-0.11052296660814237,true,true
30;35,"[30, 35]",2,pll1.2_xf1.2_cc0.8,ok,,,true,true,true,0.11052293157065275,-0.11052293157065275,true,true
30;35,"[30, 35]",2,pll1.2_xf1.2_cc1.2,ok,,,true,true,true,0.11052296434453665,-0.11052296434453665,true,true
32;35,"[32, 35]",2,nominal,ok,,,true,true,true,0.09866323252339601,-0.09866323252339601,true,true
32;35,"[32, 35]",2,pll0.8_xf0.8_cc0.8,ok,,,true,true,true,0.09864157093680084,-0.09864157093680084,true,true
32;35,"[32, 35]",2,pll0.8_xf0.8_cc1.2,ok,,,true,true,true,0.09864156377158652,-0.09864156377158652,true,true
32;35,"[32, 35]",2,pll0.8_xf1.2_cc0.8,ok,,,true,true,true,0.09864156815009649,-0.09864156815009649,true,true
32;35,"[32, 35]",2,pll0.8_xf1.2_cc1.2,ok,,,true,true,true,0.09864156362430031,-0.09864156362430031,true,true
32;35,"[32, 35]",2,pll1.2_xf0.8_cc0.8,ok,,,true,true,true,0.09867490780891744,-0.09867490780891744,true,true
32;35,"[32, 35]",2,pll1.2_xf0.8_cc1.2,ok,,,true,true,true,0.09867490481438815,-0.09867490481438815,true,true
32;35,"[32, 35]",2,pll1.2_xf1.2_cc0.8,ok,,,true,true,true,0.09867490768542347,-0.09867490768542347,true,true
32;35,"[32, 35]",2,pll1.2_xf1.2_cc1.2,ok,,,true,true,true,0.09867490593234539,-0.09867490593234539,true,true
30;32;35,"[30, 32, 35]",3,nominal,ok,,,true,true,true,0.11155889595592428,-0.11155889595592428,true,true
30;32;35,"[30, 32, 35]",3,pll0.8_xf0.8_cc0.8,ok,,,true,true,true,0.11151681958665907,-0.11151681958665907,true,true
30;32;35,"[30, 32, 35]",3,pll0.8_xf0.8_cc1.2,ok,,,true,true,true,0.11151675981067875,-0.11151675981067875,true,true
30;32;35,"[30, 32, 35]",3,pll0.8_xf1.2_cc0.8,ok,,,true,true,true,0.11151678530677984,-0.11151678530677984,true,true
30;32;35,"[30, 32, 35]",3,pll0.8_xf1.2_cc1.2,ok,,,true,true,true,0.1115167574783444,-0.1115167574783444,true,true
30;32;35,"[30, 32, 35]",3,pll1.2_xf0.8_cc0.8,ok,,,true,true,true,0.1115806390890668,-0.1115806390890668,true,true
30;32;35,"[30, 32, 35]",3,pll1.2_xf0.8_cc1.2,ok,,,true,true,true,0.11158063326142292,-0.11158063326142292,true,true
30;32;35,"[30, 32, 35]",3,pll1.2_xf1.2_cc0.8,ok,,,true,true,true,0.11158063645796402,-0.11158063645796402,true,true
30;32;35,"[30, 32, 35]",3,pll1.2_xf1.2_cc1.2,ok,,,true,true,true,0.11158064492265665,-0.11158064492265665,true,true
33;35,"[33, 35]",2,nominal,ok,,,true,true,true,0.10039379582753258,-0.10039379582753258,true,true
33;35,"[33, 35]",2,pll0.8_xf0.8_cc0.8,ok,,,true,true,true,0.10034029050512747,-0.10034029050512747,true,true
33;35,"[33, 35]",2,pll0.8_xf0.8_cc1.2,ok,,,true,true,true,0.10034027768517045,-0.10034027768517045,true,true
33;35,"[33, 35]",2,pll0.8_xf1.2_cc0.8,ok,,,true,true,true,0.10034028504273504,-0.10034028504273504,true,true
33;35,"[33, 35]",2,pll0.8_xf1.2_cc1.2,ok,,,true,true,true,0.10034027786163024,-0.10034027786163024,true,true
33;35,"[33, 35]",2,pll1.2_xf0.8_cc0.8,ok,,,true,true,true,0.10042275030308664,-0.10042275030308664,true,true
33;35,"[33, 35]",2,pll1.2_xf0.8_cc1.2,ok,,,true,true,true,0.10042274588414546,-0.10042274588414546,true,true
33;35,"[33, 35]",2,pll1.2_xf1.2_cc0.8,ok,,,true,true,true,0.10042275060579384,-0.10042275060579384,true,true
33;35,"[33, 35]",2,pll1.2_xf1.2_cc1.2,ok,,,true,true,true,0.10042274894606512,-0.10042274894606512,true,true
30;33;35,"[30, 33, 35]",3,nominal,ok,,,true,true,true,0.117660200996317,-0.117660200996317,true,true
30;33;35,"[30, 33, 35]",3,pll0.8_xf0.8_cc0.8,ok,,,true,true,true,0.11734378781104499,-0.11734378781104499,true,true
30;33;35,"[30, 33, 35]",3,pll0.8_xf0.8_cc1.2,ok,,,true,true,true,0.11734386642678701,-0.11734386642678701,true,true
30;33;35,"[30, 33, 35]",3,pll0.8_xf1.2_cc0.8,ok,,,true,true,true,0.1173438263426765,-0.1173438263426765,true,true
30;33;35,"[30, 33, 35]",3,pll0.8_xf1.2_cc1.2,ok,,,true,true,true,0.11734391716095444,-0.11734391716095444,true,true
30;33;35,"[30, 33, 35]",3,pll1.2_xf0.8_cc0.8,ok,,,true,true,true,0.1178324036902262,-0.1178324036902262,true,true
30;33;35,"[30, 33, 35]",3,pll1.2_xf0.8_cc1.2,ok,,,true,true,true,0.11783249032226692,-0.11783249032226692,true,true
30;33;35,"[30, 33, 35]",3,pll1.2_xf1.2_cc0.8,ok,,,true,true,true,0.11783245197697476,-0.11783245197697476,true,true
30;33;35,"[30, 33, 35]",3,pll1.2_xf1.2_cc1.2,ok,,,true,true,true,0.11783254715407152,-0.11783254715407152,true,true
32;33;35,"[32, 33, 35]",3,nominal,ok,,,true,true,true,0.1003340151393056,-0.1003340151393056,true,true
32;33;35,"[32, 33, 35]",3,pll0.8_xf0.8_cc0.8,ok,,,true,true,true,0.10022845495586538,-0.10022845495586538,true,true
32;33;35,"[32, 33, 35]",3,pll0.8_xf0.8_cc1.2,ok,,,true,true,true,0.10022845189027227,-0.10022845189027227,true,true
32;33;35,"[32, 33, 35]",3,pll0.8_xf1.2_cc0.8,ok,,,true,true,true,0.10022844693411936,-0.10022844693411936,true,true
32;33;35,"[32, 33, 35]",3,pll0.8_xf1.2_cc1.2,ok,,,true,true,true,0.10022844855934368,-0.10022844855934368,true,true
32;33;35,"[32, 33, 35]",3,pll1.2_xf0.8_cc0.8,ok,,,true,true,true,0.10039180518267057,-0.10039180518267057,true,true
32;33;35,"[32, 33, 35]",3,pll1.2_xf0.8_cc1.2,ok,,,true,true,true,0.10039180732585873,-0.10039180732585873,true,true
32;33;35,"[32, 33, 35]",3,pll1.2_xf1.2_cc0.8,ok,,,true,true,true,0.10039180247076569,-0.10039180247076569,true,true
32;33;35,"[32, 33, 35]",3,pll1.2_xf1.2_cc1.2,ok,,,true,true,true,0.10039180734797495,-0.10039180734797495,true,true
30;32;33;35,"[30, 32, 33, 35]",4,nominal,ok,,,true,true,true,0.11930352796126063,-0.11930352796126063,true,true
30;32;33;35,"[30, 32, 33, 35]",4,pll0.8_xf0.8_cc0.8,ok,,,true,true,true,0.11874279561128305,-0.11874279561128305,true,true
30;32;33;35,"[30, 32, 33, 35]",4,pll0.8_xf0.8_cc1.2,ok,,,true,true,true,0.11874289159509979,-0.11874289159509979,true,true
30;32;33;35,"[30, 32, 33, 35]",4,pll0.8_xf1.2_cc0.8,ok,,,true,true,true,0.11874288675117045,-0.11874288675117045,true,true
30;32;33;35,"[30, 32, 33, 35]",4,pll0.8_xf1.2_cc1.2,ok,,,true,true,true,0.11874299181950956,-0.11874299181950956,true,true
30;32;33;35,"[30, 32, 33, 35]",4,pll1.2_xf0.8_cc0.8,ok,,,true,true,true,0.11961115981930373,-0.11961115981930373,true,true
30;32;33;35,"[30, 32, 33, 35]",4,pll1.2_xf0.8_cc1.2,ok,,,true,true,true,0.1196112439288986,-0.1196112439288986,true,true
30;32;33;35,"[30, 32, 33, 35]",4,pll1.2_xf1.2_cc0.8,ok,,,true,true,true,0.11961126070901998,-0.11961126070901998,true,true
30;32;33;35,"[30, 32, 33, 35]",4,pll1.2_xf1.2_cc1.2,ok,,,true,true,true,0.1196113550128581,-0.1196113550128581,true,true
34;35,"[34, 35]",2,nominal,ok,,,true,true,true,0.09821440637304552,-0.09821440637304552,true,true
34;35,"[34, 35]",2,pll0.8_xf0.8_cc0.8,ok,,,true,true,true,0.09821524313736937,-0.09821524313736937,true,true
34;35,"[34, 35]",2,pll0.8_xf0.8_cc1.2,ok,,,true,true,true,0.09821524054139127,-0.09821524054139127,true,true
34;35,"[34, 35]",2,pll0.8_xf1.2_cc0.8,ok,,,true,true,true,0.09821524075733762,-0.09821524075733762,true,true
34;35,"[34, 35]",2,pll0.8_xf1.2_cc1.2,ok,,,true,true,true,0.0982152401706004,-0.0982152401706004,true,true
34;35,"[34, 35]",2,pll1.2_xf0.8_cc0.8,ok,,,true,true,true,0.09821388319323272,-0.09821388319323272,true,true
34;35,"[34, 35]",2,pll1.2_xf0.8_cc1.2,ok,,,true,true,true,0.09821388408964574,-0.09821388408964574,true,true
34;35,"[34, 35]",2,pll1.2_xf1.2_cc0.8,ok,,,true,true,true,0.09821388275701355,-0.09821388275701355,true,true
34;35,"[34, 35]",2,pll1.2_xf1.2_cc1.2,ok,,,true,true,true,0.0982138845267054,-0.0982138845267054,true,true
30;34;35,"[30, 34, 35]",3,nominal,ok,,,true,true,true,0.10436657030212249,-0.10436657030212249,true,true
30;34;35,"[30, 34, 35]",3,pll0.8_xf0.8_cc0.8,ok,,,true,true,true,0.10436163193292568,-0.10436163193292568,true,true
30;34;35,"[30, 34, 35]",3,pll0.8_xf0.8_cc1.2,ok,,,true,true,true,0.10436178920760528,-0.10436178920760528,true,true
30;34;35,"[30, 34, 35]",3,pll0.8_xf1.2_cc0.8,ok,,,true,true,true,0.10436162869230672,-0.10436162869230672,true,true
30;34;35,"[30, 34, 35]",3,pll0.8_xf1.2_cc1.2,ok,,,true,true,true,0.10436177897207755,-0.10436177897207755,true,true
30;34;35,"[30, 34, 35]",3,pll1.2_xf0.8_cc0.8,ok,,,true,true,true,0.10436904070405532,-0.10436904070405532,true,true
30;34;35,"[30, 34, 35]",3,pll1.2_xf0.8_cc1.2,ok,,,true,true,true,0.10436918556712531,-0.10436918556712531,true,true
30;34;35,"[30, 34, 35]",3,pll1.2_xf1.2_cc0.8,ok,,,true,true,true,0.10436902961189606,-0.10436902961189606,true,true
30;34;35,"[30, 34, 35]",3,pll1.2_xf1.2_cc1.2,ok,,,true,true,true,0.10436917155161629,-0.10436917155161629,true,true
32;34;35,"[32, 34, 35]",3,nominal,ok,,,true,true,true,0.09806661301891295,-0.09806661301891295,true,true
32;34;35,"[32, 34, 35]",3,pll0.8_xf0.8_cc0.8,ok,,,true,true,true,0.09804985045999387,-0.09804985045999387,true,true
32;34;35,"[32, 34, 35]",3,pll0.8_xf0.8_cc1.2,ok,,,true,true,true,0.09804985050430139,-0.09804985050430139,true,true
32;34;35,"[32, 34, 35]",3,pll0.8_xf1.2_cc0.8,ok,,,true,true,true,0.09804984506704743,-0.09804984506704743,true,true
32;34;35,"[32, 34, 35]",3,pll0.8_xf1.2_cc1.2,ok,,,true,true,true,0.0980498474674755,-0.0980498474674755,true,true
32;34;35,"[32, 34, 35]",3,pll1.2_xf0.8_cc0.8,ok,,,true,true,true,0.09807564694622387,-0.09807564694622387,true,true
32;34;35,"[32, 34, 35]",3,pll1.2_xf0.8_cc1.2,ok,,,true,true,true,0.09807565086689067,-0.09807565086689067,true,true
32;34;35,"[32, 34, 35]",3,pll1.2_xf1.2_cc0.8,ok,,,true,true,true,0.09807564402107684,-0.09807564402107684,true,true
32;34;35,"[32, 34, 35]",3,pll1.2_xf1.2_cc1.2,ok,,,true,true,true,0.09807564903111984,-0.09807564903111984,true,true
30;32;34;35,"[30, 32, 34, 35]",4,nominal,ok,,,true,true,true,0.10427163781307308,-0.10427163781307308,true,true
30;32;34;35,"[30, 32, 34, 35]",4,pll0.8_xf0.8_cc0.8,ok,,,true,true,true,0.10423412631758128,-0.10423412631758128,true,true
30;32;34;35,"[30, 32, 34, 35]",4,pll0.8_xf0.8_cc1.2,ok,,,true,true,true,0.10423430471112272,-0.10423430471112272,true,true
30;32;34;35,"[30, 32, 34, 35]",4,pll0.8_xf1.2_cc0.8,ok,,,true,true,true,0.10423412839437328,-0.10423412839437328,true,true
30;32;34;35,"[30, 32, 34, 35]",4,pll0.8_xf1.2_cc1.2,ok,,,true,true,true,0.10423429804383569,-0.10423429804383569,true,true
30;32;34;35,"[30, 32, 34, 35]",4,pll1.2_xf0.8_cc0.8,ok,,,true,true,true,0.10429173141252454,-0.10429173141252454,true,true
30;32;34;35,"[30, 32, 34, 35]",4,pll1.2_xf0.8_cc1.2,ok,,,true,true,true,0.10429189412852673,-0.10429189412852673,true,true
30;32;34;35,"[30, 32, 34, 35]",4,pll1.2_xf1.2_cc0.8,ok,,,true,true,true,0.1042917239714016,-0.1042917239714016,true,true
30;32;34;35,"[30, 32, 34, 35]",4,pll1.2_xf1.2_cc1.2,ok,,,true,true,true,0.1042918831063221,-0.1042918831063221,true,true
33;34;35,"[33, 34, 35]",3,nominal,ok,,,true,true,true,0.10142163398542793,-0.10142163398542793,true,true
33;34;35,"[33, 34, 35]",3,pll0.8_xf0.8_cc0.8,ok,,,true,true,true,0.10125221332005246,-0.10125221332005246,true,true
33;34;35,"[33, 34, 35]",3,pll0.8_xf0.8_cc1.2,ok,,,true,true,true,0.10125220658531513,-0.10125220658531513,true,true
33;34;35,"[33, 34, 35]",3,pll0.8_xf1.2_cc0.8,ok,,,true,true,true,0.10125219320363726,-0.10125219320363726,true,true
33;34;35,"[33, 34, 35]",3,pll0.8_xf1.2_cc1.2,ok,,,true,true,true,0.10125219734855402,-0.10125219734855402,true,true
33;34;35,"[33, 34, 35]",3,pll1.2_xf0.8_cc0.8,ok,,,true,true,true,0.10151499879385198,-0.10151499879385198,true,true
33;34;35,"[33, 34, 35]",3,pll1.2_xf0.8_cc1.2,ok,,,true,true,true,0.10151500352931853,-0.10151500352931853,true,true
33;34;35,"[33, 34, 35]",3,pll1.2_xf1.2_cc0.8,ok,,,true,true,true,0.10151499012679947,-0.10151499012679947,true,true
33;34;35,"[33, 34, 35]",3,pll1.2_xf1.2_cc1.2,ok,,,true,true,true,0.10151500129334771,-0.10151500129334771,true,true
30;33;34;35,"[30, 33, 34, 35]",4,nominal,ok,,,true,true,true,0.12405474528979607,-0.12405474528979607,true,true
30;33;34;35,"[30, 33, 34, 35]",4,pll0.8_xf0.8_cc0.8,ok,,,true,true,true,0.12324364301410451,-0.12324364301410451,true,true
30;33;34;35,"[30, 33, 34, 35]",4,pll0.8_xf0.8_cc1.2,ok,,,true,true,true,0.1232435319837851,-0.1232435319837851,true,true
30;33;34;35,"[30, 33, 34, 35]",4,pll0.8_xf1.2_cc0.8,ok,,,true,true,true,0.1232436502131733,-0.1232436502131733,true,true
30;33;34;35,"[30, 33, 34, 35]",4,pll0.8_xf1.2_cc1.2,ok,,,true,true,true,0.12324361309784368,-0.12324361309784368,true,true
30;33;34;35,"[30, 33, 34, 35]",4,pll1.2_xf0.8_cc0.8,ok,,,true,true,true,0.12450120511126514,-0.12450120511126514,true,true
30;33;34;35,"[30, 33, 34, 35]",4,pll1.2_xf0.8_cc1.2,ok,,,true,true,true,0.12450116163649241,-0.12450116163649241,true,true
30;33;34;35,"[30, 33, 34, 35]",4,pll1.2_xf1.2_cc0.8,ok,,,true,true,true,0.12450128904154144,-0.12450128904154144,true,true
30;33;34;35,"[30, 33, 34, 35]",4,pll1.2_xf1.2_cc1.2,ok,,,true,true,true,0.12450129023263934,-0.12450129023263934,true,true
32;33;34;35,"[32, 33, 34, 35]",4,nominal,ok,,,true,true,true,0.10134483769845995,-0.10134483769845995,true,true
32;33;34;35,"[32, 33, 34, 35]",4,pll0.8_xf0.8_cc0.8,ok,,,true,true,true,0.10108871118863359,-0.10108871118863359,true,true
32;33;34;35,"[32, 33, 34, 35]",4,pll0.8_xf0.8_cc1.2,ok,,,true,true,true,0.10108875324967234,-0.10108875324967234,true,true
32;33;34;35,"[32, 33, 34, 35]",4,pll0.8_xf1.2_cc0.8,ok,,,true,true,true,0.10108869615921104,-0.10108869615921104,true,true
32;33;34;35,"[32, 33, 34, 35]",4,pll0.8_xf1.2_cc1.2,ok,,,true,true,true,0.10108873911656248,-0.10108873911656248,true,true
32;33;34;35,"[32, 33, 34, 35]",4,pll1.2_xf0.8_cc0.8,ok,,,true,true,true,0.101488652859084,-0.101488652859084,true,true
32;33;34;35,"[32, 33, 34, 35]",4,pll1.2_xf0.8_cc1.2,ok,,,true,true,true,0.1014886866919095,-0.1014886866919095,true,true
32;33;34;35,"[32, 33, 34, 35]",4,pll1.2_xf1.2_cc0.8,ok,,,true,true,true,0.10148863911403232,-0.10148863911403232,true,true
32;33;34;35,"[32, 33, 34, 35]",4,pll1.2_xf1.2_cc1.2,ok,,,true,true,true,0.10148867593283643,-0.10148867593283643,true,true
30;32;33;34;35,"[30, 32, 33, 34, 35]",5,nominal,ok,,,true,true,true,0.12713130897398917,-0.12713130897398917,true,true
30;32;33;34;35,"[30, 32, 33, 34, 35]",5,pll0.8_xf0.8_cc0.8,ok,,,true,true,true,0.12583236719202454,-0.12583236719202454,true,true
30;32;33;34;35,"[30, 32, 33, 34, 35]",5,pll0.8_xf0.8_cc1.2,ok,,,true,true,true,0.12583224968251977,-0.12583224968251977,true,true
30;32;33;34;35,"[30, 32, 33, 34, 35]",5,pll0.8_xf1.2_cc0.8,ok,,,true,true,true,0.12583244756939002,-0.12583244756939002,true,true
30;32;33;34;35,"[30, 32, 33, 34, 35]",5,pll0.8_xf1.2_cc1.2,ok,,,true,true,true,0.12583240623715383,-0.12583240623715383,true,true
30;32;33;34;35,"[30, 32, 33, 34, 35]",5,pll1.2_xf0.8_cc0.8,ok,,,true,true,true,0.12785446085239918,-0.12785446085239918,true,true
30;32;33;34;35,"[30, 32, 33, 34, 35]",5,pll1.2_xf0.8_cc1.2,ok,,,true,true,true,0.1278543613278134,-0.1278543613278134,true,true
30;32;33;34;35,"[30, 32, 33, 34, 35]",5,pll1.2_xf1.2_cc0.8,ok,,,true,true,true,0.12785462929570057,-0.12785462929570057,true,true
30;32;33;34;35,"[30, 32, 33, 34, 35]",5,pll1.2_xf1.2_cc1.2,ok,,,true,true,true,0.1278545857970896,-0.1278545857970896,true,true
36,[36],1,nominal,ok,,,true,true,true,0.09797977971296713,-0.09797977971296713,true,true
36,[36],1,pll0.8_xf0.8_cc0.8,ok,,,true,true,true,0.09798329778967403,-0.09798329778967403,true,true
36,[36],1,pll0.8_xf0.8_cc1.2,ok,,,true,true,true,0.09798329577633887,-0.09798329577633887,true,true
36,[36],1,pll0.8_xf1.2_cc0.8,ok,,,true,true,true,0.09798329624171209,-0.09798329624171209,true,true
36,[36],1,pll0.8_xf1.2_cc1.2,ok,,,true,true,true,0.09798329511963977,-0.09798329511963977,true,true
36,[36],1,pll1.2_xf0.8_cc0.8,ok,,,true,true,true,0.09797784491526655,-0.09797784491526655,true,true
36,[36],1,pll1.2_xf0.8_cc1.2,ok,,,true,true,true,0.097977844461008,-0.097977844461008,true,true
36,[36],1,pll1.2_xf1.2_cc0.8,ok,,,true,true,true,0.09797784427888503,-0.09797784427888503,true,true
36,[36],1,pll1.2_xf1.2_cc1.2,ok,,,true,true,true,0.09797784420229985,-0.09797784420229985,true,true
30;36,"[30, 36]",2,nominal,ok,,,true,true,true,0.10550082020620984,-0.10550082020620984,true,true
30;36,"[30, 36]",2,pll0.8_xf0.8_cc0.8,ok,,,true,true,true,0.10548892837295226,-0.10548892837295226,true,true
30;36,"[30, 36]",2,pll0.8_xf0.8_cc1.2,ok,,,true,true,true,0.10548905071534316,-0.10548905071534316,true,true
30;36,"[30, 36]",2,pll0.8_xf1.2_cc0.8,ok,,,true,true,true,0.10548891333754631,-0.10548891333754631,true,true
30;36,"[30, 36]",2,pll0.8_xf1.2_cc1.2,ok,,,true,true,true,0.10548903195413586,-0.10548903195413586,true,true
30;36,"[30, 36]",2,pll1.2_xf0.8_cc0.8,ok,,,true,true,true,0.10550714069293665,-0.10550714069293665,true,true
30;36,"[30, 36]",2,pll1.2_xf0.8_cc1.2,ok,,,true,true,true,0.10550725592130553,-0.10550725592130553,true,true
30;36,"[30, 36]",2,pll1.2_xf1.2_cc0.8,ok,,,true,true,true,0.10550712135302519,-0.10550712135302519,true,true
30;36,"[30, 36]",2,pll1.2_xf1.2_cc1.2,ok,,,true,true,true,0.1055072351497161,-0.1055072351497161,true,true
32;36,"[32, 36]",2,nominal,ok,,,true,true,true,0.09790363892371115,-0.09790363892371115,true,true
32;36,"[32, 36]",2,pll0.8_xf0.8_cc0.8,ok,,,true,true,true,0.09789446731338348,-0.09789446731338348,true,true
32;36,"[32, 36]",2,pll0.8_xf0.8_cc1.2,ok,,,true,true,true,0.09789446488183215,-0.09789446488183215,true,true
32;36,"[32, 36]",2,pll0.8_xf1.2_cc0.8,ok,,,true,true,true,0.09789446312052938,-0.09789446312052938,true,true
32;36,"[32, 36]",2,pll0.8_xf1.2_cc1.2,ok,,,true,true,true,0.0978944623709729,-0.0978944623709729,true,true
32;36,"[32, 36]",2,pll1.2_xf0.8_cc0.8,ok,,,true,true,true,0.09790856363308031,-0.09790856363308031,true,true
32;36,"[32, 36]",2,pll1.2_xf0.8_cc1.2,ok,,,true,true,true,0.09790856396515592,-0.09790856396515592,true,true
32;36,"[32, 36]",2,pll1.2_xf1.2_cc0.8,ok,,,true,true,true,0.09790856117122035,-0.09790856117122035,true,true
32;36,"[32, 36]",2,pll1.2_xf1.2_cc1.2,ok,,,true,true,true,0.09790856226382041,-0.09790856226382041,true,true
30;32;36,"[30, 32, 36]",3,nominal,ok,,,true,true,true,0.10573892699726603,-0.10573892699726603,true,true
30;32;36,"[30, 32, 36]",3,pll0.8_xf0.8_cc0.8,ok,,,true,true,true,0.10569415202485559,-0.10569415202485559,true,true
30;32;36,"[30, 32, 36]",3,pll0.8_xf0.8_cc1.2,ok,,,true,true,true,0.1056942803872675,-0.1056942803872675,true,true
30;32;36,"[30, 32, 36]",3,pll0.8_xf1.2_cc0.8,ok,,,true,true,true,0.10569414187171547,-0.10569414187171547,true,true
30;32;36,"[30, 32, 36]",3,pll0.8_xf1.2_cc1.2,ok,,,true,true,true,0.10569426717445331,-0.10569426717445331,true,true
30;32;36,"[30, 32, 36]",3,pll1.2_xf0.8_cc0.8,ok,,,true,true,true,0.10576296242749879,-0.10576296242749879,true,true
30;32;36,"[30, 32, 36]",3,pll1.2_xf0.8_cc1.2,ok,,,true,true,true,0.10576308416853655,-0.10576308416853655,true,true
30;32;36,"[30, 32, 36]",3,pll1.2_xf1.2_cc0.8,ok,,,true,true,true,0.10576294852319185,-0.10576294852319185,true,true
30;32;36,"[30, 32, 36]",3,pll1.2_xf1.2_cc1.2,ok,,,true,true,true,0.10576306925662886,-0.10576306925662886,true,true
33;36,"[33, 36]",2,nominal,ok,,,true,true,true,0.09850479223179008,-0.09850479223179008,true,true
33;36,"[33, 36]",2,pll0.8_xf0.8_cc0.8,ok,,,true,true,true,0.09850265639365102,-0.09850265639365102,true,true
33;36,"[33, 36]",2,pll0.8_xf0.8_cc1.2,ok,,,true,true,true,0.09850264869036304,-0.09850264869036304,true,true
33;36,"[33, 36]",2,pll0.8_xf1.2_cc0.8,ok,,,true,true,true,0.09850265186651451,-0.09850265186651451,true,true
33;36,"[33, 36]",2,pll0.8_xf1.2_cc1.2,ok,,,true,true,true,0.09850264747997661,-0.09850264747997661,true,true
33;36,"[33, 36]",2,pll1.2_xf0.8_cc0.8,ok,,,true,true,true,0.09850583110507234,-0.09850583110507234,true,true
33;36,"[33, 36]",2,pll1.2_xf0.8_cc1.2,ok,,,true,true,true,0.09850582903831623,-0.09850582903831623,true,true
33;36,"[33, 36]",2,pll1.2_xf1.2_cc0.8,ok,,,true,true,true,0.09850582993688531,-0.09850582993688531,true,true
33;36,"[33, 36]",2,pll1.2_xf1.2_cc1.2,ok,,,true,true,true,0.0985058293192975,-0.0985058293192975,true,true
30;33;36,"[30, 33, 36]",3,nominal,ok,,,true,true,true,0.1066972030889255,-0.1066972030889255,true,true
30;33;36,"[30, 33, 36]",3,pll0.8_xf0.8_cc0.8,ok,,,true,true,true,0.10667492322190765,-0.10667492322190765,true,true
30;33;36,"[30, 33, 36]",3,pll0.8_xf0.8_cc1.2,ok,,,true,true,true,0.10667503655171542,-0.10667503655171542,true,true
30;33;36,"[30, 33, 36]",3,pll0.8_xf1.2_cc0.8,ok,,,true,true,true,0.10667489965046403,-0.10667489965046403,true,true
30;33;36,"[30, 33, 36]",3,pll0.8_xf1.2_cc1.2,ok,,,true,true,true,0.10667501555995082,-0.10667501555995082,true,true
30;33;36,"[30, 33, 36]",3,pll1.2_xf0.8_cc0.8,ok,,,true,true,true,0.10670883192862973,-0.10670883192862973,true,true
30;33;36,"[30, 33, 36]",3,pll1.2_xf0.8_cc1.2,ok,,,true,true,true,0.10670894861366201,-0.10670894861366201,true,true
30;33;36,"[30, 33, 36]",3,pll1.2_xf1.2_cc0.8,ok,,,true,true,true,0.1067088102625571,-0.1067088102625571,true,true
30;33;36,"[30, 33, 36]",3,pll1.2_xf1.2_cc1.2,ok,,,true,true,true,0.10670892832150351,-0.10670892832150351,true,true
32;33;36,"[32, 33, 36]",3,nominal,ok,,,true,true,true,0.09838028747650357,-0.09838028747650357,true,true
32;33;36,"[32, 33, 36]",3,pll0.8_xf0.8_cc0.8,ok,,,true,true,true,0.09835834656152162,-0.09835834656152162,true,true
32;33;36,"[32, 33, 36]",3,pll0.8_xf0.8_cc1.2,ok,,,true,true,true,0.0983583395559676,-0.0983583395559676,true,true
32;33;36,"[32, 33, 36]",3,pll0.8_xf1.2_cc0.8,ok,,,true,true,true,0.09835833828250794,-0.09835833828250794,true,true
32;33;36,"[32, 33, 36]",3,pll0.8_xf1.2_cc1.2,ok,,,true,true,true,0.09835833532700694,-0.09835833532700694,true,true
32;33;36,"[32, 33, 36]",3,pll1.2_xf0.8_cc0.8,ok,,,true,true,true,0.09839205497578786,-0.09839205497578786,true,true
32;33;36,"[32, 33, 36]",3,pll1.2_xf0.8_cc1.2,ok,,,true,true,true,0.09839205453955517,-0.09839205453955517,true,true
32;33;36,"[32, 33, 36]",3,pll1.2_xf1.2_cc0.8,ok,,,true,true,true,0.09839205094591122,-0.09839205094591122,true,true
32;33;36,"[32, 33, 36]",3,pll1.2_xf1.2_cc1.2,ok,,,true,true,true,0.09839205236221603,-0.09839205236221603,true,true
30;32;33;36,"[30, 32, 33, 36]",4,nominal,ok,,,true,true,true,0.1069170967633746,-0.1069170967633746,true,true
30;32;33;36,"[30, 32, 33, 36]",4,pll0.8_xf0.8_cc0.8,ok,,,true,true,true,0.1068521903102635,-0.1068521903102635,true,true
30;32;33;36,"[30, 32, 33, 36]",4,pll0.8_xf0.8_cc1.2,ok,,,true,true,true,0.10685230823504988,-0.10685230823504988,true,true
30;32;33;36,"[30, 32, 33, 36]",4,pll0.8_xf1.2_cc0.8,ok,,,true,true,true,0.10685216917123377,-0.10685216917123377,true,true
30;32;33;36,"[30, 32, 33, 36]",4,pll0.8_xf1.2_cc1.2,ok,,,true,true,true,0.10685229081263653,-0.10685229081263653,true,true
30;32;33;36,"[30, 32, 33, 36]",4,pll1.2_xf0.8_cc0.8,ok,,,true,true,true,0.10695165039075961,-0.10695165039075961,true,true
30;32;33;36,"[30, 32, 33, 36]",4,pll1.2_xf0.8_cc1.2,ok,,,true,true,true,0.10695177285530968,-0.10695177285530968,true,true
30;32;33;36,"[30, 32, 33, 36]",4,pll1.2_xf1.2_cc0.8,ok,,,true,true,true,0.10695163254282126,-0.10695163254282126,true,true
30;32;33;36,"[30, 32, 33, 36]",4,pll1.2_xf1.2_cc1.2,ok,,,true,true,true,0.10695175708018378,-0.10695175708018378,true,true
34;36,"[34, 36]",2,nominal,ok,,,true,true,true,0.09778520534147306,-0.09778520534147306,true,true
34;36,"[34, 36]",2,pll0.8_xf0.8_cc0.8,ok,,,true,true,true,0.09779193617017543,-0.09779193617017543,true,true
34;36,"[34, 36]",2,pll0.8_xf0.8_cc1.2,ok,,,true,true,true,0.09779193168105563,-0.09779193168105563,true,true
34;36,"[34, 36]",2,pll0.8_xf1.2_cc0.8,ok,,,true,true,true,0.09779193405550397,-0.09779193405550397,true,true
34;36,"[34, 36]",2,pll0.8_xf1.2_cc1.2,ok,,,true,true,true,0.0977919316061913,-0.0977919316061913,true,true
34;36,"[34, 36]",2,pll1.2_xf0.8_cc0.8,ok,,,true,true,true,0.09778149746981937,-0.09778149746981937,true,true
34;36,"[34, 36]",2,pll1.2_xf0.8_cc1.2,ok,,,true,true,true,0.0977814965399837,-0.0977814965399837,true,true
34;36,"[34, 36]",2,pll1.2_xf1.2_cc0.8,ok,,,true,true,true,0.09778149739447717,-0.09778149739447717,true,true
34;36,"[34, 36]",2,pll1.2_xf1.2_cc1.2,ok,,,true,true,true,0.09778149733686456,-0.09778149733686456,true,true
30;34;36,"[30, 34, 36]",3,nominal,ok,,,true,true,true,0.10355609371976783,-0.10355609371976783,true,true
30;34;36,"[30, 34, 36]",3,pll0.8_xf0.8_cc0.8,ok,,,true,true,true,0.10355685144873583,-0.10355685144873583,true,true
30;34;36,"[30, 34, 36]",3,pll0.8_xf0.8_cc1.2,ok,,,true,true,true,0.10355699336631778,-0.10355699336631778,true,true
30;34;36,"[30, 34, 36]",3,pll0.8_xf1.2_cc0.8,ok,,,true,true,true,0.1035568491584575,-0.1035568491584575,true,true
30;34;36,"[30, 34, 36]",3,pll0.8_xf1.2_cc1.2,ok,,,true,true,true,0.10355698373074479,-0.10355698373074479,true,true
30;34;36,"[30, 34, 36]",3,pll1.2_xf0.8_cc0.8,ok,,,true,true,true,0.10355550730300653,-0.10355550730300653,true,true
30;34;36,"[30, 34, 36]",3,pll1.2_xf0.8_cc1.2,ok,,,true,true,true,0.10355563598451033,-0.10355563598451033,true,true
30;34;36,"[30, 34, 36]",3,pll1.2_xf1.2_cc0.8,ok,,,true,true,true,0.10355549713713327,-0.10355549713713327,true,true
30;34;36,"[30, 34, 36]",3,pll1.2_xf1.2_cc1.2,ok,,,true,true,true,0.10355562271408958,-0.10355562271408958,true,true
32;34;36,"[32, 34, 36]",3,nominal,ok,,,true,true,true,0.09763522001109984,-0.09763522001109984,true,true
32;34;36,"[32, 34, 36]",3,pll0.8_xf0.8_cc0.8,ok,,,true,true,true,0.09762821064126923,-0.09762821064126923,true,true
32;34;36,"[32, 34, 36]",3,pll0.8_xf0.8_cc1.2,ok,,,true,true,true,0.09762820745592878,-0.09762820745592878,true,true
32;34;36,"[32, 34, 36]",3,pll0.8_xf1.2_cc0.8,ok,,,true,true,true,0.09762820537071004,-0.09762820537071004,true,true
32;34;36,"[32, 34, 36]",3,pll0.8_xf1.2_cc1.2,ok,,,true,true,true,0.09762820473271935,-0.09762820473271935,true,true
32;34;36,"[32, 34, 36]",3,pll1.2_xf0.8_cc0.8,ok,,,true,true,true,0.09763894170667792,-0.09763894170667792,true,true
32;34;36,"[32, 34, 36]",3,pll1.2_xf0.8_cc1.2,ok,,,true,true,true,0.09763894280357648,-0.09763894280357648,true,true
32;34;36,"[32, 34, 36]",3,pll1.2_xf1.2_cc0.8,ok,,,true,true,true,0.09763893908766938,-0.09763893908766938,true,true
32;34;36,"[32, 34, 36]",3,pll1.2_xf1.2_cc1.2,ok,,,true,true,true,0.09763894131823611,-0.09763894131823611,true,true
30;32;34;36,"[30, 32, 34, 36]",4,nominal,ok,,,true,true,true,0.10341315492697961,-0.10341315492697961,true,true
30;32;34;36,"[30, 32, 34, 36]",4,pll0.8_xf0.8_cc0.8,ok,,,true,true,true,0.10338343364349073,-0.10338343364349073,true,true
30;32;34;36,"[30, 32, 34, 36]",4,pll0.8_xf0.8_cc1.2,ok,,,true,true,true,0.10338359615976643,-0.10338359615976643,true,true
30;32;34;36,"[30, 32, 34, 36]",4,pll0.8_xf1.2_cc0.8,ok,,,true,true,true,0.1033834363478534,-0.1033834363478534,true,true
30;32;34;36,"[30, 32, 34, 36]",4,pll0.8_xf1.2_cc1.2,ok,,,true,true,true,0.10338358929726615,-0.10338358929726615,true,true
30;32;34;36,"[30, 32, 34, 36]",4,pll1.2_xf0.8_cc0.8,ok,,,true,true,true,0.10342908091097419,-0.10342908091097419,true,true
30;32;34;36,"[30, 32, 34, 36]",4,pll1.2_xf0.8_cc1.2,ok,,,true,true,true,0.10342922605741006,-0.10342922605741006,true,true
30;32;34;36,"[30, 32, 34, 36]",4,pll1.2_xf1.2_cc0.8,ok,,,true,true,true,0.10342907355679405,-0.10342907355679405,true,true
30;32;34;36,"[30, 32, 34, 36]",4,pll1.2_xf1.2_cc1.2,ok,,,true,true,true,0.10342921472287908,-0.10342921472287908,true,true
33;34;36,"[33, 34, 36]",3,nominal,ok,,,true,true,true,0.09862467113239791,-0.09862467113239791,true,true
33;34;36,"[33, 34, 36]",3,pll0.8_xf0.8_cc0.8,ok,,,true,true,true,0.09860406629524751,-0.09860406629524751,true,true
33;34;36,"[33, 34, 36]",3,pll0.8_xf0.8_cc1.2,ok,,,true,true,true,0.0986040552591066,-0.0986040552591066,true,true
33;34;36,"[33, 34, 36]",3,pll0.8_xf1.2_cc0.8,ok,,,true,true,true,0.09860405748068302,-0.09860405748068302,true,true
33;34;36,"[33, 34, 36]",3,pll0.8_xf1.2_cc1.2,ok,,,true,true,true,0.09860405169217833,-0.09860405169217833,true,true
33;34;36,"[33, 34, 36]",3,pll1.2_xf0.8_cc0.8,ok,,,true,true,true,0.09863567141355935,-0.09863567141355935,true,true
33;34;36,"[33, 34, 36]",3,pll1.2_xf0.8_cc1.2,ok,,,true,true,true,0.09863566884780099,-0.09863566884780099,true,true
33;34;36,"[33, 34, 36]",3,pll1.2_xf1.2_cc0.8,ok,,,true,true,true,0.09863566794065218,-0.09863566794065218,true,true
33;34;36,"[33, 34, 36]",3,pll1.2_xf1.2_cc1.2,ok,,,true,true,true,0.09863566777680693,-0.09863566777680693,true,true
30;33;34;36,"[30, 33, 34, 36]",4,nominal,ok,,,true,true,true,0.10690864048947948,-0.10690864048947948,true,true
30;33;34;36,"[30, 33, 34, 36]",4,pll0.8_xf0.8_cc0.8,ok,,,true,true,true,0.10686632677203849,-0.10686632677203849,true,true
30;33;34;36,"[30, 33, 34, 36]",4,pll0.8_xf0.8_cc1.2,ok,,,true,true,true,0.10686641930059512,-0.10686641930059512,true,true
30;33;34;36,"[30, 33, 34, 36]",4,pll0.8_xf1.2_cc0.8,ok,,,true,true,true,0.10686629546160703,-0.10686629546160703,true,true
30;33;34;36,"[30, 33, 34, 36]",4,pll0.8_xf1.2_cc1.2,ok,,,true,true,true,0.10686639705842471,-0.10686639705842471,true,true
30;33;34;36,"[30, 33, 34, 36]",4,pll1.2_xf0.8_cc0.8,ok,,,true,true,true,0.10693084410096458,-0.10693084410096458,true,true
30;33;34;36,"[30, 33, 34, 36]",4,pll1.2_xf0.8_cc1.2,ok,,,true,true,true,0.10693095042407225,-0.10693095042407225,true,true
30;33;34;36,"[30, 33, 34, 36]",4,pll1.2_xf1.2_cc0.8,ok,,,true,true,true,0.10693082149358958,-0.10693082149358958,true,true
30;33;34;36,"[30, 33, 34, 36]",4,pll1.2_xf1.2_cc1.2,ok,,,true,true,true,0.10693093214224439,-0.10693093214224439,true,true
32;33;34;36,"[32, 33, 34, 36]",4,nominal,ok,,,true,true,true,0.0984814121297814,-0.0984814121297814,true,true
32;33;34;36,"[32, 33, 34, 36]",4,pll0.8_xf0.8_cc0.8,ok,,,true,true,true,0.09843889589572363,-0.09843889589572363,true,true
32;33;34;36,"[32, 33, 34, 36]",4,pll0.8_xf0.8_cc1.2,ok,,,true,true,true,0.09843889005029433,-0.09843889005029433,true,true
32;33;34;36,"[32, 33, 34, 36]",4,pll0.8_xf1.2_cc0.8,ok,,,true,true,true,0.09843888440087462,-0.09843888440087462,true,true
32;33;34;36,"[32, 33, 34, 36]",4,pll0.8_xf1.2_cc1.2,ok,,,true,true,true,0.0984388832061995,-0.0984388832061995,true,true
32;33;34;36,"[32, 33, 34, 36]",4,pll1.2_xf0.8_cc0.8,ok,,,true,true,true,0.09850446011817118,-0.09850446011817118,true,true
32;33;34;36,"[32, 33, 34, 36]",4,pll1.2_xf0.8_cc1.2,ok,,,true,true,true,0.09850446129089255,-0.09850446129089255,true,true
32;33;34;36,"[32, 33, 34, 36]",4,pll1.2_xf1.2_cc0.8,ok,,,true,true,true,0.09850445350455897,-0.09850445350455897,true,true
32;33;34;36,"[32, 33, 34, 36]",4,pll1.2_xf1.2_cc1.2,ok,,,true,true,true,0.09850445694747732,-0.09850445694747732,true,true
30;32;33;34;36,"[30, 32, 33, 34, 36]",5,nominal,ok,,,true,true,true,0.10710756625981935,-0.10710756625981935,true,true
30;32;33;34;36,"[30, 32, 33, 34, 36]",5,pll0.8_xf0.8_cc0.8,ok,,,true,true,true,0.10702101376303785,-0.10702101376303785,true,true
30;32;33;34;36,"[30, 32, 33, 34, 36]",5,pll0.8_xf0.8_cc1.2,ok,,,true,true,true,0.10702111217129193,-0.10702111217129193,true,true
30;32;33;34;36,"[30, 32, 33, 34, 36]",5,pll0.8_xf1.2_cc0.8,ok,,,true,true,true,0.10702098384800043,-0.10702098384800043,true,true
30;32;33;34;36,"[30, 32, 33, 34, 36]",5,pll0.8_xf1.2_cc1.2,ok,,,true,true,true,0.10702109189875145,-0.10702109189875145,true,true
30;32;33;34;36,"[30, 32, 33, 34, 36]",5,pll1.2_xf0.8_cc0.8,ok,,,true,true,true,0.10715364723525586,-0.10715364723525586,true,true
30;32;33;34;36,"[30, 32, 33, 34, 36]",5,pll1.2_xf0.8_cc1.2,ok,,,true,true,true,0.10715375951772663,-0.10715375951772663,true,true
30;32;33;34;36,"[30, 32, 33, 34, 36]",5,pll1.2_xf1.2_cc0.8,ok,,,true,true,true,0.10715362708675318,-0.10715362708675318,true,true
30;32;33;34;36,"[30, 32, 33, 34, 36]",5,pll1.2_xf1.2_cc1.2,ok,,,true,true,true,0.10715374419487284,-0.10715374419487284,true,true
35;36,"[35, 36]",2,nominal,ok,,,true,true,true,0.09880298607289834,-0.09880298607289834,true,true
35;36,"[35, 36]",2,pll0.8_xf0.8_cc0.8,ok,,,true,true,true,0.09878419802000328,-0.09878419802000328,true,true
35;36,"[35, 36]",2,pll0.8_xf0.8_cc1.2,ok,,,true,true,true,0.09878418490593213,-0.09878418490593213,true,true
35;36,"[35, 36]",2,pll0.8_xf1.2_cc0.8,ok,,,true,true,true,0.0987841942532406,-0.0987841942532406,true,true
35;36,"[35, 36]",2,pll0.8_xf1.2_cc1.2,ok,,,true,true,true,0.09878418518997584,-0.09878418518997584,true,true
35;36,"[35, 36]",2,pll1.2_xf0.8_cc0.8,ok,,,true,true,true,0.09881304416873418,-0.09881304416873418,true,true
35;36,"[35, 36]",2,pll1.2_xf0.8_cc1.2,ok,,,true,true,true,0.09881303745582244,-0.09881303745582244,true,true
35;36,"[35, 36]",2,pll1.2_xf1.2_cc0.8,ok,,,true,true,true,0.09881304461849871,-0.09881304461849871,true,true
35;36,"[35, 36]",2,pll1.2_xf1.2_cc1.2,ok,,,true,true,true,0.09881303977248104,-0.09881303977248104,true,true
30;35;36,"[30, 35, 36]",3,nominal,ok,,,true,true,true,0.11016442332968429,-0.11016442332968429,true,true
30;35;36,"[30, 35, 36]",3,pll0.8_xf0.8_cc0.8,ok,,,true,true,true,0.11015296532913202,-0.11015296532913202,true,true
30;35;36,"[30, 35, 36]",3,pll0.8_xf0.8_cc1.2,ok,,,true,true,true,0.11015291666696415,-0.11015291666696415,true,true
30;35;36,"[30, 35, 36]",3,pll0.8_xf1.2_cc0.8,ok,,,true,true,true,0.11015292655780051,-0.11015292655780051,true,true
30;35;36,"[30, 35, 36]",3,pll0.8_xf1.2_cc1.2,ok,,,true,true,true,0.1101529064752268,-0.1101529064752268,true,true
30;35;36,"[30, 35, 36]",3,pll1.2_xf0.8_cc0.8,ok,,,true,true,true,0.11016978971702145,-0.11016978971702145,true,true
30;35;36,"[30, 35, 36]",3,pll1.2_xf0.8_cc1.2,ok,,,true,true,true,0.11016978984091749,-0.11016978984091749,true,true
30;35;36,"[30, 35, 36]",3,pll1.2_xf1.2_cc0.8,ok,,,true,true,true,0.11016977998085954,-0.11016977998085954,true,true
30;35;36,"[30, 35, 36]",3,pll1.2_xf1.2_cc1.2,ok,,,true,true,true,0.11016979269588598,-0.11016979269588598,true,true
32;35;36,"[32, 35, 36]",3,nominal,ok,,,true,true,true,0.09881061829444318,-0.09881061829444318,true,true
32;35;36,"[32, 35, 36]",3,pll0.8_xf0.8_cc0.8,ok,,,true,true,true,0.09877322340913994,-0.09877322340913994,true,true
32;35;36,"[32, 35, 36]",3,pll0.8_xf0.8_cc1.2,ok,,,true,true,true,0.09877320932087565,-0.09877320932087565,true,true
32;35;36,"[32, 35, 36]",3,pll0.8_xf1.2_cc0.8,ok,,,true,true,true,0.09877321790588006,-0.09877321790588006,true,true
32;35;36,"[32, 35, 36]",3,pll0.8_xf1.2_cc1.2,ok,,,true,true,true,0.0987732085351189,-0.0987732085351189,true,true
32;35;36,"[32, 35, 36]",3,pll1.2_xf0.8_cc0.8,ok,,,true,true,true,0.09883079357975552,-0.09883079357975552,true,true
32;35;36,"[32, 35, 36]",3,pll1.2_xf0.8_cc1.2,ok,,,true,true,true,0.09883078656470008,-0.09883078656470008,true,true
32;35;36,"[32, 35, 36]",3,pll1.2_xf1.2_cc0.8,ok,,,true,true,true,0.09883079311789406,-0.09883079311789406,true,true
32;35;36,"[32, 35, 36]",3,pll1.2_xf1.2_cc1.2,ok,,,true,true,true,0.09883078836978557,-0.09883078836978557,true,true
30;32;35;36,"[30, 32, 35, 36]",4,nominal,ok,,,true,true,true,0.11098925951544705,-0.11098925951544705,true,true
30;32;35;36,"[30, 32, 35, 36]",4,pll0.8_xf0.8_cc0.8,ok,,,true,true,true,0.11096900180437652,-0.11096900180437652,true,true
30;32;35;36,"[30, 32, 35, 36]",4,pll0.8_xf0.8_cc1.2,ok,,,true,true,true,0.1109689202346621,-0.1109689202346621,true,true
30;32;35;36,"[30, 32, 35, 36]",4,pll0.8_xf1.2_cc0.8,ok,,,true,true,true,0.11096896142265159,-0.11096896142265159,true,true
30;32;35;36,"[30, 32, 35, 36]",4,pll0.8_xf1.2_cc1.2,ok,,,true,true,true,0.11096891545111066,-0.11096891545111066,true,true
30;32;35;36,"[30, 32, 35, 36]",4,pll1.2_xf0.8_cc0.8,ok,,,true,true,true,0.1109989476484779,-0.1109989476484779,true,true
30;32;35;36,"[30, 32, 35, 36]",4,pll1.2_xf0.8_cc1.2,ok,,,true,true,true,0.1109989272892323,-0.1109989272892323,true,true
30;32;35;36,"[30, 32, 35, 36]",4,pll1.2_xf1.2_cc0.8,ok,,,true,true,true,0.11099894403017854,-0.11099894403017854,true,true
30;32;35;36,"[30, 32, 35, 36]",4,pll1.2_xf1.2_cc1.2,ok,,,true,true,true,0.11099893927405063,-0.11099893927405063,true,true
33;35;36,"[33, 35, 36]",3,nominal,ok,,,true,true,true,0.10113815593041589,-0.10113815593041589,true,true
33;35;36,"[33, 35, 36]",3,pll0.8_xf0.8_cc0.8,ok,,,true,true,true,0.10097526901280704,-0.10097526901280704,true,true
33;35;36,"[33, 35, 36]",3,pll0.8_xf0.8_cc1.2,ok,,,true,true,true,0.10097529017488394,-0.10097529017488394,true,true
33;35;36,"[33, 35, 36]",3,pll0.8_xf1.2_cc0.8,ok,,,true,true,true,0.1009752468985546,-0.1009752468985546,true,true
33;35;36,"[33, 35, 36]",3,pll0.8_xf1.2_cc1.2,ok,,,true,true,true,0.10097527314250562,-0.10097527314250562,true,true
33;35;36,"[33, 35, 36]",3,pll1.2_xf0.8_cc0.8,ok,,,true,true,true,0.1012281355551419,-0.1012281355551419,true,true
33;35;36,"[33, 35, 36]",3,pll1.2_xf0.8_cc1.2,ok,,,true,true,true,0.10122815986874305,-0.10122815986874305,true,true
33;35;36,"[33, 35, 36]",3,pll1.2_xf1.2_cc0.8,ok,,,true,true,true,0.10122811880513408,-0.10122811880513408,true,true
33;35;36,"[33, 35, 36]",3,pll1.2_xf1.2_cc1.2,ok,,,true,true,true,0.10122814673697844,-0.10122814673697844,true,true
30;33;35;36,"[30, 33, 35, 36]",4,nominal,ok,,,true,true,true,0.1235812646411679,-0.1235812646411679,true,true
30;33;35;36,"[30, 33, 35, 36]",4,pll0.8_xf0.8_cc0.8,ok,,,true,true,true,0.12277331496592263,-0.12277331496592263,true,true
30;33;35;36,"[30, 33, 35, 36]",4,pll0.8_xf0.8_cc1.2,ok,,,true,true,true,0.12277335947651918,-0.12277335947651918,true,true
30;33;35;36,"[30, 33, 35, 36]",4,pll0.8_xf1.2_cc0.8,ok,,,true,true,true,0.12277335189283664,-0.12277335189283664,true,true
30;33;35;36,"[30, 33, 35, 36]",4,pll0.8_xf1.2_cc1.2,ok,,,true,true,true,0.12277343728595017,-0.12277343728595017,true,true
30;33;35;36,"[30, 33, 35, 36]",4,pll1.2_xf0.8_cc0.8,ok,,,true,true,true,0.12402715349211235,-0.12402715349211235,true,true
30;33;35;36,"[30, 33, 35, 36]",4,pll1.2_xf0.8_cc1.2,ok,,,true,true,true,0.1240272152887179,-0.1240272152887179,true,true
30;33;35;36,"[30, 33, 35, 36]",4,pll1.2_xf1.2_cc0.8,ok,,,true,true,true,0.12402723554131626,-0.12402723554131626,true,true
30;33;35;36,"[30, 33, 35, 36]",4,pll1.2_xf1.2_cc1.2,ok,,,true,true,true,0.1240273263662362,-0.1240273263662362,true,true
32;33;35;36,"[32, 33, 35, 36]",4,nominal,ok,,,true,true,true,0.10095768461889199,-0.10095768461889199,true,true
32;33;35;36,"[32, 33, 35, 36]",4,pll0.8_xf0.8_cc0.8,ok,,,true,true,true,0.10071717475793068,-0.10071717475793068,true,true
32;33;35;36,"[32, 33, 35, 36]",4,pll0.8_xf0.8_cc1.2,ok,,,true,true,true,0.10071725390849234,-0.10071725390849234,true,true
32;33;35;36,"[32, 33, 35, 36]",4,pll0.8_xf1.2_cc0.8,ok,,,true,true,true,0.10071715580945062,-0.10071715580945062,true,true
32;33;35;36,"[32, 33, 35, 36]",4,pll0.8_xf1.2_cc1.2,ok,,,true,true,true,0.1007172280364802,-0.1007172280364802,true,true
32;33;35;36,"[32, 33, 35, 36]",4,pll1.2_xf0.8_cc0.8,ok,,,true,true,true,0.10109296442070943,-0.10109296442070943,true,true
32;33;35;36,"[32, 33, 35, 36]",4,pll1.2_xf0.8_cc1.2,ok,,,true,true,true,0.10109302494491373,-0.10109302494491373,true,true
32;33;35;36,"[32, 33, 35, 36]",4,pll1.2_xf1.2_cc0.8,ok,,,true,true,true,0.10109293780885238,-0.10109293780885238,true,true
32;33;35;36,"[32, 33, 35, 36]",4,pll1.2_xf1.2_cc1.2,ok,,,true,true,true,0.10109299737578892,-0.10109299737578892,true,true
30;32;33;35;36,"[30, 32, 33, 35, 36]",5,nominal,ok,,,true,true,true,0.12637362766902613,-0.12637362766902613,true,true
30;32;33;35;36,"[30, 32, 33, 35, 36]",5,pll0.8_xf0.8_cc0.8,ok,,,true,true,true,0.12508323300353247,-0.12508323300353247,true,true
30;32;33;35;36,"[30, 32, 33, 35, 36]",5,pll0.8_xf0.8_cc1.2,ok,,,true,true,true,0.12508334969050838,-0.12508334969050838,true,true
30;32;33;35;36,"[30, 32, 33, 35, 36]",5,pll0.8_xf1.2_cc0.8,ok,,,true,true,true,0.12508335211779065,-0.12508335211779065,true,true
30;32;33;35;36,"[30, 32, 33, 35, 36]",5,pll0.8_xf1.2_cc1.2,ok,,,true,true,true,0.12508349489134474,-0.12508349489134474,true,true
30;32;33;35;36,"[30, 32, 33, 35, 36]",5,pll1.2_xf0.8_cc0.8,ok,,,true,true,true,0.1270946100150562,-0.1270946100150562,true,true
30;32;33;35;36,"[30, 32, 33, 35, 36]",5,pll1.2_xf0.8_cc1.2,ok,,,true,true,true,0.1270946699031107,-0.1270946699031107,true,true
30;32;33;35;36,"[30, 32, 33, 35, 36]",5,pll1.2_xf1.2_cc0.8,ok,,,true,true,true,0.12709476849271784,-0.12709476849271784,true,true
30;32;33;35;36,"[30, 32, 33, 35, 36]",5,pll1.2_xf1.2_cc1.2,ok,,,true,true,true,0.12709486037766227,-0.12709486037766227,true,true
34;35;36,"[34, 35, 36]",3,nominal,ok,,,true,true,true,0.09821410626119795,-0.09821410626119795,true,true
34;35;36,"[34, 35, 36]",3,pll0.8_xf0.8_cc0.8,ok,,,true,true,true,0.09820103750719911,-0.09820103750719911,true,true
34;35;36,"[34, 35, 36]",3,pll0.8_xf0.8_cc1.2,ok,,,true,true,true,0.09820103802067018,-0.09820103802067018,true,true
34;35;36,"[34, 35, 36]",3,pll0.8_xf1.2_cc0.8,ok,,,true,true,true,0.0982010324005907,-0.0982010324005907,true,true
34;35;36,"[34, 35, 36]",3,pll0.8_xf1.2_cc1.2,ok,,,true,true,true,0.09820103529143435,-0.09820103529143435,true,true
34;35;36,"[34, 35, 36]",3,pll1.2_xf0.8_cc0.8,ok,,,true,true,true,0.09822112663756535,-0.09822112663756535,true,true
34;35;36,"[34, 35, 36]",3,pll1.2_xf0.8_cc1.2,ok,,,true,true,true,0.09822113109010601,-0.09822113109010601,true,true
34;35;36,"[34, 35, 36]",3,pll1.2_xf1.2_cc0.8,ok,,,true,true,true,0.09822112391882032,-0.09822112391882032,true,true
34;35;36,"[34, 35, 36]",3,pll1.2_xf1.2_cc1.2,ok,,,true,true,true,0.09822112946705103,-0.09822112946705103,true,true
30;34;35;36,"[30, 34, 35, 36]",4,nominal,ok,,,true,true,true,0.10443057461535031,-0.10443057461535031,true,true
30;34;35;36,"[30, 34, 35, 36]",4,pll0.8_xf0.8_cc0.8,ok,,,true,true,true,0.10441408301697389,-0.10441408301697389,true,true
30;34;35;36,"[30, 34, 35, 36]",4,pll0.8_xf0.8_cc1.2,ok,,,true,true,true,0.10441424229048064,-0.10441424229048064,true,true
30;34;35;36,"[30, 34, 35, 36]",4,pll0.8_xf1.2_cc0.8,ok,,,true,true,true,0.10441408041604025,-0.10441408041604025,true,true
30;34;35;36,"[30, 34, 35, 36]",4,pll0.8_xf1.2_cc1.2,ok,,,true,true,true,0.10441423335173314,-0.10441423335173314,true,true
30;34;35;36,"[30, 34, 35, 36]",4,pll1.2_xf0.8_cc0.8,ok,,,true,true,true,0.1044392356008351,-0.1044392356008351,true,true
30;34;35;36,"[30, 34, 35, 36]",4,pll1.2_xf0.8_cc1.2,ok,,,true,true,true,0.10443938350614385,-0.10443938350614385,true,true
30;34;35;36,"[30, 34, 35, 36]",4,pll1.2_xf1.2_cc0.8,ok,,,true,true,true,0.10443922604347797,-0.10443922604347797,true,true
30;34;35;36,"[30, 34, 35, 36]",4,pll1.2_xf1.2_cc1.2,ok,,,true,true,true,0.1044393713471565,-0.1044393713471565,true,true
32;34;35;36,"[32, 34, 35, 36]",4,nominal,ok,,,true,true,true,0.09803591264424256,-0.09803591264424256,true,true
32;34;35;36,"[32, 34, 35, 36]",4,pll0.8_xf0.8_cc0.8,ok,,,true,true,true,0.09800479150096347,-0.09800479150096347,true,true
32;34;35;36,"[32, 34, 35, 36]",4,pll0.8_xf0.8_cc1.2,ok,,,true,true,true,0.09800479937475667,-0.09800479937475667,true,true
32;34;35;36,"[32, 34, 35, 36]",4,pll0.8_xf1.2_cc0.8,ok,,,true,true,true,0.09800478423804494,-0.09800478423804494,true,true
32;34;35;36,"[32, 34, 35, 36]",4,pll0.8_xf1.2_cc1.2,ok,,,true,true,true,0.09800479350364964,-0.09800479350364964,true,true
32;34;35;36,"[32, 34, 35, 36]",4,pll1.2_xf0.8_cc0.8,ok,,,true,true,true,0.0980528563476758,-0.0980528563476758,true,true
32;34;35;36,"[32, 34, 35, 36]",4,pll1.2_xf0.8_cc1.2,ok,,,true,true,true,0.09805286627826983,-0.09805286627826983,true,true
32;34;35;36,"[32, 34, 35, 36]",4,pll1.2_xf1.2_cc0.8,ok,,,true,true,true,0.09805285058205376,-0.09805285058205376,true,true
32;34;35;36,"[32, 34, 35, 36]",4,pll1.2_xf1.2_cc1.2,ok,,,true,true,true,0.09805286125679352,-0.09805286125679352,true,true
30;32;34;35;36,"[30, 32, 34, 35, 36]",5,nominal,ok,,,true,true,true,0.10431097425259558,-0.10431097425259558,true,true
30;32;34;35;36,"[30, 32, 34, 35, 36]",5,pll0.8_xf0.8_cc0.8,ok,,,true,true,true,0.10426281498805426,-0.10426281498805426,true,true
30;32;34;35;36,"[30, 32, 34, 35, 36]",5,pll0.8_xf0.8_cc1.2,ok,,,true,true,true,0.10426299711703069,-0.10426299711703069,true,true
30;32;34;35;36,"[30, 32, 34, 35, 36]",5,pll0.8_xf1.2_cc0.8,ok,,,true,true,true,0.10426281740963879,-0.10426281740963879,true,true
30;32;34;35;36,"[30, 32, 34, 35, 36]",5,pll0.8_xf1.2_cc1.2,ok,,,true,true,true,0.1042629907937067,-0.1042629907937067,true,true
30;32;34;35;36,"[30, 32, 34, 35, 36]",5,pll1.2_xf0.8_cc0.8,ok,,,true,true,true,0.10433680572449339,-0.10433680572449339,true,true
30;32;34;35;36,"[30, 32, 34, 35, 36]",5,pll1.2_xf0.8_cc1.2,ok,,,true,true,true,0.10433697212315238,-0.10433697212315238,true,true
30;32;34;35;36,"[30, 32, 34, 35, 36]",5,pll1.2_xf1.2_cc0.8,ok,,,true,true,true,0.10433679889850717,-0.10433679889850717,true,true
30;32;34;35;36,"[30, 32, 34, 35, 36]",5,pll1.2_xf1.2_cc1.2,ok,,,true,true,true,0.1043369617601236,-0.1043369617601236,true,true
33;34;35;36,"[33, 34, 35, 36]",4,nominal,ok,,,true,true,true,0.10289980191495675,-0.10289980191495675,true,true
33;34;35;36,"[33, 34, 35, 36]",4,pll0.8_xf0.8_cc0.8,ok,,,true,true,true,0.10242294564958215,-0.10242294564958215,true,true
33;34;35;36,"[33, 34, 35, 36]",4,pll0.8_xf0.8_cc1.2,ok,,,true,true,true,0.10242311341265116,-0.10242311341265116,true,true
33;34;35;36,"[33, 34, 35, 36]",4,pll0.8_xf1.2_cc0.8,ok,,,true,true,true,0.10242290352173616,-0.10242290352173616,true,true
33;34;35;36,"[33, 34, 35, 36]",4,pll0.8_xf1.2_cc1.2,ok,,,true,true,true,0.10242306280484689,-0.10242306280484689,true,true
33;34;35;36,"[33, 34, 35, 36]",4,pll1.2_xf0.8_cc0.8,ok,,,true,true,true,0.10317452485092993,-0.10317452485092993,true,true
33;34;35;36,"[33, 34, 35, 36]",4,pll1.2_xf0.8_cc1.2,ok,,,true,true,true,0.10317465803105307,-0.10317465803105307,true,true
33;34;35;36,"[33, 34, 35, 36]",4,pll1.2_xf1.2_cc0.8,ok,,,true,true,true,0.10317446945953458,-0.10317446945953458,true,true
33;34;35;36,"[33, 34, 35, 36]",4,pll1.2_xf1.2_cc1.2,ok,,,true,true,true,0.10317460537837483,-0.10317460537837483,true,true
30;33;34;35;36,"[30, 33, 34, 35, 36]",5,nominal,ok,,,true,true,true,0.1379288138409858,-0.1379288138409858,true,true
30;33;34;35;36,"[30, 33, 34, 35, 36]",5,pll0.8_xf0.8_cc0.8,ok,,,true,true,true,0.1358687852689665,-0.1358687852689665,true,true
30;33;34;35;36,"[30, 33, 34, 35, 36]",5,pll0.8_xf0.8_cc1.2,ok,,,true,true,true,0.13586810575284902,-0.13586810575284902,true,true
30;33;34;35;36,"[30, 33, 34, 35, 36]",5,pll0.8_xf1.2_cc0.8,ok,,,true,true,true,0.13586868807064742,-0.13586868807064742,true,true
30;33;34;35;36,"[30, 33, 34, 35, 36]",5,pll0.8_xf1.2_cc1.2,ok,,,true,true,true,0.1358682685807183,-0.1358682685807183,true,true
30;33;34;35;36,"[30, 33, 34, 35, 36]",5,pll1.2_xf0.8_cc0.8,ok,,,true,true,true,0.1379288138166938,-0.1379288138166938,true,true
30;33;34;35;36,"[30, 33, 34, 35, 36]",5,pll1.2_xf0.8_cc1.2,ok,,,true,true,true,0.13792881378758254,-0.13792881378758254,true,true
30;33;34;35;36,"[30, 33, 34, 35, 36]",5,pll1.2_xf1.2_cc0.8,ok,,,true,true,true,0.13792881386376607,-0.13792881386376607,true,true
30;33;34;35;36,"[30, 33, 34, 35, 36]",5,pll1.2_xf1.2_cc1.2,ok,,,true,true,true,0.13792881383463396,-0.13792881383463396,true,true
32;33;34;35;36,"[32, 33, 34, 35, 36]",5,nominal,ok,,,true,true,true,0.10260848432409364,-0.10260848432409364,true,true
32;33;34;35;36,"[32, 33, 34, 35, 36]",5,pll0.8_xf0.8_cc0.8,ok,,,true,true,true,0.10198540889562058,-0.10198540889562058,true,true
32;33;34;35;36,"[32, 33, 34, 35, 36]",5,pll0.8_xf0.8_cc1.2,ok,,,true,true,true,0.10198580077099147,-0.10198580077099147,true,true
32;33;34;35;36,"[32, 33, 34, 35, 36]",5,pll0.8_xf1.2_cc0.8,ok,,,true,true,true,0.10198540298073237,-0.10198540298073237,true,true
32;33;34;35;36,"[32, 33, 34, 35, 36]",5,pll0.8_xf1.2_cc1.2,ok,,,true,true,true,0.10198573735867475,-0.10198573735867475,true,true
32;33;34;35;36,"[32, 33, 34, 35, 36]",5,pll1.2_xf0.8_cc0.8,ok,,,true,true,true,0.10297945674973452,-0.10297945674973452,true,true
32;33;34;35;36,"[32, 33, 34, 35, 36]",5,pll1.2_xf0.8_cc1.2,ok,,,true,true,true,0.10297974470709506,-0.10297974470709506,true,true
32;33;34;35;36,"[32, 33, 34, 35, 36]",5,pll1.2_xf1.2_cc0.8,ok,,,true,true,true,0.10297937961397223,-0.10297937961397223,true,true
32;33;34;35;36,"[32, 33, 34, 35, 36]",5,pll1.2_xf1.2_cc1.2,ok,,,true,true,true,0.10297964869331643,-0.10297964869331643,true,true
30;32;33;34;35;36,"[30, 32, 33, 34, 35, 36]",6,nominal,ok,,,true,true,true,0.13801971623189352,-0.13801971623189352,true,true
30;32;33;34;35;36,"[30, 32, 33, 34, 35, 36]",6,pll0.8_xf0.8_cc0.8,ok,,,true,true,true,0.13801971583082623,-0.13801971583082623,true,true
30;32;33;34;35;36,"[30, 32, 33, 34, 35, 36]",6,pll0.8_xf0.8_cc1.2,ok,,,true,true,true,0.1380197158244677,-0.1380197158244677,true,true
30;32;33;34;35;36,"[30, 32, 33, 34, 35, 36]",6,pll0.8_xf1.2_cc0.8,ok,,,true,true,true,0.13801971582580633,-0.13801971582580633,true,true
30;32;33;34;35;36,"[30, 32, 33, 34, 35, 36]",6,pll0.8_xf1.2_cc1.2,ok,,,true,true,true,0.13801971581946818,-0.13801971581946818,true,true
30;32;33;34;35;36,"[30, 32, 33, 34, 35, 36]",6,pll1.2_xf0.8_cc0.8,ok,,,true,true,true,0.13801971645867034,-0.13801971645867034,true,true
30;32;33;34;35;36,"[30, 32, 33, 34, 35, 36]",6,pll1.2_xf0.8_cc1.2,ok,,,true,true,true,0.13801971645237826,-0.13801971645237826,true,true
30;32;33;34;35;36,"[30, 32, 33, 34, 35, 36]",6,pll1.2_xf1.2_cc0.8,ok,,,true,true,true,0.1380197164537312,-0.1380197164537312,true,true
30;32;33;34;35;36,"[30, 32, 33, 34, 35, 36]",6,pll1.2_xf1.2_cc1.2,ok,,,true,true,true,0.13801971644742472,-0.13801971644742472,true,true
37,[37],1,nominal,ok,,,true,true,true,0.1379049049238848,-0.1379049049238848,true,true
37,[37],1,pll0.8_xf0.8_cc0.8,ok,,,true,true,true,0.13790490492298904,-0.13790490492298904,true,true
37,[37],1,pll0.8_xf0.8_cc1.2,ok,,,true,true,true,0.13790490492282892,-0.13790490492282892,true,true
37,[37],1,pll0.8_xf1.2_cc0.8,ok,,,true,true,true,0.1379049049266934,-0.1379049049266934,true,true
37,[37],1,pll0.8_xf1.2_cc1.2,ok,,,true,true,true,0.13790490492663676,-0.13790490492663676,true,true
37,[37],1,pll1.2_xf0.8_cc0.8,ok,,,true,true,true,0.13790490492156426,-0.13790490492156426,true,true
37,[37],1,pll1.2_xf0.8_cc1.2,ok,,,true,true,true,0.1379049049215047,-0.1379049049215047,true,true
37,[37],1,pll1.2_xf1.2_cc0.8,ok,,,true,true,true,0.1379049049252891,-0.1379049049252891,true,true
37,[37],1,pll1.2_xf1.2_cc1.2,ok,,,true,true,true,0.13790490492524357,-0.13790490492524357,true,true
30;37,"[30, 37]",2,nominal,ok,,,true,true,true,0.13790582825127176,-0.13790582825127176,true,true
30;37,"[30, 37]",2,pll0.8_xf0.8_cc0.8,ok,,,true,true,true,0.13790582825626252,-0.13790582825626252,true,true
30;37,"[30, 37]",2,pll0.8_xf0.8_cc1.2,ok,,,true,true,true,0.13790582825537345,-0.13790582825537345,true,true
30;37,"[30, 37]",2,pll0.8_xf1.2_cc0.8,ok,,,true,true,true,0.13790582826139836,-0.13790582826139836,true,true
30;37,"[30, 37]",2,pll0.8_xf1.2_cc1.2,ok,,,true,true,true,0.13790582826057096,-0.13790582826057096,true,true
30;37,"[30, 37]",2,pll1.2_xf0.8_cc0.8,ok,,,true,true,true,0.13790582824548914,-0.13790582824548914,true,true
30;37,"[30, 37]",2,pll1.2_xf0.8_cc1.2,ok,,,true,true,true,0.1379058282446871,-0.1379058282446871,true,true
30;37,"[30, 37]",2,pll1.2_xf1.2_cc0.8,ok,,,true,true,true,0.13790582825068073,-0.13790582825068073,true,true
30;37,"[30, 37]",2,pll1.2_xf1.2_cc1.2,ok,,,true,true,true,0.13790582824976724,-0.13790582824976724,true,true
32;37,"[32, 37]",2,nominal,ok,,,true,true,true,0.13799683097680937,-0.13799683097680937,true,true
32;37,"[32, 37]",2,pll0.8_xf0.8_cc0.8,ok,,,true,true,true,0.13799683089785456,-0.13799683089785456,true,true
32;37,"[32, 37]",2,pll0.8_xf0.8_cc1.2,ok,,,true,true,true,0.13799683089656137,-0.13799683089656137,true,true
32;37,"[32, 37]",2,pll0.8_xf1.2_cc0.8,ok,,,true,true,true,0.13799683089402037,-0.13799683089402037,true,true
32;37,"[32, 37]",2,pll0.8_xf1.2_cc1.2,ok,,,true,true,true,0.13799683089269063,-0.13799683089269063,true,true
32;37,"[32, 37]",2,pll1.2_xf0.8_cc0.8,ok,,,true,true,true,0.1379968310235903,-0.1379968310235903,true,true
32;37,"[32, 37]",2,pll1.2_xf0.8_cc1.2,ok,,,true,true,true,0.13799683102227575,-0.13799683102227575,true,true
32;37,"[32, 37]",2,pll1.2_xf1.2_cc0.8,ok,,,true,true,true,0.1379968310196999,-0.1379968310196999,true,true
32;37,"[32, 37]",2,pll1.2_xf1.2_cc1.2,ok,,,true,true,true,0.13799683101843502,-0.13799683101843502,true,true
30;32;37,"[30, 32, 37]",3,nominal,ok,,,true,true,true,0.1380078091517543,-0.1380078091517543,true,true
30;32;37,"[30, 32, 37]",3,pll0.8_xf0.8_cc0.8,ok,,,true,true,true,0.13800780897269457,-0.13800780897269457,true,true
30;32;37,"[30, 32, 37]",3,pll0.8_xf0.8_cc1.2,ok,,,true,true,true,0.13800780895962256,-0.13800780895962256,true,true
30;32;37,"[30, 32, 37]",3,pll0.8_xf1.2_cc0.8,ok,,,true,true,true,0.138007808959414,-0.138007808959414,true,true
30;32;37,"[30, 32, 37]",3,pll0.8_xf1.2_cc1.2,ok,,,true,true,true,0.13800780894636722,-0.13800780894636722,true,true
30;32;37,"[30, 32, 37]",3,pll1.2_xf0.8_cc0.8,ok,,,true,true,true,0.13800780927170975,-0.13800780927170975,true,true
30;32;37,"[30, 32, 37]",3,pll1.2_xf0.8_cc1.2,ok,,,true,true,true,0.13800780925867587,-0.13800780925867587,true,true
30;32;37,"[30, 32, 37]",3,pll1.2_xf1.2_cc0.8,ok,,,true,true,true,0.1380078092584534,-0.1380078092584534,true,true
30;32;37,"[30, 32, 37]",3,pll1.2_xf1.2_cc1.2,ok,,,true,true,true,0.1380078092454307,-0.1380078092454307,true,true
33;37,"[33, 37]",2,nominal,ok,,,true,true,true,0.1379107199329706,-0.1379107199329706,true,true
33;37,"[33, 37]",2,pll0.8_xf0.8_cc0.8,ok,,,true,true,true,0.13791071987482814,-0.13791071987482814,true,true
33;37,"[33, 37]",2,pll0.8_xf0.8_cc1.2,ok,,,true,true,true,0.1379107198749507,-0.1379107198749507,true,true
33;37,"[33, 37]",2,pll0.8_xf1.2_cc0.8,ok,,,true,true,true,0.13791071987858297,-0.13791071987858297,true,true
33;37,"[33, 37]",2,pll0.8_xf1.2_cc1.2,ok,,,true,true,true,0.13791071987877768,-0.13791071987877768,true,true
33;37,"[33, 37]",2,pll1.2_xf0.8_cc0.8,ok,,,true,true,true,0.13791071996172227,-0.13791071996172227,true,true
33;37,"[33, 37]",2,pll1.2_xf0.8_cc1.2,ok,,,true,true,true,0.13791071996174503,-0.13791071996174503,true,true
33;37,"[33, 37]",2,pll1.2_xf1.2_cc0.8,ok,,,true,true,true,0.13791071996562632,-0.13791071996562632,true,true
33;37,"[33, 37]",2,pll1.2_xf1.2_cc1.2,ok,,,true,true,true,0.13791071996567858,-0.13791071996567858,true,true
30;33;37,"[30, 33, 37]",3,nominal,ok,,,true,true,true,0.13791277982726272,-0.13791277982726272,true,true
30;33;37,"[30, 33, 37]",3,pll0.8_xf0.8_cc0.8,ok,,,true,true,true,0.13791277975778393,-0.13791277975778393,true,true
30;33;37,"[30, 33, 37]",3,pll0.8_xf0.8_cc1.2,ok,,,true,true,true,0.1379127797571947,-0.1379127797571947,true,true
30;33;37,"[30, 33, 37]",3,pll0.8_xf1.2_cc0.8,ok,,,true,true,true,0.1379127797612755,-0.1379127797612755,true,true
30;33;37,"[30, 33, 37]",3,pll0.8_xf1.2_cc1.2,ok,,,true,true,true,0.13791277976065636,-0.13791277976065636,true,true
30;33;37,"[30, 33, 37]",3,pll1.2_xf0.8_cc0.8,ok,,,true,true,true,0.13791277986274844,-0.13791277986274844,true,true
30;33;37,"[30, 33, 37]",3,pll1.2_xf0.8_cc1.2,ok,,,true,true,true,0.13791277986216227,-0.13791277986216227,true,true
30;33;37,"[30, 33, 37]",3,pll1.2_xf1.2_cc0.8,ok,,,true,true,true,0.13791277986620704,-0.13791277986620704,true,true
30;33;37,"[30, 33, 37]",3,pll1.2_xf1.2_cc1.2,ok,,,true,true,true,0.1379127798656403,-0.1379127798656403,true,true
32;33;37,"[32, 33, 37]",3,nominal,ok,,,true,true,true,0.13800759618901445,-0.13800759618901445,true,true
32;33;37,"[32, 33, 37]",3,pll0.8_xf0.8_cc0.8,ok,,,true,true,true,0.13800759590053038,-0.13800759590053038,true,true
32;33;37,"[32, 33, 37]",3,pll0.8_xf0.8_cc1.2,ok,,,true,true,true,0.1380075958920491,-0.1380075958920491,true,true
32;33;37,"[32, 33, 37]",3,pll0.8_xf1.2_cc0.8,ok,,,true,true,true,0.13800759588663897,-0.13800759588663897,true,true
32;33;37,"[32, 33, 37]",3,pll0.8_xf1.2_cc1.2,ok,,,true,true,true,0.13800759587822461,-0.13800759587822461,true,true
32;33;37,"[32, 33, 37]",3,pll1.2_xf0.8_cc0.8,ok,,,true,true,true,0.13800759636394686,-0.13800759636394686,true,true
32;33;37,"[32, 33, 37]",3,pll1.2_xf0.8_cc1.2,ok,,,true,true,true,0.13800759635545118,-0.13800759635545118,true,true
32;33;37,"[32, 33, 37]",3,pll1.2_xf1.2_cc0.8,ok,,,true,true,true,0.13800759634997223,-0.13800759634997223,true,true
32;33;37,"[32, 33, 37]",3,pll1.2_xf1.2_cc1.2,ok,,,true,true,true,0.13800759634160806,-0.13800759634160806,true,true
30;32;33;37,"[30, 32, 33, 37]",4,nominal,ok,,,true,true,true,0.13801317029382262,-0.13801317029382262,true,true
30;32;33;37,"[30, 32, 33, 37]",4,pll0.8_xf0.8_cc0.8,ok,,,true,true,true,0.13801317003460675,-0.13801317003460675,true,true
30;32;33;37,"[30, 32, 33, 37]",4,pll0.8_xf0.8_cc1.2,ok,,,true,true,true,0.1380131700229829,-0.1380131700229829,true,true
30;32;33;37,"[30, 32, 33, 37]",4,pll0.8_xf1.2_cc0.8,ok,,,true,true,true,0.1380131700210971,-0.1380131700210971,true,true
30;32;33;37,"[30, 32, 33, 37]",4,pll0.8_xf1.2_cc1.2,ok,,,true,true,true,0.13801317000949093,-0.13801317000949093,true,true
30;32;33;37,"[30, 32, 33, 37]",4,pll1.2_xf0.8_cc0.8,ok,,,true,true,true,0.13801317045582165,-0.13801317045582165,true,true
30;32;33;37,"[30, 32, 33, 37]",4,pll1.2_xf0.8_cc1.2,ok,,,true,true,true,0.13801317044423916,-0.13801317044423916,true,true
30;32;33;37,"[30, 32, 33, 37]",4,pll1.2_xf1.2_cc0.8,ok,,,true,true,true,0.13801317044233405,-0.13801317044233405,true,true
30;32;33;37,"[30, 32, 33, 37]",4,pll1.2_xf1.2_cc1.2,ok,,,true,true,true,0.1380131704307609,-0.1380131704307609,true,true
34;37,"[34, 37]",2,nominal,ok,,,true,true,true,0.13791283835749385,-0.13791283835749385,true,true
34;37,"[34, 37]",2,pll0.8_xf0.8_cc0.8,ok,,,true,true,true,0.13791283832702717,-0.13791283832702717,true,true
34;37,"[34, 37]",2,pll0.8_xf0.8_cc1.2,ok,,,true,true,true,0.13791283832799708,-0.13791283832799708,true,true
34;37,"[34, 37]",2,pll0.8_xf1.2_cc0.8,ok,,,true,true,true,0.13791283833402151,-0.13791283833402151,true,true
34;37,"[34, 37]",2,pll0.8_xf1.2_cc1.2,ok,,,true,true,true,0.1379128383346862,-0.1379128383346862,true,true
34;37,"[34, 37]",2,pll1.2_xf0.8_cc0.8,ok,,,true,true,true,0.13791283836804644,-0.13791283836804644,true,true
34;37,"[34, 37]",2,pll1.2_xf0.8_cc1.2,ok,,,true,true,true,0.13791283836888232,-0.13791283836888232,true,true
34;37,"[34, 37]",2,pll1.2_xf1.2_cc0.8,ok,,,true,true,true,0.13791283837493667,-0.13791283837493667,true,true
34;37,"[34, 37]",2,pll1.2_xf1.2_cc1.2,ok,,,true,true,true,0.13791283837579046,-0.13791283837579046,true,true
30;34;37,"[30, 34, 37]",3,nominal,ok,,,true,true,true,0.1379155596824669,-0.1379155596824669,true,true
30;34;37,"[30, 34, 37]",3,pll0.8_xf0.8_cc0.8,ok,,,true,true,true,0.13791555964566587,-0.13791555964566587,true,true
30;34;37,"[30, 34, 37]",3,pll0.8_xf0.8_cc1.2,ok,,,true,true,true,0.1379155596463151,-0.1379155596463151,true,true
30;34;37,"[30, 34, 37]",3,pll0.8_xf1.2_cc0.8,ok,,,true,true,true,0.13791555965376384,-0.13791555965376384,true,true
30;34;37,"[30, 34, 37]",3,pll0.8_xf1.2_cc1.2,ok,,,true,true,true,0.1379155596543858,-0.1379155596543858,true,true
30;34;37,"[30, 34, 37]",3,pll1.2_xf0.8_cc0.8,ok,,,true,true,true,0.13791555969553104,-0.13791555969553104,true,true
30;34;37,"[30, 34, 37]",3,pll1.2_xf0.8_cc1.2,ok,,,true,true,true,0.13791555969616195,-0.13791555969616195,true,true
30;34;37,"[30, 34, 37]",3,pll1.2_xf1.2_cc0.8,ok,,,true,true,true,0.1379155597035372,-0.1379155597035372,true,true
30;34;37,"[30, 34, 37]",3,pll1.2_xf1.2_cc1.2,ok,,,true,true,true,0.13791555970421607,-0.13791555970421607,true,true
32;34;37,"[32, 34, 37]",3,nominal,ok,,,true,true,true,0.1380109681317303,-0.1380109681317303,true,true
32;34;37,"[32, 34, 37]",3,pll0.8_xf0.8_cc0.8,ok,,,true,true,true,0.13801096792001016,-0.13801096792001016,true,true
32;34;37,"[32, 34, 37]",3,pll0.8_xf0.8_cc1.2,ok,,,true,true,true,0.1380109679150432,-0.1380109679150432,true,true
32;34;37,"[32, 34, 37]",3,pll0.8_xf1.2_cc0.8,ok,,,true,true,true,0.13801096791358033,-0.13801096791358033,true,true
32;34;37,"[32, 34, 37]",3,pll0.8_xf1.2_cc1.2,ok,,,true,true,true,0.13801096790870107,-0.13801096790870107,true,true
32;34;37,"[32, 34, 37]",3,pll1.2_xf0.8_cc0.8,ok,,,true,true,true,0.13801096825590614,-0.13801096825590614,true,true
32;34;37,"[32, 34, 37]",3,pll1.2_xf0.8_cc1.2,ok,,,true,true,true,0.1380109682510527,-0.1380109682510527,true,true
32;34;37,"[32, 34, 37]",3,pll1.2_xf1.2_cc0.8,ok,,,true,true,true,0.13801096824955678,-0.13801096824955678,true,true
32;34;37,"[32, 34, 37]",3,pll1.2_xf1.2_cc1.2,ok,,,true,true,true,0.13801096824469156,-0.13801096824469156,true,true
30;32;34;37,"[30, 32, 34, 37]",4,nominal,ok,,,true,true,true,0.13801488469711407,-0.13801488469711407,true,true
30;32;34;37,"[30, 32, 34, 37]",4,pll0.8_xf0.8_cc0.8,ok,,,true,true,true,0.13801488446191054,-0.13801488446191054,true,true
30;32;34;37,"[30, 32, 34, 37]",4,pll0.8_xf0.8_cc1.2,ok,,,true,true,true,0.13801488445206422,-0.13801488445206422,true,true
30;32;34;37,"[30, 32, 34, 37]",4,pll0.8_xf1.2_cc0.8,ok,,,true,true,true,0.13801488445140297,-0.13801488445140297,true,true
30;32;34;37,"[30, 32, 34, 37]",4,pll0.8_xf1.2_cc1.2,ok,,,true,true,true,0.1380148844415832,-0.1380148844415832,true,true
30;32;34;37,"[30, 32, 34, 37]",4,pll1.2_xf0.8_cc0.8,ok,,,true,true,true,0.13801488484202862,-0.13801488484202862,true,true
30;32;34;37,"[30, 32, 34, 37]",4,pll1.2_xf0.8_cc1.2,ok,,,true,true,true,0.13801488483223634,-0.13801488483223634,true,true
30;32;34;37,"[30, 32, 34, 37]",4,pll1.2_xf1.2_cc0.8,ok,,,true,true,true,0.13801488483155339,-0.13801488483155339,true,true
30;32;34;37,"[30, 32, 34, 37]",4,pll1.2_xf1.2_cc1.2,ok,,,true,true,true,0.1380148848217625,-0.1380148848217625,true,true
33;34;37,"[33, 34, 37]",3,nominal,ok,,,true,true,true,0.13791609164664498,-0.13791609164664498,true,true
33;34;37,"[33, 34, 37]",3,pll0.8_xf0.8_cc0.8,ok,,,true,true,true,0.1379160916830571,-0.1379160916830571,true,true
33;34;37,"[33, 34, 37]",3,pll0.8_xf0.8_cc1.2,ok,,,true,true,true,0.1379160916811418,-0.1379160916811418,true,true
33;34;37,"[33, 34, 37]",3,pll0.8_xf1.2_cc0.8,ok,,,true,true,true,0.13791609169582278,-0.13791609169582278,true,true
33;34;37,"[33, 34, 37]",3,pll0.8_xf1.2_cc1.2,ok,,,true,true,true,0.13791609169412888,-0.13791609169412888,true,true
33;34;37,"[33, 34, 37]",3,pll1.2_xf0.8_cc0.8,ok,,,true,true,true,0.13791609161815488,-0.13791609161815488,true,true
33;34;37,"[33, 34, 37]",3,pll1.2_xf0.8_cc1.2,ok,,,true,true,true,0.13791609161669813,-0.13791609161669813,true,true
33;34;37,"[33, 34, 37]",3,pll1.2_xf1.2_cc0.8,ok,,,true,true,true,0.13791609163099058,-0.13791609163099058,true,true
33;34;37,"[33, 34, 37]",3,pll1.2_xf1.2_cc1.2,ok,,,true,true,true,0.13791609162866877,-0.13791609162866877,true,true
30;33;34;37,"[30, 33, 34, 37]",4,nominal,ok,,,true,true,true,0.1379195522326421,-0.1379195522326421,true,true
30;33;34;37,"[30, 33, 34, 37]",4,pll0.8_xf0.8_cc0.8,ok,,,true,true,true,0.13791955229271052,-0.13791955229271052,true,true
30;33;34;37,"[30, 33, 34, 37]",4,pll0.8_xf0.8_cc1.2,ok,,,true,true,true,0.13791955229128353,-0.13791955229128353,true,true
30;33;34;37,"[30, 33, 34, 37]",4,pll0.8_xf1.2_cc0.8,ok,,,true,true,true,0.13791955230335287,-0.13791955230335287,true,true
30;33;34;37,"[30, 33, 34, 37]",4,pll0.8_xf1.2_cc1.2,ok,,,true,true,true,0.13791955230188763,-0.13791955230188763,true,true
30;33;34;37,"[30, 33, 34, 37]",4,pll1.2_xf0.8_cc0.8,ok,,,true,true,true,0.13791955219348467,-0.13791955219348467,true,true
30;33;34;37,"[30, 33, 34, 37]",4,pll1.2_xf0.8_cc1.2,ok,,,true,true,true,0.13791955219204574,-0.13791955219204574,true,true
30;33;34;37,"[30, 33, 34, 37]",4,pll1.2_xf1.2_cc0.8,ok,,,true,true,true,0.1379195522040908,-0.1379195522040908,true,true
30;33;34;37,"[30, 33, 34, 37]",4,pll1.2_xf1.2_cc1.2,ok,,,true,true,true,0.13791955220263555,-0.13791955220263555,true,true
32;33;34;37,"[32, 33, 34, 37]",4,nominal,ok,,,true,true,true,0.1380135188512132,-0.1380135188512132,true,true
32;33;34;37,"[32, 33, 34, 37]",4,pll0.8_xf0.8_cc0.8,ok,,,true,true,true,0.1380135185876862,-0.1380135185876862,true,true
32;33;34;37,"[32, 33, 34, 37]",4,pll0.8_xf0.8_cc1.2,ok,,,true,true,true,0.13801351857785507,-0.13801351857785507,true,true
32;33;34;37,"[32, 33, 34, 37]",4,pll0.8_xf1.2_cc0.8,ok,,,true,true,true,0.13801351857269326,-0.13801351857269326,true,true
32;33;34;37,"[32, 33, 34, 37]",4,pll0.8_xf1.2_cc1.2,ok,,,true,true,true,0.13801351856289124,-0.13801351856289124,true,true
32;33;34;37,"[32, 33, 34, 37]",4,pll1.2_xf0.8_cc0.8,ok,,,true,true,true,0.13801351901508396,-0.13801351901508396,true,true
32;33;34;37,"[32, 33, 34, 37]",4,pll1.2_xf0.8_cc1.2,ok,,,true,true,true,0.13801351900523978,-0.13801351900523978,true,true
32;33;34;37,"[32, 33, 34, 37]",4,pll1.2_xf1.2_cc0.8,ok,,,true,true,true,0.13801351900004974,-0.13801351900004974,true,true
32;33;34;37,"[32, 33, 34, 37]",4,pll1.2_xf1.2_cc1.2,ok,,,true,true,true,0.13801351899022163,-0.13801351899022163,true,true
30;32;33;34;37,"[30, 32, 33, 34, 37]",5,nominal,ok,,,true,true,true,0.1380161871545512,-0.1380161871545512,true,true
30;32;33;34;37,"[30, 32, 33, 34, 37]",5,pll0.8_xf0.8_cc0.8,ok,,,true,true,true,0.13801618689813752,-0.13801618689813752,true,true
30;32;33;34;37,"[30, 32, 33, 34, 37]",5,pll0.8_xf0.8_cc1.2,ok,,,true,true,true,0.1380161868877718,-0.1380161868877718,true,true
30;32;33;34;37,"[30, 32, 33, 34, 37]",5,pll0.8_xf1.2_cc0.8,ok,,,true,true,true,0.13801618688725173,-0.13801618688725173,true,true
30;32;33;34;37,"[30, 32, 33, 34, 37]",5,pll0.8_xf1.2_cc1.2,ok,,,true,true,true,0.1380161868769044,-0.1380161868769044,true,true
30;32;33;34;37,"[30, 32, 33, 34, 37]",5,pll1.2_xf0.8_cc0.8,ok,,,true,true,true,0.1380161873117355,-0.1380161873117355,true,true
30;32;33;34;37,"[30, 32, 33, 34, 37]",5,pll1.2_xf0.8_cc1.2,ok,,,true,true,true,0.13801618730140547,-0.13801618730140547,true,true
30;32;33;34;37,"[30, 32, 33, 34, 37]",5,pll1.2_xf1.2_cc0.8,ok,,,true,true,true,0.13801618730086218,-0.13801618730086218,true,true
30;32;33;34;37,"[30, 32, 33, 34, 37]",5,pll1.2_xf1.2_cc1.2,ok,,,true,true,true,0.1380161872905532,-0.1380161872905532,true,true
35;37,"[35, 37]",2,nominal,ok,,,true,true,true,0.13791122423691807,-0.13791122423691807,true,true
35;37,"[35, 37]",2,pll0.8_xf0.8_cc0.8,ok,,,true,true,true,0.1379112241576845,-0.1379112241576845,true,true
35;37,"[35, 37]",2,pll0.8_xf0.8_cc1.2,ok,,,true,true,true,0.13791122415648369,-0.13791122415648369,true,true
35;37,"[35, 37]",2,pll0.8_xf1.2_cc0.8,ok,,,true,true,true,0.13791122415767776,-0.13791122415767776,true,true
35;37,"[35, 37]",2,pll0.8_xf1.2_cc1.2,ok,,,true,true,true,0.13791122415643614,-0.13791122415643614,true,true
35;37,"[35, 37]",2,pll1.2_xf0.8_cc0.8,ok,,,true,true,true,0.13791122428116576,-0.13791122428116576,true,true
35;37,"[35, 37]",2,pll1.2_xf0.8_cc1.2,ok,,,true,true,true,0.13791122427978178,-0.13791122427978178,true,true
35;37,"[35, 37]",2,pll1.2_xf1.2_cc0.8,ok,,,true,true,true,0.13791122428104416,-0.13791122428104416,true,true
35;37,"[35, 37]",2,pll1.2_xf1.2_cc1.2,ok,,,true,true,true,0.13791122427974986,-0.13791122427974986,true,true
30;35;37,"[30, 35, 37]",3,nominal,ok,,,true,true,true,0.13791358547974597,-0.13791358547974597,true,true
30;35;37,"[30, 35, 37]",3,pll0.8_xf0.8_cc0.8,ok,,,true,true,true,0.13791358537664114,-0.13791358537664114,true,true
30;35;37,"[30, 35, 37]",3,pll0.8_xf0.8_cc1.2,ok,,,true,true,true,0.13791358537420143,-0.13791358537420143,true,true
30;35;37,"[30, 35, 37]",3,pll0.8_xf1.2_cc0.8,ok,,,true,true,true,0.1379135853748852,-0.1379135853748852,true,true
30;35;37,"[30, 35, 37]",3,pll0.8_xf1.2_cc1.2,ok,,,true,true,true,0.13791358537248113,-0.13791358537248113,true,true
30;35;37,"[30, 35, 37]",3,pll1.2_xf0.8_cc0.8,ok,,,true,true,true,0.13791358553922664,-0.13791358553922664,true,true
30;35;37,"[30, 35, 37]",3,pll1.2_xf0.8_cc1.2,ok,,,true,true,true,0.13791358553678812,-0.13791358553678812,true,true
30;35;37,"[30, 35, 37]",3,pll1.2_xf1.2_cc0.8,ok,,,true,true,true,0.13791358553744873,-0.13791358553744873,true,true
30;35;37,"[30, 35, 37]",3,pll1.2_xf1.2_cc1.2,ok,,,true,true,true,0.13791358553505162,-0.13791358553505162,true,true
32;35;37,"[32, 35, 37]",3,nominal,ok,,,true,true,true,0.1380128689128236,-0.1380128689128236,true,true
32;35;37,"[32, 35, 37]",3,pll0.8_xf0.8_cc0.8,ok,,,true,true,true,0.1380128685223714,-0.1380128685223714,true,true
32;35;37,"[32, 35, 37]",3,pll0.8_xf0.8_cc1.2,ok,,,true,true,true,0.13801286850552366,-0.13801286850552366,true,true
32;35;37,"[32, 35, 37]",3,pll0.8_xf1.2_cc0.8,ok,,,true,true,true,0.13801286850327363,-0.13801286850327363,true,true
32;35;37,"[32, 35, 37]",3,pll0.8_xf1.2_cc1.2,ok,,,true,true,true,0.13801286848643657,-0.13801286848643657,true,true
32;35;37,"[32, 35, 37]",3,pll1.2_xf0.8_cc0.8,ok,,,true,true,true,0.1380128691551829,-0.1380128691551829,true,true
32;35;37,"[32, 35, 37]",3,pll1.2_xf0.8_cc1.2,ok,,,true,true,true,0.13801286913848276,-0.13801286913848276,true,true
32;35;37,"[32, 35, 37]",3,pll1.2_xf1.2_cc0.8,ok,,,true,true,true,0.13801286913609564,-0.13801286913609564,true,true
32;35;37,"[32, 35, 37]",3,pll1.2_xf1.2_cc1.2,ok,,,true,true,true,0.13801286911933835,-0.13801286911933835,true,true
30;32;35;37,"[30, 32, 35, 37]",4,nominal,ok,,,true,true,true,0.13801560473897723,-0.13801560473897723,true,true
30;32;35;37,"[30, 32, 35, 37]",4,pll0.8_xf0.8_cc0.8,ok,,,true,true,true,0.13801560441401262,-0.13801560441401262,true,true
30;32;35;37,"[30, 32, 35, 37]",4,pll0.8_xf0.8_cc1.2,ok,,,true,true,true,0.1380156044001398,-0.1380156044001398,true,true
30;32;35;37,"[30, 32, 35, 37]",4,pll0.8_xf1.2_cc0.8,ok,,,true,true,true,0.13801560439798255,-0.13801560439798255,true,true
30;32;35;37,"[30, 32, 35, 37]",4,pll0.8_xf1.2_cc1.2,ok,,,true,true,true,0.1380156043841533,-0.1380156043841533,true,true
30;32;35;37,"[30, 32, 35, 37]",4,pll1.2_xf0.8_cc0.8,ok,,,true,true,true,0.13801560494062692,-0.13801560494062692,true,true
30;32;35;37,"[30, 32, 35, 37]",4,pll1.2_xf0.8_cc1.2,ok,,,true,true,true,0.13801560492682477,-0.13801560492682477,true,true
30;32;35;37,"[30, 32, 35, 37]",4,pll1.2_xf1.2_cc0.8,ok,,,true,true,true,0.13801560492464104,-0.13801560492464104,true,true
30;32;35;37,"[30, 32, 35, 37]",4,pll1.2_xf1.2_cc1.2,ok,,,true,true,true,0.13801560491083392,-0.13801560491083392,true,true
33;35;37,"[33, 35, 37]",3,nominal,ok,,,true,true,true,0.13791594591928916,-0.13791594591928916,true,true
33;35;37,"[33, 35, 37]",3,pll0.8_xf0.8_cc0.8,ok,,,true,true,true,0.1379159458166047,-0.1379159458166047,true,true
33;35;37,"[33, 35, 37]",3,pll0.8_xf0.8_cc1.2,ok,,,true,true,true,0.13791594581498998,-0.13791594581498998,true,true
33;35;37,"[33, 35, 37]",3,pll0.8_xf1.2_cc0.8,ok,,,true,true,true,0.13791594581720637,-0.13791594581720637,true,true
33;35;37,"[33, 35, 37]",3,pll0.8_xf1.2_cc1.2,ok,,,true,true,true,0.1379159458156302,-0.1379159458156302,true,true
33;35;37,"[33, 35, 37]",3,pll1.2_xf0.8_cc0.8,ok,,,true,true,true,0.13791594597498805,-0.13791594597498805,true,true
33;35;37,"[33, 35, 37]",3,pll1.2_xf0.8_cc1.2,ok,,,true,true,true,0.1379159459739216,-0.1379159459739216,true,true
33;35;37,"[33, 35, 37]",3,pll1.2_xf1.2_cc0.8,ok,,,true,true,true,0.1379159459755304,-0.1379159459755304,true,true
33;35;37,"[33, 35, 37]",3,pll1.2_xf1.2_cc1.2,ok,,,true,true,true,0.13791594597371953,-0.13791594597371953,true,true
30;33;35;37,"[30, 33, 35, 37]",4,nominal,ok,,,true,true,true,0.1379200301390446,-0.1379200301390446,true,true
30;33;35;37,"[30, 33, 35, 37]",4,pll0.8_xf0.8_cc0.8,ok,,,true,true,true,0.13792002997591915,-0.13792002997591915,true,true
30;33;35;37,"[30, 33, 35, 37]",4,pll0.8_xf0.8_cc1.2,ok,,,true,true,true,0.13792002997298156,-0.13792002997298156,true,true
30;33;35;37,"[30, 33, 35, 37]",4,pll0.8_xf1.2_cc0.8,ok,,,true,true,true,0.13792002996900965,-0.13792002996900965,true,true
30;33;35;37,"[30, 33, 35, 37]",4,pll0.8_xf1.2_cc1.2,ok,,,true,true,true,0.13792002996611183,-0.13792002996611183,true,true
30;33;35;37,"[30, 33, 35, 37]",4,pll1.2_xf0.8_cc0.8,ok,,,true,true,true,0.1379200302353379,-0.1379200302353379,true,true
30;33;35;37,"[30, 33, 35, 37]",4,pll1.2_xf0.8_cc1.2,ok,,,true,true,true,0.13792003023245644,-0.13792003023245644,true,true
30;33;35;37,"[30, 33, 35, 37]",4,pll1.2_xf1.2_cc0.8,ok,,,true,true,true,0.13792003022849678,-0.13792003022849678,true,true
30;33;35;37,"[30, 33, 35, 37]",4,pll1.2_xf1.2_cc1.2,ok,,,true,true,true,0.1379200302255874,-0.1379200302255874,true,true
32;33;35;37,"[32, 33, 35, 37]",4,nominal,ok,,,true,true,true,0.13801780992822707,-0.13801780992822707,true,true
32;33;35;37,"[32, 33, 35, 37]",4,pll0.8_xf0.8_cc0.8,ok,,,true,true,true,0.13801780944836728,-0.13801780944836728,true,true
32;33;35;37,"[32, 33, 35, 37]",4,pll0.8_xf0.8_cc1.2,ok,,,true,true,true,0.13801780942893443,-0.13801780942893443,true,true
32;33;35;37,"[32, 33, 35, 37]",4,pll0.8_xf1.2_cc0.8,ok,,,true,true,true,0.13801780942844682,-0.13801780942844682,true,true
32;33;35;37,"[32, 33, 35, 37]",4,pll0.8_xf1.2_cc1.2,ok,,,true,true,true,0.1380178094089199,-0.1380178094089199,true,true
32;33;35;37,"[32, 33, 35, 37]",4,pll1.2_xf0.8_cc0.8,ok,,,true,true,true,0.13801781022222925,-0.13801781022222925,true,true
32;33;35;37,"[32, 33, 35, 37]",4,pll1.2_xf0.8_cc1.2,ok,,,true,true,true,0.13801781020278875,-0.13801781020278875,true,true
32;33;35;37,"[32, 33, 35, 37]",4,pll1.2_xf1.2_cc0.8,ok,,,true,true,true,0.138017810202175,-0.138017810202175,true,true
32;33;35;37,"[32, 33, 35, 37]",4,pll1.2_xf1.2_cc1.2,ok,,,true,true,true,0.1380178101828486,-0.1380178101828486,true,true
30;32;33;35;37,"[30, 32, 33, 35, 37]",5,nominal,ok,,,true,true,true,0.1380182482680912,-0.1380182482680912,true,true
30;32;33;35;37,"[30, 32, 33, 35, 37]",5,pll0.8_xf0.8_cc0.8,ok,,,true,true,true,0.13801824786116226,-0.13801824786116226,true,true
30;32;33;35;37,"[30, 32, 33, 35, 37]",5,pll0.8_xf0.8_cc1.2,ok,,,true,true,true,0.13801824784708008,-0.13801824784708008,true,true
30;32;33;35;37,"[30, 32, 33, 35, 37]",5,pll0.8_xf1.2_cc0.8,ok,,,true,true,true,0.13801824784553585,-0.13801824784553585,true,true
30;32;33;35;37,"[30, 32, 33, 35, 37]",5,pll0.8_xf1.2_cc1.2,ok,,,true,true,true,0.1380182478314805,-0.1380182478314805,true,true
30;32;33;35;37,"[30, 32, 33, 35, 37]",5,pll1.2_xf0.8_cc0.8,ok,,,true,true,true,0.1380182485139021,-0.1380182485139021,true,true
30;32;33;35;37,"[30, 32, 33, 35, 37]",5,pll1.2_xf0.8_cc1.2,ok,,,true,true,true,0.1380182484998534,-0.1380182484998534,true,true
30;32;33;35;37,"[30, 32, 33, 35, 37]",5,pll1.2_xf1.2_cc0.8,ok,,,true,true,true,0.13801824849831013,-0.13801824849831013,true,true
30;32;33;35;37,"[30, 32, 33, 35, 37]",5,pll1.2_xf1.2_cc1.2,ok,,,true,true,true,0.13801824848430144,-0.13801824848430144,true,true
34;35;37,"[34, 35, 37]",3,nominal,ok,,,true,true,true,0.13791776598493324,-0.13791776598493324,true,true
34;35;37,"[34, 35, 37]",3,pll0.8_xf0.8_cc0.8,ok,,,true,true,true,0.13791776590525806,-0.13791776590525806,true,true
34;35;37,"[34, 35, 37]",3,pll0.8_xf0.8_cc1.2,ok,,,true,true,true,0.13791776590542723,-0.13791776590542723,true,true
34;35;37,"[34, 35, 37]",3,pll0.8_xf1.2_cc0.8,ok,,,true,true,true,0.1379177659091682,-0.1379177659091682,true,true
34;35;37,"[34, 35, 37]",3,pll0.8_xf1.2_cc1.2,ok,,,true,true,true,0.13791776590837593,-0.13791776590837593,true,true
34;35;37,"[34, 35, 37]",3,pll1.2_xf0.8_cc0.8,ok,,,true,true,true,0.13791776602587347,-0.13791776602587347,true,true
34;35;37,"[34, 35, 37]",3,pll1.2_xf0.8_cc1.2,ok,,,true,true,true,0.13791776602628872,-0.13791776602628872,true,true
34;35;37,"[34, 35, 37]",3,pll1.2_xf1.2_cc0.8,ok,,,true,true,true,0.13791776603059486,-0.13791776603059486,true,true
34;35;37,"[34, 35, 37]",3,pll1.2_xf1.2_cc1.2,ok,,,true,true,true,0.1379177660298618,-0.1379177660298618,true,true
30;34;35;37,"[30, 34, 35, 37]",4,nominal,ok,,,true,true,true,0.13792276303321765,-0.13792276303321765,true,true
30;34;35;37,"[30, 34, 35, 37]",4,pll0.8_xf0.8_cc0.8,ok,,,true,true,true,0.13792276289493682,-0.13792276289493682,true,true
30;34;35;37,"[30, 34, 35, 37]",4,pll0.8_xf0.8_cc1.2,ok,,,true,true,true,0.13792276289365615,-0.13792276289365615,true,true
30;34;35;37,"[30, 34, 35, 37]",4,pll0.8_xf1.2_cc0.8,ok,,,true,true,true,0.13792276289464056,-0.13792276289464056,true,true
30;34;35;37,"[30, 34, 35, 37]",4,pll0.8_xf1.2_cc1.2,ok,,,true,true,true,0.1379227628933342,-0.1379227628933342,true,true
30;34;35;37,"[30, 34, 35, 37]",4,pll1.2_xf0.8_cc0.8,ok,,,true,true,true,0.13792276310945206,-0.13792276310945206,true,true
30;34;35;37,"[30, 34, 35, 37]",4,pll1.2_xf0.8_cc1.2,ok,,,true,true,true,0.13792276310820523,-0.13792276310820523,true,true
30;34;35;37,"[30, 34, 35, 37]",4,pll1.2_xf1.2_cc0.8,ok,,,true,true,true,0.13792276310913096,-0.13792276310913096,true,true
30;34;35;37,"[30, 34, 35, 37]",4,pll1.2_xf1.2_cc1.2,ok,,,true,true,true,0.13792276310783577,-0.13792276310783577,true,true
32;34;35;37,"[32, 34, 35, 37]",4,nominal,ok,,,true,true,true,0.1380185540156175,-0.1380185540156175,true,true
32;34;35;37,"[32, 34, 35, 37]",4,pll0.8_xf0.8_cc0.8,ok,,,true,true,true,0.13801855357204995,-0.13801855357204995,true,true
32;34;35;37,"[32, 34, 35, 37]",4,pll0.8_xf0.8_cc1.2,ok,,,true,true,true,0.13801855355521747,-0.13801855355521747,true,true
32;34;35;37,"[32, 34, 35, 37]",4,pll0.8_xf1.2_cc0.8,ok,,,true,true,true,0.13801855355567974,-0.13801855355567974,true,true
32;34;35;37,"[32, 34, 35, 37]",4,pll0.8_xf1.2_cc1.2,ok,,,true,true,true,0.13801855353880815,-0.13801855353880815,true,true
32;34;35;37,"[32, 34, 35, 37]",4,pll1.2_xf0.8_cc0.8,ok,,,true,true,true,0.13801855428466106,-0.13801855428466106,true,true
32;34;35;37,"[32, 34, 35, 37]",4,pll1.2_xf0.8_cc1.2,ok,,,true,true,true,0.1380185542678224,-0.1380185542678224,true,true
32;34;35;37,"[32, 34, 35, 37]",4,pll1.2_xf1.2_cc0.8,ok,,,true,true,true,0.1380185542682873,-0.1380185542682873,true,true
32;34;35;37,"[32, 34, 35, 37]",4,pll1.2_xf1.2_cc1.2,ok,,,true,true,true,0.1380185542514595,-0.1380185542514595,true,true
30;32;34;35;37,"[30, 32, 34, 35, 37]",5,nominal,ok,,,true,true,true,0.13801877348719763,-0.13801877348719763,true,true
30;32;34;35;37,"[30, 32, 34, 35, 37]",5,pll0.8_xf0.8_cc0.8,ok,,,true,true,true,0.13801877309281907,-0.13801877309281907,true,true
30;32;34;35;37,"[30, 32, 34, 35, 37]",5,pll0.8_xf0.8_cc1.2,ok,,,true,true,true,0.1380187730798637,-0.1380187730798637,true,true
30;32;34;35;37,"[30, 32, 34, 35, 37]",5,pll0.8_xf1.2_cc0.8,ok,,,true,true,true,0.13801877307878604,-0.13801877307878604,true,true
30;32;34;35;37,"[30, 32, 34, 35, 37]",5,pll0.8_xf1.2_cc1.2,ok,,,true,true,true,0.13801877306587618,-0.13801877306587618,true,true
30;32;34;35;37,"[30, 32, 34, 35, 37]",5,pll1.2_xf0.8_cc0.8,ok,,,true,true,true,0.13801877372387938,-0.13801877372387938,true,true
30;32;34;35;37,"[30, 32, 34, 35, 37]",5,pll1.2_xf0.8_cc1.2,ok,,,true,true,true,0.13801877371101123,-0.13801877371101123,true,true
30;32;34;35;37,"[30, 32, 34, 35, 37]",5,pll1.2_xf1.2_cc0.8,ok,,,true,true,true,0.13801877370987178,-0.13801877370987178,true,true
30;32;34;35;37,"[30, 32, 34, 35, 37]",5,pll1.2_xf1.2_cc1.2,ok,,,true,true,true,0.13801877369700757,-0.13801877369700757,true,true
33;34;35;37,"[33, 34, 35, 37]",4,nominal,ok,,,true,true,true,0.13792043737762824,-0.13792043737762824,true,true
33;34;35;37,"[33, 34, 35, 37]",4,pll0.8_xf0.8_cc0.8,ok,,,true,true,true,0.1379204373813511,-0.1379204373813511,true,true
33;34;35;37,"[33, 34, 35, 37]",4,pll0.8_xf0.8_cc1.2,ok,,,true,true,true,0.1379204373782097,-0.1379204373782097,true,true
33;34;35;37,"[33, 34, 35, 37]",4,pll0.8_xf1.2_cc0.8,ok,,,true,true,true,0.13792043739204943,-0.13792043739204943,true,true
33;34;35;37,"[33, 34, 35, 37]",4,pll0.8_xf1.2_cc1.2,ok,,,true,true,true,0.13792043738824722,-0.13792043738824722,true,true
33;34;35;37,"[33, 34, 35, 37]",4,pll1.2_xf0.8_cc0.8,ok,,,true,true,true,0.13792043737065823,-0.13792043737065823,true,true
33;34;35;37,"[33, 34, 35, 37]",4,pll1.2_xf0.8_cc1.2,ok,,,true,true,true,0.13792043736891135,-0.13792043736891135,true,true
33;34;35;37,"[33, 34, 35, 37]",4,pll1.2_xf1.2_cc0.8,ok,,,true,true,true,0.1379204373812458,-0.1379204373812458,true,true
33;34;35;37,"[33, 34, 35, 37]",4,pll1.2_xf1.2_cc1.2,ok,,,true,true,true,0.13792043737879517,-0.13792043737879517,true,true
30;33;34;35;37,"[30, 33, 34, 35, 37]",5,nominal,ok,,,true,true,true,0.13792595110320902,-0.13792595110320902,true,true
30;33;34;35;37,"[30, 33, 34, 35, 37]",5,pll0.8_xf0.8_cc0.8,ok,,,true,true,true,0.1379259510997838,-0.1379259510997838,true,true
30;33;34;35;37,"[30, 33, 34, 35, 37]",5,pll0.8_xf0.8_cc1.2,ok,,,true,true,true,0.13792595109770756,-0.13792595109770756,true,true
30;33;34;35;37,"[30, 33, 34, 35, 37]",5,pll0.8_xf1.2_cc0.8,ok,,,true,true,true,0.13792595109824723,-0.13792595109824723,true,true
30;33;34;35;37,"[30, 33, 34, 35, 37]",5,pll0.8_xf1.2_cc1.2,ok,,,true,true,true,0.1379259510961258,-0.1379259510961258,true,true
30;33;34;35;37,"[30, 33, 34, 35, 37]",5,pll1.2_xf0.8_cc0.8,ok,,,true,true,true,0.13792595110837694,-0.13792595110837694,true,true
30;33;34;35;37,"[30, 33, 34, 35, 37]",5,pll1.2_xf0.8_cc1.2,ok,,,true,true,true,0.13792595110627107,-0.13792595110627107,true,true
30;33;34;35;37,"[30, 33, 34, 35, 37]",5,pll1.2_xf1.2_cc0.8,ok,,,true,true,true,0.1379259511068228,-0.1379259511068228,true,true
30;33;34;35;37,"[30, 33, 34, 35, 37]",5,pll1.2_xf1.2_cc1.2,ok,,,true,true,true,0.13792595110470585,-0.13792595110470585,true,true
32;33;34;35;37,"[32, 33, 34, 35, 37]",5,nominal,ok,,,true,true,true,0.13801926977271942,-0.13801926977271942,true,true
32;33;34;35;37,"[32, 33, 34, 35, 37]",5,pll0.8_xf0.8_cc0.8,ok,,,true,true,true,0.13801926930929612,-0.13801926930929612,true,true
32;33;34;35;37,"[32, 33, 34, 35, 37]",5,pll0.8_xf0.8_cc1.2,ok,,,true,true,true,0.13801926929085967,-0.13801926929085967,true,true
32;33;34;35;37,"[32, 33, 34, 35, 37]",5,pll0.8_xf1.2_cc0.8,ok,,,true,true,true,0.1380192692916599,-0.1380192692916599,true,true
32;33;34;35;37,"[32, 33, 34, 35, 37]",5,pll0.8_xf1.2_cc1.2,ok,,,true,true,true,0.13801926927288766,-0.13801926927288766,true,true
32;33;34;35;37,"[32, 33, 34, 35, 37]",5,pll1.2_xf0.8_cc0.8,ok,,,true,true,true,0.13801927005522346,-0.13801927005522346,true,true
32;33;34;35;37,"[32, 33, 34, 35, 37]",5,pll1.2_xf0.8_cc1.2,ok,,,true,true,true,0.13801927003688688,-0.13801927003688688,true,true
32;33;34;35;37,"[32, 33, 34, 35, 37]",5,pll1.2_xf1.2_cc0.8,ok,,,true,true,true,0.13801927003745856,-0.13801927003745856,true,true
32;33;34;35;37,"[32, 33, 34, 35, 37]",5,pll1.2_xf1.2_cc1.2,ok,,,true,true,true,0.13801927001884856,-0.13801927001884856,true,true
30;32;33;34;35;37,"[30, 32, 33, 34, 35, 37]",6,nominal,ok,,,true,true,true,0.13801926083580776,-0.13801926083580776,true,true
30;32;33;34;35;37,"[30, 32, 33, 34, 35, 37]",6,pll0.8_xf0.8_cc0.8,ok,,,true,true,true,0.13801926042523677,-0.13801926042523677,true,true
30;32;33;34;35;37,"[30, 32, 33, 34, 35, 37]",6,pll0.8_xf0.8_cc1.2,ok,,,true,true,true,0.13801926041279558,-0.13801926041279558,true,true
30;32;33;34;35;37,"[30, 32, 33, 34, 35, 37]",6,pll0.8_xf1.2_cc0.8,ok,,,true,true,true,0.13801926041192683,-0.13801926041192683,true,true
30;32;33;34;35;37,"[30, 32, 33, 34, 35, 37]",6,pll0.8_xf1.2_cc1.2,ok,,,true,true,true,0.13801926039948728,-0.13801926039948728,true,true
30;32;33;34;35;37,"[30, 32, 33, 34, 35, 37]",6,pll1.2_xf0.8_cc0.8,ok,,,true,true,true,0.13801926108023305,-0.13801926108023305,true,true
30;32;33;34;35;37,"[30, 32, 33, 34, 35, 37]",6,pll1.2_xf0.8_cc1.2,ok,,,true,true,true,0.138019261067829,-0.138019261067829,true,true
30;32;33;34;35;37,"[30, 32, 33, 34, 35, 37]",6,pll1.2_xf1.2_cc0.8,ok,,,true,true,true,0.1380192610669244,-0.1380192610669244,true,true
30;32;33;34;35;37,"[30, 32, 33, 34, 35, 37]",6,pll1.2_xf1.2_cc1.2,ok,,,true,true,true,0.13801926105451146,-0.13801926105451146,true,true
36;37,"[36, 37]",2,nominal,ok,,,true,true,true,0.13744188298515683,-0.13744188298515683,true,true
36;37,"[36, 37]",2,pll0.8_xf0.8_cc0.8,ok,,,true,true,true,0.13746284695963962,-0.13746284695963962,true,true
36;37,"[36, 37]",2,pll0.8_xf0.8_cc1.2,ok,,,true,true,true,0.13746287879126884,-0.13746287879126884,true,true
36;37,"[36, 37]",2,pll0.8_xf1.2_cc0.8,ok,,,true,true,true,0.1374628315491165,-0.1374628315491165,true,true
36;37,"[36, 37]",2,pll0.8_xf1.2_cc1.2,ok,,,true,true,true,0.1374628658704521,-0.1374628658704521,true,true
36;37,"[36, 37]",2,pll1.2_xf0.8_cc0.8,ok,,,true,true,true,0.13743041592284155,-0.13743041592284155,true,true
36;37,"[36, 37]",2,pll1.2_xf0.8_cc1.2,ok,,,true,true,true,0.137430452177505,-0.137430452177505,true,true
36;37,"[36, 37]",2,pll1.2_xf1.2_cc0.8,ok,,,true,true,true,0.13743040286304706,-0.13743040286304706,true,true
36;37,"[36, 37]",2,pll1.2_xf1.2_cc1.2,ok,,,true,true,true,0.13743044012423006,-0.13743044012423006,true,true
30;36;37,"[30, 36, 37]",3,nominal,ok,,,true,true,true,0.1376136993084348,-0.1376136993084348,true,true
30;36;37,"[30, 36, 37]",3,pll0.8_xf0.8_cc0.8,ok,,,true,true,true,0.13762871345790198,-0.13762871345790198,true,true
30;36;37,"[30, 36, 37]",3,pll0.8_xf0.8_cc1.2,ok,,,true,true,true,0.1376287452329187,-0.1376287452329187,true,true
30;36;37,"[30, 36, 37]",3,pll0.8_xf1.2_cc0.8,ok,,,true,true,true,0.13762869486417267,-0.13762869486417267,true,true
30;36;37,"[30, 36, 37]",3,pll0.8_xf1.2_cc1.2,ok,,,true,true,true,0.13762872996572983,-0.13762872996572983,true,true
30;36;37,"[30, 36, 37]",3,pll1.2_xf0.8_cc0.8,ok,,,true,true,true,0.13760540781756259,-0.13760540781756259,true,true
30;36;37,"[30, 36, 37]",3,pll1.2_xf0.8_cc1.2,ok,,,true,true,true,0.13760544533236757,-0.13760544533236757,true,true
30;36;37,"[30, 36, 37]",3,pll1.2_xf1.2_cc0.8,ok,,,true,true,true,0.13760539240141811,-0.13760539240141811,true,true
30;36;37,"[30, 36, 37]",3,pll1.2_xf1.2_cc1.2,ok,,,true,true,true,0.1376054313190081,-0.1376054313190081,true,true
32;36;37,"[32, 36, 37]",3,nominal,ok,,,true,true,true,0.137345092260475,-0.137345092260475,true,true
32;36;37,"[32, 36, 37]",3,pll0.8_xf0.8_cc0.8,ok,,,true,true,true,0.13735677448271047,-0.13735677448271047,true,true
32;36;37,"[32, 36, 37]",3,pll0.8_xf0.8_cc1.2,ok,,,true,true,true,0.13735680510084292,-0.13735680510084292,true,true
32;36;37,"[32, 36, 37]",3,pll0.8_xf1.2_cc0.8,ok,,,true,true,true,0.13735675596019717,-0.13735675596019717,true,true
32;36;37,"[32, 36, 37]",3,pll0.8_xf1.2_cc1.2,ok,,,true,true,true,0.13735679030157386,-0.13735679030157386,true,true
32;36;37,"[32, 36, 37]",3,pll1.2_xf0.8_cc0.8,ok,,,true,true,true,0.1373385843494795,-0.1373385843494795,true,true
32;36;37,"[32, 36, 37]",3,pll1.2_xf0.8_cc1.2,ok,,,true,true,true,0.13733862139365882,-0.13733862139365882,true,true
32;36;37,"[32, 36, 37]",3,pll1.2_xf1.2_cc0.8,ok,,,true,true,true,0.13733856945404121,-0.13733856945404121,true,true
32;36;37,"[32, 36, 37]",3,pll1.2_xf1.2_cc1.2,ok,,,true,true,true,0.13733860806303433,-0.13733860806303433,true,true
30;32;36;37,"[30, 32, 36, 37]",4,nominal,ok,,,true,true,true,0.13752534785734394,-0.13752534785734394,true,true
30;32;36;37,"[30, 32, 36, 37]",4,pll0.8_xf0.8_cc0.8,ok,,,true,true,true,0.13752990480519944,-0.13752990480519944,true,true
30;32;36;37,"[30, 32, 36, 37]",4,pll0.8_xf0.8_cc1.2,ok,,,true,true,true,0.13752993789743673,-0.13752993789743673,true,true
30;32;36;37,"[30, 32, 36, 37]",4,pll0.8_xf1.2_cc0.8,ok,,,true,true,true,0.13752988362124144,-0.13752988362124144,true,true
30;32;36;37,"[30, 32, 36, 37]",4,pll0.8_xf1.2_cc1.2,ok,,,true,true,true,0.1375299206325531,-0.1375299206325531,true,true
30;32;36;37,"[30, 32, 36, 37]",4,pll1.2_xf0.8_cc0.8,ok,,,true,true,true,0.13752268894719805,-0.13752268894719805,true,true
30;32;36;37,"[30, 32, 36, 37]",4,pll1.2_xf0.8_cc1.2,ok,,,true,true,true,0.1375227286467985,-0.1375227286467985,true,true
30;32;36;37,"[30, 32, 36, 37]",4,pll1.2_xf1.2_cc0.8,ok,,,true,true,true,0.13752267161472626,-0.13752267161472626,true,true
30;32;36;37,"[30, 32, 36, 37]",4,pll1.2_xf1.2_cc1.2,ok,,,true,true,true,0.1375227130150204,-0.1375227130150204,true,true
33;36;37,"[33, 36, 37]",3,nominal,ok,,,true,true,true,0.13792010651683223,-0.13792010651683223,true,true
33;36;37,"[33, 36, 37]",3,pll0.8_xf0.8_cc0.8,ok,,,true,true,true,0.13792010646300287,-0.13792010646300287,true,true
33;36;37,"[33, 36, 37]",3,pll0.8_xf0.8_cc1.2,ok,,,true,true,true,0.13792010646424027,-0.13792010646424027,true,true
33;36;37,"[33, 36, 37]",3,pll0.8_xf1.2_cc0.8,ok,,,true,true,true,0.13792010647365371,-0.13792010647365371,true,true
33;36;37,"[33, 36, 37]",3,pll0.8_xf1.2_cc1.2,ok,,,true,true,true,0.13792010647503625,-0.13792010647503625,true,true
33;36;37,"[33, 36, 37]",3,pll1.2_xf0.8_cc0.8,ok,,,true,true,true,0.13792010653712175,-0.13792010653712175,true,true
33;36;37,"[33, 36, 37]",3,pll1.2_xf0.8_cc1.2,ok,,,true,true,true,0.13792010653800824,-0.13792010653800824,true,true
33;36;37,"[33, 36, 37]",3,pll1.2_xf1.2_cc0.8,ok,,,true,true,true,0.13792010654705766,-0.13792010654705766,true,true
33;36;37,"[33, 36, 37]",3,pll1.2_xf1.2_cc1.2,ok,,,true,true,true,0.13792010654781806,-0.13792010654781806,true,true
30;33;36;37,"[30, 33, 36, 37]",4,nominal,ok,,,true,true,true,0.13792572392153093,-0.13792572392153093,true,true
30;33;36;37,"[30, 33, 36, 37]",4,pll0.8_xf0.8_cc0.8,ok,,,true,true,true,0.1379257238238018,-0.1379257238238018,true,true
30;33;36;37,"[30, 33, 36, 37]",4,pll0.8_xf0.8_cc1.2,ok,,,true,true,true,0.13792572382511456,-0.13792572382511456,true,true
30;33;36;37,"[30, 33, 36, 37]",4,pll0.8_xf1.2_cc0.8,ok,,,true,true,true,0.1379257238325514,-0.1379257238325514,true,true
30;33;36;37,"[30, 33, 36, 37]",4,pll0.8_xf1.2_cc1.2,ok,,,true,true,true,0.13792572383385687,-0.13792572383385687,true,true
30;33;36;37,"[30, 33, 36, 37]",4,pll1.2_xf0.8_cc0.8,ok,,,true,true,true,0.13792572396631061,-0.13792572396631061,true,true
30;33;36;37,"[30, 33, 36, 37]",4,pll1.2_xf0.8_cc1.2,ok,,,true,true,true,0.13792572396760605,-0.13792572396760605,true,true
30;33;36;37,"[30, 33, 36, 37]",4,pll1.2_xf1.2_cc0.8,ok,,,true,true,true,0.13792572397504005,-0.13792572397504005,true,true
30;33;36;37,"[30, 33, 36, 37]",4,pll1.2_xf1.2_cc1.2,ok,,,true,true,true,0.13792572397638386,-0.13792572397638386,true,true
32;33;36;37,"[32, 33, 36, 37]",4,nominal,ok,,,true,true,true,0.13801899450535793,-0.13801899450535793,true,true
32;33;36;37,"[32, 33, 36, 37]",4,pll0.8_xf0.8_cc0.8,ok,,,true,true,true,0.13801899407897306,-0.13801899407897306,true,true
32;33;36;37,"[32, 33, 36, 37]",4,pll0.8_xf0.8_cc1.2,ok,,,true,true,true,0.13801899406507107,-0.13801899406507107,true,true
32;33;36;37,"[32, 33, 36, 37]",4,pll0.8_xf1.2_cc0.8,ok,,,true,true,true,0.13801899406537949,-0.13801899406537949,true,true
32;33;36;37,"[32, 33, 36, 37]",4,pll0.8_xf1.2_cc1.2,ok,,,true,true,true,0.13801899405151544,-0.13801899405151544,true,true
32;33;36;37,"[32, 33, 36, 37]",4,pll1.2_xf0.8_cc0.8,ok,,,true,true,true,0.13801899475997292,-0.13801899475997292,true,true
32;33;36;37,"[32, 33, 36, 37]",4,pll1.2_xf0.8_cc1.2,ok,,,true,true,true,0.13801899474620122,-0.13801899474620122,true,true
32;33;36;37,"[32, 33, 36, 37]",4,pll1.2_xf1.2_cc0.8,ok,,,true,true,true,0.13801899474643706,-0.13801899474643706,true,true
32;33;36;37,"[32, 33, 36, 37]",4,pll1.2_xf1.2_cc1.2,ok,,,true,true,true,0.13801899473260623,-0.13801899473260623,true,true
30;32;33;36;37,"[30, 32, 33, 36, 37]",5,nominal,ok,,,true,true,true,0.13801928576722375,-0.13801928576722375,true,true
30;32;33;36;37,"[30, 32, 33, 36, 37]",5,pll0.8_xf0.8_cc0.8,ok,,,true,true,true,0.13801928538313357,-0.13801928538313357,true,true
30;32;33;36;37,"[30, 32, 33, 36, 37]",5,pll0.8_xf0.8_cc1.2,ok,,,true,true,true,0.13801928537233416,-0.13801928537233416,true,true
30;32;33;36;37,"[30, 32, 33, 36, 37]",5,pll0.8_xf1.2_cc0.8,ok,,,true,true,true,0.13801928537161778,-0.13801928537161778,true,true
30;32;33;36;37,"[30, 32, 33, 36, 37]",5,pll0.8_xf1.2_cc1.2,ok,,,true,true,true,0.1380192853608294,-0.1380192853608294,true,true
30;32;33;36;37,"[30, 32, 33, 36, 37]",5,pll1.2_xf0.8_cc0.8,ok,,,true,true,true,0.13801928599433327,-0.13801928599433327,true,true
30;32;33;36;37,"[30, 32, 33, 36, 37]",5,pll1.2_xf0.8_cc1.2,ok,,,true,true,true,0.1380192859835195,-0.1380192859835195,true,true
30;32;33;36;37,"[30, 32, 33, 36, 37]",5,pll1.2_xf1.2_cc0.8,ok,,,true,true,true,0.13801928598280094,-0.13801928598280094,true,true
30;32;33;36;37,"[30, 32, 33, 36, 37]",5,pll1.2_xf1.2_cc1.2,ok,,,true,true,true,0.13801928597206728,-0.13801928597206728,true,true
34;36;37,"[34, 36, 37]",3,nominal,ok,,,true,true,true,0.13117202276060796,-0.13117202276060796,true,true
34;36;37,"[34, 36, 37]",3,pll0.8_xf0.8_cc0.8,ok,,,true,true,true,0.13117025140856253,-0.13117025140856253,true,true
34;36;37,"[34, 36, 37]",3,pll0.8_xf0.8_cc1.2,ok,,,true,true,true,0.1311706356045158,-0.1311706356045158,true,true
34;36;37,"[34, 36, 37]",3,pll0.8_xf1.2_cc0.8,ok,,,true,true,true,0.13117008610621372,-0.13117008610621372,true,true
34;36;37,"[34, 36, 37]",3,pll0.8_xf1.2_cc1.2,ok,,,true,true,true,0.13117047456350012,-0.13117047456350012,true,true
34;36;37,"[34, 36, 37]",3,pll1.2_xf0.8_cc0.8,ok,,,true,true,true,0.1311725815177183,-0.1311725815177183,true,true
34;36;37,"[34, 36, 37]",3,pll1.2_xf0.8_cc1.2,ok,,,true,true,true,0.1311729733759237,-0.1311729733759237,true,true
34;36;37,"[34, 36, 37]",3,pll1.2_xf1.2_cc0.8,ok,,,true,true,true,0.13117242104833302,-0.13117242104833302,true,true
34;36;37,"[34, 36, 37]",3,pll1.2_xf1.2_cc1.2,ok,,,true,true,true,0.13117281464721992,-0.13117281464721992,true,true
30;34;36;37,"[30, 34, 36, 37]",4,nominal,ok,,,true,true,true,0.1310490258329618,-0.1310490258329618,true,true
30;34;36;37,"[30, 34, 36, 37]",4,pll0.8_xf0.8_cc0.8,ok,,,true,true,true,0.13104752604501396,-0.13104752604501396,true,true
30;34;36;37,"[30, 34, 36, 37]",4,pll0.8_xf0.8_cc1.2,ok,,,true,true,true,0.13104790931351706,-0.13104790931351706,true,true
30;34;36;37,"[30, 34, 36, 37]",4,pll0.8_xf1.2_cc0.8,ok,,,true,true,true,0.1310473602152507,-0.1310473602152507,true,true
30;34;36;37,"[30, 34, 36, 37]",4,pll0.8_xf1.2_cc1.2,ok,,,true,true,true,0.13104774828183435,-0.13104774828183435,true,true
30;34;36;37,"[30, 34, 36, 37]",4,pll1.2_xf0.8_cc0.8,ok,,,true,true,true,0.13104942517332818,-0.13104942517332818,true,true
30;34;36;37,"[30, 34, 36, 37]",4,pll1.2_xf0.8_cc1.2,ok,,,true,true,true,0.1310498170058823,-0.1310498170058823,true,true
30;34;36;37,"[30, 34, 36, 37]",4,pll1.2_xf1.2_cc0.8,ok,,,true,true,true,0.13104926476110276,-0.13104926476110276,true,true
30;34;36;37,"[30, 34, 36, 37]",4,pll1.2_xf1.2_cc1.2,ok,,,true,true,true,0.13104965857217593,-0.13104965857217593,true,true
32;34;36;37,"[32, 34, 36, 37]",4,nominal,ok,,,true,true,true,0.1311576494482598,-0.1311576494482598,true,true
32;34;36;37,"[32, 34, 36, 37]",4,pll0.8_xf0.8_cc0.8,ok,,,true,true,true,0.13115603894350408,-0.13115603894350408,true,true
32;34;36;37,"[32, 34, 36, 37]",4,pll0.8_xf0.8_cc1.2,ok,,,true,true,true,0.131156422397598,-0.131156422397598,true,true
32;34;36;37,"[32, 34, 36, 37]",4,pll0.8_xf1.2_cc0.8,ok,,,true,true,true,0.13115587319565275,-0.13115587319565275,true,true
32;34;36;37,"[32, 34, 36, 37]",4,pll0.8_xf1.2_cc1.2,ok,,,true,true,true,0.13115626120407597,-0.13115626120407597,true,true
32;34;36;37,"[32, 34, 36, 37]",4,pll1.2_xf0.8_cc0.8,ok,,,true,true,true,0.13115810193103095,-0.13115810193103095,true,true
32;34;36;37,"[32, 34, 36, 37]",4,pll1.2_xf0.8_cc1.2,ok,,,true,true,true,0.13115849352240766,-0.13115849352240766,true,true
32;34;36;37,"[32, 34, 36, 37]",4,pll1.2_xf1.2_cc0.8,ok,,,true,true,true,0.13115794136924797,-0.13115794136924797,true,true
32;34;36;37,"[32, 34, 36, 37]",4,pll1.2_xf1.2_cc1.2,ok,,,true,true,true,0.13115833483031947,-0.13115833483031947,true,true
30;32;34;36;37,"[30, 32, 34, 36, 37]",5,nominal,ok,,,true,true,true,0.13102892703600577,-0.13102892703600577,true,true
30;32;34;36;37,"[30, 32, 34, 36, 37]",5,pll0.8_xf0.8_cc0.8,ok,,,true,true,true,0.13102779226459316,-0.13102779226459316,true,true
30;32;34;36;37,"[30, 32, 34, 36, 37]",5,pll0.8_xf0.8_cc1.2,ok,,,true,true,true,0.13102817463327893,-0.13102817463327893,true,true
30;32;34;36;37,"[30, 32, 34, 36, 37]",5,pll0.8_xf1.2_cc0.8,ok,,,true,true,true,0.1310276257123787,-0.1310276257123787,true,true
30;32;34;36;37,"[30, 32, 34, 36, 37]",5,pll0.8_xf1.2_cc1.2,ok,,,true,true,true,0.13102801325727625,-0.13102801325727625,true,true
30;32;34;36;37,"[30, 32, 34, 36, 37]",5,pll1.2_xf0.8_cc0.8,ok,,,true,true,true,0.131029106247528,-0.131029106247528,true,true
30;32;34;36;37,"[30, 32, 34, 36, 37]",5,pll1.2_xf0.8_cc1.2,ok,,,true,true,true,0.13102949778665993,-0.13102949778665993,true,true
30;32;34;36;37,"[30, 32, 34, 36, 37]",5,pll1.2_xf1.2_cc0.8,ok,,,true,true,true,0.1310289455587474,-0.1310289455587474,true,true
30;32;34;36;37,"[30, 32, 34, 36, 37]",5,pll1.2_xf1.2_cc1.2,ok,,,true,true,true,0.13102933924818133,-0.13102933924818133,true,true
33;34;36;37,"[33, 34, 36, 37]",4,nominal,ok,,,true,true,true,0.13792486362699105,-0.13792486362699105,true,true
33;34;36;37,"[33, 34, 36, 37]",4,pll0.8_xf0.8_cc0.8,ok,,,true,true,true,0.1379248636428823,-0.1379248636428823,true,true
33;34;36;37,"[33, 34, 36, 37]",4,pll0.8_xf0.8_cc1.2,ok,,,true,true,true,0.13792486363654588,-0.13792486363654588,true,true
33;34;36;37,"[33, 34, 36, 37]",4,pll0.8_xf1.2_cc0.8,ok,,,true,true,true,0.13792486366460607,-0.13792486366460607,true,true
33;34;36;37,"[33, 34, 36, 37]",4,pll0.8_xf1.2_cc1.2,ok,,,true,true,true,0.13792486365898812,-0.13792486365898812,true,true
33;34;36;37,"[33, 34, 36, 37]",4,pll1.2_xf0.8_cc0.8,ok,,,true,true,true,0.13792486360757023,-0.13792486360757023,true,true
33;34;36;37,"[33, 34, 36, 37]",4,pll1.2_xf0.8_cc1.2,ok,,,true,true,true,0.1379248636017167,-0.1379248636017167,true,true
33;34;36;37,"[33, 34, 36, 37]",4,pll1.2_xf1.2_cc0.8,ok,,,true,true,true,0.1379248636302723,-0.1379248636302723,true,true
33;34;36;37,"[33, 34, 36, 37]",4,pll1.2_xf1.2_cc1.2,ok,,,true,true,true,0.13792486362345907,-0.13792486362345907,true,true
30;33;34;36;37,"[30, 33, 34, 36, 37]",5,nominal,ok,,,true,true,true,0.13793219147529628,-0.13793219147529628,true,true
30;33;34;36;37,"[30, 33, 34, 36, 37]",5,pll0.8_xf0.8_cc0.8,ok,,,true,true,true,0.13793219149720462,-0.13793219149720462,true,true
30;33;34;36;37,"[30, 33, 34, 36, 37]",5,pll0.8_xf0.8_cc1.2,ok,,,true,true,true,0.13793219149342242,-0.13793219149342242,true,true
30;33;34;36;37,"[30, 33, 34, 36, 37]",5,pll0.8_xf1.2_cc0.8,ok,,,true,true,true,0.13793219151692152,-0.13793219151692152,true,true
30;33;34;36;37,"[30, 33, 34, 36, 37]",5,pll0.8_xf1.2_cc1.2,ok,,,true,true,true,0.13793219151311764,-0.13793219151311764,true,true
30;33;34;36;37,"[30, 33, 34, 36, 37]",5,pll1.2_xf0.8_cc0.8,ok,,,true,true,true,0.13793219145206073,-0.13793219145206073,true,true
30;33;34;36;37,"[30, 33, 34, 36, 37]",5,pll1.2_xf0.8_cc1.2,ok,,,true,true,true,0.13793219144828028,-0.13793219144828028,true,true
30;33;34;36;37,"[30, 33, 34, 36, 37]",5,pll1.2_xf1.2_cc0.8,ok,,,true,true,true,0.13793219147177804,-0.13793219147177804,true,true
30;33;34;36;37,"[30, 33, 34, 36, 37]",5,pll1.2_xf1.2_cc1.2,ok,,,true,true,true,0.1379321914679699,-0.1379321914679699,true,true
32;33;34;36;37,"[32, 33, 34, 36, 37]",5,nominal,ok,,,true,true,true,0.13801988520052977,-0.13801988520052977,true,true
32;33;34;36;37,"[32, 33, 34, 36, 37]",5,pll0.8_xf0.8_cc0.8,ok,,,true,true,true,0.13801988477315785,-0.13801988477315785,true,true
32;33;34;36;37,"[32, 33, 34, 36, 37]",5,pll0.8_xf0.8_cc1.2,ok,,,true,true,true,0.13801988475943333,-0.13801988475943333,true,true
32;33;34;36;37,"[32, 33, 34, 36, 37]",5,pll0.8_xf1.2_cc0.8,ok,,,true,true,true,0.1380198847601629,-0.1380198847601629,true,true
32;33;34;36;37,"[32, 33, 34, 36, 37]",5,pll0.8_xf1.2_cc1.2,ok,,,true,true,true,0.13801988474642052,-0.13801988474642052,true,true
32;33;34;36;37,"[32, 33, 34, 36, 37]",5,pll1.2_xf0.8_cc0.8,ok,,,true,true,true,0.13801988545486474,-0.13801988545486474,true,true
32;33;34;36;37,"[32, 33, 34, 36, 37]",5,pll1.2_xf0.8_cc1.2,ok,,,true,true,true,0.13801988544110327,-0.13801988544110327,true,true
32;33;34;36;37,"[32, 33, 34, 36, 37]",5,pll1.2_xf1.2_cc0.8,ok,,,true,true,true,0.1380198854421747,-0.1380198854421747,true,true
32;33;34;36;37,"[32, 33, 34, 36, 37]",5,pll1.2_xf1.2_cc1.2,ok,,,true,true,true,0.1380198854282015,-0.1380198854282015,true,true
30;32;33;34;36;37,"[30, 32, 33, 34, 36, 37]",6,nominal,ok,,,true,true,true,0.13801992308420177,-0.13801992308420177,true,true
30;32;33;34;36;37,"[30, 32, 33, 34, 36, 37]",6,pll0.8_xf0.8_cc0.8,ok,,,true,true,true,0.13801992269438812,-0.13801992269438812,true,true
30;32;33;34;36;37,"[30, 32, 33, 34, 36, 37]",6,pll0.8_xf0.8_cc1.2,ok,,,true,true,true,0.13801992268496815,-0.13801992268496815,true,true
30;32;33;34;36;37,"[30, 32, 33, 34, 36, 37]",6,pll0.8_xf1.2_cc0.8,ok,,,true,true,true,0.13801992268479513,-0.13801992268479513,true,true
30;32;33;34;36;37,"[30, 32, 33, 34, 36, 37]",6,pll0.8_xf1.2_cc1.2,ok,,,true,true,true,0.1380199226754054,-0.1380199226754054,true,true
30;32;33;34;36;37,"[30, 32, 33, 34, 36, 37]",6,pll1.2_xf0.8_cc0.8,ok,,,true,true,true,0.1380199233115145,-0.1380199233115145,true,true
30;32;33;34;36;37,"[30, 32, 33, 34, 36, 37]",6,pll1.2_xf0.8_cc1.2,ok,,,true,true,true,0.13801992330214488,-0.13801992330214488,true,true
30;32;33;34;36;37,"[30, 32, 33, 34, 36, 37]",6,pll1.2_xf1.2_cc0.8,ok,,,true,true,true,0.13801992330194648,-0.13801992330194648,true,true
30;32;33;34;36;37,"[30, 32, 33, 34, 36, 37]",6,pll1.2_xf1.2_cc1.2,ok,,,true,true,true,0.13801992329259616,-0.13801992329259616,true,true
35;36;37,"[35, 36, 37]",3,nominal,ok,,,true,true,true,0.1379194228353141,-0.1379194228353141,true,true
35;36;37,"[35, 36, 37]",3,pll0.8_xf0.8_cc0.8,ok,,,true,true,true,0.13791942285196732,-0.13791942285196732,true,true
35;36;37,"[35, 36, 37]",3,pll0.8_xf0.8_cc1.2,ok,,,true,true,true,0.13791942284876038,-0.13791942284876038,true,true
35;36;37,"[35, 36, 37]",3,pll0.8_xf1.2_cc0.8,ok,,,true,true,true,0.13791942287282005,-0.13791942287282005,true,true
35;36;37,"[35, 36, 37]",3,pll0.8_xf1.2_cc1.2,ok,,,true,true,true,0.1379194228695762,-0.1379194228695762,true,true
35;36;37,"[35, 36, 37]",3,pll1.2_xf0.8_cc0.8,ok,,,true,true,true,0.13791942281410052,-0.13791942281410052,true,true
35;36;37,"[35, 36, 37]",3,pll1.2_xf0.8_cc1.2,ok,,,true,true,true,0.1379194228108897,-0.1379194228108897,true,true
35;36;37,"[35, 36, 37]",3,pll1.2_xf1.2_cc0.8,ok,,,true,true,true,0.13791942283493083,-0.13791942283493083,true,true
35;36;37,"[35, 36, 37]",3,pll1.2_xf1.2_cc1.2,ok,,,true,true,true,0.13791942283103698,-0.13791942283103698,true,true
30;35;36;37,"[30, 35, 36, 37]",4,nominal,ok,,,true,true,true,0.1379240450123888,-0.1379240450123888,true,true
30;35;36;37,"[30, 35, 36, 37]",4,pll0.8_xf0.8_cc0.8,ok,,,true,true,true,0.13792404503595565,-0.13792404503595565,true,true
30;35;36;37,"[30, 35, 36, 37]",4,pll0.8_xf0.8_cc1.2,ok,,,true,true,true,0.13792404503365974,-0.13792404503365974,true,true
30;35;36;37,"[30, 35, 36, 37]",4,pll0.8_xf1.2_cc0.8,ok,,,true,true,true,0.1379240450570471,-0.1379240450570471,true,true
30;35;36;37,"[30, 35, 36, 37]",4,pll0.8_xf1.2_cc1.2,ok,,,true,true,true,0.13792404505472064,-0.13792404505472064,true,true
30;35;36;37,"[30, 35, 36, 37]",4,pll1.2_xf0.8_cc0.8,ok,,,true,true,true,0.13792404498575053,-0.13792404498575053,true,true
30;35;36;37,"[30, 35, 36, 37]",4,pll1.2_xf0.8_cc1.2,ok,,,true,true,true,0.1379240449834457,-0.1379240449834457,true,true
30;35;36;37,"[30, 35, 36, 37]",4,pll1.2_xf1.2_cc0.8,ok,,,true,true,true,0.13792404500684396,-0.13792404500684396,true,true
30;35;36;37,"[30, 35, 36, 37]",4,pll1.2_xf1.2_cc1.2,ok,,,true,true,true,0.13792404500449554,-0.13792404500449554,true,true
32;35;36;37,"[32, 35, 36, 37]",4,nominal,ok,,,true,true,true,0.13801776223867634,-0.13801776223867634,true,true
32;35;36;37,"[32, 35, 36, 37]",4,pll0.8_xf0.8_cc0.8,ok,,,true,true,true,0.13801776185665143,-0.13801776185665143,true,true
32;35;36;37,"[32, 35, 36, 37]",4,pll0.8_xf0.8_cc1.2,ok,,,true,true,true,0.13801776184528733,-0.13801776184528733,true,true
32;35;36;37,"[32, 35, 36, 37]",4,pll0.8_xf1.2_cc0.8,ok,,,true,true,true,0.13801776184537468,-0.13801776184537468,true,true
32;35;36;37,"[32, 35, 36, 37]",4,pll0.8_xf1.2_cc1.2,ok,,,true,true,true,0.13801776183407727,-0.13801776183407727,true,true
32;35;36;37,"[32, 35, 36, 37]",4,pll1.2_xf0.8_cc0.8,ok,,,true,true,true,0.13801776246495123,-0.13801776246495123,true,true
32;35;36;37,"[32, 35, 36, 37]",4,pll1.2_xf0.8_cc1.2,ok,,,true,true,true,0.13801776245371183,-0.13801776245371183,true,true
32;35;36;37,"[32, 35, 36, 37]",4,pll1.2_xf1.2_cc0.8,ok,,,true,true,true,0.13801776245373162,-0.13801776245373162,true,true
32;35;36;37,"[32, 35, 36, 37]",4,pll1.2_xf1.2_cc1.2,ok,,,true,true,true,0.13801776244250624,-0.13801776244250624,true,true
30;32;35;36;37,"[30, 32, 35, 36, 37]",5,nominal,ok,,,true,true,true,0.13801842993841634,-0.13801842993841634,true,true
30;32;35;36;37,"[30, 32, 35, 36, 37]",5,pll0.8_xf0.8_cc0.8,ok,,,true,true,true,0.1380184296015449,-0.1380184296015449,true,true
30;32;35;36;37,"[30, 32, 35, 36, 37]",5,pll0.8_xf0.8_cc1.2,ok,,,true,true,true,0.13801842959363378,-0.13801842959363378,true,true
30;32;35;36;37,"[30, 32, 35, 36, 37]",5,pll0.8_xf1.2_cc0.8,ok,,,true,true,true,0.13801842959294314,-0.13801842959294314,true,true
30;32;35;36;37,"[30, 32, 35, 36, 37]",5,pll0.8_xf1.2_cc1.2,ok,,,true,true,true,0.138018429585052,-0.138018429585052,true,true
30;32;35;36;37,"[30, 32, 35, 36, 37]",5,pll1.2_xf0.8_cc0.8,ok,,,true,true,true,0.1380184301348935,-0.1380184301348935,true,true
30;32;35;36;37,"[30, 32, 35, 36, 37]",5,pll1.2_xf0.8_cc1.2,ok,,,true,true,true,0.1380184301270109,-0.1380184301270109,true,true
30;32;35;36;37,"[30, 32, 35, 36, 37]",5,pll1.2_xf1.2_cc0.8,ok,,,true,true,true,0.13801843012629358,-0.13801843012629358,true,true
30;32;35;36;37,"[30, 32, 35, 36, 37]",5,pll1.2_xf1.2_cc1.2,ok,,,true,true,true,0.13801843011846787,-0.13801843011846787,true,true
33;35;36;37,"[33, 35, 36, 37]",4,nominal,ok,,,true,true,true,0.13792372904156083,-0.13792372904156083,true,true
33;35;36;37,"[33, 35, 36, 37]",4,pll0.8_xf0.8_cc0.8,ok,,,true,true,true,0.1379237290641432,-0.1379237290641432,true,true
33;35;36;37,"[33, 35, 36, 37]",4,pll0.8_xf0.8_cc1.2,ok,,,true,true,true,0.13792372905706238,-0.13792372905706238,true,true
33;35;36;37,"[33, 35, 36, 37]",4,pll0.8_xf1.2_cc0.8,ok,,,true,true,true,0.1379237290906637,-0.1379237290906637,true,true
33;35;36;37,"[33, 35, 36, 37]",4,pll0.8_xf1.2_cc1.2,ok,,,true,true,true,0.1379237290838185,-0.1379237290838185,true,true
33;35;36;37,"[33, 35, 36, 37]",4,pll1.2_xf0.8_cc0.8,ok,,,true,true,true,0.13792372901489347,-0.13792372901489347,true,true
33;35;36;37,"[33, 35, 36, 37]",4,pll1.2_xf0.8_cc1.2,ok,,,true,true,true,0.13792372900849886,-0.13792372900849886,true,true
33;35;36;37,"[33, 35, 36, 37]",4,pll1.2_xf1.2_cc0.8,ok,,,true,true,true,0.13792372904105699,-0.13792372904105699,true,true
33;35;36;37,"[33, 35, 36, 37]",4,pll1.2_xf1.2_cc1.2,ok,,,true,true,true,0.13792372903524017,-0.13792372903524017,true,true
30;33;35;36;37,"[30, 33, 35, 36, 37]",5,nominal,ok,,,true,true,true,0.1379300007572544,-0.1379300007572544,true,true
30;33;35;36;37,"[30, 33, 35, 36, 37]",5,pll0.8_xf0.8_cc0.8,ok,,,true,true,true,0.13793000079570014,-0.13793000079570014,true,true
30;33;35;36;37,"[30, 33, 35, 36, 37]",5,pll0.8_xf0.8_cc1.2,ok,,,true,true,true,0.13793000079163048,-0.13793000079163048,true,true
30;33;35;36;37,"[30, 33, 35, 36, 37]",5,pll0.8_xf1.2_cc0.8,ok,,,true,true,true,0.13793000081528545,-0.13793000081528545,true,true
30;33;35;36;37,"[30, 33, 35, 36, 37]",5,pll0.8_xf1.2_cc1.2,ok,,,true,true,true,0.13793000081123105,-0.13793000081123105,true,true
30;33;35;36;37,"[30, 33, 35, 36, 37]",5,pll1.2_xf0.8_cc0.8,ok,,,true,true,true,0.13793000072545752,-0.13793000072545752,true,true
30;33;35;36;37,"[30, 33, 35, 36, 37]",5,pll1.2_xf0.8_cc1.2,ok,,,true,true,true,0.13793000072138084,-0.13793000072138084,true,true
30;33;35;36;37,"[30, 33, 35, 36, 37]",5,pll1.2_xf1.2_cc0.8,ok,,,true,true,true,0.13793000074504513,-0.13793000074504513,true,true
30;33;35;36;37,"[30, 33, 35, 36, 37]",5,pll1.2_xf1.2_cc1.2,ok,,,true,true,true,0.13793000074098613,-0.13793000074098613,true,true
32;33;35;36;37,"[32, 33, 35, 36, 37]",5,nominal,ok,,,true,true,true,0.13801955450988254,-0.13801955450988254,true,true
32;33;35;36;37,"[32, 33, 35, 36, 37]",5,pll0.8_xf0.8_cc0.8,ok,,,true,true,true,0.1380195540641185,-0.1380195540641185,true,true
32;33;35;36;37,"[32, 33, 35, 36, 37]",5,pll0.8_xf0.8_cc1.2,ok,,,true,true,true,0.13801955404960986,-0.13801955404960986,true,true
32;33;35;36;37,"[32, 33, 35, 36, 37]",5,pll0.8_xf1.2_cc0.8,ok,,,true,true,true,0.13801955405023306,-0.13801955405023306,true,true
32;33;35;36;37,"[32, 33, 35, 36, 37]",5,pll0.8_xf1.2_cc1.2,ok,,,true,true,true,0.13801955403599442,-0.13801955403599442,true,true
32;33;35;36;37,"[32, 33, 35, 36, 37]",5,pll1.2_xf0.8_cc0.8,ok,,,true,true,true,0.1380195547755005,-0.1380195547755005,true,true
32;33;35;36;37,"[32, 33, 35, 36, 37]",5,pll1.2_xf0.8_cc1.2,ok,,,true,true,true,0.13801955476107242,-0.13801955476107242,true,true
32;33;35;36;37,"[32, 33, 35, 36, 37]",5,pll1.2_xf1.2_cc0.8,ok,,,true,true,true,0.13801955476183989,-0.13801955476183989,true,true
32;33;35;36;37,"[32, 33, 35, 36, 37]",5,pll1.2_xf1.2_cc1.2,ok,,,true,true,true,0.13801955474758013,-0.13801955474758013,true,true
30;32;33;35;36;37,"[30, 32, 33, 35, 36, 37]",6,nominal,ok,,,true,true,true,0.1380195028913436,-0.1380195028913436,true,true
30;32;33;35;36;37,"[30, 32, 33, 35, 36, 37]",6,pll0.8_xf0.8_cc0.8,ok,,,true,true,true,0.13801950250521056,-0.13801950250521056,true,true
30;32;33;35;36;37,"[30, 32, 33, 35, 36, 37]",6,pll0.8_xf0.8_cc1.2,ok,,,true,true,true,0.13801950249842032,-0.13801950249842032,true,true
30;32;33;35;36;37,"[30, 32, 33, 35, 36, 37]",6,pll0.8_xf1.2_cc0.8,ok,,,true,true,true,0.13801950249660028,-0.13801950249660028,true,true
30;32;33;35;36;37,"[30, 32, 33, 35, 36, 37]",6,pll0.8_xf1.2_cc1.2,ok,,,true,true,true,0.1380195024898011,-0.1380195024898011,true,true
30;32;33;35;36;37,"[30, 32, 33, 35, 36, 37]",6,pll1.2_xf0.8_cc0.8,ok,,,true,true,true,0.13801950311331132,-0.13801950311331132,true,true
30;32;33;35;36;37,"[30, 32, 33, 35, 36, 37]",6,pll1.2_xf0.8_cc1.2,ok,,,true,true,true,0.13801950310658007,-0.13801950310658007,true,true
30;32;33;35;36;37,"[30, 32, 33, 35, 36, 37]",6,pll1.2_xf1.2_cc0.8,ok,,,true,true,true,0.13801950310474978,-0.13801950310474978,true,true
30;32;33;35;36;37,"[30, 32, 33, 35, 36, 37]",6,pll1.2_xf1.2_cc1.2,ok,,,true,true,true,0.13801950309798772,-0.13801950309798772,true,true
34;35;36;37,"[34, 35, 36, 37]",4,nominal,ok,,,true,true,true,0.13792510263257454,-0.13792510263257454,true,true
34;35;36;37,"[34, 35, 36, 37]",4,pll0.8_xf0.8_cc0.8,ok,,,true,true,true,0.13792510264119795,-0.13792510264119795,true,true
34;35;36;37,"[34, 35, 36, 37]",4,pll0.8_xf0.8_cc1.2,ok,,,true,true,true,0.13792510263422833,-0.13792510263422833,true,true
34;35;36;37,"[34, 35, 36, 37]",4,pll0.8_xf1.2_cc0.8,ok,,,true,true,true,0.13792510266600644,-0.13792510266600644,true,true
34;35;36;37,"[34, 35, 36, 37]",4,pll0.8_xf1.2_cc1.2,ok,,,true,true,true,0.13792510265702923,-0.13792510265702923,true,true
34;35;36;37,"[34, 35, 36, 37]",4,pll1.2_xf0.8_cc0.8,ok,,,true,true,true,0.13792510261513097,-0.13792510261513097,true,true
34;35;36;37,"[34, 35, 36, 37]",4,pll1.2_xf0.8_cc1.2,ok,,,true,true,true,0.13792510260944904,-0.13792510260944904,true,true
34;35;36;37,"[34, 35, 36, 37]",4,pll1.2_xf1.2_cc0.8,ok,,,true,true,true,0.13792510264181726,-0.13792510264181726,true,true
34;35;36;37,"[34, 35, 36, 37]",4,pll1.2_xf1.2_cc1.2,ok,,,true,true,true,0.13792510263394114,-0.13792510263394114,true,true
30;34;35;36;37,"[30, 34, 35, 36, 37]",5,nominal,ok,,,true,true,true,0.13793246089106956,-0.13793246089106956,true,true
30;34;35;36;37,"[30, 34, 35, 36, 37]",5,pll0.8_xf0.8_cc0.8,ok,,,true,true,true,0.1379324608932671,-0.1379324608932671,true,true
30;34;35;36;37,"[30, 34, 35, 36, 37]",5,pll0.8_xf0.8_cc1.2,ok,,,true,true,true,0.137932460889737,-0.137932460889737,true,true
30;34;35;36;37,"[30, 34, 35, 36, 37]",5,pll0.8_xf1.2_cc0.8,ok,,,true,true,true,0.1379324609168137,-0.1379324609168137,true,true
30;34;35;36;37,"[30, 34, 35, 36, 37]",5,pll0.8_xf1.2_cc1.2,ok,,,true,true,true,0.13793246091326145,-0.13793246091326145,true,true
30;34;35;36;37,"[30, 34, 35, 36, 37]",5,pll1.2_xf0.8_cc0.8,ok,,,true,true,true,0.13793246087526756,-0.13793246087526756,true,true
30;34;35;36;37,"[30, 34, 35, 36, 37]",5,pll1.2_xf0.8_cc1.2,ok,,,true,true,true,0.13793246087172725,-0.13793246087172725,true,true
30;34;35;36;37,"[30, 34, 35, 36, 37]",5,pll1.2_xf1.2_cc0.8,ok,,,true,true,true,0.137932460898818,-0.137932460898818,true,true
30;34;35;36;37,"[30, 34, 35, 36, 37]",5,pll1.2_xf1.2_cc1.2,ok,,,true,true,true,0.13793246089525418,-0.13793246089525418,true,true
32;34;35;36;37,"[32, 34, 35, 36, 37]",5,nominal,ok,,,true,true,true,0.13707976112845727,-0.13707976112845727,true,true
32;34;35;36;37,"[32, 34, 35, 36, 37]",5,pll0.8_xf0.8_cc0.8,ok,,,true,true,true,0.13649850624713344,-0.13649850624713344,true,true
32;34;35;36;37,"[32, 34, 35, 36, 37]",5,pll0.8_xf0.8_cc1.2,ok,,,true,true,true,0.1365074095318455,-0.1365074095318455,true,true
32;34;35;36;37,"[32, 34, 35, 36, 37]",5,pll0.8_xf1.2_cc0.8,ok,,,true,true,true,0.13649906440822665,-0.13649906440822665,true,true
32;34;35;36;37,"[32, 34, 35, 36, 37]",5,pll0.8_xf1.2_cc1.2,ok,,,true,true,true,0.13650646149677992,-0.13650646149677992,true,true
32;34;35;36;37,"[32, 34, 35, 36, 37]",5,pll1.2_xf0.8_cc0.8,ok,,,true,true,true,0.13741303027362214,-0.13741303027362214,true,true
32;34;35;36;37,"[32, 34, 35, 36, 37]",5,pll1.2_xf0.8_cc1.2,ok,,,true,true,true,0.13741962988014728,-0.13741962988014728,true,true
32;34;35;36;37,"[32, 34, 35, 36, 37]",5,pll1.2_xf1.2_cc0.8,ok,,,true,true,true,0.13741183556358894,-0.13741183556358894,true,true
32;34;35;36;37,"[32, 34, 35, 36, 37]",5,pll1.2_xf1.2_cc1.2,ok,,,true,true,true,0.1374177441260039,-0.1374177441260039,true,true
30;32;34;35;36;37,"[30, 32, 34, 35, 36, 37]",6,nominal,ok,,,true,true,true,0.13801974468262754,-0.13801974468262754,true,true
30;32;34;35;36;37,"[30, 32, 34, 35, 36, 37]",6,pll0.8_xf0.8_cc0.8,ok,,,true,true,true,0.13801974429573924,-0.13801974429573924,true,true
30;32;34;35;36;37,"[30, 32, 34, 35, 36, 37]",6,pll0.8_xf0.8_cc1.2,ok,,,true,true,true,0.13801974428848168,-0.13801974428848168,true,true
30;32;34;35;36;37,"[30, 32, 34, 35, 36, 37]",6,pll0.8_xf1.2_cc0.8,ok,,,true,true,true,0.13801974428649472,-0.13801974428649472,true,true
30;32;34;35;36;37,"[30, 32, 34, 35, 36, 37]",6,pll0.8_xf1.2_cc1.2,ok,,,true,true,true,0.13801974427929603,-0.13801974427929603,true,true
30;32;34;35;36;37,"[30, 32, 34, 35, 36, 37]",6,pll1.2_xf0.8_cc0.8,ok,,,true,true,true,0.1380197449058987,-0.1380197449058987,true,true
30;32;34;35;36;37,"[30, 32, 34, 35, 36, 37]",6,pll1.2_xf0.8_cc1.2,ok,,,true,true,true,0.13801974489872787,-0.13801974489872787,true,true
30;32;34;35;36;37,"[30, 32, 34, 35, 36, 37]",6,pll1.2_xf1.2_cc0.8,ok,,,true,true,true,0.13801974489669006,-0.13801974489669006,true,true
30;32;34;35;36;37,"[30, 32, 34, 35, 36, 37]",6,pll1.2_xf1.2_cc1.2,ok,,,true,true,true,0.1380197448895273,-0.1380197448895273,true,true
33;34;35;36;37,"[33, 34, 35, 36, 37]",5,nominal,ok,,,true,true,true,0.1379303040797802,-0.1379303040797802,true,true
33;34;35;36;37,"[33, 34, 35, 36, 37]",5,pll0.8_xf0.8_cc0.8,ok,,,true,true,true,0.13793030409386764,-0.13793030409386764,true,true
33;34;35;36;37,"[33, 34, 35, 36, 37]",5,pll0.8_xf0.8_cc1.2,ok,,,true,true,true,0.13793030404489828,-0.13793030404489828,true,true
33;34;35;36;37,"[33, 34, 35, 36, 37]",5,pll0.8_xf1.2_cc0.8,ok,,,true,true,true,0.137930304156851,-0.137930304156851,true,true
33;34;35;36;37,"[33, 34, 35, 36, 37]",5,pll0.8_xf1.2_cc1.2,ok,,,true,true,true,0.1379303041069825,-0.1379303041069825,true,true
33;34;35;36;37,"[33, 34, 35, 36, 37]",5,pll1.2_xf0.8_cc0.8,ok,,,true,true,true,0.13793030407201098,-0.13793030407201098,true,true
33;34;35;36;37,"[33, 34, 35, 36, 37]",5,pll1.2_xf0.8_cc1.2,ok,,,true,true,true,0.1379303040227023,-0.1379303040227023,true,true
33;34;35;36;37,"[33, 34, 35, 36, 37]",5,pll1.2_xf1.2_cc0.8,ok,,,true,true,true,0.13793030413475477,-0.13793030413475477,true,true
33;34;35;36;37,"[33, 34, 35, 36, 37]",5,pll1.2_xf1.2_cc1.2,ok,,,true,true,true,0.13793030408608048,-0.13793030408608048,true,true
30;33;34;35;36;37,"[30, 33, 34, 35, 36, 37]",6,nominal,ok,,,true,true,true,0.13793756872450957,-0.13793756872450957,true,true
30;33;34;35;36;37,"[30, 33, 34, 35, 36, 37]",6,pll0.8_xf0.8_cc0.8,ok,,,true,true,true,0.13793756891508815,-0.13793756891508815,true,true
30;33;34;35;36;37,"[30, 33, 34, 35, 36, 37]",6,pll0.8_xf0.8_cc1.2,ok,,,true,true,true,0.1379375688772958,-0.1379375688772958,true,true
30;33;34;35;36;37,"[30, 33, 34, 35, 36, 37]",6,pll0.8_xf1.2_cc0.8,ok,,,true,true,true,0.1379375689674394,-0.1379375689674394,true,true
30;33;34;35;36;37,"[30, 33, 34, 35, 36, 37]",6,pll0.8_xf1.2_cc1.2,ok,,,true,true,true,0.13793756892962022,-0.13793756892962022,true,true
30;33;34;35;36;37,"[30, 33, 34, 35, 36, 37]",6,pll1.2_xf0.8_cc0.8,ok,,,true,true,true,0.13793756861898823,-0.13793756861898823,true,true
30;33;34;35;36;37,"[30, 33, 34, 35, 36, 37]",6,pll1.2_xf0.8_cc1.2,ok,,,true,true,true,0.13793756858116746,-0.13793756858116746,true,true
30;33;34;35;36;37,"[30, 33, 34, 35, 36, 37]",6,pll1.2_xf1.2_cc0.8,ok,,,true,true,true,0.13793756867131962,-0.13793756867131962,true,true
30;33;34;35;36;37,"[30, 33, 34, 35, 36, 37]",6,pll1.2_xf1.2_cc1.2,ok,,,true,true,true,0.13793756863349016,-0.13793756863349016,true,true
32;33;34;35;36;37,"[32, 33, 34, 35, 36, 37]",6,nominal,ok,,,true,true,true,0.13802012192331364,-0.13802012192331364,true,true
32;33;34;35;36;37,"[32, 33, 34, 35, 36, 37]",6,pll0.8_xf0.8_cc0.8,ok,,,true,true,true,0.13802012148308404,-0.13802012148308404,true,true
32;33;34;35;36;37,"[32, 33, 34, 35, 36, 37]",6,pll0.8_xf0.8_cc1.2,ok,,,true,true,true,0.13802012147219936,-0.13802012147219936,true,true
32;33;34;35;36;37,"[32, 33, 34, 35, 36, 37]",6,pll0.8_xf1.2_cc0.8,ok,,,true,true,true,0.13802012147154327,-0.13802012147154327,true,true
32;33;34;35;36;37,"[32, 33, 34, 35, 36, 37]",6,pll0.8_xf1.2_cc1.2,ok,,,true,true,true,0.13802012145892062,-0.13802012145892062,true,true
32;33;34;35;36;37,"[32, 33, 34, 35, 36, 37]",6,pll1.2_xf0.8_cc0.8,ok,,,true,true,true,0.13802012218174523,-0.13802012218174523,true,true
32;33;34;35;36;37,"[32, 33, 34, 35, 36, 37]",6,pll1.2_xf0.8_cc1.2,ok,,,true,true,true,0.13802012216980492,-0.13802012216980492,true,true
32;33;34;35;36;37,"[32, 33, 34, 35, 36, 37]",6,pll1.2_xf1.2_cc0.8,ok,,,true,true,true,0.13802012216933024,-0.13802012216933024,true,true
32;33;34;35;36;37,"[32, 33, 34, 35, 36, 37]",6,pll1.2_xf1.2_cc1.2,ok,,,true,true,true,0.13802012215908382,-0.13802012215908382,true,true
30;32;33;34;35;36;37,"[30, 32, 33, 34, 35, 36, 37]",7,nominal,ok,,,true,true,true,0.13801971673385383,-0.13801971673385383,true,true
30;32;33;34;35;36;37,"[30, 32, 33, 34, 35, 36, 37]",7,pll0.8_xf0.8_cc0.8,ok,,,true,true,true,0.13801971639340857,-0.13801971639340857,true,true
30;32;33;34;35;36;37,"[30, 32, 33, 34, 35, 36, 37]",7,pll0.8_xf0.8_cc1.2,ok,,,true,true,true,0.138019716398223,-0.138019716398223,true,true
30;32;33;34;35;36;37,"[30, 32, 33, 34, 35, 36, 37]",7,pll0.8_xf1.2_cc0.8,ok,,,true,true,true,0.1380197163899015,-0.1380197163899015,true,true
30;32;33;34;35;36;37,"[30, 32, 33, 34, 35, 36, 37]",7,pll0.8_xf1.2_cc1.2,ok,,,true,true,true,0.13801971639474264,-0.13801971639474264,true,true
30;32;33;34;35;36;37,"[30, 32, 33, 34, 35, 36, 37]",7,pll1.2_xf0.8_cc0.8,ok,,,true,true,true,0.1380197169156044,-0.1380197169156044,true,true
30;32;33;34;35;36;37,"[30, 32, 33, 34, 35, 36, 37]",7,pll1.2_xf0.8_cc1.2,ok,,,true,true,true,0.13801971692047776,-0.13801971692047776,true,true
30;32;33;34;35;36;37,"[30, 32, 33, 34, 35, 36, 37]",7,pll1.2_xf1.2_cc0.8,ok,,,true,true,true,0.13801971691212173,-0.13801971691212173,true,true
30;32;33;34;35;36;37,"[30, 32, 33, 34, 35, 36, 37]",7,pll1.2_xf1.2_cc1.2,ok,,,true,true,true,0.1380197169169902,-0.1380197169169902,true,true
38,[38],1,nominal,ok,,,true,true,true,0.09857955236646727,-0.09857955236646727,true,true
38,[38],1,pll0.8_xf0.8_cc0.8,ok,,,true,true,true,0.09848695603782204,-0.09848695603782204,true,true
38,[38],1,pll0.8_xf0.8_cc1.2,ok,,,true,true,true,0.0984871158785719,-0.0984871158785719,true,true
38,[38],1,pll0.8_xf1.2_cc0.8,ok,,,true,true,true,0.09848688540914431,-0.09848688540914431,true,true
38,[38],1,pll0.8_xf1.2_cc1.2,ok,,,true,true,true,0.09848704016789886,-0.09848704016789886,true,true
38,[38],1,pll1.2_xf0.8_cc0.8,ok,,,true,true,true,0.09863042580336584,-0.09863042580336584,true,true
38,[38],1,pll1.2_xf0.8_cc1.2,ok,,,true,true,true,0.09863057759186791,-0.09863057759186791,true,true
38,[38],1,pll1.2_xf1.2_cc0.8,ok,,,true,true,true,0.09863034729056322,-0.09863034729056322,true,true
38,[38],1,pll1.2_xf1.2_cc1.2,ok,,,true,true,true,0.09863049711133084,-0.09863049711133084,true,true
30;38,"[30, 38]",2,nominal,ok,,,true,true,true,0.11257957921488496,-0.11257957921488496,true,true
30;38,"[30, 38]",2,pll0.8_xf0.8_cc0.8,ok,,,true,true,true,0.11230263865102759,-0.11230263865102759,true,true
30;38,"[30, 38]",2,pll0.8_xf0.8_cc1.2,ok,,,true,true,true,0.1123029039029805,-0.1123029039029805,true,true
30;38,"[30, 38]",2,pll0.8_xf1.2_cc0.8,ok,,,true,true,true,0.11230250452051807,-0.11230250452051807,true,true
30;38,"[30, 38]",2,pll0.8_xf1.2_cc1.2,ok,,,true,true,true,0.11230279200231044,-0.11230279200231044,true,true
30;38,"[30, 38]",2,pll1.2_xf0.8_cc0.8,ok,,,true,true,true,0.11272883344627788,-0.11272883344627788,true,true
30;38,"[30, 38]",2,pll1.2_xf0.8_cc1.2,ok,,,true,true,true,0.11272912375253125,-0.11272912375253125,true,true
30;38,"[30, 38]",2,pll1.2_xf1.2_cc0.8,ok,,,true,true,true,0.11272872037618906,-0.11272872037618906,true,true
30;38,"[30, 38]",2,pll1.2_xf1.2_cc1.2,ok,,,true,true,true,0.11272902214949396,-0.11272902214949396,true,true
32;38,"[32, 38]",2,nominal,ok,,,true,true,true,0.09850632149922282,-0.09850632149922282,true,true
32;38,"[32, 38]",2,pll0.8_xf0.8_cc0.8,ok,,,true,true,true,0.09839824486488205,-0.09839824486488205,true,true
32;38,"[32, 38]",2,pll0.8_xf0.8_cc1.2,ok,,,true,true,true,0.09839841331991228,-0.09839841331991228,true,true
32;38,"[32, 38]",2,pll0.8_xf1.2_cc0.8,ok,,,true,true,true,0.09839817447642828,-0.09839817447642828,true,true
32;38,"[32, 38]",2,pll0.8_xf1.2_cc1.2,ok,,,true,true,true,0.09839833561642217,-0.09839833561642217,true,true
32;38,"[32, 38]",2,pll1.2_xf0.8_cc0.8,ok,,,true,true,true,0.098566000600786,-0.098566000600786,true,true
32;38,"[32, 38]",2,pll1.2_xf0.8_cc1.2,ok,,,true,true,true,0.09856615738457122,-0.09856615738457122,true,true
32;38,"[32, 38]",2,pll1.2_xf1.2_cc0.8,ok,,,true,true,true,0.0985659192388132,-0.0985659192388132,true,true
32;38,"[32, 38]",2,pll1.2_xf1.2_cc1.2,ok,,,true,true,true,0.09856607317648648,-0.09856607317648648,true,true
30;32;38,"[30, 32, 38]",3,nominal,ok,,,true,true,true,0.11357588241364064,-0.11357588241364064,true,true
30;32;38,"[30, 32, 38]",3,pll0.8_xf0.8_cc0.8,ok,,,true,true,true,0.11326580606409144,-0.11326580606409144,true,true
30;32;38,"[30, 32, 38]",3,pll0.8_xf0.8_cc1.2,ok,,,true,true,true,0.11326601808856959,-0.11326601808856959,true,true
30;32;38,"[30, 32, 38]",3,pll0.8_xf1.2_cc0.8,ok,,,true,true,true,0.11326567898199927,-0.11326567898199927,true,true
30;32;38,"[30, 32, 38]",3,pll0.8_xf1.2_cc1.2,ok,,,true,true,true,0.11326592063465946,-0.11326592063465946,true,true
30;32;38,"[30, 32, 38]",3,pll1.2_xf0.8_cc0.8,ok,,,true,true,true,0.11374247762327801,-0.11374247762327801,true,true
30;32;38,"[30, 32, 38]",3,pll1.2_xf0.8_cc1.2,ok,,,true,true,true,0.11374272503443525,-0.11374272503443525,true,true
30;32;38,"[30, 32, 38]",3,pll1.2_xf1.2_cc0.8,ok,,,true,true,true,0.11374238022795093,-0.11374238022795093,true,true
30;32;38,"[30, 32, 38]",3,pll1.2_xf1.2_cc1.2,ok,,,true,true,true,0.11374264265447653,-0.11374264265447653,true,true
33;38,"[33, 38]",2,nominal,ok,,,true,true,true,0.0997703255249548,-0.0997703255249548,true,true
33;38,"[33, 38]",2,pll0.8_xf0.8_cc0.8,ok,,,true,true,true,0.09963276591860894,-0.09963276591860894,true,true
33;38,"[33, 38]",2,pll0.8_xf0.8_cc1.2,ok,,,true,true,true,0.09963293938374279,-0.09963293938374279,true,true
33;38,"[33, 38]",2,pll0.8_xf1.2_cc0.8,ok,,,true,true,true,0.099632684708134,-0.099632684708134,true,true
33;38,"[33, 38]",2,pll0.8_xf1.2_cc1.2,ok,,,true,true,true,0.09963285341088193,-0.09963285341088193,true,true
33;38,"[33, 38]",2,pll1.2_xf0.8_cc0.8,ok,,,true,true,true,0.09984600802151117,-0.09984600802151117,true,true
33;38,"[33, 38]",2,pll1.2_xf0.8_cc1.2,ok,,,true,true,true,0.09984617336339649,-0.09984617336339649,true,true
33;38,"[33, 38]",2,pll1.2_xf1.2_cc0.8,ok,,,true,true,true,0.09984591887638765,-0.09984591887638765,true,true
33;38,"[33, 38]",2,pll1.2_xf1.2_cc1.2,ok,,,true,true,true,0.09984608265185135,-0.09984608265185135,true,true
30;33;38,"[30, 33, 38]",3,nominal,ok,,,true,true,true,0.12122594560231417,-0.12122594560231417,true,true
30;33;38,"[30, 33, 38]",3,pll0.8_xf0.8_cc0.8,ok,,,true,true,true,0.12081362050635004,-0.12081362050635004,true,true
30;33;38,"[30, 33, 38]",3,pll0.8_xf0.8_cc1.2,ok,,,true,true,true,0.12081359889101256,-0.12081359889101256,true,true
30;33;38,"[30, 33, 38]",3,pll0.8_xf1.2_cc0.8,ok,,,true,true,true,0.12081346238896266,-0.12081346238896266,true,true
30;33;38,"[30, 33, 38]",3,pll0.8_xf1.2_cc1.2,ok,,,true,true,true,0.12081352600433846,-0.12081352600433846,true,true
30;33;38,"[30, 33, 38]",3,pll1.2_xf0.8_cc0.8,ok,,,true,true,true,0.12144349122972282,-0.12144349122972282,true,true
30;33;38,"[30, 33, 38]",3,pll1.2_xf0.8_cc1.2,ok,,,true,true,true,0.12144358489045498,-0.12144358489045498,true,true
30;33;38,"[30, 33, 38]",3,pll1.2_xf1.2_cc0.8,ok,,,true,true,true,0.12144342957993577,-0.12144342957993577,true,true
30;33;38,"[30, 33, 38]",3,pll1.2_xf1.2_cc1.2,ok,,,true,true,true,0.12144356338503384,-0.12144356338503384,true,true
32;33;38,"[32, 33, 38]",3,nominal,ok,,,true,true,true,0.09970332523798608,-0.09970332523798608,true,true
32;33;38,"[32, 33, 38]",3,pll0.8_xf0.8_cc0.8,ok,,,true,true,true,0.09953828733389672,-0.09953828733389672,true,true
32;33;38,"[32, 33, 38]",3,pll0.8_xf0.8_cc1.2,ok,,,true,true,true,0.09953847439607519,-0.09953847439607519,true,true
32;33;38,"[32, 33, 38]",3,pll0.8_xf1.2_cc0.8,ok,,,true,true,true,0.0995382063241052,-0.0995382063241052,true,true
32;33;38,"[32, 33, 38]",3,pll0.8_xf1.2_cc1.2,ok,,,true,true,true,0.09953838530197161,-0.09953838530197161,true,true
32;33;38,"[32, 33, 38]",3,pll1.2_xf0.8_cc0.8,ok,,,true,true,true,0.0997947009284656,-0.0997947009284656,true,true
32;33;38,"[32, 33, 38]",3,pll1.2_xf0.8_cc1.2,ok,,,true,true,true,0.0997948741410081,-0.0997948741410081,true,true
32;33;38,"[32, 33, 38]",3,pll1.2_xf1.2_cc0.8,ok,,,true,true,true,0.09979460756603997,-0.09979460756603997,true,true
32;33;38,"[32, 33, 38]",3,pll1.2_xf1.2_cc1.2,ok,,,true,true,true,0.09979477796500388,-0.09979477796500388,true,true
30;32;33;38,"[30, 32, 33, 38]",4,nominal,ok,,,true,true,true,0.12322619502080073,-0.12322619502080073,true,true
30;32;33;38,"[30, 32, 33, 38]",4,pll0.8_xf0.8_cc0.8,ok,,,true,true,true,0.12278643682588056,-0.12278643682588056,true,true
30;32;33;38,"[30, 32, 33, 38]",4,pll0.8_xf0.8_cc1.2,ok,,,true,true,true,0.12278624554003931,-0.12278624554003931,true,true
30;32;33;38,"[30, 32, 33, 38]",4,pll0.8_xf1.2_cc0.8,ok,,,true,true,true,0.12278627663463526,-0.12278627663463526,true,true
30;32;33;38,"[30, 32, 33, 38]",4,pll0.8_xf1.2_cc1.2,ok,,,true,true,true,0.12278619810225924,-0.12278619810225924,true,true
30;32;33;38,"[30, 32, 33, 38]",4,pll1.2_xf0.8_cc0.8,ok,,,true,true,true,0.12345520319440564,-0.12345520319440564,true,true
30;32;33;38,"[30, 32, 33, 38]",4,pll1.2_xf0.8_cc1.2,ok,,,true,true,true,0.12345517492828707,-0.12345517492828707,true,true
30;32;33;38,"[30, 32, 33, 38]",4,pll1.2_xf1.2_cc0.8,ok,,,true,true,true,0.12345517103677726,-0.12345517103677726,true,true
30;32;33;38,"[30, 32, 33, 38]",4,pll1.2_xf1.2_cc1.2,ok,,,true,true,true,0.12345519456468182,-0.12345519456468182,true,true
34;38,"[34, 38]",2,nominal,ok,,,true,true,true,0.09811668308093878,-0.09811668308093878,true,true
34;38,"[34, 38]",2,pll0.8_xf0.8_cc0.8,ok,,,true,true,true,0.09803788839823949,-0.09803788839823949,true,true
34;38,"[34, 38]",2,pll0.8_xf0.8_cc1.2,ok,,,true,true,true,0.09803806957580259,-0.09803806957580259,true,true
34;38,"[34, 38]",2,pll0.8_xf1.2_cc0.8,ok,,,true,true,true,0.09803780750821386,-0.09803780750821386,true,true
34;38,"[34, 38]",2,pll0.8_xf1.2_cc1.2,ok,,,true,true,true,0.0980379811051759,-0.0980379811051759,true,true
34;38,"[34, 38]",2,pll1.2_xf0.8_cc0.8,ok,,,true,true,true,0.09816012545615255,-0.09816012545615255,true,true
34;38,"[34, 38]",2,pll1.2_xf0.8_cc1.2,ok,,,true,true,true,0.09816029587387731,-0.09816029587387731,true,true
34;38,"[34, 38]",2,pll1.2_xf1.2_cc0.8,ok,,,true,true,true,0.0981600333478187,-0.0981600333478187,true,true
34;38,"[34, 38]",2,pll1.2_xf1.2_cc1.2,ok,,,true,true,true,0.09816020060503736,-0.09816020060503736,true,true
30;34;38,"[30, 34, 38]",3,nominal,ok,,,true,true,true,0.10394150546951911,-0.10394150546951911,true,true
30;34;38,"[30, 34, 38]",3,pll0.8_xf0.8_cc0.8,ok,,,true,true,true,0.10382065165197354,-0.10382065165197354,true,true
30;34;38,"[30, 34, 38]",3,pll0.8_xf0.8_cc1.2,ok,,,true,true,true,0.1038213549971794,-0.1038213549971794,true,true
30;34;38,"[30, 34, 38]",3,pll0.8_xf1.2_cc0.8,ok,,,true,true,true,0.10382041465447109,-0.10382041465447109,true,true
30;34;38,"[30, 34, 38]",3,pll0.8_xf1.2_cc1.2,ok,,,true,true,true,0.10382108185258988,-0.10382108185258988,true,true
30;34;38,"[30, 34, 38]",3,pll1.2_xf0.8_cc0.8,ok,,,true,true,true,0.10400757340489523,-0.10400757340489523,true,true
30;34;38,"[30, 34, 38]",3,pll1.2_xf0.8_cc1.2,ok,,,true,true,true,0.10400821962563496,-0.10400821962563496,true,true
30;34;38,"[30, 34, 38]",3,pll1.2_xf1.2_cc0.8,ok,,,true,true,true,0.10400729008161645,-0.10400729008161645,true,true
30;34;38,"[30, 34, 38]",3,pll1.2_xf1.2_cc1.2,ok,,,true,true,true,0.10400792102028304,-0.10400792102028304,true,true
32;34;38,"[32, 34, 38]",3,nominal,ok,,,true,true,true,0.09791816036613923,-0.09791816036613923,true,true
32;34;38,"[32, 34, 38]",3,pll0.8_xf0.8_cc0.8,ok,,,true,true,true,0.09782698506691138,-0.09782698506691138,true,true
32;34;38,"[32, 34, 38]",3,pll0.8_xf0.8_cc1.2,ok,,,true,true,true,0.09782717995023486,-0.09782717995023486,true,true
32;34;38,"[32, 34, 38]",3,pll0.8_xf1.2_cc0.8,ok,,,true,true,true,0.09782690415826734,-0.09782690415826734,true,true
32;34;38,"[32, 34, 38]",3,pll0.8_xf1.2_cc1.2,ok,,,true,true,true,0.09782708829431169,-0.09782708829431169,true,true
32;34;38,"[32, 34, 38]",3,pll1.2_xf0.8_cc0.8,ok,,,true,true,true,0.09796877283255508,-0.09796877283255508,true,true
32;34;38,"[32, 34, 38]",3,pll1.2_xf0.8_cc1.2,ok,,,true,true,true,0.09796895214906715,-0.09796895214906715,true,true
32;34;38,"[32, 34, 38]",3,pll1.2_xf1.2_cc0.8,ok,,,true,true,true,0.09796867644380161,-0.09796867644380161,true,true
32;34;38,"[32, 34, 38]",3,pll1.2_xf1.2_cc1.2,ok,,,true,true,true,0.09796885126465782,-0.09796885126465782,true,true
30;32;34;38,"[30, 32, 34, 38]",4,nominal,ok,,,true,true,true,0.10382199531928632,-0.10382199531928632,true,true
30;32;34;38,"[30, 32, 34, 38]",4,pll0.8_xf0.8_cc0.8,ok,,,true,true,true,0.10367837410488846,-0.10367837410488846,true,true
30;32;34;38,"[30, 32, 34, 38]",4,pll0.8_xf0.8_cc1.2,ok,,,true,true,true,0.10367910531332183,-0.10367910531332183,true,true
30;32;34;38,"[30, 32, 34, 38]",4,pll0.8_xf1.2_cc0.8,ok,,,true,true,true,0.10367814564951153,-0.10367814564951153,true,true
30;32;34;38,"[30, 32, 34, 38]",4,pll0.8_xf1.2_cc1.2,ok,,,true,true,true,0.10367883569311898,-0.10367883569311898,true,true
30;32;34;38,"[30, 32, 34, 38]",4,pll1.2_xf0.8_cc0.8,ok,,,true,true,true,0.10390073655605303,-0.10390073655605303,true,true
30;32;34;38,"[30, 32, 34, 38]",4,pll1.2_xf0.8_cc1.2,ok,,,true,true,true,0.10390140210570567,-0.10390140210570567,true,true
30;32;34;38,"[30, 32, 34, 38]",4,pll1.2_xf1.2_cc0.8,ok,,,true,true,true,0.10390045479002416,-0.10390045479002416,true,true
30;32;34;38,"[30, 32, 34, 38]",4,pll1.2_xf1.2_cc1.2,ok,,,true,true,true,0.10390110302720457,-0.10390110302720457,true,true
33;34;38,"[33, 34, 38]",3,nominal,ok,,,true,true,true,0.10011908266515508,-0.10011908266515508,true,true
33;34;38,"[33, 34, 38]",3,pll0.8_xf0.8_cc0.8,ok,,,true,true,true,0.09994424909682177,-0.09994424909682177,true,true
33;34;38,"[33, 34, 38]",3,pll0.8_xf0.8_cc1.2,ok,,,true,true,true,0.09994441254417216,-0.09994441254417216,true,true
33;34;38,"[33, 34, 38]",3,pll0.8_xf1.2_cc0.8,ok,,,true,true,true,0.09994416585781374,-0.09994416585781374,true,true
33;34;38,"[33, 34, 38]",3,pll0.8_xf1.2_cc1.2,ok,,,true,true,true,0.09994432713966525,-0.09994432713966525,true,true
33;34;38,"[33, 34, 38]",3,pll1.2_xf0.8_cc0.8,ok,,,true,true,true,0.1002156644574273,-0.1002156644574273,true,true
33;34;38,"[33, 34, 38]",3,pll1.2_xf0.8_cc1.2,ok,,,true,true,true,0.1002158222253345,-0.1002158222253345,true,true
33;34;38,"[33, 34, 38]",3,pll1.2_xf1.2_cc0.8,ok,,,true,true,true,0.10021557560150757,-0.10021557560150757,true,true
33;34;38,"[33, 34, 38]",3,pll1.2_xf1.2_cc1.2,ok,,,true,true,true,0.10021573340157505,-0.10021573340157505,true,true
30;33;34;38,"[30, 33, 34, 38]",4,nominal,ok,,,true,true,true,0.1205076499404695,-0.1205076499404695,true,true
30;33;34;38,"[30, 33, 34, 38]",4,pll0.8_xf0.8_cc0.8,ok,,,true,true,true,0.12017202827348639,-0.12017202827348639,true,true
30;33;34;38,"[30, 33, 34, 38]",4,pll0.8_xf0.8_cc1.2,ok,,,true,true,true,0.1201719029510407,-0.1201719029510407,true,true
30;33;34;38,"[30, 33, 34, 38]",4,pll0.8_xf1.2_cc0.8,ok,,,true,true,true,0.1201718235448048,-0.1201718235448048,true,true
30;33;34;38,"[30, 33, 34, 38]",4,pll0.8_xf1.2_cc1.2,ok,,,true,true,true,0.12017180047332837,-0.12017180047332837,true,true
30;33;34;38,"[30, 33, 34, 38]",4,pll1.2_xf0.8_cc0.8,ok,,,true,true,true,0.1206825258003285,-0.1206825258003285,true,true
30;33;34;38,"[30, 33, 34, 38]",4,pll1.2_xf0.8_cc1.2,ok,,,true,true,true,0.1206825556308953,-0.1206825556308953,true,true
30;33;34;38,"[30, 33, 34, 38]",4,pll1.2_xf1.2_cc0.8,ok,,,true,true,true,0.12068243544037029,-0.12068243544037029,true,true
30;33;34;38,"[30, 33, 34, 38]",4,pll1.2_xf1.2_cc1.2,ok,,,true,true,true,0.1206825116121066,-0.1206825116121066,true,true
32;33;34;38,"[32, 33, 34, 38]",4,nominal,ok,,,true,true,true,0.10007685783683284,-0.10007685783683284,true,true
32;33;34;38,"[32, 33, 34, 38]",4,pll0.8_xf0.8_cc0.8,ok,,,true,true,true,0.09987146738795973,-0.09987146738795973,true,true
32;33;34;38,"[32, 33, 34, 38]",4,pll0.8_xf0.8_cc1.2,ok,,,true,true,true,0.099871646534956,-0.099871646534956,true,true
32;33;34;38,"[32, 33, 34, 38]",4,pll0.8_xf1.2_cc0.8,ok,,,true,true,true,0.09987138655807287,-0.09987138655807287,true,true
32;33;34;38,"[32, 33, 34, 38]",4,pll0.8_xf1.2_cc1.2,ok,,,true,true,true,0.09987155921623489,-0.09987155921623489,true,true
32;33;34;38,"[32, 33, 34, 38]",4,pll1.2_xf0.8_cc0.8,ok,,,true,true,true,0.10019112564430907,-0.10019112564430907,true,true
32;33;34;38,"[32, 33, 34, 38]",4,pll1.2_xf0.8_cc1.2,ok,,,true,true,true,0.10019129127766671,-0.10019129127766671,true,true
32;33;34;38,"[32, 33, 34, 38]",4,pll1.2_xf1.2_cc0.8,ok,,,true,true,true,0.10019103378996103,-0.10019103378996103,true,true
32;33;34;38,"[32, 33, 34, 38]",4,pll1.2_xf1.2_cc1.2,ok,,,true,true,true,0.10019119783815494,-0.10019119783815494,true,true
30;32;33;34;38,"[30, 32, 33, 34, 38]",5,nominal,ok,,,true,true,true,0.12203017994739143,-0.12203017994739143,true,true
30;32;33;34;38,"[30, 32, 33, 34, 38]",5,pll0.8_xf0.8_cc0.8,ok,,,true,true,true,0.12167901314661184,-0.12167901314661184,true,true
30;32;33;34;38,"[30, 32, 33, 34, 38]",5,pll0.8_xf0.8_cc1.2,ok,,,true,true,true,0.12167877895668688,-0.12167877895668688,true,true
30;32;33;34;38,"[30, 32, 33, 34, 38]",5,pll0.8_xf1.2_cc0.8,ok,,,true,true,true,0.12167880055677358,-0.12167880055677358,true,true
30;32;33;34;38,"[30, 32, 33, 34, 38]",5,pll0.8_xf1.2_cc1.2,ok,,,true,true,true,0.12167868618149043,-0.12167868618149043,true,true
30;32;33;34;38,"[30, 32, 33, 34, 38]",5,pll1.2_xf0.8_cc0.8,ok,,,true,true,true,0.12221156354790899,-0.12221156354790899,true,true
30;32;33;34;38,"[30, 32, 33, 34, 38]",5,pll1.2_xf0.8_cc1.2,ok,,,true,true,true,0.12221151793397836,-0.12221151793397836,true,true
30;32;33;34;38,"[30, 32, 33, 34, 38]",5,pll1.2_xf1.2_cc0.8,ok,,,true,true,true,0.122211486190155,-0.122211486190155,true,true
30;32;33;34;38,"[30, 32, 33, 34, 38]",5,pll1.2_xf1.2_cc1.2,ok,,,true,true,true,0.12221149416661922,-0.12221149416661922,true,true
35;38,"[35, 38]",2,nominal,ok,,,true,true,true,0.09966576064656102,-0.09966576064656102,true,true
35;38,"[35, 38]",2,pll0.8_xf0.8_cc0.8,ok,,,true,true,true,0.09954874511883638,-0.09954874511883638,true,true
35;38,"[35, 38]",2,pll0.8_xf0.8_cc1.2,ok,,,true,true,true,0.09954889262473143,-0.09954889262473143,true,true
35;38,"[35, 38]",2,pll0.8_xf1.2_cc0.8,ok,,,true,true,true,0.09954867725090749,-0.09954867725090749,true,true
35;38,"[35, 38]",2,pll0.8_xf1.2_cc1.2,ok,,,true,true,true,0.09954882284798847,-0.09954882284798847,true,true
35;38,"[35, 38]",2,pll1.2_xf0.8_cc0.8,ok,,,true,true,true,0.09972983239101424,-0.09972983239101424,true,true
35;38,"[35, 38]",2,pll1.2_xf0.8_cc1.2,ok,,,true,true,true,0.09972997603677575,-0.09972997603677575,true,true
35;38,"[35, 38]",2,pll1.2_xf1.2_cc0.8,ok,,,true,true,true,0.09972976064348085,-0.09972976064348085,true,true
35;38,"[35, 38]",2,pll1.2_xf1.2_cc1.2,ok,,,true,true,true,0.09972990389033386,-0.09972990389033386,true,true
30;35;38,"[30, 35, 38]",3,nominal,ok,,,true,true,true,0.12065731341326115,-0.12065731341326115,true,true
30;35;38,"[30, 35, 38]",3,pll0.8_xf0.8_cc0.8,ok,,,true,true,true,0.12058314600897646,-0.12058314600897646,true,true
30;35;38,"[30, 35, 38]",3,pll0.8_xf0.8_cc1.2,ok,,,true,true,true,0.12058291629110687,-0.12058291629110687,true,true
30;35;38,"[30, 35, 38]",3,pll0.8_xf1.2_cc0.8,ok,,,true,true,true,0.1205830795982242,-0.1205830795982242,true,true
30;35;38,"[30, 35, 38]",3,pll0.8_xf1.2_cc1.2,ok,,,true,true,true,0.12058292956779197,-0.12058292956779197,true,true
30;35;38,"[30, 35, 38]",3,pll1.2_xf0.8_cc0.8,ok,,,true,true,true,0.12069405713374654,-0.12069405713374654,true,true
30;35;38,"[30, 35, 38]",3,pll1.2_xf0.8_cc1.2,ok,,,true,true,true,0.1206939626941112,-0.1206939626941112,true,true
30;35;38,"[30, 35, 38]",3,pll1.2_xf1.2_cc0.8,ok,,,true,true,true,0.12069407842704201,-0.12069407842704201,true,true
30;35;38,"[30, 35, 38]",3,pll1.2_xf1.2_cc1.2,ok,,,true,true,true,0.12069401789688419,-0.12069401789688419,true,true
32;35;38,"[32, 35, 38]",3,nominal,ok,,,true,true,true,0.09968786806741978,-0.09968786806741978,true,true
32;35;38,"[32, 35, 38]",3,pll0.8_xf0.8_cc0.8,ok,,,true,true,true,0.09954817062492761,-0.09954817062492761,true,true
32;35;38,"[32, 35, 38]",3,pll0.8_xf0.8_cc1.2,ok,,,true,true,true,0.09954832396646003,-0.09954832396646003,true,true
32;35;38,"[32, 35, 38]",3,pll0.8_xf1.2_cc0.8,ok,,,true,true,true,0.09954810327995026,-0.09954810327995026,true,true
32;35;38,"[32, 35, 38]",3,pll0.8_xf1.2_cc1.2,ok,,,true,true,true,0.09954825306784904,-0.09954825306784904,true,true
32;35;38,"[32, 35, 38]",3,pll1.2_xf0.8_cc0.8,ok,,,true,true,true,0.09976469071065958,-0.09976469071065958,true,true
32;35;38,"[32, 35, 38]",3,pll1.2_xf0.8_cc1.2,ok,,,true,true,true,0.0997648370547107,-0.0997648370547107,true,true
32;35;38,"[32, 35, 38]",3,pll1.2_xf1.2_cc0.8,ok,,,true,true,true,0.09976461733163873,-0.09976461733163873,true,true
32;35;38,"[32, 35, 38]",3,pll1.2_xf1.2_cc1.2,ok,,,true,true,true,0.09976476273637533,-0.09976476273637533,true,true
30;32;35;38,"[30, 32, 35, 38]",4,nominal,ok,,,true,true,true,0.12143954106922351,-0.12143954106922351,true,true
30;32;35;38,"[30, 32, 35, 38]",4,pll0.8_xf0.8_cc0.8,ok,,,true,true,true,0.12139696620160409,-0.12139696620160409,true,true
30;32;35;38,"[30, 32, 35, 38]",4,pll0.8_xf0.8_cc1.2,ok,,,true,true,true,0.12139672059758572,-0.12139672059758572,true,true
30;32;35;38,"[30, 32, 35, 38]",4,pll0.8_xf1.2_cc0.8,ok,,,true,true,true,0.12139689662603623,-0.12139689662603623,true,true
30;32;35;38,"[30, 32, 35, 38]",4,pll0.8_xf1.2_cc1.2,ok,,,true,true,true,0.12139672860771693,-0.12139672860771693,true,true
30;32;35;38,"[30, 32, 35, 38]",4,pll1.2_xf0.8_cc0.8,ok,,,true,true,true,0.12145981432182573,-0.12145981432182573,true,true
30;32;35;38,"[30, 32, 35, 38]",4,pll1.2_xf0.8_cc1.2,ok,,,true,true,true,0.12145970446861679,-0.12145970446861679,true,true
30;32;35;38,"[30, 32, 35, 38]",4,pll1.2_xf1.2_cc0.8,ok,,,true,true,true,0.12145983132144121,-0.12145983132144121,true,true
30;32;35;38,"[30, 32, 35, 38]",4,pll1.2_xf1.2_cc1.2,ok,,,true,true,true,0.12145975427612982,-0.12145975427612982,true,true
33;35;38,"[33, 35, 38]",3,nominal,ok,,,true,true,true,0.10177410050618853,-0.10177410050618853,true,true
33;35;38,"[33, 35, 38]",3,pll0.8_xf0.8_cc0.8,ok,,,true,true,true,0.10145878521537985,-0.10145878521537985,true,true
33;35;38,"[33, 35, 38]",3,pll0.8_xf0.8_cc1.2,ok,,,true,true,true,0.10145907289180245,-0.10145907289180245,true,true
33;35;38,"[33, 35, 38]",3,pll0.8_xf1.2_cc0.8,ok,,,true,true,true,0.1014586820512273,-0.1014586820512273,true,true
33;35;38,"[33, 35, 38]",3,pll0.8_xf1.2_cc1.2,ok,,,true,true,true,0.10145895169820948,-0.10145895169820948,true,true
33;35;38,"[33, 35, 38]",3,pll1.2_xf0.8_cc0.8,ok,,,true,true,true,0.10195084427431607,-0.10195084427431607,true,true
33;35;38,"[33, 35, 38]",3,pll1.2_xf0.8_cc1.2,ok,,,true,true,true,0.10195110186047099,-0.10195110186047099,true,true
33;35;38,"[33, 35, 38]",3,pll1.2_xf1.2_cc0.8,ok,,,true,true,true,0.101950715650835,-0.101950715650835,true,true
33;35;38,"[33, 35, 38]",3,pll1.2_xf1.2_cc1.2,ok,,,true,true,true,0.10195096701729894,-0.10195096701729894,true,true
30;33;35;38,"[30, 33, 35, 38]",4,nominal,ok,,,true,true,true,0.13327079228565253,-0.13327079228565253,true,true
30;33;35;38,"[30, 33, 35, 38]",4,pll0.8_xf0.8_cc0.8,ok,,,true,true,true,0.13153575979715937,-0.13153575979715937,true,true
30;33;35;38,"[30, 33, 35, 38]",4,pll0.8_xf0.8_cc1.2,ok,,,true,true,true,0.13153680580559468,-0.13153680580559468,true,true
30;33;35;38,"[30, 33, 35, 38]",4,pll0.8_xf1.2_cc0.8,ok,,,true,true,true,0.1315355931608485,-0.1315355931608485,true,true
30;33;35;38,"[30, 33, 35, 38]",4,pll0.8_xf1.2_cc1.2,ok,,,true,true,true,0.1315365972624552,-0.1315365972624552,true,true
30;33;35;38,"[30, 33, 35, 38]",4,pll1.2_xf0.8_cc0.8,ok,,,true,true,true,0.1342416927589147,-0.1342416927589147,true,true
30;33;35;38,"[30, 33, 35, 38]",4,pll1.2_xf0.8_cc1.2,ok,,,true,true,true,0.13424257768949066,-0.13424257768949066,true,true
30;33;35;38,"[30, 33, 35, 38]",4,pll1.2_xf1.2_cc0.8,ok,,,true,true,true,0.13424148148781298,-0.13424148148781298,true,true
30;33;35;38,"[30, 33, 35, 38]",4,pll1.2_xf1.2_cc1.2,ok,,,true,true,true,0.13424236967511682,-0.13424236967511682,true,true
32;33;35;38,"[32, 33, 35, 38]",4,nominal,ok,,,true,true,true,0.10143011393886245,-0.10143011393886245,true,true
32;33;35;38,"[32, 33, 35, 38]",4,pll0.8_xf0.8_cc0.8,ok,,,true,true,true,0.10104806292434898,-0.10104806292434898,true,true
32;33;35;38,"[32, 33, 35, 38]",4,pll0.8_xf0.8_cc1.2,ok,,,true,true,true,0.10104842986127378,-0.10104842986127378,true,true
32;33;35;38,"[32, 33, 35, 38]",4,pll0.8_xf1.2_cc0.8,ok,,,true,true,true,0.10104796721216766,-0.10104796721216766,true,true
32;33;35;38,"[32, 33, 35, 38]",4,pll0.8_xf1.2_cc1.2,ok,,,true,true,true,0.10104829766803257,-0.10104829766803257,true,true
32;33;35;38,"[32, 33, 35, 38]",4,pll1.2_xf0.8_cc0.8,ok,,,true,true,true,0.10164752063825405,-0.10164752063825405,true,true
32;33;35;38,"[32, 33, 35, 38]",4,pll1.2_xf0.8_cc1.2,ok,,,true,true,true,0.10164782841753683,-0.10164782841753683,true,true
32;33;35;38,"[32, 33, 35, 38]",4,pll1.2_xf1.2_cc0.8,ok,,,true,true,true,0.10164737664746612,-0.10164737664746612,true,true
32;33;35;38,"[32, 33, 35, 38]",4,pll1.2_xf1.2_cc1.2,ok,,,true,true,true,0.10164767041048453,-0.10164767041048453,true,true
30;32;33;35;38,"[30, 32, 33, 35, 38]",5,nominal,ok,,,true,true,true,0.13753020252189824,-0.13753020252189824,true,true
30;32;33;35;38,"[30, 32, 33, 35, 38]",5,pll0.8_xf0.8_cc0.8,ok,,,true,true,true,0.1350091134106005,-0.1350091134106005,true,true
30;32;33;35;38,"[30, 32, 33, 35, 38]",5,pll0.8_xf0.8_cc1.2,ok,,,true,true,true,0.13501026482919878,-0.13501026482919878,true,true
30;32;33;35;38,"[30, 32, 33, 35, 38]",5,pll0.8_xf1.2_cc0.8,ok,,,true,true,true,0.13500905714173664,-0.13500905714173664,true,true
30;32;33;35;38,"[30, 32, 33, 35, 38]",5,pll0.8_xf1.2_cc1.2,ok,,,true,true,true,0.13501014673844802,-0.13501014673844802,true,true
30;32;33;35;38,"[30, 32, 33, 35, 38]",5,pll1.2_xf0.8_cc0.8,ok,,,true,true,true,0.13805072303782345,-0.13805072303782345,true,true
30;32;33;35;38,"[30, 32, 33, 35, 38]",5,pll1.2_xf0.8_cc1.2,ok,,,true,true,true,0.13805072299045787,-0.13805072299045787,true,true
30;32;33;35;38,"[30, 32, 33, 35, 38]",5,pll1.2_xf1.2_cc0.8,ok,,,true,true,true,0.13805072297542592,-0.13805072297542592,true,true
30;32;33;35;38,"[30, 32, 33, 35, 38]",5,pll1.2_xf1.2_cc1.2,ok,,,true,true,true,0.13805072292809983,-0.13805072292809983,true,true
34;35;38,"[34, 35, 38]",3,nominal,ok,,,true,true,true,0.09837739817501787,-0.09837739817501787,true,true
34;35;38,"[34, 35, 38]",3,pll0.8_xf0.8_cc0.8,ok,,,true,true,true,0.0982838668902617,-0.0982838668902617,true,true
34;35;38,"[34, 35, 38]",3,pll0.8_xf0.8_cc1.2,ok,,,true,true,true,0.0982840646443672,-0.0982840646443672,true,true
34;35;38,"[34, 35, 38]",3,pll0.8_xf1.2_cc0.8,ok,,,true,true,true,0.09828377938482341,-0.09828377938482341,true,true
34;35;38,"[34, 35, 38]",3,pll0.8_xf1.2_cc1.2,ok,,,true,true,true,0.09828396862425898,-0.09828396862425898,true,true
34;35;38,"[34, 35, 38]",3,pll1.2_xf0.8_cc0.8,ok,,,true,true,true,0.09842905961191117,-0.09842905961191117,true,true
34;35;38,"[34, 35, 38]",3,pll1.2_xf0.8_cc1.2,ok,,,true,true,true,0.09842924567934414,-0.09842924567934414,true,true
34;35;38,"[34, 35, 38]",3,pll1.2_xf1.2_cc0.8,ok,,,true,true,true,0.09842895938076854,-0.09842895938076854,true,true
34;35;38,"[34, 35, 38]",3,pll1.2_xf1.2_cc1.2,ok,,,true,true,true,0.09842914195419672,-0.09842914195419672,true,true
30;34;35;38,"[30, 34, 35, 38]",4,nominal,ok,,,true,true,true,0.10451895859499544,-0.10451895859499544,true,true
30;34;35;38,"[30, 34, 35, 38]",4,pll0.8_xf0.8_cc0.8,ok,,,true,true,true,0.10440384772475016,-0.10440384772475016,true,true
30;34;35;38,"[30, 34, 35, 38]",4,pll0.8_xf0.8_cc1.2,ok,,,true,true,true,0.10440452493145247,-0.10440452493145247,true,true
30;34;35;38,"[30, 34, 35, 38]",4,pll0.8_xf1.2_cc0.8,ok,,,true,true,true,0.1044036077014405,-0.1044036077014405,true,true
30;34;35;38,"[30, 34, 35, 38]",4,pll0.8_xf1.2_cc1.2,ok,,,true,true,true,0.10440425578505684,-0.10440425578505684,true,true
30;34;35;38,"[30, 34, 35, 38]",4,pll1.2_xf0.8_cc0.8,ok,,,true,true,true,0.10458144025147975,-0.10458144025147975,true,true
30;34;35;38,"[30, 34, 35, 38]",4,pll1.2_xf0.8_cc1.2,ok,,,true,true,true,0.10458207201400421,-0.10458207201400421,true,true
30;34;35;38,"[30, 34, 35, 38]",4,pll1.2_xf1.2_cc0.8,ok,,,true,true,true,0.1045811624083568,-0.1045811624083568,true,true
30;34;35;38,"[30, 34, 35, 38]",4,pll1.2_xf1.2_cc1.2,ok,,,true,true,true,0.10458178193845631,-0.10458178193845631,true,true
32;34;35;38,"[32, 34, 35, 38]",4,nominal,ok,,,true,true,true,0.09810919659037835,-0.09810919659037835,true,true
32;34;35;38,"[32, 34, 35, 38]",4,pll0.8_xf0.8_cc0.8,ok,,,true,true,true,0.09800189619326183,-0.09800189619326183,true,true
32;34;35;38,"[32, 34, 35, 38]",4,pll0.8_xf0.8_cc1.2,ok,,,true,true,true,0.09800211367015503,-0.09800211367015503,true,true
32;34;35;38,"[32, 34, 35, 38]",4,pll0.8_xf1.2_cc0.8,ok,,,true,true,true,0.09800180924959823,-0.09800180924959823,true,true
32;34;35;38,"[32, 34, 35, 38]",4,pll0.8_xf1.2_cc1.2,ok,,,true,true,true,0.09800201366540273,-0.09800201366540273,true,true
32;34;35;38,"[32, 34, 35, 38]",4,pll1.2_xf0.8_cc0.8,ok,,,true,true,true,0.09816894523392598,-0.09816894523392598,true,true
32;34;35;38,"[32, 34, 35, 38]",4,pll1.2_xf0.8_cc1.2,ok,,,true,true,true,0.09816914402128846,-0.09816914402128846,true,true
32;34;35;38,"[32, 34, 35, 38]",4,pll1.2_xf1.2_cc0.8,ok,,,true,true,true,0.09816883975853144,-0.09816883975853144,true,true
32;34;35;38,"[32, 34, 35, 38]",4,pll1.2_xf1.2_cc1.2,ok,,,true,true,true,0.09816903312229516,-0.09816903312229516,true,true
30;32;34;35;38,"[30, 32, 34, 35, 38]",5,nominal,ok,,,true,true,true,0.104432857238771,-0.104432857238771,true,true
30;32;34;35;38,"[30, 32, 34, 35, 38]",5,pll0.8_xf0.8_cc0.8,ok,,,true,true,true,0.10429588497546813,-0.10429588497546813,true,true
30;32;34;35;38,"[30, 32, 34, 35, 38]",5,pll0.8_xf0.8_cc1.2,ok,,,true,true,true,0.10429658390167194,-0.10429658390167194,true,true
30;32;34;35;38,"[30, 32, 34, 35, 38]",5,pll0.8_xf1.2_cc0.8,ok,,,true,true,true,0.10429565247786364,-0.10429565247786364,true,true
30;32;34;35;38,"[30, 32, 34, 35, 38]",5,pll0.8_xf1.2_cc1.2,ok,,,true,true,true,0.10429631865886514,-0.10429631865886514,true,true
30;32;34;35;38,"[30, 32, 34, 35, 38]",5,pll1.2_xf0.8_cc0.8,ok,,,true,true,true,0.10450735847875717,-0.10450735847875717,true,true
30;32;34;35;38,"[30, 32, 34, 35, 38]",5,pll1.2_xf0.8_cc1.2,ok,,,true,true,true,0.10450800570067072,-0.10450800570067072,true,true
30;32;34;35;38,"[30, 32, 34, 35, 38]",5,pll1.2_xf1.2_cc0.8,ok,,,true,true,true,0.104507083148332,-0.104507083148332,true,true
30;32;34;35;38,"[30, 32, 34, 35, 38]",5,pll1.2_xf1.2_cc1.2,ok,,,true,true,true,0.1045077167124559,-0.1045077167124559,true,true
33;34;35;38,"[33, 34, 35, 38]",4,nominal,ok,,,true,true,true,0.10330155469646574,-0.10330155469646574,true,true
33;34;35;38,"[33, 34, 35, 38]",4,pll0.8_xf0.8_cc0.8,ok,,,true,true,true,0.10272964797814021,-0.10272964797814021,true,true
33;34;35;38,"[33, 34, 35, 38]",4,pll0.8_xf0.8_cc1.2,ok,,,true,true,true,0.10273007459664388,-0.10273007459664388,true,true
33;34;35;38,"[33, 34, 35, 38]",4,pll0.8_xf1.2_cc0.8,ok,,,true,true,true,0.10272955405947962,-0.10272955405947962,true,true
33;34;35;38,"[33, 34, 35, 38]",4,pll0.8_xf1.2_cc1.2,ok,,,true,true,true,0.10272994198165089,-0.10272994198165089,true,true
33;34;35;38,"[33, 34, 35, 38]",4,pll1.2_xf0.8_cc0.8,ok,,,true,true,true,0.10363061163926424,-0.10363061163926424,true,true
33;34;35;38,"[33, 34, 35, 38]",4,pll1.2_xf0.8_cc1.2,ok,,,true,true,true,0.10363096948875632,-0.10363096948875632,true,true
33;34;35;38,"[33, 34, 35, 38]",4,pll1.2_xf1.2_cc0.8,ok,,,true,true,true,0.10363046452630392,-0.10363046452630392,true,true
33;34;35;38,"[33, 34, 35, 38]",4,pll1.2_xf1.2_cc1.2,ok,,,true,true,true,0.1036308098970195,-0.1036308098970195,true,true
30;33;34;35;38,"[30, 33, 34, 35, 38]",5,nominal,ok,,,true,true,true,0.13796961160470372,-0.13796961160470372,true,true
30;33;34;35;38,"[30, 33, 34, 35, 38]",5,pll0.8_xf0.8_cc0.8,ok,,,true,true,true,0.13796961148524556,-0.13796961148524556,true,true
30;33;34;35;38,"[30, 33, 34, 35, 38]",5,pll0.8_xf0.8_cc1.2,ok,,,true,true,true,0.13796961147058145,-0.13796961147058145,true,true
30;33;34;35;38,"[30, 33, 34, 35, 38]",5,pll0.8_xf1.2_cc0.8,ok,,,true,true,true,0.13796961149624726,-0.13796961149624726,true,true
30;33;34;35;38,"[30, 33, 34, 35, 38]",5,pll0.8_xf1.2_cc1.2,ok,,,true,true,true,0.13796961148153064,-0.13796961148153064,true,true
30;33;34;35;38,"[30, 33, 34, 35, 38]",5,pll1.2_xf0.8_cc0.8,ok,,,true,true,true,0.13796961167538038,-0.13796961167538038,true,true
30;33;34;35;38,"[30, 33, 34, 35, 38]",5,pll1.2_xf0.8_cc1.2,ok,,,true,true,true,0.137969611660711,-0.137969611660711,true,true
30;33;34;35;38,"[30, 33, 34, 35, 38]",5,pll1.2_xf1.2_cc0.8,ok,,,true,true,true,0.1379696116863639,-0.1379696116863639,true,true
30;33;34;35;38,"[30, 33, 34, 35, 38]",5,pll1.2_xf1.2_cc1.2,ok,,,true,true,true,0.137969611671694,-0.137969611671694,true,true
32;33;34;35;38,"[32, 33, 34, 35, 38]",5,nominal,ok,,,true,true,true,0.10291122566802074,-0.10291122566802074,true,true
32;33;34;35;38,"[32, 33, 34, 35, 38]",5,pll0.8_xf0.8_cc0.8,ok,,,true,true,true,0.1022373349703257,-0.1022373349703257,true,true
32;33;34;35;38,"[32, 33, 34, 35, 38]",5,pll0.8_xf0.8_cc1.2,ok,,,true,true,true,0.10223793647249962,-0.10223793647249962,true,true
32;33;34;35;38,"[32, 33, 34, 35, 38]",5,pll0.8_xf1.2_cc0.8,ok,,,true,true,true,0.10223727334434574,-0.10223727334434574,true,true
32;33;34;35;38,"[32, 33, 34, 35, 38]",5,pll0.8_xf1.2_cc1.2,ok,,,true,true,true,0.10223779464191511,-0.10223779464191511,true,true
32;33;34;35;38,"[32, 33, 34, 35, 38]",5,pll1.2_xf0.8_cc0.8,ok,,,true,true,true,0.10330764304111742,-0.10330764304111742,true,true
32;33;34;35;38,"[32, 33, 34, 35, 38]",5,pll1.2_xf0.8_cc1.2,ok,,,true,true,true,0.10330811586975872,-0.10330811586975872,true,true
32;33;34;35;38,"[32, 33, 34, 35, 38]",5,pll1.2_xf1.2_cc0.8,ok,,,true,true,true,0.10330747782707966,-0.10330747782707966,true,true
32;33;34;35;38,"[32, 33, 34, 35, 38]",5,pll1.2_xf1.2_cc1.2,ok,,,true,true,true,0.10330791951994864,-0.10330791951994864,true,true
30;32;33;34;35;38,"[30, 32, 33, 34, 35, 38]",6,nominal,ok,,,true,true,true,0.13806048536440638,-0.13806048536440638,true,true
30;32;33;34;35;38,"[30, 32, 33, 34, 35, 38]",6,pll0.8_xf0.8_cc0.8,ok,,,true,true,true,0.138060484535428,-0.138060484535428,true,true
30;32;33;34;35;38,"[30, 32, 33, 34, 35, 38]",6,pll0.8_xf0.8_cc1.2,ok,,,true,true,true,0.13806048448016375,-0.13806048448016375,true,true
30;32;33;34;35;38,"[30, 32, 33, 34, 35, 38]",6,pll0.8_xf1.2_cc0.8,ok,,,true,true,true,0.13806048443684146,-0.13806048443684146,true,true
30;32;33;34;35;38,"[30, 32, 33, 34, 35, 38]",6,pll0.8_xf1.2_cc1.2,ok,,,true,true,true,0.13806048438167526,-0.13806048438167526,true,true
30;32;33;34;35;38,"[30, 32, 33, 34, 35, 38]",6,pll1.2_xf0.8_cc0.8,ok,,,true,true,true,0.1380604859431259,-0.1380604859431259,true,true
30;32;33;34;35;38,"[30, 32, 33, 34, 35, 38]",6,pll1.2_xf0.8_cc1.2,ok,,,true,true,true,0.13806048588799405,-0.13806048588799405,true,true
30;32;33;34;35;38,"[30, 32, 33, 34, 35, 38]",6,pll1.2_xf1.2_cc0.8,ok,,,true,true,true,0.13806048584459918,-0.13806048584459918,true,true
30;32;33;34;35;38,"[30, 32, 33, 34, 35, 38]",6,pll1.2_xf1.2_cc1.2,ok,,,true,true,true,0.13806048578953634,-0.13806048578953634,true,true
36;38,"[36, 38]",2,nominal,ok,,,true,true,true,0.09835146392444528,-0.09835146392444528,true,true
36;38,"[36, 38]",2,pll0.8_xf0.8_cc0.8,ok,,,true,true,true,0.09826860828686787,-0.09826860828686787,true,true
36;38,"[36, 38]",2,pll0.8_xf0.8_cc1.2,ok,,,true,true,true,0.09826877461811734,-0.09826877461811734,true,true
36;38,"[36, 38]",2,pll0.8_xf1.2_cc0.8,ok,,,true,true,true,0.09826852916088966,-0.09826852916088966,true,true
36;38,"[36, 38]",2,pll0.8_xf1.2_cc1.2,ok,,,true,true,true,0.09826869001857524,-0.09826869001857524,true,true
36;38,"[36, 38]",2,pll1.2_xf0.8_cc0.8,ok,,,true,true,true,0.09839701455868657,-0.09839701455868657,true,true
36;38,"[36, 38]",2,pll1.2_xf0.8_cc1.2,ok,,,true,true,true,0.09839717293389112,-0.09839717293389112,true,true
36;38,"[36, 38]",2,pll1.2_xf1.2_cc0.8,ok,,,true,true,true,0.09839692684584583,-0.09839692684584583,true,true
36;38,"[36, 38]",2,pll1.2_xf1.2_cc1.2,ok,,,true,true,true,0.0983970830313933,-0.0983970830313933,true,true
30;36;38,"[30, 36, 38]",3,nominal,ok,,,true,true,true,0.10785153142640014,-0.10785153142640014,true,true
30;36;38,"[30, 36, 38]",3,pll0.8_xf0.8_cc0.8,ok,,,true,true,true,0.10765707255781573,-0.10765707255781573,true,true
30;36;38,"[30, 36, 38]",3,pll0.8_xf0.8_cc1.2,ok,,,true,true,true,0.1076576710604561,-0.1076576710604561,true,true
30;36;38,"[30, 36, 38]",3,pll0.8_xf1.2_cc0.8,ok,,,true,true,true,0.10765682991850382,-0.10765682991850382,true,true
30;36;38,"[30, 36, 38]",3,pll0.8_xf1.2_cc1.2,ok,,,true,true,true,0.10765740653408729,-0.10765740653408729,true,true
30;36;38,"[30, 36, 38]",3,pll1.2_xf0.8_cc0.8,ok,,,true,true,true,0.10795728150949888,-0.10795728150949888,true,true
30;36;38,"[30, 36, 38]",3,pll1.2_xf0.8_cc1.2,ok,,,true,true,true,0.10795784375086695,-0.10795784375086695,true,true
30;36;38,"[30, 36, 38]",3,pll1.2_xf1.2_cc0.8,ok,,,true,true,true,0.10795700838040806,-0.10795700838040806,true,true
30;36;38,"[30, 36, 38]",3,pll1.2_xf1.2_cc1.2,ok,,,true,true,true,0.10795756187679184,-0.10795756187679184,true,true
32;36;38,"[32, 36, 38]",3,nominal,ok,,,true,true,true,0.09820990719736657,-0.09820990719736657,true,true
32;36;38,"[32, 36, 38]",3,pll0.8_xf0.8_cc0.8,ok,,,true,true,true,0.0981136956844075,-0.0981136956844075,true,true
32;36;38,"[32, 36, 38]",3,pll0.8_xf0.8_cc1.2,ok,,,true,true,true,0.09811387284085747,-0.09811387284085747,true,true
32;36;38,"[32, 36, 38]",3,pll0.8_xf1.2_cc0.8,ok,,,true,true,true,0.09811361628227142,-0.09811361628227142,true,true
32;36;38,"[32, 36, 38]",3,pll0.8_xf1.2_cc1.2,ok,,,true,true,true,0.09811378537112825,-0.09811378537112825,true,true
32;36;38,"[32, 36, 38]",3,pll1.2_xf0.8_cc0.8,ok,,,true,true,true,0.098263118994277,-0.098263118994277,true,true
32;36;38,"[32, 36, 38]",3,pll1.2_xf0.8_cc1.2,ok,,,true,true,true,0.09826328412399926,-0.09826328412399926,true,true
32;36;38,"[32, 36, 38]",3,pll1.2_xf1.2_cc0.8,ok,,,true,true,true,0.09826302748141023,-0.09826302748141023,true,true
32;36;38,"[32, 36, 38]",3,pll1.2_xf1.2_cc1.2,ok,,,true,true,true,0.09826318936350398,-0.09826318936350398,true,true
30;32;36;38,"[30, 32, 36, 38]",4,nominal,ok,,,true,true,true,0.10813297485386214,-0.10813297485386214,true,true
30;32;36;38,"[30, 32, 36, 38]",4,pll0.8_xf0.8_cc0.8,ok,,,true,true,true,0.10790338933338525,-0.10790338933338525,true,true
30;32;36;38,"[30, 32, 36, 38]",4,pll0.8_xf0.8_cc1.2,ok,,,true,true,true,0.10790399984859637,-0.10790399984859637,true,true
30;32;36;38,"[30, 32, 36, 38]",4,pll0.8_xf1.2_cc0.8,ok,,,true,true,true,0.10790315193022322,-0.10790315193022322,true,true
30;32;36;38,"[30, 32, 36, 38]",4,pll0.8_xf1.2_cc1.2,ok,,,true,true,true,0.10790373787531277,-0.10790373787531277,true,true
30;32;36;38,"[30, 32, 36, 38]",4,pll1.2_xf0.8_cc0.8,ok,,,true,true,true,0.10825804202301595,-0.10825804202301595,true,true
30;32;36;38,"[30, 32, 36, 38]",4,pll1.2_xf0.8_cc1.2,ok,,,true,true,true,0.10825861120005595,-0.10825861120005595,true,true
30;32;36;38,"[30, 32, 36, 38]",4,pll1.2_xf1.2_cc0.8,ok,,,true,true,true,0.10825777009912976,-0.10825777009912976,true,true
30;32;36;38,"[30, 32, 36, 38]",4,pll1.2_xf1.2_cc1.2,ok,,,true,true,true,0.10825832961562822,-0.10825832961562822,true,true
33;36;38,"[33, 36, 38]",3,nominal,ok,,,true,true,true,0.09892844706797382,-0.09892844706797382,true,true
33;36;38,"[33, 36, 38]",3,pll0.8_xf0.8_cc0.8,ok,,,true,true,true,0.09881703765429739,-0.09881703765429739,true,true
33;36;38,"[33, 36, 38]",3,pll0.8_xf0.8_cc1.2,ok,,,true,true,true,0.0988172206436232,-0.0988172206436232,true,true
33;36;38,"[33, 36, 38]",3,pll0.8_xf1.2_cc0.8,ok,,,true,true,true,0.09881694309761255,-0.09881694309761255,true,true
33;36;38,"[33, 36, 38]",3,pll0.8_xf1.2_cc1.2,ok,,,true,true,true,0.0988171206181451,-0.0988171206181451,true,true
33;36;38,"[33, 36, 38]",3,pll1.2_xf0.8_cc0.8,ok,,,true,true,true,0.09898979189593225,-0.09898979189593225,true,true
33;36;38,"[33, 36, 38]",3,pll1.2_xf0.8_cc1.2,ok,,,true,true,true,0.09898996735932947,-0.09898996735932947,true,true
33;36;38,"[33, 36, 38]",3,pll1.2_xf1.2_cc0.8,ok,,,true,true,true,0.098989687941354,-0.098989687941354,true,true
33;36;38,"[33, 36, 38]",3,pll1.2_xf1.2_cc1.2,ok,,,true,true,true,0.09898986138471566,-0.09898986138471566,true,true
30;33;36;38,"[30, 33, 36, 38]",4,nominal,ok,,,true,true,true,0.1097653302873372,-0.1097653302873372,true,true
30;33;36;38,"[30, 33, 36, 38]",4,pll0.8_xf0.8_cc0.8,ok,,,true,true,true,0.10955127671191764,-0.10955127671191764,true,true
30;33;36;38,"[30, 33, 36, 38]",4,pll0.8_xf0.8_cc1.2,ok,,,true,true,true,0.10955181468094329,-0.10955181468094329,true,true
30;33;36;38,"[30, 33, 36, 38]",4,pll0.8_xf1.2_cc0.8,ok,,,true,true,true,0.10955101293000427,-0.10955101293000427,true,true
30;33;36;38,"[30, 33, 36, 38]",4,pll0.8_xf1.2_cc1.2,ok,,,true,true,true,0.10955154393945324,-0.10955154393945324,true,true
30;33;36;38,"[30, 33, 36, 38]",4,pll1.2_xf0.8_cc0.8,ok,,,true,true,true,0.1098808076733908,-0.1098808076733908,true,true
30;33;36;38,"[30, 33, 36, 38]",4,pll1.2_xf0.8_cc1.2,ok,,,true,true,true,0.10988133310838002,-0.10988133310838002,true,true
30;33;36;38,"[30, 33, 36, 38]",4,pll1.2_xf1.2_cc0.8,ok,,,true,true,true,0.10988053109308586,-0.10988053109308586,true,true
30;33;36;38,"[30, 33, 36, 38]",4,pll1.2_xf1.2_cc1.2,ok,,,true,true,true,0.10988105453010008,-0.10988105453010008,true,true
32;33;36;38,"[32, 33, 36, 38]",4,nominal,ok,,,true,true,true,0.09870153986354682,-0.09870153986354682,true,true
32;33;36;38,"[32, 33, 36, 38]",4,pll0.8_xf0.8_cc0.8,ok,,,true,true,true,0.09857166686334186,-0.09857166686334186,true,true
32;33;36;38,"[32, 33, 36, 38]",4,pll0.8_xf0.8_cc1.2,ok,,,true,true,true,0.09857186743926581,-0.09857186743926581,true,true
32;33;36;38,"[32, 33, 36, 38]",4,pll0.8_xf1.2_cc0.8,ok,,,true,true,true,0.09857157223774823,-0.09857157223774823,true,true
32;33;36;38,"[32, 33, 36, 38]",4,pll0.8_xf1.2_cc1.2,ok,,,true,true,true,0.09857176305154697,-0.09857176305154697,true,true
32;33;36;38,"[32, 33, 36, 38]",4,pll1.2_xf0.8_cc0.8,ok,,,true,true,true,0.09877361267979254,-0.09877361267979254,true,true
32;33;36;38,"[32, 33, 36, 38]",4,pll1.2_xf0.8_cc1.2,ok,,,true,true,true,0.0987737988695894,-0.0987737988695894,true,true
32;33;36;38,"[32, 33, 36, 38]",4,pll1.2_xf1.2_cc0.8,ok,,,true,true,true,0.09877350310016883,-0.09877350310016883,true,true
32;33;36;38,"[32, 33, 36, 38]",4,pll1.2_xf1.2_cc1.2,ok,,,true,true,true,0.09877368551320748,-0.09877368551320748,true,true
30;32;33;36;38,"[30, 32, 33, 36, 38]",5,nominal,ok,,,true,true,true,0.11013902638539827,-0.11013902638539827,true,true
30;32;33;36;38,"[30, 32, 33, 36, 38]",5,pll0.8_xf0.8_cc0.8,ok,,,true,true,true,0.10988453476803435,-0.10988453476803435,true,true
30;32;33;36;38,"[30, 32, 33, 36, 38]",5,pll0.8_xf0.8_cc1.2,ok,,,true,true,true,0.10988507183967003,-0.10988507183967003,true,true
30;32;33;36;38,"[30, 32, 33, 36, 38]",5,pll0.8_xf1.2_cc0.8,ok,,,true,true,true,0.10988427319363342,-0.10988427319363342,true,true
30;32;33;36;38,"[30, 32, 33, 36, 38]",5,pll0.8_xf1.2_cc1.2,ok,,,true,true,true,0.10988480314413338,-0.10988480314413338,true,true
30;32;33;36;38,"[30, 32, 33, 36, 38]",5,pll1.2_xf0.8_cc0.8,ok,,,true,true,true,0.11027643407977947,-0.11027643407977947,true,true
30;32;33;36;38,"[30, 32, 33, 36, 38]",5,pll1.2_xf0.8_cc1.2,ok,,,true,true,true,0.11027695750290603,-0.11027695750290603,true,true
30;32;33;36;38,"[30, 32, 33, 36, 38]",5,pll1.2_xf1.2_cc0.8,ok,,,true,true,true,0.11027615910356364,-0.11027615910356364,true,true
30;32;33;36;38,"[30, 32, 33, 36, 38]",5,pll1.2_xf1.2_cc1.2,ok,,,true,true,true,0.11027668077042804,-0.11027668077042804,true,true
34;36;38,"[34, 36, 38]",3,nominal,ok,,,true,true,true,0.09780426912124164,-0.09780426912124164,true,true
34;36;38,"[34, 36, 38]",3,pll0.8_xf0.8_cc0.8,ok,,,true,true,true,0.09773400039546531,-0.09773400039546531,true,true
34;36;38,"[34, 36, 38]",3,pll0.8_xf0.8_cc1.2,ok,,,true,true,true,0.09773417926577362,-0.09773417926577362,true,true
34;36;38,"[34, 36, 38]",3,pll0.8_xf1.2_cc0.8,ok,,,true,true,true,0.09773391288203617,-0.09773391288203617,true,true
34;36;38,"[34, 36, 38]",3,pll0.8_xf1.2_cc1.2,ok,,,true,true,true,0.09773408521468196,-0.09773408521468196,true,true
34;36;38,"[34, 36, 38]",3,pll1.2_xf0.8_cc0.8,ok,,,true,true,true,0.09784302783156304,-0.09784302783156304,true,true
34;36;38,"[34, 36, 38]",3,pll1.2_xf0.8_cc1.2,ok,,,true,true,true,0.09784319805086503,-0.09784319805086503,true,true
34;36;38,"[34, 36, 38]",3,pll1.2_xf1.2_cc0.8,ok,,,true,true,true,0.09784293007955142,-0.09784293007955142,true,true
34;36;38,"[34, 36, 38]",3,pll1.2_xf1.2_cc1.2,ok,,,true,true,true,0.09784309759487048,-0.09784309759487048,true,true
30;34;36;38,"[30, 34, 36, 38]",4,nominal,ok,,,true,true,true,0.10332994213344707,-0.10332994213344707,true,true
30;34;36;38,"[30, 34, 36, 38]",4,pll0.8_xf0.8_cc0.8,ok,,,true,true,true,0.10321710810003737,-0.10321710810003737,true,true
30;34;36;38,"[30, 34, 36, 38]",4,pll0.8_xf0.8_cc1.2,ok,,,true,true,true,0.10321782886040876,-0.10321782886040876,true,true
30;34;36;38,"[30, 34, 36, 38]",4,pll0.8_xf1.2_cc0.8,ok,,,true,true,true,0.10321685199161973,-0.10321685199161973,true,true
30;34;36;38,"[30, 34, 36, 38]",4,pll0.8_xf1.2_cc1.2,ok,,,true,true,true,0.1032175336927249,-0.1032175336927249,true,true
30;34;36;38,"[30, 34, 36, 38]",4,pll1.2_xf0.8_cc0.8,ok,,,true,true,true,0.10339180993172861,-0.10339180993172861,true,true
30;34;36;38,"[30, 34, 36, 38]",4,pll1.2_xf0.8_cc1.2,ok,,,true,true,true,0.10339246995887927,-0.10339246995887927,true,true
30;34;36;38,"[30, 34, 36, 38]",4,pll1.2_xf1.2_cc0.8,ok,,,true,true,true,0.10339150381438042,-0.10339150381438042,true,true
30;34;36;38,"[30, 34, 36, 38]",4,pll1.2_xf1.2_cc1.2,ok,,,true,true,true,0.10339214722840437,-0.10339214722840437,true,true
32;34;36;38,"[32, 34, 36, 38]",4,nominal,ok,,,true,true,true,0.09755661261645196,-0.09755661261645196,true,true
32;34;36;38,"[32, 34, 36, 38]",4,pll0.8_xf0.8_cc0.8,ok,,,true,true,true,0.09747666152910697,-0.09747666152910697,true,true
32;34;36;38,"[32, 34, 36, 38]",4,pll0.8_xf0.8_cc1.2,ok,,,true,true,true,0.09747685463674273,-0.09747685463674273,true,true
32;34;36;38,"[32, 34, 36, 38]",4,pll0.8_xf1.2_cc0.8,ok,,,true,true,true,0.0974765739779799,-0.0974765739779799,true,true
32;34;36;38,"[32, 34, 36, 38]",4,pll0.8_xf1.2_cc1.2,ok,,,true,true,true,0.09747675716159432,-0.09747675716159432,true,true
32;34;36;38,"[32, 34, 36, 38]",4,pll1.2_xf0.8_cc0.8,ok,,,true,true,true,0.09760105675866965,-0.09760105675866965,true,true
32;34;36;38,"[32, 34, 36, 38]",4,pll1.2_xf0.8_cc1.2,ok,,,true,true,true,0.09760123602102835,-0.09760123602102835,true,true
32;34;36;38,"[32, 34, 36, 38]",4,pll1.2_xf1.2_cc0.8,ok,,,true,true,true,0.09760095456242085,-0.09760095456242085,true,true
32;34;36;38,"[32, 34, 36, 38]",4,pll1.2_xf1.2_cc1.2,ok,,,true,true,true,0.09760112968138826,-0.09760112968138826,true,true
30;32;34;36;38,"[30, 32, 34, 36, 38]",5,nominal,ok,,,true,true,true,0.10310892429939204,-0.10310892429939204,true,true
30;32;34;36;38,"[30, 32, 34, 36, 38]",5,pll0.8_xf0.8_cc0.8,ok,,,true,true,true,0.10297427862385958,-0.10297427862385958,true,true
30;32;34;36;38,"[30, 32, 34, 36, 38]",5,pll0.8_xf0.8_cc1.2,ok,,,true,true,true,0.10297503516331839,-0.10297503516331839,true,true
30;32;34;36;38,"[30, 32, 34, 36, 38]",5,pll0.8_xf1.2_cc0.8,ok,,,true,true,true,0.1029740289611669,-0.1029740289611669,true,true
30;32;34;36;38,"[30, 32, 34, 36, 38]",5,pll0.8_xf1.2_cc1.2,ok,,,true,true,true,0.10297473994165593,-0.10297473994165593,true,true
30;32;34;36;38,"[30, 32, 34, 36, 38]",5,pll1.2_xf0.8_cc0.8,ok,,,true,true,true,0.10318306755884682,-0.10318306755884682,true,true
30;32;34;36;38,"[30, 32, 34, 36, 38]",5,pll1.2_xf0.8_cc1.2,ok,,,true,true,true,0.10318375262416751,-0.10318375262416751,true,true
30;32;34;36;38,"[30, 32, 34, 36, 38]",5,pll1.2_xf1.2_cc0.8,ok,,,true,true,true,0.10318275919628611,-0.10318275919628611,true,true
30;32;34;36;38,"[30, 32, 34, 36, 38]",5,pll1.2_xf1.2_cc1.2,ok,,,true,true,true,0.10318342494834912,-0.10318342494834912,true,true
33;34;36;38,"[33, 34, 36, 38]",4,nominal,ok,,,true,true,true,0.09908172246596816,-0.09908172246596816,true,true
33;34;36;38,"[33, 34, 36, 38]",4,pll0.8_xf0.8_cc0.8,ok,,,true,true,true,0.09894549560726207,-0.09894549560726207,true,true
33;34;36;38,"[33, 34, 36, 38]",4,pll0.8_xf0.8_cc1.2,ok,,,true,true,true,0.09894568387623402,-0.09894568387623402,true,true
33;34;36;38,"[33, 34, 36, 38]",4,pll0.8_xf1.2_cc0.8,ok,,,true,true,true,0.09894540147779408,-0.09894540147779408,true,true
33;34;36;38,"[33, 34, 36, 38]",4,pll0.8_xf1.2_cc1.2,ok,,,true,true,true,0.09894558336404058,-0.09894558336404058,true,true
33;34;36;38,"[33, 34, 36, 38]",4,pll1.2_xf0.8_cc0.8,ok,,,true,true,true,0.09915721230711365,-0.09915721230711365,true,true
33;34;36;38,"[33, 34, 36, 38]",4,pll1.2_xf0.8_cc1.2,ok,,,true,true,true,0.09915739117415324,-0.09915739117415324,true,true
33;34;36;38,"[33, 34, 36, 38]",4,pll1.2_xf1.2_cc0.8,ok,,,true,true,true,0.09915710702719797,-0.09915710702719797,true,true
33;34;36;38,"[33, 34, 36, 38]",4,pll1.2_xf1.2_cc1.2,ok,,,true,true,true,0.09915728370786209,-0.09915728370786209,true,true
30;33;34;36;38,"[30, 33, 34, 36, 38]",5,nominal,ok,,,true,true,true,0.10963244125255184,-0.10963244125255184,true,true
30;33;34;36;38,"[30, 33, 34, 36, 38]",5,pll0.8_xf0.8_cc0.8,ok,,,true,true,true,0.10941317603929689,-0.10941317603929689,true,true
30;33;34;36;38,"[30, 33, 34, 36, 38]",5,pll0.8_xf0.8_cc1.2,ok,,,true,true,true,0.10941368664500511,-0.10941368664500511,true,true
30;33;34;36;38,"[30, 33, 34, 36, 38]",5,pll0.8_xf1.2_cc0.8,ok,,,true,true,true,0.10941289440731938,-0.10941289440731938,true,true
30;33;34;36;38,"[30, 33, 34, 36, 38]",5,pll0.8_xf1.2_cc1.2,ok,,,true,true,true,0.1094134056078363,-0.1094134056078363,true,true
30;33;34;36;38,"[30, 33, 34, 36, 38]",5,pll1.2_xf0.8_cc0.8,ok,,,true,true,true,0.10975057783511015,-0.10975057783511015,true,true
30;33;34;36;38,"[30, 33, 34, 36, 38]",5,pll1.2_xf0.8_cc1.2,ok,,,true,true,true,0.10975108855663543,-0.10975108855663543,true,true
30;33;34;36;38,"[30, 33, 34, 36, 38]",5,pll1.2_xf1.2_cc0.8,ok,,,true,true,true,0.10975029200546085,-0.10975029200546085,true,true
30;33;34;36;38,"[30, 33, 34, 36, 38]",5,pll1.2_xf1.2_cc1.2,ok,,,true,true,true,0.1097508040904027,-0.1097508040904027,true,true
32;33;34;36;38,"[32, 33, 34, 36, 38]",5,nominal,ok,,,true,true,true,0.09885929037300131,-0.09885929037300131,true,true
32;33;34;36;38,"[32, 33, 34, 36, 38]",5,pll0.8_xf0.8_cc0.8,ok,,,true,true,true,0.0987056028636196,-0.0987056028636196,true,true
32;33;34;36;38,"[32, 33, 34, 36, 38]",5,pll0.8_xf0.8_cc1.2,ok,,,true,true,true,0.09870581269259555,-0.09870581269259555,true,true
32;33;34;36;38,"[32, 33, 34, 36, 38]",5,pll0.8_xf1.2_cc0.8,ok,,,true,true,true,0.0987055110059015,-0.0987055110059015,true,true
32;33;34;36;38,"[32, 33, 34, 36, 38]",5,pll0.8_xf1.2_cc1.2,ok,,,true,true,true,0.09870570880102805,-0.09870570880102805,true,true
32;33;34;36;38,"[32, 33, 34, 36, 38]",5,pll1.2_xf0.8_cc0.8,ok,,,true,true,true,0.09894519250142458,-0.09894519250142458,true,true
32;33;34;36;38,"[32, 33, 34, 36, 38]",5,pll1.2_xf0.8_cc1.2,ok,,,true,true,true,0.09894538384480656,-0.09894538384480656,true,true
32;33;34;36;38,"[32, 33, 34, 36, 38]",5,pll1.2_xf1.2_cc0.8,ok,,,true,true,true,0.09894508249448056,-0.09894508249448056,true,true
32;33;34;36;38,"[32, 33, 34, 36, 38]",5,pll1.2_xf1.2_cc1.2,ok,,,true,true,true,0.09894526927704625,-0.09894526927704625,true,true
30;32;33;34;36;38,"[30, 32, 33, 34, 36, 38]",6,nominal,ok,,,true,true,true,0.10994272519562429,-0.10994272519562429,true,true
30;32;33;34;36;38,"[30, 32, 33, 34, 36, 38]",6,pll0.8_xf0.8_cc0.8,ok,,,true,true,true,0.10968521735300041,-0.10968521735300041,true,true
30;32;33;34;36;38,"[30, 32, 33, 34, 36, 38]",6,pll0.8_xf0.8_cc1.2,ok,,,true,true,true,0.10968573009135857,-0.10968573009135857,true,true
30;32;33;34;36;38,"[30, 32, 33, 34, 36, 38]",6,pll0.8_xf1.2_cc0.8,ok,,,true,true,true,0.10968493652908397,-0.10968493652908397,true,true
30;32;33;34;36;38,"[30, 32, 33, 34, 36, 38]",6,pll0.8_xf1.2_cc1.2,ok,,,true,true,true,0.10968544909217931,-0.10968544909217931,true,true
30;32;33;34;36;38,"[30, 32, 33, 34, 36, 38]",6,pll1.2_xf0.8_cc0.8,ok,,,true,true,true,0.11008164499407248,-0.11008164499407248,true,true
30;32;33;34;36;38,"[30, 32, 33, 34, 36, 38]",6,pll1.2_xf0.8_cc1.2,ok,,,true,true,true,0.1100821558583362,-0.1100821558583362,true,true
30;32;33;34;36;38,"[30, 32, 33, 34, 36, 38]",6,pll1.2_xf1.2_cc0.8,ok,,,true,true,true,0.11008135891680126,-0.11008135891680126,true,true
30;32;33;34;36;38,"[30, 32, 33, 34, 36, 38]",6,pll1.2_xf1.2_cc1.2,ok,,,true,true,true,0.1100818711037479,-0.1100818711037479,true,true
35;36;38,"[35, 36, 38]",3,nominal,ok,,,true,true,true,0.0999162790654226,-0.0999162790654226,true,true
35;36;38,"[35, 36, 38]",3,pll0.8_xf0.8_cc0.8,ok,,,true,true,true,0.09978063993954644,-0.09978063993954644,true,true
35;36;38,"[35, 36, 38]",3,pll0.8_xf0.8_cc1.2,ok,,,true,true,true,0.09978077283244781,-0.09978077283244781,true,true
35;36;38,"[35, 36, 38]",3,pll0.8_xf1.2_cc0.8,ok,,,true,true,true,0.09978057173198945,-0.09978057173198945,true,true
35;36;38,"[35, 36, 38]",3,pll0.8_xf1.2_cc1.2,ok,,,true,true,true,0.09978070539583819,-0.09978070539583819,true,true
35;36;38,"[35, 36, 38]",3,pll1.2_xf0.8_cc0.8,ok,,,true,true,true,0.099990500874011,-0.099990500874011,true,true
35;36;38,"[35, 36, 38]",3,pll1.2_xf0.8_cc1.2,ok,,,true,true,true,0.09999063316270246,-0.09999063316270246,true,true
35;36;38,"[35, 36, 38]",3,pll1.2_xf1.2_cc0.8,ok,,,true,true,true,0.0999904317484239,-0.0999904317484239,true,true
35;36;38,"[35, 36, 38]",3,pll1.2_xf1.2_cc1.2,ok,,,true,true,true,0.09999056503811532,-0.09999056503811532,true,true
30;35;36;38,"[30, 35, 36, 38]",4,nominal,ok,,,true,true,true,0.11774113287640656,-0.11774113287640656,true,true
30;35;36;38,"[30, 35, 36, 38]",4,pll0.8_xf0.8_cc0.8,ok,,,true,true,true,0.11769584015749299,-0.11769584015749299,true,true
30;35;36;38,"[30, 35, 36, 38]",4,pll0.8_xf0.8_cc1.2,ok,,,true,true,true,0.11769574780825878,-0.11769574780825878,true,true
30;35;36;38,"[30, 35, 36, 38]",4,pll0.8_xf1.2_cc0.8,ok,,,true,true,true,0.11769572354223515,-0.11769572354223515,true,true
30;35;36;38,"[30, 35, 36, 38]",4,pll0.8_xf1.2_cc1.2,ok,,,true,true,true,0.11769569191636879,-0.11769569191636879,true,true
30;35;36;38,"[30, 35, 36, 38]",4,pll1.2_xf0.8_cc0.8,ok,,,true,true,true,0.11776325359438514,-0.11776325359438514,true,true
30;35;36;38,"[30, 35, 36, 38]",4,pll1.2_xf0.8_cc1.2,ok,,,true,true,true,0.11776326578108956,-0.11776326578108956,true,true
30;35;36;38,"[30, 35, 36, 38]",4,pll1.2_xf1.2_cc0.8,ok,,,true,true,true,0.1177632057338091,-0.1177632057338091,true,true
30;35;36;38,"[30, 35, 36, 38]",4,pll1.2_xf1.2_cc1.2,ok,,,true,true,true,0.11776324377170544,-0.11776324377170544,true,true
32;35;36;38,"[32, 35, 36, 38]",4,nominal,ok,,,true,true,true,0.09995421999847191,-0.09995421999847191,true,true
32;35;36;38,"[32, 35, 36, 38]",4,pll0.8_xf0.8_cc0.8,ok,,,true,true,true,0.09979552509717356,-0.09979552509717356,true,true
32;35;36;38,"[32, 35, 36, 38]",4,pll0.8_xf0.8_cc1.2,ok,,,true,true,true,0.09979566325155179,-0.09979566325155179,true,true
32;35;36;38,"[32, 35, 36, 38]",4,pll0.8_xf1.2_cc0.8,ok,,,true,true,true,0.09979545861816314,-0.09979545861816314,true,true
32;35;36;38,"[32, 35, 36, 38]",4,pll0.8_xf1.2_cc1.2,ok,,,true,true,true,0.09979559557270451,-0.09979559557270451,true,true
32;35;36;38,"[32, 35, 36, 38]",4,pll1.2_xf0.8_cc0.8,ok,,,true,true,true,0.10004145373910481,-0.10004145373910481,true,true
32;35;36;38,"[32, 35, 36, 38]",4,pll1.2_xf0.8_cc1.2,ok,,,true,true,true,0.10004158729914543,-0.10004158729914543,true,true
32;35;36;38,"[32, 35, 36, 38]",4,pll1.2_xf1.2_cc0.8,ok,,,true,true,true,0.10004138397735694,-0.10004138397735694,true,true
32;35;36;38,"[32, 35, 36, 38]",4,pll1.2_xf1.2_cc1.2,ok,,,true,true,true,0.10004151789717042,-0.10004151789717042,true,true
30;32;35;36;38,"[30, 32, 35, 36, 38]",5,nominal,ok,,,true,true,true,0.11835836787283127,-0.11835836787283127,true,true
30;32;35;36;38,"[30, 32, 35, 36, 38]",5,pll0.8_xf0.8_cc0.8,ok,,,true,true,true,0.11832428357856103,-0.11832428357856103,true,true
30;32;35;36;38,"[30, 32, 35, 36, 38]",5,pll0.8_xf0.8_cc1.2,ok,,,true,true,true,0.11832417669304499,-0.11832417669304499,true,true
30;32;35;36;38,"[30, 32, 35, 36, 38]",5,pll0.8_xf1.2_cc0.8,ok,,,true,true,true,0.11832416346053326,-0.11832416346053326,true,true
30;32;35;36;38,"[30, 32, 35, 36, 38]",5,pll0.8_xf1.2_cc1.2,ok,,,true,true,true,0.11832411803407689,-0.11832411803407689,true,true
30;32;35;36;38,"[30, 32, 35, 36, 38]",5,pll1.2_xf0.8_cc0.8,ok,,,true,true,true,0.11837450721312859,-0.11837450721312859,true,true
30;32;35;36;38,"[30, 32, 35, 36, 38]",5,pll1.2_xf0.8_cc1.2,ok,,,true,true,true,0.1183745077488402,-0.1183745077488402,true,true
30;32;35;36;38,"[30, 32, 35, 36, 38]",5,pll1.2_xf1.2_cc0.8,ok,,,true,true,true,0.11837445774232278,-0.11837445774232278,true,true
30;32;35;36;38,"[30, 32, 35, 36, 38]",5,pll1.2_xf1.2_cc1.2,ok,,,true,true,true,0.11837448436058096,-0.11837448436058096,true,true
33;35;36;38,"[33, 35, 36, 38]",4,nominal,ok,,,true,true,true,0.10271208707005056,-0.10271208707005056,true,true
33;35;36;38,"[33, 35, 36, 38]",4,pll0.8_xf0.8_cc0.8,ok,,,true,true,true,0.10217803057588401,-0.10217803057588401,true,true
33;35;36;38,"[33, 35, 36, 38]",4,pll0.8_xf0.8_cc1.2,ok,,,true,true,true,0.10217853005474982,-0.10217853005474982,true,true
33;35;36;38,"[33, 35, 36, 38]",4,pll0.8_xf1.2_cc0.8,ok,,,true,true,true,0.10217793083293787,-0.10217793083293787,true,true
33;35;36;38,"[33, 35, 36, 38]",4,pll0.8_xf1.2_cc1.2,ok,,,true,true,true,0.10217837710908576,-0.10217837710908576,true,true
33;35;36;38,"[33, 35, 36, 38]",4,pll1.2_xf0.8_cc0.8,ok,,,true,true,true,0.10301957605632553,-0.10301957605632553,true,true
33;35;36;38,"[33, 35, 36, 38]",4,pll1.2_xf0.8_cc1.2,ok,,,true,true,true,0.10301998999872224,-0.10301998999872224,true,true
33;35;36;38,"[33, 35, 36, 38]",4,pll1.2_xf1.2_cc0.8,ok,,,true,true,true,0.10301940390145442,-0.10301940390145442,true,true
33;35;36;38,"[33, 35, 36, 38]",4,pll1.2_xf1.2_cc1.2,ok,,,true,true,true,0.10301979782396731,-0.10301979782396731,true,true
30;33;35;36;38,"[30, 33, 35, 36, 38]",5,nominal,ok,,,true,true,true,0.1379840447896033,-0.1379840447896033,true,true
30;33;35;36;38,"[30, 33, 35, 36, 38]",5,pll0.8_xf0.8_cc0.8,ok,,,true,true,true,0.13798404478558515,-0.13798404478558515,true,true
30;33;35;36;38,"[30, 33, 35, 36, 38]",5,pll0.8_xf0.8_cc1.2,ok,,,true,true,true,0.1379840447616786,-0.1379840447616786,true,true
30;33;35;36;38,"[30, 33, 35, 36, 38]",5,pll0.8_xf1.2_cc0.8,ok,,,true,true,true,0.13798404490146518,-0.13798404490146518,true,true
30;33;35;36;38,"[30, 33, 35, 36, 38]",5,pll0.8_xf1.2_cc1.2,ok,,,true,true,true,0.1379840448775416,-0.1379840448775416,true,true
30;33;35;36;38,"[30, 33, 35, 36, 38]",5,pll1.2_xf0.8_cc0.8,ok,,,true,true,true,0.1379840447264044,-0.1379840447264044,true,true
30;33;35;36;38,"[30, 33, 35, 36, 38]",5,pll1.2_xf0.8_cc1.2,ok,,,true,true,true,0.13798404470246953,-0.13798404470246953,true,true
30;33;35;36;38,"[30, 33, 35, 36, 38]",5,pll1.2_xf1.2_cc0.8,ok,,,true,true,true,0.13798404484227952,-0.13798404484227952,true,true
30;33;35;36;38,"[30, 33, 35, 36, 38]",5,pll1.2_xf1.2_cc1.2,ok,,,true,true,true,0.13798404481834214,-0.13798404481834214,true,true
32;33;35;36;38,"[32, 33, 35, 36, 38]",5,nominal,ok,,,true,true,true,0.10216908038430897,-0.10216908038430897,true,true
32;33;35;36;38,"[32, 33, 35, 36, 38]",5,pll0.8_xf0.8_cc0.8,ok,,,true,true,true,0.10155499300762297,-0.10155499300762297,true,true
32;33;35;36;38,"[32, 33, 35, 36, 38]",5,pll0.8_xf0.8_cc1.2,ok,,,true,true,true,0.10155568251063254,-0.10155568251063254,true,true
32;33;35;36;38,"[32, 33, 35, 36, 38]",5,pll0.8_xf1.2_cc0.8,ok,,,true,true,true,0.10155492263360766,-0.10155492263360766,true,true
32;33;35;36;38,"[32, 33, 35, 36, 38]",5,pll0.8_xf1.2_cc1.2,ok,,,true,true,true,0.10155551458140943,-0.10155551458140943,true,true
32;33;35;36;38,"[32, 33, 35, 36, 38]",5,pll1.2_xf0.8_cc0.8,ok,,,true,true,true,0.1025306946889307,-0.1025306946889307,true,true
32;33;35;36;38,"[32, 33, 35, 36, 38]",5,pll1.2_xf0.8_cc1.2,ok,,,true,true,true,0.10253123758402605,-0.10253123758402605,true,true
32;33;35;36;38,"[32, 33, 35, 36, 38]",5,pll1.2_xf1.2_cc0.8,ok,,,true,true,true,0.10253049586245111,-0.10253049586245111,true,true
32;33;35;36;38,"[32, 33, 35, 36, 38]",5,pll1.2_xf1.2_cc1.2,ok,,,true,true,true,0.10253099826181251,-0.10253099826181251,true,true
30;32;33;35;36;38,"[30, 32, 33, 35, 36, 38]",6,nominal,ok,,,true,true,true,0.138088639737944,-0.138088639737944,true,true
30;32;33;35;36;38,"[30, 32, 33, 35, 36, 38]",6,pll0.8_xf0.8_cc0.8,ok,,,true,true,true,0.13808863937694285,-0.13808863937694285,true,true
30;32;33;35;36;38,"[30, 32, 33, 35, 36, 38]",6,pll0.8_xf0.8_cc1.2,ok,,,true,true,true,0.13808863935510032,-0.13808863935510032,true,true
30;32;33;35;36;38,"[30, 32, 33, 35, 36, 38]",6,pll0.8_xf1.2_cc0.8,ok,,,true,true,true,0.13808863930025578,-0.13808863930025578,true,true
30;32;33;35;36;38,"[30, 32, 33, 35, 36, 38]",6,pll0.8_xf1.2_cc1.2,ok,,,true,true,true,0.13808863927843915,-0.13808863927843915,true,true
30;32;33;35;36;38,"[30, 32, 33, 35, 36, 38]",6,pll1.2_xf0.8_cc0.8,ok,,,true,true,true,0.13808864001373064,-0.13808864001373064,true,true
30;32;33;35;36;38,"[30, 32, 33, 35, 36, 38]",6,pll1.2_xf0.8_cc1.2,ok,,,true,true,true,0.13808863999193585,-0.13808863999193585,true,true
30;32;33;35;36;38,"[30, 32, 33, 35, 36, 38]",6,pll1.2_xf1.2_cc0.8,ok,,,true,true,true,0.13808863993705256,-0.13808863993705256,true,true
30;32;33;35;36;38,"[30, 32, 33, 35, 36, 38]",6,pll1.2_xf1.2_cc1.2,ok,,,true,true,true,0.13808863991527498,-0.13808863991527498,true,true
34;35;36;38,"[34, 35, 36, 38]",4,nominal,ok,,,true,true,true,0.09835246536317305,-0.09835246536317305,true,true
34;35;36;38,"[34, 35, 36, 38]",4,pll0.8_xf0.8_cc0.8,ok,,,true,true,true,0.09824734217035923,-0.09824734217035923,true,true
34;35;36;38,"[34, 35, 36, 38]",4,pll0.8_xf0.8_cc1.2,ok,,,true,true,true,0.09824755645168838,-0.09824755645168838,true,true
34;35;36;38,"[34, 35, 36, 38]",4,pll0.8_xf1.2_cc0.8,ok,,,true,true,true,0.09824725821044199,-0.09824725821044199,true,true
34;35;36;38,"[34, 35, 36, 38]",4,pll0.8_xf1.2_cc1.2,ok,,,true,true,true,0.09824746048544017,-0.09824746048544017,true,true
34;35;36;38,"[34, 35, 36, 38]",4,pll1.2_xf0.8_cc0.8,ok,,,true,true,true,0.0984108334726994,-0.0984108334726994,true,true
34;35;36;38,"[34, 35, 36, 38]",4,pll1.2_xf0.8_cc1.2,ok,,,true,true,true,0.098411030698104,-0.098411030698104,true,true
34;35;36;38,"[34, 35, 36, 38]",4,pll1.2_xf1.2_cc0.8,ok,,,true,true,true,0.09841073212877322,-0.09841073212877322,true,true
34;35;36;38,"[34, 35, 36, 38]",4,pll1.2_xf1.2_cc1.2,ok,,,true,true,true,0.09841092440250634,-0.09841092440250634,true,true
30;34;35;36;38,"[30, 34, 35, 36, 38]",5,nominal,ok,,,true,true,true,0.10449257574879214,-0.10449257574879214,true,true
30;34;35;36;38,"[30, 34, 35, 36, 38]",5,pll0.8_xf0.8_cc0.8,ok,,,true,true,true,0.10438135847454057,-0.10438135847454057,true,true
30;34;35;36;38,"[30, 34, 35, 36, 38]",5,pll0.8_xf0.8_cc1.2,ok,,,true,true,true,0.10438203274588888,-0.10438203274588888,true,true
30;34;35;36;38,"[30, 34, 35, 36, 38]",5,pll0.8_xf1.2_cc0.8,ok,,,true,true,true,0.1043811144508017,-0.1043811144508017,true,true
30;34;35;36;38,"[30, 34, 35, 36, 38]",5,pll0.8_xf1.2_cc1.2,ok,,,true,true,true,0.10438176034521919,-0.10438176034521919,true,true
30;34;35;36;38,"[30, 34, 35, 36, 38]",5,pll1.2_xf0.8_cc0.8,ok,,,true,true,true,0.10455288392893025,-0.10455288392893025,true,true
30;34;35;36;38,"[30, 34, 35, 36, 38]",5,pll1.2_xf0.8_cc1.2,ok,,,true,true,true,0.10455351410778596,-0.10455351410778596,true,true
30;34;35;36;38,"[30, 34, 35, 36, 38]",5,pll1.2_xf1.2_cc0.8,ok,,,true,true,true,0.10455260307295425,-0.10455260307295425,true,true
30;34;35;36;38,"[30, 34, 35, 36, 38]",5,pll1.2_xf1.2_cc1.2,ok,,,true,true,true,0.10455322137293015,-0.10455322137293015,true,true
32;34;35;36;38,"[32, 34, 35, 36, 38]",5,nominal,ok,,,true,true,true,0.09807931503587208,-0.09807931503587208,true,true
32;34;35;36;38,"[32, 34, 35, 36, 38]",5,pll0.8_xf0.8_cc0.8,ok,,,true,true,true,0.0979635162264599,-0.0979635162264599,true,true
32;34;35;36;38,"[32, 34, 35, 36, 38]",5,pll0.8_xf0.8_cc1.2,ok,,,true,true,true,0.0979637542187902,-0.0979637542187902,true,true
32;34;35;36;38,"[32, 34, 35, 36, 38]",5,pll0.8_xf1.2_cc0.8,ok,,,true,true,true,0.09796343500130592,-0.09796343500130592,true,true
32;34;35;36;38,"[32, 34, 35, 36, 38]",5,pll0.8_xf1.2_cc1.2,ok,,,true,true,true,0.09796365520279227,-0.09796365520279227,true,true
32;34;35;36;38,"[32, 34, 35, 36, 38]",5,pll1.2_xf0.8_cc0.8,ok,,,true,true,true,0.0981441905995486,-0.0981441905995486,true,true
32;34;35;36;38,"[32, 34, 35, 36, 38]",5,pll1.2_xf0.8_cc1.2,ok,,,true,true,true,0.0981444026091828,-0.0981444026091828,true,true
32;34;35;36;38,"[32, 34, 35, 36, 38]",5,pll1.2_xf1.2_cc0.8,ok,,,true,true,true,0.09814408477010786,-0.09814408477010786,true,true
32;34;35;36;38,"[32, 34, 35, 36, 38]",5,pll1.2_xf1.2_cc1.2,ok,,,true,true,true,0.09814428932416913,-0.09814428932416913,true,true
30;32;34;35;36;38,"[30, 32, 34, 35, 36, 38]",6,nominal,ok,,,true,true,true,0.10437647058251356,-0.10437647058251356,true,true
30;32;34;35;36;38,"[30, 32, 34, 35, 36, 38]",6,pll0.8_xf0.8_cc0.8,ok,,,true,true,true,0.10424538128594132,-0.10424538128594132,true,true
30;32;34;35;36;38,"[30, 32, 34, 35, 36, 38]",6,pll0.8_xf0.8_cc1.2,ok,,,true,true,true,0.10424607820449226,-0.10424607820449226,true,true
30;32;34;35;36;38,"[30, 32, 34, 35, 36, 38]",6,pll0.8_xf1.2_cc0.8,ok,,,true,true,true,0.1042451438112991,-0.1042451438112991,true,true
30;32;34;35;36;38,"[30, 32, 34, 35, 36, 38]",6,pll0.8_xf1.2_cc1.2,ok,,,true,true,true,0.10424580852262579,-0.10424580852262579,true,true
30;32;34;35;36;38,"[30, 32, 34, 35, 36, 38]",6,pll1.2_xf0.8_cc0.8,ok,,,true,true,true,0.104447733553969,-0.104447733553969,true,true
30;32;34;35;36;38,"[30, 32, 34, 35, 36, 38]",6,pll1.2_xf0.8_cc1.2,ok,,,true,true,true,0.10444837978510825,-0.10444837978510825,true,true
30;32;34;35;36;38,"[30, 32, 34, 35, 36, 38]",6,pll1.2_xf1.2_cc0.8,ok,,,true,true,true,0.10444745409478401,-0.10444745409478401,true,true
30;32;34;35;36;38,"[30, 32, 34, 35, 36, 38]",6,pll1.2_xf1.2_cc1.2,ok,,,true,true,true,0.10444808692477481,-0.10444808692477481,true,true
33;34;35;36;38,"[33, 34, 35, 36, 38]",5,nominal,ok,,,true,true,true,0.10537484995314306,-0.10537484995314306,true,true
33;34;35;36;38,"[33, 34, 35, 36, 38]",5,pll0.8_xf0.8_cc0.8,ok,,,true,true,true,0.10419313400602395,-0.10419313400602395,true,true
33;34;35;36;38,"[33, 34, 35, 36, 38]",5,pll0.8_xf0.8_cc1.2,ok,,,true,true,true,0.10419427579171844,-0.10419427579171844,true,true
33;34;35;36;38,"[33, 34, 35, 36, 38]",5,pll0.8_xf1.2_cc0.8,ok,,,true,true,true,0.1041931016717746,-0.1041931016717746,true,true
33;34;35;36;38,"[33, 34, 35, 36, 38]",5,pll0.8_xf1.2_cc1.2,ok,,,true,true,true,0.10419408017213233,-0.10419408017213233,true,true
33;34;35;36;38,"[33, 34, 35, 36, 38]",5,pll1.2_xf0.8_cc0.8,ok,,,true,true,true,0.10609598336633719,-0.10609598336633719,true,true
33;34;35;36;38,"[33, 34, 35, 36, 38]",5,pll1.2_xf0.8_cc1.2,ok,,,true,true,true,0.10609689190268379,-0.10609689190268379,true,true
33;34;35;36;38,"[33, 34, 35, 36, 38]",5,pll1.2_xf1.2_cc0.8,ok,,,true,true,true,0.10609573015862571,-0.10609573015862571,true,true
33;34;35;36;38,"[33, 34, 35, 36, 38]",5,pll1.2_xf1.2_cc1.2,ok,,,true,true,true,0.10609657412328241,-0.10609657412328241,true,true
30;33;34;35;36;38,"[30, 33, 34, 35, 36, 38]",6,nominal,ok,,,true,true,true,0.13800560068603177,-0.13800560068603177,true,true
30;33;34;35;36;38,"[30, 33, 34, 35, 36, 38]",6,pll0.8_xf0.8_cc0.8,ok,,,true,true,true,0.13800560022298028,-0.13800560022298028,true,true
30;33;34;35;36;38,"[30, 33, 34, 35, 36, 38]",6,pll0.8_xf0.8_cc1.2,ok,,,true,true,true,0.1380056000629451,-0.1380056000629451,true,true
30;33;34;35;36;38,"[30, 33, 34, 35, 36, 38]",6,pll0.8_xf1.2_cc0.8,ok,,,true,true,true,0.1380056004696581,-0.1380056004696581,true,true
30;33;34;35;36;38,"[30, 33, 34, 35, 36, 38]",6,pll0.8_xf1.2_cc1.2,ok,,,true,true,true,0.13800560030961162,-0.13800560030961162,true,true
30;33;34;35;36;38,"[30, 33, 34, 35, 36, 38]",6,pll1.2_xf0.8_cc0.8,ok,,,true,true,true,0.13800560090592984,-0.13800560090592984,true,true
30;33;34;35;36;38,"[30, 33, 34, 35, 36, 38]",6,pll1.2_xf0.8_cc1.2,ok,,,true,true,true,0.13800560074596255,-0.13800560074596255,true,true
30;33;34;35;36;38,"[30, 33, 34, 35, 36, 38]",6,pll1.2_xf1.2_cc0.8,ok,,,true,true,true,0.13800560115270089,-0.13800560115270089,true,true
30;33;34;35;36;38,"[30, 33, 34, 35, 36, 38]",6,pll1.2_xf1.2_cc1.2,ok,,,true,true,true,0.13800560099268233,-0.13800560099268233,true,true
32;33;34;35;36;38,"[32, 33, 34, 35, 36, 38]",6,nominal,ok,,,true,true,true,0.10452878261531204,-0.10452878261531204,true,true
32;33;34;35;36;38,"[32, 33, 34, 35, 36, 38]",6,pll0.8_xf0.8_cc0.8,ok,,,true,true,true,0.10320915388711142,-0.10320915388711142,true,true
32;33;34;35;36;38,"[32, 33, 34, 35, 36, 38]",6,pll0.8_xf0.8_cc1.2,ok,,,true,true,true,0.10321089883214528,-0.10321089883214528,true,true
32;33;34;35;36;38,"[32, 33, 34, 35, 36, 38]",6,pll0.8_xf1.2_cc0.8,ok,,,true,true,true,0.10320924314461247,-0.10320924314461247,true,true
32;33;34;35;36;38,"[32, 33, 34, 35, 36, 38]",6,pll0.8_xf1.2_cc1.2,ok,,,true,true,true,0.10321068773540046,-0.10321068773540046,true,true
32;33;34;35;36;38,"[32, 33, 34, 35, 36, 38]",6,pll1.2_xf0.8_cc0.8,ok,,,true,true,true,0.1053669352985036,-0.1053669352985036,true,true
32;33;34;35;36;38,"[32, 33, 34, 35, 36, 38]",6,pll1.2_xf0.8_cc1.2,ok,,,true,true,true,0.10536832471509201,-0.10536832471509201,true,true
32;33;34;35;36;38,"[32, 33, 34, 35, 36, 38]",6,pll1.2_xf1.2_cc0.8,ok,,,true,true,true,0.10536662672905839,-0.10536662672905839,true,true
32;33;34;35;36;38,"[32, 33, 34, 35, 36, 38]",6,pll1.2_xf1.2_cc1.2,ok,,,true,true,true,0.10536787846288964,-0.10536787846288964,true,true
30;32;33;34;35;36;38,"[30, 32, 33, 34, 35, 36, 38]",7,nominal,ok,,,true,true,true,0.13832542203297876,-0.13832542203297876,true,true
30;32;33;34;35;36;38,"[30, 32, 33, 34, 35, 36, 38]",7,pll0.8_xf0.8_cc0.8,ok,,,true,true,true,0.13832542453272878,-0.13832542453272878,true,true
30;32;33;34;35;36;38,"[30, 32, 33, 34, 35, 36, 38]",7,pll0.8_xf0.8_cc1.2,ok,,,true,true,true,0.13832542347051485,-0.13832542347051485,true,true
30;32;33;34;35;36;38,"[30, 32, 33, 34, 35, 36, 38]",7,pll0.8_xf1.2_cc0.8,ok,,,true,true,true,0.13832542606684162,-0.13832542606684162,true,true
30;32;33;34;35;36;38,"[30, 32, 33, 34, 35, 36, 38]",7,pll0.8_xf1.2_cc1.2,ok,,,true,true,true,0.13832542500422354,-0.13832542500422354,true,true
30;32;33;34;35;36;38,"[30, 32, 33, 34, 35, 36, 38]",7,pll1.2_xf0.8_cc0.8,ok,,,true,true,true,0.1383254205612569,-0.1383254205612569,true,true
30;32;33;34;35;36;38,"[30, 32, 33, 34, 35, 36, 38]",7,pll1.2_xf0.8_cc1.2,ok,,,true,true,true,0.138325419498293,-0.138325419498293,true,true
30;32;33;34;35;36;38,"[30, 32, 33, 34, 35, 36, 38]",7,pll1.2_xf1.2_cc0.8,ok,,,true,true,true,0.13832542209544352,-0.13832542209544352,true,true
30;32;33;34;35;36;38,"[30, 32, 33, 34, 35, 36, 38]",7,pll1.2_xf1.2_cc1.2,ok,,,true,true,true,0.1383254210321836,-0.1383254210321836,true,true
37;38,"[37, 38]",2,nominal,ok,,,true,true,true,0.13791903444611164,-0.13791903444611164,true,true
37;38,"[37, 38]",2,pll0.8_xf0.8_cc0.8,ok,,,true,true,true,0.13791903446997233,-0.13791903446997233,true,true
37;38,"[37, 38]",2,pll0.8_xf0.8_cc1.2,ok,,,true,true,true,0.13791903446369666,-0.13791903446369666,true,true
37;38,"[37, 38]",2,pll0.8_xf1.2_cc0.8,ok,,,true,true,true,0.13791903448758092,-0.13791903448758092,true,true
37;38,"[37, 38]",2,pll0.8_xf1.2_cc1.2,ok,,,true,true,true,0.13791903448120646,-0.13791903448120646,true,true
37;38,"[37, 38]",2,pll1.2_xf0.8_cc0.8,ok,,,true,true,true,0.13791903442621925,-0.13791903442621925,true,true
37;38,"[37, 38]",2,pll1.2_xf0.8_cc1.2,ok,,,true,true,true,0.1379190344198799,-0.1379190344198799,true,true
37;38,"[37, 38]",2,pll1.2_xf1.2_cc0.8,ok,,,true,true,true,0.1379190344437766,-0.1379190344437766,true,true
37;38,"[37, 38]",2,pll1.2_xf1.2_cc1.2,ok,,,true,true,true,0.13791903443740083,-0.13791903443740083,true,true
30;37;38,"[30, 37, 38]",3,nominal,ok,,,true,true,true,0.1379223314635019,-0.1379223314635019,true,true
30;37;38,"[30, 37, 38]",3,pll0.8_xf0.8_cc0.8,ok,,,true,true,true,0.13792233143916152,-0.13792233143916152,true,true
30;37;38,"[30, 37, 38]",3,pll0.8_xf0.8_cc1.2,ok,,,true,true,true,0.13792233140837232,-0.13792233140837232,true,true
30;37;38,"[30, 37, 38]",3,pll0.8_xf1.2_cc0.8,ok,,,true,true,true,0.13792233148210548,-0.13792233148210548,true,true
30;37;38,"[30, 37, 38]",3,pll0.8_xf1.2_cc1.2,ok,,,true,true,true,0.13792233145135688,-0.13792233145135688,true,true
30;37;38,"[30, 37, 38]",3,pll1.2_xf0.8_cc0.8,ok,,,true,true,true,0.13792233147418856,-0.13792233147418856,true,true
30;37;38,"[30, 37, 38]",3,pll1.2_xf0.8_cc1.2,ok,,,true,true,true,0.1379223314434375,-0.1379223314434375,true,true
30;37;38,"[30, 37, 38]",3,pll1.2_xf1.2_cc0.8,ok,,,true,true,true,0.13792233151720265,-0.13792233151720265,true,true
30;37;38,"[30, 37, 38]",3,pll1.2_xf1.2_cc1.2,ok,,,true,true,true,0.13792233148648228,-0.13792233148648228,true,true
32;37;38,"[32, 37, 38]",3,nominal,ok,,,true,true,true,0.13802119965823073,-0.13802119965823073,true,true
32;37;38,"[32, 37, 38]",3,pll0.8_xf0.8_cc0.8,ok,,,true,true,true,0.1380211992962943,-0.1380211992962943,true,true
32;37;38,"[32, 37, 38]",3,pll0.8_xf0.8_cc1.2,ok,,,true,true,true,0.13802119928302556,-0.13802119928302556,true,true
32;37;38,"[32, 37, 38]",3,pll0.8_xf1.2_cc0.8,ok,,,true,true,true,0.1380211992821689,-0.1380211992821689,true,true
32;37;38,"[32, 37, 38]",3,pll0.8_xf1.2_cc1.2,ok,,,true,true,true,0.13802119926891218,-0.13802119926891218,true,true
32;37;38,"[32, 37, 38]",3,pll1.2_xf0.8_cc0.8,ok,,,true,true,true,0.13802119987745937,-0.13802119987745937,true,true
32;37;38,"[32, 37, 38]",3,pll1.2_xf0.8_cc1.2,ok,,,true,true,true,0.13802119986442196,-0.13802119986442196,true,true
32;37;38,"[32, 37, 38]",3,pll1.2_xf1.2_cc0.8,ok,,,true,true,true,0.13802119986364528,-0.13802119986364528,true,true
32;37;38,"[32, 37, 38]",3,pll1.2_xf1.2_cc1.2,ok,,,true,true,true,0.1380211998504089,-0.1380211998504089,true,true
30;32;37;38,"[30, 32, 37, 38]",4,nominal,ok,,,true,true,true,0.13802868741797403,-0.13802868741797403,true,true
30;32;37;38,"[30, 32, 37, 38]",4,pll0.8_xf0.8_cc0.8,ok,,,true,true,true,0.13802868679764752,-0.13802868679764752,true,true
30;32;37;38,"[30, 32, 37, 38]",4,pll0.8_xf0.8_cc1.2,ok,,,true,true,true,0.13802868677213104,-0.13802868677213104,true,true
30;32;37;38,"[30, 32, 37, 38]",4,pll0.8_xf1.2_cc0.8,ok,,,true,true,true,0.1380286867815473,-0.1380286867815473,true,true
30;32;37;38,"[30, 32, 37, 38]",4,pll0.8_xf1.2_cc1.2,ok,,,true,true,true,0.1380286867560879,-0.1380286867560879,true,true
30;32;37;38,"[30, 32, 37, 38]",4,pll1.2_xf0.8_cc0.8,ok,,,true,true,true,0.13802868779083602,-0.13802868779083602,true,true
30;32;37;38,"[30, 32, 37, 38]",4,pll1.2_xf0.8_cc1.2,ok,,,true,true,true,0.1380286877654216,-0.1380286877654216,true,true
30;32;37;38,"[30, 32, 37, 38]",4,pll1.2_xf1.2_cc0.8,ok,,,true,true,true,0.13802868777478053,-0.13802868777478053,true,true
30;32;37;38,"[30, 32, 37, 38]",4,pll1.2_xf1.2_cc1.2,ok,,,true,true,true,0.13802868774936813,-0.13802868774936813,true,true
33;37;38,"[33, 37, 38]",3,nominal,ok,,,true,true,true,0.13793300241262765,-0.13793300241262765,true,true
33;37;38,"[33, 37, 38]",3,pll0.8_xf0.8_cc0.8,ok,,,true,true,true,0.13793300232166725,-0.13793300232166725,true,true
33;37;38,"[33, 37, 38]",3,pll0.8_xf0.8_cc1.2,ok,,,true,true,true,0.13793300231363548,-0.13793300231363548,true,true
33;37;38,"[33, 37, 38]",3,pll0.8_xf1.2_cc0.8,ok,,,true,true,true,0.13793300233613467,-0.13793300233613467,true,true
33;37;38,"[33, 37, 38]",3,pll0.8_xf1.2_cc1.2,ok,,,true,true,true,0.13793300232791428,-0.13793300232791428,true,true
33;37;38,"[33, 37, 38]",3,pll1.2_xf0.8_cc0.8,ok,,,true,true,true,0.13793300245879775,-0.13793300245879775,true,true
33;37;38,"[33, 37, 38]",3,pll1.2_xf0.8_cc1.2,ok,,,true,true,true,0.13793300245010304,-0.13793300245010304,true,true
33;37;38,"[33, 37, 38]",3,pll1.2_xf1.2_cc0.8,ok,,,true,true,true,0.13793300247309992,-0.13793300247309992,true,true
33;37;38,"[33, 37, 38]",3,pll1.2_xf1.2_cc1.2,ok,,,true,true,true,0.13793300246479986,-0.13793300246479986,true,true
30;33;37;38,"[30, 33, 37, 38]",4,nominal,ok,,,true,true,true,0.1379375194064387,-0.1379375194064387,true,true
30;33;37;38,"[30, 33, 37, 38]",4,pll0.8_xf0.8_cc0.8,ok,,,true,true,true,0.13793751930254977,-0.13793751930254977,true,true
30;33;37;38,"[30, 33, 37, 38]",4,pll0.8_xf0.8_cc1.2,ok,,,true,true,true,0.1379375192702533,-0.1379375192702533,true,true
30;33;37;38,"[30, 33, 37, 38]",4,pll0.8_xf1.2_cc0.8,ok,,,true,true,true,0.13793751934493648,-0.13793751934493648,true,true
30;33;37;38,"[30, 33, 37, 38]",4,pll0.8_xf1.2_cc1.2,ok,,,true,true,true,0.1379375193126335,-0.1379375193126335,true,true
30;33;37;38,"[30, 33, 37, 38]",4,pll1.2_xf0.8_cc0.8,ok,,,true,true,true,0.13793751946211835,-0.13793751946211835,true,true
30;33;37;38,"[30, 33, 37, 38]",4,pll1.2_xf0.8_cc1.2,ok,,,true,true,true,0.1379375194298326,-0.1379375194298326,true,true
30;33;37;38,"[30, 33, 37, 38]",4,pll1.2_xf1.2_cc0.8,ok,,,true,true,true,0.13793751950452224,-0.13793751950452224,true,true
30;33;37;38,"[30, 33, 37, 38]",4,pll1.2_xf1.2_cc1.2,ok,,,true,true,true,0.1379375194722645,-0.1379375194722645,true,true
32;33;37;38,"[32, 33, 37, 38]",4,nominal,ok,,,true,true,true,0.13802844498213768,-0.13802844498213768,true,true
32;33;37;38,"[32, 33, 37, 38]",4,pll0.8_xf0.8_cc0.8,ok,,,true,true,true,0.1380284445303689,-0.1380284445303689,true,true
32;33;37;38,"[32, 33, 37, 38]",4,pll0.8_xf0.8_cc1.2,ok,,,true,true,true,0.13802844451362747,-0.13802844451362747,true,true
32;33;37;38,"[32, 33, 37, 38]",4,pll0.8_xf1.2_cc0.8,ok,,,true,true,true,0.13802844451216673,-0.13802844451216673,true,true
32;33;37;38,"[32, 33, 37, 38]",4,pll0.8_xf1.2_cc1.2,ok,,,true,true,true,0.13802844449577137,-0.13802844449577137,true,true
32;33;37;38,"[32, 33, 37, 38]",4,pll1.2_xf0.8_cc0.8,ok,,,true,true,true,0.13802844525632232,-0.13802844525632232,true,true
32;33;37;38,"[32, 33, 37, 38]",4,pll1.2_xf0.8_cc1.2,ok,,,true,true,true,0.13802844523997498,-0.13802844523997498,true,true
32;33;37;38,"[32, 33, 37, 38]",4,pll1.2_xf1.2_cc0.8,ok,,,true,true,true,0.13802844523840427,-0.13802844523840427,true,true
32;33;37;38,"[32, 33, 37, 38]",4,pll1.2_xf1.2_cc1.2,ok,,,true,true,true,0.13802844522202629,-0.13802844522202629,true,true
30;32;33;37;38,"[30, 32, 33, 37, 38]",5,nominal,ok,,,true,true,true,0.13803227466085954,-0.13803227466085954,true,true
30;32;33;37;38,"[30, 32, 33, 37, 38]",5,pll0.8_xf0.8_cc0.8,ok,,,true,true,true,0.1380322741313902,-0.1380322741313902,true,true
30;32;33;37;38,"[30, 32, 33, 37, 38]",5,pll0.8_xf0.8_cc1.2,ok,,,true,true,true,0.13803227411492183,-0.13803227411492183,true,true
30;32;33;37;38,"[30, 32, 33, 37, 38]",5,pll0.8_xf1.2_cc0.8,ok,,,true,true,true,0.13803227411258706,-0.13803227411258706,true,true
30;32;33;37;38,"[30, 32, 33, 37, 38]",5,pll0.8_xf1.2_cc1.2,ok,,,true,true,true,0.13803227409615856,-0.13803227409615856,true,true
30;32;33;37;38,"[30, 32, 33, 37, 38]",5,pll1.2_xf0.8_cc0.8,ok,,,true,true,true,0.13803227497770454,-0.13803227497770454,true,true
30;32;33;37;38,"[30, 32, 33, 37, 38]",5,pll1.2_xf0.8_cc1.2,ok,,,true,true,true,0.13803227496132825,-0.13803227496132825,true,true
30;32;33;37;38,"[30, 32, 33, 37, 38]",5,pll1.2_xf1.2_cc0.8,ok,,,true,true,true,0.13803227495892786,-0.13803227495892786,true,true
30;32;33;37;38,"[30, 32, 33, 37, 38]",5,pll1.2_xf1.2_cc1.2,ok,,,true,true,true,0.13803227494258244,-0.13803227494258244,true,true
34;37;38,"[34, 37, 38]",3,nominal,ok,,,true,true,true,0.13793973994416528,-0.13793973994416528,true,true
34;37;38,"[34, 37, 38]",3,pll0.8_xf0.8_cc0.8,ok,,,true,true,true,0.1379397399460216,-0.1379397399460216,true,true
34;37;38,"[34, 37, 38]",3,pll0.8_xf0.8_cc1.2,ok,,,true,true,true,0.13793973993863834,-0.13793973993863834,true,true
34;37;38,"[34, 37, 38]",3,pll0.8_xf1.2_cc0.8,ok,,,true,true,true,0.13793973997664985,-0.13793973997664985,true,true
34;37;38,"[34, 37, 38]",3,pll0.8_xf1.2_cc1.2,ok,,,true,true,true,0.13793973996976774,-0.13793973996976774,true,true
34;37;38,"[34, 37, 38]",3,pll1.2_xf0.8_cc0.8,ok,,,true,true,true,0.13793973992675634,-0.13793973992675634,true,true
34;37;38,"[34, 37, 38]",3,pll1.2_xf0.8_cc1.2,ok,,,true,true,true,0.13793973991951938,-0.13793973991951938,true,true
34;37;38,"[34, 37, 38]",3,pll1.2_xf1.2_cc0.8,ok,,,true,true,true,0.13793973995799289,-0.13793973995799289,true,true
34;37;38,"[34, 37, 38]",3,pll1.2_xf1.2_cc1.2,ok,,,true,true,true,0.137939739951076,-0.137939739951076,true,true
30;34;37;38,"[30, 34, 37, 38]",4,nominal,ok,,,true,true,true,0.1379454262309016,-0.1379454262309016,true,true
30;34;37;38,"[30, 34, 37, 38]",4,pll0.8_xf0.8_cc0.8,ok,,,true,true,true,0.13794542620156883,-0.13794542620156883,true,true
30;34;37;38,"[30, 34, 37, 38]",4,pll0.8_xf0.8_cc1.2,ok,,,true,true,true,0.1379454261687705,-0.1379454261687705,true,true
30;34;37;38,"[30, 34, 37, 38]",4,pll0.8_xf1.2_cc0.8,ok,,,true,true,true,0.1379454262668084,-0.1379454262668084,true,true
30;34;37;38,"[30, 34, 37, 38]",4,pll0.8_xf1.2_cc1.2,ok,,,true,true,true,0.1379454262339781,-0.1379454262339781,true,true
30;34;37;38,"[30, 34, 37, 38]",4,pll1.2_xf0.8_cc0.8,ok,,,true,true,true,0.1379454262292542,-0.1379454262292542,true,true
30;34;37;38,"[30, 34, 37, 38]",4,pll1.2_xf0.8_cc1.2,ok,,,true,true,true,0.1379454261964335,-0.1379454261964335,true,true
30;34;37;38,"[30, 34, 37, 38]",4,pll1.2_xf1.2_cc0.8,ok,,,true,true,true,0.13794542629447884,-0.13794542629447884,true,true
30;34;37;38,"[30, 34, 37, 38]",4,pll1.2_xf1.2_cc1.2,ok,,,true,true,true,0.13794542626167552,-0.13794542626167552,true,true
32;34;37;38,"[32, 34, 37, 38]",4,nominal,ok,,,true,true,true,0.13803179369818303,-0.13803179369818303,true,true
32;34;37;38,"[32, 34, 37, 38]",4,pll0.8_xf0.8_cc0.8,ok,,,true,true,true,0.13803179336291913,-0.13803179336291913,true,true
32;34;37;38,"[32, 34, 37, 38]",4,pll0.8_xf0.8_cc1.2,ok,,,true,true,true,0.1380317933511085,-0.1380317933511085,true,true
32;34;37;38,"[32, 34, 37, 38]",4,pll0.8_xf1.2_cc0.8,ok,,,true,true,true,0.1380317933527385,-0.1380317933527385,true,true
32;34;37;38,"[32, 34, 37, 38]",4,pll0.8_xf1.2_cc1.2,ok,,,true,true,true,0.1380317933410191,-0.1380317933410191,true,true
32;34;37;38,"[32, 34, 37, 38]",4,pll1.2_xf0.8_cc0.8,ok,,,true,true,true,0.13803179389871867,-0.13803179389871867,true,true
32;34;37;38,"[32, 34, 37, 38]",4,pll1.2_xf0.8_cc1.2,ok,,,true,true,true,0.13803179388690373,-0.13803179388690373,true,true
32;34;37;38,"[32, 34, 37, 38]",4,pll1.2_xf1.2_cc0.8,ok,,,true,true,true,0.13803179388860928,-0.13803179388860928,true,true
32;34;37;38,"[32, 34, 37, 38]",4,pll1.2_xf1.2_cc1.2,ok,,,true,true,true,0.13803179387689812,-0.13803179387689812,true,true
30;32;34;37;38,"[30, 32, 34, 37, 38]",5,nominal,ok,,,true,true,true,0.1380352004857231,-0.1380352004857231,true,true
30;32;34;37;38,"[30, 32, 34, 37, 38]",5,pll0.8_xf0.8_cc0.8,ok,,,true,true,true,0.1380352000297971,-0.1380352000297971,true,true
30;32;34;37;38,"[30, 32, 34, 37, 38]",5,pll0.8_xf0.8_cc1.2,ok,,,true,true,true,0.13803520001229747,-0.13803520001229747,true,true
30;32;34;37;38,"[30, 32, 34, 37, 38]",5,pll0.8_xf1.2_cc0.8,ok,,,true,true,true,0.13803520001769715,-0.13803520001769715,true,true
30;32;34;37;38,"[30, 32, 34, 37, 38]",5,pll0.8_xf1.2_cc1.2,ok,,,true,true,true,0.13803520000025715,-0.13803520000025715,true,true
30;32;34;37;38,"[30, 32, 34, 37, 38]",5,pll1.2_xf0.8_cc0.8,ok,,,true,true,true,0.1380352007586949,-0.1380352007586949,true,true
30;32;34;37;38,"[30, 32, 34, 37, 38]",5,pll1.2_xf0.8_cc1.2,ok,,,true,true,true,0.13803520074129544,-0.13803520074129544,true,true
30;32;34;37;38,"[30, 32, 34, 37, 38]",5,pll1.2_xf1.2_cc0.8,ok,,,true,true,true,0.138035200746685,-0.138035200746685,true,true
30;32;34;37;38,"[30, 32, 34, 37, 38]",5,pll1.2_xf1.2_cc1.2,ok,,,true,true,true,0.1380352007292686,-0.1380352007292686,true,true
33;34;37;38,"[33, 34, 37, 38]",4,nominal,ok,,,true,true,true,0.1379481051469993,-0.1379481051469993,true,true
33;34;37;38,"[33, 34, 37, 38]",4,pll0.8_xf0.8_cc0.8,ok,,,true,true,true,0.13794810540372407,-0.13794810540372407,true,true
33;34;37;38,"[33, 34, 37, 38]",4,pll0.8_xf0.8_cc1.2,ok,,,true,true,true,0.13794810539071534,-0.13794810539071534,true,true
33;34;37;38,"[33, 34, 37, 38]",4,pll0.8_xf1.2_cc0.8,ok,,,true,true,true,0.13794810543893102,-0.13794810543893102,true,true
33;34;37;38,"[33, 34, 37, 38]",4,pll0.8_xf1.2_cc1.2,ok,,,true,true,true,0.137948105426636,-0.137948105426636,true,true
33;34;37;38,"[33, 34, 37, 38]",4,pll1.2_xf0.8_cc0.8,ok,,,true,true,true,0.13794810499371557,-0.13794810499371557,true,true
33;34;37;38,"[33, 34, 37, 38]",4,pll1.2_xf0.8_cc1.2,ok,,,true,true,true,0.13794810498153193,-0.13794810498153193,true,true
33;34;37;38,"[33, 34, 37, 38]",4,pll1.2_xf1.2_cc0.8,ok,,,true,true,true,0.13794810502993202,-0.13794810502993202,true,true
33;34;37;38,"[33, 34, 37, 38]",4,pll1.2_xf1.2_cc1.2,ok,,,true,true,true,0.13794810501729604,-0.13794810501729604,true,true
30;33;34;37;38,"[30, 33, 34, 37, 38]",5,nominal,ok,,,true,true,true,0.13795557575864373,-0.13795557575864373,true,true
30;33;34;37;38,"[30, 33, 34, 37, 38]",5,pll0.8_xf0.8_cc0.8,ok,,,true,true,true,0.13795557606077324,-0.13795557606077324,true,true
30;33;34;37;38,"[30, 33, 34, 37, 38]",5,pll0.8_xf0.8_cc1.2,ok,,,true,true,true,0.13795557601111447,-0.13795557601111447,true,true
30;33;34;37;38,"[30, 33, 34, 37, 38]",5,pll0.8_xf1.2_cc0.8,ok,,,true,true,true,0.13795557613762358,-0.13795557613762358,true,true
30;33;34;37;38,"[30, 33, 34, 37, 38]",5,pll0.8_xf1.2_cc1.2,ok,,,true,true,true,0.13795557608795855,-0.13795557608795855,true,true
30;33;34;37;38,"[30, 33, 34, 37, 38]",5,pll1.2_xf0.8_cc0.8,ok,,,true,true,true,0.13795557558585525,-0.13795557558585525,true,true
30;33;34;37;38,"[30, 33, 34, 37, 38]",5,pll1.2_xf0.8_cc1.2,ok,,,true,true,true,0.13795557553614596,-0.13795557553614596,true,true
30;33;34;37;38,"[30, 33, 34, 37, 38]",5,pll1.2_xf1.2_cc0.8,ok,,,true,true,true,0.13795557566266634,-0.13795557566266634,true,true
30;33;34;37;38,"[30, 33, 34, 37, 38]",5,pll1.2_xf1.2_cc1.2,ok,,,true,true,true,0.13795557561295263,-0.13795557561295263,true,true
32;33;34;37;38,"[32, 33, 34, 37, 38]",5,nominal,ok,,,true,true,true,0.13803363854106165,-0.13803363854106165,true,true
32;33;34;37;38,"[32, 33, 34, 37, 38]",5,pll0.8_xf0.8_cc0.8,ok,,,true,true,true,0.13803363823413653,-0.13803363823413653,true,true
32;33;34;37;38,"[32, 33, 34, 37, 38]",5,pll0.8_xf0.8_cc1.2,ok,,,true,true,true,0.13803363822210934,-0.13803363822210934,true,true
32;33;34;37;38,"[32, 33, 34, 37, 38]",5,pll0.8_xf1.2_cc0.8,ok,,,true,true,true,0.13803363821333328,-0.13803363821333328,true,true
32;33;34;37;38,"[32, 33, 34, 37, 38]",5,pll0.8_xf1.2_cc1.2,ok,,,true,true,true,0.13803363820128495,-0.13803363820128495,true,true
32;33;34;37;38,"[32, 33, 34, 37, 38]",5,pll1.2_xf0.8_cc0.8,ok,,,true,true,true,0.13803363873515087,-0.13803363873515087,true,true
32;33;34;37;38,"[32, 33, 34, 37, 38]",5,pll1.2_xf0.8_cc1.2,ok,,,true,true,true,0.13803363872287078,-0.13803363872287078,true,true
32;33;34;37;38,"[32, 33, 34, 37, 38]",5,pll1.2_xf1.2_cc0.8,ok,,,true,true,true,0.13803363871417004,-0.13803363871417004,true,true
32;33;34;37;38,"[32, 33, 34, 37, 38]",5,pll1.2_xf1.2_cc1.2,ok,,,true,true,true,0.13803363870213903,-0.13803363870213903,true,true
30;32;33;34;37;38,"[30, 32, 33, 34, 37, 38]",6,nominal,ok,,,true,true,true,0.1380351239351029,-0.1380351239351029,true,true
30;32;33;34;37;38,"[30, 32, 33, 34, 37, 38]",6,pll0.8_xf0.8_cc0.8,ok,,,true,true,true,0.13803512366309006,-0.13803512366309006,true,true
30;32;33;34;37;38,"[30, 32, 33, 34, 37, 38]",6,pll0.8_xf0.8_cc1.2,ok,,,true,true,true,0.13803512366342996,-0.13803512366342996,true,true
30;32;33;34;37;38,"[30, 32, 33, 34, 37, 38]",6,pll0.8_xf1.2_cc0.8,ok,,,true,true,true,0.13803512363955556,-0.13803512363955556,true,true
30;32;33;34;37;38,"[30, 32, 33, 34, 37, 38]",6,pll0.8_xf1.2_cc1.2,ok,,,true,true,true,0.13803512363995973,-0.13803512363995973,true,true
30;32;33;34;37;38,"[30, 32, 33, 34, 37, 38]",6,pll1.2_xf0.8_cc0.8,ok,,,true,true,true,0.13803512409970142,-0.13803512409970142,true,true
30;32;33;34;37;38,"[30, 32, 33, 34, 37, 38]",6,pll1.2_xf0.8_cc1.2,ok,,,true,true,true,0.13803512410017926,-0.13803512410017926,true,true
30;32;33;34;37;38,"[30, 32, 33, 34, 37, 38]",6,pll1.2_xf1.2_cc0.8,ok,,,true,true,true,0.13803512407623608,-0.13803512407623608,true,true
30;32;33;34;37;38,"[30, 32, 33, 34, 37, 38]",6,pll1.2_xf1.2_cc1.2,ok,,,true,true,true,0.13803512407670418,-0.13803512407670418,true,true
35;37;38,"[35, 37, 38]",3,nominal,ok,,,true,true,true,0.13793548027531347,-0.13793548027531347,true,true
35;37;38,"[35, 37, 38]",3,pll0.8_xf0.8_cc0.8,ok,,,true,true,true,0.1379354801119915,-0.1379354801119915,true,true
35;37;38,"[35, 37, 38]",3,pll0.8_xf0.8_cc1.2,ok,,,true,true,true,0.13793548009864914,-0.13793548009864914,true,true
35;37;38,"[35, 37, 38]",3,pll0.8_xf1.2_cc0.8,ok,,,true,true,true,0.1379354801151579,-0.1379354801151579,true,true
35;37;38,"[35, 37, 38]",3,pll0.8_xf1.2_cc1.2,ok,,,true,true,true,0.13793548010189824,-0.13793548010189824,true,true
35;37;38,"[35, 37, 38]",3,pll1.2_xf0.8_cc0.8,ok,,,true,true,true,0.13793548037431114,-0.13793548037431114,true,true
35;37;38,"[35, 37, 38]",3,pll1.2_xf0.8_cc1.2,ok,,,true,true,true,0.13793548036142392,-0.13793548036142392,true,true
35;37;38,"[35, 37, 38]",3,pll1.2_xf1.2_cc0.8,ok,,,true,true,true,0.13793548037781156,-0.13793548037781156,true,true
35;37;38,"[35, 37, 38]",3,pll1.2_xf1.2_cc1.2,ok,,,true,true,true,0.13793548036445966,-0.13793548036445966,true,true
30;35;37;38,"[30, 35, 37, 38]",4,nominal,ok,,,true,true,true,0.13794023632233104,-0.13794023632233104,true,true
30;35;37;38,"[30, 35, 37, 38]",4,pll0.8_xf0.8_cc0.8,ok,,,true,true,true,0.13794023612322656,-0.13794023612322656,true,true
30;35;37;38,"[30, 35, 37, 38]",4,pll0.8_xf0.8_cc1.2,ok,,,true,true,true,0.1379402360888688,-0.1379402360888688,true,true
30;35;37;38,"[30, 35, 37, 38]",4,pll0.8_xf1.2_cc0.8,ok,,,true,true,true,0.13794023615137455,-0.13794023615137455,true,true
30;35;37;38,"[30, 35, 37, 38]",4,pll0.8_xf1.2_cc1.2,ok,,,true,true,true,0.13794023611701797,-0.13794023611701797,true,true
30;35;37;38,"[30, 35, 37, 38]",4,pll1.2_xf0.8_cc0.8,ok,,,true,true,true,0.1379402364424753,-0.1379402364424753,true,true
30;35;37;38,"[30, 35, 37, 38]",4,pll1.2_xf0.8_cc1.2,ok,,,true,true,true,0.13794023640813163,-0.13794023640813163,true,true
30;35;37;38,"[30, 35, 37, 38]",4,pll1.2_xf1.2_cc0.8,ok,,,true,true,true,0.13794023647059725,-0.13794023647059725,true,true
30;35;37;38,"[30, 35, 37, 38]",4,pll1.2_xf1.2_cc1.2,ok,,,true,true,true,0.13794023643629996,-0.13794023643629996,true,true
32;35;37;38,"[32, 35, 37, 38]",4,nominal,ok,,,true,true,true,0.13803830610269255,-0.13803830610269255,true,true
32;35;37;38,"[32, 35, 37, 38]",4,pll0.8_xf0.8_cc0.8,ok,,,true,true,true,0.13803830545159834,-0.13803830545159834,true,true
32;35;37;38,"[32, 35, 37, 38]",4,pll0.8_xf0.8_cc1.2,ok,,,true,true,true,0.13803830541828718,-0.13803830541828718,true,true
32;35;37;38,"[32, 35, 37, 38]",4,pll0.8_xf1.2_cc0.8,ok,,,true,true,true,0.1380383054209844,-0.1380383054209844,true,true
32;35;37;38,"[32, 35, 37, 38]",4,pll0.8_xf1.2_cc1.2,ok,,,true,true,true,0.13803830538779974,-0.13803830538779974,true,true
32;35;37;38,"[32, 35, 37, 38]",4,pll1.2_xf0.8_cc0.8,ok,,,true,true,true,0.13803830651170293,-0.13803830651170293,true,true
32;35;37;38,"[32, 35, 37, 38]",4,pll1.2_xf0.8_cc1.2,ok,,,true,true,true,0.13803830647843418,-0.13803830647843418,true,true
32;35;37;38,"[32, 35, 37, 38]",4,pll1.2_xf1.2_cc0.8,ok,,,true,true,true,0.13803830648070758,-0.13803830648070758,true,true
32;35;37;38,"[32, 35, 37, 38]",4,pll1.2_xf1.2_cc1.2,ok,,,true,true,true,0.13803830644748022,-0.13803830644748022,true,true
30;32;35;37;38,"[30, 32, 35, 37, 38]",5,nominal,ok,,,true,true,true,0.13804003168652698,-0.13804003168652698,true,true
30;32;35;37;38,"[30, 32, 35, 37, 38]",5,pll0.8_xf0.8_cc0.8,ok,,,true,true,true,0.13804003104973786,-0.13804003104973786,true,true
30;32;35;37;38,"[30, 32, 35, 37, 38]",5,pll0.8_xf0.8_cc1.2,ok,,,true,true,true,0.13804003102136186,-0.13804003102136186,true,true
30;32;35;37;38,"[30, 32, 35, 37, 38]",5,pll0.8_xf1.2_cc0.8,ok,,,true,true,true,0.1380400310193647,-0.1380400310193647,true,true
30;32;35;37;38,"[30, 32, 35, 37, 38]",5,pll0.8_xf1.2_cc1.2,ok,,,true,true,true,0.13804003099105713,-0.13804003099105713,true,true
30;32;35;37;38,"[30, 32, 35, 37, 38]",5,pll1.2_xf0.8_cc0.8,ok,,,true,true,true,0.138040032082099,-0.138040032082099,true,true
30;32;35;37;38,"[30, 32, 35, 37, 38]",5,pll1.2_xf0.8_cc1.2,ok,,,true,true,true,0.13804003205383322,-0.13804003205383322,true,true
30;32;35;37;38,"[30, 32, 35, 37, 38]",5,pll1.2_xf1.2_cc0.8,ok,,,true,true,true,0.13804003205181156,-0.13804003205181156,true,true
30;32;35;37;38,"[30, 32, 35, 37, 38]",5,pll1.2_xf1.2_cc1.2,ok,,,true,true,true,0.13804003202357254,-0.13804003202357254,true,true
33;35;37;38,"[33, 35, 37, 38]",4,nominal,ok,,,true,true,true,0.13795044243554475,-0.13795044243554475,true,true
33;35;37;38,"[33, 35, 37, 38]",4,pll0.8_xf0.8_cc0.8,ok,,,true,true,true,0.1379504421799413,-0.1379504421799413,true,true
33;35;37;38,"[33, 35, 37, 38]",4,pll0.8_xf0.8_cc1.2,ok,,,true,true,true,0.13795044216512517,-0.13795044216512517,true,true
33;35;37;38,"[33, 35, 37, 38]",4,pll0.8_xf1.2_cc0.8,ok,,,true,true,true,0.1379504421718869,-0.1379504421718869,true,true
33;35;37;38,"[33, 35, 37, 38]",4,pll0.8_xf1.2_cc1.2,ok,,,true,true,true,0.1379504421563317,-0.1379504421563317,true,true
33;35;37;38,"[33, 35, 37, 38]",4,pll1.2_xf0.8_cc0.8,ok,,,true,true,true,0.137950442595606,-0.137950442595606,true,true
33;35;37;38,"[33, 35, 37, 38]",4,pll1.2_xf0.8_cc1.2,ok,,,true,true,true,0.13795044257955125,-0.13795044257955125,true,true
33;35;37;38,"[33, 35, 37, 38]",4,pll1.2_xf1.2_cc0.8,ok,,,true,true,true,0.13795044258698727,-0.13795044258698727,true,true
33;35;37;38,"[33, 35, 37, 38]",4,pll1.2_xf1.2_cc1.2,ok,,,true,true,true,0.13795044257200348,-0.13795044257200348,true,true
30;33;35;37;38,"[30, 33, 35, 37, 38]",5,nominal,ok,,,true,true,true,0.1379583887003444,-0.1379583887003444,true,true
30;33;35;37;38,"[30, 33, 35, 37, 38]",5,pll0.8_xf0.8_cc0.8,ok,,,true,true,true,0.1379583883807493,-0.1379583883807493,true,true
30;33;35;37;38,"[30, 33, 35, 37, 38]",5,pll0.8_xf0.8_cc1.2,ok,,,true,true,true,0.13795838834457194,-0.13795838834457194,true,true
30;33;35;37;38,"[30, 33, 35, 37, 38]",5,pll0.8_xf1.2_cc0.8,ok,,,true,true,true,0.13795838838644484,-0.13795838838644484,true,true
30;33;35;37;38,"[30, 33, 35, 37, 38]",5,pll0.8_xf1.2_cc1.2,ok,,,true,true,true,0.13795838835029364,-0.13795838835029364,true,true
30;33;35;37;38,"[30, 33, 35, 37, 38]",5,pll1.2_xf0.8_cc0.8,ok,,,true,true,true,0.13795838890464482,-0.13795838890464482,true,true
30;33;35;37;38,"[30, 33, 35, 37, 38]",5,pll1.2_xf0.8_cc1.2,ok,,,true,true,true,0.1379583888685304,-0.1379583888685304,true,true
30;33;35;37;38,"[30, 33, 35, 37, 38]",5,pll1.2_xf1.2_cc0.8,ok,,,true,true,true,0.137958388910373,-0.137958388910373,true,true
30;33;35;37;38,"[30, 33, 35, 37, 38]",5,pll1.2_xf1.2_cc1.2,ok,,,true,true,true,0.13795838887425116,-0.13795838887425116,true,true
32;33;35;37;38,"[32, 33, 35, 37, 38]",5,nominal,ok,,,true,true,true,0.13805185775313597,-0.13805185775313597,true,true
32;33;35;37;38,"[32, 33, 35, 37, 38]",5,pll0.8_xf0.8_cc0.8,ok,,,true,true,true,0.13805185675030365,-0.13805185675030365,true,true
32;33;35;37;38,"[32, 33, 35, 37, 38]",5,pll0.8_xf0.8_cc1.2,ok,,,true,true,true,0.13805185669497144,-0.13805185669497144,true,true
32;33;35;37;38,"[32, 33, 35, 37, 38]",5,pll0.8_xf1.2_cc0.8,ok,,,true,true,true,0.13805185668877643,-0.13805185668877643,true,true
32;33;35;37;38,"[32, 33, 35, 37, 38]",5,pll0.8_xf1.2_cc1.2,ok,,,true,true,true,0.1380518566335876,-0.1380518566335876,true,true
32;33;35;37;38,"[32, 33, 35, 37, 38]",5,pll1.2_xf0.8_cc0.8,ok,,,true,true,true,0.13805185839651837,-0.13805185839651837,true,true
32;33;35;37;38,"[32, 33, 35, 37, 38]",5,pll1.2_xf0.8_cc1.2,ok,,,true,true,true,0.13805185834152336,-0.13805185834152336,true,true
32;33;35;37;38,"[32, 33, 35, 37, 38]",5,pll1.2_xf1.2_cc0.8,ok,,,true,true,true,0.13805185833553782,-0.13805185833553782,true,true
32;33;35;37;38,"[32, 33, 35, 37, 38]",5,pll1.2_xf1.2_cc1.2,ok,,,true,true,true,0.13805185828076894,-0.13805185828076894,true,true
30;32;33;35;37;38,"[30, 32, 33, 35, 37, 38]",6,nominal,ok,,,true,true,true,0.13804937847533477,-0.13804937847533477,true,true
30;32;33;35;37;38,"[30, 32, 33, 35, 37, 38]",6,pll0.8_xf0.8_cc0.8,ok,,,true,true,true,0.13804937777606352,-0.13804937777606352,true,true
30;32;33;35;37;38,"[30, 32, 33, 35, 37, 38]",6,pll0.8_xf0.8_cc1.2,ok,,,true,true,true,0.1380493777487934,-0.1380493777487934,true,true
30;32;33;35;37;38,"[30, 32, 33, 35, 37, 38]",6,pll0.8_xf1.2_cc0.8,ok,,,true,true,true,0.1380493777070145,-0.1380493777070145,true,true
30;32;33;35;37;38,"[30, 32, 33, 35, 37, 38]",6,pll0.8_xf1.2_cc1.2,ok,,,true,true,true,0.13804937767979697,-0.13804937767979697,true,true
30;32;33;35;37;38,"[30, 32, 33, 35, 37, 38]",6,pll1.2_xf0.8_cc0.8,ok,,,true,true,true,0.13804937893337021,-0.13804937893337021,true,true
30;32;33;35;37;38,"[30, 32, 33, 35, 37, 38]",6,pll1.2_xf0.8_cc1.2,ok,,,true,true,true,0.13804937890617688,-0.13804937890617688,true,true
30;32;33;35;37;38,"[30, 32, 33, 35, 37, 38]",6,pll1.2_xf1.2_cc0.8,ok,,,true,true,true,0.13804937886432173,-0.13804937886432173,true,true
30;32;33;35;37;38,"[30, 32, 33, 35, 37, 38]",6,pll1.2_xf1.2_cc1.2,ok,,,true,true,true,0.13804937883720517,-0.13804937883720517,true,true
34;35;37;38,"[34, 35, 37, 38]",4,nominal,ok,,,true,true,true,0.13795805338216954,-0.13795805338216954,true,true
34;35;37;38,"[34, 35, 37, 38]",4,pll0.8_xf0.8_cc0.8,ok,,,true,true,true,0.1379580532174039,-0.1379580532174039,true,true
34;35;37;38,"[34, 35, 37, 38]",4,pll0.8_xf0.8_cc1.2,ok,,,true,true,true,0.13795805320521326,-0.13795805320521326,true,true
34;35;37;38,"[34, 35, 37, 38]",4,pll0.8_xf1.2_cc0.8,ok,,,true,true,true,0.1379580532334069,-0.1379580532334069,true,true
34;35;37;38,"[34, 35, 37, 38]",4,pll0.8_xf1.2_cc1.2,ok,,,true,true,true,0.13795805321934762,-0.13795805321934762,true,true
34;35;37;38,"[34, 35, 37, 38]",4,pll1.2_xf0.8_cc0.8,ok,,,true,true,true,0.13795805347245307,-0.13795805347245307,true,true
34;35;37;38,"[34, 35, 37, 38]",4,pll1.2_xf0.8_cc1.2,ok,,,true,true,true,0.1379580534586048,-0.1379580534586048,true,true
34;35;37;38,"[34, 35, 37, 38]",4,pll1.2_xf1.2_cc0.8,ok,,,true,true,true,0.13795805348632467,-0.13795805348632467,true,true
34;35;37;38,"[34, 35, 37, 38]",4,pll1.2_xf1.2_cc1.2,ok,,,true,true,true,0.1379580534738261,-0.1379580534738261,true,true
30;34;35;37;38,"[30, 34, 35, 37, 38]",5,nominal,ok,,,true,true,true,0.13796835271556754,-0.13796835271556754,true,true
30;34;35;37;38,"[30, 34, 35, 37, 38]",5,pll0.8_xf0.8_cc0.8,ok,,,true,true,true,0.13796835244314778,-0.13796835244314778,true,true
30;34;35;37;38,"[30, 34, 35, 37, 38]",5,pll0.8_xf0.8_cc1.2,ok,,,true,true,true,0.13796835240859984,-0.13796835240859984,true,true
30;34;35;37;38,"[30, 34, 35, 37, 38]",5,pll0.8_xf1.2_cc0.8,ok,,,true,true,true,0.13796835248312134,-0.13796835248312134,true,true
30;34;35;37;38,"[30, 34, 35, 37, 38]",5,pll0.8_xf1.2_cc1.2,ok,,,true,true,true,0.1379683524486156,-0.1379683524486156,true,true
30;34;35;37;38,"[30, 34, 35, 37, 38]",5,pll1.2_xf0.8_cc0.8,ok,,,true,true,true,0.1379683528663355,-0.1379683528663355,true,true
30;34;35;37;38,"[30, 34, 35, 37, 38]",5,pll1.2_xf0.8_cc1.2,ok,,,true,true,true,0.13796835283184045,-0.13796835283184045,true,true
30;34;35;37;38,"[30, 34, 35, 37, 38]",5,pll1.2_xf1.2_cc0.8,ok,,,true,true,true,0.13796835290634926,-0.13796835290634926,true,true
30;34;35;37;38,"[30, 34, 35, 37, 38]",5,pll1.2_xf1.2_cc1.2,ok,,,true,true,true,0.13796835287187054,-0.13796835287187054,true,true
32;34;35;37;38,"[32, 34, 35, 37, 38]",5,nominal,ok,,,true,true,true,0.1380589216857917,-0.1380589216857917,true,true
32;34;35;37;38,"[32, 34, 35, 37, 38]",5,pll0.8_xf0.8_cc0.8,ok,,,true,true,true,0.13805892080952853,-0.13805892080952853,true,true
32;34;35;37;38,"[32, 34, 35, 37, 38]",5,pll0.8_xf0.8_cc1.2,ok,,,true,true,true,0.13805892075684678,-0.13805892075684678,true,true
32;34;35;37;38,"[32, 34, 35, 37, 38]",5,pll0.8_xf1.2_cc0.8,ok,,,true,true,true,0.1380589207596261,-0.1380589207596261,true,true
32;34;35;37;38,"[32, 34, 35, 37, 38]",5,pll0.8_xf1.2_cc1.2,ok,,,true,true,true,0.13805892070728834,-0.13805892070728834,true,true
32;34;35;37;38,"[32, 34, 35, 37, 38]",5,pll1.2_xf0.8_cc0.8,ok,,,true,true,true,0.1380589222494528,-0.1380589222494528,true,true
32;34;35;37;38,"[32, 34, 35, 37, 38]",5,pll1.2_xf0.8_cc1.2,ok,,,true,true,true,0.13805892219738575,-0.13805892219738575,true,true
32;34;35;37;38,"[32, 34, 35, 37, 38]",5,pll1.2_xf1.2_cc0.8,ok,,,true,true,true,0.13805892220019675,-0.13805892220019675,true,true
32;34;35;37;38,"[32, 34, 35, 37, 38]",5,pll1.2_xf1.2_cc1.2,ok,,,true,true,true,0.13805892214782972,-0.13805892214782972,true,true
30;32;34;35;37;38,"[30, 32, 34, 35, 37, 38]",6,nominal,ok,,,true,true,true,0.13805694652829842,-0.13805694652829842,true,true
30;32;34;35;37;38,"[30, 32, 34, 35, 37, 38]",6,pll0.8_xf0.8_cc0.8,ok,,,true,true,true,0.13805694585756126,-0.13805694585756126,true,true
30;32;34;35;37;38,"[30, 32, 34, 35, 37, 38]",6,pll0.8_xf0.8_cc1.2,ok,,,true,true,true,0.13805694582315575,-0.13805694582315575,true,true
30;32;34;35;37;38,"[30, 32, 34, 35, 37, 38]",6,pll0.8_xf1.2_cc0.8,ok,,,true,true,true,0.1380569457970383,-0.1380569457970383,true,true
30;32;34;35;37;38,"[30, 32, 34, 35, 37, 38]",6,pll0.8_xf1.2_cc1.2,ok,,,true,true,true,0.1380569457627045,-0.1380569457627045,true,true
30;32;34;35;37;38,"[30, 32, 34, 35, 37, 38]",6,pll1.2_xf0.8_cc0.8,ok,,,true,true,true,0.13805694697141588,-0.13805694697141588,true,true
30;32;34;35;37;38,"[30, 32, 34, 35, 37, 38]",6,pll1.2_xf0.8_cc1.2,ok,,,true,true,true,0.1380569469371194,-0.1380569469371194,true,true
30;32;34;35;37;38,"[30, 32, 34, 35, 37, 38]",6,pll1.2_xf1.2_cc0.8,ok,,,true,true,true,0.1380569469109559,-0.1380569469109559,true,true
30;32;34;35;37;38,"[30, 32, 34, 35, 37, 38]",6,pll1.2_xf1.2_cc1.2,ok,,,true,true,true,0.1380569468766987,-0.1380569468766987,true,true
33;34;35;37;38,"[33, 34, 35, 37, 38]",5,nominal,ok,,,true,true,true,0.1379654313118683,-0.1379654313118683,true,true
33;34;35;37;38,"[33, 34, 35, 37, 38]",5,pll0.8_xf0.8_cc0.8,ok,,,true,true,true,0.13796543147917567,-0.13796543147917567,true,true
33;34;35;37;38,"[33, 34, 35, 37, 38]",5,pll0.8_xf0.8_cc1.2,ok,,,true,true,true,0.13796543146049903,-0.13796543146049903,true,true
33;34;35;37;38,"[33, 34, 35, 37, 38]",5,pll0.8_xf1.2_cc0.8,ok,,,true,true,true,0.1379654314950423,-0.1379654314950423,true,true
33;34;35;37;38,"[33, 34, 35, 37, 38]",5,pll0.8_xf1.2_cc1.2,ok,,,true,true,true,0.13796543147794074,-0.13796543147794074,true,true
33;34;35;37;38,"[33, 34, 35, 37, 38]",5,pll1.2_xf0.8_cc0.8,ok,,,true,true,true,0.13796543122637595,-0.13796543122637595,true,true
33;34;35;37;38,"[33, 34, 35, 37, 38]",5,pll1.2_xf0.8_cc1.2,ok,,,true,true,true,0.13796543120833712,-0.13796543120833712,true,true
33;34;35;37;38,"[33, 34, 35, 37, 38]",5,pll1.2_xf1.2_cc0.8,ok,,,true,true,true,0.13796543124320793,-0.13796543124320793,true,true
33;34;35;37;38,"[33, 34, 35, 37, 38]",5,pll1.2_xf1.2_cc1.2,ok,,,true,true,true,0.13796543122533544,-0.13796543122533544,true,true
30;33;34;35;37;38,"[30, 33, 34, 35, 37, 38]",6,nominal,ok,,,true,true,true,0.1379773937393139,-0.1379773937393139,true,true
30;33;34;35;37;38,"[30, 33, 34, 35, 37, 38]",6,pll0.8_xf0.8_cc0.8,ok,,,true,true,true,0.13797739391119457,-0.13797739391119457,true,true
30;33;34;35;37;38,"[30, 33, 34, 35, 37, 38]",6,pll0.8_xf0.8_cc1.2,ok,,,true,true,true,0.13797739386655117,-0.13797739386655117,true,true
30;33;34;35;37;38,"[30, 33, 34, 35, 37, 38]",6,pll0.8_xf1.2_cc0.8,ok,,,true,true,true,0.13797739394881384,-0.13797739394881384,true,true
30;33;34;35;37;38,"[30, 33, 34, 35, 37, 38]",6,pll0.8_xf1.2_cc1.2,ok,,,true,true,true,0.1379773939041434,-0.1379773939041434,true,true
30;33;34;35;37;38,"[30, 33, 34, 35, 37, 38]",6,pll1.2_xf0.8_cc0.8,ok,,,true,true,true,0.13797739366206743,-0.13797739366206743,true,true
30;33;34;35;37;38,"[30, 33, 34, 35, 37, 38]",6,pll1.2_xf0.8_cc1.2,ok,,,true,true,true,0.13797739361739325,-0.13797739361739325,true,true
30;33;34;35;37;38,"[30, 33, 34, 35, 37, 38]",6,pll1.2_xf1.2_cc0.8,ok,,,true,true,true,0.1379773936996644,-0.1379773936996644,true,true
30;33;34;35;37;38,"[30, 33, 34, 35, 37, 38]",6,pll1.2_xf1.2_cc1.2,ok,,,true,true,true,0.1379773936549554,-0.1379773936549554,true,true
32;33;34;35;37;38,"[32, 33, 34, 35, 37, 38]",6,nominal,ok,,,true,true,true,0.1380617696777201,-0.1380617696777201,true,true
32;33;34;35;37;38,"[32, 33, 34, 35, 37, 38]",6,pll0.8_xf0.8_cc0.8,ok,,,true,true,true,0.1380617688303652,-0.1380617688303652,true,true
32;33;34;35;37;38,"[32, 33, 34, 35, 37, 38]",6,pll0.8_xf0.8_cc1.2,ok,,,true,true,true,0.13806176877138815,-0.13806176877138815,true,true
32;33;34;35;37;38,"[32, 33, 34, 35, 37, 38]",6,pll0.8_xf1.2_cc0.8,ok,,,true,true,true,0.13806176874705992,-0.13806176874705992,true,true
32;33;34;35;37;38,"[32, 33, 34, 35, 37, 38]",6,pll0.8_xf1.2_cc1.2,ok,,,true,true,true,0.13806176868832104,-0.13806176868832104,true,true
32;33;34;35;37;38,"[32, 33, 34, 35, 37, 38]",6,pll1.2_xf0.8_cc0.8,ok,,,true,true,true,0.13806177025959146,-0.13806177025959146,true,true
32;33;34;35;37;38,"[32, 33, 34, 35, 37, 38]",6,pll1.2_xf0.8_cc1.2,ok,,,true,true,true,0.1380617702003911,-0.1380617702003911,true,true
32;33;34;35;37;38,"[32, 33, 34, 35, 37, 38]",6,pll1.2_xf1.2_cc0.8,ok,,,true,true,true,0.13806177017753732,-0.13806177017753732,true,true
32;33;34;35;37;38,"[32, 33, 34, 35, 37, 38]",6,pll1.2_xf1.2_cc1.2,ok,,,true,true,true,0.1380617701200927,-0.1380617701200927,true,true
30;32;33;34;35;37;38,"[30, 32, 33, 34, 35, 37, 38]",7,nominal,ok,,,true,true,true,0.1380576595104841,-0.1380576595104841,true,true
30;32;33;34;35;37;38,"[30, 32, 33, 34, 35, 37, 38]",7,pll0.8_xf0.8_cc0.8,ok,,,true,true,true,0.13805765920167015,-0.13805765920167015,true,true
30;32;33;34;35;37;38,"[30, 32, 33, 34, 35, 37, 38]",7,pll0.8_xf0.8_cc1.2,ok,,,true,true,true,0.13805765919623522,-0.13805765919623522,true,true
30;32;33;34;35;37;38,"[30, 32, 33, 34, 35, 37, 38]",7,pll0.8_xf1.2_cc0.8,ok,,,true,true,true,0.13805765907823464,-0.13805765907823464,true,true
30;32;33;34;35;37;38,"[30, 32, 33, 34, 35, 37, 38]",7,pll0.8_xf1.2_cc1.2,ok,,,true,true,true,0.13805765907285028,-0.13805765907285028,true,true
30;32;33;34;35;37;38,"[30, 32, 33, 34, 35, 37, 38]",7,pll1.2_xf0.8_cc0.8,ok,,,true,true,true,0.138057659777687,-0.138057659777687,true,true
30;32;33;34;35;37;38,"[30, 32, 33, 34, 35, 37, 38]",7,pll1.2_xf0.8_cc1.2,ok,,,true,true,true,0.13805765977231185,-0.13805765977231185,true,true
30;32;33;34;35;37;38,"[30, 32, 33, 34, 35, 37, 38]",7,pll1.2_xf1.2_cc0.8,ok,,,true,true,true,0.1380576596542572,-0.1380576596542572,true,true
30;32;33;34;35;37;38,"[30, 32, 33, 34, 35, 37, 38]",7,pll1.2_xf1.2_cc1.2,ok,,,true,true,true,0.1380576596489192,-0.1380576596489192,true,true
36;37;38,"[36, 37, 38]",3,nominal,ok,,,true,true,true,0.13735776425208582,-0.13735776425208582,true,true
36;37;38,"[36, 37, 38]",3,pll0.8_xf0.8_cc0.8,ok,,,true,true,true,0.13736147892811737,-0.13736147892811737,true,true
36;37;38,"[36, 37, 38]",3,pll0.8_xf0.8_cc1.2,ok,,,true,true,true,0.1373615170860638,-0.1373615170860638,true,true
36;37;38,"[36, 37, 38]",3,pll0.8_xf1.2_cc0.8,ok,,,true,true,true,0.1373614546398173,-0.1373614546398173,true,true
36;37;38,"[36, 37, 38]",3,pll0.8_xf1.2_cc1.2,ok,,,true,true,true,0.13736149579006104,-0.13736149579006104,true,true
36;37;38,"[36, 37, 38]",3,pll1.2_xf0.8_cc0.8,ok,,,true,true,true,0.13735561037511357,-0.13735561037511357,true,true
36;37;38,"[36, 37, 38]",3,pll1.2_xf0.8_cc1.2,ok,,,true,true,true,0.13735565387105822,-0.13735565387105822,true,true
36;37;38,"[36, 37, 38]",3,pll1.2_xf1.2_cc0.8,ok,,,true,true,true,0.13735558869114256,-0.13735558869114256,true,true
36;37;38,"[36, 37, 38]",3,pll1.2_xf1.2_cc1.2,ok,,,true,true,true,0.1373556334635163,-0.1373556334635163,true,true
30;36;37;38,"[30, 36, 37, 38]",4,nominal,ok,,,true,true,true,0.13763739289280355,-0.13763739289280355,true,true
30;36;37;38,"[30, 36, 37, 38]",4,pll0.8_xf0.8_cc0.8,ok,,,true,true,true,0.13762672076873217,-0.13762672076873217,true,true
30;36;37;38,"[30, 36, 37, 38]",4,pll0.8_xf0.8_cc1.2,ok,,,true,true,true,0.13762677029761702,-0.13762677029761702,true,true
30;36;37;38,"[30, 36, 37, 38]",4,pll0.8_xf1.2_cc0.8,ok,,,true,true,true,0.13762669048977944,-0.13762669048977944,true,true
30;36;37;38,"[30, 36, 37, 38]",4,pll0.8_xf1.2_cc1.2,ok,,,true,true,true,0.1376267422418549,-0.1376267422418549,true,true
30;36;37;38,"[30, 36, 37, 38]",4,pll1.2_xf0.8_cc0.8,ok,,,true,true,true,0.1376431764578535,-0.1376431764578535,true,true
30;36;37;38,"[30, 36, 37, 38]",4,pll1.2_xf0.8_cc1.2,ok,,,true,true,true,0.13764323012718926,-0.13764323012718926,true,true
30;36;37;38,"[30, 36, 37, 38]",4,pll1.2_xf1.2_cc0.8,ok,,,true,true,true,0.13764314767475777,-0.13764314767475777,true,true
30;36;37;38,"[30, 36, 37, 38]",4,pll1.2_xf1.2_cc1.2,ok,,,true,true,true,0.1376432023638923,-0.1376432023638923,true,true
32;36;37;38,"[32, 36, 37, 38]",4,nominal,ok,,,true,true,true,0.13724800637802115,-0.13724800637802115,true,true
32;36;37;38,"[32, 36, 37, 38]",4,pll0.8_xf0.8_cc0.8,ok,,,true,true,true,0.137244214572281,-0.137244214572281,true,true
32;36;37;38,"[32, 36, 37, 38]",4,pll0.8_xf0.8_cc1.2,ok,,,true,true,true,0.13724425475068647,-0.13724425475068647,true,true
32;36;37;38,"[32, 36, 37, 38]",4,pll0.8_xf1.2_cc0.8,ok,,,true,true,true,0.13724418793774523,-0.13724418793774523,true,true
32;36;37;38,"[32, 36, 37, 38]",4,pll0.8_xf1.2_cc1.2,ok,,,true,true,true,0.13724423124583707,-0.13724423124583707,true,true
32;36;37;38,"[32, 36, 37, 38]",4,pll1.2_xf0.8_cc0.8,ok,,,true,true,true,0.13724997577460069,-0.13724997577460069,true,true
32;36;37;38,"[32, 36, 37, 38]",4,pll1.2_xf0.8_cc1.2,ok,,,true,true,true,0.1372500215802889,-0.1372500215802889,true,true
32;36;37;38,"[32, 36, 37, 38]",4,pll1.2_xf1.2_cc0.8,ok,,,true,true,true,0.13724995171936608,-0.13724995171936608,true,true
32;36;37;38,"[32, 36, 37, 38]",4,pll1.2_xf1.2_cc1.2,ok,,,true,true,true,0.1372499988979553,-0.1372499988979553,true,true
30;32;36;37;38,"[30, 32, 36, 37, 38]",5,nominal,ok,,,true,true,true,0.13753351540846875,-0.13753351540846875,true,true
30;32;36;37;38,"[30, 32, 36, 37, 38]",5,pll0.8_xf0.8_cc0.8,ok,,,true,true,true,0.13751437991084361,-0.13751437991084361,true,true
30;32;36;37;38,"[30, 32, 36, 37, 38]",5,pll0.8_xf0.8_cc1.2,ok,,,true,true,true,0.13751443647176742,-0.13751443647176742,true,true
30;32;36;37;38,"[30, 32, 36, 37, 38]",5,pll0.8_xf1.2_cc0.8,ok,,,true,true,true,0.13751434758530223,-0.13751434758530223,true,true
30;32;36;37;38,"[30, 32, 36, 37, 38]",5,pll0.8_xf1.2_cc1.2,ok,,,true,true,true,0.13751440541507948,-0.13751440541507948,true,true
30;32;36;37;38,"[30, 32, 36, 37, 38]",5,pll1.2_xf0.8_cc0.8,ok,,,true,true,true,0.1375440495264726,-0.1375440495264726,true,true
30;32;36;37;38,"[30, 32, 36, 37, 38]",5,pll1.2_xf0.8_cc1.2,ok,,,true,true,true,0.13754410887805216,-0.13754410887805216,true,true
30;32;36;37;38,"[30, 32, 36, 37, 38]",5,pll1.2_xf1.2_cc0.8,ok,,,true,true,true,0.13754401744558786,-0.13754401744558786,true,true
30;32;36;37;38,"[30, 32, 36, 37, 38]",5,pll1.2_xf1.2_cc1.2,ok,,,true,true,true,0.13754407742707914,-0.13754407742707914,true,true
33;36;37;38,"[33, 36, 37, 38]",4,nominal,ok,,,true,true,true,0.13796816870727166,-0.13796816870727166,true,true
33;36;37;38,"[33, 36, 37, 38]",4,pll0.8_xf0.8_cc0.8,ok,,,true,true,true,0.1379681686847522,-0.1379681686847522,true,true
33;36;37;38,"[33, 36, 37, 38]",4,pll0.8_xf0.8_cc1.2,ok,,,true,true,true,0.1379681686737775,-0.1379681686737775,true,true
33;36;37;38,"[33, 36, 37, 38]",4,pll0.8_xf1.2_cc0.8,ok,,,true,true,true,0.13796816874144888,-0.13796816874144888,true,true
33;36;37;38,"[33, 36, 37, 38]",4,pll0.8_xf1.2_cc1.2,ok,,,true,true,true,0.1379681687296432,-0.1379681687296432,true,true
33;36;37;38,"[33, 36, 37, 38]",4,pll1.2_xf0.8_cc0.8,ok,,,true,true,true,0.1379681686872678,-0.1379681686872678,true,true
33;36;37;38,"[33, 36, 37, 38]",4,pll1.2_xf0.8_cc1.2,ok,,,true,true,true,0.1379681686748586,-0.1379681686748586,true,true
33;36;37;38,"[33, 36, 37, 38]",4,pll1.2_xf1.2_cc0.8,ok,,,true,true,true,0.13796816874324555,-0.13796816874324555,true,true
33;36;37;38,"[33, 36, 37, 38]",4,pll1.2_xf1.2_cc1.2,ok,,,true,true,true,0.13796816873148465,-0.13796816873148465,true,true
30;33;36;37;38,"[30, 33, 36, 37, 38]",5,nominal,ok,,,true,true,true,0.13798214330008274,-0.13798214330008274,true,true
30;33;36;37;38,"[30, 33, 36, 37, 38]",5,pll0.8_xf0.8_cc0.8,ok,,,true,true,true,0.13798214315430446,-0.13798214315430446,true,true
30;33;36;37;38,"[30, 33, 36, 37, 38]",5,pll0.8_xf0.8_cc1.2,ok,,,true,true,true,0.13798214310871873,-0.13798214310871873,true,true
30;33;36;37;38,"[30, 33, 36, 37, 38]",5,pll0.8_xf1.2_cc0.8,ok,,,true,true,true,0.13798214326863484,-0.13798214326863484,true,true
30;33;36;37;38,"[30, 33, 36, 37, 38]",5,pll0.8_xf1.2_cc1.2,ok,,,true,true,true,0.13798214322300936,-0.13798214322300936,true,true
30;33;36;37;38,"[30, 33, 36, 37, 38]",5,pll1.2_xf0.8_cc0.8,ok,,,true,true,true,0.13798214333627593,-0.13798214333627593,true,true
30;33;36;37;38,"[30, 33, 36, 37, 38]",5,pll1.2_xf0.8_cc1.2,ok,,,true,true,true,0.13798214329068687,-0.13798214329068687,true,true
30;33;36;37;38,"[30, 33, 36, 37, 38]",5,pll1.2_xf1.2_cc0.8,ok,,,true,true,true,0.13798214345059784,-0.13798214345059784,true,true
30;33;36;37;38,"[30, 33, 36, 37, 38]",5,pll1.2_xf1.2_cc1.2,ok,,,true,true,true,0.13798214340500456,-0.13798214340500456,true,true
32;33;36;37;38,"[32, 33, 36, 37, 38]",5,nominal,ok,,,true,true,true,0.13808046074326616,-0.13808046074326616,true,true
32;33;36;37;38,"[32, 33, 36, 37, 38]",5,pll0.8_xf0.8_cc0.8,ok,,,true,true,true,0.13808046006174285,-0.13808046006174285,true,true
32;33;36;37;38,"[32, 33, 36, 37, 38]",5,pll0.8_xf0.8_cc1.2,ok,,,true,true,true,0.1380804600258547,-0.1380804600258547,true,true
32;33;36;37;38,"[32, 33, 36, 37, 38]",5,pll0.8_xf1.2_cc0.8,ok,,,true,true,true,0.13808046004606772,-0.13808046004606772,true,true
32;33;36;37;38,"[32, 33, 36, 37, 38]",5,pll0.8_xf1.2_cc1.2,ok,,,true,true,true,0.13808046000953897,-0.13808046000953897,true,true
32;33;36;37;38,"[32, 33, 36, 37, 38]",5,pll1.2_xf0.8_cc0.8,ok,,,true,true,true,0.13808046116040804,-0.13808046116040804,true,true
32;33;36;37;38,"[32, 33, 36, 37, 38]",5,pll1.2_xf0.8_cc1.2,ok,,,true,true,true,0.1380804611236626,-0.1380804611236626,true,true
32;33;36;37;38,"[32, 33, 36, 37, 38]",5,pll1.2_xf1.2_cc0.8,ok,,,true,true,true,0.13808046114523098,-0.13808046114523098,true,true
32;33;36;37;38,"[32, 33, 36, 37, 38]",5,pll1.2_xf1.2_cc1.2,ok,,,true,true,true,0.13808046110861733,-0.13808046110861733,true,true
30;32;33;36;37;38,"[30, 32, 33, 36, 37, 38]",6,nominal,ok,,,true,true,true,0.13808289767677984,-0.13808289767677984,true,true
30;32;33;36;37;38,"[30, 32, 33, 36, 37, 38]",6,pll0.8_xf0.8_cc0.8,ok,,,true,true,true,0.13808289710372929,-0.13808289710372929,true,true
30;32;33;36;37;38,"[30, 32, 33, 36, 37, 38]",6,pll0.8_xf0.8_cc1.2,ok,,,true,true,true,0.1380828970594471,-0.1380828970594471,true,true
30;32;33;36;37;38,"[30, 32, 33, 36, 37, 38]",6,pll0.8_xf1.2_cc0.8,ok,,,true,true,true,0.13808289708487984,-0.13808289708487984,true,true
30;32;33;36;37;38,"[30, 32, 33, 36, 37, 38]",6,pll0.8_xf1.2_cc1.2,ok,,,true,true,true,0.13808289704061738,-0.13808289704061738,true,true
30;32;33;36;37;38,"[30, 32, 33, 36, 37, 38]",6,pll1.2_xf0.8_cc0.8,ok,,,true,true,true,0.13808289804492574,-0.13808289804492574,true,true
30;32;33;36;37;38,"[30, 32, 33, 36, 37, 38]",6,pll1.2_xf0.8_cc1.2,ok,,,true,true,true,0.13808289800069348,-0.13808289800069348,true,true
30;32;33;36;37;38,"[30, 32, 33, 36, 37, 38]",6,pll1.2_xf1.2_cc0.8,ok,,,true,true,true,0.13808289802612955,-0.13808289802612955,true,true
30;32;33;36;37;38,"[30, 32, 33, 36, 37, 38]",6,pll1.2_xf1.2_cc1.2,ok,,,true,true,true,0.1380828979819445,-0.1380828979819445,true,true
34;36;37;38,"[34, 36, 37, 38]",4,nominal,ok,,,true,true,true,0.13113072315606047,-0.13113072315606047,true,true
34;36;37;38,"[34, 36, 37, 38]",4,pll0.8_xf0.8_cc0.8,ok,,,true,true,true,0.13112899577495846,-0.13112899577495846,true,true
34;36;37;38,"[34, 36, 37, 38]",4,pll0.8_xf0.8_cc1.2,ok,,,true,true,true,0.13112937814137202,-0.13112937814137202,true,true
34;36;37;38,"[34, 36, 37, 38]",4,pll0.8_xf1.2_cc0.8,ok,,,true,true,true,0.1311288296940637,-0.1311288296940637,true,true
34;36;37;38,"[34, 36, 37, 38]",4,pll0.8_xf1.2_cc1.2,ok,,,true,true,true,0.13112921691129037,-0.13112921691129037,true,true
34;36;37;38,"[34, 36, 37, 38]",4,pll1.2_xf0.8_cc0.8,ok,,,true,true,true,0.1311312313568835,-0.1311312313568835,true,true
34;36;37;38,"[34, 36, 37, 38]",4,pll1.2_xf0.8_cc1.2,ok,,,true,true,true,0.13113162220002345,-0.13113162220002345,true,true
34;36;37;38,"[34, 36, 37, 38]",4,pll1.2_xf1.2_cc0.8,ok,,,true,true,true,0.13113107078743236,-0.13113107078743236,true,true
34;36;37;38,"[34, 36, 37, 38]",4,pll1.2_xf1.2_cc1.2,ok,,,true,true,true,0.13113146365156103,-0.13113146365156103,true,true
30;34;36;37;38,"[30, 34, 36, 37, 38]",5,nominal,ok,,,true,true,true,0.13096202563487347,-0.13096202563487347,true,true
30;34;36;37;38,"[30, 34, 36, 37, 38]",5,pll0.8_xf0.8_cc0.8,ok,,,true,true,true,0.13096196593370246,-0.13096196593370246,true,true
30;34;36;37;38,"[30, 34, 36, 37, 38]",5,pll0.8_xf0.8_cc1.2,ok,,,true,true,true,0.13096234527399453,-0.13096234527399453,true,true
30;34;36;37;38,"[30, 34, 36, 37, 38]",5,pll0.8_xf1.2_cc0.8,ok,,,true,true,true,0.13096179832958987,-0.13096179832958987,true,true
30;34;36;37;38,"[30, 34, 36, 37, 38]",5,pll0.8_xf1.2_cc1.2,ok,,,true,true,true,0.1309621837162698,-0.1309621837162698,true,true
30;34;36;37;38,"[30, 34, 36, 37, 38]",5,pll1.2_xf0.8_cc0.8,ok,,,true,true,true,0.13096158856136209,-0.13096158856136209,true,true
30;34;36;37;38,"[30, 34, 36, 37, 38]",5,pll1.2_xf0.8_cc1.2,ok,,,true,true,true,0.13096197824652153,-0.13096197824652153,true,true
30;34;36;37;38,"[30, 34, 36, 37, 38]",5,pll1.2_xf1.2_cc0.8,ok,,,true,true,true,0.13096142785802412,-0.13096142785802412,true,true
30;34;36;37;38,"[30, 34, 36, 37, 38]",5,pll1.2_xf1.2_cc1.2,ok,,,true,true,true,0.1309618201003994,-0.1309618201003994,true,true
32;34;36;37;38,"[32, 34, 36, 37, 38]",5,nominal,ok,,,true,true,true,0.13111557810648292,-0.13111557810648292,true,true
32;34;36;37;38,"[32, 34, 36, 37, 38]",5,pll0.8_xf0.8_cc0.8,ok,,,true,true,true,0.13111386600775216,-0.13111386600775216,true,true
32;34;36;37;38,"[32, 34, 36, 37, 38]",5,pll0.8_xf0.8_cc1.2,ok,,,true,true,true,0.13111424761792062,-0.13111424761792062,true,true
32;34;36;37;38,"[32, 34, 36, 37, 38]",5,pll0.8_xf1.2_cc0.8,ok,,,true,true,true,0.13111369941067838,-0.13111369941067838,true,true
32;34;36;37;38,"[32, 34, 36, 37, 38]",5,pll0.8_xf1.2_cc1.2,ok,,,true,true,true,0.13111408617938491,-0.13111408617938491,true,true
32;34;36;37;38,"[32, 34, 36, 37, 38]",5,pll1.2_xf0.8_cc0.8,ok,,,true,true,true,0.13111605946880095,-0.13111605946880095,true,true
32;34;36;37;38,"[32, 34, 36, 37, 38]",5,pll1.2_xf0.8_cc1.2,ok,,,true,true,true,0.13111645002444622,-0.13111645002444622,true,true
32;34;36;37;38,"[32, 34, 36, 37, 38]",5,pll1.2_xf1.2_cc0.8,ok,,,true,true,true,0.1311158987458569,-0.1311158987458569,true,true
32;34;36;37;38,"[32, 34, 36, 37, 38]",5,pll1.2_xf1.2_cc1.2,ok,,,true,true,true,0.13111629146146464,-0.13111629146146464,true,true
30;32;34;36;37;38,"[30, 32, 34, 36, 37, 38]",6,nominal,ok,,,true,true,true,0.1309395907358547,-0.1309395907358547,true,true
30;32;34;36;37;38,"[30, 32, 34, 36, 37, 38]",6,pll0.8_xf0.8_cc0.8,ok,,,true,true,true,0.13093975971263516,-0.13093975971263516,true,true
30;32;34;36;37;38,"[30, 32, 34, 36, 37, 38]",6,pll0.8_xf0.8_cc1.2,ok,,,true,true,true,0.1309401377214956,-0.1309401377214956,true,true
30;32;34;36;37;38,"[30, 32, 34, 36, 37, 38]",6,pll0.8_xf1.2_cc0.8,ok,,,true,true,true,0.13093959116040213,-0.13093959116040213,true,true
30;32;34;36;37;38,"[30, 32, 34, 36, 37, 38]",6,pll0.8_xf1.2_cc1.2,ok,,,true,true,true,0.13093997571168584,-0.13093997571168584,true,true
30;32;34;36;37;38,"[30, 32, 34, 36, 37, 38]",6,pll1.2_xf0.8_cc0.8,ok,,,true,true,true,0.13093900074405643,-0.13093900074405643,true,true
30;32;34;36;37;38,"[30, 32, 34, 36, 37, 38]",6,pll1.2_xf0.8_cc1.2,ok,,,true,true,true,0.13093938984595488,-0.13093938984595488,true,true
30;32;34;36;37;38,"[30, 32, 34, 36, 37, 38]",6,pll1.2_xf1.2_cc0.8,ok,,,true,true,true,0.13093883967833636,-0.13093883967833636,true,true
30;32;34;36;37;38,"[30, 32, 34, 36, 37, 38]",6,pll1.2_xf1.2_cc1.2,ok,,,true,true,true,0.13093923156874282,-0.13093923156874282,true,true
33;34;36;37;38,"[33, 34, 36, 37, 38]",5,nominal,ok,,,true,true,true,0.13798600202513087,-0.13798600202513087,true,true
33;34;36;37;38,"[33, 34, 36, 37, 38]",5,pll0.8_xf0.8_cc0.8,ok,,,true,true,true,0.13798600226620436,-0.13798600226620436,true,true
33;34;36;37;38,"[33, 34, 36, 37, 38]",5,pll0.8_xf0.8_cc1.2,ok,,,true,true,true,0.13798600222502522,-0.13798600222502522,true,true
33;34;36;37;38,"[33, 34, 36, 37, 38]",5,pll0.8_xf1.2_cc0.8,ok,,,true,true,true,0.13798600236869266,-0.13798600236869266,true,true
33;34;36;37;38,"[33, 34, 36, 37, 38]",5,pll0.8_xf1.2_cc1.2,ok,,,true,true,true,0.1379860023264297,-0.1379860023264297,true,true
33;34;36;37;38,"[33, 34, 36, 37, 38]",5,pll1.2_xf0.8_cc0.8,ok,,,true,true,true,0.1379860018570259,-0.1379860018570259,true,true
33;34;36;37;38,"[33, 34, 36, 37, 38]",5,pll1.2_xf0.8_cc1.2,ok,,,true,true,true,0.13798600181610857,-0.13798600181610857,true,true
33;34;36;37;38,"[33, 34, 36, 37, 38]",5,pll1.2_xf1.2_cc0.8,ok,,,true,true,true,0.13798600195961433,-0.13798600195961433,true,true
33;34;36;37;38,"[33, 34, 36, 37, 38]",5,pll1.2_xf1.2_cc1.2,ok,,,true,true,true,0.13798600191749527,-0.13798600191749527,true,true
30;33;34;36;37;38,"[30, 33, 34, 36, 37, 38]",6,nominal,ok,,,true,true,true,0.13800209653781428,-0.13800209653781428,true,true
30;33;34;36;37;38,"[30, 33, 34, 36, 37, 38]",6,pll0.8_xf0.8_cc0.8,ok,,,true,true,true,0.1380020964843214,-0.1380020964843214,true,true
30;33;34;36;37;38,"[30, 33, 34, 36, 37, 38]",6,pll0.8_xf0.8_cc1.2,ok,,,true,true,true,0.13800209640321867,-0.13800209640321867,true,true
30;33;34;36;37;38,"[30, 33, 34, 36, 37, 38]",6,pll0.8_xf1.2_cc0.8,ok,,,true,true,true,0.138002096641578,-0.138002096641578,true,true
30;33;34;36;37;38,"[30, 33, 34, 36, 37, 38]",6,pll0.8_xf1.2_cc1.2,ok,,,true,true,true,0.138002096560433,-0.138002096560433,true,true
30;33;34;36;37;38,"[30, 33, 34, 36, 37, 38]",6,pll1.2_xf0.8_cc0.8,ok,,,true,true,true,0.13800209652656054,-0.13800209652656054,true,true
30;33;34;36;37;38,"[30, 33, 34, 36, 37, 38]",6,pll1.2_xf0.8_cc1.2,ok,,,true,true,true,0.13800209644544809,-0.13800209644544809,true,true
30;33;34;36;37;38,"[30, 33, 34, 36, 37, 38]",6,pll1.2_xf1.2_cc0.8,ok,,,true,true,true,0.13800209668383592,-0.13800209668383592,true,true
30;33;34;36;37;38,"[30, 33, 34, 36, 37, 38]",6,pll1.2_xf1.2_cc1.2,ok,,,true,true,true,0.13800209660269713,-0.13800209660269713,true,true
32;33;34;36;37;38,"[32, 33, 34, 36, 37, 38]",6,nominal,ok,,,true,true,true,0.13812243763184937,-0.13812243763184937,true,true
32;33;34;36;37;38,"[32, 33, 34, 36, 37, 38]",6,pll0.8_xf0.8_cc0.8,ok,,,true,true,true,0.1381224384825203,-0.1381224384825203,true,true
32;33;34;36;37;38,"[32, 33, 34, 36, 37, 38]",6,pll0.8_xf0.8_cc1.2,ok,,,true,true,true,0.13812243838925217,-0.13812243838925217,true,true
32;33;34;36;37;38,"[32, 33, 34, 36, 37, 38]",6,pll0.8_xf1.2_cc0.8,ok,,,true,true,true,0.13812243856446696,-0.13812243856446696,true,true
32;33;34;36;37;38,"[32, 33, 34, 36, 37, 38]",6,pll0.8_xf1.2_cc1.2,ok,,,true,true,true,0.13812243847593592,-0.13812243847593592,true,true
32;33;34;36;37;38,"[32, 33, 34, 36, 37, 38]",6,pll1.2_xf0.8_cc0.8,ok,,,true,true,true,0.13812243720192904,-0.13812243720192904,true,true
32;33;34;36;37;38,"[32, 33, 34, 36, 37, 38]",6,pll1.2_xf0.8_cc1.2,ok,,,true,true,true,0.13812243711080802,-0.13812243711080802,true,true
32;33;34;36;37;38,"[32, 33, 34, 36, 37, 38]",6,pll1.2_xf1.2_cc0.8,ok,,,true,true,true,0.13812243728437937,-0.13812243728437937,true,true
32;33;34;36;37;38,"[32, 33, 34, 36, 37, 38]",6,pll1.2_xf1.2_cc1.2,ok,,,true,true,true,0.13812243719503478,-0.13812243719503478,true,true
30;32;33;34;36;37;38,"[30, 32, 33, 34, 36, 37, 38]",7,nominal,ok,,,true,true,true,0.13825194715773112,-0.13825194715773112,true,true
30;32;33;34;36;37;38,"[30, 32, 33, 34, 36, 37, 38]",7,pll0.8_xf0.8_cc0.8,ok,,,true,true,true,0.1363561762237024,-0.1363561762237024,true,true
30;32;33;34;36;37;38,"[30, 32, 33, 34, 36, 37, 38]",7,pll0.8_xf0.8_cc1.2,ok,,,true,true,true,0.13635674807487647,-0.13635674807487647,true,true
30;32;33;34;36;37;38,"[30, 32, 33, 34, 36, 37, 38]",7,pll0.8_xf1.2_cc0.8,ok,,,true,true,true,0.1363570201045582,-0.1363570201045582,true,true
30;32;33;34;36;37;38,"[30, 32, 33, 34, 36, 37, 38]",7,pll0.8_xf1.2_cc1.2,ok,,,true,true,true,0.1363573980891848,-0.1363573980891848,true,true
30;32;33;34;36;37;38,"[30, 32, 33, 34, 36, 37, 38]",7,pll1.2_xf0.8_cc0.8,ok,,,true,true,true,0.13825194482379916,-0.13825194482379916,true,true
30;32;33;34;36;37;38,"[30, 32, 33, 34, 36, 37, 38]",7,pll1.2_xf0.8_cc1.2,ok,,,true,true,true,0.13825194439378455,-0.13825194439378455,true,true
30;32;33;34;36;37;38,"[30, 32, 33, 34, 36, 37, 38]",7,pll1.2_xf1.2_cc0.8,ok,,,true,true,true,0.13825194546146669,-0.13825194546146669,true,true
30;32;33;34;36;37;38,"[30, 32, 33, 34, 36, 37, 38]",7,pll1.2_xf1.2_cc1.2,ok,,,true,true,true,0.13825194503120927,-0.13825194503120927,true,true
35;36;37;38,"[35, 36, 37, 38]",4,nominal,ok,,,true,true,true,0.13796299278100432,-0.13796299278100432,true,true
35;36;37;38,"[35, 36, 37, 38]",4,pll0.8_xf0.8_cc0.8,ok,,,true,true,true,0.1379629930018526,-0.1379629930018526,true,true
35;36;37;38,"[35, 36, 37, 38]",4,pll0.8_xf0.8_cc1.2,ok,,,true,true,true,0.1379629929727508,-0.1379629929727508,true,true
35;36;37;38,"[35, 36, 37, 38]",4,pll0.8_xf1.2_cc0.8,ok,,,true,true,true,0.13796299309279425,-0.13796299309279425,true,true
35;36;37;38,"[35, 36, 37, 38]",4,pll0.8_xf1.2_cc1.2,ok,,,true,true,true,0.13796299306398252,-0.13796299306398252,true,true
35;36;37;38,"[35, 36, 37, 38]",4,pll1.2_xf0.8_cc0.8,ok,,,true,true,true,0.1379629926218026,-0.1379629926218026,true,true
35;36;37;38,"[35, 36, 37, 38]",4,pll1.2_xf0.8_cc1.2,ok,,,true,true,true,0.1379629925919716,-0.1379629925919716,true,true
35;36;37;38,"[35, 36, 37, 38]",4,pll1.2_xf1.2_cc0.8,ok,,,true,true,true,0.13796299271178872,-0.13796299271178872,true,true
35;36;37;38,"[35, 36, 37, 38]",4,pll1.2_xf1.2_cc1.2,ok,,,true,true,true,0.13796299268213946,-0.13796299268213946,true,true
30;35;36;37;38,"[30, 35, 36, 37, 38]",5,nominal,ok,,,true,true,true,0.13797602524051633,-0.13797602524051633,true,true
30;35;36;37;38,"[30, 35, 36, 37, 38]",5,pll0.8_xf0.8_cc0.8,ok,,,true,true,true,0.13797602531029027,-0.13797602531029027,true,true
30;35;36;37;38,"[30, 35, 36, 37, 38]",5,pll0.8_xf0.8_cc1.2,ok,,,true,true,true,0.13797602520877472,-0.13797602520877472,true,true
30;35;36;37;38,"[30, 35, 36, 37, 38]",5,pll0.8_xf1.2_cc0.8,ok,,,true,true,true,0.1379760254998618,-0.1379760254998618,true,true
30;35;36;37;38,"[30, 35, 36, 37, 38]",5,pll0.8_xf1.2_cc1.2,ok,,,true,true,true,0.13797602539830087,-0.13797602539830087,true,true
30;35;36;37;38,"[30, 35, 36, 37, 38]",5,pll1.2_xf0.8_cc0.8,ok,,,true,true,true,0.1379760251581582,-0.1379760251581582,true,true
30;35;36;37;38,"[30, 35, 36, 37, 38]",5,pll1.2_xf0.8_cc1.2,ok,,,true,true,true,0.13797602505664228,-0.13797602505664228,true,true
30;35;36;37;38,"[30, 35, 36, 37, 38]",5,pll1.2_xf1.2_cc0.8,ok,,,true,true,true,0.13797602534773915,-0.13797602534773915,true,true
30;35;36;37;38,"[30, 35, 36, 37, 38]",5,pll1.2_xf1.2_cc1.2,ok,,,true,true,true,0.13797602524614738,-0.13797602524614738,true,true
32;35;36;37;38,"[32, 35, 36, 37, 38]",5,nominal,ok,,,true,true,true,0.13805916541338692,-0.13805916541338692,true,true
32;35;36;37;38,"[32, 35, 36, 37, 38]",5,pll0.8_xf0.8_cc0.8,ok,,,true,true,true,0.13805916515292804,-0.13805916515292804,true,true
32;35;36;37;38,"[32, 35, 36, 37, 38]",5,pll0.8_xf0.8_cc1.2,ok,,,true,true,true,0.1380591651320145,-0.1380591651320145,true,true
32;35;36;37;38,"[32, 35, 36, 37, 38]",5,pll0.8_xf1.2_cc0.8,ok,,,true,true,true,0.13805916514515265,-0.13805916514515265,true,true
32;35;36;37;38,"[32, 35, 36, 37, 38]",5,pll0.8_xf1.2_cc1.2,ok,,,true,true,true,0.13805916512412933,-0.13805916512412933,true,true
32;35;36;37;38,"[32, 35, 36, 37, 38]",5,pll1.2_xf0.8_cc0.8,ok,,,true,true,true,0.13805916558069267,-0.13805916558069267,true,true
32;35;36;37;38,"[32, 35, 36, 37, 38]",5,pll1.2_xf0.8_cc1.2,ok,,,true,true,true,0.13805916555994396,-0.13805916555994396,true,true
32;35;36;37;38,"[32, 35, 36, 37, 38]",5,pll1.2_xf1.2_cc0.8,ok,,,true,true,true,0.13805916557295642,-0.13805916557295642,true,true
32;35;36;37;38,"[32, 35, 36, 37, 38]",5,pll1.2_xf1.2_cc1.2,ok,,,true,true,true,0.13805916555214753,-0.13805916555214753,true,true
30;32;35;36;37;38,"[30, 32, 35, 36, 37, 38]",6,nominal,ok,,,true,true,true,0.13806097196444722,-0.13806097196444722,true,true
30;32;35;36;37;38,"[30, 32, 35, 36, 37, 38]",6,pll0.8_xf0.8_cc0.8,ok,,,true,true,true,0.13806097174407575,-0.13806097174407575,true,true
30;32;35;36;37;38,"[30, 32, 35, 36, 37, 38]",6,pll0.8_xf0.8_cc1.2,ok,,,true,true,true,0.13806097169561693,-0.13806097169561693,true,true
30;32;35;36;37;38,"[30, 32, 35, 36, 37, 38]",6,pll0.8_xf1.2_cc0.8,ok,,,true,true,true,0.13806097175082585,-0.13806097175082585,true,true
30;32;35;36;37;38,"[30, 32, 35, 36, 37, 38]",6,pll0.8_xf1.2_cc1.2,ok,,,true,true,true,0.13806097170234993,-0.13806097170234993,true,true
30;32;35;36;37;38,"[30, 32, 35, 36, 37, 38]",6,pll1.2_xf0.8_cc0.8,ok,,,true,true,true,0.13806097212665527,-0.13806097212665527,true,true
30;32;35;36;37;38,"[30, 32, 35, 36, 37, 38]",6,pll1.2_xf0.8_cc1.2,ok,,,true,true,true,0.13806097207818632,-0.13806097207818632,true,true
30;32;35;36;37;38,"[30, 32, 35, 36, 37, 38]",6,pll1.2_xf1.2_cc0.8,ok,,,true,true,true,0.13806097213339788,-0.13806097213339788,true,true
30;32;35;36;37;38,"[30, 32, 35, 36, 37, 38]",6,pll1.2_xf1.2_cc1.2,ok,,,true,true,true,0.13806097208494836,-0.13806097208494836,true,true
33;35;36;37;38,"[33, 35, 36, 37, 38]",5,nominal,ok,,,true,true,true,0.13797979280953124,-0.13797979280953124,true,true
33;35;36;37;38,"[33, 35, 36, 37, 38]",5,pll0.8_xf0.8_cc0.8,ok,,,true,true,true,0.1379797930836409,-0.1379797930836409,true,true
33;35;36;37;38,"[33, 35, 36, 37, 38]",5,pll0.8_xf0.8_cc1.2,ok,,,true,true,true,0.13797979304033473,-0.13797979304033473,true,true
33;35;36;37;38,"[33, 35, 36, 37, 38]",5,pll0.8_xf1.2_cc0.8,ok,,,true,true,true,0.13797979319396605,-0.13797979319396605,true,true
33;35;36;37;38,"[33, 35, 36, 37, 38]",5,pll0.8_xf1.2_cc1.2,ok,,,true,true,true,0.13797979315000264,-0.13797979315000264,true,true
33;35;36;37;38,"[33, 35, 36, 37, 38]",5,pll1.2_xf0.8_cc0.8,ok,,,true,true,true,0.13797979261840568,-0.13797979261840568,true,true
33;35;36;37;38,"[33, 35, 36, 37, 38]",5,pll1.2_xf0.8_cc1.2,ok,,,true,true,true,0.13797979257616894,-0.13797979257616894,true,true
33;35;36;37;38,"[33, 35, 36, 37, 38]",5,pll1.2_xf1.2_cc0.8,ok,,,true,true,true,0.1379797927286838,-0.1379797927286838,true,true
33;35;36;37;38,"[33, 35, 36, 37, 38]",5,pll1.2_xf1.2_cc1.2,ok,,,true,true,true,0.13797979268688362,-0.13797979268688362,true,true
30;33;35;36;37;38,"[30, 33, 35, 36, 37, 38]",6,nominal,ok,,,true,true,true,0.13799671992522314,-0.13799671992522314,true,true
30;33;35;36;37;38,"[30, 33, 35, 36, 37, 38]",6,pll0.8_xf0.8_cc0.8,ok,,,true,true,true,0.13799671987254147,-0.13799671987254147,true,true
30;33;35;36;37;38,"[30, 33, 35, 36, 37, 38]",6,pll0.8_xf0.8_cc1.2,ok,,,true,true,true,0.13799671974868483,-0.13799671974868483,true,true
30;33;35;36;37;38,"[30, 33, 35, 36, 37, 38]",6,pll0.8_xf1.2_cc0.8,ok,,,true,true,true,0.13799672008840203,-0.13799672008840203,true,true
30;33;35;36;37;38,"[30, 33, 35, 36, 37, 38]",6,pll0.8_xf1.2_cc1.2,ok,,,true,true,true,0.13799671996453436,-0.13799671996453436,true,true
30;33;35;36;37;38,"[30, 33, 35, 36, 37, 38]",6,pll1.2_xf0.8_cc0.8,ok,,,true,true,true,0.13799671991108142,-0.13799671991108142,true,true
30;33;35;36;37;38,"[30, 33, 35, 36, 37, 38]",6,pll1.2_xf0.8_cc1.2,ok,,,true,true,true,0.13799671978721093,-0.13799671978721093,true,true
30;33;35;36;37;38,"[30, 33, 35, 36, 37, 38]",6,pll1.2_xf1.2_cc0.8,ok,,,true,true,true,0.13799672012697015,-0.13799672012697015,true,true
30;33;35;36;37;38,"[30, 33, 35, 36, 37, 38]",6,pll1.2_xf1.2_cc1.2,ok,,,true,true,true,0.13799672000304694,-0.13799672000304694,true,true
32;33;35;36;37;38,"[32, 33, 35, 36, 37, 38]",6,nominal,ok,,,true,true,true,0.1380865900101541,-0.1380865900101541,true,true
32;33;35;36;37;38,"[32, 33, 35, 36, 37, 38]",6,pll0.8_xf0.8_cc0.8,ok,,,true,true,true,0.13670848759457715,-0.13670848759457715,true,true
32;33;35;36;37;38,"[32, 33, 35, 36, 37, 38]",6,pll0.8_xf0.8_cc1.2,ok,,,true,true,true,0.13670946709337944,-0.13670946709337944,true,true
32;33;35;36;37;38,"[32, 33, 35, 36, 37, 38]",6,pll0.8_xf1.2_cc0.8,ok,,,true,true,true,0.13670909605564316,-0.13670909605564316,true,true
32;33;35;36;37;38,"[32, 33, 35, 36, 37, 38]",6,pll0.8_xf1.2_cc1.2,ok,,,true,true,true,0.1367098124053092,-0.1367098124053092,true,true
32;33;35;36;37;38,"[32, 33, 35, 36, 37, 38]",6,pll1.2_xf0.8_cc0.8,ok,,,true,true,true,0.1380865901577535,-0.1380865901577535,true,true
32;33;35;36;37;38,"[32, 33, 35, 36, 37, 38]",6,pll1.2_xf0.8_cc1.2,ok,,,true,true,true,0.13808659012979047,-0.13808659012979047,true,true
32;33;35;36;37;38,"[32, 33, 35, 36, 37, 38]",6,pll1.2_xf1.2_cc0.8,ok,,,true,true,true,0.13808659011492944,-0.13808659011492944,true,true
32;33;35;36;37;38,"[32, 33, 35, 36, 37, 38]",6,pll1.2_xf1.2_cc1.2,ok,,,true,true,true,0.1380865900880405,-0.1380865900880405,true,true
30;32;33;35;36;37;38,"[30, 32, 33, 35, 36, 37, 38]",7,nominal,ok,,,true,true,true,0.09671533226407551,-0.09671533226407551,true,true
30;32;33;35;36;37;38,"[30, 32, 33, 35, 36, 37, 38]",7,pll0.8_xf0.8_cc0.8,ok,,,true,true,true,0.08631478713213885,-0.08631478713213885,true,true
30;32;33;35;36;37;38,"[30, 32, 33, 35, 36, 37, 38]",7,pll0.8_xf0.8_cc1.2,ok,,,true,true,true,0.0858347015466806,-0.0858347015466806,true,true
30;32;33;35;36;37;38,"[30, 32, 33, 35, 36, 37, 38]",7,pll0.8_xf1.2_cc0.8,ok,,,true,true,true,0.08690151110595416,-0.08690151110595416,true,true
30;32;33;35;36;37;38,"[30, 32, 33, 35, 36, 37, 38]",7,pll0.8_xf1.2_cc1.2,ok,,,true,true,true,0.08637748332393944,-0.08637748332393944,true,true
30;32;33;35;36;37;38,"[30, 32, 33, 35, 36, 37, 38]",7,pll1.2_xf0.8_cc0.8,ok,,,true,true,true,0.11637137566614983,-0.11637137566614983,true,true
30;32;33;35;36;37;38,"[30, 32, 33, 35, 36, 37, 38]",7,pll1.2_xf0.8_cc1.2,ok,,,true,true,true,0.11559608922749087,-0.11559608922749087,true,true
30;32;33;35;36;37;38,"[30, 32, 33, 35, 36, 37, 38]",7,pll1.2_xf1.2_cc0.8,ok,,,true,true,true,0.11713520328185087,-0.11713520328185087,true,true
30;32;33;35;36;37;38,"[30, 32, 33, 35, 36, 37, 38]",7,pll1.2_xf1.2_cc1.2,ok,,,true,true,true,0.11633215422687158,-0.11633215422687158,true,true
34;35;36;37;38,"[34, 35, 36, 37, 38]",5,nominal,ok,,,true,true,true,0.13798688290276573,-0.13798688290276573,true,true
34;35;36;37;38,"[34, 35, 36, 37, 38]",5,pll0.8_xf0.8_cc0.8,ok,,,true,true,true,0.13798688310174492,-0.13798688310174492,true,true
34;35;36;37;38,"[34, 35, 36, 37, 38]",5,pll0.8_xf0.8_cc1.2,ok,,,true,true,true,0.13798688305582052,-0.13798688305582052,true,true
34;35;36;37;38,"[34, 35, 36, 37, 38]",5,pll0.8_xf1.2_cc0.8,ok,,,true,true,true,0.13798688321970312,-0.13798688321970312,true,true
34;35;36;37;38,"[34, 35, 36, 37, 38]",5,pll0.8_xf1.2_cc1.2,ok,,,true,true,true,0.13798688317386743,-0.13798688317386743,true,true
34;35;36;37;38,"[34, 35, 36, 37, 38]",5,pll1.2_xf0.8_cc0.8,ok,,,true,true,true,0.13798688274992005,-0.13798688274992005,true,true
34;35;36;37;38,"[34, 35, 36, 37, 38]",5,pll1.2_xf0.8_cc1.2,ok,,,true,true,true,0.13798688270377021,-0.13798688270377021,true,true
34;35;36;37;38,"[34, 35, 36, 37, 38]",5,pll1.2_xf1.2_cc0.8,ok,,,true,true,true,0.13798688286820215,-0.13798688286820215,true,true
34;35;36;37;38,"[34, 35, 36, 37, 38]",5,pll1.2_xf1.2_cc1.2,ok,,,true,true,true,0.13798688282173704,-0.13798688282173704,true,true
30;34;35;36;37;38,"[30, 34, 35, 36, 37, 38]",6,nominal,ok,,,true,true,true,0.138002743629781,-0.138002743629781,true,true
30;34;35;36;37;38,"[30, 34, 35, 36, 37, 38]",6,pll0.8_xf0.8_cc0.8,ok,,,true,true,true,0.13800274350148128,-0.13800274350148128,true,true
30;34;35;36;37;38,"[30, 34, 35, 36, 37, 38]",6,pll0.8_xf0.8_cc1.2,ok,,,true,true,true,0.13800274341315746,-0.13800274341315746,true,true
30;34;35;36;37;38,"[30, 34, 35, 36, 37, 38]",6,pll0.8_xf1.2_cc0.8,ok,,,true,true,true,0.13800274368049872,-0.13800274368049872,true,true
30;34;35;36;37;38,"[30, 34, 35, 36, 37, 38]",6,pll0.8_xf1.2_cc1.2,ok,,,true,true,true,0.13800274359219525,-0.13800274359219525,true,true
30;34;35;36;37;38,"[30, 34, 35, 36, 37, 38]",6,pll1.2_xf0.8_cc0.8,ok,,,true,true,true,0.1380027436493439,-0.1380027436493439,true,true
30;34;35;36;37;38,"[30, 34, 35, 36, 37, 38]",6,pll1.2_xf0.8_cc1.2,ok,,,true,true,true,0.13800274356099168,-0.13800274356099168,true,true
30;34;35;36;37;38,"[30, 34, 35, 36, 37, 38]",6,pll1.2_xf1.2_cc0.8,ok,,,true,true,true,0.13800274382841848,-0.13800274382841848,true,true
30;34;35;36;37;38,"[30, 34, 35, 36, 37, 38]",6,pll1.2_xf1.2_cc1.2,ok,,,true,true,true,0.1380027437400667,-0.1380027437400667,true,true
32;34;35;36;37;38,"[32, 34, 35, 36, 37, 38]",6,nominal,ok,,,true,true,true,0.13325511036620946,-0.13325511036620946,true,true
32;34;35;36;37;38,"[32, 34, 35, 36, 37, 38]",6,pll0.8_xf0.8_cc0.8,ok,,,true,true,true,0.13309482950409188,-0.13309482950409188,true,true
32;34;35;36;37;38,"[32, 34, 35, 36, 37, 38]",6,pll0.8_xf0.8_cc1.2,ok,,,true,true,true,0.13310474649017223,-0.13310474649017223,true,true
32;34;35;36;37;38,"[32, 34, 35, 36, 37, 38]",6,pll0.8_xf1.2_cc0.8,ok,,,true,true,true,0.13309578252855397,-0.13309578252855397,true,true
32;34;35;36;37;38,"[32, 34, 35, 36, 37, 38]",6,pll0.8_xf1.2_cc1.2,ok,,,true,true,true,0.1331039018877375,-0.1331039018877375,true,true
32;34;35;36;37;38,"[32, 34, 35, 36, 37, 38]",6,pll1.2_xf0.8_cc0.8,ok,,,true,true,true,0.1333641952296465,-0.1333641952296465,true,true
32;34;35;36;37;38,"[32, 34, 35, 36, 37, 38]",6,pll1.2_xf0.8_cc1.2,ok,,,true,true,true,0.13337120281341347,-0.13337120281341347,true,true
32;34;35;36;37;38,"[32, 34, 35, 36, 37, 38]",6,pll1.2_xf1.2_cc0.8,ok,,,true,true,true,0.13336305254576347,-0.13336305254576347,true,true
32;34;35;36;37;38,"[32, 34, 35, 36, 37, 38]",6,pll1.2_xf1.2_cc1.2,ok,,,true,true,true,0.13336925280870082,-0.13336925280870082,true,true
30;32;34;35;36;37;38,"[30, 32, 34, 35, 36, 37, 38]",7,nominal,ok,,,true,true,true,0.1382955692491821,-0.1382955692491821,true,true
30;32;34;35;36;37;38,"[30, 32, 34, 35, 36, 37, 38]",7,pll0.8_xf0.8_cc0.8,ok,,,true,true,true,0.13829557190946287,-0.13829557190946287,true,true
30;32;34;35;36;37;38,"[30, 32, 34, 35, 36, 37, 38]",7,pll0.8_xf0.8_cc1.2,ok,,,true,true,true,0.13829557126258443,-0.13829557126258443,true,true
30;32;34;35;36;37;38,"[30, 32, 34, 35, 36, 37, 38]",7,pll0.8_xf1.2_cc0.8,ok,,,true,true,true,0.138295573033701,-0.138295573033701,true,true
30;32;34;35;36;37;38,"[30, 32, 34, 35, 36, 37, 38]",7,pll0.8_xf1.2_cc1.2,ok,,,true,true,true,0.1382955723864238,-0.1382955723864238,true,true
30;32;34;35;36;37;38,"[30, 32, 34, 35, 36, 37, 38]",7,pll1.2_xf0.8_cc0.8,ok,,,true,true,true,0.138295567591871,-0.138295567591871,true,true
30;32;34;35;36;37;38,"[30, 32, 34, 35, 36, 37, 38]",7,pll1.2_xf0.8_cc1.2,ok,,,true,true,true,0.1382955669444749,-0.1382955669444749,true,true
30;32;34;35;36;37;38,"[30, 32, 34, 35, 36, 37, 38]",7,pll1.2_xf1.2_cc0.8,ok,,,true,true,true,0.1382955687158572,-0.1382955687158572,true,true
30;32;34;35;36;37;38,"[30, 32, 34, 35, 36, 37, 38]",7,pll1.2_xf1.2_cc1.2,ok,,,true,true,true,0.1382955680682136,-0.1382955680682136,true,true
33;34;35;36;37;38,"[33, 34, 35, 36, 37, 38]",6,nominal,ok,,,true,true,true,0.13800260501918593,-0.13800260501918593,true,true
33;34;35;36;37;38,"[33, 34, 35, 36, 37, 38]",6,pll0.8_xf0.8_cc0.8,ok,,,true,true,true,0.13800260470532266,-0.13800260470532266,true,true
33;34;35;36;37;38,"[33, 34, 35, 36, 37, 38]",6,pll0.8_xf0.8_cc1.2,ok,,,true,true,true,0.13800260448971338,-0.13800260448971338,true,true
33;34;35;36;37;38,"[33, 34, 35, 36, 37, 38]",6,pll0.8_xf1.2_cc0.8,ok,,,true,true,true,0.13800260495634037,-0.13800260495634037,true,true
33;34;35;36;37;38,"[33, 34, 35, 36, 37, 38]",6,pll0.8_xf1.2_cc1.2,ok,,,true,true,true,0.13800260473868733,-0.13800260473868733,true,true
33;34;35;36;37;38,"[33, 34, 35, 36, 37, 38]",6,pll1.2_xf0.8_cc0.8,ok,,,true,true,true,0.13800260521162236,-0.13800260521162236,true,true
33;34;35;36;37;38,"[33, 34, 35, 36, 37, 38]",6,pll1.2_xf0.8_cc1.2,ok,,,true,true,true,0.1380026049958928,-0.1380026049958928,true,true
33;34;35;36;37;38,"[33, 34, 35, 36, 37, 38]",6,pll1.2_xf1.2_cc0.8,ok,,,true,true,true,0.13800260546181708,-0.13800260546181708,true,true
33;34;35;36;37;38,"[33, 34, 35, 36, 37, 38]",6,pll1.2_xf1.2_cc1.2,ok,,,true,true,true,0.13800260524584745,-0.13800260524584745,true,true
30;33;34;35;36;37;38,"[30, 33, 34, 35, 36, 37, 38]",7,nominal,ok,,,true,true,true,0.1380223187482583,-0.1380223187482583,true,true
30;33;34;35;36;37;38,"[30, 33, 34, 35, 36, 37, 38]",7,pll0.8_xf0.8_cc0.8,ok,,,true,true,true,0.1380223159588182,-0.1380223159588182,true,true
30;33;34;35;36;37;38,"[30, 33, 34, 35, 36, 37, 38]",7,pll0.8_xf0.8_cc1.2,ok,,,true,true,true,0.13802231545254903,-0.13802231545254903,true,true
30;33;34;35;36;37;38,"[30, 33, 34, 35, 36, 37, 38]",7,pll0.8_xf1.2_cc0.8,ok,,,true,true,true,0.13802231640462,-0.13802231640462,true,true
30;33;34;35;36;37;38,"[30, 33, 34, 35, 36, 37, 38]",7,pll0.8_xf1.2_cc1.2,ok,,,true,true,true,0.13802231589853117,-0.13802231589853117,true,true
30;33;34;35;36;37;38,"[30, 33, 34, 35, 36, 37, 38]",7,pll1.2_xf0.8_cc0.8,ok,,,true,true,true,0.13802232041717416,-0.13802232041717416,true,true
30;33;34;35;36;37;38,"[30, 33, 34, 35, 36, 37, 38]",7,pll1.2_xf0.8_cc1.2,ok,,,true,true,true,0.1380223199110709,-0.1380223199110709,true,true
30;33;34;35;36;37;38,"[30, 33, 34, 35, 36, 37, 38]",7,pll1.2_xf1.2_cc0.8,ok,,,true,true,true,0.13802232086341923,-0.13802232086341923,true,true
30;33;34;35;36;37;38,"[30, 33, 34, 35, 36, 37, 38]",7,pll1.2_xf1.2_cc1.2,ok,,,true,true,true,0.1380223203573487,-0.1380223203573487,true,true
32;33;34;35;36;37;38,"[32, 33, 34, 35, 36, 37, 38]",7,nominal,ok,,,true,true,true,0.1305459717510925,-0.1305459717510925,true,true
32;33;34;35;36;37;38,"[32, 33, 34, 35, 36, 37, 38]",7,pll0.8_xf0.8_cc0.8,ok,,,true,true,true,0.12622898346618006,-0.12622898346618006,true,true
32;33;34;35;36;37;38,"[32, 33, 34, 35, 36, 37, 38]",7,pll0.8_xf0.8_cc1.2,ok,,,true,true,true,0.12623046801797183,-0.12623046801797183,true,true
32;33;34;35;36;37;38,"[32, 33, 34, 35, 36, 37, 38]",7,pll0.8_xf1.2_cc0.8,ok,,,true,true,true,0.12623013288408397,-0.12623013288408397,true,true
32;33;34;35;36;37;38,"[32, 33, 34, 35, 36, 37, 38]",7,pll0.8_xf1.2_cc1.2,ok,,,true,true,true,0.1262311791475598,-0.1262311791475598,true,true
32;33;34;35;36;37;38,"[32, 33, 34, 35, 36, 37, 38]",7,pll1.2_xf0.8_cc0.8,ok,,,true,true,true,0.1331820792205604,-0.1331820792205604,true,true
32;33;34;35;36;37;38,"[32, 33, 34, 35, 36, 37, 38]",7,pll1.2_xf0.8_cc1.2,ok,,,true,true,true,0.13318311327499843,-0.13318311327499843,true,true
32;33;34;35;36;37;38,"[32, 33, 34, 35, 36, 37, 38]",7,pll1.2_xf1.2_cc0.8,ok,,,true,true,true,0.13318274027536897,-0.13318274027536897,true,true
32;33;34;35;36;37;38,"[32, 33, 34, 35, 36, 37, 38]",7,pll1.2_xf1.2_cc1.2,ok,,,true,true,true,0.1331835513367924,-0.1331835513367924,true,true
30;32;33;34;35;36;37;38,"[30, 32, 33, 34, 35, 36, 37, 38]",8,nominal,ok,,,true,true,true,0.0014447780228111946,-0.0014447780228111946,true,false
30;32;33;34;35;36;37;38,"[30, 32, 33, 34, 35, 36, 37, 38]",8,pll0.8_xf0.8_cc0.8,ok,,,true,true,true,0.04644748556940162,-0.04644748556940162,true,false
30;32;33;34;35;36;37;38,"[30, 32, 33, 34, 35, 36, 37, 38]",8,pll0.8_xf0.8_cc1.2,ok,,,true,true,true,0.044674976247512946,-0.044674976247512946,true,false
30;32;33;34;35;36;37;38,"[30, 32, 33, 34, 35, 36, 37, 38]",8,pll0.8_xf1.2_cc0.8,ok,,,true,true,true,0.0470012623736054,-0.0470012623736054,true,false
30;32;33;34;35;36;37;38,"[30, 32, 33, 34, 35, 36, 37, 38]",8,pll0.8_xf1.2_cc1.2,ok,,,true,true,true,0.045400154247958985,-0.045400154247958985,true,false
30;32;33;34;35;36;37;38,"[30, 32, 33, 34, 35, 36, 37, 38]",8,pll1.2_xf0.8_cc0.8,ok,,,true,true,true,-0.11141440618293871,0.11141440618293871,false,false
30;32;33;34;35;36;37;38,"[30, 32, 33, 34, 35, 36, 37, 38]",8,pll1.2_xf0.8_cc1.2,ok,,,true,true,true,-0.11409501188635587,0.11409501188635587,false,false
30;32;33;34;35;36;37;38,"[30, 32, 33, 34, 35, 36, 37, 38]",8,pll1.2_xf1.2_cc0.8,ok,,,true,true,true,-0.11044335086546815,0.11044335086546815,false,false
30;32;33;34;35;36;37;38,"[30, 32, 33, 34, 35, 36, 37, 38]",8,pll1.2_xf1.2_cc1.2,ok,,,true,true,true,-0.11290689469624565,0.11290689469624565,false,false
