row_index,x1,x2,x3,x4,x5,x6,x7,x8,x9,x10,x11,x12,x13,x14,x15,x16,x17,x18,x19,x20,x21,x22,x23,x24,x25,x26,x27,x28,x29,x30,x31,x32,x33,x34,x35,x36,x37,x38,x39,x40,x41,x42,x43,x44,x45,x46,x47,x48,x49,x50,x51,x52,x53,x54,x55,x56,x57,x58,x59,x60,x61,x62,x63,x64,x65,x66,x67,x68,x69,x70,x71,x72,x73,x74,x75,x76,x77,x78,x79,x80,x81,x82,x83,x84,x85,x86,x87,x88,x89,x90,x91,x92,x93,x94,x95,x96,x97,x98,x99,x100,x101,x102,x103,x104,x105,x106,x107,x108,x109,x110,x111
1,-0.1388888888888889,-0.4444444444444445,0.0,0.0,0.0,0.0,0.0,0.0,0.0,0.0,-11.666666666666666,0.0,0.0,0.0,0.0,0.0,0.0,0.0,0.0,0.0,0.0,0.0,0.0,0.0,0.0,0.0,0.0,0.0,0.0,0.0,0.0,0.0,0.0,0.0,0.0,0.0,0.0,0.0,0.0,0.0,0.0,0.0,0.0,0.0,0.0,0.0,0.0,0.0,0.0,0.0,0.0,0.0,0.0,0.0,0.0,0.0,0.0,0.0,0.0,0.0,0.0,0.0,0.0,0.0,0.0,0.0,0.0,0.0,0.0,0.0,0.0,0.0,0.0,0.0,0.0,0.0,0.0,0.0,0.0,0.0,0.0,0.0,0.0,0.0,0.0,0.0,0.0,0.0,0.0,0.0,0.0,0.0,0.0,0.0,0.0,0.0,0.0,0.0,0.0,0.0,0.0,0.0,0.0,0.0,0.0,0.0,0.0,0.0,0.0,0.0,0.0
2,-0.0,-2.0,-0.0,-0.0,-0.0,-0.0,-0.0,-0.0,-0.0,-0.0,-40.0,-0.0,-0.0,-0.0,-0.0,-0.0,-0.0,-0.0,-0.0,-0.0,-0.0,-0.0,-0.0,-0.0,-0.0,-0.0,-0.0,-0.0,-0.0,-0.0,-0.0,-0.0,-0.0,-0.0,-0.0,-0.0,-0.0,-0.0,-0.0,-0.0,-0.0,-0.0,-0.0,-0.0,-0.0,-0.0,-0.0,-0.0,-0.0,-0.0,-0.0,-0.0,-0.0,-0.0,-0.0,-0.0,-0.0,-0.0,-0.0,-0.0,-0.0,-0.0,-0.0,-0.0,-0.0,-0.0,-0.0,-0.0,-0.0,-0.0,-0.0,-0.0,-0.0,-0.0,-0.0,-0.0,-0.0,-0.0,-0.0,-0.0,-0.0,-0.0,-0.0,-0.0,-0.0,-0.0,-0.0,-0.0,-0.0,-0.0,-0.0,-0.0,-0.0,-0.0,-0.0,-0.0,-0.0,-0.0,-0.0,-0.0,-0.0,-0.0,-0.0,-0.0,-0.0,-0.0,-0.0,-0.0,-0.0,-0.0,-0.0
3,0.0,0.0,-1.0,0.00776,0.16,0.0,0.0,0.0,0.0,0.0,0.0,0.0,0.0,0.0,0.0,0.0,0.0,0.0,0.0,0.0,0.0,0.0,0.0,0.0,0.0,0.0,0.0,0.0,0.0,0.0,0.0,0.0,0.0,0.0,0.0,0.0,0.0,0.0,0.0,0.0,0.0,0.0,0.0,0.0,0.0,0.0,0.0,0.0,0.0,0.0,0.0,0.0,0.0,0.0,0.0,0.0,0.0,0.0,0.0,0.0,0.0,0.0,0.0,0.0,0.0,0.0,0.0,0.0,0.0,0.0,0.0,0.0,0.0,0.0,0.0,0.0,0.0,0.0,0.0,0.0,0.0,0.0,0.0,0.0,0.0,0.0,0.0,0.0,0.0,0.0,0.0,0.0,0.0,0.0,0.0,0.0,0.0,0.0,0.0,0.0,0.0,0.0,0.0,0.0,0.0,0.0,0.0,0.0,0.0,0.0,0.0
4,0.0,0.0,0.0,0.194,4.0,0.0,0.0,0.0,0.0,0.0,0.0,0.0,0.0,0.0,0.0,0.0,0.0,0.0,0.0,0.0,0.0,0.0,0.0,0.0,0.0,0.0,0.0,0.0,0.0,0.0,0.0,0.0,0.0,0.0,0.0,0.0,0.0,0.0,0.0,0.0,0.0,0.0,0.0,0.0,0.0,0.0,0.0,0.0,0.0,0.0,0.0,0.0,0.0,0.0,0.0,0.0,0.0,0.0,0.0,0.0,0.0,0.0,0.0,0.0,0.0,0.0,0.0,0.0,0.0,0.0,0.0,0.0,0.0,0.0,0.0,0.0,0.0,0.0,0.0,0.0,0.0,0.0,0.0,0.0,0.0,0.0,0.0,0.0,0.0,0.0,0.0,0.0,0.0,0.0,0.0,0.0,0.0,0.0,0.0,0.0,0.0,0.0,0.0,0.0,0.0,0.0,0.0,0.0,0.0,0.0,0.0
5,-0.0,-0.0,-83.33333333333334,-0.0,-16.666666666666668,-83.33333333333334,-0.0,-0.0,-0.0,-0.0,-0.0,-0.0,-0.0,-0.0,-0.0,-0.0,-0.0,-0.0,-0.0,-0.0,-0.0,-0.0,-0.0,-0.0,-0.0,-0.0,-0.0,-0.0,-0.0,-0.0,-0.0,-0.0,-0.0,-0.0,-0.0,-0.0,-0.0,-0.0,-0.0,-0.0,-0.0,-0.0,-0.0,-0.0,-0.0,-0.0,-0.0,-0.0,-0.0,-0.0,-0.0,-0.0,-0.0,-0.0,-0.0,-0.0,-0.0,-0.0,-0.0,-0.0,-0.0,-0.0,-0.0,-0.0,-0.0,-0.0,-0.0,-0.0,-0.0,-0.0,-0.0,-0.0,-0.0,-0.0,-0.0,-0.0,-0.0,-0.0,-0.0,-0.0,-0.0,-0.0,-0.0,-0.0,-0.0,-0.0,-0.0,-0.0,-0.0,-0.0,-0.0,-0.0,-0.0,-0.0,-0.0,-0.0,-0.0,-0.0,-0.0,-0.0,-0.0,-0.0,-0.0,-0.0,-0.0,-0.0,-0.0,-0.0,-0.0,-0.0,-0.0
6,0.0,0.0,0.0,0.0,0.0,-100.0,-3.665575651736189,19.563899258406515,1.8327878258680936,40.75812183543135,63.36318657367423,-0.19522393782788416,0.0,0.0,0.0,0.0,0.0,0.0,-1.2994609179995942,1.0303267277611028,0.4453552214205325,1.857132519391841,3.195476111620755,0.006185519412914042,0.0,0.0,0.0,0.0,0.0,0.0,-1.868882973325022,1.5860267142988187,0.0784645583145905,1.0143194033412766,3.1279811250124845,0.17982707726440247,0.0,0.0,0.0,0.0,0.0,0.0,-0.6200771276267224,1.0245495662322408,0.28185320474718917,0.8339355596172815,1.96782707545247,0.32445489533945776,0.0,0.0,0.0,0.0,0.0,0.0,-1.1071759501123788,1.009940783476767,0.47068346663932464,1.7774953972691683,3.251668398907488,0.14780517315686498,0.0,0.0,0.0,0.0,0.0,0.0,-1.3714932349767044,0.5891626944440065,0.11396914840326912,1.3904240728670736,2.574434964533647,0.008683311052639121,0.0,0.0,0.0,0.0,0.0,0.0,-1.8682324086977722,1.4355552121460464,2.072782871851245,1.818369720519877,5.210872331044584,-1.2335895018761798,0.0,0.0,0.0,0.0,0.0,0.0,-1.0926154762039668,1.517711102098979,0.13657691649983933,1.1556175679867795,2.732040078515178,0.3101677469056494,0.0,0.0,0.0,0.0,0.0,-0.711756697089785,0.06034915640362038,0.0,0.0,2.838651325707802,9.331551844552667,-0.7096628631513512,4.665775783225393,14.220150683814493,4.201143878478001
7,0.0,0.0,0.0,0.0,0.0,0.0,-39.860024185330296,-0.43840983863573957,-22.927130582014513,-0.9133537941977052,1.1261702941397755,-16.56934427323888,0.0,0.0,0.0,0.0,0.0,0.0,0.9915794932643418,0.2011780378159594,-0.3398371575950217,0.36261728066331234,-0.5720265326189032,1.598662884644315,0.0,0.0,0.0,0.0,0.0,0.0,1.1727557605386183,0.40697149346794026,-0.049237841039258504,0.2602724649652626,-0.5486461928577226,1.4467736621759675,0.0,0.0,0.0,0.0,0.0,0.0,0.5798715882972607,0.14834439841299948,-0.2635779618722102,0.1207454211918453,-0.42035531837463896,0.9412362122251323,0.0,0.0,0.0,0.0,0.0,0.0,0.8973206616815474,0.18082669758148417,-0.38146962972280407,0.3182549194101989,-0.5591897905122772,1.5619156030116557,0.0,0.0,0.0,0.0,0.0,0.0,0.8590719671700829,0.15155543049957038,-0.07138766566147772,0.35767084529884874,-0.38967904281917976,1.185160694147898,0.0,0.0,0.0,0.0,0.0,0.0,0.7684339529765234,0.6498685236197015,-0.8525688391140387,0.8231666993166118,-0.5759752224038486,2.3986950601469554,0.0,0.0,0.0,0.0,0.0,0.0,1.0747479546174328,0.20332847230430348,-0.1343434765962959,0.1548186307274193,-0.5658497353691234,1.3622405982203132,0.0,0.0,0.0,0.0,0.0,0.06907033607995715,0.29823944820075315,0.0,0.0,4.576732661689346,-1.5733793730794245,-1.1441832165713095,-0.7866896630945351,-2.717604758387146,5.776997199163367
8,0.0,0.0,0.0,0.0,0.0,0.0,0.3112060281683851,-21.89648384072207,-0.1556030140841926,16.04899123658973,-6.132416137082643,-0.853021616330269,0.0,0.0,0.0,0.0,0.0,0.0,-0.14500184212845693,0.1640633549557119,0.0496954749565806,0.29571919617271697,0.44936586483309404,0.08041067991567484,0.0,0.0,0.0,0.0,0.0,0.0,-0.2211371941072637,0.2573870980192491,0.00928438672202333,0.16460802667251886,0.4404360762741231,0.09882266964686832,0.0,0.0,0.0,0.0,0.0,0.0,-0.0638864106329085,0.1605726211577863,0.0290392739458048,0.13069862415429367,0.2733413955238946,0.09531289926784324,0.0,0.0,0.0,0.0,0.0,0.0,-0.12093678320733006,0.16000325196377696,0.05141273558051623,0.28160566299207673,0.4584063240136537,0.09975943518675935,0.0,0.0,0.0,0.0,0.0,0.0,-0.1623608505501053,0.09563056808278313,0.013491957086861071,0.225688159176026,0.3655703441398774,0.0602247676303841,0.0,0.0,0.0,0.0,0.0,0.0,-0.2411428649064706,0.24696455989211902,0.2675452998889341,0.31282173889920717,0.7505238960029873,-0.06519032648639206,0.0,0.0,0.0,0.0,0.0,0.0,-0.10993789778209685,0.23704696542237083,0.01374223540903822,0.18049260976031364,0.38037718805837145,0.11410900527163356,0.0,0.0,0.0,0.0,0.0,-0.10299202300975409,0.023852289446465086,0.0,0.0,0.6520084013605628,1.3170819826788709,-0.16300210762690243,0.6585409717133869,1.9911640843181904,0.9154139667839436
9,0.0,0.0,0.0,0.0,0.0,0.0,-0.13552481520562248,0.0012957446234472224,-0.6855709225516077,0.002699467858247832,-0.00332845884175062,0.04897161711266638,0.0,0.0,0.0,0.0,0.0,0.0,-0.0029306682557945943,-0.0005945928623930315,0.0010044075907867608,-0.001071735509519279,0.0016906561823899664,-0.004724936930997128,0.0,0.0,0.0,0.0,0.0,0.0,-0.0034661447746323314,-0.001202826848499429,0.00014552517342061123,-0.0007692497234084698,0.0016215542898909475,-0.004276019899423705,0.0,0.0,0.0,0.0,0.0,0.0,-0.0017138426800915433,-0.0004384401072300369,0.0007790193030746721,-0.0003568697974526922,0.001242383486229046,-0.002781875893067882,0.0,0.0,0.0,0.0,0.0,0.0,-0.00265208104475962,-0.0005344433461987185,0.0011274546740553725,-0.0009406200873471385,0.001652716478256049,-0.004616328299516619,0.0,0.0,0.0,0.0,0.0,0.0,-0.002539034904140766,-0.0004479304908738848,0.0002109902100946303,-0.0010571160451188502,0.0011517180503390514,-0.003502808244773565,0.0,0.0,0.0,0.0,0.0,0.0,-0.002271149219967474,-0.0019207225094404323,0.0025198145480455885,-0.002432914891142556,0.001702326754324269,-0.007089476452323063,0.0,0.0,0.0,0.0,0.0,0.0,-0.003176477261755758,-0.0006009485909392204,0.00039705960531485977,-0.0004575750603562319,0.0016724003151141963,-0.004026177734692845,0.0,0.0,0.0,0.0,0.0,-0.00020414121383269804,-0.0008814632507074606,0.0,0.0,-0.013526787532399647,0.004650210108547114,0.0033816970342735414,0.0023251049849800343,0.008032031774862797,-0.01707423602485587
10,0.0,0.0,0.0,0.0980392175195585,0.0,0.0,0.003844443496301816,0.0951643917129427,-0.0019222217481509075,-0.2654398542819256,-0.07575601113378011,-0.010537692423269428,0.0,0.0,0.0,0.0,0.0,0.0,-0.0017912615388700212,0.0020267354769865527,0.0006139066348325467,0.003653128916393194,0.005551183203889909,0.000993342954358708,0.0,0.0,0.0,0.0,0.0,0.0,-0.002731789781450215,0.00317959829003281,0.0001146934728761772,0.0020334640087300484,0.0054408702136469565,0.0012207930927530825,0.0,0.0,0.0,0.0,0.0,0.0,-0.0007892125268436656,0.0019836131476224997,0.00035873292209452547,0.0016145685819867865,0.003376687644762827,0.001177435597441793,0.0,0.0,0.0,0.0,0.0,0.0,-0.0014939769399759798,0.001976579518782509,0.0006351205922741823,0.003478779206120889,0.005662863349370506,0.0012323653049258012,0.0,0.0,0.0,0.0,0.0,0.0,-0.0020057038085832084,0.0011813598781402145,0.00016667115023524315,0.0027880095409563935,0.004516026055925035,0.0007439788926827702,0.0,0.0,0.0,0.0,0.0,0.0,-0.002978927253194662,0.0030508448106942834,0.003305086325537381,0.00386440297024765,0.00927150006633741,-0.0008053202830209889,0.0,0.0,0.0,0.0,0.0,0.0,-0.0013581036286893244,0.0029283290876455266,0.00016976293118056165,0.0022296921554107304,0.004698940490899959,0.0014096308666252453,0.0,0.0,0.0,0.0,0.0,-0.0012722986613118554,0.0002946561786545966,0.0,0.0,0.008054501620349399,0.016270402254760924,-0.0020136254951034203,0.008135200884932605,0.02459758848207452,0.011308448270552794
11,0.11904762445393628,0.0,0.0,0.0,0.0,0.0,-0.12082958029807449,-0.019421667069040197,0.060414790149037244,-0.04046180478602608,-0.03503210762427482,-0.2014149935024809,0.0,0.0,0.0,0.0,0.0,0.0,0.01145306508968681,0.0029162646716554717,-0.003925229507335459,0.005256478174310456,-0.005486983816590608,0.019427363955842325,0.0,0.0,0.0,0.0,0.0,0.0,0.013393669366359415,0.00567124641643946,-0.0005623296728811718,0.0036269598925812445,-0.005233811672967318,0.017661357843829564,0.0,0.0,0.0,0.0,0.0,0.0,0.006761747987392257,0.0022716645304533263,-0.0030735214298803206,0.0018490289722468255,-0.004206325282349501,0.011585066568396325,0.0,0.0,0.0,0.0,0.0,0.0,0.010395834274396713,0.0026596499428197776,-0.0044194848292941095,0.004680982894298684,-0.005305277051537521,0.019045723483256203,0.0,0.0,0.0,0.0,0.0,0.0,0.00981004594257663,0.002111288125922981,-0.0008152009454799781,0.004982640385627326,-0.0035557883609405646,0.01440425522768225,0.0,0.0,0.0,0.0,0.0,0.0,0.008481260788135981,0.008553652710844257,-0.009409863575595315,0.010834625486811007,-0.004611981125339506,0.02858037007760807,0.0,0.0,0.0,0.0,0.0,0.0,0.01255833032531638,0.003165598544448301,-0.001569791083480819,0.002410354174848264,-0.005624170270455869,0.016693931504578374,0.0,0.0,0.0,0.0,0.0,0.0005132784120753745,0.0036513920875242416,0.0,0.0,0.05690953004213789,-0.014843798893143814,-0.014227383146548036,-0.00742189922538209,-0.026507885761802477,0.07211730173406841
12,0.0,0.0,0.0,0.0,0.0,0.0,0.0,0.0,0.0,0.0,376.99111843077515,0.0,0.0,0.0,0.0,0.0,0.0,0.0,0.0,0.0,0.0,0.0,0.0,0.0,0.0,0.0,0.0,0.0,0.0,0.0,0.0,0.0,0.0,0.0,0.0,0.0,0.0,0.0,0.0,0.0,0.0,0.0,0.0,0.0,0.0,0.0,0.0,0.0,0.0,0.0,0.0,0.0,0.0,0.0,0.0,0.0,0.0,0.0,0.0,0.0,0.0,0.0,0.0,0.0,0.0,0.0,0.0,0.0,0.0,0.0,0.0,0.0,0.0,0.0,0.0,0.0,0.0,0.0,0.0,0.0,0.0,0.0,0.0,0.0,0.0,0.0,0.0,0.0,0.0,0.0,0.0,0.0,0.0,0.0,0.0,0.0,0.0,0.0,0.0,0.0,0.0,0.0,0.0,0.0,0.0,0.0,0.0,0.0,0.0,0.0,0.0
13,0.0,0.0,0.0,0.0,0.0,0.0,0.0,0.0,0.0,0.0,0.0,0.0,-0.1388888888888889,-0.4444444444444445,0.0,0.0,0.0,0.0,0.0,0.0,0.0,0.0,-11.666666666666666,0.0,0.0,0.0,0.0,0.0,0.0,0.0,0.0,0.0,0.0,0.0,0.0,0.0,0.0,0.0,0.0,0.0,0.0,0.0,0.0,0.0,0.0,0.0,0.0,0.0,0.0,0.0,0.0,0.0,0.0,0.0,0.0,0.0,0.0,0.0,0.0,0.0,0.0,0.0,0.0,0.0,0.0,0.0,0.0,0.0,0.0,0.0,0.0,0.0,0.0,0.0,0.0,0.0,0.0,0.0,0.0,0.0,0.0,0.0,0.0,0.0,0.0,0.0,0.0,0.0,0.0,0.0,0.0,0.0,0.0,0.0,0.0,0.0,0.0,0.0,0.0,0.0,0.0,0.0,0.0,0.0,0.0,0.0,0.0,0.0,0.0,0.0,0.0
14,-0.0,-0.0,-0.0,-0.0,-0.0,-0.0,-0.0,-0.0,-0.0,-0.0,-0.0,-0.0,-0.0,-2.0,-0.0,-0.0,-0.0,-0.0,-0.0,-0.0,-0.0,-0.0,-40.0,-0.0,-0.0,-0.0,-0.0,-0.0,-0.0,-0.0,-0.0,-0.0,-0.0,-0.0,-0.0,-0.0,-0.0,-0.0,-0.0,-0.0,-0.0,-0.0,-0.0,-0.0,-0.0,-0.0,-0.0,-0.0,-0.0,-0.0,-0.0,-0.0,-0.0,-0.0,-0.0,-0.0,-0.0,-0.0,-0.0,-0.0,-0.0,-0.0,-0.0,-0.0,-0.0,-0.0,-0.0,-0.0,-0.0,-0.0,-0.0,-0.0,-0.0,-0.0,-0.0,-0.0,-0.0,-0.0,-0.0,-0.0,-0.0,-0.0,-0.0,-0.0,-0.0,-0.0,-0.0,-0.0,-0.0,-0.0,-0.0,-0.0,-0.0,-0.0,-0.0,-0.0,-0.0,-0.0,-0.0,-0.0,-0.0,-0.0,-0.0,-0.0,-0.0,-0.0,-0.0,-0.0,-0.0,-0.0,-0.0
15,0.0,0.0,0.0,0.0,0.0,0.0,0.0,0.0,0.0,0.0,0.0,0.0,0.0,0.0,-1.0,-0.09179965390588424,0.16,0.0,0.0,0.0,0.0,0.0,0.0,0.0,0.0,0.0,0.0,0.0,0.0,0.0,0.0,0.0,0.0,0.0,0.0,0.0,0.0,0.0,0.0,0.0,0.0,0.0,0.0,0.0,0.0,0.0,0.0,0.0,0.0,0.0,0.0,0.0,0.0,0.0,0.0,0.0,0.0,0.0,0.0,0.0,0.0,0.0,0.0,0.0,0.0,0.0,0.0,0.0,0.0,0.0,0.0,0.0,0.0,0.0,0.0,0.0,0.0,0.0,0.0,0.0,0.0,0.0,0.0,0.0,0.0,0.0,0.0,0.0,0.0,0.0,0.0,0.0,0.0,0.0,0.0,0.0,0.0,0.0,0.0,0.0,0.0,0.0,0.0,0.0,0.0,0.0,0.0,0.0,0.0,0.0,0.0
16,0.0,0.0,0.0,0.0,0.0,0.0,0.0,0.0,0.0,0.0,0.0,0.0,0.0,0.0,0.0,-1.1474956738235529,2.0,0.0,0.0,0.0,0.0,0.0,0.0,0.0,0.0,0.0,0.0,0.0,0.0,0.0,0.0,0.0,0.0,0.0,0.0,0.0,0.0,0.0,0.0,0.0,0.0,0.0,0.0,0.0,0.0,0.0,0.0,0.0,0.0,0.0,0.0,0.0,0.0,0.0,0.0,0.0,0.0,0.0,0.0,0.0,0.0,0.0,0.0,0.0,0.0,0.0,0.0,0.0,0.0,0.0,0.0,0.0,0.0,0.0,0.0,0.0,0.0,0.0,0.0,0.0,0.0,0.0,0.0,0.0,0.0,0.0,0.0,0.0,0.0,0.0,0.0,0.0,0.0,0.0,0.0,0.0,0.0,0.0,0.0,0.0,0.0,0.0,0.0,0.0,0.0,0.0,0.0,0.0,0.0,0.0,0.0
17,-0.0,-0.0,-0.0,-0.0,-0.0,-0.0,-0.0,-0.0,-0.0,-0.0,-0.0,-0.0,-0.0,-0.0,-83.33333333333334,-0.0,-16.666666666666668,-83.33333333333334,-0.0,-0.0,-0.0,-0.0,-0.0,-0.0,-0.0,-0.0,-0.0,-0.0,-0.0,-0.0,-0.0,-0.0,-0.0,-0.0,-0.0,-0.0,-0.0,-0.0,-0.0,-0.0,-0.0,-0.0,-0.0,-0.0,-0.0,-0.0,-0.0,-0.0,-0.0,-0.0,-0.0,-0.0,-0.0,-0.0,-0.0,-0.0,-0.0,-0.0,-0.0,-0.0,-0.0,-0.0,-0.0,-0.0,-0.0,-0.0,-0.0,-0.0,-0.0,-0.0,-0.0,-0.0,-0.0,-0.0,-0.0,-0.0,-0.0,-0.0,-0.0,-0.0,-0.0,-0.0,-0.0,-0.0,-0.0,-0.0,-0.0,-0.0,-0.0,-0.0,-0.0,-0.0,-0.0,-0.0,-0.0,-0.0,-0.0,-0.0,-0.0,-0.0,-0.0,-0.0,-0.0,-0.0,-0.0,-0.0,-0.0,-0.0,-0.0,-0.0,-0.0
18,0.0,0.0,0.0,0.0,0.0,0.0,1.3280617652719093,1.8605199884802768,-0.6640308826359544,3.8760831553122066,5.650387595340731,2.6972115964266417,0.0,0.0,0.0,0.0,0.0,-100.0,-23.741000237263798,12.041699649702123,8.13658823513368,21.70479655206653,45.561294119522714,-10.900421653435806,0.0,0.0,0.0,0.0,0.0,0.0,-1.975647961627486,2.11563369575733,0.08294705816620536,1.3530215403200114,3.7494285569883927,0.6783751127032294,0.0,0.0,0.0,0.0,0.0,0.0,-0.5957779949871842,1.330804237855707,0.2708081458313039,1.083212577912198,2.335239499941802,0.7014082868326297,0.0,0.0,0.0,0.0,0.0,0.0,-1.1070136763891325,1.322660207158484,0.4706144807129277,2.327881464774384,3.901180340409222,0.674280759911765,0.0,0.0,0.0,0.0,0.0,0.0,-1.4503329175967488,0.7860143995605766,0.12052061454210337,1.8549941350250456,3.105278916384971,0.3819275353654284,0.0,0.0,0.0,0.0,0.0,0.0,-0.7170645699553877,1.0434276676990202,0.7955750856773359,1.3216748895782255,2.622295245462892,0.2774005174570592,0.0,0.0,0.0,0.0,0.0,0.0,-3.9856462023844315,4.778754470851595,0.49820570954400645,3.6386454655131795,9.018445541879215,0.38677413545905187,0.0,0.0,0.0,0.0,0.0,-0.22885110049160912,0.11088707411439505,0.0,0.0,4.549041801439791,8.217021530051085,-1.137260501199451,4.108510642582394,12.392028475275772,6.328518608836585
19,0.0,0.0,0.0,0.0,0.0,0.0,0.6019863022709026,-0.6525737052595754,-0.3009931511354506,-1.3595284986013072,-2.2209594738679734,0.783537603431946,0.0,0.0,0.0,0.0,0.0,0.0,-43.083958022943754,-0.3475461883740981,-23.597649914472683,-0.6264414103114272,13.280565443784683,-8.979649881885434,0.0,0.0,0.0,0.0,0.0,0.0,1.3514450177924533,-0.24615585815037927,-0.0567400623372777,-0.15742525703826915,-1.3534903967363094,0.8718100386070415,0.0,0.0,0.0,0.0,0.0,0.0,0.5709360459421539,-0.23259822372462557,-0.25951635221635927,-0.18932410520762705,-0.8997926719190011,0.5007834052985152,0.0,0.0,0.0,0.0,0.0,0.0,0.930742871684853,-0.20705734837753687,-0.3956781045957515,-0.3644208548988618,-1.399847297140896,0.9560215749619545,0.0,0.0,0.0,0.0,0.0,0.0,0.9907634516093516,-0.09119730751741136,-0.08233104179396057,-0.2152256633840924,-1.0742218858894161,0.7585300042280498,0.0,0.0,0.0,0.0,0.0,0.0,0.4688187628983238,-0.10942348063907742,-0.5201491512586962,-0.13860305909832787,-0.9906844340685831,0.6920149344038574,0.0,0.0,0.0,0.0,0.0,0.0,2.917361796670916,-0.6284015956032041,-0.36467017645406696,-0.47847836299389773,-3.0122496390062765,2.5375199642368997,0.0,0.0,0.0,0.0,0.0,0.08809677984137886,0.02772174732472963,0.0,0.0,1.2548677632880159,-3.115674102270051,-0.3137169548462441,-1.5578370047078682,-4.887319998298506,1.423008529162971
20,0.0,0.0,0.0,0.0,0.0,0.0,0.37263758821097204,0.08135519393704606,-0.1863187941054858,0.16948998063391937,0.17663919819792426,0.6274607597944756,0.0,0.0,0.0,0.0,0.0,0.0,0.20150919242306053,-21.931596827324682,-0.06906184692956839,16.518354764314687,-3.8445938256722707,-4.248285497659613,0.0,0.0,0.0,0.0,0.0,0.0,0.10759630607142032,0.23859808903706467,-0.004517402508705534,0.15259180008039044,0.15264362154017594,0.35658601574094684,0.0,0.0,0.0,0.0,0.0,0.0,0.08058108518650413,0.1271793234644456,-0.03662776143469489,0.10351803737041325,0.07833622936557826,0.25067183358504525,0.0,0.0,0.0,0.0,0.0,0.0,0.11139761448767926,0.13350583314658615,-0.04735743705152729,0.23497021588702,0.1613030577206685,0.38079193049493,0.0,0.0,0.0,0.0,0.0,0.0,0.07859251973031106,0.08872102417340512,-0.006530927252209771,0.20938163421317585,0.14018864264529543,0.27962071329393473,0.0,0.0,0.0,0.0,0.0,0.0,0.03266245466335641,0.1212055356024219,-0.03623862655611151,0.153526993621765,0.09377313223765138,0.2446547631704091,0.0,0.0,0.0,0.0,0.0,0.0,0.27332281860426577,0.5176157055387999,-0.034165347816331876,0.3941236260044821,0.43881998577930204,0.8044088560158821,0.0,0.0,0.0,0.0,0.0,-0.0077010241161651885,0.024473039818444117,0.0,0.0,1.0386306750040597,0.29049897711715394,-0.25965768035861725,0.14524948422980546,0.38254074923381004,1.3498436583782363
21,0.0,0.0,0.0,0.0,0.0,0.0,-0.009364289934428189,0.010151210013554023,0.004682144967214084,0.02114835335454416,0.034548474554086286,-0.012188438948502649,0.0,0.0,0.0,0.0,0.0,0.0,-1.071059678908159,0.005406307853290405,-2.0408485897039044,0.009744705105347072,-0.20658786560359743,0.1396843162152022,0.0,0.0,0.0,0.0,0.0,0.0,-0.02102260953331777,0.0038291150746828937,0.0008826287120145981,0.002448852647223246,0.021054426738100974,-0.013561574305701566,0.0,0.0,0.0,0.0,0.0,0.0,-0.008881282926288871,0.0036182172201821967,0.004036946282185591,0.002945060055440564,0.013996862435138197,-0.007790012802409615,0.0,0.0,0.0,0.0,0.0,0.0,-0.014478312998120418,0.0032209122299739663,0.006155031232707691,0.005668804307592746,0.02177553858767694,-0.014871539730622763,0.0,0.0,0.0,0.0,0.0,0.0,-0.0154119723028675,0.0014186336559663692,0.001280713104357684,0.0033479757025290375,0.016710222733356938,-0.011799429416847425,0.0,0.0,0.0,0.0,0.0,0.0,-0.007292781921978374,0.001702153677705263,0.00809125962361388,0.00215606107032539,0.01541074313343479,-0.010764744081827673,0.0,0.0,0.0,0.0,0.0,0.0,-0.04538146732673797,0.009775197067254143,0.005672682667151829,0.007443043307668298,0.04685750966113772,-0.039472779646107126,0.0,0.0,0.0,0.0,0.0,-0.0013704029238075818,-0.0004312298775876565,0.0,0.0,-0.01952028728970694,0.048466344707153046,0.004880072040582949,0.024233171631371783,0.07602545322667618,-0.02213582667243086
22,0.0,0.0,0.0,0.0,0.0,0.0,0.018189655718624024,0.0039712122862896465,-0.009094827859312002,0.00827335860101637,0.008622335221359788,0.030628405610939116,0.0,0.0,0.0,0.17543860236179962,0.0,0.0,0.009836320731654802,0.44733891412440013,-0.0033711339346420214,-0.8870155122301477,-0.1876671604780077,-0.20737266728202913,0.0,0.0,0.0,0.0,0.0,0.0,0.005252126532460228,0.011646750709025804,-0.000220509146085609,0.0074485033092689,0.007451032883692289,0.01740612612791886,0.0,0.0,0.0,0.0,0.0,0.0,0.003933425514083626,0.006208037464637261,-0.0017879204656718471,0.005053052939386831,0.0038238467817913913,0.012236109548580246,0.0,0.0,0.0,0.0,0.0,0.0,0.005437680790966513,0.0065168550307104015,-0.0023116709181683352,0.011469662391373878,0.007873728198989838,0.01858769575390098,0.0,0.0,0.0,0.0,0.0,0.0,0.0038363571501653323,0.004330762477467217,-0.00031879585420088665,0.010220600284650496,0.006843064752596667,0.013649198759125581,0.0,0.0,0.0,0.0,0.0,0.0,0.0015943609127140833,0.005916437400703866,-0.0017689255234183768,0.007494153155355421,0.004577372345202549,0.011942396722124892,0.0,0.0,0.0,0.0,0.0,0.0,0.013341777984138251,0.02526651034724095,-0.0016677220279084615,0.019238459281618374,0.0214202343410883,0.039265819152031194,0.0,0.0,0.0,0.0,0.0,-0.0003759120973983934,0.001194608871377856,0.0,0.0,0.05069894985051767,0.014180202286468841,-0.012674738029234333,0.007090100931932963,0.018673061298818808,0.06589027032336589
23,0.0,0.0,0.0,0.0,0.0,0.0,0.011557270065511844,-0.0038776879111156364,-0.0057786350327559115,-0.008078516160479525,-0.014984149818774072,0.017581850691364864,0.11173184595655401,0.0,0.0,0.0,0.0,0.0,-0.049968109558990684,-0.05230914973631551,0.017125223381759782,-0.09428564786254226,-0.05088559429940878,-0.14904084109673152,0.0,0.0,0.0,0.0,0.0,0.0,0.012951690349210038,0.0022433877962472377,-0.0005437733005133284,0.0014347247435605708,-0.008329511565532905,0.01347409475933397,0.0,0.0,0.0,0.0,0.0,0.0,0.006097742265365654,0.0003679949134974842,-0.002771700684709519,0.0002995306954766444,-0.005949897865034545,0.008556921553343411,0.0,0.0,0.0,0.0,0.0,0.0,0.009584667503632918,0.0006892934600273041,-0.0040746410060093115,0.0012131562291686146,-0.008553630245597793,0.014593111696379621,0.0,0.0,0.0,0.0,0.0,0.0,0.009489936225247115,0.0008369150756642596,-0.0007886002806358123,0.001975119740476957,-0.0062714652272144985,0.011177294197654713,0.0,0.0,0.0,0.0,0.0,0.0,0.004409847167107139,0.001267158289619305,-0.0048926758966957445,0.0016050669771906212,-0.0064168062031219,0.010010956556059871,0.0,0.0,0.0,0.0,0.0,0.0,0.028690608562934865,0.004096176542063781,-0.0035863255970374347,0.0031189160882052667,-0.01677108842307986,0.03505624155791652,0.0,0.0,0.0,0.0,0.0,0.000581984023245397,0.0006625730369308881,0.0,0.0,0.028759244850871057,-0.020259367371706107,-0.007189811534127375,-0.010129683383964985,-0.03308312130374424,0.03567950679885316
24,0.0,0.0,0.0,0.0,0.0,0.0,0.0,0.0,0.0,0.0,0.0,0.0,0.0,0.0,0.0,0.0,0.0,0.0,0.0,0.0,0.0,0.0,376.99111843077515,0.0,0.0,0.0,0.0,0.0,0.0,0.0,0.0,0.0,0.0,0.0,0.0,0.0,0.0,0.0,0.0,0.0,0.0,0.0,0.0,0.0,0.0,0.0,0.0,0.0,0.0,0.0,0.0,0.0,0.0,0.0,0.0,0.0,0.0,0.0,0.0,0.0,0.0,0.0,0.0,0.0,0.0,0.0,0.0,0.0,0.0,0.0,0.0,0.0,0.0,0.0,0.0,0.0,0.0,0.0,0.0,0.0,0.0,0.0,0.0,0.0,0.0,0.0,0.0,0.0,0.0,0.0,0.0,0.0,0.0,0.0,0.0,0.0,0.0,0.0,0.0,0.0,0.0,0.0,0.0,0.0,0.0,0.0,0.0,0.0,0.0,0.0,0.0
25,0.0,0.0,0.0,0.0,0.0,0.0,0.0,0.0,0.0,0.0,0.0,0.0,0.0,0.0,0.0,0.0,0.0,0.0,0.0,0.0,0.0,0.0,0.0,0.0,-0.1388888888888889,-0.4444444444444445,0.0,0.0,0.0,0.0,0.0,0.0,0.0,0.0,-11.666666666666666,0.0,0.0,0.0,0.0,0.0,0.0,0.0,0.0,0.0,0.0,0.0,0.0,0.0,0.0,0.0,0.0,0.0,0.0,0.0,0.0,0.0,0.0,0.0,0.0,0.0,0.0,0.0,0.0,0.0,0.0,0.0,0.0,0.0,0.0,0.0,0.0,0.0,0.0,0.0,0.0,0.0,0.0,0.0,0.0,0.0,0.0,0.0,0.0,0.0,0.0,0.0,0.0,0.0,0.0,0.0,0.0,0.0,0.0,0.0,0.0,0.0,0.0,0.0,0.0,0.0,0.0,0.0,0.0,0.0,0.0,0.0,0.0,0.0,0.0,0.0,0.0
26,-0.0,-0.0,-0.0,-0.0,-0.0,-0.0,-0.0,-0.0,-0.0,-0.0,-0.0,-0.0,-0.0,-0.0,-0.0,-0.0,-0.0,-0.0,-0.0,-0.0,-0.0,-0.0,-0.0,-0.0,-0.0,-2.0,-0.0,-0.0,-0.0,-0.0,-0.0,-0.0,-0.0,-0.0,-40.0,-0.0,-0.0,-0.0,-0.0,-0.0,-0.0,-0.0,-0.0,-0.0,-0.0,-0.0,-0.0,-0.0,-0.0,-0.0,-0.0,-0.0,-0.0,-0.0,-0.0,-0.0,-0.0,-0.0,-0.0,-0.0,-0.0,-0.0,-0.0,-0.0,-0.0,-0.0,-0.0,-0.0,-0.0,-0.0,-0.0,-0.0,-0.0,-0.0,-0.0,-0.0,-0.0,-0.0,-0.0,-0.0,-0.0,-0.0,-0.0,-0.0,-0.0,-0.0,-0.0,-0.0,-0.0,-0.0,-0.0,-0.0,-0.0,-0.0,-0.0,-0.0,-0.0,-0.0,-0.0,-0.0,-0.0,-0.0,-0.0,-0.0,-0.0,-0.0,-0.0,-0.0,-0.0,-0.0,-0.0
27,0.0,0.0,0.0,0.0,0.0,0.0,0.0,0.0,0.0,0.0,0.0,0.0,0.0,0.0,0.0,0.0,0.0,0.0,0.0,0.0,0.0,0.0,0.0,0.0,0.0,0.0,-1.0,0.0084,0.16,0.0,0.0,0.0,0.0,0.0,0.0,0.0,0.0,0.0,0.0,0.0,0.0,0.0,0.0,0.0,0.0,0.0,0.0,0.0,0.0,0.0,0.0,0.0,0.0,0.0,0.0,0.0,0.0,0.0,0.0,0.0,0.0,0.0,0.0,0.0,0.0,0.0,0.0,0.0,0.0,0.0,0.0,0.0,0.0,0.0,0.0,0.0,0.0,0.0,0.0,0.0,0.0,0.0,0.0,0.0,0.0,0.0,0.0,0.0,0.0,0.0,0.0,0.0,0.0,0.0,0.0,0.0,0.0,0.0,0.0,0.0,0.0,0.0,0.0,0.0,0.0,0.0,0.0,0.0,0.0,0.0,0.0
28,0.0,0.0,0.0,0.0,0.0,0.0,0.0,0.0,0.0,0.0,0.0,0.0,0.0,0.0,0.0,0.0,0.0,0.0,0.0,0.0,0.0,0.0,0.0,0.0,0.0,0.0,0.0,0.105,2.0,0.0,0.0,0.0,0.0,0.0,0.0,0.0,0.0,0.0,0.0,0.0,0.0,0.0,0.0,0.0,0.0,0.0,0.0,0.0,0.0,0.0,0.0,0.0,0.0,0.0,0.0,0.0,0.0,0.0,0.0,0.0,0.0,0.0,0.0,0.0,0.0,0.0,0.0,0.0,0.0,0.0,0.0,0.0,0.0,0.0,0.0,0.0,0.0,0.0,0.0,0.0,0.0,0.0,0.0,0.0,0.0,0.0,0.0,0.0,0.0,0.0,0.0,0.0,0.0,0.0,0.0,0.0,0.0,0.0,0.0,0.0,0.0,0.0,0.0,0.0,0.0,0.0,0.0,0.0,0.0,0.0,0.0
29,-0.0,-0.0,-0.0,-0.0,-0.0,-0.0,-0.0,-0.0,-0.0,-0.0,-0.0,-0.0,-0.0,-0.0,-0.0,-0.0,-0.0,-0.0,-0.0,-0.0,-0.0,-0.0,-0.0,-0.0,-0.0,-0.0,-83.33333333333334,-0.0,-16.666666666666668,-83.33333333333334,-0.0,-0.0,-0.0,-0.0,-0.0,-0.0,-0.0,-0.0,-0.0,-0.0,-0.0,-0.0,-0.0,-0.0,-0.0,-0.0,-0.0,-0.0,-0.0,-0.0,-0.0,-0.0,-0.0,-0.0,-0.0,-0.0,-0.0,-0.0,-0.0,-0.0,-0.0,-0.0,-0.0,-0.0,-0.0,-0.0,-0.0,-0.0,-0.0,-0.0,-0.0,-0.0,-0.0,-0.0,-0.0,-0.0,-0.0,-0.0,-0.0,-0.0,-0.0,-0.0,-0.0,-0.0,-0.0,-0.0,-0.0,-0.0,-0.0,-0.0,-0.0,-0.0,-0.0,-0.0,-0.0,-0.0,-0.0,-0.0,-0.0,-0.0,-0.0,-0.0,-0.0,-0.0,-0.0,-0.0,-0.0,-0.0,-0.0,-0.0,-0.0
30,0.0,0.0,0.0,0.0,0.0,0.0,1.1332800079067964,1.3681735798692198,-0.5666400039533978,2.850361511464349,4.120055788485332,2.2372058099211705,0.0,0.0,0.0,0.0,0.0,0.0,-0.8830114150104498,1.0364140763332546,0.30262837365991374,1.8681047796328079,2.8070340333029233,0.5502833704414712,0.0,0.0,0.0,0.0,0.0,-100.0,-35.70658655750703,20.87654900156033,1.4991316113131654,13.351281246513729,50.25632690071672,-7.048048735017879,0.0,0.0,0.0,0.0,0.0,0.0,-5.186353609278825,6.380413880292983,2.357433165326116,5.193359301706927,13.649984918639577,0.2514002827101719,0.0,0.0,0.0,0.0,0.0,0.0,-2.0386269401831587,1.989087077023835,0.8666626070520534,3.5007925038990937,6.256284027616348,0.49007208183325035,0.0,0.0,0.0,0.0,0.0,0.0,-2.558025952852821,1.1663306002297824,0.21256833938743286,2.75254044218022,4.960145453436777,0.1704771465481502,0.0,0.0,0.0,0.0,0.0,0.0,-0.7610545540212955,1.1098489899466237,0.8443814788649925,1.4058085544836538,2.786211185282342,0.29809288750263996,0.0,0.0,0.0,0.0,0.0,0.0,-0.5409423595225213,1.3556805285699722,0.06761778601600349,1.0322440372389738,2.1083923579304256,0.7475485748759332,0.0,0.0,0.0,0.0,0.0,-0.18085169806509663,0.10708002395512252,0.0,0.0,2.4141570014779834,2.9786383107311853,-0.6035392773498025,1.4893191109804287,4.443634019151254,3.275645229310019
31,0.0,0.0,0.0,0.0,0.0,0.0,0.9392214191521385,-1.5788737510332354,-0.4696107095760694,-3.2893201839467316,-5.257692913550929,1.057902192585659,0.0,0.0,0.0,0.0,0.0,0.0,2.2613004079821417,-0.6181467468546377,-0.7749997941034967,-1.1141906682694547,-3.340109077584039,1.8969652925742335,0.0,0.0,0.0,0.0,0.0,0.0,-81.6157966115482,-2.7107102913332612,-26.34437465439327,-1.7335937790630316,40.64654776642268,-25.874091428374747,0.0,0.0,0.0,0.0,0.0,0.0,10.017885920492471,-2.7371264645966495,-4.553583942516102,-2.2278932764481536,-14.063262491874726,10.298974163648387,0.0,0.0,0.0,0.0,0.0,0.0,4.435803999224622,-1.0209082405526053,-1.8857523083622842,-1.7967981175781111,-6.742338000923733,4.4988971776242614,0.0,0.0,0.0,0.0,0.0,0.0,4.730469067226756,-0.4560988625407216,-0.393095290148476,-1.0763934038328369,-5.1775038369185875,3.5743797007459284,0.0,0.0,0.0,0.0,0.0,0.0,1.4871741071725986,-0.4865052177367926,-1.6500029666848122,-0.6162398696494814,-3.3187676161526403,1.9826372739910307,0.0,0.0,0.0,0.0,0.0,0.0,1.933423555561308,-0.9514716923671491,-0.2416779125480969,-0.7244708176812713,-2.6654627692479953,1.1557904062257605,0.0,0.0,0.0,0.0,0.0,0.23221326158092806,0.030400915767546107,0.0,0.0,0.3396532390351004,-3.9951596496839397,-0.084913313554696,-1.997579765309459,-6.186556066702914,0.19617497499120903
32,0.0,0.0,0.0,0.0,0.0,0.0,0.23467192846845578,0.03303872744754241,-0.11733596423422789,0.06883067944729447,0.053072439141019535,0.3898086790376382,0.0,0.0,0.0,0.0,0.0,0.0,0.09328902806105277,0.07834086120244464,-0.03197230110790408,0.14120701425689572,0.05848586625955458,0.24688389964624885,0.0,0.0,0.0,0.0,0.0,0.0,0.30840892542602216,-22.437611301548344,-0.012948467324723044,18.44106206179441,-2.71066699278725,-3.3076518841948843,0.0,0.0,0.0,0.0,0.0,0.0,0.24681879593820616,0.5808470351989293,-0.11219034782541452,0.47278239464000604,0.48542839517857844,0.9829950630190422,0.0,0.0,0.0,0.0,0.0,0.0,0.14296462841086222,0.165614942598033,-0.0607772295816191,0.2914822363877464,0.1951227388092864,0.4790675298915105,0.0,0.0,0.0,0.0,0.0,0.0,0.10230923400602818,0.1102598567067467,-0.00850175267080767,0.2602132831587575,0.17019749234245207,0.352030357612722,0.0,0.0,0.0,0.0,0.0,0.0,0.03779918577956289,0.10007738149919357,-0.041937772029345004,0.1267646682533419,0.05773503483354622,0.22184832620600867,0.0,0.0,0.0,0.0,0.0,0.0,0.10771870687042867,0.08928958550261958,-0.013464836581691286,0.06798699271711299,0.029475134784222815,0.20427035803538993,0.0,0.0,0.0,0.0,0.0,-0.0021982202103067467,0.016790806191876957,0.0,0.0,0.34665694626013266,0.02046628667221194,-0.0866642404392264,0.010233143031134678,0.009641404146478762,0.4459419236330896
33,0.0,0.0,0.0,0.0,0.0,0.0,-0.0005951548911069023,0.0010004823316486875,0.0002975774455534513,0.002084338108110609,0.0033316336165572806,-0.0006703591415094061,0.0,0.0,0.0,0.0,0.0,0.0,-0.0014329145083674796,0.00039170003186730885,0.0004910928442027149,0.0007060273672685585,0.0021165214227643987,-0.0012020468753307966,0.0,0.0,0.0,0.0,0.0,0.0,-0.39761108707766274,0.0017176913296090596,-1.0993015047421817,0.0010985235172055784,-0.02575643103586214,0.016395592937441153,0.0,0.0,0.0,0.0,0.0,0.0,-0.006348017285971019,0.0017344304226508858,0.0028854620435517287,0.001411745466302545,0.008911444400953988,-0.006526134010457483,0.0,0.0,0.0,0.0,0.0,0.0,-0.002810828620702943,0.000646917244801243,0.001194941562077108,0.0011385741063844371,0.004272406225965389,-0.00285080877123436,0.0,0.0,0.0,0.0,0.0,0.0,-0.0029975485494478887,0.0002890154156774281,0.0002490920456372744,0.0006820764369115574,0.0032808203363254794,-0.0022649713030315393,0.0,0.0,0.0,0.0,0.0,0.0,-0.0009423751692229375,0.0003082829607383276,0.0010455546646815624,0.00039049170412664195,0.0021029980140183212,-0.0012563344988147829,0.0,0.0,0.0,0.0,0.0,0.0,-0.001225149322842698,0.0006029175015762024,0.00015314364514317565,0.000459074230862889,0.0016890194067479098,-0.0007323878047634988,0.0,0.0,0.0,0.0,0.0,-0.0001471461953396823,-1.9264098267177023e-5,0.0,0.0,-0.00021522750905162642,0.0025316062408465515,5.380687966826154e-5,0.0012658030826994077,0.003920224802293252,-0.00012430987358039576
34,0.0,0.0,0.0,0.0,0.0,0.0,0.012459366278401211,0.0017541152421923776,-0.006229683139200601,0.0036544066093543806,0.0028177590854672747,0.020695995223316666,0.0,0.0,0.0,0.0,0.0,0.0,0.004952966372903624,0.004159327835488647,-0.0016974957885525534,0.007497061634888192,0.0031051725470237768,0.01310773279960554,0.0,0.0,0.0,0.17574692266145525,0.0,0.0,0.016374262531052806,1.5309341303260622,-0.000687469090127327,-1.918868642499117,-0.1439166292377762,-0.17561216893552523,0.0,0.0,0.0,0.0,0.0,0.0,0.0131042762679706,0.03083873734066851,-0.005956488471291381,0.02510129380724488,0.025772704119058586,0.05218986190613172,0.0,0.0,0.0,0.0,0.0,0.0,0.007590378115744208,0.00879294445003315,-0.0032268272122954935,0.015475578909262782,0.010359593019650384,0.025434988607125102,0.0,0.0,0.0,0.0,0.0,0.0,0.00543187346037902,0.005853993485624969,-0.0004513810033661825,0.013815425758586573,0.009036244388493339,0.018690242140329272,0.0,0.0,0.0,0.0,0.0,0.0,0.0020068608279077307,0.0053133783849624435,-0.002226589545770641,0.006730278492345137,0.0030653088794303585,0.011778526611556107,0.0,0.0,0.0,0.0,0.0,0.0,0.005719076979907323,0.004740625169291602,-0.0007148845281367258,0.003609613002960293,0.0015649144862728641,0.010845264822226851,0.0,0.0,0.0,0.0,0.0,-0.00011670944598930752,0.0008914692346015415,0.0,0.0,0.01840495322382629,0.0010866104168148257,-0.004601238511647949,0.0005433051922156655,0.0005118881771801704,0.02367626073429714
35,0.0,0.0,0.0,0.0,0.0,0.0,0.01329462456486421,-0.0043683264936940506,-0.006647312282432106,-0.009100679833567408,-0.01694165713423511,0.02025193836809674,0.0,0.0,0.0,0.0,0.0,0.0,0.012169897053236116,0.0010404920877965665,-0.004170904350976983,0.0018754552709856144,-0.0097209629513285,0.017300907603430064,0.13986014732201568,0.0,0.0,0.0,0.0,0.0,-0.08537109607716376,-0.14484102790599018,0.003584282933783326,-0.09263088930371022,-0.07626130681507372,-0.23346565002437153,0.0,0.0,0.0,0.0,0.0,0.0,0.04691345655490308,0.014446674408659219,-0.021324295779745896,0.011758919143266709,-0.03087033282622747,0.07889952937604539,0.0,0.0,0.0,0.0,0.0,0.0,0.022189035918508054,0.0032421488745558343,-0.009433019518214594,0.005706180794031648,-0.016381705459526632,0.036554437879073885,0.0,0.0,0.0,0.0,0.0,0.0,0.02155379342723932,0.0029738480848739255,-0.001791089754667414,0.007018282055622127,-0.011723353703198486,0.027840177499658968,0.0,0.0,0.0,0.0,0.0,0.0,0.007013112485358458,0.002434723160140746,-0.007780969525172589,0.00308398230509715,-0.00967471248474723,0.016560426474794644,0.0,0.0,0.0,0.0,0.0,0.0,0.011581061139561394,0.0002853913343490726,-0.0014476324513841526,0.00021730304223831461,-0.008480760034303057,0.012805822147996554,0.0,0.0,0.0,0.0,0.0,0.0007543833866462653,0.0008170284144420596,0.0,0.0,0.015817824519383458,-0.013708765171963858,-0.003954456306623828,-0.006854382381705425,-0.02215558308231171,0.019470168975797595
36,0.0,0.0,0.0,0.0,0.0,0.0,0.0,0.0,0.0,0.0,0.0,0.0,0.0,0.0,0.0,0.0,0.0,0.0,0.0,0.0,0.0,0.0,0.0,0.0,0.0,0.0,0.0,0.0,0.0,0.0,0.0,0.0,0.0,0.0,376.99111843077515,0.0,0.0,0.0,0.0,0.0,0.0,0.0,0.0,0.0,0.0,0.0,0.0,0.0,0.0,0.0,0.0,0.0,0.0,0.0,0.0,0.0,0.0,0.0,0.0,0.0,0.0,0.0,0.0,0.0,0.0,0.0,0.0,0.0,0.0,0.0,0.0,0.0,0.0,0.0,0.0,0.0,0.0,0.0,0.0,0.0,0.0,0.0,0.0,0.0,0.0,0.0,0.0,0.0,0.0,0.0,0.0,0.0,0.0,0.0,0.0,0.0,0.0,0.0,0.0,0.0,0.0,0.0,0.0,0.0,0.0,0.0,0.0,0.0,0.0,0.0,0.0
37,0.0,0.0,0.0,0.0,0.0,0.0,0.0,0.0,0.0,0.0,0.0,0.0,0.0,0.0,0.0,0.0,0.0,0.0,0.0,0.0,0.0,0.0,0.0,0.0,0.0,0.0,0.0,0.0,0.0,0.0,0.0,0.0,0.0,0.0,0.0,0.0,-0.1388888888888889,-0.4444444444444445,0.0,0.0,0.0,0.0,0.0,0.0,0.0,0.0,-11.666666666666666,0.0,0.0,0.0,0.0,0.0,0.0,0.0,0.0,0.0,0.0,0.0,0.0,0.0,0.0,0.0,0.0,0.0,0.0,0.0,0.0,0.0,0.0,0.0,0.0,0.0,0.0,0.0,0.0,0.0,0.0,0.0,0.0,0.0,0.0,0.0,0.0,0.0,0.0,0.0,0.0,0.0,0.0,0.0,0.0,0.0,0.0,0.0,0.0,0.0,0.0,0.0,0.0,0.0,0.0,0.0,0.0,0.0,0.0,0.0,0.0,0.0,0.0,0.0,0.0
38,-0.0,-0.0,-0.0,-0.0,-0.0,-0.0,-0.0,-0.0,-0.0,-0.0,-0.0,-0.0,-0.0,-0.0,-0.0,-0.0,-0.0,-0.0,-0.0,-0.0,-0.0,-0.0,-0.0,-0.0,-0.0,-0.0,-0.0,-0.0,-0.0,-0.0,-0.0,-0.0,-0.0,-0.0,-0.0,-0.0,-0.0,-2.0,-0.0,-0.0,-0.0,-0.0,-0.0,-0.0,-0.0,-0.0,-40.0,-0.0,-0.0,-0.0,-0.0,-0.0,-0.0,-0.0,-0.0,-0.0,-0.0,-0.0,-0.0,-0.0,-0.0,-0.0,-0.0,-0.0,-0.0,-0.0,-0.0,-0.0,-0.0,-0.0,-0.0,-0.0,-0.0,-0.0,-0.0,-0.0,-0.0,-0.0,-0.0,-0.0,-0.0,-0.0,-0.0,-0.0,-0.0,-0.0,-0.0,-0.0,-0.0,-0.0,-0.0,-0.0,-0.0,-0.0,-0.0,-0.0,-0.0,-0.0,-0.0,-0.0,-0.0,-0.0,-0.0,-0.0,-0.0,-0.0,-0.0,-0.0,-0.0,-0.0,-0.0
39,0.0,0.0,0.0,0.0,0.0,0.0,0.0,0.0,0.0,0.0,0.0,0.0,0.0,0.0,0.0,0.0,0.0,0.0,0.0,0.0,0.0,0.0,0.0,0.0,0.0,0.0,0.0,0.0,0.0,0.0,0.0,0.0,0.0,0.0,0.0,0.0,0.0,0.0,-1.0,-0.03821656050955414,0.03821656050955414,0.0,0.0,0.0,0.0,0.0,0.0,0.0,0.0,0.0,0.0,0.0,0.0,0.0,0.0,0.0,0.0,0.0,0.0,0.0,0.0,0.0,0.0,0.0,0.0,0.0,0.0,0.0,0.0,0.0,0.0,0.0,0.0,0.0,0.0,0.0,0.0,0.0,0.0,0.0,0.0,0.0,0.0,0.0,0.0,0.0,0.0,0.0,0.0,0.0,0.0,0.0,0.0,0.0,0.0,0.0,0.0,0.0,0.0,0.0,0.0,0.0,0.0,0.0,0.0,0.0,0.0,0.0,0.0,0.0,0.0
40,0.0,0.0,0.0,0.0,0.0,0.0,0.0,0.0,0.0,0.0,0.0,0.0,0.0,0.0,0.0,0.0,0.0,0.0,0.0,0.0,0.0,0.0,0.0,0.0,0.0,0.0,0.0,0.0,0.0,0.0,0.0,0.0,0.0,0.0,0.0,0.0,0.0,0.0,0.0,-1.2738853503184713,1.2738853503184713,0.0,0.0,0.0,0.0,0.0,0.0,0.0,0.0,0.0,0.0,0.0,0.0,0.0,0.0,0.0,0.0,0.0,0.0,0.0,0.0,0.0,0.0,0.0,0.0,0.0,0.0,0.0,0.0,0.0,0.0,0.0,0.0,0.0,0.0,0.0,0.0,0.0,0.0,0.0,0.0,0.0,0.0,0.0,0.0,0.0,0.0,0.0,0.0,0.0,0.0,0.0,0.0,0.0,0.0,0.0,0.0,0.0,0.0,0.0,0.0,0.0,0.0,0.0,0.0,0.0,0.0,0.0,0.0,0.0,0.0
41,-0.0,-0.0,-0.0,-0.0,-0.0,-0.0,-0.0,-0.0,-0.0,-0.0,-0.0,-0.0,-0.0,-0.0,-0.0,-0.0,-0.0,-0.0,-0.0,-0.0,-0.0,-0.0,-0.0,-0.0,-0.0,-0.0,-0.0,-0.0,-0.0,-0.0,-0.0,-0.0,-0.0,-0.0,-0.0,-0.0,-0.0,-0.0,-2000.0,-0.0,-50.0,-2000.0,-0.0,-0.0,-0.0,-0.0,-0.0,-0.0,-0.0,-0.0,-0.0,-0.0,-0.0,-0.0,-0.0,-0.0,-0.0,-0.0,-0.0,-0.0,-0.0,-0.0,-0.0,-0.0,-0.0,-0.0,-0.0,-0.0,-0.0,-0.0,-0.0,-0.0,-0.0,-0.0,-0.0,-0.0,-0.0,-0.0,-0.0,-0.0,-0.0,-0.0,-0.0,-0.0,-0.0,-0.0,-0.0,-0.0,-0.0,-0.0,-0.0,-0.0,-0.0,-0.0,-0.0,-0.0,-0.0,-0.0,-0.0,-0.0,-0.0,-0.0,-0.0,-0.0,-0.0,-0.0,-0.0,-0.0,-0.0,-0.0,-0.0
42,0.0,0.0,0.0,0.0,0.0,0.0,1.0205959366849922,1.08429809760457,-0.5102979683424961,2.2589542802467393,3.2377865948015305,1.9713658124511184,0.0,0.0,0.0,0.0,0.0,0.0,-0.6320989098616511,0.8528657800000675,0.21663487224723177,1.537264570585673,2.219123992084528,0.5740918742998541,0.0,0.0,0.0,0.0,0.0,0.0,-11.14399167694218,8.038509539465718,0.46787754892808303,5.140907228305245,17.2209269776078,-0.5057920900629533,0.0,0.0,0.0,0.0,0.0,-100.0,-23.16647624029038,22.028554228630693,10.530215162130869,17.930215680798646,52.66724195309184,-6.1568712172912505,0.0,0.0,0.0,0.0,0.0,0.0,-1.5021144843166574,1.6458368159259416,0.6385800312005894,2.896672174078808,4.984216600371139,0.66438237006559,0.0,0.0,0.0,0.0,0.0,0.0,-1.9303521919214341,0.9728278533263601,0.16040953744508016,2.2958739220531643,3.9607724091511463,0.3406169692402252,0.0,0.0,0.0,0.0,0.0,0.0,-0.5699635170232337,0.9228562431196471,0.6323681198151062,1.1689511031574116,2.202475079719763,0.36303599983418816,0.0,0.0,0.0,0.0,0.0,0.0,-0.3573598215458144,1.1078025365047777,0.04466997179760698,0.8435044530376942,1.6582689882152863,0.7024420307745296,0.0,0.0,0.0,0.0,0.0,-0.14204646751136057,0.09325338434700449,0.0,0.0,2.0835886637298393,2.3302171461683563,-0.5208971892183777,1.1651085383612394,3.463957080743097,2.8126898632284294
43,0.0,0.0,0.0,0.0,0.0,0.0,0.2975627330432307,-0.4036141044508196,-0.14878136652161547,-0.8408626841929918,-1.356913484437377,0.3635163520855446,0.0,0.0,0.0,0.0,0.0,0.0,0.6098364564053811,-0.14324079722639818,-0.20900501608838365,-0.25818717059860324,-0.8564236420896231,0.5496825242092963,0.0,0.0,0.0,0.0,0.0,0.0,6.04413451226273,-0.28773389332514887,-0.2537613920549051,-0.18401586074648812,-5.233170928875026,4.803470591711442,0.0,0.0,0.0,0.0,0.0,0.0,-40.429848076778235,-0.9975846785297304,-23.181238381178318,-0.8119873987304401,11.209105512398477,-9.38390810835254,0.0,0.0,0.0,0.0,0.0,0.0,1.1872197040717647,-0.22838489280072735,-0.5047117270911563,-0.4019573250241397,-1.7113625008030184,1.279590247788587,0.0,0.0,0.0,0.0,0.0,0.0,1.2547531902038107,-0.09383743446702515,-0.10426821576428874,-0.2214563634959389,-1.3095705111684033,1.0101762626117372,0.0,0.0,0.0,0.0,0.0,0.0,0.3957450064178249,-0.1040548657020131,-0.43907463927108775,-0.13180281431492102,-0.8510367813256718,0.5663314212877515,0.0,0.0,0.0,0.0,0.0,0.0,0.5277300927621452,-0.22755217134040256,-0.06596625288892853,-0.17326307125962967,-0.6873261952543623,0.34707982101590557,0.0,0.0,0.0,0.0,0.0,0.05996289951046072,0.011709187138572478,0.0,0.0,0.16676109306991183,-1.0355647957125431,-0.041690275131178664,-0.5177823824251548,-1.6085678637012855,0.1518384901573575
44,0.0,0.0,0.0,0.0,0.0,0.0,0.4044549531743949,0.07057062249518331,-0.2022274765871975,0.14702212435616394,0.13503838642902558,0.6758318402626489,0.0,0.0,0.0,0.0,0.0,0.0,0.14574571533882671,0.14244051980512903,-0.04995041745906289,0.25674469494158186,0.1292676910119559,0.4182631825213911,0.0,0.0,0.0,0.0,0.0,0.0,0.22071148969285423,1.8726190386478272,-0.00926651363455565,1.1976051909103667,1.7081233631775092,2.2698971309624962,0.0,0.0,0.0,0.0,0.0,0.0,0.6064894104095848,-24.635563855542078,-0.27567697041726474,16.22686669411114,-6.58738539846738,-6.226473055917551,0.0,0.0,0.0,0.0,0.0,0.0,0.21562511774498747,0.29884662290982233,-0.09166671106288181,0.5259699433891245,0.3962139693812696,0.8051070271828724,0.0,0.0,0.0,0.0,0.0,0.0,0.14191295909350307,0.1971794321809842,-0.011792766222101852,0.46534349809338976,0.33999731871064504,0.5894736169542694,0.0,0.0,0.0,0.0,0.0,0.0,0.05450639031992756,0.1795476180849531,-0.06047422779713771,0.2274269560340187,0.12777972380328503,0.3736341623133773,0.0,0.0,0.0,0.0,0.0,0.0,0.17368660632752358,0.1643144462023756,-0.021710822925508667,0.12511252005923595,0.07296971551341591,0.3493640568881936,0.0,0.0,0.0,0.0,0.0,-0.005708228685810791,0.029231913284779306,0.0,0.0,0.605805389361912,0.0677466948132673,-0.15145135411088076,0.03387334639712941,0.06619916631225305,0.7812298903032114
45,0.0,0.0,0.0,0.0,0.0,0.0,-0.02998345925041381,0.04066956547255278,0.014991729625206916,0.08472825803435304,0.13672733729413047,-0.03662917603338618,0.0,0.0,0.0,0.0,0.0,0.0,-0.06144924921559653,0.014433442530622728,0.02106007469056178,0.02601584018754857,0.08629623444799639,-0.05538792911577267,0.0,0.0,0.0,0.0,0.0,0.0,-0.6090280829156139,0.028993071065199976,0.025569883298864334,0.01854208020505238,0.5273125626036593,-0.48401445730173753,0.0,0.0,0.0,0.0,0.0,0.0,-5.138810061068782,0.100520113025,-9.149567443647426,0.08181868351823039,-1.1294685827333113,0.9455553237425711,0.0,0.0,0.0,0.0,0.0,0.0,-0.11962839988148813,0.023012858689215904,0.05085651468406534,0.04050262259661287,0.17244285694223266,-0.12893597816975969,0.0,0.0,0.0,0.0,0.0,0.0,-0.12643330958496377,0.0094553873186017,0.010506429237654932,0.022314715901136182,0.13195689411636385,-0.10178888497221175,0.0,0.0,0.0,0.0,0.0,0.0,-0.039876647697545224,0.010484931340949622,0.044242692691500995,0.013280911462549174,0.08575343556134914,-0.05706553007746188,0.0,0.0,0.0,0.0,0.0,0.0,-0.05317592552576821,0.022928950769305192,0.006646989813439869,0.01745859161725036,0.0692573856826254,-0.03497297381174213,0.0,0.0,0.0,0.0,0.0,-0.006042070979860759,-0.001179858552293411,0.0,0.0,-0.016803429607866068,0.10434712215423551,0.0042008575897594935,0.052173559522224564,0.16208491063229233,-0.015299776069794508
46,0.0,0.0,0.0,0.0,0.0,0.0,0.011590641677710472,0.0020223730526597174,-0.005795320838855237,0.0042132770256204845,0.00386985383057024,0.019367607278367078,0.0,0.0,0.0,0.0,0.0,0.0,0.004176698416709798,0.004081979989341845,-0.0014314508596719139,0.0073576444999990534,0.0037044804996578533,0.011986350117695058,0.0,0.0,0.0,0.0,0.0,0.0,0.006325025249673494,0.053664459058971666,-0.0002655545155196591,0.03432029334852236,0.048950434871740875,0.06504943031048759,0.0,0.0,0.0,0.18518518191469718,0.0,0.0,0.017380431076961793,0.571310848461944,-0.00790019496071184,-0.9974677257646883,-0.18877757126563258,-0.17843474913741791,0.0,0.0,0.0,0.0,0.0,0.0,0.006179262874346965,0.00856417777939306,-0.0026269328471938812,0.015072949655385626,0.0113544762173341,0.023072302591531584,0.0,0.0,0.0,0.0,0.0,0.0,0.004066861452348536,0.005650656832576249,-0.0003379504357570646,0.013335551218054133,0.009743451184434392,0.01689280207587141,0.0,0.0,0.0,0.0,0.0,0.0,0.001562013357446262,0.005145374259792472,-0.0017330362742043804,0.006517473292275667,0.003661839175553585,0.010707396855784226,0.0,0.0,0.0,0.0,0.0,0.0,0.004977412694194029,0.004708830621198932,-0.000622176504658328,0.0035854039566594,0.0020911249057587724,0.010011877878316623,0.0,0.0,0.0,0.0,0.0,-0.00016358319459901133,0.0008377116654859926,0.0,0.0,0.017360828788001412,0.0019414465276463321,-0.004340207391022735,0.0009707232348933619,0.0018970983296566178,0.022388045084756877
47,0.0,0.0,0.0,0.0,0.0,0.0,0.009468096375974587,-0.0033750693295177365,-0.004734048187987295,-0.007031394157092776,-0.012909566767595039,0.014345417440570713,0.0,0.0,0.0,0.0,0.0,0.0,0.008958439285660445,0.0005972341810285607,-0.003070263719658047,0.0010764964058446417,-0.007474592616524079,0.012461526577637643,0.0,0.0,0.0,0.0,0.0,0.0,0.07007549738000014,0.025457923217629404,-0.002942101259991898,0.016281229852947377,-0.03163321026035636,0.08771704414610554,0.11539348693072271,0.0,0.0,0.0,0.0,0.0,-0.059000246821912836,-0.10665319463507289,0.02681829067180494,-0.08681072588811137,-0.07472477787526799,-0.19876290909456176,0.0,0.0,0.0,0.0,0.0,0.0,0.01639870533281165,0.002049141379981045,-0.006971429855987315,0.0036064880544096544,-0.012827628175750306,0.026431531488216784,0.0,0.0,0.0,0.0,0.0,0.0,0.016016884343095724,0.001979414636200258,-0.0013309804394968658,0.004671418924369495,-0.009253187888615177,0.02016124558521657,0.0,0.0,0.0,0.0,0.0,0.0,0.005200716484443502,0.001597060161579191,-0.0057701365205536466,0.0020229426322954515,-0.007437897052054149,0.011962858215301804,0.0,0.0,0.0,0.0,0.0,0.0,0.008479575065572035,1.2695292560929817e-6,-0.0010599467433029088,9.666466229211959e-7,-0.006469322113432075,0.009172181461101669,0.0,0.0,0.0,0.0,0.0,0.0005744456386271743,0.000576187985954119,0.0,0.0,0.011103365095634768,-0.010392210081315946,-0.002775841397998469,-0.005196104885801982,-0.016739311080744237,0.013621009736037947
48,0.0,0.0,0.0,0.0,0.0,0.0,0.0,0.0,0.0,0.0,0.0,0.0,0.0,0.0,0.0,0.0,0.0,0.0,0.0,0.0,0.0,0.0,0.0,0.0,0.0,0.0,0.0,0.0,0.0,0.0,0.0,0.0,0.0,0.0,0.0,0.0,0.0,0.0,0.0,0.0,0.0,0.0,0.0,0.0,0.0,0.0,376.99111843077515,0.0,0.0,0.0,0.0,0.0,0.0,0.0,0.0,0.0,0.0,0.0,0.0,0.0,0.0,0.0,0.0,0.0,0.0,0.0,0.0,0.0,0.0,0.0,0.0,0.0,0.0,0.0,0.0,0.0,0.0,0.0,0.0,0.0,0.0,0.0,0.0,0.0,0.0,0.0,0.0,0.0,0.0,0.0,0.0,0.0,0.0,0.0,0.0,0.0,0.0,0.0,0.0,0.0,0.0,0.0,0.0,0.0,0.0,0.0,0.0,0.0,0.0,0.0,0.0
49,0.0,0.0,0.0,0.0,0.0,0.0,0.0,0.0,0.0,0.0,0.0,0.0,0.0,0.0,0.0,0.0,0.0,0.0,0.0,0.0,0.0,0.0,0.0,0.0,0.0,0.0,0.0,0.0,0.0,0.0,0.0,0.0,0.0,0.0,0.0,0.0,0.0,0.0,0.0,0.0,0.0,0.0,0.0,0.0,0.0,0.0,0.0,0.0,-0.1388888888888889,-0.4444444444444445,0.0,0.0,0.0,0.0,0.0,0.0,0.0,0.0,-11.666666666666666,0.0,0.0,0.0,0.0,0.0,0.0,0.0,0.0,0.0,0.0,0.0,0.0,0.0,0.0,0.0,0.0,0.0,0.0,0.0,0.0,0.0,0.0,0.0,0.0,0.0,0.0,0.0,0.0,0.0,0.0,0.0,0.0,0.0,0.0,0.0,0.0,0.0,0.0,0.0,0.0,0.0,0.0,0.0,0.0,0.0,0.0,0.0,0.0,0.0,0.0,0.0,0.0
50,-0.0,-0.0,-0.0,-0.0,-0.0,-0.0,-0.0,-0.0,-0.0,-0.0,-0.0,-0.0,-0.0,-0.0,-0.0,-0.0,-0.0,-0.0,-0.0,-0.0,-0.0,-0.0,-0.0,-0.0,-0.0,-0.0,-0.0,-0.0,-0.0,-0.0,-0.0,-0.0,-0.0,-0.0,-0.0,-0.0,-0.0,-0.0,-0.0,-0.0,-0.0,-0.0,-0.0,-0.0,-0.0,-0.0,-0.0,-0.0,-0.0,-2.0,-0.0,-0.0,-0.0,-0.0,-0.0,-0.0,-0.0,-0.0,-40.0,-0.0,-0.0,-0.0,-0.0,-0.0,-0.0,-0.0,-0.0,-0.0,-0.0,-0.0,-0.0,-0.0,-0.0,-0.0,-0.0,-0.0,-0.0,-0.0,-0.0,-0.0,-0.0,-0.0,-0.0,-0.0,-0.0,-0.0,-0.0,-0.0,-0.0,-0.0,-0.0,-0.0,-0.0,-0.0,-0.0,-0.0,-0.0,-0.0,-0.0,-0.0,-0.0,-0.0,-0.0,-0.0,-0.0,-0.0,-0.0,-0.0,-0.0,-0.0,-0.0
51,0.0,0.0,0.0,0.0,0.0,0.0,0.0,0.0,0.0,0.0,0.0,0.0,0.0,0.0,0.0,0.0,0.0,0.0,0.0,0.0,0.0,0.0,0.0,0.0,0.0,0.0,0.0,0.0,0.0,0.0,0.0,0.0,0.0,0.0,0.0,0.0,0.0,0.0,0.0,0.0,0.0,0.0,0.0,0.0,0.0,0.0,0.0,0.0,0.0,0.0,-0.8025682182985554,0.005383273183316123,0.12847907358749697,0.0,0.0,0.0,0.0,0.0,0.0,0.0,0.0,0.0,0.0,0.0,0.0,0.0,0.0,0.0,0.0,0.0,0.0,0.0,0.0,0.0,0.0,0.0,0.0,0.0,0.0,0.0,0.0,0.0,0.0,0.0,0.0,0.0,0.0,0.0,0.0,0.0,0.0,0.0,0.0,0.0,0.0,0.0,0.0,0.0,0.0,0.0,0.0,0.0,0.0,0.0,0.0,0.0,0.0,0.0,0.0,0.0,0.0
52,0.0,0.0,0.0,0.0,0.0,0.0,0.0,0.0,0.0,0.0,0.0,0.0,0.0,0.0,0.0,0.0,0.0,0.0,0.0,0.0,0.0,0.0,0.0,0.0,0.0,0.0,0.0,0.0,0.0,0.0,0.0,0.0,0.0,0.0,0.0,0.0,0.0,0.0,0.0,0.0,0.0,0.0,0.0,0.0,0.0,0.0,0.0,0.0,0.0,0.0,0.0,0.08895966029723992,2.1231422505307855,0.0,0.0,0.0,0.0,0.0,0.0,0.0,0.0,0.0,0.0,0.0,0.0,0.0,0.0,0.0,0.0,0.0,0.0,0.0,0.0,0.0,0.0,0.0,0.0,0.0,0.0,0.0,0.0,0.0,0.0,0.0,0.0,0.0,0.0,0.0,0.0,0.0,0.0,0.0,0.0,0.0,0.0,0.0,0.0,0.0,0.0,0.0,0.0,0.0,0.0,0.0,0.0,0.0,0.0,0.0,0.0,0.0,0.0
53,-0.0,-0.0,-0.0,-0.0,-0.0,-0.0,-0.0,-0.0,-0.0,-0.0,-0.0,-0.0,-0.0,-0.0,-0.0,-0.0,-0.0,-0.0,-0.0,-0.0,-0.0,-0.0,-0.0,-0.0,-0.0,-0.0,-0.0,-0.0,-0.0,-0.0,-0.0,-0.0,-0.0,-0.0,-0.0,-0.0,-0.0,-0.0,-0.0,-0.0,-0.0,-0.0,-0.0,-0.0,-0.0,-0.0,-0.0,-0.0,-0.0,-0.0,-250.0,-0.0,-50.0,-250.0,-0.0,-0.0,-0.0,-0.0,-0.0,-0.0,-0.0,-0.0,-0.0,-0.0,-0.0,-0.0,-0.0,-0.0,-0.0,-0.0,-0.0,-0.0,-0.0,-0.0,-0.0,-0.0,-0.0,-0.0,-0.0,-0.0,-0.0,-0.0,-0.0,-0.0,-0.0,-0.0,-0.0,-0.0,-0.0,-0.0,-0.0,-0.0,-0.0,-0.0,-0.0,-0.0,-0.0,-0.0,-0.0,-0.0,-0.0,-0.0,-0.0,-0.0,-0.0,-0.0,-0.0,-0.0,-0.0,-0.0,-0.0
54,0.0,0.0,0.0,0.0,0.0,0.0,1.4106251516031323,1.5138331084023195,-0.7053125758015661,3.1538188505166582,4.523602289522702,2.7291896185707807,0.0,0.0,0.0,0.0,0.0,0.0,-0.8903890581621731,1.1870508834905933,0.3051568620922209,2.1396230326797325,3.098850253916836,0.7854326928383322,0.0,0.0,0.0,0.0,0.0,0.0,-3.6870506703017574,3.6407051250675035,0.15479984913877673,2.3283579128316236,6.687143848456192,0.9238982914215674,0.0,0.0,0.0,0.0,0.0,0.0,-1.1537157531062,2.310039276792206,0.524416186136206,1.880264225882205,4.1794712076829885,1.0578704570653634,0.0,0.0,0.0,0.0,0.0,-100.0,-22.13984808586793,13.462353486400843,9.412108750074117,23.69373704873116,51.03440540364199,-8.37495443628374,0.0,0.0,0.0,0.0,0.0,0.0,-8.80259834732664,3.1391490046629804,0.7314834749424628,7.408392258303359,15.0147279543539,-1.4130960942627862,0.0,0.0,0.0,0.0,0.0,0.0,-0.7996166710101532,1.2833931909327836,0.8871657145011468,1.6256311830910888,3.0756230957116584,0.49207312366832145,0.0,0.0,0.0,0.0,0.0,0.0,-0.5072392282852514,1.5427555854151311,0.06340489516736918,1.174686971156637,2.3166532490806464,0.9678890236067476,0.0,0.0,0.0,0.0,0.0,-0.19846621953387752,0.1292170159808156,0.0,0.0,2.8891332361801916,3.256854472846909,-0.7222833413336287,1.628427187892546,4.842895850056779,3.9016587427159566
55,0.0,0.0,0.0,0.0,0.0,0.0,0.5265613542376568,-0.6519418770731304,-0.2632806771188282,-1.3582121899318502,-2.2020508180905978,0.6615529229419418,0.0,0.0,0.0,0.0,0.0,0.0,1.0104322935748289,-0.2195617605936398,-0.3462984469961674,-0.39575338057998827,-1.3854069007674845,0.9396239892662219,0.0,0.0,0.0,0.0,0.0,0.0,2.814388534092059,-0.36054728056665813,-0.11816135970263128,-0.23058256156950827,-2.6652751997087276,1.9846891138956726,0.0,0.0,0.0,0.0,0.0,0.0,1.209664502985841,-0.3985729874971766,-0.5498474329159924,-0.32441982148226023,-1.785488995584589,1.167041610662171,0.0,0.0,0.0,0.0,0.0,0.0,-43.76031349701555,-0.4966592123636855,-22.114318296977977,-0.8741200260758588,14.792507348425517,-12.400254161574377,0.0,0.0,0.0,0.0,0.0,0.0,5.528578930628993,-0.06386009229440019,-0.45941709119312146,-0.15070983016914002,-4.948895230345266,5.25047834306974,0.0,0.0,0.0,0.0,0.0,0.0,0.6516749945338097,-0.15184424285861156,-0.7230260862592472,-0.19233601822712523,-1.3767606522554536,0.9623196544705717,0.0,0.0,0.0,0.0,0.0,0.0,0.8791757101355797,-0.3550291020564621,-0.10989694926255882,-0.2703267222039876,-1.114959590777968,0.6018734013556502,0.0,0.0,0.0,0.0,0.0,0.09733614921710798,0.022059931431737505,0.0,0.0,0.3332369256946504,-1.6841061113722748,-0.08330923514787514,-0.8420530305910027,-2.6198893682308952,0.32651745747873717
56,0.0,0.0,0.0,0.0,0.0,0.0,0.4388268644054935,0.08388318178163698,-0.21941343220274664,0.1747566217675389,0.16989993812147297,0.7354133161211135,0.0,0.0,0.0,0.0,0.0,0.0,0.15006046067758233,0.15852869650462353,-0.051429180182202765,0.28574314302734405,0.1555334854276081,0.4499230089709091,0.0,0.0,0.0,0.0,0.0,0.0,0.18577045645963752,0.5857062662204121,-0.007799523577483151,0.37457958628936666,0.4387866172075094,0.8089208136493279,0.0,0.0,0.0,0.0,0.0,0.0,0.16276529809534948,0.31762978617042803,-0.07398421719793316,0.2585358309752202,0.23617733998278131,0.5746578451290364,0.0,0.0,0.0,0.0,0.0,0.0,0.31497129520976114,-22.568169036835254,-0.13390083220843077,15.480022643120076,-5.663572793823441,-5.554747598167159,0.0,0.0,0.0,0.0,0.0,0.0,0.06487180414556026,0.5835758637868195,-0.00539075518952802,1.3772391514352846,1.3145258041820225,1.3979631059073012,0.0,0.0,0.0,0.0,0.0,0.0,0.05342737825268906,0.19859840927858963,-0.05927707602893164,0.2515579553612193,0.1538149808096861,0.4007066394964995,0.0,0.0,0.0,0.0,0.0,0.0,0.18202448195499937,0.18387389370759993,-0.02275305724138723,0.14000550010391785,0.09107052097001024,0.3776081150352496,0.0,0.0,0.0,0.0,0.0,-0.007223692973155688,0.03187346521494976,0.0,0.0,0.6617680725323776,0.09093414801328743,-0.16544202552892892,0.045467072651619415,0.09843844971279102,0.8544129165382077
57,0.0,0.0,0.0,0.0,0.0,0.0,-0.037179071394425334,0.04603185060515829,0.018589535697212653,0.09589968495003523,0.15548084552933622,-0.04671046052906525,0.0,0.0,0.0,0.0,0.0,0.0,-0.07134388819027576,0.015502661383904711,0.024451195631873427,0.02794307457764505,0.0978198298440193,-0.06634430555850569,0.0,0.0,0.0,0.0,0.0,0.0,-0.19871635356178197,0.025457267187146606,0.00834305365004764,0.01628081029857164,0.18818786479160832,-0.14013352417040909,0.0,0.0,0.0,0.0,0.0,0.0,-0.0854111350137446,0.02814215938710688,0.038823238355617344,0.022906405127505546,0.12606854321260988,-0.08240164800148009,0.0,0.0,0.0,0.0,0.0,0.0,-3.672914450052714,0.03506776212603441,-7.70127952062419,0.06171924808994547,-1.0444588885675266,0.8755483688119562,0.0,0.0,0.0,0.0,0.0,0.0,-0.39035798794835247,0.004508988195887527,0.03243819679478255,0.010641213014602203,0.349428091544854,-0.37072205850444867,0.0,0.0,0.0,0.0,0.0,0.0,-0.04601300675172413,0.010721310822831134,0.051050914133231165,0.01358032543755266,0.09720934164898623,-0.0679467850230272,0.0,0.0,0.0,0.0,0.0,0.0,-0.062076216251568145,0.025067643544722566,0.00775952600733041,0.019087037861321873,0.07872427760569013,-0.04249665111068467,0.0,0.0,0.0,0.0,0.0,-0.00687264192838575,-0.0015575920242838833,0.0,0.0,-0.02352895698089603,0.11891017228400351,0.005882239508180574,0.05945508437010224,0.18498329412718356,-0.023054513525216105
58,0.0,0.0,0.0,0.0,0.0,0.0,0.014166578982411953,0.0027079876288237156,-0.007083289491205973,0.0056416406692040705,0.005484853111182075,0.023741232984132735,0.0,0.0,0.0,0.0,0.0,0.0,0.004844378365955575,0.005117757097788672,-0.0016602801745944126,0.009224601164433244,0.005021063167372583,0.014524794080749621,0.0,0.0,0.0,0.0,0.0,0.0,0.005997198570783847,0.018908263722974564,-0.000251790798941379,0.012092494158388804,0.014165279688418554,0.02611426402211098,0.0,0.0,0.0,0.0,0.0,0.0,0.005254526643867721,0.010253992674413988,-0.002388420904463936,0.00834627176769562,0.007624476102334422,0.018551589274080085,0.0,0.0,0.0,0.13698629779067634,0.0,0.0,0.010168169026813634,0.2839427588042901,-0.004322699609244069,-0.6497545772510521,-0.182836234092087,-0.17932304733304535,0.0,0.0,0.0,0.0,0.0,0.0,0.0020942463000862325,0.01883948827464211,-0.00017402890607154926,0.04446119597283649,0.04243663079878222,0.04513022415153168,0.0,0.0,0.0,0.0,0.0,0.0,0.0017247876901641287,0.00641132136392353,-0.0019136325679330647,0.008121006101362467,0.00496558495175693,0.012935949727905892,0.0,0.0,0.0,0.0,0.0,0.0,0.0058762678621364665,0.005935972132292557,-0.0007345333858220769,0.004519775647466966,0.002940015374944992,0.012190263677894367,0.0,0.0,0.0,0.0,0.0,-0.00023320134966564512,0.001028966088989271,0.0,0.0,0.02136375511164144,0.0029356128681269616,-0.00534093901666893,0.0014678063903194448,0.0031778730653869757,0.0275828784596624
59,0.0,0.0,0.0,0.0,0.0,0.0,0.011377930807794569,-0.0041334547606759146,-0.005688965403897281,-0.00861136374255663,-0.01576163544236252,0.017216295504562953,0.0,0.0,0.0,0.0,0.0,0.0,0.010851079267288833,0.0006754556831777103,-0.003718915084552525,0.0012174882790463959,-0.009144386540937416,0.015016386993707383,0.0,0.0,0.0,0.0,0.0,0.0,0.026538860359702092,0.006273022521627955,-0.0011142270468609313,0.004011816701395898,-0.015377213313796123,0.029473611270596344,0.0,0.0,0.0,0.0,0.0,0.0,0.012722703267394548,0.0016998966010701654,-0.005783046219891174,0.001383636546270935,-0.011218118972007581,0.0189021878973206,0.11494253125558022,0.0,0.0,0.0,0.0,0.0,-0.06416551136174141,-0.06071116595078912,0.02727809010244842,-0.10685162913104072,-0.05927875123416544,-0.19209513713262583,0.0,0.0,0.0,0.0,0.0,0.0,0.04737098804699874,0.00872609432759925,-0.003936462119574061,0.020593584301281484,-0.020620868745361995,0.0661961330690634,0.0,0.0,0.0,0.0,0.0,0.0,0.006310343657956858,0.0018789836814605042,-0.007001255405276561,0.0023800457152818545,-0.009099185006859288,0.014425559415162223,0.0,0.0,0.0,0.0,0.0,0.0,0.010258135464081492,-5.7824487824546004e-5,-0.00128226676377441,-4.4028796980840345e-5,-0.00790048286531226,0.011037664089838672,0.0,0.0,0.0,0.0,0.0,0.000701247413138513,0.0006907436201730389,0.0,0.0,0.013295542190040609,-0.012673328002910876,-0.0033238856960994133,-0.0063366638126081485,-0.02039812538781593,0.01629650249388783
60,0.0,0.0,0.0,0.0,0.0,0.0,0.0,0.0,0.0,0.0,0.0,0.0,0.0,0.0,0.0,0.0,0.0,0.0,0.0,0.0,0.0,0.0,0.0,0.0,0.0,0.0,0.0,0.0,0.0,0.0,0.0,0.0,0.0,0.0,0.0,0.0,0.0,0.0,0.0,0.0,0.0,0.0,0.0,0.0,0.0,0.0,0.0,0.0,0.0,0.0,0.0,0.0,0.0,0.0,0.0,0.0,0.0,0.0,376.99111843077515,0.0,0.0,0.0,0.0,0.0,0.0,0.0,0.0,0.0,0.0,0.0,0.0,0.0,0.0,0.0,0.0,0.0,0.0,0.0,0.0,0.0,0.0,0.0,0.0,0.0,0.0,0.0,0.0,0.0,0.0,0.0,0.0,0.0,0.0,0.0,0.0,0.0,0.0,0.0,0.0,0.0,0.0,0.0,0.0,0.0,0.0,0.0,0.0,0.0,0.0,0.0,0.0
61,0.0,0.0,0.0,0.0,0.0,0.0,0.0,0.0,0.0,0.0,0.0,0.0,0.0,0.0,0.0,0.0,0.0,0.0,0.0,0.0,0.0,0.0,0.0,0.0,0.0,0.0,0.0,0.0,0.0,0.0,0.0,0.0,0.0,0.0,0.0,0.0,0.0,0.0,0.0,0.0,0.0,0.0,0.0,0.0,0.0,0.0,0.0,0.0,0.0,0.0,0.0,0.0,0.0,0.0,0.0,0.0,0.0,0.0,0.0,0.0,-0.1388888888888889,-0.4444444444444445,0.0,0.0,0.0,0.0,0.0,0.0,0.0,0.0,-11.666666666666666,0.0,0.0,0.0,0.0,0.0,0.0,0.0,0.0,0.0,0.0,0.0,0.0,0.0,0.0,0.0,0.0,0.0,0.0,0.0,0.0,0.0,0.0,0.0,0.0,0.0,0.0,0.0,0.0,0.0,0.0,0.0,0.0,0.0,0.0,0.0,0.0,0.0,0.0,0.0,0.0
62,-0.0,-0.0,-0.0,-0.0,-0.0,-0.0,-0.0,-0.0,-0.0,-0.0,-0.0,-0.0,-0.0,-0.0,-0.0,-0.0,-0.0,-0.0,-0.0,-0.0,-0.0,-0.0,-0.0,-0.0,-0.0,-0.0,-0.0,-0.0,-0.0,-0.0,-0.0,-0.0,-0.0,-0.0,-0.0,-0.0,-0.0,-0.0,-0.0,-0.0,-0.0,-0.0,-0.0,-0.0,-0.0,-0.0,-0.0,-0.0,-0.0,-0.0,-0.0,-0.0,-0.0,-0.0,-0.0,-0.0,-0.0,-0.0,-0.0,-0.0,-0.0,-2.0,-0.0,-0.0,-0.0,-0.0,-0.0,-0.0,-0.0,-0.0,-40.0,-0.0,-0.0,-0.0,-0.0,-0.0,-0.0,-0.0,-0.0,-0.0,-0.0,-0.0,-0.0,-0.0,-0.0,-0.0,-0.0,-0.0,-0.0,-0.0,-0.0,-0.0,-0.0,-0.0,-0.0,-0.0,-0.0,-0.0,-0.0,-0.0,-0.0,-0.0,-0.0,-0.0,-0.0,-0.0,-0.0,-0.0,-0.0,-0.0,-0.0
63,0.0,0.0,0.0,0.0,0.0,0.0,0.0,0.0,0.0,0.0,0.0,0.0,0.0,0.0,0.0,0.0,0.0,0.0,0.0,0.0,0.0,0.0,0.0,0.0,0.0,0.0,0.0,0.0,0.0,0.0,0.0,0.0,0.0,0.0,0.0,0.0,0.0,0.0,0.0,0.0,0.0,0.0,0.0,0.0,0.0,0.0,0.0,0.0,0.0,0.0,0.0,0.0,0.0,0.0,0.0,0.0,0.0,0.0,0.0,0.0,0.0,0.0,-1.0,-0.0748277371631503,0.0410958904109589,0.0,0.0,0.0,0.0,0.0,0.0,0.0,0.0,0.0,0.0,0.0,0.0,0.0,0.0,0.0,0.0,0.0,0.0,0.0,0.0,0.0,0.0,0.0,0.0,0.0,0.0,0.0,0.0,0.0,0.0,0.0,0.0,0.0,0.0,0.0,0.0,0.0,0.0,0.0,0.0,0.0,0.0,0.0,0.0,0.0,0.0
64,0.0,0.0,0.0,0.0,0.0,0.0,0.0,0.0,0.0,0.0,0.0,0.0,0.0,0.0,0.0,0.0,0.0,0.0,0.0,0.0,0.0,0.0,0.0,0.0,0.0,0.0,0.0,0.0,0.0,0.0,0.0,0.0,0.0,0.0,0.0,0.0,0.0,0.0,0.0,0.0,0.0,0.0,0.0,0.0,0.0,0.0,0.0,0.0,0.0,0.0,0.0,0.0,0.0,0.0,0.0,0.0,0.0,0.0,0.0,0.0,0.0,0.0,0.0,-2.4942579054383436,1.36986301369863,0.0,0.0,0.0,0.0,0.0,0.0,0.0,0.0,0.0,0.0,0.0,0.0,0.0,0.0,0.0,0.0,0.0,0.0,0.0,0.0,0.0,0.0,0.0,0.0,0.0,0.0,0.0,0.0,0.0,0.0,0.0,0.0,0.0,0.0,0.0,0.0,0.0,0.0,0.0,0.0,0.0,0.0,0.0,0.0,0.0,0.0
65,-0.0,-0.0,-0.0,-0.0,-0.0,-0.0,-0.0,-0.0,-0.0,-0.0,-0.0,-0.0,-0.0,-0.0,-0.0,-0.0,-0.0,-0.0,-0.0,-0.0,-0.0,-0.0,-0.0,-0.0,-0.0,-0.0,-0.0,-0.0,-0.0,-0.0,-0.0,-0.0,-0.0,-0.0,-0.0,-0.0,-0.0,-0.0,-0.0,-0.0,-0.0,-0.0,-0.0,-0.0,-0.0,-0.0,-0.0,-0.0,-0.0,-0.0,-0.0,-0.0,-0.0,-0.0,-0.0,-0.0,-0.0,-0.0,-0.0,-0.0,-0.0,-0.0,-2000.0,-0.0,-50.0,-2000.0,-0.0,-0.0,-0.0,-0.0,-0.0,-0.0,-0.0,-0.0,-0.0,-0.0,-0.0,-0.0,-0.0,-0.0,-0.0,-0.0,-0.0,-0.0,-0.0,-0.0,-0.0,-0.0,-0.0,-0.0,-0.0,-0.0,-0.0,-0.0,-0.0,-0.0,-0.0,-0.0,-0.0,-0.0,-0.0,-0.0,-0.0,-0.0,-0.0,-0.0,-0.0,-0.0,-0.0,-0.0,-0.0
66,0.0,0.0,0.0,0.0,0.0,0.0,1.3245376672890181,1.2572127230508563,-0.6622688336445092,2.6191930689452327,3.7225075478432075,2.5144291739878213,0.0,0.0,0.0,0.0,0.0,0.0,-0.6548438997203538,1.0251828051230116,0.22443010475820538,1.8478607556386153,2.5666781966552277,0.8247339376810581,0.0,0.0,0.0,0.0,0.0,0.0,-2.8965156761915463,3.1864714616035936,0.12160944608495347,2.0378596416811745,5.582517271790689,1.0888026490345801,0.0,0.0,0.0,0.0,0.0,0.0,-0.861949907546197,1.9989119288068915,0.3917953637530199,1.627021076301325,3.4729268259662587,1.0975111221468288,0.0,0.0,0.0,0.0,0.0,0.0,-5.813557611580767,4.806145135636634,2.4714639528148434,8.45881362251002,16.041638427891034,-0.06001061983060438,0.0,0.0,0.0,0.0,0.0,-100.0,-36.07419160592891,11.198081441309368,2.997714310077444,26.42747436786722,57.61751368063039,-9.602479770408129,0.0,0.0,0.0,0.0,0.0,0.0,-0.6225968667743398,1.1199307363442625,0.6907642301407435,1.4185787650783543,2.5472053565049744,0.5671176863957991,0.0,0.0,0.0,0.0,0.0,0.0,-0.3320900945564112,1.32298067351103,0.04151125634082439,1.0073456709263904,1.9081149128947295,0.9412860046653632,0.0,0.0,0.0,0.0,0.0,-0.1632216290842614,0.11779900607190796,0.0,0.0,2.6122496401997903,2.6667720104095847,-0.653062439244112,1.3333859654667957,3.9498453875273576,3.511071821477537
67,0.0,0.0,0.0,0.0,0.0,0.0,0.6997902242829799,-1.369203205018699,-0.3498951121414899,-2.8525065637738605,-4.533800043676635,0.73162125834926,0.0,0.0,0.0,0.0,0.0,0.0,1.8975888890212433,-0.5655574527409266,-0.6503474695769653,-1.019400068706283,-2.891405809639324,1.5158013429571167,0.0,0.0,0.0,0.0,0.0,0.0,5.4715508596785,-1.1895523199943785,-0.2297216185434349,-0.7607601994228452,-5.674430272015218,3.315062465711408,0.0,0.0,0.0,0.0,0.0,0.0,2.2852806706285187,-1.0505923681002376,-1.0387638118966425,-0.8551331856429876,-3.7550360322551217,1.869973741486247,0.0,0.0,0.0,0.0,0.0,0.0,10.48605362803046,-1.646295671952017,-4.4578389482776215,-2.8974797605113025,-14.344960978740232,11.926069131513893,0.0,0.0,0.0,0.0,0.0,0.0,-70.8235716133886,-0.7931863666079526,-25.060335101483822,-1.8719199786443463,34.812252695490955,-22.872300526798856,0.0,0.0,0.0,0.0,0.0,0.0,1.2585974570892318,-0.4624435095336907,-1.3963997409875386,-0.585761709526961,-2.872761219856068,1.600579189381849,0.0,0.0,0.0,0.0,0.0,0.0,1.6098396750145596,-0.8564098828666966,-0.20122993281814705,-0.6520887306349238,-2.299633700721393,0.8992670552275758,0.0,0.0,0.0,0.0,0.0,0.2001757773249123,0.01850391200423275,0.0,0.0,0.13499475990625545,-3.436137648546045,-0.0337486914852479,-1.7180687730705848,-5.3109580038346405,-0.03285494137830265
68,0.0,0.0,0.0,0.0,0.0,0.0,0.21520286964552515,0.02603092541582348,-0.10760143482276259,0.05423109246134883,0.03502912897179723,0.35621669365626907,0.0,0.0,0.0,0.0,0.0,0.0,0.09025725550293617,0.06951821664059664,-0.030933242741304372,0.12530446637439263,0.0447211095140738,0.22866805731707282,0.0,0.0,0.0,0.0,0.0,0.0,0.14311784735011912,0.2658900471877189,-0.006008765042833489,0.1700459592429148,0.15111883048916538,0.41705220506999735,0.0,0.0,0.0,0.0,0.0,0.0,0.10018069047463082,0.14011726606561942,-0.045536671820378426,0.11404891919303116,0.07429669956599025,0.29139909785159157,0.0,0.0,0.0,0.0,0.0,0.0,0.24379014200903515,0.4140050686429038,-0.10364024720881876,0.7286487643617335,0.606114661876483,1.0383711112691558,0.0,0.0,0.0,0.0,0.0,0.0,0.18814708681143213,-21.041425598662475,-0.015634756855960115,17.542234384324633,-2.6096519385827146,-3.120272168533433,0.0,0.0,0.0,0.0,0.0,0.0,0.03799443970184882,0.08956274207891353,-0.04215440406286066,0.11344612656142072,0.044093279724456716,0.20617299619785473,0.0,0.0,0.0,0.0,0.0,0.0,0.10252820240184972,0.07861815387486495,-0.012816023608750358,0.05986153732079423,0.020089021652901638,0.1881669484007923,0.0,0.0,0.0,0.0,0.0,-0.0014148633543269516,0.015306026730787884,0.0,0.0,0.3152845828369235,0.00860174605145228,-0.07882114923281071,0.004300872897550112,-0.006681513152092602,0.4049839423211426
69,0.0,0.0,0.0,0.0,0.0,0.0,-0.0008634152898613739,0.001689350524082619,0.00043170764493068674,0.0035194801186538803,0.0055938939171314055,-0.0009026890615592888,0.0,0.0,0.0,0.0,0.0,0.0,-0.002341283435804995,0.000697796189553667,0.0008024118221010496,0.0012577563607845193,0.003567474792598819,-0.0018702262627954972,0.0,0.0,0.0,0.0,0.0,0.0,-0.00675090978348706,0.001467693639512595,0.00028343516525303425,0.0009386412746372692,0.007001226493454107,-0.004090190917819021,0.0,0.0,0.0,0.0,0.0,0.0,-0.0028196253736854516,0.0012962420487637552,0.0012816477375990993,0.0010550805680495721,0.00463303917620663,-0.0023072113099219475,0.0,0.0,0.0,0.0,0.0,0.0,-0.012937904415604827,0.002031232797303535,0.005500171585886598,0.003574968955664776,0.017699102119066813,-0.014714624581450182,0.0,0.0,0.0,0.0,0.0,0.0,-0.37208752049076055,0.0009786493335779294,-1.0952177911730543,0.0023096126165730963,-0.04295205935836317,0.028220305605693528,0.0,0.0,0.0,0.0,0.0,0.0,-0.0015528829219426984,0.000570572127150899,0.0017229061585741137,0.0007227246089913953,0.003544470721759519,-0.001974826879243997,0.0,0.0,0.0,0.0,0.0,0.0,-0.001986252653153625,0.001056655782828548,0.0002482815488755769,0.0008045602251065686,0.0028373344316402495,-0.0011095338262943866,0.0,0.0,0.0,0.0,0.0,-0.0002469809105711726,-2.2830499758801027e-5,0.0,0.0,-0.00016655925691681322,0.004239575919859175,4.1639816090648454e-5,0.0021197878967549873,0.006552767079621538,4.053708918640051e-5
70,0.0,0.0,0.0,0.0,0.0,0.0,0.019552407779679887,0.0023650580006250236,-0.009776203889839942,0.0049272039721792995,0.003182596100840698,0.03236431774245863,0.0,0.0,0.0,0.0,0.0,0.0,0.00820038630328209,0.006316126370024621,-0.002810461482330808,0.011384625247808608,0.004063167796132004,0.020775796857240417,0.0,0.0,0.0,0.0,0.0,0.0,0.01300307248016149,0.02415762687428788,-0.000545930565718221,0.015449644987916773,0.013730007419415104,0.037891570834417194,0.0,0.0,0.0,0.0,0.0,0.0,0.00910198695322372,0.012730452561350681,-0.004137266281941565,0.010361994608003935,0.006750278790386996,0.02647526957800318,0.0,0.0,0.0,0.0,0.0,0.0,0.02214972447662173,0.03761472111544743,-0.009416307408686044,0.06620189494883315,0.055068973056782905,0.09434193618150043,0.0,0.0,0.0,0.17667844999275478,0.0,0.0,0.01709423563893649,0.6753440202595076,-0.0014205068087029275,-1.1699439442293607,-0.23710175868122935,-0.28349451809468623,0.0,0.0,0.0,0.0,0.0,0.0,0.0034520114886695454,0.008137285798640486,-0.003829967970706311,0.010307227460338818,0.004006125879901785,0.018731992289223957,0.0,0.0,0.0,0.0,0.0,0.0,0.009315271797167719,0.007142907554991997,-0.0011644088209652838,0.005438761992080307,0.0018252021634253277,0.017096040177579368,0.0,0.0,0.0,0.0,0.0,-0.00012854840319691575,0.0013906398024338242,0.0,0.0,0.028645402082360077,0.0007815176753556942,-0.00716135084072734,0.0003907588260323252,-0.0006070535674091854,0.03679510035125589
71,0.0,0.0,0.0,0.0,0.0,0.0,0.010976055222477795,-0.00432013914471113,-0.005488027611238895,-0.009000289527175478,-0.016268447033989955,0.016510561541368315,0.0,0.0,0.0,0.0,0.0,0.0,0.010834872747806767,0.0004704550852743372,-0.0037133607366129917,0.0008479809503484228,-0.009516310520087442,0.014662705162793613,0.0,0.0,0.0,0.0,0.0,0.0,0.026747038622267977,0.005581406228982006,-0.0011229673562629006,0.003569503959136765,-0.01624499194472063,0.028880835939397883,0.0,0.0,0.0,0.0,0.0,0.0,0.012721720336179571,0.0012951905466756885,-0.005782599433030889,0.001054224694394308,-0.011736426651760746,0.018445623708994364,0.0,0.0,0.0,0.0,0.0,0.0,0.0500898911587944,0.009490417495407206,-0.02129425193151528,0.0167031312055507,-0.03246891452518228,0.08617287454226961,0.13259081955103083,0.0,0.0,0.0,0.0,0.0,-0.07658792449951073,-0.058514142031013,0.006364348223220627,-0.1380933865133172,-0.07097187823310157,-0.20858071474980439,0.0,0.0,0.0,0.0,0.0,0.0,0.0063471884740747605,0.0016401540076526788,-0.007042134314886597,0.002077528164205179,-0.009467971976165827,0.014128883906985462,0.0,0.0,0.0,0.0,0.0,0.0,0.010187896465683348,-0.0003102513688107595,-0.0012734868901334265,-0.00023623200212070304,-0.008162600074334198,0.010713569951246607,0.0,0.0,0.0,0.0,0.0,0.0007233373999202085,0.0006591912067883632,0.0,0.0,0.012622224549522956,-0.01301838091646741,-0.0031555562784450915,-0.0065091902642447266,-0.02088797162746296,0.015412035728511752
72,0.0,0.0,0.0,0.0,0.0,0.0,0.0,0.0,0.0,0.0,0.0,0.0,0.0,0.0,0.0,0.0,0.0,0.0,0.0,0.0,0.0,0.0,0.0,0.0,0.0,0.0,0.0,0.0,0.0,0.0,0.0,0.0,0.0,0.0,0.0,0.0,0.0,0.0,0.0,0.0,0.0,0.0,0.0,0.0,0.0,0.0,0.0,0.0,0.0,0.0,0.0,0.0,0.0,0.0,0.0,0.0,0.0,0.0,0.0,0.0,0.0,0.0,0.0,0.0,0.0,0.0,0.0,0.0,0.0,0.0,376.99111843077515,0.0,0.0,0.0,0.0,0.0,0.0,0.0,0.0,0.0,0.0,0.0,0.0,0.0,0.0,0.0,0.0,0.0,0.0,0.0,0.0,0.0,0.0,0.0,0.0,0.0,0.0,0.0,0.0,0.0,0.0,0.0,0.0,0.0,0.0,0.0,0.0,0.0,0.0,0.0,0.0
73,0.0,0.0,0.0,0.0,0.0,0.0,0.0,0.0,0.0,0.0,0.0,0.0,0.0,0.0,0.0,0.0,0.0,0.0,0.0,0.0,0.0,0.0,0.0,0.0,0.0,0.0,0.0,0.0,0.0,0.0,0.0,0.0,0.0,0.0,0.0,0.0,0.0,0.0,0.0,0.0,0.0,0.0,0.0,0.0,0.0,0.0,0.0,0.0,0.0,0.0,0.0,0.0,0.0,0.0,0.0,0.0,0.0,0.0,0.0,0.0,0.0,0.0,0.0,0.0,0.0,0.0,0.0,0.0,0.0,0.0,0.0,0.0,-0.1388888888888889,-0.4444444444444445,0.0,0.0,0.0,0.0,0.0,0.0,0.0,0.0,-11.666666666666666,0.0,0.0,0.0,0.0,0.0,0.0,0.0,0.0,0.0,0.0,0.0,0.0,0.0,0.0,0.0,0.0,0.0,0.0,0.0,0.0,0.0,0.0,0.0,0.0,0.0,0.0,0.0,0.0
74,-0.0,-0.0,-0.0,-0.0,-0.0,-0.0,-0.0,-0.0,-0.0,-0.0,-0.0,-0.0,-0.0,-0.0,-0.0,-0.0,-0.0,-0.0,-0.0,-0.0,-0.0,-0.0,-0.0,-0.0,-0.0,-0.0,-0.0,-0.0,-0.0,-0.0,-0.0,-0.0,-0.0,-0.0,-0.0,-0.0,-0.0,-0.0,-0.0,-0.0,-0.0,-0.0,-0.0,-0.0,-0.0,-0.0,-0.0,-0.0,-0.0,-0.0,-0.0,-0.0,-0.0,-0.0,-0.0,-0.0,-0.0,-0.0,-0.0,-0.0,-0.0,-0.0,-0.0,-0.0,-0.0,-0.0,-0.0,-0.0,-0.0,-0.0,-0.0,-0.0,-0.0,-2.0,-0.0,-0.0,-0.0,-0.0,-0.0,-0.0,-0.0,-0.0,-40.0,-0.0,-0.0,-0.0,-0.0,-0.0,-0.0,-0.0,-0.0,-0.0,-0.0,-0.0,-0.0,-0.0,-0.0,-0.0,-0.0,-0.0,-0.0,-0.0,-0.0,-0.0,-0.0,-0.0,-0.0,-0.0,-0.0,-0.0,-0.0
75,0.0,0.0,0.0,0.0,0.0,0.0,0.0,0.0,0.0,0.0,0.0,0.0,0.0,0.0,0.0,0.0,0.0,0.0,0.0,0.0,0.0,0.0,0.0,0.0,0.0,0.0,0.0,0.0,0.0,0.0,0.0,0.0,0.0,0.0,0.0,0.0,0.0,0.0,0.0,0.0,0.0,0.0,0.0,0.0,0.0,0.0,0.0,0.0,0.0,0.0,0.0,0.0,0.0,0.0,0.0,0.0,0.0,0.0,0.0,0.0,0.0,0.0,0.0,0.0,0.0,0.0,0.0,0.0,0.0,0.0,0.0,0.0,0.0,0.0,-1.0,-0.03386774742636574,0.02142857142857143,0.0,0.0,0.0,0.0,0.0,0.0,0.0,0.0,0.0,0.0,0.0,0.0,0.0,0.0,0.0,0.0,0.0,0.0,0.0,0.0,0.0,0.0,0.0,0.0,0.0,0.0,0.0,0.0,0.0,0.0,0.0,0.0,0.0,0.0
76,0.0,0.0,0.0,0.0,0.0,0.0,0.0,0.0,0.0,0.0,0.0,0.0,0.0,0.0,0.0,0.0,0.0,0.0,0.0,0.0,0.0,0.0,0.0,0.0,0.0,0.0,0.0,0.0,0.0,0.0,0.0,0.0,0.0,0.0,0.0,0.0,0.0,0.0,0.0,0.0,0.0,0.0,0.0,0.0,0.0,0.0,0.0,0.0,0.0,0.0,0.0,0.0,0.0,0.0,0.0,0.0,0.0,0.0,0.0,0.0,0.0,0.0,0.0,0.0,0.0,0.0,0.0,0.0,0.0,0.0,0.0,0.0,0.0,0.0,0.0,-1.1289249142121913,0.7142857142857143,0.0,0.0,0.0,0.0,0.0,0.0,0.0,0.0,0.0,0.0,0.0,0.0,0.0,0.0,0.0,0.0,0.0,0.0,0.0,0.0,0.0,0.0,0.0,0.0,0.0,0.0,0.0,0.0,0.0,0.0,0.0,0.0,0.0,0.0
77,-0.0,-0.0,-0.0,-0.0,-0.0,-0.0,-0.0,-0.0,-0.0,-0.0,-0.0,-0.0,-0.0,-0.0,-0.0,-0.0,-0.0,-0.0,-0.0,-0.0,-0.0,-0.0,-0.0,-0.0,-0.0,-0.0,-0.0,-0.0,-0.0,-0.0,-0.0,-0.0,-0.0,-0.0,-0.0,-0.0,-0.0,-0.0,-0.0,-0.0,-0.0,-0.0,-0.0,-0.0,-0.0,-0.0,-0.0,-0.0,-0.0,-0.0,-0.0,-0.0,-0.0,-0.0,-0.0,-0.0,-0.0,-0.0,-0.0,-0.0,-0.0,-0.0,-0.0,-0.0,-0.0,-0.0,-0.0,-0.0,-0.0,-0.0,-0.0,-0.0,-0.0,-0.0,-2000.0,-0.0,-50.0,-2000.0,-0.0,-0.0,-0.0,-0.0,-0.0,-0.0,-0.0,-0.0,-0.0,-0.0,-0.0,-0.0,-0.0,-0.0,-0.0,-0.0,-0.0,-0.0,-0.0,-0.0,-0.0,-0.0,-0.0,-0.0,-0.0,-0.0,-0.0,-0.0,-0.0,-0.0,-0.0,-0.0,-0.0
78,0.0,0.0,0.0,0.0,0.0,0.0,2.171897829873865,2.7902078292578243,-1.0859489149369328,5.8129327466352745,8.433491161366186,4.336890257500881,0.0,0.0,0.0,0.0,0.0,0.0,-0.42398014112323246,0.9809658756686054,0.145307771101358,1.7681610881594738,2.2613840705651342,1.0490790718418284,0.0,0.0,0.0,0.0,0.0,0.0,-1.2670320601056124,2.197361280277895,0.053196006590896724,1.4052891812242017,3.252338667557047,1.3699563854040198,0.0,0.0,0.0,0.0,0.0,0.0,-0.2677364266575133,1.32779467522335,0.12169836060524465,1.080762934302228,1.985884678650254,1.1360917688246495,0.0,0.0,0.0,0.0,0.0,0.0,-0.5885393735936949,1.3365476748338816,0.2502002979641132,2.352323402635103,3.3898666523361167,1.4243059439407588,0.0,0.0,0.0,0.0,0.0,0.0,-0.9310715905194364,0.8165576566039288,0.0773707325474191,1.927076227556245,2.7262995403931023,0.9586386791776726,0.0,0.0,0.0,0.0,0.0,-100.0,-22.35590797221858,17.742873571773703,24.80362877432224,22.47430386860198,63.068443080478374,-13.900743590725693,0.0,0.0,0.0,0.0,0.0,0.0,-0.17858435377536003,1.329913396077491,0.022323041275686697,1.0126243935902084,1.7996429971961412,1.1141220754197891,0.0,0.0,0.0,0.0,0.0,-0.4620441782146556,0.31643534052616457,0.0,0.0,3.697418498443411,4.3813429770460415,-0.9243546659327243,2.1906714232359263,6.52697163120615,5.006006975043091
79,-0.0,-0.0,-0.0,-0.0,-0.0,-0.0,0.23692809623779992,-0.5351893757566262,-0.11846404811889982,-1.1149778218543998,-1.7639598749824257,0.22668482631154616,-0.0,-0.0,-0.0,-0.0,-0.0,-0.0,0.2693581011383832,-0.13089660971034917,-0.09231523250315715,-0.23593714888816886,-0.5061035121197622,0.13296914610529506,-0.0,-0.0,-0.0,-0.0,-0.0,-0.0,0.539767803681363,-0.2583075717143587,-0.022662008757532347,-0.16519670170604614,-0.7019449881079409,0.17025076632467567,-0.0,-0.0,-0.0,-0.0,-0.0,-0.0,0.20626634166774152,-0.18318243042644403,-0.09375741636051653,-0.14910195432663226,-0.4523099280368952,0.06938857273195817,-0.0,-0.0,-0.0,-0.0,-0.0,-0.0,0.34862856149057025,-0.17564161076987334,-0.1482092343815876,-0.309129168581174,-0.7281128228749252,0.1930400705804843,-0.0,-0.0,-0.0,-0.0,-0.0,-0.0,0.3958897794115102,-0.09589997047475375,-0.03289788084288599,-0.22632394887319537,-0.5689096517821789,0.16711010766594578,-0.0,-0.0,-0.0,-0.0,-0.0,-0.0,-31.925512998903322,-0.6603238607163687,-24.8501093185139,-0.8364101247408365,5.264026606858337,-1.4456560015473023,-0.0,-0.0,-0.0,-0.0,-0.0,-0.0,0.23502016402554948,-0.1935369132640308,-0.02937751662589852,-0.14736312906490237,-0.42141030734722834,0.06394063042480952,-0.0,-0.0,-0.0,-0.0,-0.0,0.1027224796566394,-0.002709504935320846,-0.0,-0.0,-0.04572933665934136,-0.9820978312263257,0.011432334675900505,-0.4910489009787657,-1.512612235777134,-0.11755251055374119
80,0.0,0.0,0.0,0.0,0.0,0.0,0.7247792603009791,0.07593752252861695,-0.3623896301504894,0.15820316564818995,0.08046988198184049,1.1962547581754068,0.0,0.0,0.0,0.0,0.0,0.0,0.17999146626361923,0.08502461193252756,-0.061687225988327335,0.15325427120743446,-0.01214760670727243,0.36895748243767834,0.0,0.0,0.0,0.0,0.0,0.0,0.26777221221249675,0.22600431937471555,-0.011242345647139862,0.14453764511908604,0.00894811571259804,0.4783568338842457,0.0,0.0,0.0,0.0,0.0,0.0,0.15050527399104868,0.10896790402343706,-0.06841147966236129,0.08869479136698866,-0.01867777414815105,0.32356314297947386,0.0,0.0,0.0,0.0,0.0,0.0,0.22410618261553927,0.11859726409612481,-0.0952721876934564,0.20873113999205772,0.012906358136523237,0.5136675849529196,0.0,0.0,0.0,0.0,0.0,0.0,0.19600125567489193,0.08407600026120102,-0.016287427181963656,0.19841937688174952,0.027364881999192306,0.3836019041698842,0.0,0.0,0.0,0.0,0.0,0.0,0.4674514050625659,-22.05651839037566,-0.518632083099266,17.395076337811993,-3.448629926094199,-4.566722320207204,0.0,0.0,0.0,0.0,0.0,0.0,0.19963818171211717,0.09889252431119643,-0.024954769420441253,0.0752988749166605,-0.028659520615299222,0.3131236447019437,0.0,0.0,0.0,0.0,0.0,0.0017850854619278036,0.06767598119415295,0.0,0.0,0.776434914630789,-0.02510630094906074,-0.19410873733503373,-0.012553150100417484,-0.08788482518946637,0.9945572829037378
81,0.0,0.0,0.0,0.0,0.0,0.0,-0.01126472698731091,0.025445535165051904,0.005632363493655451,0.05301152948736922,0.08386732820536598,-0.010777711555165749,0.0,0.0,0.0,0.0,0.0,0.0,-0.012806608921969949,0.006223468619237674,0.00438912019060189,0.011217612476496669,0.024062650153682988,-0.006322007192885354,0.0,0.0,0.0,0.0,0.0,0.0,-0.02566321614684429,0.012281212402926706,0.0010774633557238814,0.007854263692116545,0.033373917136492064,-0.00809455878167802,0.0,0.0,0.0,0.0,0.0,0.0,-0.009806916370215609,0.008709393695355035,0.004457688704326637,0.007089040242311478,0.02150503859142129,-0.003299074024045488,0.0,0.0,0.0,0.0,0.0,0.0,-0.016575516485932293,0.008350866040591123,0.00704659594542674,0.014697521075703327,0.034618064703538225,-0.009178074391472077,0.0,0.0,0.0,0.0,0.0,0.0,-0.01882254723247934,0.00455955626472014,0.0015641270581275705,0.010760553666829781,0.02704876293497992,-0.007945236422225051,0.0,0.0,0.0,0.0,0.0,0.0,-1.064901649484311,0.03139504403357577,-1.9115052113707411,0.03976705107684475,-0.2502777151456267,0.06873359653661759,0.0,0.0,0.0,0.0,0.0,0.0,-0.011174014506087376,0.00920169673628751,0.0013967516289152392,0.007006367937240638,0.02003591864909413,-0.0030400520519487115,0.0,0.0,0.0,0.0,0.0,-0.0048839319066247095,0.00012882319088288474,0.0,0.0,0.0021741975770627315,0.0466937611843676,-0.0005435494185642315,0.02334687989639259,0.07191702522521223,0.005589024514559086
82,0.0,0.0,0.0,0.0,0.0,0.0,0.023874661872231123,0.002501427362908793,-0.011937330936115558,0.0052113067989812585,0.002650725991272109,0.03940534646731651,0.0,0.0,0.0,0.0,0.0,0.0,0.005929026439231298,0.002800761517187719,-0.002032014080667306,0.005048287259259152,-0.00040014942283605304,0.012153679914586994,0.0,0.0,0.0,0.0,0.0,0.0,0.008820576657640385,0.007444717312267414,-0.0003703295826438968,0.004761156387937631,0.00029475627785369564,0.015757359914679074,0.0,0.0,0.0,0.0,0.0,0.0,0.004957733648492668,0.0035894678641948704,-0.002253515014267423,0.0029216594206014942,-0.0006152570399542452,0.010658363250823942,0.0,0.0,0.0,0.0,0.0,0.0,0.00738219155332977,0.003906664738296806,-0.0031383227854291018,0.0068757284630996075,0.0004251431482510272,0.016920517152193067,0.0,0.0,0.0,0.0,0.0,0.0,0.006456398467897007,0.0027695136819619044,-0.0005365175827140639,0.006536052825219293,0.0009014155629024341,0.01263607591613039,0.0,0.0,0.0,0.20876826888598693,0.0,0.0,0.015398128573565427,0.45237179637575065,-0.017084050687300217,-0.8146907515710302,-0.11359993023774625,-0.15043056173274244,0.0,0.0,0.0,0.0,0.0,0.0,0.0065762009845377395,0.0032575788366802157,-0.0008220250145749425,0.002480389928994588,-0.0009440617324319775,0.01031447994021669,0.0,0.0,0.0,0.0,0.0,5.880178166089356e-5,0.002229287255282259,0.0,0.0,0.02557622998884767,-0.0008270165536640617,-0.0063940577830485625,-0.00041350826450852797,-0.002894978650778908,0.03276131112254951
83,0.0,0.0,0.0,0.0,0.0,0.0,0.01660091773249739,-0.0067968365970874625,-0.00830045886624869,-0.014160075681261363,-0.025445514653666096,0.02489454951758259,0.0,0.0,0.0,0.0,0.0,0.0,0.007331573488266654,-0.0004714230358589055,-0.00251269929630074,-0.0008497256517711099,-0.007932145210912431,0.008639266046314563,0.0,0.0,0.0,0.0,0.0,0.0,0.01302657891791574,0.0001131103000370784,-0.0005469174773024456,7.233798208504975e-5,-0.010539241456153493,0.011168193922660623,0.0,0.0,0.0,0.0,0.0,0.0,0.00584142767660974,-0.0008392946378043579,-0.0026551940679587693,-0.0006831466885834432,-0.007229213637515072,0.006856564064550988,0.0,0.0,0.0,0.0,0.0,0.0,0.009330499966816853,-0.0005517743424548523,-0.003966589112971339,-0.0009711226342086695,-0.010867173123756988,0.012148404888397201,0.0,0.0,0.0,0.0,0.0,0.0,0.0095471978583228,4.5022860996853136e-5,-0.0007933586413709478,0.00010625396066267906,-0.008181345348396575,0.009422126834258885,0.14492753422878743,0.0,0.0,0.0,0.0,0.0,0.004726869620347941,-0.07380499558718309,-0.005244408747496543,-0.09348631669708529,-0.10185756094559395,-0.10388049289139897,0.0,0.0,0.0,0.0,0.0,0.0,0.007160274841920308,-0.0011776965960829141,-0.0008950342371118803,-0.0008967232790940518,-0.0069371093243008695,0.00658642581716199,0.0,0.0,0.0,0.0,0.0,0.0015977707788871931,0.0011715861964408378,0.0,0.0,0.013218197011336122,-0.015419878202765712,-0.003304549400558893,-0.007709938871608785,-0.02463151943417811,0.016032592218740892
84,0.0,0.0,0.0,0.0,0.0,0.0,0.0,0.0,0.0,0.0,0.0,0.0,0.0,0.0,0.0,0.0,0.0,0.0,0.0,0.0,0.0,0.0,0.0,0.0,0.0,0.0,0.0,0.0,0.0,0.0,0.0,0.0,0.0,0.0,0.0,0.0,0.0,0.0,0.0,0.0,0.0,0.0,0.0,0.0,0.0,0.0,0.0,0.0,0.0,0.0,0.0,0.0,0.0,0.0,0.0,0.0,0.0,0.0,0.0,0.0,0.0,0.0,0.0,0.0,0.0,0.0,0.0,0.0,0.0,0.0,0.0,0.0,0.0,0.0,0.0,0.0,0.0,0.0,0.0,0.0,0.0,0.0,376.99111843077515,0.0,0.0,0.0,0.0,0.0,0.0,0.0,0.0,0.0,0.0,0.0,0.0,0.0,0.0,0.0,0.0,0.0,0.0,0.0,0.0,0.0,0.0,0.0,0.0,0.0,0.0,0.0,0.0
85,0.0,0.0,0.0,0.0,0.0,0.0,0.0,0.0,0.0,0.0,0.0,0.0,0.0,0.0,0.0,0.0,0.0,0.0,0.0,0.0,0.0,0.0,0.0,0.0,0.0,0.0,0.0,0.0,0.0,0.0,0.0,0.0,0.0,0.0,0.0,0.0,0.0,0.0,0.0,0.0,0.0,0.0,0.0,0.0,0.0,0.0,0.0,0.0,0.0,0.0,0.0,0.0,0.0,0.0,0.0,0.0,0.0,0.0,0.0,0.0,0.0,0.0,0.0,0.0,0.0,0.0,0.0,0.0,0.0,0.0,0.0,0.0,0.0,0.0,0.0,0.0,0.0,0.0,0.0,0.0,0.0,0.0,0.0,0.0,-0.1388888888888889,-0.4444444444444445,0.0,0.0,0.0,0.0,0.0,0.0,0.0,0.0,-11.666666666666666,0.0,0.0,0.0,0.0,0.0,0.0,0.0,0.0,0.0,0.0,0.0,0.0,0.0,0.0,0.0,0.0
86,-0.0,-0.0,-0.0,-0.0,-0.0,-0.0,-0.0,-0.0,-0.0,-0.0,-0.0,-0.0,-0.0,-0.0,-0.0,-0.0,-0.0,-0.0,-0.0,-0.0,-0.0,-0.0,-0.0,-0.0,-0.0,-0.0,-0.0,-0.0,-0.0,-0.0,-0.0,-0.0,-0.0,-0.0,-0.0,-0.0,-0.0,-0.0,-0.0,-0.0,-0.0,-0.0,-0.0,-0.0,-0.0,-0.0,-0.0,-0.0,-0.0,-0.0,-0.0,-0.0,-0.0,-0.0,-0.0,-0.0,-0.0,-0.0,-0.0,-0.0,-0.0,-0.0,-0.0,-0.0,-0.0,-0.0,-0.0,-0.0,-0.0,-0.0,-0.0,-0.0,-0.0,-0.0,-0.0,-0.0,-0.0,-0.0,-0.0,-0.0,-0.0,-0.0,-0.0,-0.0,-0.0,-2.0,-0.0,-0.0,-0.0,-0.0,-0.0,-0.0,-0.0,-0.0,-40.0,-0.0,-0.0,-0.0,-0.0,-0.0,-0.0,-0.0,-0.0,-0.0,-0.0,-0.0,-0.0,-0.0,-0.0,-0.0,-0.0
87,0.0,0.0,0.0,0.0,0.0,0.0,0.0,0.0,0.0,0.0,0.0,0.0,0.0,0.0,0.0,0.0,0.0,0.0,0.0,0.0,0.0,0.0,0.0,0.0,0.0,0.0,0.0,0.0,0.0,0.0,0.0,0.0,0.0,0.0,0.0,0.0,0.0,0.0,0.0,0.0,0.0,0.0,0.0,0.0,0.0,0.0,0.0,0.0,0.0,0.0,0.0,0.0,0.0,0.0,0.0,0.0,0.0,0.0,0.0,0.0,0.0,0.0,0.0,0.0,0.0,0.0,0.0,0.0,0.0,0.0,0.0,0.0,0.0,0.0,0.0,0.0,0.0,0.0,0.0,0.0,0.0,0.0,0.0,0.0,0.0,0.0,-2.0,-0.09013336800799776,0.2814814814814815,0.0,0.0,0.0,0.0,0.0,0.0,0.0,0.0,0.0,0.0,0.0,0.0,0.0,0.0,0.0,0.0,0.0,0.0,0.0,0.0,0.0,0.0
88,0.0,0.0,0.0,0.0,0.0,0.0,0.0,0.0,0.0,0.0,0.0,0.0,0.0,0.0,0.0,0.0,0.0,0.0,0.0,0.0,0.0,0.0,0.0,0.0,0.0,0.0,0.0,0.0,0.0,0.0,0.0,0.0,0.0,0.0,0.0,0.0,0.0,0.0,0.0,0.0,0.0,0.0,0.0,0.0,0.0,0.0,0.0,0.0,0.0,0.0,0.0,0.0,0.0,0.0,0.0,0.0,0.0,0.0,0.0,0.0,0.0,0.0,0.0,0.0,0.0,0.0,0.0,0.0,0.0,0.0,0.0,0.0,0.0,0.0,0.0,0.0,0.0,0.0,0.0,0.0,0.0,0.0,0.0,0.0,0.0,0.0,0.0,-0.7906435790175242,2.4691358024691357,0.0,0.0,0.0,0.0,0.0,0.0,0.0,0.0,0.0,0.0,0.0,0.0,0.0,0.0,0.0,0.0,0.0,0.0,0.0,0.0,0.0,0.0
89,-0.0,-0.0,-0.0,-0.0,-0.0,-0.0,-0.0,-0.0,-0.0,-0.0,-0.0,-0.0,-0.0,-0.0,-0.0,-0.0,-0.0,-0.0,-0.0,-0.0,-0.0,-0.0,-0.0,-0.0,-0.0,-0.0,-0.0,-0.0,-0.0,-0.0,-0.0,-0.0,-0.0,-0.0,-0.0,-0.0,-0.0,-0.0,-0.0,-0.0,-0.0,-0.0,-0.0,-0.0,-0.0,-0.0,-0.0,-0.0,-0.0,-0.0,-0.0,-0.0,-0.0,-0.0,-0.0,-0.0,-0.0,-0.0,-0.0,-0.0,-0.0,-0.0,-0.0,-0.0,-0.0,-0.0,-0.0,-0.0,-0.0,-0.0,-0.0,-0.0,-0.0,-0.0,-0.0,-0.0,-0.0,-0.0,-0.0,-0.0,-0.0,-0.0,-0.0,-0.0,-0.0,-0.0,-124.0,-0.0,-20.0,-124.0,-0.0,-0.0,-0.0,-0.0,-0.0,-0.0,-0.0,-0.0,-0.0,-0.0,-0.0,-0.0,-0.0,-0.0,-0.0,-0.0,-0.0,-0.0,-0.0,-0.0,-0.0
90,0.0,0.0,0.0,0.0,0.0,0.0,1.1779189920429738,1.8205125262166122,-0.5889594960214862,3.7927342789082252,5.556109931663634,2.442274286400698,0.0,0.0,0.0,0.0,0.0,0.0,-4.657976698203322,3.052415666175995,1.596396024740363,5.501886191649818,10.243030491092947,-1.018458315577464,0.0,0.0,0.0,0.0,0.0,0.0,-1.7354410076390263,1.8422439404396473,0.07286203260932712,1.1781792561431987,3.277257532295452,0.5779187074624169,0.0,0.0,0.0,0.0,0.0,0.0,-0.5255398160117697,1.159879361905488,0.23888170481646157,0.944087701209307,2.0419238041621504,0.6029323883638299,0.0,0.0,0.0,0.0,0.0,0.0,-0.9747533319548993,1.1524567735175295,0.41438786432833496,2.028323485885056,3.409785636586785,0.5732265961595975,0.0,0.0,0.0,0.0,0.0,0.0,-1.2739777880267749,0.6844393594230185,0.10586575265794744,1.6152770206497364,2.713597611074867,0.3217677519711656,0.0,0.0,0.0,0.0,0.0,0.0,-0.6912881998734719,0.9562409577139305,0.7669764926138869,1.2112384033133516,2.465255513085914,0.1916774781864046,0.0,0.0,0.0,0.0,0.0,-100.0,-26.015451321871687,19.457989622806604,3.251930986038511,14.815727851448045,44.18952524056105,-9.009901622061406,0.0,0.0,0.0,0.0,0.0,-0.2230184431799751,0.0990873364643688,0.0,0.0,4.618368889853891,9.774609878464979,-1.1545922740777668,4.887304793579464,14.791204965070769,6.51085105079313
91,0.0,0.0,0.0,0.0,0.0,0.0,1.459727894975789,-1.2897474660523636,-0.7298639474878945,-2.6869737808383456,-4.44995554208867,1.9858567329492935,0.0,0.0,0.0,0.0,0.0,0.0,6.0358211669123705,-0.38166768031971743,-2.0686150964686636,-0.6879443594196885,-6.518081356288982,7.122851865675656,0.0,0.0,0.0,0.0,0.0,0.0,2.541697088383997,-0.3664539683648406,-0.1067124813356878,-0.23436009443775185,-2.4482214920956564,1.7469639997446489,0.0,0.0,0.0,0.0,0.0,0.0,1.0869017359863895,-0.3830006115861557,-0.4940461821347238,-0.31174463382131995,-1.6362120772725088,1.0206206623891525,0.0,0.0,0.0,0.0,0.0,0.0,1.7644107042218748,-0.33336075934795806,-0.75008759606311,-0.5867148104775796,-2.5307903671523317,1.9118837008182348,0.0,0.0,0.0,0.0,0.0,0.0,1.8632464925805914,-0.13564507411752377,-0.1548331487237668,-0.3201224011592078,-1.9359587373834197,1.5085211948235735,0.0,0.0,0.0,0.0,0.0,0.0,0.9415102345637022,-0.1506874205955531,-1.0445950293928317,-0.19087071020039756,-1.9022810062481847,1.495056270398031,0.0,0.0,0.0,0.0,0.0,0.0,-66.28604878936574,-1.1002130584266623,-23.857101529544003,-0.8377256627351185,27.40460795849226,-22.485553135205066,0.0,0.0,0.0,0.0,0.0,0.1741119930734776,0.07160051868711227,0.0,0.0,4.081822680863775,-7.355418719789045,-1.0204557158338685,-3.6777092502902504,-11.608730433984261,4.795394986044678
92,0.0,0.0,0.0,0.0,0.0,0.0,0.4770101125517146,0.1277722067560741,-0.23850505627585716,0.26619208683096474,0.3016557534520023,0.8101426064553544,0.0,0.0,0.0,0.0,0.0,0.0,0.1433288218121503,0.5203260978971223,-0.04912209231529522,0.9378719303854292,0.8458611477784094,1.028796430685992,0.0,0.0,0.0,0.0,0.0,0.0,0.10374625479601114,0.29064187310035516,-0.004355759122187846,0.18587561524111876,0.20828084946605852,0.4112076418987891,0.0,0.0,0.0,0.0,0.0,0.0,0.08593933686783567,0.1568141118571913,-0.03906333007759201,0.12763937288893532,0.1107220532522669,0.29116328659824464,0.0,0.0,0.0,0.0,0.0,0.0,0.11616238823839584,0.1639215376662394,-0.04938304122628547,0.2885018443477159,0.2195281937152419,0.4386538122965876,0.0,0.0,0.0,0.0,0.0,0.0,0.07571275272093435,0.10806690020470634,-0.006291622685997984,0.25503790538969373,0.18813230716185375,0.32105384159236217,0.0,0.0,0.0,0.0,0.0,0.0,0.0291327248156726,0.15765521047666847,-0.03232243093907869,0.1996965763402464,0.1462502792145668,0.2937679015333302,0.0,0.0,0.0,0.0,0.0,0.0,0.3099425627845945,-24.33403762203003,-0.03874281523473086,16.69997089293155,-5.657232508933406,-5.594378867709349,0.0,0.0,0.0,0.0,0.0,-0.012882788115110386,0.03132725790531071,0.0,0.0,1.588116412795834,0.6120213777518041,-0.39702912094754256,0.3060106797560734,0.8439139301292193,2.074039648667281
93,0.0,0.0,0.0,0.0,0.0,0.0,-0.0031397156489435395,0.00277410626753628,0.0015698578244717689,0.005779387827715011,0.009571369500224927,-0.004271361451994588,0.0,0.0,0.0,0.0,0.0,0.0,-0.012982393662000772,0.0008209255935440391,0.004449365674505543,0.001479693358129768,0.01401968278188385,-0.01532047825128357,0.0,0.0,0.0,0.0,0.0,0.0,-0.005466913491713345,0.0007882025568276412,0.00022952691987352286,0.0005040830270673821,0.005265857669274802,-0.0037575292128196546,0.0,0.0,0.0,0.0,0.0,0.0,-0.0023378072044015876,0.0008237925834608663,0.0010626395060943383,0.0006705287393985186,0.003519313895202442,-0.002195243837134104,0.0,0.0,0.0,0.0,0.0,0.0,-0.0037950551731429282,0.0007170226700955401,0.0016133566889717115,0.0012619596284100252,0.005443454322749323,-0.004112253520042966,0.0,0.0,0.0,0.0,0.0,0.0,-0.0040076401846739175,0.0002917577744281974,0.0003330292321578711,0.0006885484040939107,0.00416403630045893,-0.003244664720358127,0.0,0.0,0.0,0.0,0.0,0.0,-0.0020250859268186993,0.0003241122226760218,0.0022468100882923154,0.0004105421002118289,0.004091599170340266,-0.0032157031350680014,0.0,0.0,0.0,0.0,0.0,0.0,-0.41051226138560976,0.0023664384085579776,-1.1684389705152394,0.0018018566212675178,-0.05894432569014367,0.048363974749503304,0.0,0.0,0.0,0.0,0.0,-0.0003744959257153972,-0.00015400491404470251,0.0,0.0,-0.008779555827788872,0.015820704213806182,0.0021948890550664035,0.00791035187115624,0.02496911426670516,-0.010314372104809021
94,0.0,0.0,0.0,0.0,0.0,0.0,0.010204395825854442,0.0027333554131738413,-0.0051021979129272175,0.005694490217833465,0.006453143508643884,0.01733090266668843,0.0,0.0,0.0,0.0,0.0,0.0,0.0030661488981871083,0.011131029137016224,-0.0010508399310404394,0.020063340712873367,0.018095008341582418,0.022008434887861895,0.0,0.0,0.0,0.0,0.0,0.0,0.0022193824020317276,0.006217530066225254,-9.318018430911639e-5,0.003976327340626271,0.004455629293742574,0.008796722405117847,0.0,0.0,0.0,0.0,0.0,0.0,0.0018384495157128709,0.0033546317496510316,-0.0008356587667615508,0.0027305137766472864,0.0023686115415739156,0.006228684357468575,0.0,0.0,0.0,0.0,0.0,0.0,0.002484993417267775,0.0035066767154704045,-0.0010564222570918211,0.006171749694077963,0.004696237091540305,0.009383862130824648,0.0,0.0,0.0,0.0,0.0,0.0,0.0016196782363721754,0.0023118114193907777,-0.00013459297106177936,0.005455875397004506,0.004024603419078781,0.0068681153602680785,0.0,0.0,0.0,0.0,0.0,0.0,0.000623219189032573,0.0033726248760353166,-0.000691454689695798,0.004271991004850884,0.00312864591227167,0.006284403347637075,0.0,0.0,0.0,0.15243902571991327,0.0,0.0,0.006630418330158271,0.4691917855710551,-0.0008288021818830451,-0.7849418955109309,-0.1210218363951132,-0.11967724554206915,0.0,0.0,0.0,0.0,0.0,-0.0002755938832490628,0.000670165540295041,0.0,0.0,0.03397363717723659,0.013092612144123272,-0.008493409673994132,0.006546305876966521,0.018053352663581938,0.04436870619010728
95,0.0,0.0,0.0,0.0,0.0,0.0,0.012332054192325023,-0.0036088119924479792,-0.006166027096162507,-0.007518358018847254,-0.014298086062789515,0.018915729763895557,0.0,0.0,0.0,0.0,0.0,0.0,0.026723969272554354,0.005334033459131435,-0.009158920509079632,0.009614432713012185,-0.015582777873208983,0.042942685316393836,0.0,0.0,0.0,0.0,0.0,0.0,0.011829217229743866,0.0023491698549566002,-0.0004966465628866187,0.0015023760597124146,-0.007304851164932242,0.012640250399784994,0.0,0.0,0.0,0.0,0.0,0.0,0.005610115406079251,0.0005055069581522898,-0.002550052139895888,0.00041145908595465835,-0.005259866519439541,0.00806042788699699,0.0,0.0,0.0,0.0,0.0,0.0,0.008797365629885255,0.0008039513869996602,-0.003739942645563921,0.001414954137311488,-0.007495186631367141,0.013682635498002152,0.0,0.0,0.0,0.0,0.0,0.0,0.008667145311658435,0.0008759821260860581,-0.0007202275192220518,0.0020673179870303064,-0.005465501305704449,0.010463502495093716,0.0,0.0,0.0,0.0,0.0,0.0,0.004258488227524123,0.0014720538319196147,-0.004724744853422641,0.0018646013001035,-0.005882688780843133,0.010046100601335657,0.11550011560189373,0.0,0.0,0.0,0.0,0.0,-0.07727612288751733,-0.08456082655498184,0.009659514086060373,-0.06438641490812987,-0.046791996251506644,-0.16669748823170893,0.0,0.0,0.0,0.0,0.0,0.0005451073209382592,0.0007101041855816416,0.0,0.0,0.037857470530755985,-0.022128890442902564,-0.009464368055779207,-0.011064444891705143,-0.03654389136624997,0.0472392207871131
96,0.0,0.0,0.0,0.0,0.0,0.0,0.0,0.0,0.0,0.0,0.0,0.0,0.0,0.0,0.0,0.0,0.0,0.0,0.0,0.0,0.0,0.0,0.0,0.0,0.0,0.0,0.0,0.0,0.0,0.0,0.0,0.0,0.0,0.0,0.0,0.0,0.0,0.0,0.0,0.0,0.0,0.0,0.0,0.0,0.0,0.0,0.0,0.0,0.0,0.0,0.0,0.0,0.0,0.0,0.0,0.0,0.0,0.0,0.0,0.0,0.0,0.0,0.0,0.0,0.0,0.0,0.0,0.0,0.0,0.0,0.0,0.0,0.0,0.0,0.0,0.0,0.0,0.0,0.0,0.0,0.0,0.0,0.0,0.0,0.0,0.0,0.0,0.0,0.0,0.0,0.0,0.0,0.0,0.0,376.99111843077515,0.0,0.0,0.0,0.0,0.0,0.0,0.0,0.0,0.0,0.0,0.0,0.0,0.0,0.0,0.0,0.0
97,-0.0,-0.0,-0.0,-0.0,-0.0,-0.0,-0.0,-0.0,-0.0,-0.0,-0.0,-0.0,-0.0,-0.0,-0.0,-0.0,-0.0,-0.0,-0.0,-0.0,-0.0,-0.0,-0.0,-0.0,-0.0,-0.0,-0.0,-0.0,-0.0,-0.0,-0.0,-0.0,-0.0,-0.0,-0.0,-0.0,-0.0,-0.0,-0.0,-0.0,-0.0,-0.0,-0.0,-0.0,-0.0,-0.0,-0.0,-0.0,-0.0,-0.0,-0.0,-0.0,-0.0,-0.0,-0.0,-0.0,-0.0,-0.0,-0.0,-0.0,-0.0,-0.0,-0.0,-0.0,-0.0,-0.0,-0.0,-0.0,-0.0,-0.0,-0.0,-0.0,-0.0,-0.0,-0.0,-0.0,-0.0,-0.0,-0.0,-0.0,-0.0,-0.0,-0.0,-0.0,-0.0,-0.0,-0.0,-0.0,-0.0,-0.0,-0.0,-0.0,-0.0,-0.0,-0.0,-0.0,-0.0,-0.0,5.253940639617364,-0.0,-0.0,-0.9991073358627367,0.042243714624364076,-0.0,-0.0,-0.0,-0.0,-0.0,-0.0,-0.0,-0.0
98,0.0,0.0,0.0,0.0,0.0,0.0,0.0,0.0,0.0,0.0,0.0,0.0,0.0,0.0,0.0,0.0,0.0,0.0,0.0,0.0,0.0,0.0,0.0,0.0,0.0,0.0,0.0,0.0,0.0,0.0,0.0,0.0,0.0,0.0,0.0,0.0,0.0,0.0,0.0,0.0,0.0,0.0,0.0,0.0,0.0,0.0,0.0,0.0,0.0,0.0,0.0,0.0,0.0,0.0,0.0,0.0,0.0,0.0,0.0,0.0,0.0,0.0,0.0,0.0,0.0,0.0,0.0,0.0,0.0,0.0,0.0,0.0,0.0,0.0,0.0,0.0,0.0,0.0,0.0,0.0,0.0,0.0,0.0,0.0,0.0,0.0,0.0,0.0,0.0,0.0,0.0,0.0,0.0,0.0,0.0,0.0,0.0,0.0,0.004280278441043922,0.0,0.0,-0.042243714624364076,-0.9991073358627367,1.0,-98.17477042468103,0.0,0.0,0.0,0.0,0.0,0.0
99,0.0,0.0,0.0,0.0,0.0,0.0,0.0,0.0,0.0,0.0,0.0,0.0,0.0,0.0,0.0,0.0,0.0,0.0,0.0,0.0,0.0,0.0,0.0,0.0,0.0,0.0,0.0,0.0,0.0,0.0,0.0,0.0,0.0,0.0,0.0,0.0,0.0,0.0,0.0,0.0,0.0,0.0,0.0,0.0,0.0,0.0,0.0,0.0,0.0,0.0,0.0,0.0,0.0,0.0,0.0,0.0,0.0,0.0,0.0,0.0,0.0,0.0,0.0,0.0,0.0,0.0,0.0,0.0,0.0,0.0,0.0,0.0,0.0,0.0,0.0,0.0,0.0,0.0,0.0,0.0,0.0,0.0,0.0,0.0,0.0,0.0,0.0,0.0,0.0,0.0,0.0,0.0,0.0,0.0,0.0,0.0,0.0,0.0,0.0,1.0,0.0,0.0,0.0,0.0,0.0,0.0,0.0,0.0,0.0,0.0,0.0
100,-0.0,-0.0,-0.0,-0.0,-0.0,-0.0,11223.33242231725,-549.0773606484336,-5611.666211158624,-1143.9111225626264,-4268.382885978112,18017.919502232315,-0.0,-0.0,-0.0,-0.0,-0.0,-0.0,2284.793973904386,477.0199270361235,-783.0515808931794,859.813877508297,-1292.6079559978668,3705.5006216925144,-0.0,-0.0,-0.0,-0.0,-0.0,-0.0,3033.9469807669143,993.1294621967484,-127.37946313043967,635.1409307638287,-1479.5865558743903,3676.4198101954325,-0.0,-0.0,-0.0,-0.0,-0.0,-0.0,1492.0177291897971,350.0735558319396,-678.1897924880752,284.9435462293143,-1122.1550785474324,2386.2463189300497,-0.0,-0.0,-0.0,-0.0,-0.0,-0.0,2312.7640827006553,433.1131390000406,-983.2039937771142,762.2789609694806,-1509.71943623473,3970.2470388984525,-0.0,-0.0,-0.0,-0.0,-0.0,-0.0,2222.506138596968,369.87887520970156,-184.68711728004746,872.9142170515402,-1060.3118755001215,3015.335473407233,-0.0,-0.0,-0.0,-0.0,-0.0,-0.0,2830.09479480163,1906.1640527110985,-3139.9583847649506,2414.4741814644217,-2737.0054717823236,8091.254974810235,-0.0,-0.0,-0.0,-0.0,-0.0,-0.0,2452.74295167672,488.32982818212156,-306.59282849494093,371.824735049228,-1260.961815853147,3132.734747120409,-0.0,-0.0,-60863.874285908176,-1884.9555921538756,1884.9555921538756,526.6740082060766,2427.857869519314,-0.0,-0.0,9983.810153098979,-2934.4384992337145,-2495.9526498525174,-1467.2192058903206,-5160.125938055942,12631.947332312213
101,0.0,0.0,0.0,0.0,0.0,0.0,46.763885092988545,-2.2878223360351404,-23.38194254649427,-4.766296344010944,-17.78492869157547,75.07466459263466,0.0,0.0,0.0,0.0,0.0,0.0,9.519974891268276,1.9875830293171814,-3.262714920388248,3.582557822951238,-5.385866483324446,15.439585923718813,0.0,0.0,0.0,0.0,0.0,0.0,12.641445753195478,4.138039425819786,-0.5307477630434987,2.6464205448492866,-6.1649439828099615,15.318415875814305,0.0,0.0,0.0,0.0,0.0,0.0,6.216740538290823,1.4586398159664151,-2.8257908020336475,1.1872647759554764,-4.675646160614303,9.942692995541874,0.0,0.0,0.0,0.0,0.0,0.0,9.636517011252733,1.8046380791668362,-4.096683307404644,3.1761623373728365,-6.290497650978043,16.54269599541022,0.0,0.0,0.0,0.0,0.0,0.0,9.260442244154035,1.5411619800404235,-0.7695296553335311,3.6371425710480842,-4.4179661479171735,12.563897805863473,0.0,0.0,0.0,0.0,0.0,0.0,11.792061645006793,7.942350219629578,-13.08315993652063,10.060309089435092,-11.404189465759684,33.71356239504265,0.0,0.0,0.0,0.0,0.0,0.0,10.219762298653004,2.0347076174255068,-1.2774701187289208,1.5492697293717836,-5.2540075660547805,13.05306144633504,0.0,0.0,-253.5994761912841,0.0,0.0,2.194475034191986,10.116074456330479,0.0,0.0,41.59920897124575,-12.22682708014048,-10.399802707718825,-6.113413357876337,-21.500524741899763,52.63311388463423
102,0.0,0.0,0.0,0.0,0.0,0.0,-2389.6568282178155,67.46823129074124,1194.8284141089077,140.558809603739,750.7653369549373,-3850.862262954459,0.0,0.0,0.0,0.0,0.0,0.0,-475.49045678286035,-110.94967676326596,162.96154407619258,-199.9834102924002,246.93478370417373,-790.1161979319761,0.0,0.0,0.0,0.0,0.0,0.0,-629.2405045443019,-227.84550033316557,26.418496485564635,-145.71514456117083,284.80879396669104,-786.8146007299875,0.0,0.0,0.0,0.0,0.0,0.0,-312.4197398662104,-84.94657241160179,142.00895499016607,-69.14254784387991,220.03139202374942,-512.7633509324905,0.0,0.0,0.0,0.0,0.0,0.0,-482.8263368226513,-102.5326222410984,205.25949283615202,-180.45737639793336,290.0122311083069,-849.2368097223613,0.0,0.0,0.0,0.0,0.0,0.0,-460.9233177938106,-84.84299934784602,38.302075918779295,-200.22949487461509,200.78958245357148,-643.9503307000628,0.0,0.0,0.0,0.0,0.0,0.0,-581.6678630284283,-427.75033742129443,645.3539602345522,-541.8170300439202,517.0726238914684,-1717.8507835856512,0.0,0.0,0.0,0.0,0.0,0.0,-513.1695852775302,-117.57738104127829,64.14618969356678,-89.52592291198486,244.5510356469036,-670.584635523792,3.54988589730895e6,150094.35063899515,33271.679742160035,0.0,0.0,-3985.474542619669,-896.4599663041345,159.25505222909504,-15634.828191561994,-2148.3056475616286,547.5689746439234,537.0764358995935,273.78447916254896,980.9427768325783,-2723.15736541238
103,0.0,0.0,0.0,0.0,0.0,0.0,-138.68469392965275,-1162.5357854809765,69.34234696482636,-2421.9494568457444,-3685.372513699998,-565.8466790736529,0.0,0.0,0.0,0.0,0.0,0.0,231.56903791369342,-227.81764332301702,-79.36404914197242,-410.6343575360359,-653.0101326569287,-72.89215611329864,0.0,0.0,0.0,0.0,0.0,0.0,358.5087496732156,-399.90549106116066,-15.051895221120786,-255.75350996870588,-696.516953845712,-140.89019809778796,0.0,0.0,0.0,0.0,0.0,0.0,105.93627429633526,-250.51840110141453,-48.1528459591462,-203.91029375496177,-433.0520132280696,-140.33873222365364,0.0,0.0,0.0,0.0,0.0,0.0,198.57264677007373,-249.30649415582548,-84.4173518689578,-438.7793355029775,-724.8194741772877,-141.23137171523766,0.0,0.0,0.0,0.0,0.0,0.0,263.2008738009432,-148.57897766921135,-21.871620421517637,-350.6464160433784,-577.4781809772014,-82.88661324730803,0.0,0.0,0.0,0.0,0.0,0.0,459.62196270955707,-541.3331930675379,-509.9454047556578,-685.6886301954423,-1519.7420256576788,16.5779363589746,0.0,0.0,0.0,0.0,0.0,0.0,184.09182843587297,-327.7556444499592,-23.011475517389982,-249.56013052113778,-550.4173711202488,-123.0731762493362,-150094.35063899515,3.54988589730895e6,-3372.5447064910263,0.0,0.0,896.4599663041344,-3985.474542619669,3766.5459197928526,-369779.78096968227,-657.0827571704,-1790.2547400920605,164.27069663607205,-895.1273433691582,-2721.0109239885546,-950.2957405732711
104,-0.0,-0.0,-0.0,-0.0,-0.0,-0.0,-0.0,-0.0,-0.0,-0.0,-0.0,-0.0,-0.0,-0.0,-0.0,-0.0,-0.0,-0.0,-0.0,-0.0,-0.0,-0.0,-0.0,-0.0,-0.0,-0.0,-0.0,-0.0,-0.0,-0.0,-0.0,-0.0,-0.0,-0.0,-0.0,-0.0,-0.0,-0.0,-0.0,-0.0,-0.0,-0.0,-0.0,-0.0,-0.0,-0.0,-0.0,-0.0,-0.0,-0.0,-0.0,-0.0,-0.0,-0.0,-0.0,-0.0,-0.0,-0.0,-0.0,-0.0,-0.0,-0.0,-0.0,-0.0,-0.0,-0.0,-0.0,-0.0,-0.0,-0.0,-0.0,-0.0,-0.0,-0.0,-0.0,-0.0,-0.0,-0.0,-0.0,-0.0,-0.0,-0.0,-0.0,-0.0,-0.0,-0.0,-0.0,-0.0,-0.0,-0.0,-0.0,-0.0,-0.0,-0.0,-0.0,-0.0,-0.0,-0.0,-0.0,-0.0,-0.0,-0.0,-0.0,-0.0,-771.0628438351062,-0.0,-0.0,-0.0,-0.0,-0.0,-0.0
105,0.0,0.0,0.0,0.0,0.0,0.0,0.0,0.0,0.0,0.0,0.0,0.0,0.0,0.0,0.0,0.0,0.0,0.0,0.0,0.0,0.0,0.0,0.0,0.0,0.0,0.0,0.0,0.0,0.0,0.0,0.0,0.0,0.0,0.0,0.0,0.0,0.0,0.0,0.0,0.0,0.0,0.0,0.0,0.0,0.0,0.0,0.0,0.0,0.0,0.0,0.0,0.0,0.0,0.0,0.0,0.0,0.0,0.0,0.0,0.0,0.0,0.0,0.0,0.0,0.0,0.0,0.0,0.0,0.0,0.0,0.0,0.0,0.0,0.0,0.0,0.0,0.0,0.0,0.0,0.0,0.0,0.0,0.0,0.0,0.0,0.0,0.0,0.0,0.0,0.0,0.0,0.0,0.0,0.0,0.0,0.0,-0.3872704696042279,475.3653498955805,-0.26640530783667166,0.0,0.0,0.04408859953670673,-0.16063447106764883,0.5043783014032669,-49.517223947456294,0.0,0.0,0.0,0.0,0.0,0.0
106,-0.0,-0.0,-0.0,-0.0,-0.0,-0.0,0.5498353825097461,0.008268887371308008,-0.274917691254873,0.01722684800569165,-0.09668242470048415,0.8930269555762275,-0.0,-0.0,-0.0,-0.0,-0.0,-0.0,0.2402766576854897,0.10193362019954774,-0.08234835123047536,0.18373224317229442,-0.038082986829168504,0.4737479604357462,-0.0,-0.0,-0.0,-0.0,-0.0,-0.0,0.16002825804050805,0.08759188412923485,-0.006718744171905958,0.05601806504676848,-0.04253281688524072,0.23307627520094318,-0.0,-0.0,-0.0,-0.0,-0.0,-0.0,0.08348764530649908,0.03833273470581337,-0.0379489249611524,0.031201058125583284,-0.03873818608047082,0.15461024316706778,-0.0,-0.0,-0.0,-0.0,-0.0,-0.0,0.1270745891774958,0.04329814580914886,-0.05402204423764875,0.07620472026201902,-0.042438095668802515,0.2509609929718755,-0.0,-0.0,-0.0,-0.0,-0.0,-0.0,0.11718882954486845,0.03259795554687918,-0.009738226018906594,0.07693118139702451,-0.025148114155143723,0.18894140906906987,-0.0,-0.0,-0.0,-0.0,-0.0,-0.0,0.07431690234309163,0.08876237640897654,-0.08245376835806835,0.11243233016596099,-0.022960065117710086,0.2714946373204766,-0.0,-0.0,-0.0,-0.0,-0.0,-0.0,0.32099127583274406,0.1526413281654936,-0.040123904183471094,0.11622435929006973,-0.054040933404127856,0.49720446051789774,-0.0,-0.0,-0.0,-0.0,-0.0,0.0014127700038622782,0.0318927530347664,-0.0,-0.0,-30.78773920250714,-0.5404925328857765,-28.01735073683706,-0.27024625838892263,-0.6937755066829756,-2.963537093577582
107,0.0,0.0,0.0,0.0,0.0,0.0,-0.007138806226715622,0.1123447510913356,0.0035694031133578076,0.2340515554732428,0.36074525826627835,0.02141071162517267,0.0,0.0,0.0,0.0,0.0,0.0,-0.0893554833750169,0.04835110926851667,0.030624184638719347,0.08715140057208218,0.17720726921278396,-0.0361079009204992,0.0,0.0,0.0,0.0,0.0,0.0,-0.057885858862890265,0.04271561707093196,0.0024303225044939674,0.027318127008911765,0.09042057264441927,-0.0015586920846686566,0.0,0.0,0.0,0.0,0.0,0.0,-0.02007788436430198,0.02811723994389103,0.009126309938702738,0.022886121863026656,0.05722770668586446,0.004816783679891855,0.0,0.0,0.0,0.0,0.0,0.0,-0.035218914694845053,0.02755818835876058,0.014972291313012847,0.04850240109736149,0.09394503315052928,-0.002984958283455719,0.0,0.0,0.0,0.0,0.0,0.0,-0.04247280920191329,0.01586588174572092,0.0035294303840432773,0.037443483989309585,0.07413639490168837,-0.005172982296186132,0.0,0.0,0.0,0.0,0.0,0.0,-0.04005794289090835,0.029048686325491364,0.04444383767207329,0.03679499833112615,0.10954101269600999,-0.029091099756413857,0.0,0.0,0.0,0.0,0.0,0.0,-0.10037652930439867,0.08610568181426209,0.012547064507066665,0.06556270061570096,0.18429399489172432,-0.023921028583025167,0.0,0.0,0.0,0.0,0.0,-0.013394956877204977,0.0005933634283159793,0.0,0.0,0.2724082436876942,-20.77570851496743,-0.0681020639663229,19.612145307040414,-1.2142624596934029,0.14305423165053643
108,0.0,0.0,0.0,0.0,0.0,0.0,-0.012096378423641673,-0.00018191552229551323,0.006048189211820835,-0.00037899065638925166,0.0021270133448924883,-0.019646593036364315,0.0,0.0,0.0,0.0,0.0,0.0,-0.005286086472763463,-0.002242539645952374,0.0018116637283326004,-0.004042109352606518,0.0008378257108253988,-0.01042245513684749,0.0,0.0,0.0,0.0,0.0,0.0,-0.0035206216793439086,-0.0019270214521856768,0.00014781237188490835,-0.0012323974318874885,0.0009357219721271902,-0.00512767805799308,0.0,0.0,0.0,0.0,0.0,0.0,-0.001836728198022584,-0.0008433201641154151,0.0008348763497269912,-0.0006864232792410469,0.0008522400943640928,-0.003401425352045182,0.0,0.0,0.0,0.0,0.0,0.0,-0.0027956409638525636,-0.0009525592084649002,0.0011884849740562613,-0.001676503846932399,0.0009336381053640982,-0.0055211418492277075,0.0,0.0,0.0,0.0,0.0,0.0,-0.002578154251783243,-0.0007171550225309668,0.00021424097256520156,-0.001692485991913654,0.0005532585117986032,-0.004156711002415418,0.0,0.0,0.0,0.0,0.0,0.0,-0.0016349718526870614,-0.0019527722823579332,0.0018139829051412619,-0.002473511265374378,0.0005051214329415272,-0.0059728820252116475,0.0,0.0,0.0,0.0,0.0,0.0,-0.00706180807324016,-0.0033581092219803744,0.000882725892651338,-0.0025569359061628906,0.0011889005357190896,-0.010938498139014338,0.0,0.0,0.0,0.0,0.0,-3.108094010662337e-5,-0.0007016405672536771,0.0,0.0,-2.465526756341702,0.011890835731771136,-3.9550467555287607,0.005945417688698322,0.015263061157658846,0.06519781610412866
109,-0.0,-0.0,-0.0,-0.0,-0.0,-0.0,-7.932006113713743e-5,0.001248274885463732,3.966003056856868e-5,0.002600572574711974,0.004008280240683646,0.00023789677169591087,-0.0,-0.0,-0.0,-0.0,-0.0,-0.0,-0.0009928386034237075,0.0005372344929148796,0.000340268683680993,0.0009683487969871862,0.001968969458128859,-0.0004011988584070849,-0.0,-0.0,-0.0,-0.0,-0.0,-0.0,-0.0006431761443247067,0.0004746179192954081,2.700358064321803e-5,0.0003035347137438535,0.0010046729274384627,-1.7318799183427575e-5,-0.0,-0.0,-0.0,-0.0,-0.0,-0.0,-0.00022308758141114467,0.0003124137454537805,0.00010140343347397634,0.0002542902171197377,0.0006358633430997817,5.351981323481962e-5,-0.0,-0.0,-0.0,-0.0,-0.0,-0.0,-0.0003913212346798748,0.0003062020618048517,0.00016635877548641558,0.0005389155130648047,0.0010438335957549476,-3.3166199784139936e-5,-0.0,-0.0,-0.0,-0.0,-0.0,-0.0,-0.00047192005435784144,0.00017628755706458927,3.9215889176807464e-5,0.0004160386687769628,0.000823737637545367,-5.747757523649603e-5,-0.0,-0.0,-0.0,-0.0,-0.0,-0.0,-0.00044508820918040906,0.0003227631486436322,0.000493820368470732,0.0004088332733060548,0.0012171222397878339,-0.0003232344089393969,-0.0,-0.0,-0.0,-0.0,-0.0,-0.0,-0.0011152946568801338,0.000956729700857062,0.00013941181371020565,0.0007284743773674075,0.002047710846571656,-0.0002657891795084792,-0.0,-0.0,-0.0,-0.0,-0.0,-0.00014883283908912606,6.592926312305656e-6,-0.0,-0.0,0.0030267579560720377,0.43582542003305075,-0.0007566895228446654,-0.5916110416664213,-0.013491803738693683,0.0015894913014983514
110,-0.0,-0.0,-0.0,-0.0,-0.0,-0.0,0.003945291332105238,0.00013425231911124032,-0.001972645666052619,0.0002796923203677769,-0.0004542301499238356,0.006429819099143338,-0.0,-0.0,-0.0,-0.0,-0.0,-0.0,0.00166662876336016,0.0007645099800734356,-0.000571192108705129,0.0013780059345633016,-0.00015552830014711467,0.003379374859851006,-0.0,-0.0,-0.0,-0.0,-0.0,-0.0,0.0011110860846679617,0.0006577235926982724,-4.6648655976490295e-5,0.0004206371784879648,-0.0002453165924016331,0.001673394253445032,-0.0,-0.0,-0.0,-0.0,-0.0,-0.0,0.0005864031904295898,0.00029411719612086287,-0.00026654687156281025,0.00023939767935494862,-0.0002401700577764796,0.001113937561968973,-0.0,-0.0,-0.0,-0.0,-0.0,-0.0,0.0008894466716680185,0.0003294165205097406,-0.0003781222332087497,0.0005797729516128188,-0.00024228798557658299,0.001800928813586527,-0.0,-0.0,-0.0,-0.0,-0.0,-0.0,0.0008135940239991772,0.0002447559262558883,-6.760851289415954e-5,0.0005776240333142966,-0.00013127305146232353,0.001353918988571988,-0.0,-0.0,-0.0,-0.0,-0.0,-0.0,0.0005072086259559118,0.0006570270644132563,-0.0005627422730930135,0.0008322341832503346,-9.196613690584253e-5,0.0019310507720951948,-0.0,-0.0,-0.0,-0.0,-0.0,-0.0,0.0022391443718188576,0.0011539504043158763,-0.00027989300953659626,0.0008786424227698013,-0.00026544962559416405,0.0035560069794276644,-0.0,-0.0,-0.0,-0.0,-0.0,1.2252070713899908e-6,0.0002295146028473246,-0.0,-0.0,-0.016232830591171858,-0.006176364470035381,0.004058207829208981,-0.003088182142982696,-0.005793107229420818,-0.021194904637151707
111,0.0,0.0,0.0,0.0,0.0,0.0,0.0,0.0,0.0,0.0,0.0,0.0,0.0,0.0,0.0,0.0,0.0,0.0,0.0,0.0,0.0,0.0,0.0,0.0,0.0,0.0,0.0,0.0,0.0,0.0,0.0,0.0,0.0,0.0,0.0,0.0,0.0,0.0,0.0,0.0,0.0,0.0,0.0,0.0,0.0,0.0,0.0,0.0,0.0,0.0,0.0,0.0,0.0,0.0,0.0,0.0,0.0,0.0,0.0,0.0,0.0,0.0,0.0,0.0,0.0,0.0,0.0,0.0,0.0,0.0,0.0,0.0,0.0,0.0,0.0,0.0,0.0,0.0,0.0,0.0,0.0,0.0,0.0,0.0,0.0,0.0,0.0,0.0,0.0,0.0,0.0,0.0,0.0,0.0,0.0,0.0,0.0,0.0,0.0,0.0,0.0,0.0,0.0,0.0,0.0,0.0,0.0,0.0,0.0,376.99111843077515,0.0
