benchmark,map,witness,g_star,y_star,freq_hz,lambda_re,crossing,port_visible,closure_distance,individual_min,crossing_id,bracket_lo,bracket_hi,lam_lo,lam_hi,widened,g0_physical,g0_minus_gstar,port_windings_match,port_sign_flips,port_means_stable,original_port,reloc_t0_flips,reloc_device_flips,reloc_a_flips,reloc_beta_independent,result,side_lo:g,side_lo:lam_real_near_zero,side_lo:status_rest,side_lo:n_positive_rest,side_lo:status_physical,side_lo:neutral_verified,side_lo:port_wind_T_S,side_lo:port_wind_T_0,side_lo:port_r0,side_lo:port_r_spread,side_lo:port_h_ratio_sign,side_lo:port_mean_stable,side_lo:reloc_b11_t0_sign,side_lo:reloc_b11_t0_logabs,side_lo:reloc_b11_device_sign,side_lo:reloc_b11_network_sign,side_lo:reloc_b11_a_sign,side_lo:reloc_b11_identity_residual,side_lo:reloc_b11_min_abs_eig_relocated,side_lo:reloc_b205_t0_sign,side_lo:reloc_b205_t0_logabs,side_lo:reloc_b205_device_sign,side_lo:reloc_b205_network_sign,side_lo:reloc_b205_a_sign,side_lo:reloc_b205_identity_residual,side_lo:reloc_b205_min_abs_eig_relocated,side_lo:descriptor_finite,side_lo:n_x,side_lo:descriptor_vs_A_maxdist,side_lo:descriptor_rhp_raw,side_hi:g,side_hi:lam_real_near_zero,side_hi:status_rest,side_hi:n_positive_rest,side_hi:status_physical,side_hi:neutral_verified,side_hi:port_wind_T_S,side_hi:port_wind_T_0,side_hi:port_r0,side_hi:port_r_spread,side_hi:port_h_ratio_sign,side_hi:port_mean_stable,side_hi:reloc_b11_t0_sign,side_hi:reloc_b11_t0_logabs,side_hi:reloc_b11_device_sign,side_hi:reloc_b11_network_sign,side_hi:reloc_b11_a_sign,side_hi:reloc_b11_identity_residual,side_hi:reloc_b11_min_abs_eig_relocated,side_hi:reloc_b205_t0_sign,side_hi:reloc_b205_t0_logabs,side_hi:reloc_b205_device_sign,side_hi:reloc_b205_network_sign,side_hi:reloc_b205_a_sign,side_hi:reloc_b205_identity_residual,side_hi:reloc_b205_min_abs_eig_relocated,side_hi:descriptor_finite,side_hi:n_x,side_hi:descriptor_vs_A_maxdist,side_hi:descriptor_rhp_raw
Kundur,K12A,3+4,0.0002770992512038,0.95,0.0,0.001082224330897,APERIODIC_THROUGH_ORIGIN,,,,0,0.0,0.00034637406400475,-0.04999999999980263,0.011943632173920101,0,0.00027183477841939696,-5.26447278440304e-06,True,False,True,NOT_EVALUABLE_AT_ZERO,True,False,True,True,PORT_EVALUABLE_AT_ZERO,0.0,-0.04999999999980263,STABLE,0,BOUNDARY_OR_UNRESOLVED,True,0,0,(-0.0008969069751388343-3.857383492335802e-13j),0.00486494030116293,1.0,True,-1.0,78.7572717768162,1.0,-1.0,1.0,4.263256414560601e-14,0.04999999999980263,-1.0,78.54439168908799,1.0,-1.0,1.0,2.842170943040401e-14,0.04999999999980263,38,38,9.83877720980397e-10,1,0.00034637406400475,0.011943632173920101,UNSTABLE,1,UNSTABLE,True,0,0,(-0.0009605445785357026+6.455434814427023e-15j),0.2808135320992121,1.0,True,1.0,77.49306787711295,1.0,-1.0,-1.0,8.526512829121202e-14,0.011943632254259554,1.0,77.28018779052766,1.0,-1.0,-1.0,2.842170943040401e-14,0.011943632273377282,38,38,6.672665574199918e-09,1
Kundur,K12A,3+4,0.0002734374998706,0.975,0.0,0.0010213286436025,APERIODIC_THROUGH_ORIGIN,,,,1,0.0,0.00034179687483825,-0.04999999999980264,0.011742855679380732,0,0.0002693564145176257,-4.081085352974326e-06,True,False,True,NOT_EVALUABLE_AT_ZERO,True,False,True,True,PORT_EVALUABLE_AT_ZERO,0.0,-0.04999999999980264,STABLE,0,BOUNDARY_OR_UNRESOLVED,True,0,0,(0.005455056786645548-1.1861871890544301e-12j),3.7296435459859962,1.0,True,-1.0,78.79589037596602,1.0,-1.0,1.0,1.4210854715202004e-14,0.04999999999980264,-1.0,78.58301028921397,1.0,-1.0,1.0,1.4210854715202004e-14,0.04999999999980264,38,38,1.0814316184680183e-09,2,0.00034179687483825,0.011742855679380732,UNSTABLE,1,UNSTABLE,True,0,0,(0.004190662695223708-8.809542044420013e-13j),3.0593712064383345,1.0,True,1.0,77.51189618298919,1.0,-1.0,-1.0,1.2789769243681803e-13,0.011742855613035012,1.0,77.299016094554,1.0,-1.0,-1.0,8.526512829121202e-14,0.011742855597271564,38,38,7.308947583988847e-10,2
Kundur,K12A,3+4,0.0002739843067764,1.0,0.0,0.0011643566218696,APERIODIC_THROUGH_ORIGIN,,,,2,0.0,0.00034248038347049997,-0.04999999999980263,0.012351251164031768,0,0.00026700311162417744,-6.9811951522225405e-06,True,False,True,NOT_EVALUABLE_AT_ZERO,True,False,True,True,PORT_EVALUABLE_AT_ZERO,0.0,-0.04999999999980263,STABLE,0,BOUNDARY_OR_UNRESOLVED,True,0,0,(0.0017701764635945911-6.666790676709334e-13j),0.8266394221364968,1.0,True,-1.0,78.83375718619077,1.0,-1.0,1.0,7.105427357601002e-14,0.04999999999980263,-1.0,78.62087709821657,1.0,-1.0,1.0,7.105427357601002e-14,0.04999999999980263,38,38,3.1522886433994106e-09,1,0.00034248038347049997,0.012351251164031768,UNSTABLE,1,UNSTABLE,True,0,0,(0.0021373460857417154-4.032100176695584e-13j),0.5113595105271995,1.0,True,1.0,77.59966087952056,1.0,-1.0,-1.0,4.263256414560601e-14,0.012351251021990617,1.0,77.38678079025416,1.0,-1.0,-1.0,8.526512829121202e-14,0.012351250988287816,38,38,6.309856972721217e-10,2
Kundur,K12A,3+4,0.0002711375752308,1.025,0.0,0.0010936401239161,APERIODIC_THROUGH_ORIGIN,,,,3,0.0,0.0003389219690385,-0.04999999999980263,0.012263404393847339,0,0.0002647655680865898,-6.372007144210231e-06,True,False,True,NOT_EVALUABLE_AT_ZERO,True,False,True,True,PORT_EVALUABLE_AT_ZERO,0.0,-0.04999999999980263,STABLE,0,BOUNDARY_OR_UNRESOLVED,True,0,0,(0.001299739232300508-1.5255513849111958e-12j),2.5348297351571096,1.0,True,-1.0,78.87090163581806,1.0,-1.0,1.0,5.684341886080802e-14,0.04999999999980263,-1.0,78.65802154903594,1.0,-1.0,1.0,1.1368683772161603e-13,0.04999999999980263,38,38,3.741850163458023e-09,0,0.0003389219690385,0.012263404393847339,UNSTABLE,1,UNSTABLE,True,0,0,(0.0026317670536011033-1.1504204977964144e-14j),1.4808454478792445,1.0,True,1.0,77.62726383732924,1.0,-1.0,-1.0,8.526512829121202e-14,0.012263404463987673,1.0,77.41438375200934,1.0,-1.0,-1.0,1.1368683772161603e-13,0.012263404480645185,38,38,4.144776840566943e-10,1
Kundur,K12A,3+4,0.0002683805235816,1.05,0.0,0.0010856838985666,APERIODIC_THROUGH_ORIGIN,,,,4,0.0,0.00033547565447699995,-0.04999999999980263,0.01216848571770869,0,0.0002626353878529879,-5.745135728612086e-06,False,True,True,NOT_EVALUABLE_AT_ZERO,True,False,True,True,PORT_EVALUABLE_AT_ZERO,0.0,-0.04999999999980263,STABLE,0,BOUNDARY_OR_UNRESOLVED,True,2,0,(-0.00016718152470793582-3.9717331745719436e-13j),1.8693241320387863,1.0,True,-1.0,78.90735139622754,1.0,-1.0,1.0,1.1368683772161603e-13,0.04999999999980263,-1.0,78.69447130894075,1.0,-1.0,1.0,7.105427357601002e-14,0.04999999999980263,38,38,2.1551746917932666e-07,1,0.00033547565447699995,0.01216848571770869,UNSTABLE,1,UNSTABLE,True,0,0,(0.0017934229037804635+2.9199502241132244e-13j),0.5141254659419857,1.0,True,1.0,77.65359183140386,1.0,-1.0,-1.0,5.684341886080802e-14,0.012168485939739723,1.0,77.44071174775142,1.0,-1.0,-1.0,1.4210854715202004e-14,0.012168485992489621,38,38,3.269119399784029e-09,1
Kundur,K12A,3+4,0.0002655707443288,1.0750000000000002,0.0,0.0011029645314462,APERIODIC_THROUGH_ORIGIN,,,,5,0.0,0.00033196343041100003,-0.04999999999980263,0.012038770502798926,0,0.0002606049720558047,-4.965772272995286e-06,True,False,True,NOT_EVALUABLE_AT_ZERO,True,False,True,True,PORT_EVALUABLE_AT_ZERO,0.0,-0.04999999999980263,STABLE,0,BOUNDARY_OR_UNRESOLVED,True,0,0,(0.000784903753917838+3.7519248292718923e-13j),0.9732750680324742,1.0,True,-1.0,78.94313256253034,1.0,-1.0,1.0,1.4210854715202004e-14,0.04999999999980263,-1.0,78.73025247344577,1.0,-1.0,1.0,5.684341886080802e-14,0.04999999999980263,38,38,1.6008862679776654e-09,1,0.00033196343041100003,0.012038770502798926,UNSTABLE,1,UNSTABLE,True,0,0,(0.002991908126892111-5.820557481023172e-13j),0.4910449670160356,1.0,True,1.0,77.6762829891588,1.0,-1.0,-1.0,1.1368683772161603e-13,0.01203877043287702,1.0,77.4634029010133,1.0,-1.0,-1.0,5.684341886080802e-14,0.012038770416193716,38,38,1.0974773941301204e-08,2
Kundur,K12A,3+4,0.0002636506032043,1.1,0.0,0.0011108948048772,APERIODIC_THROUGH_ORIGIN,,,,6,0.0,0.00032956325400537506,-0.04999999999980263,0.012070755660876419,0,0.00025866742530957583,-4.983177894724196e-06,False,False,False,NOT_EVALUABLE_AT_ZERO,True,False,True,True,PORT_EVALUABLE_AT_ZERO,0.0,-0.04999999999980263,STABLE,0,BOUNDARY_OR_UNRESOLVED,True,2,0,(1.9144879606603753e-05-1.8914365763226932e-13j),12.803868061092071,1.0,False,-1.0,78.97826977463463,1.0,-1.0,1.0,1.4210854715202004e-14,0.04999999999980263,-1.0,78.76538968755439,1.0,-1.0,1.0,9.947598300641403e-14,0.04999999999980263,38,38,5.701058144234495e-09,1,0.00032956325400537506,0.012070755660876419,UNSTABLE,1,UNSTABLE,True,0,0,(0.0014167819804321773+4.1031350108654545e-13j),0.32536430266696714,1.0,True,1.0,77.71217450689511,1.0,-1.0,-1.0,1.1368683772161603e-13,0.012070755772650323,1.0,77.49929442204804,1.0,-1.0,-1.0,5.684341886080802e-14,0.012070755799245186,38,38,3.9163466552737626e-09,1
Kundur,K12A,3+4,0.0002622683789943,1.125,0.0,0.0011406183617022,APERIODIC_THROUGH_ORIGIN,,,,7,0.0,0.00032783547374287496,-0.04999999999980263,0.012196712764983453,0,0.0002568164786527615,-5.451900341538478e-06,False,False,True,NOT_EVALUABLE_AT_ZERO,True,False,True,True,PORT_EVALUABLE_AT_ZERO,0.0,-0.04999999999980263,STABLE,0,BOUNDARY_OR_UNRESOLVED,True,2,0,(-7.427698929047714e-05-5.283967089491303e-13j),6.317448653015873,1.0,True,-1.0,79.01278626826118,1.0,-1.0,1.0,1.1368683772161603e-13,0.04999999999980263,-1.0,78.79990618179929,1.0,-1.0,1.0,0.0,0.04999999999980263,38,38,5.124355979594739e-10,2,0.00032783547374287496,0.012196712764983453,UNSTABLE,1,UNSTABLE,True,0,0,(-0.0019482392316918988-1.8479121634577475e-12j),0.956377943387555,1.0,True,1.0,77.75546106033049,1.0,-1.0,-1.0,2.842170943040401e-14,0.012196712885223381,1.0,77.54258097530995,1.0,-1.0,-1.0,1.4210854715202004e-14,0.012196712913813787,38,38,1.9952797799796187e-09,1
Kundur,K12A,3+4,0.0002603317454405,1.15,0.0,0.0010643415934753,APERIODIC_THROUGH_ORIGIN,,,,8,0.0,0.000325414681800625,-0.04999999999980263,0.012189370565164477,0,0.00025504641596682954,-5.285329473670461e-06,False,True,False,NOT_EVALUABLE_AT_ZERO,True,False,True,True,PORT_EVALUABLE_AT_ZERO,0.0,-0.04999999999980263,STABLE,0,BOUNDARY_OR_UNRESOLVED,True,0,2,(-0.0005803299319589822+1.6711303090573455e-12j),12.361718234169869,1.0,False,-1.0,79.04670405387289,1.0,-1.0,1.0,7.105427357601002e-14,0.04999999999980263,-1.0,78.83382396701836,1.0,-1.0,1.0,9.947598300641403e-14,0.04999999999980263,38,38,2.68704918883173e-09,2,0.000325414681800625,0.012189370565164477,UNSTABLE,1,UNSTABLE,True,0,2,(0.00016466676217989352+1.1095550883242697e-12j),61.1497550523142,1.0,False,1.0,77.78688438329506,1.0,-1.0,-1.0,7.105427357601002e-14,0.012189370486856227,1.0,77.57400429520096,1.0,-1.0,-1.0,1.4210854715202004e-13,0.012189370468229863,38,38,5.769836744520221e-09,2
Kundur,K12A,3+4,0.0002579580370285,1.175,0.0,0.0011225346818466,APERIODIC_THROUGH_ORIGIN,,,,9,0.0,0.000322447546285625,-0.04999999999980264,0.012071358144093013,0,0.0002533520162121314,-4.606020816368584e-06,False,True,False,NOT_EVALUABLE_AT_ZERO,True,False,True,True,PORT_EVALUABLE_AT_ZERO,0.0,-0.04999999999980264,STABLE,0,BOUNDARY_OR_UNRESOLVED,True,0,2,(-0.00039702300787497713-1.0610714889190687e-11j),55.74832769066038,1.0,False,-1.0,79.08004394971233,1.0,-1.0,1.0,0.0,0.04999999999980264,-1.0,78.86716386203817,1.0,-1.0,1.0,4.263256414560601e-14,0.04999999999980264,38,38,3.7901314893637114e-10,1,0.000322447546285625,0.012071358144093013,UNSTABLE,1,UNSTABLE,True,0,2,(0.0004865081515085364-2.226134169580965e-11j),96.09238659632562,1.0,False,1.0,77.80838577444825,1.0,-1.0,-1.0,9.947598300641403e-14,0.012071358131691513,1.0,77.595505687319,1.0,-1.0,-1.0,5.684341886080802e-14,0.012071358128724192,38,38,7.693687797631887e-09,2
Kundur,K12A,3+4,0.0002577087700936,1.2000000000000002,0.0,0.001077034734219,APERIODIC_THROUGH_ORIGIN,,,,10,0.0,0.000322135962617,-0.04999999999980263,0.012391917616493527,0,0.0002517285017582914,-5.980268335308611e-06,True,False,True,NOT_EVALUABLE_AT_ZERO,True,False,True,True,PORT_EVALUABLE_AT_ZERO,0.0,-0.04999999999980263,STABLE,0,BOUNDARY_OR_UNRESOLVED,True,0,0,(0.00013110112100475158-7.284364618837557e-14j),0.586884585682718,1.0,True,-1.0,79.11282571579825,1.0,-1.0,1.0,1.4210854715202004e-14,0.04999999999980263,-1.0,78.89994562862007,1.0,-1.0,1.0,8.526512829121202e-14,0.04999999999980263,38,38,5.193595193062658e-09,1,0.000322135962617,0.012391917616493527,UNSTABLE,1,UNSTABLE,True,0,0,(0.0004935787715809986+1.0124628251468511e-13j),0.08066659116289791,1.0,True,1.0,77.86637814191491,1.0,-1.0,-1.0,9.947598300641403e-14,0.012391917699592806,1.0,77.65349805591532,1.0,-1.0,-1.0,1.7053025658242404e-13,0.012391917719329744,38,38,1.212856411501741e-09,1
Kundur,K12A,3+4,0.0002560939734232,1.225,0.0,0.0011337964886973,APERIODIC_THROUGH_ORIGIN,,,,11,0.0,0.00032011746677899997,-0.04999999999980263,0.012406225884388734,0,0.0002501714893493081,-5.922484073891921e-06,True,False,True,NOT_EVALUABLE_AT_ZERO,True,False,True,True,PORT_EVALUABLE_AT_ZERO,0.0,-0.04999999999980263,STABLE,0,BOUNDARY_OR_UNRESOLVED,True,0,0,(0.0038140890812843435-6.040593914825865e-13j),2.596654983055919,1.0,True,-1.0,79.1450680648056,1.0,-1.0,1.0,5.684341886080802e-14,0.04999999999980263,-1.0,78.93218797572635,1.0,-1.0,1.0,1.4210854715202004e-14,0.04999999999980263,38,38,4.0200197901421597e-10,1,0.00032011746677899997,0.012406225884388734,UNSTABLE,1,UNSTABLE,True,0,0,(0.00293795939649032-1.7605918350808991e-12j),2.1787835664893747,1.0,True,1.0,77.89807738761823,1.0,-1.0,-1.0,8.526512829121202e-14,0.012406226157041289,1.0,77.68519730514501,1.0,-1.0,-1.0,4.263256414560601e-14,0.012406226221756866,38,38,6.675177931286474e-10,1
Kundur,K12A,3+4,0.0002542973331744,1.25,0.0,0.0012529280545472,APERIODIC_THROUGH_ORIGIN,,,,12,0.0,0.00031787166646800004,-0.04999999999980263,0.012366372085204717,0,0.00024867695246407796,-5.620380710322063e-06,True,False,True,NOT_EVALUABLE_AT_ZERO,True,False,True,True,PORT_EVALUABLE_AT_ZERO,0.0,-0.04999999999980263,STABLE,0,BOUNDARY_OR_UNRESOLVED,True,0,0,(-0.0009483709679931546+2.9081635340708675e-15j),0.275977693771112,1.0,True,-1.0,79.17678880374673,1.0,-1.0,1.0,1.2789769243681803e-13,0.04999999999980263,-1.0,78.96390871582207,1.0,-1.0,1.0,4.263256414560601e-14,0.04999999999980263,38,38,3.265311096083698e-09,1,0.00031787166646800004,0.012366372085204717,UNSTABLE,1,UNSTABLE,True,0,0,(-0.0010353035763602352+1.4473956531739756e-13j),0.6404998391208343,1.0,True,1.0,77.92480057777506,1.0,-1.0,-1.0,4.263256414560601e-14,0.012366371982628318,1.0,77.71192048892885,1.0,-1.0,-1.0,5.684341886080802e-14,0.012366371958289012,38,38,2.3574315619322725e-09,2
Kundur,K12A,3+4,0.000252889607024,1.275,0.0,0.0010742682583991,APERIODIC_THROUGH_ORIGIN,,,,13,0.0,0.00031611200877999996,-0.04999999999980263,0.012397545031631825,0,0.00024724118221452693,-5.648424809473051e-06,True,False,True,NOT_EVALUABLE_AT_ZERO,True,False,True,True,PORT_EVALUABLE_AT_ZERO,0.0,-0.04999999999980263,STABLE,0,BOUNDARY_OR_UNRESOLVED,True,0,0,(0.0009327829572702711-4.692851882713935e-13j),1.8796518329784693,1.0,True,-1.0,79.20800482984978,1.0,-1.0,1.0,2.842170943040401e-14,0.04999999999980263,-1.0,78.99512474273233,1.0,-1.0,1.0,0.0,0.04999999999980263,38,38,1.089238648065762e-08,1,0.00031611200877999996,0.012397545031631825,UNSTABLE,1,UNSTABLE,True,0,0,(0.0018098824639899884-2.6871201729114676e-13j),1.1625975719883825,1.0,True,1.0,77.95696549865148,1.0,-1.0,-1.0,1.4210854715202004e-13,0.012397545078153941,1.0,77.74408541246618,1.0,-1.0,-1.0,9.947598300641403e-14,0.012397545089222037,38,38,1.6225109664439173e-08,1
Kundur,K12A,3+4,0.0002503775136493,1.3,0.0,0.0010152044140496,APERIODIC_THROUGH_ORIGIN,,,,14,0.0,0.000312971892061625,-0.04999999999980263,0.012171177175715883,0,0.0002458607639073229,-4.516749741977088e-06,True,False,True,NOT_EVALUABLE_AT_ZERO,True,False,True,True,PORT_EVALUABLE_AT_ZERO,0.0,-0.04999999999980263,STABLE,0,BOUNDARY_OR_UNRESOLVED,True,0,0,(0.0009516468278230649-1.701700721269884e-14j),0.48714863830093275,1.0,True,-1.0,79.23873222402597,1.0,-1.0,1.0,5.684341886080802e-14,0.04999999999980263,-1.0,79.02585213634376,1.0,-1.0,1.0,1.2789769243681803e-13,0.04999999999980263,38,38,1.043747448123682e-09,1,0.000312971892061625,0.012171177175715883,UNSTABLE,1,UNSTABLE,True,0,0,(0.0009625599308588073-2.706175736012389e-13j),0.28873755838053294,1.0,True,1.0,77.96714264732503,1.0,-1.0,-1.0,2.842170943040401e-14,0.012171177147533128,1.0,77.75426255999169,1.0,-1.0,-1.0,2.842170943040401e-14,0.01217117714084936,38,38,2.9360751457578756e-08,2
Kundur,K12A,3+4,0.0002506552803485,1.3250000000000002,0.0,0.0011068576150169,APERIODIC_THROUGH_ORIGIN,,,,15,0.0,0.00031331910043562504,-0.04999999999980263,0.012551753105685803,0,0.00024453253921764026,-6.12274113085976e-06,False,True,False,NOT_EVALUABLE_AT_ZERO,True,False,True,True,PORT_EVALUABLE_AT_ZERO,0.0,-0.04999999999980263,STABLE,0,BOUNDARY_OR_UNRESOLVED,True,2,2,(-0.00042791688304109497+4.438885237102982e-13j),0.16048139380529391,1.0,True,-1.0,79.26898631328339,1.0,-1.0,1.0,5.684341886080802e-14,0.04999999999980263,-1.0,79.05610622586715,1.0,-1.0,1.0,1.5631940186722204e-13,0.04999999999980263,38,38,1.5592908367089266e-10,1,0.00031331910043562504,0.012551753105685803,UNSTABLE,1,UNSTABLE,True,0,2,(0.00012342464571545172+7.898015483401343e-13j),32.85823792788149,1.0,False,1.0,78.02750082617295,1.0,-1.0,-1.0,0.0,0.012551753340594109,1.0,77.8146207431855,1.0,-1.0,-1.0,1.9895196601282805e-13,0.012551753396312943,38,38,3.4429459660500853e-10,1
Kundur,K12A,3+4,0.0002495659754559,1.35,0.0,0.0011716610258436,APERIODIC_THROUGH_ORIGIN,,,,16,0.0,0.00031195746931987503,-0.04999999999980263,0.012618444612439446,0,0.000243253587766218,-6.312387689682024e-06,True,False,False,NOT_EVALUABLE_AT_ZERO,True,False,True,True,PORT_EVALUABLE_AT_ZERO,0.0,-0.04999999999980263,STABLE,0,BOUNDARY_OR_UNRESOLVED,True,0,0,(0.0029753075945469516-2.176469155725988e-12j),7.358995168375049,1.0,False,-1.0,79.298781694902,1.0,-1.0,1.0,8.526512829121202e-14,0.04999999999980263,-1.0,79.08590160879845,1.0,-1.0,1.0,0.0,0.04999999999980263,38,38,3.3940371026266574e-10,2,0.00031195746931987503,0.012618444612439446,UNSTABLE,1,UNSTABLE,True,0,0,(0.0026006803659203467-2.1049569693624287e-12j),6.169255543515407,1.0,False,1.0,78.06122146397858,1.0,-1.0,-1.0,7.105427357601002e-14,0.012618444591817437,1.0,77.84834137643462,1.0,-1.0,-1.0,1.7053025658242404e-13,0.012618444586967642,38,38,1.7673036604885577e-08,2
Kundur,K12A,3+4,0.0002474680505434,1.375,0.0,0.0011635081236177,APERIODIC_THROUGH_ORIGIN,,,,17,0.0,0.00030933506317925,-0.04999999999980263,0.012446629807128245,0,0.00024202120455057887,-5.446845992821141e-06,True,False,True,NOT_EVALUABLE_AT_ZERO,True,False,True,True,PORT_EVALUABLE_AT_ZERO,0.0,-0.04999999999980263,STABLE,0,BOUNDARY_OR_UNRESOLVED,True,0,0,(0.0003625425894913919+7.668210367907524e-14j),0.4558667165441452,1.0,True,-1.0,79.32813227802204,1.0,-1.0,1.0,7.105427357601002e-14,0.04999999999980263,-1.0,79.11525219049723,1.0,-1.0,1.0,8.526512829121202e-14,0.04999999999980263,38,38,8.629624476894906e-10,1,0.00030933506317925,0.012446629807128245,UNSTABLE,1,UNSTABLE,True,0,0,(0.0006663282650878162-1.3777362541325649e-13j),0.18112717923324734,1.0,True,1.0,78.07498905625407,1.0,-1.0,-1.0,4.263256414560601e-14,0.01244662974112028,1.0,77.86210896817693,1.0,-1.0,-1.0,5.684341886080802e-14,0.012446629725489353,38,38,5.190668490745475e-09,2
Kundur,K12A,3+4,0.0002456004874935,1.4,0.0,0.0010321078083577,APERIODIC_THROUGH_ORIGIN,,,,18,0.0,0.000307000609366875,-0.04999999999980264,0.012314078427532578,0,0.0002408328795623729,-4.767607931127101e-06,True,False,False,NOT_EVALUABLE_AT_ZERO,True,False,True,True,PORT_EVALUABLE_AT_ZERO,0.0,-0.04999999999980264,STABLE,0,BOUNDARY_OR_UNRESOLVED,True,0,0,(0.004021528889322149+1.7383685094705947e-12j),5.016871111188878,1.0,False,-1.0,79.35705136586452,1.0,-1.0,1.0,1.4210854715202004e-13,0.04999999999980264,-1.0,79.14417127797762,1.0,-1.0,1.0,9.947598300641403e-14,0.04999999999980264,38,38,7.876124706314262e-10,1,0.000307000609366875,0.012314078427532578,UNSTABLE,1,UNSTABLE,True,0,0,(0.002149083674500365+6.533210116562577e-13j),4.354424620127246,1.0,False,1.0,78.09145878509246,1.0,-1.0,-1.0,1.4210854715202004e-13,0.012314078377988726,1.0,77.8785786970473,1.0,-1.0,-1.0,7.105427357601002e-14,0.012314078366191568,38,38,9.73691651685502e-09,2
Kundur,K12A,3+4,0.0002448880138237,1.425,0.0,0.0011787960401721,APERIODIC_THROUGH_ORIGIN,,,,19,0.0,0.000306110017279625,-0.04999999999980263,0.012434180297269252,0,0.00023968627977466076,-5.201734049039251e-06,True,False,True,NOT_EVALUABLE_AT_ZERO,True,False,True,True,PORT_EVALUABLE_AT_ZERO,0.0,-0.04999999999980263,STABLE,0,BOUNDARY_OR_UNRESOLVED,True,0,0,(0.0006977732106187802-6.374503643289336e-14j),0.5932993097090502,1.0,True,-1.0,79.38555164770581,1.0,-1.0,1.0,1.1368683772161603e-13,0.04999999999980263,-1.0,79.1726715602967,1.0,-1.0,1.0,1.4210854715202004e-14,0.04999999999980263,38,38,2.2785510072562956e-09,1,0.000306110017279625,0.012434180297269252,UNSTABLE,1,UNSTABLE,True,0,0,(0.0008306408750576174-5.015192800243698e-13j),0.3402794146438567,1.0,True,1.0,78.12851696430499,1.0,-1.0,-1.0,1.5631940186722204e-13,0.012434180150493872,1.0,77.91563687526315,1.0,-1.0,-1.0,4.263256414560601e-14,0.012434180115643352,38,38,9.233975521878972e-10,2
Kundur,K12A,3+4,0.0002429199051888,1.4500000000000002,0.0,0.0010940421720225,APERIODIC_THROUGH_ORIGIN,,,,20,0.0,0.000303649881486,-0.04999999999980263,0.012256490161644432,0,0.00023857923688409268,-4.340668304707312e-06,True,False,False,NOT_EVALUABLE_AT_ZERO,True,False,True,True,PORT_EVALUABLE_AT_ZERO,0.0,-0.04999999999980263,STABLE,0,BOUNDARY_OR_UNRESOLVED,True,0,0,(0.0026906427148573877+4.037772584819174e-12j),4.7777476788925375,1.0,False,-1.0,79.41364526230323,1.0,-1.0,1.0,7.105427357601002e-14,0.04999999999980263,-1.0,79.20076517524203,1.0,-1.0,1.0,4.263256414560601e-14,0.04999999999980263,38,38,6.69456710511487e-11,2,0.000303649881486,0.012256490161644432,UNSTABLE,1,UNSTABLE,True,0,0,(0.0020827768449797317+2.4322462582404905e-12j),4.023815423711586,1.0,False,1.0,78.140450212481,1.0,-1.0,-1.0,2.2737367544323206e-13,0.012256490225365188,1.0,77.92757012649272,1.0,-1.0,-1.0,1.4210854715202004e-14,0.01225649024053965,38,38,1.0613749820926758e-09,1
Kundur,K12A,3+4,0.0002418847535995,1.475,0.0,0.0010655010024205,APERIODIC_THROUGH_ORIGIN,,,,21,0.0,0.000302355941999375,-0.04999999999980263,0.012283659087921148,0,0.0002375097287287972,-4.375024870702812e-06,True,False,True,NOT_EVALUABLE_AT_ZERO,True,False,True,True,PORT_EVALUABLE_AT_ZERO,0.0,-0.04999999999980263,STABLE,0,BOUNDARY_OR_UNRESOLVED,True,0,0,(0.00015598821253696115+1.6279142680130288e-13j),0.6554082895580898,1.0,True,-1.0,79.44134381097847,1.0,-1.0,1.0,0.0,0.04999999999980263,-1.0,79.22846372406022,1.0,-1.0,1.0,9.947598300641403e-14,0.04999999999980263,38,38,6.0845950368403095e-09,2,0.000302355941999375,0.012283659087921148,UNSTABLE,1,UNSTABLE,True,0,0,(0.0005919308597758389+2.9347278107857424e-14j),0.1729178669781359,1.0,True,1.0,78.16907654387089,1.0,-1.0,-1.0,7.105427357601002e-14,0.012283659303089276,1.0,77.95619646073439,1.0,-1.0,-1.0,1.4210854715202004e-13,0.012283659354247804,38,38,9.921830823829492e-10,1
Kundur,K12A,3+4,0.0002420215053846,1.5,0.0,0.0011076739697318,APERIODIC_THROUGH_ORIGIN,,,,22,0.0,0.00030252688173075,-0.04999999999980264,0.01257546142186118,0,0.00023647586997715497,-5.545635407445032e-06,True,True,True,EVALUABLE_AT_ZERO,True,False,True,True,PORT_EVALUABLE_AT_ZERO,0.0,-0.04999999999980264,STABLE,0,BOUNDARY_OR_UNRESOLVED,True,0,0,(0.00039271976676416256-2.5801461119544233e-13j),5.348910111397796,1.0,True,-1.0,79.46865840932205,1.0,-1.0,1.0,4.263256414560601e-14,0.04999999999980264,-1.0,79.25577832253124,1.0,-1.0,1.0,1.4210854715202004e-13,0.04999999999980264,38,38,3.1879208977104288e-09,2,0.00030252688173075,0.01257546142186118,UNSTABLE,1,UNSTABLE,True,0,0,(-0.002074589137326442+1.2738406995351469e-12j),3.046425578179278,1.0,True,1.0,78.2191762231481,1.0,-1.0,-1.0,1.7053025658242404e-13,0.012575461352366403,1.0,78.00629613473544,1.0,-1.0,-1.0,3.126388037344441e-13,0.012575461335862142,38,38,9.946498174940688e-09,2
Kundur,K12A,3+4,0.0002410295275816,1.525,0.0,0.0011246185682855,APERIODIC_THROUGH_ORIGIN,,,,23,0.0,0.000301286909477,-0.04999999999980263,0.012597312886241743,0,0.00023547589952949044,-5.553628052109552e-06,True,False,True,NOT_EVALUABLE_AT_ZERO,True,False,True,True,PORT_EVALUABLE_AT_ZERO,0.0,-0.04999999999980263,STABLE,0,BOUNDARY_OR_UNRESOLVED,True,0,0,(0.0011535646839300406+2.201247360345316e-12j),0.7913314696080809,1.0,True,-1.0,79.49559970340341,1.0,-1.0,1.0,4.263256414560601e-14,0.04999999999980263,-1.0,79.28271961672236,1.0,-1.0,1.0,2.1316282072803006e-13,0.04999999999980263,38,38,4.6334727852347195e-12,2,0.000301286909477,0.012597312886241743,UNSTABLE,1,UNSTABLE,True,0,0,(0.0010863127859614512+2.1557207694337705e-12j),0.5689055278786823,1.0,True,1.0,78.24660938337784,1.0,-1.0,-1.0,1.5631940186722204e-13,0.012597312962847058,1.0,78.03372929782293,1.0,-1.0,-1.0,1.8474111129762605e-13,0.012597312981035733,38,38,5.3437884345447284e-09,1
Kundur,K12A,3+4,0.0002396350590667,1.55,0.0,0.0011421312015695,APERIODIC_THROUGH_ORIGIN,,,,24,0.0,0.000299543823833375,-0.04999999999980263,0.01251632015465338,0,0.00023450817154604828,-5.126887520651716e-06,False,True,False,NOT_EVALUABLE_AT_ZERO,True,False,True,True,PORT_EVALUABLE_AT_ZERO,0.0,-0.04999999999980263,STABLE,0,BOUNDARY_OR_UNRESOLVED,True,0,2,(-0.00030607725203910387+2.4485123206646254e-12j),8.871166719976896,1.0,False,-1.0,79.52217788780935,1.0,-1.0,1.0,5.684341886080802e-14,0.04999999999980263,-1.0,79.30929780241803,1.0,-1.0,1.0,7.105427357601002e-14,0.04999999999980263,38,38,1.4972046605473078e-09,0,0.000299543823833375,0.01251632015465338,UNSTABLE,1,UNSTABLE,True,0,2,(8.710860707099077e-05+2.113575483860962e-12j),19.66717373295058,1.0,False,1.0,78.26530608415531,1.0,-1.0,-1.0,1.4210854715202004e-14,0.012516320418533138,1.0,78.05242600086281,1.0,-1.0,-1.0,9.947598300641403e-14,0.012516320481171683,38,38,6.405536664649048e-09,1
Kundur,K12A,3+4,0.0002387325534234,1.575,0.0,0.0010202468000038,APERIODIC_THROUGH_ORIGIN,,,,25,0.0,0.00029841569177925,-0.04999999999980263,0.012543152932369734,0,0.00023357114537457546,-5.161408048824547e-06,True,False,True,NOT_EVALUABLE_AT_ZERO,True,False,True,True,PORT_EVALUABLE_AT_ZERO,0.0,-0.04999999999980263,STABLE,0,BOUNDARY_OR_UNRESOLVED,True,0,0,(0.0013839069684470108-8.061598827218948e-13j),1.0883990697680175,1.0,True,-1.0,79.54840274191834,1.0,-1.0,1.0,2.842170943040401e-14,0.04999999999980263,-1.0,79.33552265482751,1.0,-1.0,1.0,5.684341886080802e-14,0.04999999999980263,38,38,7.854879747119347e-09,1,0.00029841569177925,0.012543152932369734,UNSTABLE,1,UNSTABLE,True,0,0,(0.0008375179032342298-2.298780941584888e-13j),0.8063516435371717,1.0,True,1.0,78.29249578370101,1.0,-1.0,-1.0,1.2789769243681803e-13,0.012543152888969051,1.0,78.07961569574546,1.0,-1.0,-1.0,0.0,0.012543152878682556,38,38,7.453705231982443e-09,2
Kundur,K12A,3+4,0.0002377057413104,1.6,0.0,0.0011554204932565,APERIODIC_THROUGH_ORIGIN,,,,26,0.0,0.000297132176638,-0.04999999999980263,0.012533120459961522,0,0.00023266337665639404,-5.042364654005962e-06,False,True,False,NOT_EVALUABLE_AT_ZERO,True,False,True,True,PORT_EVALUABLE_AT_ZERO,0.0,-0.04999999999980263,STABLE,0,BOUNDARY_OR_UNRESOLVED,True,0,2,(-0.0002859065334863591-2.1347966187228e-12j),17.9966696955455,1.0,False,-1.0,79.57428367272888,1.0,-1.0,1.0,5.684341886080802e-14,0.04999999999980263,-1.0,79.36140358724602,1.0,-1.0,1.0,7.105427357601002e-14,0.04999999999980263,38,38,3.6054361251413175e-10,0,0.000297132176638,0.012533120459961522,UNSTABLE,1,UNSTABLE,True,0,2,(8.16317009471243e-05-2.8285514121900723e-12j),82.79383628809167,1.0,False,1.0,78.31635016387996,1.0,-1.0,-1.0,1.4210854715202004e-14,0.012533120576500254,1.0,78.10347007932117,1.0,-1.0,-1.0,1.4210854715202004e-13,0.012533120604196183,38,38,2.1328426423450413e-09,1
Kundur,K12A,3+4,0.0002369722376008,1.625,0.0,0.0011630751393199,APERIODIC_THROUGH_ORIGIN,,,,27,0.0,0.000296215297001,-0.04999999999980263,0.012585973714847652,0,0.00023178351067983344,-5.188726920966555e-06,True,False,True,NOT_EVALUABLE_AT_ZERO,True,False,True,True,PORT_EVALUABLE_AT_ZERO,0.0,-0.04999999999980263,STABLE,0,BOUNDARY_OR_UNRESOLVED,True,0,0,(0.000784345248395631+9.739916949869993e-14j),1.2165964008046632,1.0,True,-1.0,79.5998296787819,1.0,-1.0,1.0,8.526512829121202e-14,0.04999999999980263,-1.0,79.38694959284511,1.0,-1.0,1.0,7.105427357601002e-14,0.04999999999980263,38,38,1.20565385694233e-09,0,0.000296215297001,0.012585973714847652,UNSTABLE,1,UNSTABLE,True,0,0,(0.0011016884233632394+8.553836968505147e-15j),0.8344095119079575,1.0,True,1.0,78.34503259605314,1.0,-1.0,-1.0,1.4210854715202004e-14,0.01258597362380999,1.0,78.13215250776736,1.0,-1.0,-1.0,1.4210854715202004e-14,0.01258597360225093,38,38,1.0312597065360862e-09,2
Kundur,K12A,3+4,0.0002367846358619,1.65,0.0,0.0011917801586359,APERIODIC_THROUGH_ORIGIN,,,,28,0.0,0.000295980794827375,-0.04999999999980263,0.012763683559013365,0,0.00023093027648320922,-5.854359378690776e-06,True,False,True,NOT_EVALUABLE_AT_ZERO,True,False,True,True,PORT_EVALUABLE_AT_ZERO,0.0,-0.04999999999980263,STABLE,0,BOUNDARY_OR_UNRESOLVED,True,0,0,(0.0006602930721601986+2.604710694229179e-13j),0.5828455729939666,1.0,True,-1.0,79.62504942223953,1.0,-1.0,1.0,7.105427357601002e-14,0.04999999999980263,-1.0,79.41216933417132,1.0,-1.0,1.0,2.842170943040401e-14,0.04999999999980263,38,38,1.3187929052028025e-09,1,0.000295980794827375,0.012763683559013365,UNSTABLE,1,UNSTABLE,True,0,0,(0.0006653720873629186+2.623410600371647e-13j),0.3662896169429962,1.0,True,1.0,78.38347704999747,1.0,-1.0,-1.0,1.1368683772161603e-13,0.012763683567018652,1.0,78.17059696299353,1.0,-1.0,-1.0,7.105427357601002e-14,0.01276368356892124,38,38,5.796145629603425e-08,1
Kundur,K12A,3+4,0.0002354353041543,1.675,0.0,0.0011422970430873,APERIODIC_THROUGH_ORIGIN,,,,29,0.0,0.000294294130192875,-0.04999999999980263,0.01265573591836156,0,0.00023010247707174923,-5.3328270825507855e-06,True,False,True,NOT_EVALUABLE_AT_ZERO,True,False,True,True,PORT_EVALUABLE_AT_ZERO,0.0,-0.04999999999980263,STABLE,0,BOUNDARY_OR_UNRESOLVED,True,0,0,(0.0006370682393700127-1.4924692525593953e-13j),1.2143587699562448,1.0,True,-1.0,79.64995123892834,1.0,-1.0,1.0,8.526512829121202e-14,0.04999999999980263,-1.0,79.43707115011897,1.0,-1.0,1.0,2.842170943040401e-14,0.04999999999980263,38,38,1.880639916257247e-10,1,0.000294294130192875,0.01265573591836156,UNSTABLE,1,UNSTABLE,True,0,0,(0.0010164684707232054+3.903405143769912e-13j),0.7997225108917405,1.0,True,1.0,78.3985356692996,1.0,-1.0,-1.0,2.842170943040401e-14,0.01265573592179476,1.0,78.18565558293353,1.0,-1.0,-1.0,1.1368683772161603e-13,0.012655735922613095,38,38,1.886772517056067e-09,1
Kundur,K12A,3+4,0.0002343137100494,1.7000000000000002,0.0,0.0011415440458787,APERIODIC_THROUGH_ORIGIN,,,,30,0.0,0.00029289213756174997,-0.04999999999980263,0.012595621997046738,0,0.00022929898930555118,-5.014720743848816e-06,False,True,False,NOT_EVALUABLE_AT_ZERO,True,False,True,True,PORT_EVALUABLE_AT_ZERO,0.0,-0.04999999999980263,STABLE,0,BOUNDARY_OR_UNRESOLVED,True,0,2,(-0.00015063868980322894+6.644101772663308e-13j),86.84859348516397,1.0,False,-1.0,79.67454313876492,1.0,-1.0,1.0,1.5631940186722204e-13,0.04999999999980263,-1.0,79.46166305123478,1.0,-1.0,1.0,0.0,0.04999999999980263,38,38,2.208994350062592e-09,1,0.00029289213756174997,0.012595621997046738,UNSTABLE,1,UNSTABLE,True,0,2,(0.00021189855488144287+1.453039674258888e-12j),85.83417357207748,1.0,False,1.0,78.41713889891119,1.0,-1.0,-1.0,1.4210854715202004e-14,0.012595621983126616,1.0,78.2042588112483,1.0,-1.0,-1.0,5.684341886080802e-14,0.012595621979799026,38,38,2.198554010187818e-08,2
Kundur,K12A,3+4,0.0002326842786795,1.725,0.0,0.0011477120882169,APERIODIC_THROUGH_ORIGIN,,,,31,0.0,0.00029085534834937503,-0.04999999999980263,0.012404847391074383,0,0.00022851875291867455,-4.165525760825459e-06,True,False,True,NOT_EVALUABLE_AT_ZERO,True,False,True,True,PORT_EVALUABLE_AT_ZERO,0.0,-0.04999999999980263,STABLE,0,BOUNDARY_OR_UNRESOLVED,True,0,0,(-0.0007159964586401032+3.1625371207794615e-14j),0.2791380467609573,1.0,True,-1.0,79.69883281692984,1.0,-1.0,1.0,2.842170943040401e-14,0.04999999999980263,-1.0,79.48595272859463,1.0,-1.0,1.0,2.842170943040401e-14,0.04999999999980263,38,38,1.483494534111401e-09,1,0.00029085534834937503,0.012404847391074383,UNSTABLE,1,UNSTABLE,True,0,0,(-0.000628867961396724-1.048215359387354e-13j),0.46911462109366014,1.0,True,1.0,78.42470707878108,1.0,-1.0,-1.0,1.4210854715202004e-14,0.012404847516694465,1.0,78.21182699371384,1.0,-1.0,-1.0,1.1368683772161603e-13,0.012404847546469191,38,38,1.41506806741885e-09,1
Kundur,K12A,3+4,0.0002323646829204,1.75,0.0,0.0010561853303688,APERIODIC_THROUGH_ORIGIN,,,,32,0.0,0.0002904558536505,-0.04999999999980263,0.012527536937791928,0,0.00022776077067666683,-4.603912243733186e-06,False,True,False,NOT_EVALUABLE_AT_ZERO,True,False,True,True,PORT_EVALUABLE_AT_ZERO,0.0,-0.04999999999980263,STABLE,0,BOUNDARY_OR_UNRESOLVED,True,2,2,(-0.00023654845809610136-4.4338807549570645e-13j),0.24523569284243887,1.0,True,-1.0,79.72282770564242,1.0,-1.0,1.0,2.842170943040401e-14,0.04999999999980263,-1.0,79.50994761961282,1.0,-1.0,1.0,7.105427357601002e-14,0.04999999999980263,38,38,2.2329287842106185e-10,0,0.0002904558536505,0.012527536937791928,UNSTABLE,1,UNSTABLE,True,0,2,(6.69099979439956e-05-2.6797998820942684e-12j),20.55276368725746,1.0,False,1.0,78.45772451773699,1.0,-1.0,-1.0,1.7053025658242404e-13,0.012527537042129633,1.0,78.2448444320331,1.0,-1.0,-1.0,9.947598300641403e-14,0.012527537066926336,38,38,9.616865721836463e-09,1
Kundur,K12A,3+4,0.000232209155931,1.775,0.0,0.0011470401936831,APERIODIC_THROUGH_ORIGIN,,,,33,0.0,0.00029026144491375,-0.04999999999980263,0.01268596813047038,0,0.00022702409861436444,-5.185057316635567e-06,False,True,True,NOT_EVALUABLE_AT_ZERO,True,False,True,True,PORT_EVALUABLE_AT_ZERO,0.0,-0.04999999999980263,STABLE,0,BOUNDARY_OR_UNRESOLVED,True,2,0,(6.263761403016123e-05-1.5419126737438763e-13j),4.895800118895479,1.0,True,-1.0,79.74653492981784,1.0,-1.0,1.0,2.842170943040401e-14,0.04999999999980263,-1.0,79.53365484189351,1.0,-1.0,1.0,4.263256414560601e-14,0.04999999999980263,38,38,3.160367374632658e-09,1,0.00029026144491375,0.01268596813047038,UNSTABLE,1,UNSTABLE,True,0,0,(-0.0006963884467272412+1.2709596897597826e-13j),1.1494711335666983,1.0,True,1.0,78.49326651176732,1.0,-1.0,-1.0,1.5631940186722204e-13,0.012685968122947724,1.0,78.2803864246241,1.0,-1.0,-1.0,1.1368683772161603e-13,0.012685968121177463,38,38,3.603813233176925e-08,2
Kundur,K12A,3+4,0.0002299911351615,1.8,0.0,0.0010799301298362,APERIODIC_THROUGH_ORIGIN,,,,34,0.0,0.000287488918951875,-0.04999999999980263,0.012330394490318019,0,0.00022630784936772925,-3.683285793770741e-06,False,True,False,NOT_EVALUABLE_AT_ZERO,True,False,True,True,PORT_EVALUABLE_AT_ZERO,0.0,-0.04999999999980263,STABLE,0,BOUNDARY_OR_UNRESOLVED,True,0,2,(-0.000223072108174835-2.99331279968984e-12j),10.997295249919599,1.0,False,-1.0,79.76996139793795,1.0,-1.0,1.0,1.2789769243681803e-13,0.04999999999980263,-1.0,79.55708131108092,1.0,-1.0,1.0,5.684341886080802e-14,0.04999999999980263,38,38,1.0659281858462318e-09,2,0.000287488918951875,0.012330394490318019,UNSTABLE,1,UNSTABLE,True,0,2,(6.141776227478344e-05-4.415774812828227e-12j),52.43647718343144,1.0,False,1.0,78.48656043465965,1.0,-1.0,-1.0,2.1316282072803006e-13,0.012330394596088826,1.0,78.27368034946664,1.0,-1.0,-1.0,2.2737367544323206e-13,0.012330394621179125,38,38,6.331729085745237e-09,1
Kundur,K12A,3+4,0.0002301320967833,1.825,0.0,0.0011194726153495,APERIODIC_THROUGH_ORIGIN,,,,35,0.0,0.000287665120979125,-0.04999999999980263,0.012552297364814956,0,0.00022561118208081214,-4.520914702487843e-06,False,True,False,NOT_EVALUABLE_AT_ZERO,True,False,True,True,PORT_EVALUABLE_AT_ZERO,0.0,-0.04999999999980263,STABLE,0,BOUNDARY_OR_UNRESOLVED,True,0,2,(-0.00021662439654189514-7.816614948014176e-13j),11.717736703704308,1.0,False,-1.0,79.79311374203354,1.0,-1.0,1.0,7.105427357601002e-14,0.04999999999980263,-1.0,79.58023365526633,1.0,-1.0,1.0,5.684341886080802e-14,0.04999999999980263,38,38,1.7736415524644876e-09,2,0.000287665120979125,0.012552297364814956,UNSTABLE,1,UNSTABLE,True,0,2,(6.078616147898887e-05-6.885929933214295e-13j),60.184611504125655,1.0,False,1.0,78.52697662178844,1.0,-1.0,-1.0,5.684341886080802e-14,0.012552297314625949,1.0,78.3140965341916,1.0,-1.0,-1.0,1.4210854715202004e-14,0.012552297302702686,38,38,8.681701157082285e-09,2
Kundur,K12A,3+4,0.00023064933368,1.85,0.0,0.0012385007455175,APERIODIC_THROUGH_ORIGIN,,,,36,0.0,0.0002883116671,-0.04999999999980263,0.012864541908645345,0,0.00022493330191819606,-5.7160317618039456e-06,True,False,True,NOT_EVALUABLE_AT_ZERO,True,False,True,True,PORT_EVALUABLE_AT_ZERO,0.0,-0.04999999999980263,STABLE,0,BOUNDARY_OR_UNRESOLVED,True,0,0,(0.0001354047023411692-2.2187021187908974e-13j),0.8390875659373226,1.0,True,-1.0,79.81599836782657,1.0,-1.0,1.0,5.684341886080802e-14,0.04999999999980263,-1.0,79.60311828196151,1.0,-1.0,1.0,4.263256414560601e-14,0.04999999999980263,38,38,1.1461366685718741e-09,0,0.0002883116671,0.012864541908645345,UNSTABLE,1,UNSTABLE,True,0,0,(0.0003071304326162732-5.083019466950294e-14j),0.26391983543608316,1.0,True,1.0,78.57404338734747,1.0,-1.0,-1.0,0.0,0.012864542061923294,1.0,78.36116330266815,1.0,-1.0,-1.0,4.263256414560601e-14,0.012864542098251434,38,38,2.135402781905983e-09,1
Kundur,K12A,3+4,0.0002278600756027,1.875,0.0,0.0011284607974623,APERIODIC_THROUGH_ORIGIN,,,,37,0.0,0.000284825094503375,-0.04999999999980263,0.012347144220753234,0,0.0002242734566739894,-3.586618928710586e-06,True,False,True,NOT_EVALUABLE_AT_ZERO,True,False,True,True,PORT_EVALUABLE_AT_ZERO,0.0,-0.04999999999980263,STABLE,0,BOUNDARY_OR_UNRESOLVED,True,0,0,(0.00039610012744244937+1.0970470618476574e-14j),0.4418231256940045,1.0,True,-1.0,79.83862144509106,1.0,-1.0,1.0,9.947598300641403e-14,0.04999999999980263,-1.0,79.62574135703221,1.0,-1.0,1.0,1.4210854715202004e-14,0.04999999999980263,38,38,1.7038543563519751e-09,1,0.000284825094503375,0.012347144220753234,UNSTABLE,1,UNSTABLE,True,0,0,(0.0003181762275594666-3.978130799070083e-14j),0.2396353225085812,1.0,True,1.0,78.55368246857392,1.0,-1.0,-1.0,4.263256414560601e-14,0.012347143970808895,1.0,78.34080237771259,1.0,-1.0,-1.0,7.105427357601002e-14,0.01234714391144899,38,38,1.2599580256536904e-08,2
Kundur,K12A,3+4,0.000228428137618,1.9,0.0,0.0012398612288891,APERIODIC_THROUGH_ORIGIN,,,,38,0.0,0.0002855351720225,-0.04999999999980263,0.012664391019081124,0,0.00022363093425115663,-4.797203366843373e-06,False,False,False,NOT_EVALUABLE_AT_ZERO,True,False,True,True,PORT_EVALUABLE_AT_ZERO,0.0,-0.04999999999980263,STABLE,0,BOUNDARY_OR_UNRESOLVED,True,0,2,(-0.0001662939408445343+9.980169326324808e-13j),16.08769783677222,1.0,False,-1.0,79.86098896091563,1.0,-1.0,1.0,4.263256414560601e-14,0.04999999999980263,-1.0,79.64810887326185,1.0,-1.0,1.0,7.105427357601002e-14,0.04999999999980263,38,38,3.4661370560578383e-09,1,0.0002855351720225,0.012664391019081124,UNSTABLE,1,UNSTABLE,True,0,2,(-0.0003363181211553142-1.9142237274449858e-11j),96.10872386873808,1.0,False,1.0,78.60107093151082,1.0,-1.0,-1.0,1.4210854715202004e-14,0.012664390758161581,1.0,78.38819084014597,1.0,-1.0,-1.0,1.5631940186722204e-13,0.01266439069627131,38,38,2.5003481325593536e-09,2
Kundur,K12A,3+4,0.0002268809741104,1.925,0.0,0.0010048152894583,APERIODIC_THROUGH_ORIGIN,,,,39,0.0,0.000283601217638,-0.04999999999980263,0.012446047756208051,0,0.00022300505846233114,-3.875915648068868e-06,False,False,True,NOT_EVALUABLE_AT_ZERO,True,False,True,True,PORT_EVALUABLE_AT_ZERO,0.0,-0.04999999999980263,STABLE,0,BOUNDARY_OR_UNRESOLVED,True,2,0,(7.819587245950792e-06+6.925919533647687e-14j),8.148773416262731,1.0,True,-1.0,79.88310667029643,1.0,-1.0,1.0,5.684341886080802e-14,0.04999999999980263,-1.0,79.6702265826024,1.0,-1.0,1.0,1.4210854715202004e-13,0.04999999999980263,38,38,5.650207847204673e-08,1,0.000283601217638,0.012446047756208051,UNSTABLE,1,UNSTABLE,True,0,0,(0.0003662105139864804-1.1858907965560763e-14j),0.27049977761742333,1.0,True,1.0,78.60446994211432,1.0,-1.0,-1.0,1.2789769243681803e-13,0.012446047888740522,1.0,78.39158985705919,1.0,-1.0,-1.0,1.4210854715202004e-13,0.012446047920165607,38,38,1.0372004536985811e-08,1
Kundur,K12A,3+4,0.0002278990879292,1.95,0.0,0.001102763844057,APERIODIC_THROUGH_ORIGIN,,,,40,0.0,0.0002848738599115,-0.04999999999980264,0.012870905766875993,0,0.0002223951899376371,-5.503897991562882e-06,True,False,True,NOT_EVALUABLE_AT_ZERO,True,False,True,True,PORT_EVALUABLE_AT_ZERO,0.0,-0.04999999999980264,STABLE,0,BOUNDARY_OR_UNRESOLVED,True,0,0,(0.0006026649071265275+3.60783150922391e-13j),1.273062503181305,1.0,True,-1.0,79.9049801494081,1.0,-1.0,1.0,5.684341886080802e-14,0.04999999999980264,-1.0,79.69210006182375,1.0,-1.0,1.0,5.684341886080802e-14,0.04999999999980264,38,38,4.319907946267185e-08,1,0.0002848738599115,0.012870905766875993,UNSTABLE,1,UNSTABLE,True,0,0,(0.001146019474205483+1.8331442003500598e-13j),0.9239001689126063,1.0,True,1.0,78.6597831404699,1.0,-1.0,-1.0,5.684341886080802e-14,0.01287090580784195,1.0,78.4469030541949,1.0,-1.0,-1.0,1.2789769243681803e-13,0.012870905817534478,38,38,4.4153613699414605e-09,1
Kundur,K12A,3+4,0.0002268580617641,1.975,0.0,0.0010870944737362,APERIODIC_THROUGH_ORIGIN,,,,41,0.0,0.000283572577205125,-0.04999999999980264,0.012771697699405782,0,0.00022180071938100547,-5.057342383094521e-06,True,False,True,NOT_EVALUABLE_AT_ZERO,True,False,True,True,PORT_EVALUABLE_AT_ZERO,0.0,-0.04999999999980264,STABLE,0,BOUNDARY_OR_UNRESOLVED,True,0,0,(0.00034782016870493125-3.4383948225748517e-13j),1.5472142541566438,1.0,True,-1.0,79.92661477212792,1.0,-1.0,1.0,8.526512829121202e-14,0.04999999999980264,-1.0,79.71373468516437,1.0,-1.0,1.0,1.7053025658242404e-13,0.04999999999980264,38,38,1.2736487326485339e-09,2,0.000283572577205125,0.012771697699405782,UNSTABLE,1,UNSTABLE,True,0,0,(0.0009233459200804027-1.2212874064139424e-12j),0.955650615980671,1.0,True,1.0,78.67260644806021,1.0,-1.0,-1.0,8.526512829121202e-14,0.01277169790757218,1.0,78.45972636393219,1.0,-1.0,-1.0,4.263256414560601e-14,0.012771697956916978,38,38,7.30512133097158e-09,1
Kundur,K12A,3+4,0.000224872157107,2.0,0.0,0.0010372441741899,APERIODIC_THROUGH_ORIGIN,,,,42,0.0,0.00028109019638375,-0.04999999999980263,0.012426709293188534,0,0.00022122106970034452,-3.6510874066554772e-06,True,False,True,NOT_EVALUABLE_AT_ZERO,True,False,True,True,PORT_EVALUABLE_AT_ZERO,0.0,-0.04999999999980263,STABLE,0,BOUNDARY_OR_UNRESOLVED,True,0,0,(0.0009647469945404984-4.1895594998331114e-13j),3.307064166605168,1.0,True,-1.0,79.94801574235107,1.0,-1.0,1.0,8.526512829121202e-14,0.04999999999980263,-1.0,79.73513565502992,1.0,-1.0,1.0,9.947598300641403e-14,0.04999999999980263,38,38,2.0732890617588824e-08,1,0.00028109019638375,0.012426709293188534,UNSTABLE,1,UNSTABLE,True,0,0,(0.0012359630167410771+3.5998427952736375e-13j),2.679337395306141,1.0,True,1.0,78.6651265749066,1.0,-1.0,-1.0,1.2789769243681803e-13,0.01242670920433436,1.0,78.45224648647525,1.0,-1.0,-1.0,1.2789769243681803e-13,0.012426709183268433,38,38,2.253097811552823e-09,2
Kundur,K12A,3+4,0.0003681711082915,0.5,0.0,0.0011309409507113,APERIODIC_THROUGH_ORIGIN,,,,43,0.0,0.000460213885364375,-0.04999999999980263,0.011520596326759789,0,0.0003602033884914391,-7.967719800060864e-06,True,False,True,NOT_EVALUABLE_AT_ZERO,True,False,True,True,PORT_EVALUABLE_AT_ZERO,0.0,-0.04999999999980263,STABLE,0,BOUNDARY_OR_UNRESOLVED,True,0,0,(0.012863092841012249-2.9553746602739572e-12j),2.452357936205813,1.0,True,-1.0,77.88391143802745,1.0,-1.0,1.0,1.9895196601282805e-13,0.04999999999980263,-1.0,77.67103135066753,1.0,-1.0,1.0,7.105427357601002e-14,0.04999999999980263,38,38,5.290246172200272e-09,1,0.000460213885364375,0.011520596326759789,UNSTABLE,1,UNSTABLE,True,0,0,(0.01825727574392997-1.0488373949728291e-13j),1.7999441283179825,1.0,True,1.0,76.64181911774517,1.0,-1.0,-1.0,9.947598300641403e-14,0.01152059634773238,1.0,76.42893903075932,1.0,-1.0,-1.0,1.2789769243681803e-13,0.01152059635265575,38,38,1.1718290330598339e-07,1
Kundur,K12A,2+3+4,0.0009150873550162,0.5,0.0,0.0010570358411617,APERIODIC_THROUGH_ORIGIN,,,,44,0.0,0.00114385919377025,-0.04999999999980263,0.01237101848006565,0,0.0008947701122317346,-2.031724278446544e-05,True,True,True,EVALUABLE_AT_ZERO,True,False,True,True,PORT_EVALUABLE_AT_ZERO,0.0,-0.04999999999980263,STABLE,0,BOUNDARY_OR_UNRESOLVED,True,0,0,(-0.004178040481054422-3.798932637921488e-13j),1.4506415359995235,1.0,True,-1.0,76.7505809257155,1.0,-1.0,1.0,1.4210854715202004e-14,0.04999999999980263,-1.0,76.41555906650154,1.0,-1.0,1.0,3.836930773104541e-13,0.04999999999980263,41,41,4.952742365075189e-09,0,0.00114385919377025,0.01237101848006565,UNSTABLE,1,UNSTABLE,True,0,0,(0.012726375257571691-7.574357401051238e-13j),1.8536650917694595,1.0,True,1.0,75.77031214638124,1.0,-1.0,-1.0,3.268496584496461e-13,0.01237101861606134,1.0,75.43529028825755,1.0,-1.0,-1.0,1.2789769243681803e-13,0.012371018670148276,41,41,3.2058844885657503e-08,1
Kundur,K12A,3+4,0.0003607855906658,0.525,0.0,0.0011456744832084,APERIODIC_THROUGH_ORIGIN,,,,45,0.0,0.00045098198833224995,-0.04999999999980264,0.011828083033671569,0,0.0003511571796302473,-9.628411035552677e-06,False,True,True,NOT_EVALUABLE_AT_ZERO,True,False,True,True,PORT_EVALUABLE_AT_ZERO,0.0,-0.04999999999980264,STABLE,0,BOUNDARY_OR_UNRESOLVED,True,2,0,(-0.0009071389240489882+1.803602659153277e-12j),1.7082897508743444,1.0,True,-1.0,77.94450214419003,1.0,-1.0,1.0,2.842170943040401e-14,0.04999999999980264,-1.0,77.73162205841226,1.0,-1.0,1.0,1.2789769243681803e-13,0.04999999999980264,38,38,1.6949917769982865e-09,2,0.00045098198833224995,0.011828083033671569,UNSTABLE,1,UNSTABLE,True,0,0,(0.009412882365680957-1.6500000904769011e-12j),0.5885065103685333,1.0,True,1.0,76.72520529403204,1.0,-1.0,-1.0,7.105427357601002e-14,0.01182808315141438,1.0,76.51232520904072,1.0,-1.0,-1.0,0.0,0.011828083179386321,38,38,1.3515950075677834e-09,1
Kundur,K12A,2+3+4,0.0009001773757497,0.525,0.0,0.0011437906204955,APERIODIC_THROUGH_ORIGIN,,,,46,0.0,0.001125221719687125,-0.04999999999980263,0.01226239662399953,0,0.0008824845716487036,-1.7692804100996324e-05,False,False,True,NOT_EVALUABLE_AT_ZERO,True,False,True,True,PORT_EVALUABLE_AT_ZERO,0.0,-0.04999999999980263,STABLE,0,BOUNDARY_OR_UNRESOLVED,True,2,0,(0.0002645714055876247+5.325962705612881e-13j),2.8356918474230306,1.0,True,-1.0,76.7880350672184,1.0,-1.0,1.0,2.4158453015843406e-13,0.04999999999980263,-1.0,76.45301320586036,1.0,-1.0,1.0,4.121147867408581e-13,0.04999999999980263,41,41,1.5381611761375248e-08,1,0.001125221719687125,0.01226239662399953,UNSTABLE,1,UNSTABLE,True,0,0,(0.002964085952865141-5.985769965659879e-13j),0.5839886410799678,1.0,True,1.0,75.7895543001754,1.0,-1.0,-1.0,2.2737367544323206e-13,0.012262396457119908,1.0,75.45453243452985,1.0,-1.0,-1.0,6.679101716144942e-13,0.01226239639072236,41,41,8.060549241565912e-08,2
Kundur,K12A,3+4,0.0003507551363307,0.55,0.0,0.0011166311005209,APERIODIC_THROUGH_ORIGIN,,,,47,0.0,0.000438443920413375,-0.04999999999980263,0.01162934250591978,0,0.0003429713154519656,-7.783820878734375e-06,True,True,True,EVALUABLE_AT_ZERO,True,False,True,True,PORT_EVALUABLE_AT_ZERO,0.0,-0.04999999999980263,STABLE,0,BOUNDARY_OR_UNRESOLVED,True,0,0,(-0.0008659460229286575-6.129524092422924e-13j),0.8925673500254493,1.0,True,-1.0,78.00320134180429,1.0,-1.0,1.0,0.0,0.04999999999980263,-1.0,77.79032125554107,1.0,-1.0,1.0,9.947598300641403e-14,0.04999999999980263,38,38,4.549721413266352e-10,2,0.000438443920413375,0.01162934250591978,UNSTABLE,1,UNSTABLE,True,0,0,(0.002862582214590477+7.608313799941854e-13j),0.2616660768376159,1.0,True,1.0,76.76185636148567,1.0,-1.0,-1.0,1.4210854715202004e-13,0.011629342531853352,1.0,76.54897627512361,1.0,-1.0,-1.0,2.842170943040401e-14,0.011629342537992865,38,38,1.1026593353232945e-08,1
Kundur,K12A,2+3+4,0.0008889430643628,0.55,0.0,0.0010626030742527,APERIODIC_THROUGH_ORIGIN,,,,48,0.0,0.0011111788304535,-0.04999999999980263,0.012305422659910914,0,0.0008713392216561863,-1.7603842706613733e-05,True,False,True,NOT_EVALUABLE_AT_ZERO,True,False,True,True,PORT_EVALUABLE_AT_ZERO,0.0,-0.04999999999980263,STABLE,0,BOUNDARY_OR_UNRESOLVED,True,0,0,(0.0004841768533995019+9.702013485441872e-14j),0.9673681213424531,1.0,True,-1.0,76.82413690004857,1.0,-1.0,1.0,9.947598300641403e-14,0.04999999999980263,-1.0,76.48911503947716,1.0,-1.0,1.0,3.694822225952521e-13,0.04999999999980263,41,41,9.974671375390549e-09,2,0.0011111788304535,0.012305422659910914,UNSTABLE,1,UNSTABLE,True,0,0,(0.0030641471990345507+4.4130485161617775e-13j),0.3376619323271216,1.0,True,1.0,75.82143764508083,1.0,-1.0,-1.0,8.526512829121202e-13,0.012305422800916198,1.0,75.48641578783386,1.0,-1.0,-1.0,2.1316282072803006e-13,0.012305422857068295,41,41,4.193724856988818e-09,1
Kundur,K12A,3+4,0.0003427411777536,0.575,0.0,0.0010237006853433,APERIODIC_THROUGH_ORIGIN,,,,49,0.0,0.000428426472192,-0.04999999999980263,0.01160672567238046,0,0.0003355271403519501,-7.2140374016499355e-06,True,False,True,NOT_EVALUABLE_AT_ZERO,True,False,True,True,PORT_EVALUABLE_AT_ZERO,0.0,-0.04999999999980263,STABLE,0,BOUNDARY_OR_UNRESOLVED,True,0,0,(0.0023853378040845927-1.0839343364324179e-13j),0.45608245371804923,1.0,True,-1.0,78.06012909682546,1.0,-1.0,1.0,1.4210854715202004e-14,0.04999999999980263,-1.0,77.84724900953367,1.0,-1.0,1.0,5.684341886080802e-14,0.04999999999980263,38,38,1.3456663056573312e-08,1,0.000428426472192,0.01160672567238046,UNSTABLE,1,UNSTABLE,True,0,0,(0.0026039510943408456+6.703496569957727e-13j),0.1521671330610605,1.0,True,1.0,76.81255873759142,1.0,-1.0,-1.0,7.105427357601002e-14,0.01160672557238365,1.0,76.59967864879464,1.0,-1.0,-1.0,9.947598300641403e-14,0.011606725548645358,38,38,1.7774408422530086e-08,2
Kundur,K12A,2+3+4,0.000878228617237,0.575,0.0,0.0010625195331205,APERIODIC_THROUGH_ORIGIN,,,,50,0.0,0.00109778577154625,-0.04999999999980264,0.012316234508496633,0,0.0008611831820350027,-1.7045435201997307e-05,True,True,True,EVALUABLE_AT_ZERO,True,False,True,True,PORT_EVALUABLE_AT_ZERO,0.0,-0.04999999999980264,STABLE,0,BOUNDARY_OR_UNRESOLVED,True,0,0,(-0.0009747876422072869-9.061633238912946e-14j),0.0637911001858532,1.0,True,-1.0,76.85898066992527,1.0,-1.0,1.0,2.5579538487363607e-13,0.04999999999980264,-1.0,76.52395880750396,1.0,-1.0,1.0,3.979039320256561e-13,0.04999999999980264,41,41,8.421152688749874e-10,1,0.00109778577154625,0.012316234508496633,UNSTABLE,1,UNSTABLE,True,0,0,(0.0020252450107731087+6.299379381695725e-13j),0.18893967554418856,1.0,True,1.0,75.84981093976278,1.0,-1.0,-1.0,3.836930773104541e-13,0.012316234561336632,1.0,75.51478908103567,1.0,-1.0,-1.0,3.694822225952521e-13,0.012316234582347707,41,41,3.916873655580299e-09,1
Kundur,K12A,3+4,0.0003366958783266,0.6,0.0,0.0010788124631642,APERIODIC_THROUGH_ORIGIN,,,,51,0.0,0.00042086984790825,-0.04999999999980263,0.011783131766479344,0,0.0003287270240158989,-7.968854310701136e-06,True,False,True,NOT_EVALUABLE_AT_ZERO,True,False,True,True,PORT_EVALUABLE_AT_ZERO,0.0,-0.04999999999980263,STABLE,0,BOUNDARY_OR_UNRESOLVED,True,0,0,(0.002001661376499123+3.4501585379073055e-13j),0.825999945980046,1.0,True,-1.0,78.11539400610852,1.0,-1.0,1.0,7.105427357601002e-14,0.04999999999980263,-1.0,77.90251391940843,1.0,-1.0,1.0,9.947598300641403e-14,0.04999999999980263,38,38,2.8161758437199215e-09,2,0.00042086984790825,0.011783131766479344,UNSTABLE,1,UNSTABLE,True,0,0,(0.004754834888193685+1.5021244936689953e-12j),0.318469009183005,1.0,True,1.0,76.8794824066166,1.0,-1.0,-1.0,1.4210854715202004e-14,0.011783131830458548,1.0,76.6666023207457,1.0,-1.0,-1.0,7.105427357601002e-14,0.011783131845677444,38,38,7.124074878427416e-10,1
Kundur,K12A,2+3+4,0.0008702728857234,0.6,0.0,0.0010086147173112,APERIODIC_THROUGH_ORIGIN,,,,52,0.0,0.0010878411071542499,-0.04999999999980263,0.0124464733224392,0,0.0008518909475649705,-1.8381938158429454e-05,True,False,True,NOT_EVALUABLE_AT_ZERO,True,False,True,True,PORT_EVALUABLE_AT_ZERO,0.0,-0.04999999999980263,STABLE,0,BOUNDARY_OR_UNRESOLVED,True,0,0,(0.0006884203342762753+1.4626573212934318e-13j),0.704485161160212,1.0,True,-1.0,76.89265113380102,1.0,-1.0,1.0,2.4158453015843406e-13,0.04999999999980263,-1.0,76.55762927526389,1.0,-1.0,1.0,3.126388037344441e-13,0.04999999999980263,41,41,7.234124196635032e-09,0,0.0010878411071542499,0.0124464733224392,UNSTABLE,1,UNSTABLE,True,0,0,(0.0014604693708296034+1.698555252773552e-13j),0.31658489941951856,1.0,True,1.0,75.88791962721922,1.0,-1.0,-1.0,2.1316282072803006e-13,0.012446473198101165,1.0,75.55289776389924,1.0,-1.0,-1.0,9.521272659185342e-13,0.012446473148656453,41,41,9.005234615279704e-08,2
Kundur,K12A,3+4,0.0003292506908635,0.625,0.0,0.0010708137818322,APERIODIC_THROUGH_ORIGIN,,,,53,0.0,0.000411563363579375,-0.04999999999980263,0.011651530843844333,0,0.00032248988107786466,-6.760809785635326e-06,True,False,True,NOT_EVALUABLE_AT_ZERO,True,False,True,True,PORT_EVALUABLE_AT_ZERO,0.0,-0.04999999999980263,STABLE,0,BOUNDARY_OR_UNRESOLVED,True,0,0,(0.007581036201180791-8.524743809281191e-13j),0.9530900329644079,1.0,True,-1.0,78.16909464248853,1.0,-1.0,1.0,4.263256414560601e-14,0.04999999999980263,-1.0,77.95621455672077,1.0,-1.0,1.0,0.0,0.04999999999980263,38,38,9.192817689123043e-10,2,0.000411563363579375,0.011651530843844333,UNSTABLE,1,UNSTABLE,True,0,0,(0.007707583728594316-3.518017117109585e-13j),0.6773744618989084,1.0,True,1.0,76.91767429253983,1.0,-1.0,-1.0,1.4210854715202004e-14,0.011651530822232982,1.0,76.70479420505542,1.0,-1.0,-1.0,4.263256414560601e-14,0.011651530817086054,38,38,2.648339687955477e-08,2
Kundur,K12A,2+3+4,0.0008603252577854,0.625,0.0,0.0010002322906972,APERIODIC_THROUGH_ORIGIN,,,,54,0.0,0.00107540657223175,-0.04999999999980263,0.012397009204981782,0,0.0008433572892412018,-1.6967968544198187e-05,True,False,True,NOT_EVALUABLE_AT_ZERO,True,False,True,True,PORT_EVALUABLE_AT_ZERO,0.0,-0.04999999999980263,STABLE,0,BOUNDARY_OR_UNRESOLVED,True,0,0,(0.001459510427758122+3.830046544589467e-13j),1.0138236150491002,1.0,True,-1.0,76.92522471708122,1.0,-1.0,1.0,5.684341886080802e-14,0.04999999999980263,-1.0,76.5902028572368,1.0,-1.0,1.0,2.1316282072803006e-13,0.04999999999980263,41,41,1.0731392336456328e-10,2,0.00107540657223175,0.012397009204981782,UNSTABLE,1,UNSTABLE,True,0,0,(0.0026313351038498487-3.2009239996160746e-13j),0.682420422037524,1.0,True,1.0,75.90976862829045,1.0,-1.0,-1.0,1.2789769243681803e-13,0.012397009219929976,1.0,75.57474676689883,1.0,-1.0,-1.0,4.263256414560601e-14,0.01239700922592107,41,41,2.1091711008950384e-09,2
Kundur,K12A,3+4,0.0003239037374603,0.65,0.0,0.001072743288858,APERIODIC_THROUGH_ORIGIN,,,,55,0.0,0.00040487967182537503,-0.04999999999980264,0.011769459171111423,0,0.0003167477909353511,-7.155946524948923e-06,True,False,True,NOT_EVALUABLE_AT_ZERO,True,False,True,True,PORT_EVALUABLE_AT_ZERO,0.0,-0.04999999999980264,STABLE,0,BOUNDARY_OR_UNRESOLVED,True,0,0,(-0.0030132768915190717-4.650027006513919e-13j),0.5762015752484342,1.0,True,-1.0,78.2213207811248,1.0,-1.0,1.0,4.263256414560601e-14,0.04999999999980264,-1.0,78.00844069532003,1.0,-1.0,1.0,1.4210854715202004e-13,0.04999999999980264,38,38,1.3859178550173658e-09,2,0.00040487967182537503,0.011769459171111423,UNSTABLE,1,UNSTABLE,True,0,0,(-0.01009375514690152+1.9231654300750495e-12j),1.8587219219508062,1.0,True,1.0,76.97667292184799,1.0,-1.0,-1.0,8.526512829121202e-14,0.011769459258715814,1.0,76.76379283622937,1.0,-1.0,-1.0,1.1368683772161603e-13,0.011769459279592753,38,38,1.0358115904419095e-08,1
Kundur,K12A,2+3+4,0.0008557942182394,0.65,0.0,0.0010582345733141,APERIODIC_THROUGH_ORIGIN,,,,56,0.0,0.00106974277279925,-0.04999999999980263,0.012657850600003188,0,0.0008354933358459526,-2.0300882393447378e-05,True,True,True,EVALUABLE_AT_ZERO,True,False,True,True,PORT_EVALUABLE_AT_ZERO,0.0,-0.04999999999980263,STABLE,0,BOUNDARY_OR_UNRESOLVED,True,0,0,(0.0015305051158030487-3.306976613663866e-13j),2.317860580540655,1.0,True,-1.0,76.95677064147917,1.0,-1.0,1.0,2.842170943040401e-14,0.04999999999980263,-1.0,76.62174877807578,1.0,-1.0,1.0,1.2789769243681803e-13,0.04999999999980263,41,41,6.005940529114776e-10,1,0.00106974277279925,0.012657850600003188,UNSTABLE,1,UNSTABLE,True,0,0,(-0.002705214909044408+8.574072848195266e-13j),1.8736400952256271,1.0,True,1.0,75.95770460060726,1.0,-1.0,-1.0,2.2737367544323206e-13,0.012657850571309477,1.0,75.62268273831688,1.0,-1.0,-1.0,9.379164112033322e-13,0.012657850559887428,41,41,9.026983019096765e-09,2
Kundur,K12A,3+4,0.0003179081388387,0.675,0.0,0.0010229282545089,APERIODIC_THROUGH_ORIGIN,,,,57,0.0,0.00039738517354837504,-0.04999999999980263,0.011708585975739996,0,0.00031144341679144316,-6.464722047256862e-06,True,False,True,NOT_EVALUABLE_AT_ZERO,True,False,True,True,PORT_EVALUABLE_AT_ZERO,0.0,-0.04999999999980263,STABLE,0,BOUNDARY_OR_UNRESOLVED,True,0,0,(0.0034420876699280158+9.75656919621412e-13j),1.4972975028428357,1.0,True,-1.0,78.2721544513953,1.0,-1.0,1.0,8.526512829121202e-14,0.04999999999980263,-1.0,78.05927436358937,1.0,-1.0,1.0,5.684341886080802e-14,0.04999999999980263,38,38,3.0041286437632042e-09,1,0.00039738517354837504,0.011708585975739996,UNSTABLE,1,UNSTABLE,True,0,0,(0.007325338473012319-3.308529978915506e-12j),0.9009336191437858,1.0,True,1.0,77.01859613532275,1.0,-1.0,-1.0,8.526512829121202e-14,0.011708586103351513,1.0,76.80571605040763,1.0,-1.0,-1.0,1.7053025658242404e-13,0.0117085861336923,38,38,5.818115470413072e-09,1
Kundur,K12A,2+3+4,0.0008441673365369,0.675,0.0,0.0010717057090173,APERIODIC_THROUGH_ORIGIN,,,,58,0.0,0.001055209170671125,-0.04999999999980263,0.012406823056772303,0,0.0008282235250175508,-1.594381151934915e-05,False,True,False,NOT_EVALUABLE_AT_ZERO,True,False,True,True,PORT_EVALUABLE_AT_ZERO,0.0,-0.04999999999980263,STABLE,0,BOUNDARY_OR_UNRESOLVED,True,2,0,(-0.00011174637109242174+5.1555332561155755e-14j),2.8507463368900234,1.0,False,-1.0,76.98735179997769,1.0,-1.0,1.0,0.0,0.04999999999980263,-1.0,76.65232994131952,1.0,-1.0,1.0,1.0942358130705543e-12,0.04999999999980263,41,41,1.884081027794999e-09,2,0.001055209170671125,0.012406823056772303,UNSTABLE,1,UNSTABLE,True,0,0,(0.000651854438834864+1.0446606379228311e-13j),0.7364332040262749,1.0,True,1.0,75.9611059989456,1.0,-1.0,-1.0,8.526512829121202e-14,0.012406823154331878,1.0,75.62608413960827,1.0,-1.0,-1.0,1.1368683772161603e-13,0.01240682319317813,41,41,1.5199528219285695e-08,1
Kundur,K12A,3+4,0.0003140174658296,0.7,0.0,0.001144992064249,APERIODIC_THROUGH_ORIGIN,,,,59,0.0,0.00039252183228699996,-0.04999999999980263,0.011930748955485286,0,0.000306528013567925,-7.489452261674951e-06,False,False,True,NOT_EVALUABLE_AT_ZERO,True,False,True,True,PORT_EVALUABLE_AT_ZERO,0.0,-0.04999999999980263,STABLE,0,BOUNDARY_OR_UNRESOLVED,True,2,0,(0.000264828026192839-6.689960556767756e-13j),1.964101896493539,1.0,True,-1.0,78.32167083550937,1.0,-1.0,1.0,2.842170943040401e-14,0.04999999999980263,-1.0,78.10879074865716,1.0,-1.0,1.0,2.842170943040401e-14,0.04999999999980263,38,38,6.036344164697808e-10,2,0.00039252183228699996,0.011930748955485286,UNSTABLE,1,UNSTABLE,True,0,0,(0.0005947634601808+1.8755768687964598e-13j),0.04244245384302117,1.0,True,1.0,77.08421390449574,1.0,-1.0,-1.0,5.684341886080802e-14,0.011930749147314696,1.0,76.87133382040898,1.0,-1.0,-1.0,1.4210854715202004e-13,0.011930749192920618,38,38,6.215184352169877e-09,1
Kundur,K12A,2+3+4,0.0008401595248789,0.7,0.0,0.0011879141133221,APERIODIC_THROUGH_ORIGIN,,,,60,0.0,0.0010501994060986251,-0.04999999999980263,0.012627882049261727,0,0.0008214832115973912,-1.867631328150883e-05,True,False,True,NOT_EVALUABLE_AT_ZERO,True,False,True,True,PORT_EVALUABLE_AT_ZERO,0.0,-0.04999999999980263,STABLE,0,BOUNDARY_OR_UNRESOLVED,True,0,0,(0.0011455049464603934+3.1602317067376897e-13j),0.35375358344588986,1.0,True,-1.0,77.01702541460004,1.0,-1.0,1.0,8.526512829121202e-14,0.04999999999980263,-1.0,76.68200355222214,1.0,-1.0,1.0,2.4158453015843406e-13,0.04999999999980263,41,41,1.3638361612879893e-09,1,0.0010501994060986251,0.012627882049261727,UNSTABLE,1,UNSTABLE,True,0,0,(0.0020559280681042647+6.024801177165513e-13j),0.24403325718755559,1.0,True,1.0,76.00445536157,1.0,-1.0,-1.0,4.263256414560601e-13,0.012627882119318756,1.0,75.66943350336715,1.0,-1.0,-1.0,4.547473508864641e-13,0.012627882147165417,41,41,4.2173332170981445e-08,1
Kundur,K12A,3+4,0.0003090542732065,0.725,0.0,0.0010827543642254,APERIODIC_THROUGH_ORIGIN,,,,61,0.0,0.000386317841508125,-0.04999999999980264,0.011914070188844302,0,0.00030195986584922205,-7.094407357277979e-06,True,False,True,NOT_EVALUABLE_AT_ZERO,True,False,True,True,PORT_EVALUABLE_AT_ZERO,0.0,-0.04999999999980264,STABLE,0,BOUNDARY_OR_UNRESOLVED,True,0,0,(0.0015939241730659594+2.547429510953538e-13j),0.4798624160985292,1.0,True,-1.0,78.36993898515132,1.0,-1.0,1.0,9.947598300641403e-14,0.04999999999980264,-1.0,78.15705889973617,1.0,-1.0,1.0,1.4210854715202004e-14,0.04999999999980264,38,38,5.1485807846431346e-11,2,0.000386317841508125,0.011914070188844302,UNSTABLE,1,UNSTABLE,True,0,0,(0.0012978585707983797-2.929593605279255e-14j),0.15518755904488446,1.0,True,1.0,77.12776565083513,1.0,-1.0,-1.0,1.1368683772161603e-13,0.0119140703965862,1.0,76.91488556679975,1.0,-1.0,-1.0,1.9895196601282805e-13,0.011914070445953695,38,38,1.7278297801460682e-09,1
Kundur,K12A,2+3+4,0.0008327719505824,0.725,0.0,0.0011537904365357,APERIODIC_THROUGH_ORIGIN,,,,62,0.0,0.001040964938228,-0.04999999999980264,0.012587556575832928,0,0.0008152167686541526,-1.755518192824736e-05,True,True,True,EVALUABLE_AT_ZERO,True,False,True,True,PORT_EVALUABLE_AT_ZERO,0.0,-0.04999999999980264,STABLE,0,BOUNDARY_OR_UNRESOLVED,True,0,0,(-8.285479186224295e-05-1.2411500172924613e-13j),0.8075420446807481,1.0,True,-1.0,77.0458438342753,1.0,-1.0,1.0,1.9895196601282805e-13,0.04999999999980264,-1.0,76.7108219732708,1.0,-1.0,1.0,3.268496584496461e-13,0.04999999999980264,41,41,3.836809941564238e-09,1,0.001040964938228,0.012587556575832928,UNSTABLE,1,UNSTABLE,True,0,0,(0.0005786261160439283+7.696488591968366e-14j),0.18617191546457135,1.0,True,1.0,76.02485469983192,1.0,-1.0,-1.0,9.947598300641403e-14,0.012587556530614772,1.0,75.68983283734357,1.0,-1.0,-1.0,4.263256414560601e-13,0.012587556512568179,41,41,2.1359894931274686e-07,2
Kundur,K12A,3+4,0.0003042195635175,0.75,0.0,0.0010891975203869,APERIODIC_THROUGH_ORIGIN,,,,63,0.0,0.00038027445439687505,-0.04999999999980263,0.011861525564095365,0,0.0002977030621163064,-6.516501401193598e-06,True,False,True,NOT_EVALUABLE_AT_ZERO,True,False,True,True,PORT_EVALUABLE_AT_ZERO,0.0,-0.04999999999980263,STABLE,0,BOUNDARY_OR_UNRESOLVED,True,0,0,(0.001999780854998406-9.679937591845268e-13j),2.1217027923890623,1.0,True,-1.0,78.41702249701463,1.0,-1.0,1.0,1.4210854715202004e-14,0.04999999999980263,-1.0,78.20414240966956,1.0,-1.0,1.0,5.684341886080802e-14,0.04999999999980263,38,38,8.036219798463016e-08,1,0.00038027445439687505,0.011861525564095365,UNSTABLE,1,UNSTABLE,True,0,0,(0.0016549434368891374+1.1639880720692747e-12j),0.9097528764688791,1.0,True,1.0,77.16712885008178,1.0,-1.0,-1.0,0.0,0.011861525710801419,1.0,76.95424876526386,1.0,-1.0,-1.0,2.842170943040401e-14,0.011861525745732205,38,38,4.320868571665249e-09,1
Kundur,K12A,2+3+4,0.0008283721079998,0.75,0.0,0.0011628979254399,APERIODIC_THROUGH_ORIGIN,,,,64,0.0,0.00103546513499975,-0.04999999999980263,0.012721158666215187,0,0.0008093760762337181,-1.8996031766081918e-05,True,False,True,NOT_EVALUABLE_AT_ZERO,True,False,True,True,PORT_EVALUABLE_AT_ZERO,0.0,-0.04999999999980263,STABLE,0,BOUNDARY_OR_UNRESOLVED,True,0,0,(0.0003004304624436986-5.021013677361074e-14j),2.5579671023584667,1.0,True,-1.0,77.07385495751477,1.0,-1.0,1.0,1.4210854715202004e-13,0.04999999999980263,-1.0,76.73883309567859,1.0,-1.0,1.0,6.110667527536862e-13,0.04999999999980263,41,41,9.272095221333262e-10,1,0.00103546513499975,0.012721158666215187,UNSTABLE,1,UNSTABLE,True,0,0,(0.0044159540933167854+1.5414705509210133e-12j),1.1884383615581537,1.0,True,1.0,76.05949188035132,1.0,-1.0,-1.0,2.1316282072803006e-13,0.012721158711254715,1.0,75.72447002113914,1.0,-1.0,-1.0,1.5631940186722204e-13,0.012721158729171884,41,41,7.916481478631982e-09,1
Kundur,K12A,3+4,0.0003009965719603,0.775,0.0,0.0011619342036569,APERIODIC_THROUGH_ORIGIN,,,,65,0.0,0.00037624571495037504,-0.04999999999980263,0.012040338848383857,0,0.00029372650895632057,-7.270063003979451e-06,True,False,True,NOT_EVALUABLE_AT_ZERO,True,False,True,True,PORT_EVALUABLE_AT_ZERO,0.0,-0.04999999999980263,STABLE,0,BOUNDARY_OR_UNRESOLVED,True,0,0,(0.001536363146963129-1.5406610639796955e-13j),0.38758654850835333,1.0,True,-1.0,78.46298013147079,1.0,-1.0,1.0,5.684341886080802e-14,0.04999999999980263,-1.0,78.25010004360935,1.0,-1.0,1.0,2.842170943040401e-14,0.04999999999980263,38,38,8.973208421892169e-08,1,0.00037624571495037504,0.012040338848383857,UNSTABLE,1,UNSTABLE,True,0,0,(0.001159515671852522+7.582890809067363e-14j),0.13453614422071036,1.0,True,1.0,77.22555962716697,1.0,-1.0,-1.0,2.1316282072803006e-13,0.01204033889015606,1.0,77.01267954133498,1.0,-1.0,-1.0,1.7053025658242404e-13,0.012040338900064285,38,38,2.767318176326288e-09,1
Kundur,K12A,2+3+4,0.000821448541117,0.775,0.0,0.0011223626194787,APERIODIC_THROUGH_ORIGIN,,,,66,0.0,0.00102681067639625,-0.04999999999980263,0.012652576596558097,0,0.0008039192951730237,-1.75292459439763e-05,True,True,True,EVALUABLE_AT_ZERO,True,False,True,True,PORT_EVALUABLE_AT_ZERO,0.0,-0.04999999999980263,STABLE,0,BOUNDARY_OR_UNRESOLVED,True,0,0,(-0.0002686884869019222-1.3854911038246564e-13j),0.02450195539069246,1.0,True,-1.0,77.10110279631513,1.0,-1.0,1.0,1.2789769243681803e-13,0.04999999999980263,-1.0,76.76608093615278,1.0,-1.0,1.0,4.121147867408581e-13,0.04999999999980263,41,41,9.389051868596492e-09,2,0.00102681067639625,0.012652576596558097,UNSTABLE,1,UNSTABLE,True,0,0,(0.0008854313269190335+3.2264204356586315e-14j),0.17991682195971806,1.0,True,1.0,76.07650430769972,1.0,-1.0,-1.0,4.121147867408581e-13,0.01265257668837036,1.0,75.74148244870194,1.0,-1.0,-1.0,1.2789769243681803e-13,0.012652576724782956,41,41,2.1779790453826836e-10,1
Kundur,K12A,3+4,0.0002956295252725,0.8,0.0,0.0010436968502556,APERIODIC_THROUGH_ORIGIN,,,,67,0.0,0.00036953690659062495,-0.04999999999980264,0.011790078475036886,0,0.0002900031522491709,-5.62637302332908e-06,True,False,True,NOT_EVALUABLE_AT_ZERO,True,False,True,True,PORT_EVALUABLE_AT_ZERO,0.0,-0.04999999999980264,STABLE,0,BOUNDARY_OR_UNRESOLVED,True,0,0,(0.001398098378476496+1.0401463138911551e-13j),0.635664574917274,1.0,True,-1.0,78.50786623829033,1.0,-1.0,1.0,4.263256414560601e-14,0.04999999999980264,-1.0,78.29498615193435,1.0,-1.0,1.0,2.842170943040401e-14,0.04999999999980264,38,38,1.4587944714619536e-09,2,0.00036953690659062495,0.011790078475036886,UNSTABLE,1,UNSTABLE,True,0,0,(0.002595807298637408+6.934657004870997e-13j),0.2856514005895218,1.0,True,1.0,77.24578570960817,1.0,-1.0,-1.0,1.1368683772161603e-13,0.011790078377202513,1.0,77.03290562094176,1.0,-1.0,-1.0,1.4210854715202004e-14,0.01179007835395808,38,38,1.5255983248642054e-08,2
Kundur,K12A,2+3+4,0.0008181550771567,0.8,0.0,0.0012669985360979,APERIODIC_THROUGH_ORIGIN,,,,68,0.0,0.001022693846445875,-0.04999999999980263,0.01281155202350015,0,0.0007988098823967958,-1.9345194759904207e-05,True,False,True,NOT_EVALUABLE_AT_ZERO,True,False,True,True,PORT_EVALUABLE_AT_ZERO,0.0,-0.04999999999980263,STABLE,0,BOUNDARY_OR_UNRESOLVED,True,0,0,(0.000913451893355955+3.112525772474176e-13j),0.4320132198901795,1.0,True,-1.0,77.12762783202619,1.0,-1.0,1.0,2.2737367544323206e-13,0.04999999999980263,-1.0,76.7926059697147,1.0,-1.0,1.0,1.4210854715202004e-14,0.04999999999980263,41,41,1.5947519027179839e-09,1,0.001022693846445875,0.01281155202350015,UNSTABLE,1,UNSTABLE,True,0,0,(0.0003341288156374375+1.20247088151645e-14j),0.23321205575567966,1.0,True,1.0,76.11220682233622,1.0,-1.0,-1.0,1.9895196601282805e-13,0.012811552049107796,1.0,75.77718496041739,1.0,-1.0,-1.0,2.984279490192421e-13,0.012811552059288953,41,41,2.0400136398668247e-09,2
Kundur,K12A,3+4,0.0002926302024732,0.825,0.0,0.0010638639546882,APERIODIC_THROUGH_ORIGIN,,,,69,0.0,0.0003657877530915,-0.04999999999980263,0.011920664219472894,0,0.0002865093324917672,-6.120869981432789e-06,True,False,True,NOT_EVALUABLE_AT_ZERO,True,False,True,True,PORT_EVALUABLE_AT_ZERO,0.0,-0.04999999999980263,STABLE,0,BOUNDARY_OR_UNRESOLVED,True,0,0,(-0.0032311243047259686+4.431313324772647e-13j),0.5425714394631702,1.0,True,-1.0,78.55173121085681,1.0,-1.0,1.0,8.526512829121202e-14,0.04999999999980263,-1.0,78.33885112180728,1.0,-1.0,1.0,5.684341886080802e-14,0.04999999999980263,38,38,2.765669862869497e-08,1,0.0003657877530915,0.011920664219472894,UNSTABLE,1,UNSTABLE,True,0,0,(-0.005000855104798926+1.294718235481931e-12j),0.9189812037418569,1.0,True,1.0,77.29823744933358,1.0,-1.0,-1.0,1.7053025658242404e-13,0.011920664203588569,1.0,77.08535736153252,1.0,-1.0,-1.0,1.2789769243681803e-13,0.0119206641998411,38,38,3.6376727795495384e-09,2
Kundur,K12A,2+3+4,0.0008105250710569,0.825,0.0,0.0010837163592467,APERIODIC_THROUGH_ORIGIN,,,,70,0.0,0.001013156338821125,-0.04999999999980263,0.012641814440976213,0,0.0007940157763570654,-1.6509294699834686e-05,True,False,True,NOT_EVALUABLE_AT_ZERO,True,False,True,True,PORT_EVALUABLE_AT_ZERO,0.0,-0.04999999999980263,STABLE,0,BOUNDARY_OR_UNRESOLVED,True,0,0,(-0.00030931291446462675+9.79784027094053e-15j),0.1590952647618369,1.0,True,-1.0,77.1534674402107,1.0,-1.0,1.0,7.105427357601002e-14,0.04999999999980263,-1.0,76.81844557910877,1.0,-1.0,1.0,5.400124791776761e-13,0.04999999999980263,41,41,1.6637078631790027e-08,1,0.001013156338821125,0.012641814440976213,UNSTABLE,1,UNSTABLE,True,0,0,(-0.0018814353815549217+4.298924870325526e-13j),0.9012093723804875,1.0,True,1.0,76.11978930513261,1.0,-1.0,-1.0,1.4210854715202004e-14,0.012641814314012356,1.0,75.78476744180735,1.0,-1.0,-1.0,5.542233338928781e-13,0.012641814263483273,41,41,6.306994852370111e-08,2
Kundur,K12A,3+4,0.0002900865509743,0.8500000000000001,0.0,0.0012514919579253,APERIODIC_THROUGH_ORIGIN,,,,71,0.0,0.000362608188717875,-0.04999999999980264,0.012098380763748102,0,0.00028322427096848864,-6.862280005811346e-06,True,False,False,NOT_EVALUABLE_AT_ZERO,True,False,True,True,PORT_EVALUABLE_AT_ZERO,0.0,-0.04999999999980264,STABLE,0,BOUNDARY_OR_UNRESOLVED,True,0,0,(0.007930317543825866+2.69742758945285e-11j),11.749344219626181,1.0,False,-1.0,78.5946219235526,1.0,-1.0,1.0,2.842170943040401e-14,0.04999999999980264,-1.0,78.38174183616492,1.0,-1.0,1.0,4.263256414560601e-14,0.04999999999980264,38,38,9.686357278608244e-09,1,0.000362608188717875,0.012098380763748102,UNSTABLE,1,UNSTABLE,True,0,0,(0.0072239440951798045+1.9618034952616215e-11j),9.835689348426207,1.0,False,1.0,77.35371978670264,1.0,-1.0,-1.0,1.7053025658242404e-13,0.012098380796387772,1.0,77.1408397002861,1.0,-1.0,-1.0,2.842170943040401e-14,0.012098380804126925,38,38,1.7403267754398942e-08,1
Kundur,K12A,2+3+4,0.0008026799224575,0.8500000000000001,0.0,0.0010560329275783,APERIODIC_THROUGH_ORIGIN,,,,72,0.0,0.001003349903071875,-0.04999999999980263,0.012431765138502963,0,0.0007895087351371336,-1.317118732036633e-05,True,False,False,NOT_EVALUABLE_AT_ZERO,True,False,True,True,PORT_EVALUABLE_AT_ZERO,0.0,-0.04999999999980263,STABLE,0,BOUNDARY_OR_UNRESOLVED,True,0,0,(0.005457378270292856+1.617238060049736e-11j),10.735499744915687,1.0,False,-1.0,77.17865614302661,1.0,-1.0,1.0,2.8421709430404007e-13,0.04999999999980263,-1.0,76.84363428143308,1.0,-1.0,1.0,4.831690603168681e-13,0.04999999999980263,41,41,2.9781067066285568e-09,1,0.001003349903071875,0.012431765138502963,UNSTABLE,1,UNSTABLE,True,0,0,(0.0025727196529358315+7.208537640499696e-12j),9.973449256121702,1.0,False,1.0,76.12330978230219,1.0,-1.0,-1.0,4.547473508864641e-13,0.012431765012172035,1.0,75.78828791858426,1.0,-1.0,-1.0,4.831690603168681e-13,0.012431764961924701,41,41,5.915023357226689e-08,2
Kundur,K12A,3+4,0.0002851000093182,0.875,0.0,0.0010189016215956,APERIODIC_THROUGH_ORIGIN,,,,73,0.0,0.00035637501164775,-0.04999999999980264,0.01178359006242041,0,0.0002801296370744889,-4.97037224371109e-06,True,False,True,NOT_EVALUABLE_AT_ZERO,True,False,True,True,PORT_EVALUABLE_AT_ZERO,0.0,-0.04999999999980264,STABLE,0,BOUNDARY_OR_UNRESOLVED,True,0,0,(0.0015335883374047125+9.723377202206754e-14j),0.6744945128357563,1.0,True,-1.0,78.63658196802729,1.0,-1.0,1.0,2.842170943040401e-14,0.04999999999980264,-1.0,78.4237018808587,1.0,-1.0,1.0,4.263256414560601e-14,0.04999999999980264,38,38,2.1289528249172776e-10,1,0.00035637501164775,0.01178359006242041,UNSTABLE,1,UNSTABLE,True,0,0,(0.0013686087993882907+2.144402129045759e-13j),0.31393077015646365,1.0,True,1.0,77.36579971182476,1.0,-1.0,-1.0,2.842170943040401e-14,0.011783590085570558,1.0,77.1529196250212,1.0,-1.0,-1.0,7.105427357601002e-14,0.01178359009105542,38,38,1.1739772384850984e-08,1
Kundur,K12A,2+3+4,0.0008018685697526,0.875,0.0,0.0011376785658177,APERIODIC_THROUGH_ORIGIN,,,,74,0.0,0.00100233571219075,-0.04999999999980263,0.012704370150240198,0,0.0007852637830807513,-1.660478667184868e-05,True,False,True,NOT_EVALUABLE_AT_ZERO,True,False,True,True,PORT_EVALUABLE_AT_ZERO,0.0,-0.04999999999980263,STABLE,0,BOUNDARY_OR_UNRESOLVED,True,0,0,(0.00016809011818919614-6.796305859874097e-15j),0.9105487007831922,1.0,True,-1.0,77.2032259334875,1.0,-1.0,1.0,1.9895196601282805e-13,0.04999999999980263,-1.0,76.86820407195796,1.0,-1.0,1.0,3.836930773104541e-13,0.04999999999980263,41,41,8.25598538083225e-09,1,0.00100233571219075,0.012704370150240198,UNSTABLE,1,UNSTABLE,True,0,0,(0.0009029142806924365+1.3921497550747108e-13j),0.3665865441898652,1.0,True,1.0,76.16747423407396,1.0,-1.0,-1.0,3.410605131648481e-13,0.012704370096530838,1.0,75.83245237217388,1.0,-1.0,-1.0,1.4210854715202004e-14,0.01270437007517224,41,41,9.404806799063071e-09,2
Kundur,K12A,3+4,0.0002831412866038,0.9,0.0,0.0011884874201114,APERIODIC_THROUGH_ORIGIN,,,,75,0.0,0.00035392660825474997,-0.04999999999980264,0.012002003332172618,0,0.00027720920104677807,-5.932085557021913e-06,True,False,True,NOT_EVALUABLE_AT_ZERO,True,False,True,True,PORT_EVALUABLE_AT_ZERO,0.0,-0.04999999999980264,STABLE,0,BOUNDARY_OR_UNRESOLVED,True,0,0,(-0.003127730994490494-8.867423871464046e-13j),0.2815082810121309,1.0,True,-1.0,78.67765202807728,1.0,-1.0,1.0,1.4210854715202004e-14,0.04999999999980264,-1.0,78.46477194110717,1.0,-1.0,1.0,0.0,0.04999999999980264,38,38,2.0003347450685354e-09,2,0.00035392660825474997,0.012002003332172618,UNSTABLE,1,UNSTABLE,True,0,0,(-0.0025274980210439227-7.986309054328652e-13j),0.4573018076431662,1.0,True,1.0,77.42331321470431,1.0,-1.0,-1.0,2.842170943040401e-14,0.012002003452693361,1.0,77.21043312936872,1.0,-1.0,-1.0,9.947598300641403e-14,0.012002003481291839,38,38,5.753225130029455e-09,1
Kundur,K12A,2+3+4,0.0007990820549376,0.9,0.0,0.0012104634459923,APERIODIC_THROUGH_ORIGIN,,,,76,0.0,0.000998852568672,-0.04999999999980263,0.012818923837400138,0,0.0007812587556919105,-1.782329924568957e-05,True,False,True,NOT_EVALUABLE_AT_ZERO,True,False,True,True,PORT_EVALUABLE_AT_ZERO,0.0,-0.04999999999980263,STABLE,0,BOUNDARY_OR_UNRESOLVED,True,0,0,(-0.00024952986823831947-6.797739632543915e-14j),0.08609833514038026,1.0,True,-1.0,77.22720649839148,1.0,-1.0,1.0,2.842170943040401e-14,0.04999999999980263,-1.0,76.89218463713158,1.0,-1.0,1.0,3.126388037344441e-13,0.04999999999980263,41,41,5.560510587485643e-09,1,0.000998852568672,0.012818923837400138,UNSTABLE,1,UNSTABLE,True,0,0,(-0.0008727943369643656-1.9323826969174038e-13j),0.44476886377843966,1.0,True,1.0,76.19763529053373,1.0,-1.0,-1.0,5.400124791776761e-13,0.012818923760287967,1.0,75.86261342724731,1.0,-1.0,-1.0,5.400124791776761e-13,0.012818923729628688,41,41,4.54047231009298e-08,2
Kundur,K12A,3+4,0.000280395209039,0.925,0.0,0.0010234625137912,APERIODIC_THROUGH_ORIGIN,,,,77,0.0,0.00035049401129875,-0.04999999999980264,0.012041283126458895,0,0.00027444853695890307,-5.946672080096925e-06,False,True,False,NOT_EVALUABLE_AT_ZERO,True,False,True,True,PORT_EVALUABLE_AT_ZERO,0.0,-0.04999999999980264,STABLE,0,BOUNDARY_OR_UNRESOLVED,True,0,2,(-0.0009307389969684981-3.9506907538152183e-13j),6.095951216180966,1.0,False,-1.0,78.71787010687427,1.0,-1.0,1.0,1.4210854715202004e-14,0.04999999999980264,-1.0,78.5049900197354,1.0,-1.0,1.0,0.0,0.04999999999980264,38,38,2.575628086962209e-09,1,0.00035049401129875,0.012041283126458895,UNSTABLE,1,UNSTABLE,True,0,2,(0.00026578672954330864+1.3835389065419874e-12j),33.3115876513872,1.0,False,1.0,77.46445145535763,1.0,-1.0,-1.0,2.842170943040401e-14,0.012041283196470581,1.0,77.25157137001247,1.0,-1.0,-1.0,8.526512829121202e-14,0.012041283213124658,38,38,1.6343693672263653e-09,1
Kundur,K12A,2+3+4,0.0007920179801941,0.925,0.0,0.0010936142059957,APERIODIC_THROUGH_ORIGIN,,,,78,0.0,0.000990022475242625,-0.04999999999980263,0.01260572474342205,0,0.0007774739123936776,-1.454406780042241e-05,False,True,False,NOT_EVALUABLE_AT_ZERO,True,False,True,True,PORT_EVALUABLE_AT_ZERO,0.0,-0.04999999999980263,STABLE,0,BOUNDARY_OR_UNRESOLVED,True,0,2,(-0.0001834233080559731-1.3854294501989411e-13j),12.358970246594923,1.0,False,-1.0,77.25062544350035,1.0,-1.0,1.0,1.8474111129762605e-13,0.04999999999980263,-1.0,76.91560358502784,1.0,-1.0,1.0,7.105427357601002e-14,0.04999999999980263,41,41,6.5268682808253526e-09,2,0.000990022475242625,0.01260572474342205,UNSTABLE,1,UNSTABLE,True,0,2,(6.418092666132666e-05+8.109059036165672e-14j),24.421908280111207,1.0,False,1.0,76.19990561793595,1.0,-1.0,-1.0,3.410605131648481e-13,0.012605724910362557,1.0,75.86488376166054,1.0,-1.0,-1.0,5.684341886080802e-14,0.012605724976772523,41,41,1.3851208475461684e-08,1
Kundur,K12A,2+3+4,0.000788640818274,0.95,0.0,0.0010076650388123,APERIODIC_THROUGH_ORIGIN,,,,79,0.0,0.0009858010228425,-0.04999999999980263,0.012644220739645703,0,0.0007738916178589914,-1.4749200415008581e-05,True,False,True,NOT_EVALUABLE_AT_ZERO,True,False,True,True,PORT_EVALUABLE_AT_ZERO,0.0,-0.04999999999980263,STABLE,0,BOUNDARY_OR_UNRESOLVED,True,0,0,(-0.00024743256519498273+2.0609423318911553e-13j),0.06965760615100797,1.0,True,-1.0,77.27350845929726,1.0,-1.0,1.0,1.4210854715202004e-14,0.04999999999980263,-1.0,76.93848659915133,1.0,-1.0,1.0,1.8474111129762605e-13,0.04999999999980263,41,41,3.1807218594125336e-09,0,0.0009858010228425,0.012644220739645703,UNSTABLE,1,UNSTABLE,True,0,0,(-0.0004477889156958472-1.5449906368906856e-14j),0.25272139780170255,1.0,True,1.0,76.22295073336332,1.0,-1.0,-1.0,3.126388037344441e-13,0.012644220788208552,1.0,75.88792887435234,1.0,-1.0,-1.0,8.526512829121202e-14,0.012644220807541889,41,41,1.419648894722027e-09,1
Kundur,K12A,2+3+4,0.0007860407922675,0.975,0.0,0.0010657570726156,APERIODIC_THROUGH_ORIGIN,,,,80,0.0,0.000982550990334375,-0.04999999999980263,0.01272564372513955,0,0.0007704960657220922,-1.5544726545407752e-05,True,False,True,NOT_EVALUABLE_AT_ZERO,True,False,True,True,PORT_EVALUABLE_AT_ZERO,0.0,-0.04999999999980263,STABLE,0,BOUNDARY_OR_UNRESOLVED,True,0,0,(0.0003846824736028668+2.605557879642364e-13j),4.570744427168531,1.0,True,-1.0,77.29587953845811,1.0,-1.0,1.0,1.4210854715202004e-14,0.04999999999980263,-1.0,76.96085767829149,1.0,-1.0,1.0,1.9895196601282805e-13,0.04999999999980263,41,41,4.706030994398685e-09,0,0.000982550990334375,0.01272564372513955,UNSTABLE,1,UNSTABLE,True,0,0,(0.00021081561159937376+1.175723337047338e-13j),2.3823934736341394,1.0,True,1.0,76.24921282871217,1.0,-1.0,-1.0,1.9895196601282805e-13,0.012725643782638196,1.0,75.91419096919063,1.0,-1.0,-1.0,2.842170943040401e-14,0.012725643805539958,41,41,1.4120493343817928e-08,1
Kundur,K12A,2+3+4,0.0007806437375903,1.0,0.0,0.0010351767335419,APERIODIC_THROUGH_ORIGIN,,,,81,0.0,0.0009758046719878749,-0.04999999999980263,0.01258638333796532,0,0.0007672730512080114,-1.3370686382288533e-05,True,False,True,NOT_EVALUABLE_AT_ZERO,True,False,True,True,PORT_EVALUABLE_AT_ZERO,0.0,-0.04999999999980263,STABLE,0,BOUNDARY_OR_UNRESOLVED,True,0,0,(0.00035416032533698566-2.408971369813532e-13j),0.810631498145977,1.0,True,-1.0,77.31776108649572,1.0,-1.0,1.0,4.263256414560601e-14,0.04999999999980263,-1.0,76.98273922729877,1.0,-1.0,1.0,4.263256414560601e-14,0.04999999999980263,41,41,7.2876442899664e-10,0,0.0009758046719878749,0.01258638333796532,UNSTABLE,1,UNSTABLE,True,0,0,(0.0007614658687961377-1.3755685160319464e-13j),0.5342158002683836,1.0,True,1.0,76.25655300857791,1.0,-1.0,-1.0,0.0,0.012586383393461763,1.0,75.92153114945914,1.0,-1.0,-1.0,5.400124791776761e-13,0.01258638341555978,41,41,1.629310400717119e-08,1
Kundur,K12A,2+3+4,0.0007793076179869,1.025,0.0,0.0010754787830425,APERIODIC_THROUGH_ORIGIN,,,,82,0.0,0.0009741345224836249,-0.04999999999980263,0.012735925246483383,0,0.0007642097724627839,-1.5097845524116049e-05,True,True,True,EVALUABLE_AT_ZERO,True,False,True,True,PORT_EVALUABLE_AT_ZERO,0.0,-0.04999999999980263,STABLE,0,BOUNDARY_OR_UNRESOLVED,True,0,0,(-0.00015129359653488593+2.154359505060639e-13j),0.1490856746524618,1.0,True,-1.0,77.3391740594214,1.0,-1.0,1.0,5.826450433232822e-13,0.04999999999980263,-1.0,77.00415219859221,1.0,-1.0,1.0,3.979039320256561e-13,0.04999999999980263,41,41,2.5539945972870896e-08,2,0.0009741345224836249,0.012735925246483383,UNSTABLE,1,UNSTABLE,True,0,0,(0.0009062298826442534-1.9236856844875166e-14j),1.5267550497572182,1.0,True,1.0,76.28784485331623,1.0,-1.0,-1.0,2.984279490192421e-13,0.01273592521462669,1.0,75.95282299331704,1.0,-1.0,-1.0,5.968558980384842e-13,0.012735925201899933,41,41,1.8614877254208374e-08,3
Kundur,K12A,2+3+4,0.0007762269697721,1.05,0.0,0.0010221192111156,APERIODIC_THROUGH_ORIGIN,,,,83,0.0,0.0009702837122151249,-0.04999999999980263,0.012744015727911553,0,0.0007612946594976429,-1.4932310274457005e-05,True,True,True,EVALUABLE_AT_ZERO,True,False,True,True,PORT_EVALUABLE_AT_ZERO,0.0,-0.04999999999980263,STABLE,0,BOUNDARY_OR_UNRESOLVED,True,0,0,(-8.996984075451828e-05+2.3163563263233605e-13j),0.24926020197599755,1.0,True,-1.0,77.36013811833249,1.0,-1.0,1.0,4.973799150320701e-13,0.04999999999980263,-1.0,77.02511625778745,1.0,-1.0,1.0,3.126388037344441e-13,0.04999999999980263,41,41,2.4697689516421764e-09,2,0.0009702837122151249,0.012744015727911553,UNSTABLE,1,UNSTABLE,True,0,0,(0.0002226612201711762-2.2998795404058013e-14j),0.4626825655037698,1.0,True,1.0,76.30689925477542,1.0,-1.0,-1.0,2.984279490192421e-13,0.012744015928171815,1.0,75.97187739958326,1.0,-1.0,-1.0,1.7053025658242404e-13,0.012744016007807895,41,41,1.8384571983623268e-08,1
Kundur,K12A,2+3+4,0.0007725502696767,1.0750000000000002,0.0,0.0010219736036083,APERIODIC_THROUGH_ORIGIN,,,,84,0.0,0.000965687837095875,-0.04999999999980263,0.012695908039747131,0,0.0007585172339180382,-1.4033035758661866e-05,True,False,True,NOT_EVALUABLE_AT_ZERO,True,False,True,True,PORT_EVALUABLE_AT_ZERO,0.0,-0.04999999999980263,STABLE,0,BOUNDARY_OR_UNRESOLVED,True,0,0,(0.0005311444049141689-1.640826813867146e-14j),0.6428187661190755,1.0,True,-1.0,77.38067169792672,1.0,-1.0,1.0,5.684341886080802e-14,0.04999999999980263,-1.0,77.04564983897035,1.0,-1.0,1.0,4.831690603168681e-13,0.04999999999980263,41,41,3.18789488726854e-09,0,0.000965687837095875,0.012695908039747131,UNSTABLE,1,UNSTABLE,True,0,0,(0.0004495336559603721-4.9549293261926403e-14j),0.4755557150164384,1.0,True,1.0,76.32093160836132,1.0,-1.0,-1.0,1.9895196601282805e-13,0.01269590806163511,1.0,75.98590974829153,1.0,-1.0,-1.0,1.4210854715202004e-14,0.012695908070354664,41,41,1.2769140657516341e-08,1
Kundur,K12A,2+3+4,0.0007676866315563,1.1,0.0,0.0010321643908089,APERIODIC_THROUGH_ORIGIN,,,,85,0.0,0.000959608289445375,-0.04999999999980264,0.012546696641992346,0,0.0007558679805017189,-1.1818651054581152e-05,False,True,False,NOT_EVALUABLE_AT_ZERO,True,False,True,True,PORT_EVALUABLE_AT_ZERO,0.0,-0.04999999999980264,STABLE,0,BOUNDARY_OR_UNRESOLVED,True,2,0,(-8.668019376042051e-07+2.921276322087136e-14j),48.14719751735511,1.0,False,-1.0,77.4007921033764,1.0,-1.0,1.0,1.8474111129762605e-13,0.04999999999980264,-1.0,77.06577023939336,1.0,-1.0,1.0,4.547473508864641e-13,0.04999999999980264,41,41,1.3810999674630786e-09,1,0.000959608289445375,0.012546696641992346,UNSTABLE,1,UNSTABLE,True,0,0,(0.00045937969252716945+2.4757505781074988e-14j),0.34138807592696596,1.0,True,1.0,76.32611327536311,1.0,-1.0,-1.0,1.8474111129762605e-13,0.012546696689462206,1.0,75.9910914174729,1.0,-1.0,-1.0,7.105427357601002e-14,0.01254669670830271,41,41,9.893324811703385e-09,1
Kundur,K12A,2+3+4,0.0007701280548806,1.125,0.0,0.00117805234827,APERIODIC_THROUGH_ORIGIN,,,,86,0.0,0.00096266006860075,-0.04999999999980263,0.012942826260447628,0,0.0007533382387201353,-1.6789816160464642e-05,True,False,True,NOT_EVALUABLE_AT_ZERO,True,False,True,True,PORT_EVALUABLE_AT_ZERO,0.0,-0.04999999999980263,STABLE,0,BOUNDARY_OR_UNRESOLVED,True,0,0,(-7.882285791003045e-05-1.2397652186118164e-13j),0.30131127035829175,1.0,True,-1.0,77.42051567534027,1.0,-1.0,1.0,2.2737367544323206e-13,0.04999999999980263,-1.0,77.08549381708394,1.0,-1.0,1.0,3.552713678800501e-13,0.04999999999980263,41,41,3.3035476519523496e-09,2,0.00096266006860075,0.012942826260447628,UNSTABLE,1,UNSTABLE,True,0,0,(-0.0003954615275504031-3.6946570333519827e-13j),0.961945303358487,1.0,True,1.0,76.37659828251914,1.0,-1.0,-1.0,9.947598300641403e-14,0.012942826470191541,1.0,76.0415764252667,1.0,-1.0,-1.0,4.689582056016661e-13,0.012942826553575962,41,41,5.2754242936936334e-09,1
Kundur,K12A,2+3+4,0.000764576560533,1.15,0.0,0.0010346671911375,APERIODIC_THROUGH_ORIGIN,,,,87,0.0,0.00095572070066625,-0.04999999999980264,0.01272154497915512,0,0.000750920110037941,-1.3656450495059028e-05,False,True,False,NOT_EVALUABLE_AT_ZERO,True,False,True,True,PORT_EVALUABLE_AT_ZERO,0.0,-0.04999999999980264,STABLE,0,BOUNDARY_OR_UNRESOLVED,True,0,2,(-9.946707617392475e-05-8.224424923581708e-14j),6.154618788275423,1.0,False,-1.0,77.43985772601015,1.0,-1.0,1.0,1.1368683772161603e-13,0.04999999999980264,-1.0,77.10483586712343,1.0,-1.0,1.0,7.105427357601002e-14,0.04999999999980264,41,41,3.1311951728443163e-09,2,0.00095572070066625,0.01272154497915512,UNSTABLE,1,UNSTABLE,True,0,2,(3.4321268683780423e-05+1.9312490449614576e-13j),18.020054383604386,1.0,False,1.0,76.37541281606065,1.0,-1.0,-1.0,1.7053025658242404e-13,0.012721544994653574,1.0,76.04039095489297,1.0,-1.0,-1.0,8.384404281969182e-13,0.012721545000791814,41,41,2.783961902893021e-08,2
Kundur,K12A,2+3+4,0.0007636632505131,1.175,0.0,0.0011810048311669,APERIODIC_THROUGH_ORIGIN,,,,88,0.0,0.000954579063141375,-0.04999999999980263,0.012846064666843364,0,0.000748606379126349,-1.5056871386751004e-05,False,True,False,NOT_EVALUABLE_AT_ZERO,True,False,True,True,PORT_EVALUABLE_AT_ZERO,0.0,-0.04999999999980263,STABLE,0,BOUNDARY_OR_UNRESOLVED,True,0,2,(-5.1144678948520544e-05-2.7244827555572733e-12j),117.11888173366229,1.0,False,-1.0,77.45883274674007,1.0,-1.0,1.0,1.8474111129762605e-13,0.04999999999980263,-1.0,77.12381088620705,1.0,-1.0,1.0,1.5631940186722204e-13,0.04999999999980263,41,41,1.3994297360464616e-08,0,0.000954579063141375,0.012846064666843364,UNSTABLE,1,UNSTABLE,True,0,2,(0.00019061390319653017-1.0558318352645382e-11j),117.0587794646242,1.0,False,1.0,76.40262465274259,1.0,-1.0,-1.0,2.8421709430404007e-13,0.012846064692919913,1.0,76.06760279308742,1.0,-1.0,-1.0,2.8421709430404007e-13,0.012846064703275305,41,41,8.738353941328121e-09,1
Kundur,K12A,2+3+4,0.0007614525049252,1.2000000000000002,0.0,0.0010392409808484,APERIODIC_THROUGH_ORIGIN,,,,89,0.0,0.0009518156311565,-0.04999999999980264,0.012863252882430662,0,0.0007463904349041043,-1.5062070021095732e-05,False,False,True,NOT_EVALUABLE_AT_ZERO,True,False,True,True,PORT_EVALUABLE_AT_ZERO,0.0,-0.04999999999980264,STABLE,0,BOUNDARY_OR_UNRESOLVED,True,2,0,(7.68089011416643e-06-5.676434581724404e-14j),1.4526846687148531,1.0,True,-1.0,77.4774544145173,1.0,-1.0,1.0,2.842170943040401e-14,0.04999999999980264,-1.0,77.1424325540376,1.0,-1.0,1.0,1.8474111129762605e-13,0.04999999999980264,41,41,1.0442017543506633e-09,2,0.0009518156311565,0.012863252882430662,UNSTABLE,1,UNSTABLE,True,0,0,(0.00013620902488617709+2.41217034981483e-14j),0.09036369897865427,1.0,True,1.0,76.42063304131585,1.0,-1.0,-1.0,2.5579538487363607e-13,0.012863252827839964,1.0,76.08561118163843,1.0,-1.0,-1.0,4.689582056016661e-13,0.012863252806179363,41,41,1.712912408853073e-09,3
Kundur,K12A,2+3+4,0.0007579025213554,1.225,0.0,0.0010984561172243,APERIODIC_THROUGH_ORIGIN,,,,90,0.0,0.0009473781516942501,-0.04999999999980263,0.012769015744130162,0,0.000744266215165009,-1.3636306190390997e-05,True,False,True,NOT_EVALUABLE_AT_ZERO,True,False,True,True,PORT_EVALUABLE_AT_ZERO,0.0,-0.04999999999980263,STABLE,0,BOUNDARY_OR_UNRESOLVED,True,0,0,(0.0002714115266502932-3.6492429764849524e-13j),2.9950417605803885,1.0,True,-1.0,77.4957356473393,1.0,-1.0,1.0,8.526512829121202e-14,0.04999999999980263,-1.0,77.16071378765899,1.0,-1.0,1.0,3.410605131648481e-13,0.04999999999980263,41,41,6.935851262254815e-09,2,0.0009473781516942501,0.012769015744130162,UNSTABLE,1,UNSTABLE,True,0,0,(0.0005407774713143374-1.5184888394435825e-13j),2.1712191186600425,1.0,True,1.0,76.4291512019055,1.0,-1.0,-1.0,3.836930773104541e-13,0.012769015926983695,1.0,76.0941293448982,1.0,-1.0,-1.0,3.126388037344441e-13,0.012769015999644608,41,41,7.829553699611183e-09,1
Kundur,K12A,2+3+4,0.000758146710254,1.25,0.0,0.0010224320929289,APERIODIC_THROUGH_ORIGIN,,,,91,0.0,0.0009476833878175001,-0.04999999999980263,0.012961915207470052,0,0.0007422281454750927,-1.591856477890731e-05,False,True,True,NOT_EVALUABLE_AT_ZERO,True,False,True,True,PORT_EVALUABLE_AT_ZERO,0.0,-0.04999999999980263,STABLE,0,BOUNDARY_OR_UNRESOLVED,True,2,0,(3.5049263924179118e-06-1.443317941009989e-13j),13.233818858843884,1.0,True,-1.0,77.51368865631378,1.0,-1.0,1.0,5.826450433232822e-13,0.04999999999980263,-1.0,77.17866679267958,1.0,-1.0,1.0,5.684341886080802e-14,0.04999999999980263,41,41,3.4770816837760565e-09,1,0.0009476833878175001,0.012961915207470052,UNSTABLE,1,UNSTABLE,True,0,0,(-0.0003727661410472202+4.364574747590369e-14j),0.6066487985732545,1.0,True,1.0,76.46113072957225,1.0,-1.0,-1.0,4.689582056016661e-13,0.01296191524050192,1.0,76.12610886900582,1.0,-1.0,-1.0,5.826450433232822e-13,0.012961915253606812,41,41,4.077010643555769e-09,1
Kundur,K12A,2+3+4,0.0007561076850268,1.275,0.0,0.0010855272067347,APERIODIC_THROUGH_ORIGIN,,,,92,0.0,0.0009451346062835,-0.04999999999980263,0.012971055929550486,0,0.0007402710950684343,-1.5836589958365772e-05,True,True,True,EVALUABLE_AT_ZERO,True,False,True,True,PORT_EVALUABLE_AT_ZERO,0.0,-0.04999999999980263,STABLE,0,BOUNDARY_OR_UNRESOLVED,True,0,0,(-0.00016770756740494124-2.0319965497825766e-14j),0.6993850482478585,1.0,True,-1.0,77.53132504190637,1.0,-1.0,1.0,5.684341886080802e-14,0.04999999999980263,-1.0,77.19630317916797,1.0,-1.0,1.0,5.826450433232822e-13,0.04999999999980263,41,41,5.870006188928218e-09,1,0.0009451346062835,0.012971055929550486,UNSTABLE,1,UNSTABLE,True,0,0,(0.000530947598396239+4.05680113339243e-14j),1.193492645654455,1.0,True,1.0,76.47769151048496,1.0,-1.0,-1.0,3.268496584496461e-13,0.012971056013995867,1.0,76.14266965195917,1.0,-1.0,-1.0,2.5579538487363607e-13,0.012971056047517329,41,41,3.74687921288427e-09,1
Kundur,K12A,2+3+4,0.0007541732519813,1.3,0.0,0.0011935531899735,APERIODIC_THROUGH_ORIGIN,,,,93,0.0,0.000942716564976625,-0.04999999999980263,0.012981904665966068,0,0.0007383903333168039,-1.5782918664496138e-05,True,False,True,NOT_EVALUABLE_AT_ZERO,True,False,True,True,PORT_EVALUABLE_AT_ZERO,0.0,-0.04999999999980263,STABLE,0,BOUNDARY_OR_UNRESOLVED,True,0,0,(7.342004447543176e-05-2.863225703214283e-14j),0.6495363513502849,1.0,True,-1.0,77.54865576969807,1.0,-1.0,1.0,7.105427357601002e-14,0.04999999999980263,-1.0,77.21363390784946,1.0,-1.0,1.0,3.552713678800501e-13,0.04999999999980263,41,41,1.0188614725856323e-08,1,0.000942716564976625,0.012981904665966068,UNSTABLE,1,UNSTABLE,True,0,0,(0.0002660673384471907-6.090781317870446e-14j),0.30128365628732173,1.0,True,1.0,76.49414889722885,1.0,-1.0,-1.0,1.1368683772161603e-13,0.012981904829134026,1.0,76.15912704139342,1.0,-1.0,-1.0,5.684341886080801e-13,0.012981904894020133,41,41,6.607763043722255e-09,1
Kundur,K12A,2+3+4,0.0007520023344032,1.3250000000000002,0.0,0.0010993727350627,APERIODIC_THROUGH_ORIGIN,,,,94,0.0,0.000940002918004,-0.04999999999980263,0.012968028015780144,0,0.0007365814882751096,-1.5420846128090374e-05,False,True,False,NOT_EVALUABLE_AT_ZERO,True,False,True,True,PORT_EVALUABLE_AT_ZERO,0.0,-0.04999999999980263,STABLE,0,BOUNDARY_OR_UNRESOLVED,True,0,2,(-6.661346519089257e-05+1.0422696364956953e-13j),1.0848136435028954,1.0,False,-1.0,77.565691253879,1.0,-1.0,1.0,1.7053025658242404e-13,0.04999999999980263,-1.0,77.2306693930142,1.0,-1.0,1.0,1.4210854715202004e-14,0.04999999999980263,41,41,1.7068305840798575e-08,0,0.000940002918004,0.012968028015780144,UNSTABLE,1,UNSTABLE,True,0,2,(2.3096064476463987e-05+1.1075174955125079e-13j),35.776087205109334,1.0,False,1.0,76.50834989547951,1.0,-1.0,-1.0,4.831690603168681e-13,0.012968028039760451,1.0,76.17332803555412,1.0,-1.0,-1.0,2.5579538487363607e-13,0.012968028049280779,41,41,1.573842000086433e-08,1
Kundur,K12A,2+3+4,0.0007546657989991,1.35,0.0,0.0012298553125249,APERIODIC_THROUGH_ORIGIN,,,,95,0.0,0.0009433322487488751,-0.04999999999980263,0.01332953727675218,0,0.0007348405164714486,-1.9825282527651455e-05,True,True,False,NOT_EVALUABLE_AT_ZERO,True,False,True,True,PORT_EVALUABLE_AT_ZERO,0.0,-0.04999999999980263,STABLE,0,BOUNDARY_OR_UNRESOLVED,True,0,0,(-0.0005229873108335873+4.915606970404794e-13j),5.684502428833887,1.0,False,-1.0,77.58244138641719,1.0,-1.0,1.0,1.5631940186722204e-13,0.04999999999980263,-1.0,77.24741952786218,1.0,-1.0,1.0,9.947598300641403e-13,0.04999999999980263,41,41,1.0115543396517782e-09,0,0.0009433322487488751,0.01332953727675218,UNSTABLE,1,UNSTABLE,True,0,0,(0.0003157822753961406-1.5067536045351888e-13j),6.004385574795782,1.0,False,1.0,76.55263018707657,1.0,-1.0,-1.0,5.684341886080801e-13,0.013329537229772584,1.0,76.21760832426448,1.0,-1.0,-1.0,2.4158453015843406e-13,0.013329537211100934,41,41,2.2848142166355953e-08,2
Kundur,K12A,2+3+4,0.0007488947818314,1.375,0.0,0.0010963526901871,APERIODIC_THROUGH_ORIGIN,,,,96,0.0,0.00093611847728925,-0.04999999999980263,0.013020342374573847,0,0.0007331636722099537,-1.573110962144631e-05,True,True,True,EVALUABLE_AT_ZERO,True,False,True,True,PORT_EVALUABLE_AT_ZERO,0.0,-0.04999999999980263,STABLE,0,BOUNDARY_OR_UNRESOLVED,True,0,0,(-2.005696907121011e-05-3.1755153589355474e-14j),0.4334630774348433,1.0,True,-1.0,77.59891555371767,1.0,-1.0,1.0,0.0,0.04999999999980263,-1.0,77.26389369177159,1.0,-1.0,1.0,8.384404281969182e-13,0.04999999999980263,41,41,2.0071985761986122e-09,1,0.00093611847728925,0.013020342374573847,UNSTABLE,1,UNSTABLE,True,0,0,(0.0001568244791391251-2.945856600147102e-14j),0.18905473138671897,1.0,True,1.0,76.5426109956998,1.0,-1.0,-1.0,4.547473508864641e-13,0.013020342231782153,1.0,76.20758913256424,1.0,-1.0,-1.0,2.842170943040401e-14,0.013020342175115078,41,41,5.9585706041874616e-08,2
Kundur,K12A,2+3+4,0.0007461908411803,1.4,0.0,0.001015186593347,APERIODIC_THROUGH_ORIGIN,,,,97,0.0,0.0009327385514753749,-0.04999999999980263,0.01294731709722747,0,0.0007315474798525532,-1.464336132774675e-05,True,False,False,NOT_EVALUABLE_AT_ZERO,True,False,True,True,PORT_EVALUABLE_AT_ZERO,0.0,-0.04999999999980263,STABLE,0,BOUNDARY_OR_UNRESOLVED,True,0,0,(0.00018961605890071258+1.7561862913613533e-13j),5.960047700516758,1.0,False,-1.0,77.61512272351338,1.0,-1.0,1.0,5.684341886080802e-14,0.04999999999980263,-1.0,77.28010086110436,1.0,-1.0,1.0,3.836930773104541e-13,0.04999999999980263,41,41,8.991961036034684e-10,1,0.0009327385514753749,0.01294731709722747,UNSTABLE,1,UNSTABLE,True,0,0,(0.00031276840540363167+1.278207039181762e-13j),4.293473714850818,1.0,False,1.0,76.55132135655342,1.0,-1.0,-1.0,5.684341886080802e-14,0.012947317157099108,1.0,76.2162994958416,1.0,-1.0,-1.0,3.552713678800501e-13,0.012947317180907563,41,41,7.990269017408995e-08,1
Kundur,K12A,2+3+4,0.0007444982570854,1.425,0.0,0.0010028091780196,APERIODIC_THROUGH_ORIGIN,,,,98,0.0,0.00093062282135675,-0.04999999999980263,0.012949384576298066,0,0.0007299887092972366,-1.450954778816336e-05,True,True,True,EVALUABLE_AT_ZERO,True,False,True,True,PORT_EVALUABLE_AT_ZERO,0.0,-0.04999999999980263,STABLE,0,BOUNDARY_OR_UNRESOLVED,True,0,0,(-3.627801901896322e-05+6.874121511648321e-14j),0.19204892152972225,1.0,True,-1.0,77.63107141164792,1.0,-1.0,1.0,1.8474111129762605e-13,0.04999999999980263,-1.0,77.29604955177622,1.0,-1.0,1.0,3.979039320256561e-13,0.04999999999980263,41,41,2.8938913688918265e-09,2,0.00093062282135675,0.012949384576298066,UNSTABLE,1,UNSTABLE,True,0,0,(0.0003167767386036164-1.7569909509560256e-13j),0.3661570411541264,1.0,True,1.0,76.56595275365,1.0,-1.0,-1.0,8.526512829121202e-14,0.012949384586445333,1.0,76.23093089342825,1.0,-1.0,-1.0,3.268496584496461e-13,0.012949384590488923,41,41,1.0288263798338822e-08,1
Kundur,K12A,2+3+4,0.0007431229295778,1.4500000000000002,0.0,0.0010401428233795,APERIODIC_THROUGH_ORIGIN,,,,99,0.0,0.0009289036619722499,-0.04999999999980263,0.0129720428008324,0,0.000728484357115586,-1.4638572462214003e-05,True,True,False,NOT_EVALUABLE_AT_ZERO,True,False,True,True,PORT_EVALUABLE_AT_ZERO,0.0,-0.04999999999980263,STABLE,0,BOUNDARY_OR_UNRESOLVED,True,0,0,(-6.91751237637543e-05+1.555582085093919e-14j),1.0792402642768717,1.0,True,-1.0,77.6467697176722,1.0,-1.0,1.0,1.9895196601282805e-13,0.04999999999980263,-1.0,77.3117478565077,1.0,-1.0,1.0,2.842170943040401e-14,0.04999999999980263,41,41,3.917390593131281e-09,1,0.0009289036619722499,0.0129720428008324,UNSTABLE,1,UNSTABLE,True,0,0,(0.00032174533025488086+3.7693191463580335e-13j),3.989892834640707,1.0,False,1.0,76.58206257014442,1.0,-1.0,-1.0,7.105427357601002e-14,0.012972042920299468,1.0,76.24704071191478,1.0,-1.0,-1.0,6.963318810448982e-13,0.012972042967732817,41,41,1.0250968061873918e-09,1
Kundur,K12A,2+3+4,0.0007418524620071,1.475,0.0,0.0010593386981655,APERIODIC_THROUGH_ORIGIN,,,,100,0.0,0.000927315577508875,-0.04999999999980263,0.012998692283587594,0,0.0007270316243828136,-1.4820837624286362e-05,True,False,True,NOT_EVALUABLE_AT_ZERO,True,False,True,True,PORT_EVALUABLE_AT_ZERO,0.0,-0.04999999999980263,STABLE,0,BOUNDARY_OR_UNRESOLVED,True,0,0,(2.200065438961106e-05-1.681467690588318e-14j),0.6653503598314339,1.0,True,-1.0,77.66222539265458,1.0,-1.0,1.0,2.842170943040401e-14,0.04999999999980263,-1.0,77.32720353062012,1.0,-1.0,1.0,2.4158453015843406e-13,0.04999999999980263,41,41,6.009761566432709e-10,1,0.000927315577508875,0.012998692283587594,UNSTABLE,1,UNSTABLE,True,0,0,(3.28353658381942e-05-1.724837806975371e-14j),0.09985351361308104,1.0,True,1.0,76.59829546314538,1.0,-1.0,-1.0,4.263256414560601e-14,0.012998692396434905,1.0,76.26327360516626,1.0,-1.0,-1.0,4.973799150320701e-13,0.012998692441232414,41,41,3.2207275169223075e-09,1
Kundur,K12A,2+3+4,0.000740740675505,1.5,0.0,0.0011304460469843,APERIODIC_THROUGH_ORIGIN,,,,101,0.0,0.00092592584438125,-0.04999999999980263,0.0130339139212901,0,0.0007256279008501642,-1.5112774654835789e-05,True,True,True,EVALUABLE_AT_ZERO,True,False,True,True,PORT_EVALUABLE_AT_ZERO,0.0,-0.04999999999980263,STABLE,0,BOUNDARY_OR_UNRESOLVED,True,0,0,(0.000273021930640958-5.469731350520642e-15j),3.4130811103608254,1.0,True,-1.0,77.67744583242472,1.0,-1.0,1.0,9.947598300641403e-14,0.04999999999980263,-1.0,77.34242397442173,1.0,-1.0,1.0,3.268496584496461e-13,0.04999999999980263,41,41,5.231722688794376e-09,0,0.00092592584438125,0.0130339139212901,UNSTABLE,1,UNSTABLE,True,0,0,(-0.0004927300411942979+3.2797619194070357e-13j),3.010057343543178,1.0,True,1.0,76.615026739906,1.0,-1.0,-1.0,2.2737367544323206e-13,0.013033913856483358,1.0,76.28000487842037,1.0,-1.0,-1.0,3.694822225952521e-13,0.013033913830712472,41,41,1.3328089229390158e-08,2
Kundur,K12A,2+3+4,0.0007365555190739,1.525,0.0,0.0010140931390821,APERIODIC_THROUGH_ORIGIN,,,,102,0.0,0.000920694398842375,-0.04999999999980263,0.012817506152151253,0,0.0007242707505389695,-1.2284768534930567e-05,True,False,True,NOT_EVALUABLE_AT_ZERO,True,False,True,True,PORT_EVALUABLE_AT_ZERO,0.0,-0.04999999999980263,STABLE,0,BOUNDARY_OR_UNRESOLVED,True,0,0,(0.00030718819602175147+5.618964140914274e-13j),0.7110601373259091,1.0,True,-1.0,77.69243806015206,1.0,-1.0,1.0,7.105427357601002e-14,0.04999999999980263,-1.0,77.35741619841508,1.0,-1.0,1.0,2.4158453015843406e-13,0.04999999999980263,41,41,1.0843672351688069e-08,1,0.000920694398842375,0.012817506152151253,UNSTABLE,1,UNSTABLE,True,0,0,(0.00022609501314739013+3.740236376522571e-13j),0.5793537122936315,1.0,True,1.0,76.61099617886819,1.0,-1.0,-1.0,1.4210854715202004e-13,0.012817506017793353,1.0,76.27597431450671,1.0,-1.0,-1.0,7.958078640513122e-13,0.012817505964377548,41,41,3.574186795736055e-08,2
Kundur,K12A,2+3+4,0.0007374255319074,1.55,0.0,0.0010648575979181,APERIODIC_THROUGH_ORIGIN,,,,103,0.0,0.0009217819148842499,-0.04999999999980263,0.013004518811926276,0,0.0007229578948007593,-1.446763710664066e-05,False,True,False,NOT_EVALUABLE_AT_ZERO,True,False,True,True,PORT_EVALUABLE_AT_ZERO,0.0,-0.04999999999980263,STABLE,0,BOUNDARY_OR_UNRESOLVED,True,0,2,(-4.2611009955084265e-05-2.762088423212293e-13j),5.831939731340403,1.0,False,-1.0,77.70720885535582,1.0,-1.0,1.0,2.984279490192421e-13,0.04999999999980263,-1.0,77.37218699709278,1.0,-1.0,1.0,4.263256414560601e-13,0.04999999999980263,41,41,1.7911215581448457e-09,0,0.0009217819148842499,0.013004518811926276,UNSTABLE,1,UNSTABLE,True,0,2,(1.4654061422262471e-05+3.6309650409809826e-13j),27.515380351690652,1.0,False,1.0,76.63981373338528,1.0,-1.0,-1.0,2.7000623958883807e-13,0.013004519007048215,1.0,76.30479187782109,1.0,-1.0,-1.0,5.684341886080802e-14,0.013004519084569073,41,41,4.623923178741534e-09,1
Kundur,K12A,2+3+4,0.0007393563459886,1.575,0.0,0.0011538014230473,APERIODIC_THROUGH_ORIGIN,,,,104,0.0,0.00092419543248575,-0.04999999999980263,0.013274585359320424,0,0.0007216872008884677,-1.7669145100132318e-05,True,False,True,NOT_EVALUABLE_AT_ZERO,True,False,True,True,PORT_EVALUABLE_AT_ZERO,0.0,-0.04999999999980263,STABLE,0,BOUNDARY_OR_UNRESOLVED,True,0,0,(0.00027040419092474847-2.2133713256723797e-14j),1.0314014501194488,1.0,True,-1.0,77.72176463797418,1.0,-1.0,1.0,1.4210854715202004e-14,0.04999999999980263,-1.0,77.38674277955238,1.0,-1.0,1.0,8.384404281969182e-13,0.04999999999980263,41,41,4.4176264380687895e-10,0,0.00092419543248575,0.013274585359320424,UNSTABLE,1,UNSTABLE,True,0,0,(0.0003175855079830621-5.0617758038707956e-14j),0.8563042863016305,1.0,True,1.0,76.67488236969503,1.0,-1.0,-1.0,2.842170943040401e-14,0.013274585374111341,1.0,76.33986051069928,1.0,-1.0,-1.0,2.2737367544323206e-13,0.013274585379995856,41,41,4.867010729755655e-09,1
Kundur,K12A,2+3+4,0.0007334743345725,1.6,0.0,0.0011138295889989,APERIODIC_THROUGH_ORIGIN,,,,105,0.0,0.000916842918215625,-0.04999999999980263,0.012908068624201432,0,0.0007204566723168638,-1.3017662255636222e-05,False,True,False,NOT_EVALUABLE_AT_ZERO,True,False,True,True,PORT_EVALUABLE_AT_ZERO,0.0,-0.04999999999980263,STABLE,0,BOUNDARY_OR_UNRESOLVED,True,0,2,(-3.8918193945563035e-05-8.902807290054308e-14j),2.8766695987710373,1.0,False,-1.0,77.73611157672579,1.0,-1.0,1.0,1.1368683772161603e-13,0.04999999999980263,-1.0,77.40108971539725,1.0,-1.0,1.0,4.405364961712621e-13,0.04999999999980263,41,41,6.5884626944390495e-09,1,0.000916842918215625,0.012908068624201432,UNSTABLE,1,UNSTABLE,True,0,2,(1.3256762939887546e-05-1.5944038814676295e-13j),22.76162746567931,1.0,False,1.0,76.65841019960993,1.0,-1.0,-1.0,8.526512829121202e-14,0.012908068565667475,1.0,76.32338833588528,1.0,-1.0,-1.0,4.405364961712621e-13,0.0129080685424415,41,41,3.242858627599556e-08,2
Kundur,K12A,2+3+4,0.0007369656036866,1.625,0.0,0.001141477989326,APERIODIC_THROUGH_ORIGIN,,,,106,0.0,0.0009212070046082499,-0.04999999999980263,0.013299233331202009,0,0.00071926443530852,-1.770116837807999e-05,True,False,True,NOT_EVALUABLE_AT_ZERO,True,False,True,True,PORT_EVALUABLE_AT_ZERO,0.0,-0.04999999999980263,STABLE,0,BOUNDARY_OR_UNRESOLVED,True,0,0,(0.00012673981468384914+2.513943516045344e-14j),1.1637747261217393,1.0,True,-1.0,77.75025559561847,1.0,-1.0,1.0,4.263256414560601e-13,0.04999999999980263,-1.0,77.4152337340875,1.0,-1.0,1.0,7.105427357601002e-14,0.04999999999980263,41,41,5.497145553244132e-09,1,0.0009212070046082499,0.013299233331202009,UNSTABLE,1,UNSTABLE,True,0,0,(0.00016685089756601312-2.571861424045952e-14j),0.8284779035125824,1.0,True,1.0,76.70295800574249,1.0,-1.0,-1.0,5.968558980384842e-13,0.013299233328514955,1.0,76.36793614452581,1.0,-1.0,-1.0,1.2789769243681803e-13,0.01329923332742633,41,41,4.016575789988466e-08,2
Kundur,K12A,2+3+4,0.0007339220942877,1.65,0.0,0.0010870852471007,APERIODIC_THROUGH_ORIGIN,,,,107,0.0,0.0009174026178596249,-0.04999999999980263,0.013155868575640049,0,0.0007181087306654048,-1.581336362229519e-05,True,True,True,EVALUABLE_AT_ZERO,True,False,True,True,PORT_EVALUABLE_AT_ZERO,0.0,-0.04999999999980263,STABLE,0,BOUNDARY_OR_UNRESOLVED,True,0,0,(-2.923178591638959e-05-2.416187647378669e-14j),0.09167311288443691,1.0,True,-1.0,77.76420235473357,1.0,-1.0,1.0,4.263256414560601e-14,0.04999999999980263,-1.0,77.42918049506295,1.0,-1.0,1.0,1.2789769243681803e-13,0.04999999999980263,41,41,2.4216932313754953e-09,2,0.0009174026178596249,0.013155868575640049,UNSTABLE,1,UNSTABLE,True,0,0,(5.317615741619241e-05-1.30889611118109e-15j),0.31773773801383204,1.0,True,1.0,76.70430085121285,1.0,-1.0,-1.0,7.105427357601002e-14,0.013155868318369799,1.0,76.3692789843467,1.0,-1.0,-1.0,2.842170943040401e-14,0.013155868216259163,41,41,9.935198981792176e-09,2
Kundur,K12A,2+3+4,0.0007301878159503,1.675,0.0,0.0011263729774419,APERIODIC_THROUGH_ORIGIN,,,,108,0.0,0.0009127347699378751,-0.04999999999980263,0.012952146906992243,0,0.0007169879061711157,-1.3199909779184368e-05,True,False,True,NOT_EVALUABLE_AT_ZERO,True,False,True,True,PORT_EVALUABLE_AT_ZERO,0.0,-0.04999999999980263,STABLE,0,BOUNDARY_OR_UNRESOLVED,True,0,0,(0.0001851396610807739+1.1075057273131948e-13j),1.0216491341814298,1.0,True,-1.0,77.77795727088098,1.0,-1.0,1.0,9.947598300641403e-14,0.04999999999980263,-1.0,77.44293541188257,1.0,-1.0,1.0,3.552713678800501e-13,0.04999999999980263,41,41,1.6712001854895127e-09,0,0.0009127347699378751,0.012952146906992243,UNSTABLE,1,UNSTABLE,True,0,0,(9.540236900090387e-05+7.240182098509696e-14j),0.7577781902657177,1.0,True,1.0,76.70045857854844,1.0,-1.0,-1.0,2.8421709430404007e-13,0.012952146965289313,1.0,76.36543671885336,1.0,-1.0,-1.0,3.979039320256561e-13,0.01295214698845606,41,41,7.683973838432162e-09,1
Kundur,K12A,2+3+4,0.00073188897675,1.7000000000000002,0.0,0.0010550318581287,APERIODIC_THROUGH_ORIGIN,,,,109,0.0,0.0009148612209375,-0.04999999999980263,0.013189989964079897,0,0.0007159004069724658,-1.5988569777534165e-05,False,False,False,NOT_EVALUABLE_AT_ZERO,True,False,True,True,PORT_EVALUABLE_AT_ZERO,0.0,-0.04999999999980263,STABLE,0,BOUNDARY_OR_UNRESOLVED,True,0,2,(4.6120779693754654e-06+5.589033874381019e-13j),1049.0237722410818,1.0,False,-1.0,77.79152554747041,1.0,-1.0,1.0,6.394884621840902e-13,0.04999999999980263,-1.0,77.45650368681497,1.0,-1.0,1.0,3.410605131648481e-13,0.04999999999980263,41,41,4.971854412550286e-10,2,0.0009148612209375,0.013189989964079897,UNSTABLE,1,UNSTABLE,True,0,2,(2.6859379229211905e-05+8.173003289771441e-14j),74.77698808515669,1.0,False,1.0,76.73218088106827,1.0,-1.0,-1.0,3.126388037344441e-13,0.013189989909663904,1.0,76.39715901875158,1.0,-1.0,-1.0,7.389644451905042e-13,0.013189989888043357,41,41,5.1711979683993726e-08,2
Kundur,K12A,2+3+4,0.0007277311942177,1.725,0.0,0.0010130187254575,APERIODIC_THROUGH_ORIGIN,,,,110,0.0,0.0009096639927721249,-0.04999999999980263,0.01294474173863619,0,0.0007148447695497832,-1.2886424667916756e-05,True,False,True,NOT_EVALUABLE_AT_ZERO,True,False,True,True,PORT_EVALUABLE_AT_ZERO,0.0,-0.04999999999980263,STABLE,0,BOUNDARY_OR_UNRESOLVED,True,0,0,(-0.00017851474945762753-4.8857017204602404e-14j),0.3490132314036585,1.0,True,-1.0,77.80491218916549,1.0,-1.0,1.0,3.410605131648481e-13,0.04999999999980263,-1.0,77.46989032751878,1.0,-1.0,1.0,4.405364961712621e-13,0.04999999999980263,41,41,1.2137634658050786e-08,1,0.0009096639927721249,0.01294474173863619,UNSTABLE,1,UNSTABLE,True,0,0,(-4.401954076979068e-05+7.575155156268599e-15j),0.5264871193884958,1.0,True,1.0,76.7246950009399,1.0,-1.0,-1.0,8.526512829121202e-13,0.012944741826489624,1.0,76.38967314138802,1.0,-1.0,-1.0,5.542233338928781e-13,0.012944741861420682,41,41,3.1843625931643816e-08,1
Kundur,K12A,2+3+4,0.0007285663802435,1.75,0.0,0.0010608395749212,APERIODIC_THROUGH_ORIGIN,,,,111,0.0,0.000910707975304375,-0.04999999999980263,0.013106677118639545,0,0.0007138196152458598,-1.4746764997640265e-05,False,True,False,NOT_EVALUABLE_AT_ZERO,True,False,True,True,PORT_EVALUABLE_AT_ZERO,0.0,-0.04999999999980263,STABLE,0,BOUNDARY_OR_UNRESOLVED,True,0,2,(-3.0121323591207864e-05+2.283968655148895e-13j),5.674666711447015,1.0,False,-1.0,77.81812199736038,1.0,-1.0,1.0,4.689582056016661e-13,0.04999999999980263,-1.0,77.48310013624707,1.0,-1.0,1.0,0.0,0.04999999999980263,41,41,4.247867019554257e-08,1,0.000910707975304375,0.013106677118639545,UNSTABLE,1,UNSTABLE,True,0,2,(1.0428752260306482e-05-1.3453279517898378e-12j),71.71769451605292,1.0,False,1.0,76.75001669825137,1.0,-1.0,-1.0,1.5631940186722204e-13,0.01310667719034469,1.0,76.41499483811845,1.0,-1.0,-1.0,2.8421709430404007e-13,0.013106677218884135,41,41,2.256949812560262e-09,1
Kundur,K12A,2+3+4,0.000722927516973,1.775,0.0,0.0010315157678919,APERIODIC_THROUGH_ORIGIN,,,,112,0.0,0.00090365939621625,-0.04999999999980263,0.012732526107710087,0,0.0007128236416113984,-1.0103875361601694e-05,True,False,True,NOT_EVALUABLE_AT_ZERO,True,False,True,True,PORT_EVALUABLE_AT_ZERO,0.0,-0.04999999999980263,STABLE,0,BOUNDARY_OR_UNRESOLVED,True,0,0,(-3.181501969851859e-05-5.179314882029699e-14j),0.09917128732687512,1.0,True,-1.0,77.83115957172382,1.0,-1.0,1.0,1.7053025658242404e-13,0.04999999999980263,-1.0,77.49613770802232,1.0,-1.0,1.0,3.268496584496461e-13,0.04999999999980263,41,41,8.537696282413863e-09,1,0.00090365939621625,0.012732526107710087,UNSTABLE,1,UNSTABLE,True,0,0,(-0.00021759258255170025+2.6312092348346e-14j),1.096205582121135,1.0,True,1.0,76.73150161355983,1.0,-1.0,-1.0,3.979039320256561e-13,0.012732526174319912,1.0,76.396479754698,1.0,-1.0,-1.0,5.968558980384842e-13,0.012732526200786827,41,41,6.94672525148245e-09,1
Kundur,K12A,2+3+4,0.0007251239458047,1.8,0.0,0.0011098957511746,APERIODIC_THROUGH_ORIGIN,,,,113,0.0,0.000906404932255875,-0.04999999999980263,0.013002082829233427,0,0.0007118556229457386,-1.3268322858961444e-05,False,True,False,NOT_EVALUABLE_AT_ZERO,True,False,True,True,PORT_EVALUABLE_AT_ZERO,0.0,-0.04999999999980263,STABLE,0,BOUNDARY_OR_UNRESOLVED,True,2,2,(-2.7761746991094937e-05+3.582082038565799e-14j),0.9598947461262534,1.0,False,-1.0,77.84402936063991,1.0,-1.0,1.0,2.842170943040401e-14,0.04999999999980263,-1.0,77.50900749767915,1.0,-1.0,1.0,2.7000623958883807e-13,0.04999999999980263,41,41,7.724925872872154e-09,1,0.000906404932255875,0.013002082829233427,UNSTABLE,1,UNSTABLE,True,0,2,(9.382040795276671e-06-8.191828037982423e-13j),63.51717645950419,1.0,False,1.0,76.7655092650724,1.0,-1.0,-1.0,9.947598300641403e-14,0.013002083125030034,1.0,76.43048741093457,1.0,-1.0,-1.0,3.268496584496461e-13,0.013002083242516536,41,41,2.634314046052872e-09,1
Kundur,K12A,2+3+4,0.0007235353850086,1.825,0.0,0.001085624929165,APERIODIC_THROUGH_ORIGIN,,,,114,0.0,0.00090441923126075,-0.04999999999980263,0.012956727798247721,0,0.0007109143979196135,-1.2620987088986474e-05,False,True,False,NOT_EVALUABLE_AT_ZERO,True,False,True,True,PORT_EVALUABLE_AT_ZERO,0.0,-0.04999999999980263,STABLE,0,BOUNDARY_OR_UNRESOLVED,True,0,2,(-2.669258560612712e-05-2.4235067082395087e-14j),7.503741615270982,1.0,False,-1.0,77.85673562381426,1.0,-1.0,1.0,4.831690603168681e-13,0.04999999999980263,-1.0,77.5217137628895,1.0,-1.0,1.0,3.410605131648481e-13,0.04999999999980263,41,41,7.555303243509064e-09,2,0.00090441923126075,0.012956727798247721,UNSTABLE,1,UNSTABLE,True,0,2,(8.979440507746989e-06-2.0184966021967086e-13j),91.54713577800929,1.0,False,1.0,76.77358921307024,1.0,-1.0,-1.0,4.263256414560601e-14,0.012956727841222607,1.0,76.43856735223419,1.0,-1.0,-1.0,5.968558980384842e-13,0.012956727858323141,41,41,6.412644529136451e-08,1
Kundur,K12A,2+3+4,0.0007271047121483,1.85,0.0,0.0013093491910479,APERIODIC_THROUGH_ORIGIN,,,,115,0.0,0.000908880890185375,-0.04999999999980263,0.013336759046909613,0,0.0007099988701083008,-1.710584203999915e-05,True,True,True,EVALUABLE_AT_ZERO,True,False,True,True,PORT_EVALUABLE_AT_ZERO,0.0,-0.04999999999980263,STABLE,0,BOUNDARY_OR_UNRESOLVED,True,0,0,(-1.3222269754541473e-05-2.174259528957613e-14j),0.3098325835242806,1.0,True,-1.0,77.8692824532613,1.0,-1.0,1.0,2.1316282072803006e-13,0.04999999999980263,-1.0,77.53426059102415,1.0,-1.0,1.0,1.0658141036401503e-12,0.04999999999980263,41,41,1.6587046834776165e-08,1,0.000908880890185375,0.013336759046909613,UNSTABLE,1,UNSTABLE,True,0,0,(7.783707267594727e-05-3.2655441893518706e-14j),0.29118989141350654,1.0,True,1.0,76.81573570645627,1.0,-1.0,-1.0,4.263256414560601e-14,0.013336759095141969,1.0,76.48071384671464,1.0,-1.0,-1.0,2.984279490192421e-13,0.013336759114310414,41,41,1.6298330503609439e-09,1
Kundur,K12A,2+3+4,0.0007219101153572,1.875,0.0,0.0011414234981964,APERIODIC_THROUGH_ORIGIN,,,,116,0.0,0.0009023876441965,-0.04999999999980264,0.012987549035460256,0,0.0007091080019861515,-1.280211337104846e-05,True,False,True,NOT_EVALUABLE_AT_ZERO,True,False,True,True,PORT_EVALUABLE_AT_ZERO,0.0,-0.04999999999980264,STABLE,0,BOUNDARY_OR_UNRESOLVED,True,0,0,(5.325940948806355e-05+1.1296847203043008e-14j),0.42635262441822264,1.0,True,-1.0,77.88167381326951,1.0,-1.0,1.0,4.263256414560601e-14,0.04999999999980264,-1.0,77.54665195139741,1.0,-1.0,1.0,1.9895196601282805e-13,0.04999999999980264,41,41,1.1233459407252941e-08,1,0.0009023876441965,0.012987549035460256,UNSTABLE,1,UNSTABLE,True,0,0,(9.611526924132777e-05-3.325063733423596e-14j),0.2661384134275467,1.0,True,1.0,76.79922550222658,1.0,-1.0,-1.0,1.7053025658242404e-13,0.012987548984035067,1.0,76.46420363931753,1.0,-1.0,-1.0,7.815970093361102e-13,0.012987548963594503,41,41,4.076189712096123e-08,2
Kundur,K12A,2+3+4,0.0007219800887267,1.9,0.0,0.0010322300599655,APERIODIC_THROUGH_ORIGIN,,,,117,0.0,0.0009024751109083751,-0.04999999999980264,0.013073244008703779,0,0.0007082408116289114,-1.3739277097788642e-05,False,True,False,NOT_EVALUABLE_AT_ZERO,True,False,True,True,PORT_EVALUABLE_AT_ZERO,0.0,-0.04999999999980264,STABLE,0,BOUNDARY_OR_UNRESOLVED,True,0,2,(3.254160757650753e-05+2.6566476273091714e-12j),142.4328163931232,1.0,False,-1.0,77.89391351225598,1.0,-1.0,1.0,1.1368683772161603e-13,0.04999999999980264,-1.0,77.5588916538039,1.0,-1.0,1.0,2.842170943040401e-14,0.04999999999980264,41,41,4.1473690769519515e-09,0,0.0009024751109083751,0.013073244008703779,UNSTABLE,1,UNSTABLE,True,0,2,(-4.477557274680549e-05-2.497944125851026e-12j),97.19361570193244,1.0,False,1.0,76.81753027518079,1.0,-1.0,-1.0,1.4210854715202004e-13,0.013073244167129952,1.0,76.48250841662123,1.0,-1.0,-1.0,3.552713678800501e-13,0.013073244230073186,41,41,1.0382970714340867e-08,1
Kundur,K12A,2+3+4,0.0007204839128017,1.925,0.0,0.0010487181932984,APERIODIC_THROUGH_ORIGIN,,,,118,0.0,0.0009006048910021249,-0.04999999999980263,0.013026489653046164,0,0.0007073963669997027,-1.30875458019973e-05,True,False,True,NOT_EVALUABLE_AT_ZERO,True,False,True,True,PORT_EVALUABLE_AT_ZERO,0.0,-0.04999999999980263,STABLE,0,BOUNDARY_OR_UNRESOLVED,True,0,0,(4.1145085770694766e-05+1.3837889862698705e-14j),0.49342475933695606,1.0,True,-1.0,77.90600518981071,1.0,-1.0,1.0,2.2737367544323206e-13,0.04999999999980263,-1.0,77.57098332713628,1.0,-1.0,1.0,3.410605131648481e-13,0.04999999999980263,41,41,1.3759632756180909e-08,1,0.0009006048910021249,0.013026489653046164,UNSTABLE,1,UNSTABLE,True,0,0,(5.428310504788641e-05+1.9061504683013345e-14j),0.27184124575581126,1.0,True,1.0,76.82499256532392,1.0,-1.0,-1.0,0.0,0.013026489580237749,1.0,76.48997070182983,1.0,-1.0,-1.0,8.526512829121202e-14,0.0130264895513091,41,41,3.372700050870755e-08,2
Kundur,K12A,2+3+4,0.0007237413198324,1.95,0.0,0.0013388818393938,APERIODIC_THROUGH_ORIGIN,,,,119,0.0,0.0009046766497905,-0.04999999999980263,0.01337473728166962,0,0.0007065737853486581,-1.7167534483741886e-05,True,False,True,NOT_EVALUABLE_AT_ZERO,True,False,True,True,PORT_EVALUABLE_AT_ZERO,0.0,-0.04999999999980263,STABLE,0,BOUNDARY_OR_UNRESOLVED,True,0,0,(0.00013443456323686408-2.668417475795438e-15j),1.1287904276610254,1.0,True,-1.0,77.9179524164963,1.0,-1.0,1.0,4.547473508864641e-13,0.04999999999980263,-1.0,77.5829305539621,1.0,-1.0,1.0,8.526512829121202e-14,0.04999999999980263,41,41,1.4555258238954714e-08,1,0.0009046766497905,0.01337473728166962,UNSTABLE,1,UNSTABLE,True,0,0,(0.00012235776643913763+3.10229737767991e-14j),0.9088568452513357,1.0,True,1.0,76.86394328595897,1.0,-1.0,-1.0,4.263256414560601e-14,0.013374737332876672,1.0,76.52892142673747,1.0,-1.0,-1.0,6.821210263296962e-13,0.013374737353246518,41,41,5.3080200107168775e-11,1
Kundur,K12A,2+3+4,0.0007208477137869,1.975,0.0,0.0011954951828893,APERIODIC_THROUGH_ORIGIN,,,,120,0.0,0.000901059642233625,-0.04999999999980264,0.013207446161470857,0,0.0007057722289422271,-1.5075484844672901e-05,True,False,True,NOT_EVALUABLE_AT_ZERO,True,False,True,True,PORT_EVALUABLE_AT_ZERO,0.0,-0.04999999999980264,STABLE,0,BOUNDARY_OR_UNRESOLVED,True,0,0,(0.0001200300150676821-1.987347919002893e-13j),1.192727266425701,1.0,True,-1.0,77.9297585945106,1.0,-1.0,1.0,0.0,0.04999999999980264,-1.0,77.59473673392971,1.0,-1.0,1.0,4.121147867408581e-13,0.04999999999980264,41,41,2.3721757190703126e-09,0,0.000901059642233625,0.013207446161470857,UNSTABLE,1,UNSTABLE,True,0,0,(4.259894349494329e-05-3.759679439594458e-14j),0.8400435370543279,1.0,True,1.0,76.86165255744109,1.0,-1.0,-1.0,3.979039320256561e-13,0.013207446014104984,1.0,76.52663069379298,1.0,-1.0,-1.0,1.2789769243681803e-13,0.01320744595555454,41,41,1.8323572506163022e-08,2
Kundur,K12A,2+3+4,0.0007204976350638,2.0,0.0,0.0011240155178373,APERIODIC_THROUGH_ORIGIN,,,,121,0.0,0.00090062204382975,-0.04999999999980263,0.013250918268785066,0,0.000704990902753256,-1.5506732310544002e-05,True,False,True,NOT_EVALUABLE_AT_ZERO,True,False,True,True,PORT_EVALUABLE_AT_ZERO,0.0,-0.04999999999980263,STABLE,0,BOUNDARY_OR_UNRESOLVED,True,0,0,(1.691338218179491e-05+2.2367934992587014e-14j),6.176449177773201,1.0,True,-1.0,77.94142700345691,1.0,-1.0,1.0,4.831690603168681e-13,0.04999999999980263,-1.0,77.60640514148056,1.0,-1.0,1.0,8.810729923425242e-13,0.04999999999980263,41,41,3.117405960623317e-08,1,0.00090062204382975,0.013250918268785066,UNSTABLE,1,UNSTABLE,True,0,0,(0.00027507789089527735+4.022203882079415e-14j),2.7194558987897928,1.0,True,1.0,76.87599295126132,1.0,-1.0,-1.0,5.258016244624741e-13,0.013250918415756728,1.0,76.54097109382447,1.0,-1.0,-1.0,3.268496584496461e-13,0.013250918474155632,41,41,6.40649613763158e-09,1
Kundur,K12B,3+4,0.0002720640533758,0.5,0.0,0.0010286270614458,APERIODIC_THROUGH_ORIGIN,,,,122,0.0,0.00034008006671975004,-0.04999999999980263,0.012065359559577339,0,0.0002670031114701915,-5.060941905608504e-06,False,True,False,NOT_EVALUABLE_AT_ZERO,True,False,True,True,PORT_EVALUABLE_AT_ZERO,0.0,-0.04999999999980263,STABLE,0,BOUNDARY_OR_UNRESOLVED,True,0,2,(-0.0007848828352422354-1.3372046932203993e-12j),11.15216227354028,1.0,False,-1.0,78.83375718747516,1.0,-1.0,1.0,2.842170943040401e-14,0.04999999999980263,-1.0,78.6208770999615,1.0,-1.0,1.0,4.263256414560601e-14,0.04999999999980263,38,38,2.3253144827904107e-08,1,0.00034008006671975004,0.012065359559577339,UNSTABLE,1,UNSTABLE,True,0,2,(0.00022166906226799742+4.639588748454361e-14j),28.825427350039853,1.0,False,1.0,77.56713976578902,1.0,-1.0,-1.0,9.947598300641403e-14,0.012065359665508198,1.0,77.35425968060777,1.0,-1.0,-1.0,1.4210854715202004e-13,0.012065359690695643,38,38,6.435629616415573e-09,1
Kundur,K12B,3+4,0.0002734471713968,0.525,0.0,0.0012021528000666,APERIODIC_THROUGH_ORIGIN,,,,123,0.0,0.00034180896424599997,-0.04999999999980263,0.012339041023806634,0,0.0002670031117078228,-6.444059688977158e-06,True,True,True,EVALUABLE_AT_ZERO,True,False,True,True,PORT_EVALUABLE_AT_ZERO,0.0,-0.04999999999980263,STABLE,0,BOUNDARY_OR_UNRESOLVED,True,0,0,(0.0010010978623513456+7.154958320699373e-13j),3.799933202859525,1.0,True,-1.0,78.83375719364085,1.0,-1.0,1.0,8.526512829121202e-14,0.04999999999980263,-1.0,78.62087710734524,1.0,-1.0,1.0,7.105427357601002e-14,0.04999999999980263,38,38,4.2896967705455675e-09,2,0.00034180896424599997,0.012339041023806634,UNSTABLE,1,UNSTABLE,True,0,0,(-0.0052709300088572865-1.6210608837262733e-12j),2.2210092798769203,1.0,True,1.0,77.5906687653812,1.0,-1.0,-1.0,5.684341886080802e-14,0.012339041020600693,1.0,77.37778867859919,1.0,-1.0,-1.0,7.105427357601002e-14,0.012339041019861226,38,38,2.700352685335329e-09,3
Kundur,K12B,3+4,0.0002711995110277,0.55,0.0,0.0010232062312078,APERIODIC_THROUGH_ORIGIN,,,,124,0.0,0.000338999388784625,-0.04999999999980263,0.011881348029767414,0,0.00026700311190968934,-4.196399118010653e-06,True,False,True,NOT_EVALUABLE_AT_ZERO,True,False,True,True,PORT_EVALUABLE_AT_ZERO,0.0,-0.04999999999980263,STABLE,0,BOUNDARY_OR_UNRESOLVED,True,0,0,(0.003800568103079044-1.5832994637587916e-13j),2.1518116433638106,1.0,True,-1.0,78.83375718543888,1.0,-1.0,1.0,0.0,0.04999999999980263,-1.0,78.6208770974919,1.0,-1.0,1.0,5.684341886080802e-14,0.04999999999980263,38,38,6.80540645416213e-10,1,0.000338999388784625,0.011881348029767414,UNSTABLE,1,UNSTABLE,True,0,0,(0.0032559496894404424+3.3604666426390213e-13j),1.6634709896562792,1.0,True,1.0,77.55214985664433,1.0,-1.0,-1.0,1.4210854715202004e-13,0.011881347892942212,1.0,77.33926976748987,1.0,-1.0,-1.0,9.947598300641403e-14,0.01188134786041171,38,38,2.8794117586285065e-09,2
Kundur,K12B,3+4,0.0002717410192255,0.575,0.0,0.0010451261760733,APERIODIC_THROUGH_ORIGIN,,,,125,0.0,0.00033967627403187496,-0.04999999999980263,0.011985609128554467,0,0.00026700311150454933,-4.737907720950643e-06,True,False,True,NOT_EVALUABLE_AT_ZERO,True,False,True,True,PORT_EVALUABLE_AT_ZERO,0.0,-0.04999999999980263,STABLE,0,BOUNDARY_OR_UNRESOLVED,True,0,0,(0.001525203234795991+6.058989704376533e-14j),0.363923827798292,1.0,True,-1.0,78.83375718437837,1.0,-1.0,1.0,1.1368683772161603e-13,0.04999999999980263,-1.0,78.62087709615079,1.0,-1.0,1.0,7.105427357601002e-14,0.04999999999980263,38,38,2.9734569090934327e-09,1,0.00033967627403187496,0.011985609128554467,UNSTABLE,1,UNSTABLE,True,0,0,(0.001362263155393703+3.057454192696665e-13j),0.20138852888572803,1.0,True,1.0,77.56156477971722,1.0,-1.0,-1.0,0.0,0.01198560919682316,1.0,77.34868469463781,1.0,-1.0,-1.0,8.526512829121202e-14,0.01198560921308593,38,38,2.9599157459482214e-09,1
Kundur,K12B,3+4,0.0002717759872838,0.6,0.0,0.0010581929704183,APERIODIC_THROUGH_ORIGIN,,,,126,0.0,0.00033971998410475,-0.04999999999980263,0.011987787127957424,0,0.000267003111642624,-4.772875641175997e-06,False,True,False,NOT_EVALUABLE_AT_ZERO,True,False,True,True,PORT_EVALUABLE_AT_ZERO,0.0,-0.04999999999980263,STABLE,0,BOUNDARY_OR_UNRESOLVED,True,0,2,(-0.0007852151864498407-1.2796633234462185e-12j),8.583768747423667,1.0,False,-1.0,78.83375719356401,1.0,-1.0,1.0,5.684341886080802e-14,0.04999999999980263,-1.0,78.62087710712284,1.0,-1.0,1.0,1.5631940186722204e-13,0.04999999999980263,38,38,2.807661337495292e-09,2,0.00033971998410475,0.011987787127957424,UNSTABLE,1,UNSTABLE,True,0,2,(0.00022065455075129698-9.524323959852555e-13j),58.18865700545225,1.0,False,1.0,77.56216973022555,1.0,-1.0,-1.0,8.526512829121202e-14,0.011987787095654618,1.0,77.34928964268131,1.0,-1.0,-1.0,1.4210854715202004e-14,0.01198778708797552,38,38,1.889416531997162e-08,2
Kundur,K12B,3+4,0.0002734378416142,0.625,0.0,0.0012282152747595,APERIODIC_THROUGH_ORIGIN,,,,127,0.0,0.00034179730201775,-0.04999999999980264,0.012317038798479656,0,0.0002670031117367478,-6.434729877452191e-06,False,True,True,NOT_EVALUABLE_AT_ZERO,True,False,True,True,PORT_EVALUABLE_AT_ZERO,0.0,-0.04999999999980264,STABLE,0,BOUNDARY_OR_UNRESOLVED,True,2,0,(0.00026639920645064684+2.874750405171961e-13j),3.95249172093456,1.0,True,-1.0,78.83375718778386,1.0,-1.0,1.0,5.684341886080802e-14,0.04999999999980264,-1.0,78.62087710000083,1.0,-1.0,1.0,2.842170943040401e-14,0.04999999999980264,38,38,2.56748234360503e-09,1,0.00034179730201775,0.012317038798479656,UNSTABLE,1,UNSTABLE,True,0,0,(-0.0023352607713952025-6.875308766860107e-13j),1.0980072847357092,1.0,True,1.0,77.59051187527147,1.0,-1.0,-1.0,2.842170943040401e-14,0.012317038913220165,1.0,77.37763179043208,1.0,-1.0,-1.0,8.526512829121202e-14,0.012317038940473366,38,38,3.5709153688834197e-09,1
Kundur,K12B,3+4,0.0002723502956279,0.65,0.0,0.0010223906806855,APERIODIC_THROUGH_ORIGIN,,,,128,0.0,0.000340437869534875,-0.04999999999980263,0.01209352992200031,0,0.0002670031115889397,-5.347184038960288e-06,True,False,True,NOT_EVALUABLE_AT_ZERO,True,False,True,True,PORT_EVALUABLE_AT_ZERO,0.0,-0.04999999999980263,STABLE,0,BOUNDARY_OR_UNRESOLVED,True,0,0,(0.00019146086956593473+1.9942314053053467e-13j),0.8383107518885007,1.0,True,-1.0,78.83375719242471,1.0,-1.0,1.0,0.0,0.04999999999980263,-1.0,78.62087710596765,1.0,-1.0,1.0,4.263256414560601e-14,0.04999999999980263,38,38,6.11853787721658e-10,2,0.000340437869534875,0.01209352992200031,UNSTABLE,1,UNSTABLE,True,0,0,(0.0009549667716114866-1.8572961155844514e-14j),0.12596873688483973,1.0,True,1.0,77.57205425723873,1.0,-1.0,-1.0,2.1316282072803006e-13,0.01209352980187932,1.0,77.35917416873647,1.0,-1.0,-1.0,1.8474111129762605e-13,0.012093529773320183,38,38,2.543678492245385e-09,2
Kundur,K12B,3+4,0.0002726317384642,0.675,0.0,0.0011606733743821,APERIODIC_THROUGH_ORIGIN,,,,129,0.0,0.00034078967308025004,-0.04999999999980264,0.012145156983882143,0,0.00026700311180161596,-5.628626662584056e-06,False,True,False,NOT_EVALUABLE_AT_ZERO,True,False,True,True,PORT_EVALUABLE_AT_ZERO,0.0,-0.04999999999980264,STABLE,0,BOUNDARY_OR_UNRESOLVED,True,0,2,(-0.0007855155047228053+2.1171803595227204e-12j),11.011183986805413,1.0,False,-1.0,78.8337571954148,1.0,-1.0,1.0,4.263256414560601e-14,0.04999999999980264,-1.0,78.62087710936149,1.0,-1.0,1.0,1.4210854715202004e-14,0.04999999999980264,38,38,2.043409394965904e-09,2,0.00034078967308025004,0.012145156983882143,UNSTABLE,1,UNSTABLE,True,0,2,(0.0002232023805100495+3.4770533755825936e-12j),72.29736173036414,1.0,False,1.0,77.57686323018095,1.0,-1.0,-1.0,1.4210854715202004e-14,0.012145157119985466,1.0,77.36398314498935,1.0,-1.0,-1.0,8.526512829121202e-14,0.012145157152304931,38,38,1.1080545528316966e-09,1
Kundur,K12B,3+4,0.0002714707287183,0.7,0.0,0.0010348675656693,APERIODIC_THROUGH_ORIGIN,,,,130,0.0,0.000339338410897875,-0.04999999999980263,0.011907052180032445,0,0.00026700311223147393,-4.467616486826076e-06,True,False,True,NOT_EVALUABLE_AT_ZERO,True,False,True,True,PORT_EVALUABLE_AT_ZERO,0.0,-0.04999999999980263,STABLE,0,BOUNDARY_OR_UNRESOLVED,True,0,0,(0.0018438666902099974+7.23436820160555e-13j),2.995526537241031,1.0,True,-1.0,78.8337571871569,1.0,-1.0,1.0,2.842170943040401e-14,0.04999999999980263,-1.0,78.62087709983417,1.0,-1.0,1.0,8.526512829121202e-14,0.04999999999980263,38,38,1.443559223336156e-09,1,0.000339338410897875,0.011907052180032445,UNSTABLE,1,UNSTABLE,True,0,0,(0.00015179473450275985-4.571906105406765e-13j),0.9783972473771826,1.0,True,1.0,77.55687632903386,1.0,-1.0,-1.0,5.684341886080802e-14,0.011907052261377483,1.0,77.34399624272315,1.0,-1.0,-1.0,7.105427357601002e-14,0.011907052280728886,38,38,1.0393596954527387e-09,1
Kundur,K12B,3+4,0.0002735076680417,0.725,0.0,0.0011187128643014,APERIODIC_THROUGH_ORIGIN,,,,131,0.0,0.000341884585052125,-0.04999999999980263,0.012310996838725212,0,0.00026700311153233017,-6.504556509369841e-06,False,True,False,NOT_EVALUABLE_AT_ZERO,True,False,True,True,PORT_EVALUABLE_AT_ZERO,0.0,-0.04999999999980263,STABLE,0,BOUNDARY_OR_UNRESOLVED,True,0,2,(-0.000854311998500779-3.4368162612694042e-12j),47.294725599515154,1.0,False,-1.0,78.83375719048085,1.0,-1.0,1.0,7.105427357601002e-14,0.04999999999980263,-1.0,78.6208771033531,1.0,-1.0,1.0,7.105427357601002e-14,0.04999999999980263,38,38,7.586525162424362e-10,1,0.000341884585052125,0.012310996838725212,UNSTABLE,1,UNSTABLE,True,0,2,(0.00012719165945325624-5.572013987362179e-12j),460.0020794020015,1.0,False,1.0,77.5916855283627,1.0,-1.0,-1.0,1.8474111129762605e-13,0.012310996760172286,1.0,77.37880543992547,1.0,-1.0,-1.0,1.4210854715202004e-14,0.012310996741530317,38,38,1.0015995405082082e-08,2
Kundur,K12B,3+4,0.000272350777846,0.75,0.0,0.0011104657811026,APERIODIC_THROUGH_ORIGIN,,,,132,0.0,0.0003404384723075,-0.04999999999980263,0.012074033043550137,0,0.0002670031119981884,-5.347665847811568e-06,True,False,True,NOT_EVALUABLE_AT_ZERO,True,False,True,True,PORT_EVALUABLE_AT_ZERO,0.0,-0.04999999999980263,STABLE,0,BOUNDARY_OR_UNRESOLVED,True,0,0,(0.003072168450486394-2.5309930610757994e-14j),2.2643274938791316,1.0,True,-1.0,78.8337571870408,1.0,-1.0,1.0,2.842170943040401e-14,0.04999999999980263,-1.0,78.62087709943907,1.0,-1.0,1.0,0.0,0.04999999999980263,38,38,1.3215015959574064e-09,1,0.0003404384723075,0.012074033043550137,UNSTABLE,1,UNSTABLE,True,0,0,(0.0030523190578635867+1.4603148978410956e-12j),1.6717046991119573,1.0,True,1.0,77.57206253143642,1.0,-1.0,-1.0,9.947598300641403e-14,0.012074033181843613,1.0,77.35918244698503,1.0,-1.0,-1.0,1.4210854715202004e-13,0.012074033214777707,38,38,4.903725785315072e-09,1
Kundur,K12B,3+4,0.0002734412088628,0.775,0.0,0.0012862187710294,APERIODIC_THROUGH_ORIGIN,,,,133,0.0,0.0003418015110785,-0.04999999999980263,0.012287678714543856,0,0.000267003111601581,-6.438097261219039e-06,True,False,True,NOT_EVALUABLE_AT_ZERO,True,False,True,True,PORT_EVALUABLE_AT_ZERO,0.0,-0.04999999999980263,STABLE,0,BOUNDARY_OR_UNRESOLVED,True,0,0,(0.002172212605955462-2.5277893436059925e-12j),1.1843066765183703,1.0,True,-1.0,78.8337571853553,1.0,-1.0,1.0,7.105427357601002e-14,0.04999999999980263,-1.0,78.62087709773382,1.0,-1.0,1.0,5.684341886080802e-14,0.04999999999980263,38,38,2.4401407377426374e-07,1,0.0003418015110785,0.012287678714543856,UNSTABLE,1,UNSTABLE,True,0,0,(0.0023929408081906243-3.0526022658961688e-12j),0.7876827630471643,1.0,True,1.0,77.59056848548373,1.0,-1.0,-1.0,1.4210854715202004e-14,0.01228767855654375,1.0,77.37768839595836,1.0,-1.0,-1.0,1.4210854715202004e-13,0.012287678519049852,38,38,6.394512457952653e-09,2
Kundur,K12B,3+4,0.0002735773746907,0.8,0.0,0.0013214241655646,APERIODIC_THROUGH_ORIGIN,,,,134,0.0,0.000341971718363375,-0.04999999999980263,0.012309952255582528,0,0.00026700311174366573,-6.574262947034286e-06,True,False,True,NOT_EVALUABLE_AT_ZERO,True,False,True,True,PORT_EVALUABLE_AT_ZERO,0.0,-0.04999999999980263,STABLE,0,BOUNDARY_OR_UNRESOLVED,True,0,0,(0.0029977598221998893+1.1881527438316103e-12j),1.0777272266279614,1.0,True,-1.0,78.83375718488487,1.0,-1.0,1.0,1.4210854715202004e-14,0.04999999999980263,-1.0,78.62087709705158,1.0,-1.0,1.0,0.0,0.04999999999980263,38,38,2.0275075870735413e-09,1,0.000341971718363375,0.012309952255582528,UNSTABLE,1,UNSTABLE,True,0,0,(0.00040729367297164464+2.988626721358081e-13j),0.37754209838500075,1.0,True,1.0,77.59285584551317,1.0,-1.0,-1.0,8.526512829121202e-14,0.012309952476552448,1.0,77.37997576161833,1.0,-1.0,-1.0,8.526512829121202e-14,0.012309952529025765,38,38,6.211997895403139e-09,1
Kundur,K12B,3+4,0.0002729998763081,0.825,0.0,0.0011201768207703,APERIODIC_THROUGH_ORIGIN,,,,135,0.0,0.000341249845385125,-0.04999999999980263,0.012189369601899973,0,0.0002670031118435361,-5.996764464563892e-06,True,False,True,NOT_EVALUABLE_AT_ZERO,True,False,True,True,PORT_EVALUABLE_AT_ZERO,0.0,-0.04999999999980263,STABLE,0,BOUNDARY_OR_UNRESOLVED,True,0,0,(0.004720517218326719-1.8483422012380356e-12j),1.2530209505674506,1.0,True,-1.0,78.8337571912442,1.0,-1.0,1.0,1.5631940186722204e-13,0.04999999999980263,-1.0,78.62087710411537,1.0,-1.0,1.0,5.684341886080802e-14,0.04999999999980263,38,38,8.297765077227204e-09,1,0.000341249845385125,0.012189369601899973,UNSTABLE,1,UNSTABLE,True,0,0,(0.004728518295832899-1.5624476945542629e-12j),1.0233841630116998,1.0,True,1.0,77.58311923187867,1.0,-1.0,-1.0,2.4158453015843406e-13,0.01218936959600551,1.0,77.37023914495181,1.0,-1.0,-1.0,5.684341886080802e-14,0.012189369594639928,38,38,5.412275159455384e-08,3
Kundur,K12B,3+4,0.0002722749937998,0.8500000000000001,0.0,0.0010471406426854,APERIODIC_THROUGH_ORIGIN,,,,136,0.0,0.00034034374224975006,-0.04999999999980263,0.012039344622995364,0,0.00026700311155306787,-5.271882246732156e-06,True,False,True,NOT_EVALUABLE_AT_ZERO,True,False,True,True,PORT_EVALUABLE_AT_ZERO,0.0,-0.04999999999980263,STABLE,0,BOUNDARY_OR_UNRESOLVED,True,0,0,(0.0012918879731232298-2.310575913491887e-13j),0.6975509519087711,1.0,True,-1.0,78.83375719424713,1.0,-1.0,1.0,7.105427357601002e-14,0.04999999999980263,-1.0,78.62087710816243,1.0,-1.0,1.0,1.7053025658242404e-13,0.04999999999980263,38,38,2.615815527894061e-10,2,0.00034034374224975006,0.012039344622995364,UNSTABLE,1,UNSTABLE,True,0,0,(0.0016850257974232205+8.960132097644315e-14j),0.37648872984244514,1.0,True,1.0,77.57076371609598,1.0,-1.0,-1.0,9.947598300641403e-14,0.012039344530684523,1.0,77.35788362797014,1.0,-1.0,-1.0,1.7053025658242404e-13,0.012039344508750934,38,38,2.006290606887981e-09,2
Kundur,K12B,3+4,0.000272343787494,0.875,0.0,0.0010567384105049,APERIODIC_THROUGH_ORIGIN,,,,137,0.0,0.00034042973436750003,-0.04999999999980263,0.012048251400624863,0,0.00026700311157389035,-5.34067592010965e-06,True,True,False,NOT_EVALUABLE_AT_ZERO,True,False,True,True,PORT_EVALUABLE_AT_ZERO,0.0,-0.04999999999980263,STABLE,0,BOUNDARY_OR_UNRESOLVED,True,0,0,(-0.004070029784577769-1.1889455891166134e-12j),3.6716447776409677,1.0,False,-1.0,78.83375718843888,1.0,-1.0,1.0,1.1368683772161603e-13,0.04999999999980263,-1.0,78.6208771010928,1.0,-1.0,1.0,5.684341886080802e-14,0.04999999999980263,38,38,3.4088318984700785e-09,1,0.00034042973436750003,0.012048251400624863,UNSTABLE,1,UNSTABLE,True,0,0,(0.004901321915245578+3.642321605998658e-12j),4.343500322004036,1.0,False,1.0,77.57194276736695,1.0,-1.0,-1.0,7.105427357601002e-14,0.01204825114605403,1.0,77.3590626765725,1.0,-1.0,-1.0,1.1368683772161603e-13,0.012048251085571548,38,38,5.323184097021701e-10,2
Kundur,K12B,3+4,0.0002731625656856,0.9,0.0,0.0010967347283742,APERIODIC_THROUGH_ORIGIN,,,,138,0.0,0.000341453207107,-0.04999999999980263,0.012207098325230946,0,0.00026700311172707424,-6.159453958525765e-06,False,True,False,NOT_EVALUABLE_AT_ZERO,True,False,True,True,PORT_EVALUABLE_AT_ZERO,0.0,-0.04999999999980263,STABLE,0,BOUNDARY_OR_UNRESOLVED,True,2,0,(-6.596206270051325e-06+3.585200893750149e-13j),91.14522209994857,1.0,False,-1.0,78.83375719309177,1.0,-1.0,1.0,0.0,0.04999999999980263,-1.0,78.62087710711069,1.0,-1.0,1.0,5.684341886080802e-14,0.04999999999980263,38,38,1.5779668106215528e-09,2,0.000341453207107,0.012207098325230946,UNSTABLE,1,UNSTABLE,True,0,0,(0.0035094725811991873-9.603151166794315e-14j),0.7222510233600682,1.0,True,1.0,77.5858716412652,1.0,-1.0,-1.0,7.105427357601002e-14,0.012207098174541419,1.0,77.37299155107516,1.0,-1.0,-1.0,5.684341886080802e-14,0.012207098138719175,38,38,3.2377878746701373e-09,2
Kundur,K12B,3+4,0.0002734798877241,0.925,0.0,0.0011322007112832,APERIODIC_THROUGH_ORIGIN,,,,139,0.0,0.000341849859655125,-0.04999999999980263,0.01226554730001663,0,0.0002670031112620662,-6.476776462033772e-06,True,False,True,NOT_EVALUABLE_AT_ZERO,True,False,True,True,PORT_EVALUABLE_AT_ZERO,0.0,-0.04999999999980263,STABLE,0,BOUNDARY_OR_UNRESOLVED,True,0,0,(0.0020027542531120116+1.864635026515172e-12j),1.8421265828394158,1.0,True,-1.0,78.83375718956934,1.0,-1.0,1.0,1.1368683772161603e-13,0.04999999999980263,-1.0,78.62087710257308,1.0,-1.0,1.0,1.4210854715202004e-14,0.04999999999980263,38,38,1.3960899636173472e-09,2,0.000341849859655125,0.01226554730001663,UNSTABLE,1,UNSTABLE,True,0,0,(0.004662594883504503+3.333700999511046e-12j),1.2587042752832147,1.0,True,1.0,77.5912187385791,1.0,-1.0,-1.0,0.0,0.012265547132589476,1.0,77.37833864869204,1.0,-1.0,-1.0,8.526512829121202e-14,0.012265547092826767,38,38,7.111852534723122e-09,2
Kundur,K12B,3+4,0.0002724533710473,0.95,0.0,0.0010163012742983,APERIODIC_THROUGH_ORIGIN,,,,140,0.0,0.000340566713809125,-0.04999999999980263,0.012055577259992737,0,0.0002670031116012922,-5.450259446007806e-06,True,False,True,NOT_EVALUABLE_AT_ZERO,True,False,True,True,PORT_EVALUABLE_AT_ZERO,0.0,-0.04999999999980263,STABLE,0,BOUNDARY_OR_UNRESOLVED,True,0,0,(0.0007470380894280576-1.8269193996899176e-13j),0.46420832554888836,1.0,True,-1.0,78.83375718283929,1.0,-1.0,1.0,2.842170943040401e-14,0.04999999999980263,-1.0,78.62087709404115,1.0,-1.0,1.0,8.526512829121202e-14,0.04999999999980263,38,38,2.650435461571841e-09,1,0.000340566713809125,0.012055577259992737,UNSTABLE,1,UNSTABLE,True,0,0,(0.00044543527526158706+1.1112164140130867e-13j),0.11325843241487693,1.0,True,1.0,77.57381813259624,1.0,-1.0,-1.0,2.842170943040401e-14,0.012055577094201658,1.0,77.36093804261536,1.0,-1.0,-1.0,2.4158453015843406e-13,0.012055577054771073,38,38,1.3805938120698726e-09,2
Kundur,K12B,3+4,0.0002724634016501,0.975,0.0,0.001174857825926,APERIODIC_THROUGH_ORIGIN,,,,141,0.0,0.000340579252062625,-0.04999999999980263,0.012052722750964136,0,0.00026700311147614047,-5.460290173959505e-06,False,True,False,NOT_EVALUABLE_AT_ZERO,True,False,True,True,PORT_EVALUABLE_AT_ZERO,0.0,-0.04999999999980263,STABLE,0,BOUNDARY_OR_UNRESOLVED,True,0,2,(-0.000861965705091181+1.1362100604990488e-11j),46.82277259211207,1.0,False,-1.0,78.8337571896047,1.0,-1.0,1.0,2.842170943040401e-14,0.04999999999980263,-1.0,78.6208771031398,1.0,-1.0,1.0,1.2789769243681803e-13,0.04999999999980263,38,38,4.244986404100546e-10,2,0.000340579252062625,0.012052722750964136,UNSTABLE,1,UNSTABLE,True,0,2,(0.00015801148402907908+9.223903975688619e-12j),216.38236360880435,1.0,False,1.0,77.57398964215085,1.0,-1.0,-1.0,1.4210854715202004e-14,0.012052722958704387,1.0,77.36110955867284,1.0,-1.0,-1.0,9.947598300641403e-14,0.01205272300807306,38,38,2.6826043197374744e-09,1
Kundur,K12B,3+4,0.0002739843067764,1.0,0.0,0.0011643566218696,APERIODIC_THROUGH_ORIGIN,,,,142,0.0,0.00034248038347049997,-0.04999999999980263,0.012351251164031768,0,0.00026700311162417744,-6.9811951522225405e-06,True,False,True,NOT_EVALUABLE_AT_ZERO,True,False,True,True,PORT_EVALUABLE_AT_ZERO,0.0,-0.04999999999980263,STABLE,0,BOUNDARY_OR_UNRESOLVED,True,0,0,(0.0017701764635945911-6.666790676709334e-13j),0.8266394221364968,1.0,True,-1.0,78.83375718619077,1.0,-1.0,1.0,7.105427357601002e-14,0.04999999999980263,-1.0,78.62087709821657,1.0,-1.0,1.0,7.105427357601002e-14,0.04999999999980263,38,38,3.1522886433994106e-09,1,0.00034248038347049997,0.012351251164031768,UNSTABLE,1,UNSTABLE,True,0,0,(0.0021373460857417154-4.032100176695584e-13j),0.5113595105271995,1.0,True,1.0,77.59966087952056,1.0,-1.0,-1.0,4.263256414560601e-14,0.012351251021990617,1.0,77.38678079025416,1.0,-1.0,-1.0,8.526512829121202e-14,0.012351250988287816,38,38,6.309856972721217e-10,2
Kundur,K12B,3+4,0.0002735773814169,1.025,0.0,0.001226064083466,APERIODIC_THROUGH_ORIGIN,,,,143,0.0,0.000341971726771125,-0.04999999999980264,0.012265160027074694,0,0.00026700311145176186,-6.574269965138157e-06,True,False,True,NOT_EVALUABLE_AT_ZERO,True,False,True,True,PORT_EVALUABLE_AT_ZERO,0.0,-0.04999999999980264,STABLE,0,BOUNDARY_OR_UNRESOLVED,True,0,0,(0.0011786561520866483-3.4383170533035907e-13j),0.6842523940470842,1.0,True,-1.0,78.8337571880458,1.0,-1.0,1.0,1.4210854715202004e-14,0.04999999999980264,-1.0,78.62087710068165,1.0,-1.0,1.0,1.1368683772161603e-13,0.04999999999980264,38,38,2.2192994947464132e-10,1,0.000341971726771125,0.012265160027074694,UNSTABLE,1,UNSTABLE,True,0,0,(0.0020308270783021385-2.968273669747484e-13j),0.3647256601971286,1.0,True,1.0,77.59285594556366,1.0,-1.0,-1.0,2.842170943040401e-14,0.012265160112342159,1.0,77.37997585999001,1.0,-1.0,-1.0,1.4210854715202004e-13,0.012265160132605991,38,38,5.492562823105208e-09,1
Kundur,K12B,3+4,0.0002719328095877,1.05,0.0,0.0010149606640469,APERIODIC_THROUGH_ORIGIN,,,,144,0.0,0.000339916011984625,-0.04999999999980263,0.011932348858732294,0,0.00026700311196948385,-4.929697618216158e-06,False,True,False,NOT_EVALUABLE_AT_ZERO,True,False,True,True,PORT_EVALUABLE_AT_ZERO,0.0,-0.04999999999980263,STABLE,0,BOUNDARY_OR_UNRESOLVED,True,0,2,(-0.0007871718623059744-1.520703132645504e-11j),22.105930321742033,1.0,False,-1.0,78.83375718275443,1.0,-1.0,1.0,9.947598300641403e-14,0.04999999999980263,-1.0,78.62087709400997,1.0,-1.0,1.0,2.2737367544323206e-13,0.04999999999980263,38,38,5.24784563961443e-08,1,0.000339916011984625,0.011932348858732294,UNSTABLE,1,UNSTABLE,True,0,2,(0.0002187308537397997-1.8862250140711662e-11j),97.00923852834002,1.0,False,1.0,77.56487841619135,1.0,-1.0,-1.0,5.684341886080802e-14,0.01193234877510651,1.0,77.35199832811377,1.0,-1.0,-1.0,1.4210854715202004e-13,0.011932348755216649,38,38,9.242124568230965e-10,2
Kundur,K12B,3+4,0.0002735055818791,1.0750000000000002,0.0,0.0011338503321624,APERIODIC_THROUGH_ORIGIN,,,,145,0.0,0.00034188197734887494,-0.04999999999980263,0.012240962738004702,0,0.00026700311169697093,-6.502470182129043e-06,False,True,False,NOT_EVALUABLE_AT_ZERO,True,False,True,True,PORT_EVALUABLE_AT_ZERO,0.0,-0.04999999999980263,STABLE,0,BOUNDARY_OR_UNRESOLVED,True,0,2,(-0.0007855272096005139+2.1637170899516675e-12j),5.144920705770351,1.0,False,-1.0,78.83375718432316,1.0,-1.0,1.0,2.842170943040401e-14,0.04999999999980263,-1.0,78.62087709625561,1.0,-1.0,1.0,2.842170943040401e-14,0.04999999999980263,38,38,1.592646311948426e-08,1,0.00034188197734887494,0.012240962738004702,UNSTABLE,1,UNSTABLE,True,0,2,(0.0002267320938035357+2.84856727168401e-12j),25.4759004279071,1.0,False,1.0,77.59165047945542,1.0,-1.0,-1.0,7.105427357601002e-14,0.012240962766991673,1.0,77.37877039338082,1.0,-1.0,-1.0,5.684341886080802e-14,0.012240962773908702,38,38,8.365290479102844e-09,1
Kundur,K12B,3+4,0.0002718098294765,1.1,0.0,0.0010057545899722,APERIODIC_THROUGH_ORIGIN,,,,146,0.0,0.000339762286845625,-0.04999999999980264,0.011898265914507463,0,0.0002670031115871197,-4.8067178893803145e-06,True,False,True,NOT_EVALUABLE_AT_ZERO,True,False,True,True,PORT_EVALUABLE_AT_ZERO,0.0,-0.04999999999980264,STABLE,0,BOUNDARY_OR_UNRESOLVED,True,0,0,(-0.0006780228590783043-4.37421515381787e-13j),0.04261154323863595,1.0,True,-1.0,78.83375719405882,1.0,-1.0,1.0,4.263256414560601e-14,0.04999999999980264,-1.0,78.62087710797749,1.0,-1.0,1.0,1.1368683772161603e-13,0.04999999999980264,38,38,1.196397248175325e-09,2,0.000339762286845625,0.011898265914507463,UNSTABLE,1,UNSTABLE,True,0,0,(-0.0013974201967989048-1.1363112921170806e-13j),0.3069946119077453,1.0,True,1.0,77.56275490086676,1.0,-1.0,-1.0,2.842170943040401e-14,0.0118982661838161,1.0,77.34987481815679,1.0,-1.0,-1.0,7.105427357601002e-14,0.011898266247856355,38,38,1.0349066122384313e-09,1
Kundur,K12B,3+4,0.00027246319262,1.125,0.0,0.0010590557577364,APERIODIC_THROUGH_ORIGIN,,,,147,0.0,0.000340578990775,-0.04999999999980263,0.012023630547317438,0,0.00026700311163949,-5.460080980509996e-06,False,False,True,NOT_EVALUABLE_AT_ZERO,True,False,True,True,PORT_EVALUABLE_AT_ZERO,0.0,-0.04999999999980263,STABLE,0,BOUNDARY_OR_UNRESOLVED,True,2,0,(8.745840150292466e-05-7.938461364866251e-14j),2.045613002079342,1.0,True,-1.0,78.83375719465552,1.0,-1.0,1.0,1.1368683772161603e-13,0.04999999999980263,-1.0,78.62087710872831,1.0,-1.0,1.0,4.263256414560601e-14,0.04999999999980263,38,38,5.342016969839345e-10,2,0.000340578990775,0.012023630547317438,UNSTABLE,1,UNSTABLE,True,0,0,(0.0012033958369759615-2.3051818859227854e-13j),0.1670372071703829,1.0,True,1.0,77.57398607163243,1.0,-1.0,-1.0,1.5631940186722204e-13,0.012023630708733407,1.0,77.36110598778902,1.0,-1.0,-1.0,1.1368683772161603e-13,0.012023630747095554,38,38,2.061415197036132e-09,1
Kundur,K12B,3+4,0.0002730306901503,1.15,0.0,0.0011770353596501,APERIODIC_THROUGH_ORIGIN,,,,148,0.0,0.000341288362687875,-0.04999999999980263,0.012131722069846758,0,0.000267003111609699,-6.02757854060098e-06,True,False,True,NOT_EVALUABLE_AT_ZERO,True,False,True,True,PORT_EVALUABLE_AT_ZERO,0.0,-0.04999999999980263,STABLE,0,BOUNDARY_OR_UNRESOLVED,True,0,0,(0.00048295887368709025-1.5522381176027718e-13j),2.247083849805409,1.0,True,-1.0,78.83375719620652,1.0,-1.0,1.0,9.947598300641403e-14,0.04999999999980263,-1.0,78.62087711054733,1.0,-1.0,1.0,4.263256414560601e-14,0.04999999999980263,38,38,2.304102122922191e-09,2,0.000341288362687875,0.012131722069846758,UNSTABLE,1,UNSTABLE,True,0,0,(0.0029727321438378987+1.4197222990465367e-15j),0.7905321919523943,1.0,True,1.0,77.5836411158264,1.0,-1.0,-1.0,8.526512829121202e-14,0.012131721994595213,1.0,77.37076102793378,1.0,-1.0,-1.0,5.684341886080802e-14,0.012131721976704075,38,38,9.511313182921353e-09,2
Kundur,K12B,3+4,0.0002725261515782,1.175,0.0,0.0010065511694035,APERIODIC_THROUGH_ORIGIN,,,,149,0.0,0.00034065768947275,-0.04999999999980263,0.012026508837066845,0,0.0002670031120057513,-5.523039572448733e-06,False,True,False,NOT_EVALUABLE_AT_ZERO,True,False,True,True,PORT_EVALUABLE_AT_ZERO,0.0,-0.04999999999980263,STABLE,0,BOUNDARY_OR_UNRESOLVED,True,0,2,(-0.0007855831737483203-8.305639823228154e-12j),7.180822674645532,1.0,False,-1.0,78.83375718894264,1.0,-1.0,1.0,1.4210854715202004e-14,0.04999999999980263,-1.0,78.62087710173441,1.0,-1.0,1.0,0.0,0.04999999999980263,38,38,7.428041252597608e-10,1,0.00034065768947275,0.012026508837066845,UNSTABLE,1,UNSTABLE,True,0,2,(0.0002227815646211217-1.6052275577293964e-11j),60.00211065009861,1.0,False,1.0,77.5750617553844,1.0,-1.0,-1.0,1.4210854715202004e-14,0.012026508913160528,1.0,77.36218166962354,1.0,-1.0,-1.0,9.947598300641403e-14,0.012026508931277135,38,38,6.317948119203868e-09,1
Kundur,K12B,3+4,0.0002723516781245,1.2000000000000002,0.0,0.0010630468196956,APERIODIC_THROUGH_ORIGIN,,,,150,0.0,0.000340439597655625,-0.04999999999980264,0.011986996307088403,0,0.00026700311172405116,-5.348566400448858e-06,False,True,False,NOT_EVALUABLE_AT_ZERO,True,False,True,True,PORT_EVALUABLE_AT_ZERO,0.0,-0.04999999999980264,STABLE,0,BOUNDARY_OR_UNRESOLVED,True,2,2,(-0.0007853798555373209-1.32721475445323e-12j),2.6225501267106237,1.0,False,-1.0,78.83375718570046,1.0,-1.0,1.0,1.1368683772161603e-13,0.04999999999980264,-1.0,78.62087709808887,1.0,-1.0,1.0,1.2789769243681803e-13,0.04999999999980264,38,38,7.896768934747113e-09,1,0.000340439597655625,0.011986996307088403,UNSTABLE,1,UNSTABLE,True,0,2,(0.00022296753542192812-9.272421358833514e-12j),77.93569735990214,1.0,False,1.0,77.57207794880092,1.0,-1.0,-1.0,0.0,0.011986996361516492,1.0,77.35919786307784,1.0,-1.0,-1.0,2.842170943040401e-14,0.011986996374428153,38,38,6.427231714071961e-09,1
Kundur,K12B,3+4,0.0002719793785622,1.225,0.0,0.00100144172002,APERIODIC_THROUGH_ORIGIN,,,,151,0.0,0.00033997422320275006,-0.04999999999980264,0.011908189311548528,0,0.0002670031115928251,-4.976266969374953e-06,True,False,True,NOT_EVALUABLE_AT_ZERO,True,False,True,True,PORT_EVALUABLE_AT_ZERO,0.0,-0.04999999999980264,STABLE,0,BOUNDARY_OR_UNRESOLVED,True,0,0,(0.0027828980743696548+5.380906711111228e-13j),0.6723108190474811,1.0,True,-1.0,78.83375718718128,1.0,-1.0,1.0,2.842170943040401e-14,0.04999999999980264,-1.0,78.62087709978742,1.0,-1.0,1.0,1.1368683772161603e-13,0.04999999999980264,38,38,8.067550755520565e-10,1,0.00033997422320275006,0.011908189311548528,UNSTABLE,1,UNSTABLE,True,0,0,(0.001057177926296648+4.2130509940664407e-13j),0.41458835159834406,1.0,True,1.0,77.5656813663802,1.0,-1.0,-1.0,8.526512829121202e-14,0.01190818901558012,1.0,77.35280127462762,1.0,-1.0,-1.0,2.842170943040401e-14,0.011908188945245628,38,38,3.4507625584572453e-10,2
Kundur,K12B,3+4,0.0002722909328682,1.25,0.0,0.0010797486399656,APERIODIC_THROUGH_ORIGIN,,,,152,0.0,0.00034036366608525,-0.04999999999980263,0.011965333050062733,0,0.0002670031115556819,-5.287821312518137e-06,True,False,True,NOT_EVALUABLE_AT_ZERO,True,False,True,True,PORT_EVALUABLE_AT_ZERO,0.0,-0.04999999999980263,STABLE,0,BOUNDARY_OR_UNRESOLVED,True,0,0,(-0.00406060440398761-1.2761185540894303e-12j),1.8553427686998434,1.0,True,-1.0,78.83375719072521,1.0,-1.0,1.0,0.0,0.04999999999980263,-1.0,78.62087710383146,1.0,-1.0,1.0,4.263256414560601e-14,0.04999999999980263,38,38,1.4448812732019321e-09,2,0.00034036366608525,0.011965333050062733,UNSTABLE,1,UNSTABLE,True,0,0,(-0.002894265247361366-1.1599586850936927e-12j),2.4775964002286934,1.0,True,1.0,77.5710370222211,1.0,-1.0,-1.0,1.4210854715202004e-14,0.011965333059978591,1.0,77.35815693531356,1.0,-1.0,-1.0,4.263256414560601e-14,0.011965333062317783,38,38,1.4407236049596784e-08,1
Kundur,K12B,3+4,0.0002734716175796,1.275,0.0,0.0012356173150093,APERIODIC_THROUGH_ORIGIN,,,,153,0.0,0.0003418395219745,-0.04999999999980264,0.012194878279079249,0,0.00026700311149370525,-6.468506085894742e-06,True,False,True,NOT_EVALUABLE_AT_ZERO,True,False,True,True,PORT_EVALUABLE_AT_ZERO,0.0,-0.04999999999980264,STABLE,0,BOUNDARY_OR_UNRESOLVED,True,0,0,(-0.0028740132011836543-1.2473243568382735e-12j),0.8956200453002019,1.0,True,-1.0,78.83375719059384,1.0,-1.0,1.0,0.0,0.04999999999980264,-1.0,78.6208771042852,1.0,-1.0,1.0,5.684341886080802e-14,0.04999999999980264,38,38,1.9916217929640703e-09,2,0.0003418395219745,0.012194878279079249,UNSTABLE,1,UNSTABLE,True,0,0,(-0.004258242614873781-3.9374233040678774e-13j),1.2976128151338375,1.0,True,1.0,77.59107976193332,1.0,-1.0,-1.0,0.0,0.012194878420196457,1.0,77.3781996765749,1.0,-1.0,-1.0,1.5631940186722204e-13,0.01219487845370499,38,38,1.0031097439147757e-08,1
Kundur,K12B,3+4,0.0002719449747302,1.3,0.0,0.0010853190810732,APERIODIC_THROUGH_ORIGIN,,,,154,0.0,0.00033993121841275004,-0.04999999999980263,0.01188709382603457,0,0.00026700311145404394,-4.941863276156078e-06,True,True,True,EVALUABLE_AT_ZERO,True,False,True,True,PORT_EVALUABLE_AT_ZERO,0.0,-0.04999999999980263,STABLE,0,BOUNDARY_OR_UNRESOLVED,True,0,0,(-0.001333252334764599+4.367908605743291e-14j),0.6187502388165924,1.0,True,-1.0,78.83375718384447,1.0,-1.0,1.0,4.263256414560601e-14,0.04999999999980263,-1.0,78.62087709559623,1.0,-1.0,1.0,1.8474111129762605e-13,0.04999999999980263,38,38,1.1250563722829676e-09,1,0.00033993121841275004,0.01188709382603457,UNSTABLE,1,UNSTABLE,True,0,0,(0.003821405283757177+1.1082233187500925e-12j),1.418156055255825,1.0,True,1.0,77.56508826857265,1.0,-1.0,-1.0,5.684341886080802e-14,0.011887094073055321,1.0,77.3522081855049,1.0,-1.0,-1.0,5.684341886080802e-14,0.011887094131817395,38,38,6.906944017245363e-11,1
Kundur,K12B,3+4,0.0002728932538431,1.3250000000000002,0.0,0.0012163590671125,APERIODIC_THROUGH_ORIGIN,,,,155,0.0,0.00034111656730387497,-0.04999999999980263,0.012070449415208276,0,0.00026700311135689227,-5.890142486207714e-06,True,False,True,NOT_EVALUABLE_AT_ZERO,True,False,True,True,PORT_EVALUABLE_AT_ZERO,0.0,-0.04999999999980263,STABLE,0,BOUNDARY_OR_UNRESOLVED,True,0,0,(0.0007869717054251727-5.977404867325538e-14j),1.1915515927192366,1.0,True,-1.0,78.83375718984503,1.0,-1.0,1.0,8.526512829121202e-14,0.04999999999980263,-1.0,78.6208771030709,1.0,-1.0,1.0,9.947598300641403e-14,0.04999999999980263,38,38,4.4153127252219636e-10,2,0.00034111656730387497,0.012070449415208276,UNSTABLE,1,UNSTABLE,True,0,0,(0.002631146303122907-3.6872178203795384e-13j),0.545440708848897,1.0,True,1.0,77.58131130279537,1.0,-1.0,-1.0,9.947598300641403e-14,0.012070449455891785,1.0,77.36843121649007,1.0,-1.0,-1.0,1.4210854715202004e-13,0.012070449465511847,38,38,8.362015226704218e-09,1
Kundur,K12B,3+4,0.000272012816147,1.35,0.0,0.0011012372656208,APERIODIC_THROUGH_ORIGIN,,,,156,0.0,0.00034001602018375,-0.04999999999980263,0.011891068821492252,0,0.0002670031116885858,-5.009704458414175e-06,True,False,True,NOT_EVALUABLE_AT_ZERO,True,False,True,True,PORT_EVALUABLE_AT_ZERO,0.0,-0.04999999999980263,STABLE,0,BOUNDARY_OR_UNRESOLVED,True,0,0,(-0.00455242057573429+4.856884588521487e-12j),2.368436468185491,1.0,True,-1.0,78.83375718347209,1.0,-1.0,1.0,1.4210854715202004e-14,0.04999999999980263,-1.0,78.62087709529739,1.0,-1.0,1.0,0.0,0.04999999999980263,38,38,1.0131577088656188e-09,1,0.00034001602018375,0.011891068821492252,UNSTABLE,1,UNSTABLE,True,0,0,(-0.005461260449396612+3.3686449896902504e-12j),2.9776068917630396,1.0,True,1.0,77.56625754761612,1.0,-1.0,-1.0,0.0,0.011891068806642651,1.0,77.35337746046372,1.0,-1.0,-1.0,1.4210854715202004e-14,0.011891068803141388,38,38,2.4359273533800267e-08,2
Kundur,K12B,3+4,0.0002723434216912,1.375,0.0,0.0010410912626115,APERIODIC_THROUGH_ORIGIN,,,,157,0.0,0.000340429277114,-0.04999999999980263,0.011951857789678564,0,0.0002670031116290088,-5.3403100621912e-06,False,False,False,NOT_EVALUABLE_AT_ZERO,True,False,True,True,PORT_EVALUABLE_AT_ZERO,0.0,-0.04999999999980263,STABLE,0,BOUNDARY_OR_UNRESOLVED,True,2,0,(-8.944621249214095e-07-1.6111131606576787e-13j),324.622067018427,1.0,False,-1.0,78.83375718942511,1.0,-1.0,1.0,1.1368683772161603e-13,0.04999999999980263,-1.0,78.62087710283345,1.0,-1.0,1.0,2.842170943040401e-14,0.04999999999980263,38,38,2.2735885989153604e-09,2,0.000340429277114,0.011951857789678564,UNSTABLE,1,UNSTABLE,True,0,0,(-0.0011044043593344101+6.791292441265888e-14j),0.4447832060473767,1.0,True,1.0,77.57193652807189,1.0,-1.0,-1.0,2.842170943040401e-14,0.011951857841265819,1.0,77.35905644195101,1.0,-1.0,-1.0,1.4210854715202004e-14,0.011951857853539864,38,38,5.169658302365147e-09,1
Kundur,K12B,2+3+4,0.0007816737524182,0.5,0.0,0.0010081771176334,APERIODIC_THROUGH_ORIGIN,,,,158,0.0,0.00097709219052275,-0.04999999999980263,0.012716144284543752,0,0.0007672730516621641,-1.4400700756035906e-05,False,True,False,NOT_EVALUABLE_AT_ZERO,True,False,True,True,PORT_EVALUABLE_AT_ZERO,0.0,-0.04999999999980263,STABLE,0,BOUNDARY_OR_UNRESOLVED,True,0,2,(-0.00014737441136611264+4.9804332817701864e-14j),7.281360444396667,1.0,False,-1.0,77.31776108002718,1.0,-1.0,1.0,1.1368683772161603e-13,0.04999999999980263,-1.0,76.98273921847061,1.0,-1.0,1.0,3.552713678800501e-13,0.04999999999980263,41,41,4.9302185943882995e-09,1,0.00097709219052275,0.012716144284543752,UNSTABLE,1,UNSTABLE,True,0,2,(5.149017610629465e-05+1.492624197120063e-13j),44.65935732026361,1.0,False,1.0,76.26300649707865,1.0,-1.0,-1.0,8.668621376273222e-13,0.012716144232189483,1.0,75.92798463487942,1.0,-1.0,-1.0,3.979039320256561e-13,0.012716144211408395,41,41,1.6988368669915133e-08,2
Kundur,K12B,2+3+4,0.0007842030793997,0.525,0.0,0.0010076552580739,APERIODIC_THROUGH_ORIGIN,,,,159,0.0,0.000980253849249625,-0.04999999999980264,0.012902228472128312,0,0.0007672730517365633,-1.693002766313661e-05,True,False,True,NOT_EVALUABLE_AT_ZERO,True,False,True,True,PORT_EVALUABLE_AT_ZERO,0.0,-0.04999999999980264,STABLE,0,BOUNDARY_OR_UNRESOLVED,True,0,0,(-0.00042279440960188875+1.2243418254329497e-13j),1.3867413152992207,1.0,True,-1.0,77.31776108202293,1.0,-1.0,1.0,4.547473508864641e-13,0.04999999999980264,-1.0,76.98273922140216,1.0,-1.0,1.0,7.105427357601002e-13,0.04999999999980264,41,41,9.76622089793659e-09,2,0.000980253849249625,0.012902228472128312,UNSTABLE,1,UNSTABLE,True,0,0,(-0.0006298970904121431-2.285730198864355e-13j),2.3045788362374897,1.0,True,1.0,76.27869481627295,1.0,-1.0,-1.0,4.263256414560601e-13,0.012902228520554938,1.0,75.94367295580446,1.0,-1.0,-1.0,6.821210263296962e-13,0.0129022285398165,41,41,1.9419856811528756e-08,1
Kundur,K12B,2+3+4,0.0007856953313522,0.55,0.0,0.0011369316488436,APERIODIC_THROUGH_ORIGIN,,,,160,0.0,0.00098211916419025,-0.04999999999980263,0.013010801549176592,0,0.0007672730511683677,-1.8422280183832333e-05,True,True,True,EVALUABLE_AT_ZERO,True,False,True,True,PORT_EVALUABLE_AT_ZERO,0.0,-0.04999999999980263,STABLE,0,BOUNDARY_OR_UNRESOLVED,True,0,0,(-0.00036357739841215783-1.146384910963175e-13j),1.0592319015468874,1.0,True,-1.0,77.31776108240769,1.0,-1.0,1.0,3.126388037344441e-13,0.04999999999980263,-1.0,76.98273922175994,1.0,-1.0,1.0,3.694822225952521e-13,0.04999999999980263,41,41,4.065655077803109e-09,2,0.00098211916419025,0.013010801549176592,UNSTABLE,1,UNSTABLE,True,0,0,(0.0011740979187453008-2.1246451151972056e-13j),1.702941194624978,1.0,True,1.0,76.28784667658967,1.0,-1.0,-1.0,7.105427357601002e-14,0.013010801528208224,1.0,75.95282481491164,1.0,-1.0,-1.0,7.105427357601002e-14,0.013010801519837549,41,41,2.521756334756013e-08,2
Kundur,K12B,2+3+4,0.0007816935243964,0.575,0.0,0.001069555893069,APERIODIC_THROUGH_ORIGIN,,,,161,0.0,0.0009771169054954999,-0.04999999999980263,0.012709596421218241,0,0.0007672730507735613,-1.4420473622838662e-05,True,False,True,NOT_EVALUABLE_AT_ZERO,True,False,True,True,PORT_EVALUABLE_AT_ZERO,0.0,-0.04999999999980263,STABLE,0,BOUNDARY_OR_UNRESOLVED,True,0,0,(5.929648795189345e-05-3.590679531175654e-14j),0.8389117581853219,1.0,True,-1.0,77.31776108031357,1.0,-1.0,1.0,2.1316282072803006e-13,0.04999999999980263,-1.0,76.98273921889945,1.0,-1.0,1.0,4.405364961712621e-13,0.04999999999980263,41,41,3.1511433486910013e-08,1,0.0009771169054954999,0.012709596421218241,UNSTABLE,1,UNSTABLE,True,0,0,(0.0003013736015142314+3.8523520007907384e-14j),0.19932654339030487,1.0,True,1.0,76.26313001163297,1.0,-1.0,-1.0,1.5631940186722204e-13,0.012709596478171816,1.0,75.92810815268108,1.0,-1.0,-1.0,1.1368683772161603e-13,0.01270959650088795,41,41,2.5537019997934164e-09,1
Kundur,K12B,2+3+4,0.0007835769558894,0.6,0.0,0.0011563300286435,APERIODIC_THROUGH_ORIGIN,,,,162,0.0,0.00097947119486175,-0.04999999999980263,0.012847378956051673,0,0.000767273051327292,-1.6303904562108007e-05,False,True,False,NOT_EVALUABLE_AT_ZERO,True,False,True,True,PORT_EVALUABLE_AT_ZERO,0.0,-0.04999999999980263,STABLE,0,BOUNDARY_OR_UNRESOLVED,True,0,2,(-0.00014754000198988519-4.6927717025751483e-14j),17.813160516424972,1.0,False,-1.0,77.31776107594587,1.0,-1.0,1.0,2.8421709430404007e-13,0.04999999999980263,-1.0,76.9827392129959,1.0,-1.0,1.0,1.7053025658242404e-13,0.04999999999980263,41,41,1.131880040279446e-08,1,0.00097947119486175,0.012847378956051673,UNSTABLE,1,UNSTABLE,True,0,2,(5.204476059940879e-05-2.338103698654593e-13j),33.01142290833291,1.0,False,1.0,76.27483204929555,1.0,-1.0,-1.0,1.2789769243681803e-13,0.012847378942005067,1.0,75.93981018714852,1.0,-1.0,-1.0,4.547473508864641e-13,0.012847378936446023,41,41,5.638635744071078e-09,2
Kundur,K12B,2+3+4,0.0007825701969623,0.625,0.0,0.0011193969064698,APERIODIC_THROUGH_ORIGIN,,,,163,0.0,0.000978212746202875,-0.04999999999980263,0.012769619301354512,0,0.0007672730513848543,-1.529714557744566e-05,False,True,False,NOT_EVALUABLE_AT_ZERO,True,False,True,True,PORT_EVALUABLE_AT_ZERO,0.0,-0.04999999999980263,STABLE,0,BOUNDARY_OR_UNRESOLVED,True,2,0,(2.6343707857838878e-05+1.6946628939177373e-13j),6.596686099435466,1.0,False,-1.0,77.31776108627436,1.0,-1.0,1.0,7.105427357601002e-14,0.04999999999980263,-1.0,76.98273922733001,1.0,-1.0,1.0,4.263256414560601e-13,0.04999999999980263,41,41,5.737015822885956e-09,0,0.000978212746202875,0.012769619301354512,UNSTABLE,1,UNSTABLE,True,0,0,(-6.913907267892435e-05-3.813402658460528e-14j),1.7578165399124848,1.0,True,1.0,76.2685924126682,1.0,-1.0,-1.0,2.7000623958883807e-13,0.012769619320642349,1.0,75.93357055085772,1.0,-1.0,-1.0,9.947598300641403e-14,0.012769619328387502,41,41,1.3576610929123812e-08,2
Kundur,K12B,2+3+4,0.0007827674014131,0.65,0.0,0.0011790579554647,APERIODIC_THROUGH_ORIGIN,,,,164,0.0,0.000978459251766375,-0.04999999999980263,0.012781631614359985,0,0.000767273051562638,-1.549434985046198e-05,True,False,True,NOT_EVALUABLE_AT_ZERO,True,False,True,True,PORT_EVALUABLE_AT_ZERO,0.0,-0.04999999999980263,STABLE,0,BOUNDARY_OR_UNRESOLVED,True,0,0,(0.0001787481853807271+9.445985194724526e-14j),0.29996557834222815,1.0,True,-1.0,77.3177610767236,1.0,-1.0,1.0,1.1368683772161603e-13,0.04999999999980263,-1.0,76.9827392140616,1.0,-1.0,1.0,5.684341886080802e-14,0.04999999999980263,41,41,3.1687587076170308e-09,1,0.000978459251766375,0.012781631614359985,UNSTABLE,1,UNSTABLE,True,0,0,(5.184722600601473e-05+3.381994690980381e-14j),0.002825954745781408,1.0,True,1.0,76.26981743502974,1.0,-1.0,-1.0,2.2737367544323206e-13,0.012781631677739366,1.0,75.9347955745971,1.0,-1.0,-1.0,2.7000623958883807e-13,0.01278163170291131,41,41,1.6893156531166435e-08,1
Kundur,K12B,2+3+4,0.0007806495925049,0.675,0.0,0.0011038343435103,APERIODIC_THROUGH_ORIGIN,,,,165,0.0,0.0009758119906311249,-0.04999999999980263,0.012621108863190907,0,0.0007672730516436951,-1.3376540861204838e-05,False,True,False,NOT_EVALUABLE_AT_ZERO,True,False,True,True,PORT_EVALUABLE_AT_ZERO,0.0,-0.04999999999980263,STABLE,0,BOUNDARY_OR_UNRESOLVED,True,0,2,(-0.00014745327640057045+4.132523638474819e-13j),13.86293250710563,1.0,False,-1.0,77.31776107930536,1.0,-1.0,1.0,6.536993168992922e-13,0.04999999999980263,-1.0,76.98273921770048,1.0,-1.0,1.0,2.1316282072803006e-13,0.04999999999980263,41,41,2.03895521342192e-09,1,0.0009758119906311249,0.012621108863190907,UNSTABLE,1,UNSTABLE,True,0,2,(5.0906937394232776e-05+1.0035896809770795e-12j),96.05747877092799,1.0,False,1.0,76.25658978640277,1.0,-1.0,-1.0,2.7000623958883807e-13,0.01262110873396144,1.0,75.9215679217722,1.0,-1.0,-1.0,1.2789769243681803e-13,0.012621108682577053,41,41,4.49384723330093e-08,2
Kundur,K12B,2+3+4,0.0007829745741198,0.7,0.0,0.0011144218528076,APERIODIC_THROUGH_ORIGIN,,,,166,0.0,0.00097871821764975,-0.04999999999980263,0.012791688524738203,0,0.0007672730512470483,-1.5701522872751624e-05,True,True,True,EVALUABLE_AT_ZERO,True,False,True,True,PORT_EVALUABLE_AT_ZERO,0.0,-0.04999999999980263,STABLE,0,BOUNDARY_OR_UNRESOLVED,True,0,0,(0.0003467715678670213-2.5136854589876334e-13j),2.9939418471111914,1.0,True,-1.0,77.31776108092019,1.0,-1.0,1.0,1.7053025658242404e-13,0.04999999999980263,-1.0,76.98273921971807,1.0,-1.0,1.0,2.1316282072803006e-13,0.04999999999980263,41,41,4.454218245964251e-09,1,0.00097871821764975,0.012791688524738203,UNSTABLE,1,UNSTABLE,True,0,0,(-0.0008116879631296203-1.6020494528418486e-13j),2.2347862544540864,1.0,True,1.0,76.27110289428103,1.0,-1.0,-1.0,3.410605131648481e-13,0.012791688465849547,1.0,75.93608103112346,1.0,-1.0,-1.0,1.4210854715202004e-14,0.012791688442405845,41,41,7.225116858728016e-08,2
Kundur,K12B,2+3+4,0.0007818898984179,0.725,0.0,0.0010798477987585,APERIODIC_THROUGH_ORIGIN,,,,167,0.0,0.000977362373022375,-0.04999999999980263,0.01270821344819418,0,0.0007672730515725847,-1.4616846845315291e-05,False,True,False,NOT_EVALUABLE_AT_ZERO,True,False,True,True,PORT_EVALUABLE_AT_ZERO,0.0,-0.04999999999980263,STABLE,0,BOUNDARY_OR_UNRESOLVED,True,0,2,(-0.00016131839032347848-8.801757608346839e-13j),50.56246492029014,1.0,False,-1.0,77.31776108194596,1.0,-1.0,1.0,5.684341886080802e-14,0.04999999999980263,-1.0,76.98273922110893,1.0,-1.0,1.0,7.673861546209082e-13,0.04999999999980263,41,41,4.139132440235747e-09,2,0.000977362373022375,0.01270821344819418,UNSTABLE,1,UNSTABLE,True,0,2,(5.048964255606745e-05-1.2310753138471478e-13j),10.55869971679511,1.0,False,1.0,76.26435595367549,1.0,-1.0,-1.0,1.2789769243681803e-13,0.01270821351231094,1.0,75.92933409544953,1.0,-1.0,-1.0,6.110667527536862e-13,0.01270821353780654,41,41,5.016896436681383e-09,1
Kundur,K12B,2+3+4,0.0007830157913526,0.75,0.0,0.001175011815185,APERIODIC_THROUGH_ORIGIN,,,,168,0.0,0.0009787697391907498,-0.04999999999980263,0.01278937898761655,0,0.0007672730514833851,-1.5742739869214844e-05,True,False,True,NOT_EVALUABLE_AT_ZERO,True,False,True,True,PORT_EVALUABLE_AT_ZERO,0.0,-0.04999999999980263,STABLE,0,BOUNDARY_OR_UNRESOLVED,True,0,0,(0.0008965364316498431+3.709099881074075e-13j),2.099648754802293,1.0,True,-1.0,77.31776107854114,1.0,-1.0,1.0,4.263256414560601e-14,0.04999999999980263,-1.0,76.98273921641179,1.0,-1.0,1.0,2.842170943040401e-14,0.04999999999980263,41,41,4.016516377927963e-09,1,0.0009787697391907498,0.01278937898761655,UNSTABLE,1,UNSTABLE,True,0,0,(0.0019475437723152581+7.388876091377929e-13j),1.7552688251579247,1.0,True,1.0,76.27135847142665,1.0,-1.0,-1.0,3.126388037344441e-13,0.012789378966879721,1.0,75.93633661130262,1.0,-1.0,-1.0,6.110667527536862e-13,0.012789378958606457,41,41,1.4025298436611236e-08,3
Kundur,K12B,2+3+4,0.0007812272026462,0.775,0.0,0.0010023478544587,APERIODIC_THROUGH_ORIGIN,,,,169,0.0,0.00097653400330775,-0.04999999999980263,0.012653541694955542,0,0.0007672730513895174,-1.3954151256682576e-05,False,True,True,NOT_EVALUABLE_AT_ZERO,True,False,True,True,PORT_EVALUABLE_AT_ZERO,0.0,-0.04999999999980263,STABLE,0,BOUNDARY_OR_UNRESOLVED,True,2,0,(-6.527313057969596e-05+2.758935369734442e-13j),1.09865203821826,1.0,True,-1.0,77.31776107760966,1.0,-1.0,1.0,2.1316282072803006e-13,0.04999999999980263,-1.0,76.9827392151097,1.0,-1.0,1.0,4.263256414560601e-14,0.04999999999980263,41,41,2.527216178840018e-09,1,0.00097653400330775,0.012653541694955542,UNSTABLE,1,UNSTABLE,True,0,0,(0.00048809356947497585-5.413453889640795e-13j),0.7788692652723472,1.0,True,1.0,76.26021332134233,1.0,-1.0,-1.0,0.0,0.012653541581402885,1.0,75.925191458125,1.0,-1.0,-1.0,1.2789769243681803e-13,0.01265354153623134,41,41,5.288822535197174e-08,2
Kundur,K12B,2+3+4,0.0007823271178899,0.8,0.0,0.0010241059588047,APERIODIC_THROUGH_ORIGIN,,,,170,0.0,0.000977908897362375,-0.04999999999980263,0.012732755527749934,0,0.0007672730519123325,-1.5054065977567507e-05,True,True,True,EVALUABLE_AT_ZERO,True,False,True,True,PORT_EVALUABLE_AT_ZERO,0.0,-0.04999999999980263,STABLE,0,BOUNDARY_OR_UNRESOLVED,True,0,0,(-0.0007679133094799234-2.9909864797102596e-13j),0.6899669615768259,1.0,True,-1.0,77.3177610789508,1.0,-1.0,1.0,3.836930773104541e-13,0.04999999999980263,-1.0,76.98273921704609,1.0,-1.0,1.0,2.8421709430404007e-13,0.04999999999980263,41,41,6.9760534606567006e-09,1,0.000977908897362375,0.012732755527749934,UNSTABLE,1,UNSTABLE,True,0,0,(0.0006239033140338598+5.504724799377153e-13j),0.7834727490985253,1.0,True,1.0,76.26708055076243,1.0,-1.0,-1.0,5.826450433232822e-13,0.012732755570574879,1.0,75.93205869161966,1.0,-1.0,-1.0,1.7053025658242404e-13,0.012732755587603754,41,41,2.081669649506064e-09,1
Kundur,K12B,2+3+4,0.0007842664124392,0.825,0.0,0.0011998910063784,APERIODIC_THROUGH_ORIGIN,,,,171,0.0,0.000980333015549,-0.04999999999980264,0.012874346953350175,0,0.0007672730510767515,-1.6993361362448514e-05,True,True,True,EVALUABLE_AT_ZERO,True,False,True,True,PORT_EVALUABLE_AT_ZERO,0.0,-0.04999999999980264,STABLE,0,BOUNDARY_OR_UNRESOLVED,True,0,0,(-0.0009051681754625472+7.888330529858261e-14j),0.8993270021009574,1.0,True,-1.0,77.31776108258791,1.0,-1.0,1.0,5.542233338928781e-13,0.04999999999980264,-1.0,76.98273922209204,1.0,-1.0,1.0,0.0,0.04999999999980264,41,41,4.629306134939066e-09,0,0.000980333015549,0.012874346953350175,UNSTABLE,1,UNSTABLE,True,0,0,(0.0008557527192378445-3.336079149542548e-13j),1.0091049197122905,1.0,True,1.0,76.27908478601277,1.0,-1.0,-1.0,1.5631940186722204e-13,0.01287434705075667,1.0,75.94406292773331,1.0,-1.0,-1.0,2.1316282072803006e-13,0.012874347089447596,41,41,1.7960991599203387e-08,1
Kundur,K12B,2+3+4,0.0007818689948827,0.8500000000000001,0.0,0.001026314424001,APERIODIC_THROUGH_ORIGIN,,,,172,0.0,0.000977336243603375,-0.04999999999980263,0.012693335803825765,0,0.0007672730516441567,-1.459594323854332e-05,True,False,True,NOT_EVALUABLE_AT_ZERO,True,False,True,True,PORT_EVALUABLE_AT_ZERO,0.0,-0.04999999999980263,STABLE,0,BOUNDARY_OR_UNRESOLVED,True,0,0,(6.740347008392725e-05+1.193681707534388e-13j),1.3826990192939907,1.0,True,-1.0,77.31776107531594,1.0,-1.0,1.0,1.7053025658242404e-13,0.04999999999980263,-1.0,76.98273921206652,1.0,-1.0,1.0,7.105427357601002e-14,0.04999999999980263,41,41,1.281094461741926e-10,1,0.000977336243603375,0.012693335803825765,UNSTABLE,1,UNSTABLE,True,0,0,(5.445201928636047e-05-3.4438517348418946e-14j),0.026065265486529998,1.0,True,1.0,76.26422549932866,1.0,-1.0,-1.0,4.263256414560601e-14,0.012693335618377525,1.0,75.92920363231453,1.0,-1.0,-1.0,1.1368683772161603e-13,0.012693335544646783,41,41,1.2154212531768124e-08,2
Kundur,K12B,2+3+4,0.0007844371828509,0.875,0.0,0.0011083136338889,APERIODIC_THROUGH_ORIGIN,,,,173,0.0,0.000980546478563625,-0.04999999999980263,0.012881627045924078,0,0.0007672730516543969,-1.7164131196503165e-05,True,True,False,NOT_EVALUABLE_AT_ZERO,True,False,True,True,PORT_EVALUABLE_AT_ZERO,0.0,-0.04999999999980263,STABLE,0,BOUNDARY_OR_UNRESOLVED,True,0,0,(-0.0005916791108768955+1.3559403708347795e-13j),3.4168445665028697,1.0,False,-1.0,77.31776107828482,1.0,-1.0,1.0,8.526512829121202e-14,0.04999999999980263,-1.0,76.98273921626145,1.0,-1.0,1.0,4.405364961712621e-13,0.04999999999980263,41,41,1.5302025069957852e-10,1,0.000980546478563625,0.012881627045924078,UNSTABLE,1,UNSTABLE,True,0,0,(0.0017844155707070059+1.6384633314816752e-12j),4.416962871420654,1.0,False,1.0,76.28013561061462,1.0,-1.0,-1.0,1.9895196601282805e-13,0.012881627185063478,1.0,75.945113753203,1.0,-1.0,-1.0,1.7053025658242404e-13,0.012881627240367054,41,41,1.0097444906687154e-08,1
Kundur,K12B,2+3+4,0.0007833828519667,0.9,0.0,0.001019675383981,APERIODIC_THROUGH_ORIGIN,,,,174,0.0,0.000979228564958375,-0.04999999999980263,0.012800557601513187,0,0.0007672730512636102,-1.6109800703089814e-05,True,False,True,NOT_EVALUABLE_AT_ZERO,True,False,True,True,PORT_EVALUABLE_AT_ZERO,0.0,-0.04999999999980263,STABLE,0,BOUNDARY_OR_UNRESOLVED,True,0,0,(0.00022737371522520134+1.390622481084824e-13j),1.2725161033495718,1.0,True,-1.0,77.3177610758448,1.0,-1.0,1.0,5.684341886080801e-13,0.04999999999980263,-1.0,76.98273921283274,1.0,-1.0,1.0,2.984279490192421e-13,0.04999999999980263,41,41,4.966624888322422e-11,1,0.000979228564958375,0.012800557601513187,UNSTABLE,1,UNSTABLE,True,0,0,(0.00015849076529540637+1.530036851483271e-13j),0.5184206280513529,1.0,True,1.0,76.27363178966395,1.0,-1.0,-1.0,2.8421709430404007e-13,0.012800557463039122,1.0,75.93860992509659,1.0,-1.0,-1.0,5.684341886080802e-14,0.012800557407989103,41,41,3.796573183877669e-08,2
Kundur,K12B,2+3+4,0.0007846256041537,0.925,0.0,0.0010605017707647,APERIODIC_THROUGH_ORIGIN,,,,175,0.0,0.000980782005192125,-0.04999999999980263,0.012890210344098553,0,0.0007672730513278157,-1.7352552825884346e-05,True,False,True,NOT_EVALUABLE_AT_ZERO,True,False,True,True,PORT_EVALUABLE_AT_ZERO,0.0,-0.04999999999980263,STABLE,0,BOUNDARY_OR_UNRESOLVED,True,0,0,(0.0010404773344472617+7.996328374127663e-13j),1.5109288812153003,1.0,True,-1.0,77.31776108578559,1.0,-1.0,1.0,2.5579538487363607e-13,0.04999999999980263,-1.0,76.98273922667795,1.0,-1.0,1.0,4.689582056016661e-13,0.04999999999980263,41,41,1.0071971086144033e-09,2,0.000980782005192125,0.012890210344098553,UNSTABLE,1,UNSTABLE,True,0,0,(0.0011595598144197796+6.749785251870268e-13j),1.2633663564203108,1.0,True,1.0,76.28129386650811,1.0,-1.0,-1.0,1.2789769243681803e-13,0.012890210471877328,1.0,75.94627200679628,1.0,-1.0,-1.0,1.1368683772161603e-13,0.01289021052266341,41,41,9.96141931010616e-09,1
Kundur,K12B,2+3+4,0.0007832919463463,0.95,0.0,0.0010172738108352,APERIODIC_THROUGH_ORIGIN,,,,176,0.0,0.000979114932932875,-0.04999999999980263,0.012788432352677763,0,0.0007672730516890315,-1.6018894657268538e-05,False,False,True,NOT_EVALUABLE_AT_ZERO,True,False,True,True,PORT_EVALUABLE_AT_ZERO,0.0,-0.04999999999980263,STABLE,0,BOUNDARY_OR_UNRESOLVED,True,2,0,(2.0951854205479303e-05-3.2669750946828126e-14j),1.8208139072071614,1.0,True,-1.0,77.31776107952784,1.0,-1.0,1.0,1.7053025658242404e-13,0.04999999999980263,-1.0,76.98273921786023,1.0,-1.0,1.0,1.2789769243681803e-13,0.04999999999980263,41,41,3.4153451926871993e-09,1,0.000979114932932875,0.012788432352677763,UNSTABLE,1,UNSTABLE,True,0,0,(0.00038856844398034516+7.092611841753273e-14j),0.19616714069594438,1.0,True,1.0,76.27306922399616,1.0,-1.0,-1.0,5.968558980384842e-13,0.012788432306271684,1.0,75.93804736357507,1.0,-1.0,-1.0,4.547473508864641e-13,0.0127884322878559,41,41,8.042224583327964e-09,3
Kundur,K12B,2+3+4,0.0007857558300666,0.975,0.0,0.0012019774206013,APERIODIC_THROUGH_ORIGIN,,,,177,0.0,0.00098219478758325,-0.04999999999980263,0.012968709592271935,0,0.0007672730515483994,-1.8482778518200647e-05,False,True,False,NOT_EVALUABLE_AT_ZERO,True,False,True,True,PORT_EVALUABLE_AT_ZERO,0.0,-0.04999999999980263,STABLE,0,BOUNDARY_OR_UNRESOLVED,True,0,2,(-0.0001606925871980052+1.8407944033004345e-12j),43.34944582189382,1.0,False,-1.0,77.31776108256985,1.0,-1.0,1.0,2.2737367544323206e-13,0.04999999999980263,-1.0,76.98273922205843,1.0,-1.0,1.0,4.973799150320701e-13,0.04999999999980263,41,41,2.6599169422143795e-09,0,0.00098219478758325,0.012968709592271935,UNSTABLE,1,UNSTABLE,True,0,2,(4.251988675323373e-05+1.47167691309227e-12j),126.63482486082066,1.0,False,1.0,76.28821612285564,1.0,-1.0,-1.0,2.4158453015843406e-13,0.012968709748456802,1.0,75.95319426595022,1.0,-1.0,-1.0,2.7000623958883807e-13,0.012968709810521159,41,41,3.2919548008202557e-09,1
Kundur,K12B,2+3+4,0.0007806437375903,1.0,0.0,0.0010351767335419,APERIODIC_THROUGH_ORIGIN,,,,178,0.0,0.0009758046719878749,-0.04999999999980263,0.01258638333796532,0,0.0007672730512080114,-1.3370686382288533e-05,True,False,True,NOT_EVALUABLE_AT_ZERO,True,False,True,True,PORT_EVALUABLE_AT_ZERO,0.0,-0.04999999999980263,STABLE,0,BOUNDARY_OR_UNRESOLVED,True,0,0,(0.00035416032533698566-2.408971369813532e-13j),0.810631498145977,1.0,True,-1.0,77.31776108649572,1.0,-1.0,1.0,4.263256414560601e-14,0.04999999999980263,-1.0,76.98273922729877,1.0,-1.0,1.0,4.263256414560601e-14,0.04999999999980263,41,41,7.2876442899664e-10,0,0.0009758046719878749,0.01258638333796532,UNSTABLE,1,UNSTABLE,True,0,0,(0.0007614658687961377-1.3755685160319464e-13j),0.5342158002683836,1.0,True,1.0,76.25655300857791,1.0,-1.0,-1.0,0.0,0.012586383393461763,1.0,75.92153114945914,1.0,-1.0,-1.0,5.400124791776761e-13,0.01258638341555978,41,41,1.629310400717119e-08,1
Kundur,K12B,2+3+4,0.000782840895958,1.025,0.0,0.0011601330069199,APERIODIC_THROUGH_ORIGIN,,,,179,0.0,0.0009785511199475,-0.04999999999980263,0.01274690596184427,0,0.0007672730511906456,-1.5567844767354344e-05,True,False,True,NOT_EVALUABLE_AT_ZERO,True,False,True,True,PORT_EVALUABLE_AT_ZERO,0.0,-0.04999999999980263,STABLE,0,BOUNDARY_OR_UNRESOLVED,True,0,0,(0.0005323708641194572-2.833735230216225e-13j),0.5242255322450359,1.0,True,-1.0,77.31776108217497,1.0,-1.0,1.0,1.4210854715202004e-14,0.04999999999980263,-1.0,76.98273922159362,1.0,-1.0,1.0,3.694822225952521e-13,0.04999999999980263,41,41,3.8765773495927706e-09,2,0.0009785511199475,0.01274690596184427,UNSTABLE,1,UNSTABLE,True,0,0,(0.0005716127479434318-5.6792816371385214e-15j),0.3733618593485852,1.0,True,1.0,76.27027363070701,1.0,-1.0,-1.0,9.947598300641403e-14,0.012746906081199003,1.0,75.93525177306175,1.0,-1.0,-1.0,8.526512829121202e-13,0.012746906128645579,41,41,3.0071172302510912e-09,1
Kundur,K12B,2+3+4,0.0007807074338456,1.05,0.0,0.0010053368375202,APERIODIC_THROUGH_ORIGIN,,,,180,0.0,0.000975884292307,-0.04999999999980263,0.01258585813680467,0,0.0007672730515060788,-1.3434382339521257e-05,False,True,False,NOT_EVALUABLE_AT_ZERO,True,False,True,True,PORT_EVALUABLE_AT_ZERO,0.0,-0.04999999999980263,STABLE,0,BOUNDARY_OR_UNRESOLVED,True,0,2,(-0.0001472408507833798+1.9808486956555873e-12j),17.85745132866745,1.0,False,-1.0,77.3177610814699,1.0,-1.0,1.0,4.263256414560601e-14,0.04999999999980263,-1.0,76.9827392206976,1.0,-1.0,1.0,2.984279490192421e-13,0.04999999999980263,41,41,1.2300209426867935e-08,0,0.000975884292307,0.01258585813680467,UNSTABLE,1,UNSTABLE,True,0,2,(5.0694492313855704e-05-3.185187929518685e-12j),69.50540613600937,1.0,False,1.0,76.25695319170916,1.0,-1.0,-1.0,4.405364961712621e-13,0.012585858141439197,1.0,75.92193133082255,1.0,-1.0,-1.0,5.968558980384842e-13,0.01258585814333673,41,41,1.849825790196588e-08,1
Kundur,K12B,2+3+4,0.0007829203680416,1.0750000000000002,0.0,0.0011751955780364,APERIODIC_THROUGH_ORIGIN,,,,181,0.0,0.000978650460052,-0.04999999999980263,0.012747466301090197,0,0.0007672730510569495,-1.5647316984650477e-05,False,True,False,NOT_EVALUABLE_AT_ZERO,True,False,True,True,PORT_EVALUABLE_AT_ZERO,0.0,-0.04999999999980263,STABLE,0,BOUNDARY_OR_UNRESOLVED,True,0,2,(-0.0001474176638567601-1.0360853173400474e-12j),13.840943442026571,1.0,False,-1.0,77.31776108358771,1.0,-1.0,1.0,4.263256414560601e-14,0.04999999999980263,-1.0,76.98273922329959,1.0,-1.0,1.0,5.258016244624741e-13,0.04999999999980263,41,41,4.741242170284178e-09,2,0.000978650460052,0.012747466301090197,UNSTABLE,1,UNSTABLE,True,0,2,(5.1742305025195335e-05+8.175702902358953e-13j),36.31321211251814,1.0,False,1.0,76.27076672388132,1.0,-1.0,-1.0,9.947598300641403e-14,0.012747466524012348,1.0,75.93574486876548,1.0,-1.0,-1.0,8.668621376273222e-13,0.01274746661260253,41,41,6.296882399934029e-10,1
Kundur,K12B,2+3+4,0.0007822511382659,1.1,0.0,0.001083745205887,APERIODIC_THROUGH_ORIGIN,,,,182,0.0,0.000977813922832375,-0.04999999999980263,0.012695151042149671,0,0.0007672730516281665,-1.4978086637733464e-05,True,False,True,NOT_EVALUABLE_AT_ZERO,True,False,True,True,PORT_EVALUABLE_AT_ZERO,0.0,-0.04999999999980263,STABLE,0,BOUNDARY_OR_UNRESOLVED,True,0,0,(-0.00020375245457739122-2.983069516994507e-14j),0.07366652764248754,1.0,True,-1.0,77.31776107987645,1.0,-1.0,1.0,2.8421709430404007e-13,0.04999999999980263,-1.0,76.98273921846445,1.0,-1.0,1.0,6.252776074688882e-13,0.04999999999980263,41,41,8.432767977287724e-10,1,0.000977813922832375,0.012695151042149671,UNSTABLE,1,UNSTABLE,True,0,0,(-0.00046998869180191844+3.7664590549083346e-15j),0.294437209026791,1.0,True,1.0,76.26660755153274,1.0,-1.0,-1.0,1.9895196601282805e-13,0.012695150940814671,1.0,75.93158568911163,1.0,-1.0,-1.0,8.526512829121202e-13,0.012695150900563092,41,41,1.1482855607591446e-07,2
Kundur,K12B,2+3+4,0.0007833815100861,1.125,0.0,0.0010998442645662,APERIODIC_THROUGH_ORIGIN,,,,183,0.0,0.000979226887607625,-0.04999999999980263,0.012776329883026126,0,0.0007672730513172354,-1.6108458768864615e-05,True,True,True,EVALUABLE_AT_ZERO,True,False,True,True,PORT_EVALUABLE_AT_ZERO,0.0,-0.04999999999980263,STABLE,0,BOUNDARY_OR_UNRESOLVED,True,0,0,(-0.00013980269530386447+1.2142079943771243e-13j),0.011545695654959647,1.0,True,-1.0,77.31776108579152,1.0,-1.0,1.0,3.694822225952521e-13,0.04999999999980263,-1.0,76.98273922655244,1.0,-1.0,1.0,1.4210854715202004e-14,0.04999999999980263,41,41,9.456788982619348e-10,2,0.000979226887607625,0.012776329883026126,UNSTABLE,1,UNSTABLE,True,0,0,(0.00037699718052694144-1.0282409722676401e-13j),0.17686699131232206,1.0,True,1.0,76.27362349276598,1.0,-1.0,-1.0,1.9895196601282805e-13,0.012776329852197,1.0,75.93860163156562,1.0,-1.0,-1.0,1.2789769243681803e-13,0.012776329839934297,41,41,6.501287889655106e-08,2
Kundur,K12B,2+3+4,0.0007833810886626,1.15,0.0,0.0011461835714524,APERIODIC_THROUGH_ORIGIN,,,,184,0.0,0.00097922636082825,-0.04999999999980263,0.01277362480213661,0,0.0007672730512781907,-1.610803738440929e-05,True,False,True,NOT_EVALUABLE_AT_ZERO,True,False,True,True,PORT_EVALUABLE_AT_ZERO,0.0,-0.04999999999980263,STABLE,0,BOUNDARY_OR_UNRESOLVED,True,0,0,(0.0005818037036906523+2.374935727814326e-13j),1.0723916589648597,1.0,True,-1.0,77.3177610747504,1.0,-1.0,1.0,1.9895196601282805e-13,0.04999999999980263,-1.0,76.98273921136284,1.0,-1.0,1.0,2.1316282072803006e-13,0.04999999999980263,41,41,1.2538144336925747e-09,1,0.00097922636082825,0.01277362480213661,UNSTABLE,1,UNSTABLE,True,0,0,(0.00044206205769194764-1.0135472897672014e-15j),0.7545455083693507,1.0,True,1.0,76.2736208978686,1.0,-1.0,-1.0,3.836930773104541e-13,0.012773624962606643,1.0,75.93859904061956,1.0,-1.0,-1.0,2.5579538487363607e-13,0.012773625026436445,41,41,6.626119958565226e-09,1
Kundur,K12B,2+3+4,0.0007831904484838,1.175,0.0,0.00118680746824,APERIODIC_THROUGH_ORIGIN,,,,185,0.0,0.00097898806060475,-0.04999999999980263,0.01275682233198397,0,0.000767273051519188,-1.5917396964612064e-05,False,True,False,NOT_EVALUABLE_AT_ZERO,True,False,True,True,PORT_EVALUABLE_AT_ZERO,0.0,-0.04999999999980263,STABLE,0,BOUNDARY_OR_UNRESOLVED,True,0,2,(-0.00014752240205711094-2.8008274597024962e-12j),14.485328237394196,1.0,False,-1.0,77.3177610770939,1.0,-1.0,1.0,4.263256414560601e-13,0.04999999999980263,-1.0,76.98273921452304,1.0,-1.0,1.0,2.842170943040401e-14,0.04999999999980263,41,41,4.648147022498234e-09,1,0.00097898806060475,0.01275682233198397,UNSTABLE,1,UNSTABLE,True,2,2,(5.183850784507182e-05+7.534846970597179e-14j),2.4903357338410914,1.0,False,1.0,76.27244076204124,1.0,-1.0,-1.0,3.126388037344441e-13,0.0127568223321408,1.0,75.93741890052968,1.0,-1.0,-1.0,8.526512829121202e-14,0.012756822332214366,41,41,2.5049454715896796e-08,2
Kundur,K12B,2+3+4,0.0007831875660404,1.2000000000000002,0.0,0.0011373167467232,APERIODIC_THROUGH_ORIGIN,,,,186,0.0,0.0009789844575505,-0.04999999999980263,0.012753941341853686,0,0.0007672730513353604,-1.591451470503956e-05,False,True,False,NOT_EVALUABLE_AT_ZERO,True,False,True,True,PORT_EVALUABLE_AT_ZERO,0.0,-0.04999999999980263,STABLE,0,BOUNDARY_OR_UNRESOLVED,True,0,2,(-0.0001475562795055207+1.6006097695761253e-12j),18.06478358552444,1.0,False,-1.0,77.31776108576702,1.0,-1.0,1.0,4.121147867408581e-13,0.04999999999980263,-1.0,76.98273922663014,1.0,-1.0,1.0,5.826450433232822e-13,0.04999999999980263,41,41,3.894047126351243e-09,2,0.0009789844575505,0.012753941341853686,UNSTABLE,1,UNSTABLE,True,0,2,(5.196735712193339e-05-2.8260218872065007e-12j),98.2820984303926,1.0,False,1.0,76.27242291568108,1.0,-1.0,-1.0,2.5579538487363607e-13,0.01275394138467264,1.0,75.93740105636552,1.0,-1.0,-1.0,4.831690603168681e-13,0.012753941401666437,41,41,1.1406143170643754e-08,1
Kundur,K12B,2+3+4,0.0007826477505214,1.225,0.0,0.0011202290088976,APERIODIC_THROUGH_ORIGIN,,,,187,0.0,0.0009783096881517501,-0.04999999999980263,0.012711283110309198,0,0.0007672730517826772,-1.537469873872288e-05,False,True,True,NOT_EVALUABLE_AT_ZERO,True,False,True,True,PORT_EVALUABLE_AT_ZERO,0.0,-0.04999999999980263,STABLE,0,BOUNDARY_OR_UNRESOLVED,True,2,0,(-4.1265431849125164e-05+6.451752103107796e-14j),1.3494440055156978,1.0,True,-1.0,77.31776107636253,1.0,-1.0,1.0,2.842170943040401e-14,0.04999999999980263,-1.0,76.98273921357003,1.0,-1.0,1.0,5.684341886080802e-14,0.04999999999980263,41,41,4.056302301832333e-10,1,0.0009783096881517501,0.012711283110309198,UNSTABLE,1,UNSTABLE,True,0,0,(0.000467618959495976+4.7256982978667345e-15j),0.4665984656464665,1.0,True,1.0,76.26907432731541,1.0,-1.0,-1.0,7.247535904753022e-13,0.012711282942240063,1.0,75.93405246241012,1.0,-1.0,-1.0,1.8474111129762605e-13,0.012711282875364391,41,41,2.1706202224199868e-08,2
Kundur,K12B,2+3+4,0.0007855904768479,1.25,0.0,0.0011255692206541,APERIODIC_THROUGH_ORIGIN,,,,188,0.0,0.000981988096059875,-0.04999999999980264,0.012926535198492904,0,0.0007672730511016523,-1.8317425746247726e-05,True,False,True,NOT_EVALUABLE_AT_ZERO,True,False,True,True,PORT_EVALUABLE_AT_ZERO,0.0,-0.04999999999980264,STABLE,0,BOUNDARY_OR_UNRESOLVED,True,0,0,(-0.00012919386677419766-1.6714405978723529e-13j),0.3274651510846618,1.0,True,-1.0,77.31776107555778,1.0,-1.0,1.0,2.984279490192421e-13,0.04999999999980264,-1.0,76.98273921220044,1.0,-1.0,1.0,1.8474111129762605e-13,0.04999999999980264,41,41,4.5179663931603714e-09,1,0.000981988096059875,0.012926535198492904,UNSTABLE,1,UNSTABLE,True,0,0,(-0.0011194862727429578-2.3804147604336405e-13j),2.4083604523158835,1.0,True,1.0,76.28720610381247,1.0,-1.0,-1.0,1.5631940186722204e-13,0.01292653535014412,1.0,75.952184246488,1.0,-1.0,-1.0,4.973799150320701e-13,0.012926535410417012,41,41,5.9891997243412676e-09,1
Kundur,K12B,2+3+4,0.0007847764776346,1.275,0.0,0.001223713183483,APERIODIC_THROUGH_ORIGIN,,,,189,0.0,0.00098097059704325,-0.04999999999980263,0.012863577554335709,0,0.0007672730515474301,-1.7503426087169872e-05,True,False,True,NOT_EVALUABLE_AT_ZERO,True,False,True,True,PORT_EVALUABLE_AT_ZERO,0.0,-0.04999999999980263,STABLE,0,BOUNDARY_OR_UNRESOLVED,True,0,0,(-0.0015815706273011633-1.7399919023241162e-13j),1.1175463855999377,1.0,True,-1.0,77.31776108285325,1.0,-1.0,1.0,2.842170943040401e-14,0.04999999999980263,-1.0,76.98273922234961,1.0,-1.0,1.0,4.263256414560601e-13,0.04999999999980263,41,41,3.160952638625974e-09,0,0.00098097059704325,0.012863577554335709,UNSTABLE,1,UNSTABLE,True,0,0,(-0.0008601865444838148-2.1518093432310384e-13j),1.3070953786432924,1.0,True,1.0,76.28222043910344,1.0,-1.0,-1.0,3.552713678800501e-13,0.012863577640757014,1.0,75.94719858026346,1.0,-1.0,-1.0,0.0,0.012863577675056472,41,41,1.4717821849141115e-08,1
Kundur,K12B,2+3+4,0.0007827633718908,1.3,0.0,0.001107672645823,APERIODIC_THROUGH_ORIGIN,,,,190,0.0,0.0009784542148635,-0.04999999999980263,0.012711884112240092,0,0.0007672730513166993,-1.5490320574100633e-05,True,True,True,EVALUABLE_AT_ZERO,True,False,True,True,PORT_EVALUABLE_AT_ZERO,0.0,-0.04999999999980263,STABLE,0,BOUNDARY_OR_UNRESOLVED,True,0,0,(-0.00030390791002255727-1.8609445882437632e-14j),0.7745462937387603,1.0,True,-1.0,77.31776108009286,1.0,-1.0,1.0,2.842170943040401e-14,0.04999999999980263,-1.0,76.98273921887909,1.0,-1.0,1.0,9.947598300641403e-14,0.04999999999980263,41,41,2.040455247185436e-08,1,0.0009784542148635,0.012711884112240092,UNSTABLE,1,UNSTABLE,True,0,0,(0.0009430972770283801+9.203597424651579e-14j),1.4227876482938102,1.0,True,1.0,76.26979241448556,1.0,-1.0,-1.0,2.8421709430404007e-13,0.012711884061285036,1.0,75.9347705531274,1.0,-1.0,-1.0,4.121147867408581e-13,0.012711884041051861,41,41,4.038235191300887e-08,2
Kundur,K12B,2+3+4,0.0007837997049662,1.3250000000000002,0.0,0.0011495480898885,APERIODIC_THROUGH_ORIGIN,,,,191,0.0,0.00097974963120775,-0.04999999999980264,0.012785923746065046,0,0.0007672730512995102,-1.6526653666689784e-05,True,False,True,NOT_EVALUABLE_AT_ZERO,True,False,True,True,PORT_EVALUABLE_AT_ZERO,0.0,-0.04999999999980264,STABLE,0,BOUNDARY_OR_UNRESOLVED,True,0,0,(0.00037654505448464406-2.7038924157662554e-13j),0.8299337721993219,1.0,True,-1.0,77.31776107930384,1.0,-1.0,1.0,2.2737367544323206e-13,0.04999999999980264,-1.0,76.98273921751738,1.0,-1.0,1.0,1.5631940186722204e-13,0.04999999999980264,41,41,2.3499768375083842e-08,1,0.00097974963120775,0.012785923746065046,UNSTABLE,1,UNSTABLE,True,0,0,(0.0010375235361339903-3.0109197129401377e-13j),0.5663759463430365,1.0,True,1.0,76.27620780850187,1.0,-1.0,-1.0,4.405364961712621e-13,0.012785923626317482,1.0,75.94118594360364,1.0,-1.0,-1.0,3.126388037344441e-13,0.012785923578661809,41,41,2.937546631355363e-08,2
Kundur,K12B,2+3+4,0.0007843703713216,1.35,0.0,0.0010597295635274,APERIODIC_THROUGH_ORIGIN,,,,192,0.0,0.000980462964152,-0.04999999999980263,0.012825466688062278,0,0.0007672730513924168,-1.7097319929183286e-05,True,True,True,EVALUABLE_AT_ZERO,True,False,True,True,PORT_EVALUABLE_AT_ZERO,0.0,-0.04999999999980263,STABLE,0,BOUNDARY_OR_UNRESOLVED,True,0,0,(0.0017381062891294848-9.981939591303252e-13j),3.1055268326571532,1.0,True,-1.0,77.31776107792511,1.0,-1.0,1.0,2.1316282072803006e-13,0.04999999999980263,-1.0,76.98273921549212,1.0,-1.0,1.0,1.4210854715202004e-14,0.04999999999980263,41,41,4.776734939207104e-09,1,0.000980462964152,0.012825466688062278,UNSTABLE,1,UNSTABLE,True,0,0,(-0.001346356141358054+8.486443156281026e-13j),2.9730737727005523,1.0,True,1.0,76.27972459118406,1.0,-1.0,-1.0,1.4210854715202004e-14,0.012825466550683695,1.0,75.94470272621697,1.0,-1.0,-1.0,4.263256414560601e-13,0.01282546649607907,41,41,9.710382712431638e-09,2
Kundur,K12B,2+3+4,0.0007807068688432,1.375,0.0,0.001055013163717,APERIODIC_THROUGH_ORIGIN,,,,193,0.0,0.000975883586054,-0.04999999999980263,0.012551777471483198,0,0.0007672730517399663,-1.3433817103233685e-05,True,False,True,NOT_EVALUABLE_AT_ZERO,True,False,True,True,PORT_EVALUABLE_AT_ZERO,0.0,-0.04999999999980263,STABLE,0,BOUNDARY_OR_UNRESOLVED,True,0,0,(-0.0003587385931799598+4.300622028949083e-14j),0.2183275212512474,1.0,True,-1.0,77.31776108297693,1.0,-1.0,1.0,4.831690603168681e-13,0.04999999999980263,-1.0,76.9827392226174,1.0,-1.0,1.0,2.4158453015843406e-13,0.04999999999980263,41,41,3.230491442074631e-09,0,0.000975883586054,0.012551777471483198,UNSTABLE,1,UNSTABLE,True,0,0,(-7.578255511802329e-05+2.0287080714198038e-14j),0.6223370667008228,1.0,True,1.0,76.25694963862964,1.0,-1.0,-1.0,9.947598300641403e-14,0.01255177742632657,1.0,75.92192777644976,1.0,-1.0,-1.0,6.394884621840902e-13,0.012551777408396582,41,41,2.723122522321818e-08,2
